null,obs,null_mean,null_lo,null_hi,ratio,excess,z,p_upper,p_lower,dimension,group,n_eligible,n_incumbent,excess_contracts
N1,,,,,,,,,,renewal,not eligible,0,0,
N1,0.7200229489386116,0.09190763052208833,0.08089500860585198,0.1038439472174412,7.834202066231782,0.6281153184165233,107.12119838697207,0.000999000999000999,1.0,renewal,renewal,1743,1255,1094.8050000000003
N1,0.30504731861198736,0.0448205047318612,0.038801261829652996,0.05141955835962145,6.805976872347463,0.26022681388012614,80.7492396539339,0.000999000999000999,1.0,renewal,new need,3170,967,824.9189999999999
N1,,,,,,,,,,renewal_t040,not eligible,0,0,
N1,0.7087587318645889,0.09029930145083288,0.08005104782375067,0.1015583019881784,7.8489946265033,0.6184594304137561,110.15646583151171,0.000999000999000999,1.0,renewal_t040,renewal,1861,1319,1150.953
N1,0.2958715596330275,0.043980668414154656,0.03768020969855832,0.05045871559633028,6.727309299778736,0.25189089121887287,76.89690061467371,0.000999000999000999,1.0,renewal_t040,new need,3052,903,768.771
N1,,,,,,,,,,renewal_t067,not eligible,0,0,
N1,0.7443298969072165,0.09719037800687286,0.0852233676975945,0.10996563573883161,7.658473114021441,0.6471395189003437,100.48211392112736,0.000999000999000999,1.0,renewal_t067,renewal,1455,1083,941.5880000000001
N1,0.32938114517061884,0.046519375361480625,0.040767784846732213,0.05292076344707924,7.080515217823751,0.28286176980913824,90.68568582303875,0.000999000999000999,1.0,renewal_t067,new need,3458,1139,978.1360000000001
N1,,,,,,,,,,renewal_0_18m,not eligible,0,0,
N1,0.694811320754717,0.08851226415094339,0.07924528301886792,0.09906839622641508,7.849887554224444,0.6062990566037736,118.31504362376313,0.000999000999000999,1.0,renewal_0_18m,renewal,2120,1473,1285.354
N1,0.2681704260651629,0.04104189044038668,0.0347296813462227,0.04762799856784818,6.534066125796039,0.2271285356247762,67.7733686881773,0.000999000999000999,1.0,renewal_0_18m,new need,2793,749,634.3699999999999
N1,,,,,,,,,,renewal_0_24m,not eligible,0,0,
N1,0.6836823734729494,0.08672076788830715,0.07766143106457242,0.09729493891797557,7.88372139824113,0.5969616055846422,122.70575863376655,0.000999000999000999,1.0,renewal_0_24m,renewal,2292,1567,1368.2359999999999
N1,0.24990461655856544,0.03949332315909958,0.03281190385349103,0.04617512399847386,6.327768761109824,0.21041129339946585,62.38935586813041,0.000999000999000999,1.0,renewal_0_24m,new need,2621,655,551.4879999999999
N1,,,,,,,,,,renewal4,not eligible,0,0,
N1,0.7200229489386116,0.09190763052208833,0.08089500860585198,0.1038439472174412,7.834202066231782,0.6281153184165233,107.12119838697207,0.000999000999000999,1.0,renewal4,A renewal (similar title 6-18 m earlier),1743,1255,1094.8050000000003
N1,0.1884742560226736,0.03421114785073217,0.0269248937175248,0.04156825696740671,5.509147393855713,0.15426310817194142,41.274183914539165,0.000999000999000999,1.0,renewal4,D no similar-title prior,2117,399,326.575
N1,0.5177514792899408,0.06243343195266273,0.04585798816568047,0.07988165680473373,8.292856296647315,0.4553180473372781,53.274095238723014,0.000999000999000999,1.0,renewal4,C similar title only > 18 m earlier,676,350,307.795
N1,0.5782493368700266,0.07281432360742707,0.05033156498673741,0.09814323607427056,7.941422898983642,0.5054350132625995,39.48162038202583,0.000999000999000999,1.0,renewal4,B similar title only < 6 m earlier,377,218,190.54900000000004
N1,,,,,,,,,,market_x_renewal,custom_software_web_mobile / not eligible,0,0,
N1,0.8689788053949904,0.20906743737957612,0.1791907514450867,0.23699421965317918,4.156452177759755,0.6599113680154143,44.13487774812134,0.000999000999000999,1.0,market_x_renewal,health_information_systems / renewal,519,451,342.494
N1,,,,,,,,,,market_x_renewal,smart_city_traffic_OT / not eligible,0,0,
N1,,,,,,,,,,market_x_renewal,health_information_systems / not eligible,0,0,
N1,,,,,,,,,,market_x_renewal,GIS_city_information / not eligible,0,0,
N1,0.5933609958506224,0.04826970954356847,0.024896265560165973,0.07468879668049792,12.292615834264591,0.545091286307054,41.84815962039746,0.000999000999000999,1.0,market_x_renewal,software_licences / renewal,241,143,131.367
N1,,,,,,,,,,market_x_renewal,cybersecurity / not eligible,0,0,
N1,0.23345588235294118,0.023705882352941177,0.012867647058823529,0.03676470588235294,9.848014888337469,0.20975,34.134187655500355,0.000999000999000999,1.0,market_x_renewal,ERP_management_software / new need,544,127,114.104
N1,,,,,,,,,,market_x_renewal,ERP_management_software / not eligible,0,0,
N1,,,,,,,,,,market_x_renewal,maintenance_support_services / not eligible,0,0,
N1,,,,,,,,,,market_x_renewal,call_centre_helpdesk / not eligible,0,0,
N1,,,,,,,,,,market_x_renewal,computers_peripherals / not eligible,0,0,
N1,,,,,,,,,,market_x_renewal,physical_security_surveillance / not eligible,0,0,
N1,,,,,,,,,,market_x_renewal,software_licences / not eligible,0,0,
N1,0.23076923076923078,0.05576923076923077,0.0,0.15384615384615385,4.137931034482759,0.17500000000000002,2.951885602041787,0.02197802197802198,0.998001998001998,market_x_renewal,call_centre_helpdesk / new need,13,3,2.2750000000000004
N1,0.8208955223880597,0.03426865671641791,0.009950248756218905,0.05970149253731343,23.954703832752614,0.7866268656716419,60.41896859702344,0.000999000999000999,1.0,market_x_renewal,ERP_management_software / renewal,201,165,158.11200000000002
N1,0.28415300546448086,0.020846994535519126,0.00546448087431694,0.04371584699453552,13.63040629095675,0.2633060109289617,25.91103275478293,0.000999000999000999,1.0,market_x_renewal,maintenance_support_services / new need,183,52,48.184999999999995
N1,,,,,,,,,,market_x_renewal,education_technology / not eligible,0,0,
N1,,,,,,,,,,market_x_renewal,network_datacentre_infrastructure / not eligible,0,0,
N1,0.13447432762836187,0.005735941320293398,0.0,0.014669926650366748,23.444160272804776,0.12873838630806847,34.669382868282106,0.000999000999000999,1.0,market_x_renewal,custom_software_web_mobile / new need,409,55,52.654
N1,0.1569767441860465,0.07113372093023256,0.040697674418604654,0.10465116279069768,2.206783816918676,0.08584302325581396,4.81243726087569,0.000999000999000999,1.0,market_x_renewal,GIS_city_information / new need,172,27,14.765
N1,0.7760416666666666,0.03599479166666667,0.015625,0.0625,21.559832151642304,0.740046875,60.244848486424814,0.000999000999000999,1.0,market_x_renewal,maintenance_support_services / renewal,192,149,142.089
N1,0.16066481994459833,0.033650969529085875,0.01662049861495845,0.05263157894736842,4.774448468883766,0.12701385041551244,14.314528956052369,0.000999000999000999,1.0,market_x_renewal,software_licences / new need,361,58,45.85199999999999
N1,0.607094133697135,0.11014461118690314,0.09004092769440655,0.1296043656207367,5.511791518034086,0.49694952251023194,47.78062912173673,0.000999000999000999,1.0,market_x_renewal,health_information_systems / new need,733,445,364.264
N1,0.2782608695652174,0.0417304347826087,0.008695652173913044,0.0782608695652174,6.668055844967702,0.2365304347826087,13.783495828595733,0.000999000999000999,1.0,market_x_renewal,cybersecurity / new need,115,32,27.201
N1,0.8275862068965517,0.13486206896551725,0.05172413793103448,0.22413793103448276,6.136537969828688,0.6927241379310345,16.688600782795916,0.000999000999000999,1.0,market_x_renewal,GIS_city_information / renewal,58,48,40.178
N1,0.6696428571428571,0.03490178571428571,0.008928571428571428,0.07142857142857142,19.18649270913277,0.6347410714285714,37.11735558526301,0.000999000999000999,1.0,market_x_renewal,network_datacentre_infrastructure / renewal,112,75,71.091
N1,0.2361111111111111,0.01598611111111111,0.0,0.032523148148148044,14.76976542137272,0.220125,26.3376853580738,0.000999000999000999,1.0,market_x_renewal,network_datacentre_infrastructure / new need,216,51,47.547
N1,0.6956521739130435,0.07865217391304347,0.0,0.15217391304347827,8.844665561083472,0.617,15.749988093809755,0.000999000999000999,1.0,market_x_renewal,cybersecurity / renewal,46,32,28.381999999999998
N1,0.5443037974683544,0.010341772151898736,0.0,0.0379746835443038,52.63157894736842,0.5339620253164558,45.2671040903863,0.000999000999000999,1.0,market_x_renewal,custom_software_web_mobile / renewal,79,43,42.18300000000001
N1,0.2573099415204678,0.010350877192982456,0.0,0.029239766081871343,24.858757062146893,0.24695906432748538,33.04939636585122,0.000999000999000999,1.0,market_x_renewal,computers_peripherals / new need,171,44,42.23
N1,0.19230769230769232,0.05505769230769231,0.0,0.11538461538461539,3.4928396786587497,0.13725,4.753264425954464,0.000999000999000999,1.0,market_x_renewal,education_technology / new need,52,10,7.1370000000000005
N1,0.33636363636363636,0.01742727272727273,0.0,0.045454545454545456,19.300991131977046,0.31893636363636363,26.400765134700887,0.000999000999000999,1.0,market_x_renewal,physical_security_surveillance / new need,110,37,35.083
N1,0.23684210526315788,0.03626315789473684,0.0,0.10526315789473684,6.531204644412192,0.20057894736842105,6.865974731122442,0.000999000999000999,1.0,market_x_renewal,smart_city_traffic_OT / new need,38,9,7.622
N1,0.5416666666666666,0.05,0.013888888888888888,0.1111111111111111,10.833333333333332,0.49166666666666664,20.03128034619086,0.000999000999000999,1.0,market_x_renewal,physical_security_surveillance / renewal,72,39,35.4
N1,0.6428571428571429,0.08603571428571427,0.0,0.17857142857142858,7.471980074719802,0.5568214285714286,11.008757557234924,0.000999000999000999,1.0,market_x_renewal,education_technology / renewal,28,18,15.591000000000001
N1,0.43636363636363634,0.014381818181818183,0.0,0.03636363636363636,30.341340075853346,0.4219818181818182,37.51683833553546,0.000999000999000999,1.0,market_x_renewal,computers_peripherals / renewal,110,48,46.418
N1,0.5,0.07,0.0,0.3333333333333333,7.142857142857142,0.43,4.3243573356863285,0.002997002997002997,1.0,market_x_renewal,call_centre_helpdesk / renewal,6,3,2.58
N1,0.7,0.0522,0.0,0.15,13.409961685823752,0.6477999999999999,13.093930953309668,0.000999000999000999,1.0,market_x_renewal,smart_city_traffic_OT / renewal,20,14,12.956
N1,,,,,,,,,,market_x_renewal,other_IT / not eligible,0,0,
N1,0.4576271186440678,0.017559322033898303,0.0,0.05084745762711865,26.061776061776065,0.4400677966101695,26.258678227937455,0.000999000999000999,1.0,market_x_renewal,other_IT / renewal,59,27,25.964
N1,0.32075471698113206,0.01886792452830189,0.0,0.05660377358490566,16.999999999999996,0.3018867924528302,16.338793060195204,0.000999000999000999,1.0,market_x_renewal,other_IT / new need,53,17,16.0
N1,,,,,,,,,,procedure_x_renewal,open / not eligible,0,0,
N1,0.7345679012345679,0.04932098765432098,0.027777777777777776,0.07407407407407407,14.893617021276597,0.6852469135802469,59.64605094114492,0.000999000999000999,1.0,procedure_x_renewal,other / renewal,324,238,222.02
N1,,,,,,,,,,procedure_x_renewal,other / not eligible,0,0,
N1,0.6693262411347518,0.07664982269503547,0.06382978723404255,0.09042553191489362,8.732260788100993,0.5926764184397163,84.81661523411769,0.000999000999000999,1.0,procedure_x_renewal,open / renewal,1128,755,668.539
N1,0.30684788290642967,0.04548823836905384,0.037114479874542604,0.05384213277574491,6.74565324814121,0.2613596445373758,61.08074056851449,0.000999000999000999,1.0,procedure_x_renewal,open / new need,1913,587,499.98099999999994
N1,,,,,,,,,,procedure_x_renewal,21(b) / not eligible,0,0,
N1,0.20967741935483872,0.02640322580645161,0.017204301075268817,0.03655913978494624,7.94135613927917,0.18327419354838712,36.521431615532244,0.000999000999000999,1.0,procedure_x_renewal,other / new need,930,195,170.44500000000002
N1,0.9003436426116839,0.19846735395189005,0.15807560137457044,0.24054982817869416,4.5364823215708,0.7018762886597938,34.44687864685444,0.000999000999000999,1.0,procedure_x_renewal,21(b) / renewal,291,262,204.24599999999998
N1,0.5657492354740061,0.09329357798165139,0.06720183486238532,0.12240061162079503,6.0641819910184545,0.47245565749235474,31.12312817373449,0.000999000999000999,1.0,procedure_x_renewal,21(b) / new need,327,185,154.493
N1,,,,,,,,,,sector_x_renewal,Other public / not eligible,0,0,
N1,0.8390804597701149,0.1803743842364532,0.15599343185550082,0.20365353037766828,4.651882601412861,0.6587060755336618,51.59736751137805,0.000999000999000999,1.0,sector_x_renewal,Health / renewal,609,511,401.15200000000004
N1,,,,,,,,,,sector_x_renewal,Municipal/Local / not eligible,0,0,
N1,,,,,,,,,,sector_x_renewal,Health / not eligible,0,0,
N1,0.7544378698224852,0.044428994082840234,0.023668639053254437,0.0650887573964497,16.98075514416994,0.710008875739645,65.70057137386277,0.000999000999000999,1.0,sector_x_renewal,Municipal/Local / renewal,338,255,239.983
N1,0.21972132904608788,0.026316184351554125,0.01712218649517685,0.03751339764201501,8.349285219728749,0.19340514469453374,37.41616627056784,0.000999000999000999,1.0,sector_x_renewal,Municipal/Local / new need,933,205,180.44699999999997
N1,,,,,,,,,,sector_x_renewal,Social/Finance / not eligible,0,0,
N1,,,,,,,,,,sector_x_renewal,Infrastructure/Transport / not eligible,0,0,
N1,,,,,,,,,,sector_x_renewal,Provincial admin / not eligible,0,0,
N1,,,,,,,,,,sector_x_renewal,Education / not eligible,0,0,
N1,0.6951219512195121,0.03447560975609756,0.0,0.07317073170731707,20.162716660771135,0.6606463414634146,33.34300360526743,0.000999000999000999,1.0,sector_x_renewal,Infrastructure/Transport / renewal,82,57,54.172999999999995
N1,0.22727272727272727,0.021767379679144383,0.008021390374331552,0.0374331550802139,10.44097776685911,0.20550534759358288,28.233850354731718,0.000999000999000999,1.0,sector_x_renewal,Other public / new need,374,85,76.859
N1,0.5498320268756999,0.0928454647256439,0.0761478163493841,0.10974244120940649,5.922012760671081,0.45698656215005595,52.328608889765974,0.000999000999000999,1.0,sector_x_renewal,Health / new need,893,491,408.08899999999994
N1,0.18695652173913044,0.021321739130434784,0.004347826086956522,0.0391304347826087,8.768352365415987,0.16563478260869566,17.845289548996917,0.000999000999000999,1.0,sector_x_renewal,Education / new need,230,43,38.096000000000004
N1,,,,,,,,,,sector_x_renewal,Defence / not eligible,0,0,
N1,0.5598086124401914,0.033708133971291875,0.014354066985645933,0.05741626794258373,16.607523066004255,0.5261004784688995,43.357277685502524,0.000999000999000999,1.0,sector_x_renewal,Education / renewal,209,117,109.955
N1,0.69377990430622,0.044291866028708125,0.019138755980861243,0.07177033492822966,15.663821972561307,0.6494880382775119,48.48338503521005,0.000999000999000999,1.0,sector_x_renewal,Other public / renewal,209,145,135.743
N1,0.15079365079365079,0.030738095238095235,0.007936507936507936,0.06349206349206349,4.9057578104828305,0.12005555555555555,7.855050936239579,0.000999000999000999,1.0,sector_x_renewal,Agriculture/Environment / new need,126,19,15.127
N1,,,,,,,,,,sector_x_renewal,Agriculture/Environment / not eligible,0,0,
N1,0.1724137931034483,0.02910344827586207,0.0,0.06896551724137931,5.924170616113744,0.14331034482758623,8.895926627139586,0.000999000999000999,1.0,sector_x_renewal,Social/Finance / new need,116,20,16.624000000000002
N1,0.18072289156626506,0.03179518072289157,0.0,0.07228915662650602,5.68397120121258,0.14892771084337347,8.024167286713116,0.000999000999000999,1.0,sector_x_renewal,Defence / new need,83,15,12.360999999999999
N1,0.20384615384615384,0.02731538461538462,0.011538461538461539,0.05,7.4626865671641776,0.1765307692307692,17.101851061491885,0.000999000999000999,1.0,sector_x_renewal,Infrastructure/Transport / new need,260,53,45.897999999999996
N1,0.23880597014925373,0.02195522388059701,0.0,0.05970149253731343,10.87695445275323,0.21685074626865672,11.997094763334898,0.000999000999000999,1.0,sector_x_renewal,Security/Interior / new need,67,16,14.529
N1,0.625,0.05865,0.0125,0.1125,10.656436487638533,0.56635,22.329093956848443,0.000999000999000999,1.0,sector_x_renewal,Social/Finance / renewal,80,50,45.308
N1,0.058823529411764705,0.028235294117647056,0.0,0.11764705882352941,2.0833333333333335,0.03058823529411765,0.7633335907956158,0.3886113886113886,0.922077922077922,sector_x_renewal,Justice / new need,17,1,0.52
N1,,,,,,,,,,sector_x_renewal,Security/Interior / not eligible,0,0,
N1,0.2676056338028169,0.03705633802816901,0.0,0.08450704225352113,7.221588749524896,0.23054929577464786,10.374831644487825,0.000999000999000999,1.0,sector_x_renewal,Provincial admin / new need,71,19,16.369
N1,,,,,,,,,,sector_x_renewal,Justice / not eligible,0,0,
N1,0.6428571428571429,0.05714285714285714,0.011904761904761904,0.10714285714285714,11.250000000000002,0.5857142857142857,24.052471348916118,0.000999000999000999,1.0,sector_x_renewal,Agriculture/Environment / renewal,84,54,49.2
N1,0.5,0.05179166666666667,0.0,0.125,9.654062751407883,0.4482083333333333,13.992070397051574,0.000999000999000999,1.0,sector_x_renewal,Defence / renewal,48,24,21.514
N1,0.5454545454545454,0.06243181818181817,0.0,0.13636363636363635,8.736803785948307,0.4830227272727272,13.540913805484998,0.000999000999000999,1.0,sector_x_renewal,Provincial admin / renewal,44,24,21.252999999999997
N1,0.36363636363636365,0.030727272727272728,0.0,0.09090909090909091,11.834319526627219,0.33290909090909093,11.449188135739696,0.000999000999000999,1.0,sector_x_renewal,Security/Interior / renewal,33,12,10.986
N1,0.8571428571428571,0.06599999999999999,0.0,0.2857142857142857,12.987012987012989,0.7911428571428571,8.515174633899585,0.000999000999000999,1.0,sector_x_renewal,Justice / renewal,7,6,5.538
N1,,,,,,,,,,gapbin_x_renewal,none / not eligible,0,0,
N1,0.812807881773399,0.16343842364532019,0.11822660098522167,0.21182266009852216,4.973174995478932,0.6493694581280789,27.447802270438885,0.000999000999000999,1.0,gapbin_x_renewal,91-183 / renewal,203,165,131.822
N1,0.5958904109589042,0.03513698630136986,0.00684931506849315,0.0684931506849315,16.959064327485383,0.5607534246575343,37.0002163412947,0.000999000999000999,1.0,gapbin_x_renewal,431-548 / renewal,146,87,81.87
N1,0.3467741935483871,0.06040161290322581,0.041935483870967745,0.07903225806451612,5.741141285481588,0.2863725806451613,31.708188072710552,0.000999000999000999,1.0,gapbin_x_renewal,1-90 / new need,620,215,177.55100000000002
N1,0.7110849056603774,0.06873820754716982,0.05306603773584906,0.08490566037735849,10.344827586206897,0.6423466981132075,78.27689018070478,0.000999000999000999,1.0,gapbin_x_renewal,301-430 / renewal,848,603,544.71
N1,0.7434782608695653,0.1477086956521739,0.10869565217391304,0.19130434782608696,5.033408883525153,0.5957695652173913,27.90526039754542,0.000999000999000999,1.0,gapbin_x_renewal,1-90 / renewal,230,171,137.02700000000002
N1,0.3559322033898305,0.048228813559322035,0.03177966101694915,0.06567796610169492,7.380073800738007,0.3077033898305085,34.48235609658953,0.000999000999000999,1.0,gapbin_x_renewal,731-1095 / new need,472,168,145.23600000000002
N1,0.18651362984218078,0.024308464849354377,0.014347202295552367,0.035868005738880916,7.672785221035236,0.16220516499282642,29.122522500883836,0.000999000999000999,1.0,gapbin_x_renewal,>1095 / new need,697,130,113.05700000000002
N1,0.34459459459459457,0.045851351351351356,0.02364864864864865,0.07094594594594594,7.515473032714411,0.2987432432432432,24.965956809785226,0.000999000999000999,1.0,gapbin_x_renewal,549-730 / new need,296,102,88.42799999999998
N1,0.3790523690773067,0.053832917705735665,0.034912718204488775,0.07481296758104738,7.041274841339694,0.32521945137157104,30.610865760621863,0.000999000999000999,1.0,gapbin_x_renewal,91-183 / new need,401,152,130.41299999999998
N1,0.2808988764044944,0.042936329588014986,0.02247191011235955,0.06741573033707865,6.54221912072575,0.2379625468164794,20.04504593058631,0.000999000999000999,1.0,gapbin_x_renewal,184-300 / new need,267,75,63.536
N1,0.3282442748091603,0.047312977099236646,0.026717557251908396,0.07251908396946564,6.937721845756695,0.28093129770992364,23.12429497545201,0.000999000999000999,1.0,gapbin_x_renewal,301-430 / new need,262,86,73.604
N1,0.7246835443037974,0.09374683544303798,0.06645569620253164,0.12341772151898735,7.730218741560896,0.6309367088607595,43.08676577806702,0.000999000999000999,1.0,gapbin_x_renewal,184-300 / renewal,316,229,199.376
N1,0.25161290322580643,0.03810322580645161,0.012903225806451613,0.07096774193548387,6.603454114459871,0.2135096774193548,14.19860030890574,0.000999000999000999,1.0,gapbin_x_renewal,431-548 / new need,155,39,33.093999999999994
N1,0.4550515463917526,0.061624123711340205,0.056489690721649485,0.06701546391752576,7.384308595174605,0.3934274226804124,140.68558217167313,0.000999000999000999,1.0,multi_lot,single-lot title,4850,2207,1908.1230000000003
N1,0.23809523809523808,0.053952380952380946,0.015873015873015872,0.1111111111111111,4.41306266548985,0.18414285714285714,7.007730484729121,0.000999000999000999,1.0,multi_lot,multi-lot title,63,15,11.600999999999999
N1,0.457426579336573,0.06291337418128037,0.057891400802873444,0.06824424255229242,7.270736712015018,0.39451320515529265,139.91725933461535,0.000999000999000999,1.0,natural_person,company winner,4733,2165,1867.231
N1,0.31666666666666665,0.02503888888888889,0.005555555555555556,0.05,12.646993565564676,0.29162777777777776,25.34906181043368,0.000999000999000999,1.0,natural_person,natural-person winner,180,57,52.492999999999995
N2,,,,,,,,,,renewal,not eligible,0,0,
N2,0.7200229489386116,0.16646701090074584,0.15203671830177853,0.1807372346528973,4.32531914306984,0.5535559380378658,77.0022970630111,0.000999000999000999,1.0,renewal,renewal,1743,1255,964.8480000000002
N2,0.30504731861198736,0.07836750788643533,0.07065457413249211,0.08643533123028391,3.892522894233672,0.22667981072555204,56.14137908977135,0.000999000999000999,1.0,renewal,new need,3170,967,718.5749999999999
N2,,,,,,,,,,renewal_t040,not eligible,0,0,
N2,0.7087587318645889,0.16251477700161204,0.14830736163353037,0.17626276195593765,4.361195609046423,0.5462439548629769,78.58059047469129,0.000999000999000999,1.0,renewal_t040,renewal,1861,1319,1016.5600000000001
N2,0.2958715596330275,0.07737123197903015,0.06946264744429882,0.08585353866317168,3.8240512922583076,0.21850032765399738,53.42018921442347,0.000999000999000999,1.0,renewal_t040,new need,3052,903,666.8629999999999
N2,,,,,,,,,,renewal_t067,not eligible,0,0,
N2,0.7443298969072165,0.1715312714776632,0.15601374570446735,0.18762886597938144,4.339324780229028,0.5727986254295533,70.77180049224107,0.000999000999000999,1.0,renewal_t067,renewal,1455,1083,833.422
N2,0.32938114517061884,0.08357403123192597,0.07605552342394448,0.09167148640832852,3.9411901079242484,0.24580711393869287,62.92861294310792,0.000999000999000999,1.0,renewal_t067,new need,3458,1139,850.001
N2,,,,,,,,,,renewal_0_18m,not eligible,0,0,
N2,0.694811320754717,0.15575566037735847,0.14245283018867924,0.16886792452830188,4.4609057486023715,0.5390556603773585,83.60543299981495,0.000999000999000999,1.0,renewal_0_18m,renewal,2120,1473,1142.798
N2,0.2681704260651629,0.0746061582527748,0.06659505907626208,0.08306480486931615,3.5944811037792435,0.19356426781238809,46.28156547900066,0.000999000999000999,1.0,renewal_0_18m,new need,2793,749,540.6249999999999
N2,,,,,,,,,,renewal_0_24m,not eligible,0,0,
N2,0.6836823734729494,0.1529895287958115,0.14048865619546247,0.16535776614310646,4.468818087448525,0.5306928446771378,86.71456062668864,0.000999000999000999,1.0,renewal_0_24m,renewal,2292,1567,1216.348
N2,0.24990461655856544,0.07169973292636399,0.06295307134681419,0.07975009538344142,3.4854330184914195,0.17820488363220144,41.88892077889232,0.000999000999000999,1.0,renewal_0_24m,new need,2621,655,467.075
N2,,,,,,,,,,renewal4,not eligible,0,0,
N2,0.7200229489386116,0.16646701090074584,0.15203671830177853,0.1807372346528973,4.32531914306984,0.5535559380378658,77.0022970630111,0.000999000999000999,1.0,renewal4,A renewal (similar title 6-18 m earlier),1743,1255,964.8480000000002
N2,0.1884742560226736,0.06300614076523382,0.05478271138403401,0.07179971658006613,2.9913632819528577,0.12546811525743978,27.63672706854002,0.000999000999000999,1.0,renewal4,D no similar-title prior,2117,399,265.61600000000004
N2,0.5177514792899408,0.11093343195266271,0.09023668639053255,0.13313609467455623,4.667226733874732,0.4068180473372781,37.02231292813798,0.000999000999000999,1.0,renewal4,C similar title only > 18 m earlier,676,350,275.009
N2,0.5782493368700266,0.10623342175066312,0.07692307692307693,0.13793103448275862,5.443196004993759,0.4720159151193634,32.11853377542414,0.000999000999000999,1.0,renewal4,B similar title only < 6 m earlier,377,218,177.95000000000002
N2,,,,,,,,,,market_x_renewal,custom_software_web_mobile / not eligible,0,0,
N2,0.8689788053949904,0.21930057803468211,0.18882466281310212,0.24855491329479767,3.9625012080796362,0.6496782273603083,42.667050672913774,0.000999000999000999,1.0,market_x_renewal,health_information_systems / renewal,519,451,337.18300000000005
N2,,,,,,,,,,market_x_renewal,smart_city_traffic_OT / not eligible,0,0,
N2,,,,,,,,,,market_x_renewal,health_information_systems / not eligible,0,0,
N2,,,,,,,,,,market_x_renewal,GIS_city_information / not eligible,0,0,
N2,0.5933609958506224,0.1455850622406639,0.1078838174273859,0.1825726141078838,4.075699709285756,0.4477759336099585,23.845218686990133,0.000999000999000999,1.0,market_x_renewal,software_licences / renewal,241,143,107.914
N2,,,,,,,,,,market_x_renewal,cybersecurity / not eligible,0,0,
N2,0.23345588235294118,0.06240073529411765,0.04595588235294118,0.07904411764705882,3.7412360808342657,0.17105514705882352,20.005961089440056,0.000999000999000999,1.0,market_x_renewal,ERP_management_software / new need,544,127,93.054
N2,,,,,,,,,,market_x_renewal,ERP_management_software / not eligible,0,0,
N2,,,,,,,,,,market_x_renewal,maintenance_support_services / not eligible,0,0,
N2,,,,,,,,,,market_x_renewal,call_centre_helpdesk / not eligible,0,0,
N2,,,,,,,,,,market_x_renewal,computers_peripherals / not eligible,0,0,
N2,,,,,,,,,,market_x_renewal,physical_security_surveillance / not eligible,0,0,
N2,,,,,,,,,,market_x_renewal,software_licences / not eligible,0,0,
N2,0.23076923076923078,0.11846153846153845,0.0,0.23076923076923078,1.9480519480519483,0.11230769230769233,1.7875907787625576,0.1258741258741259,0.9920079920079921,market_x_renewal,call_centre_helpdesk / new need,13,3,1.4600000000000004
N2,0.8208955223880597,0.11435323383084577,0.07462686567164178,0.15422885572139303,7.178594735697194,0.706542288557214,36.04592871865858,0.000999000999000999,1.0,market_x_renewal,ERP_management_software / renewal,201,165,142.01500000000001
N2,0.28415300546448086,0.09218579234972679,0.060109289617486336,0.12568306010928962,3.082394783639596,0.19196721311475407,11.146466366468262,0.000999000999000999,1.0,market_x_renewal,maintenance_support_services / new need,183,52,35.129999999999995
N2,,,,,,,,,,market_x_renewal,education_technology / not eligible,0,0,
N2,,,,,,,,,,market_x_renewal,network_datacentre_infrastructure / not eligible,0,0,
N2,0.13447432762836187,0.02304156479217604,0.0121638141809291,0.03667481662591687,5.83616298811545,0.11143276283618583,17.48400283050451,0.000999000999000999,1.0,market_x_renewal,custom_software_web_mobile / new need,409,55,45.57600000000001
N2,0.1569767441860465,0.09606395348837207,0.05813953488372093,0.13372093023255813,1.6340858197663866,0.06091279069767444,3.2921809980415992,0.003996003996003996,0.999000999000999,market_x_renewal,GIS_city_information / new need,172,27,10.477000000000004
N2,0.7760416666666666,0.18331770833333333,0.140625,0.22395833333333334,4.2333153393755145,0.5927239583333332,26.732950455852265,0.000999000999000999,1.0,market_x_renewal,maintenance_support_services / renewal,192,149,113.80299999999998
N2,0.16066481994459833,0.07667313019390581,0.05263157894736842,0.09702216066481989,2.095451425268254,0.08399168975069252,7.04749544106851,0.000999000999000999,1.0,market_x_renewal,software_licences / new need,361,58,30.320999999999998
N2,0.607094133697135,0.1141336971350614,0.0941336971350614,0.13509549795361525,5.319148936170213,0.49296043656207367,47.04270053403207,0.000999000999000999,1.0,market_x_renewal,health_information_systems / new need,733,445,361.34
N2,0.2782608695652174,0.0988608695652174,0.05217391304347826,0.14782608695652175,2.8146714750637694,0.1794,7.6536648577277075,0.000999000999000999,1.0,market_x_renewal,cybersecurity / new need,115,32,20.631
N2,0.8275862068965517,0.18029310344827587,0.10344827586206896,0.27586206896551724,4.59022664244047,0.6472931034482758,14.584037415322744,0.000999000999000999,1.0,market_x_renewal,GIS_city_information / renewal,58,48,37.543
N2,0.6696428571428571,0.20580357142857142,0.15178571428571427,0.25892857142857145,3.2537960954446854,0.4638392857142857,16.497954246552407,0.000999000999000999,1.0,market_x_renewal,network_datacentre_infrastructure / renewal,112,75,51.949999999999996
N2,0.2361111111111111,0.05423611111111111,0.027777777777777776,0.08333333333333333,4.353393085787452,0.181875,14.032493848826208,0.000999000999000999,1.0,market_x_renewal,network_datacentre_infrastructure / new need,216,51,39.285000000000004
N2,0.6956521739130435,0.2177826086956522,0.13043478260869565,0.32608695652173914,3.194250349371132,0.47786956521739127,9.90965015337544,0.000999000999000999,1.0,market_x_renewal,cybersecurity / renewal,46,32,21.982
N2,0.5443037974683544,0.05932911392405064,0.02531645569620253,0.10126582278481013,9.174311926605505,0.4849746835443038,21.866024023403135,0.000999000999000999,1.0,market_x_renewal,custom_software_web_mobile / renewal,79,43,38.313
N2,0.2573099415204678,0.0362046783625731,0.011695906432748537,0.05847953216374269,7.107090938459053,0.22110526315789472,18.412255751354202,0.000999000999000999,1.0,market_x_renewal,computers_peripherals / new need,171,44,37.809
N2,0.19230769230769232,0.17634615384615385,0.11538461538461539,0.25,1.0905125408942205,0.01596153846153847,0.44501759594471285,0.41058941058941056,0.7632367632367633,market_x_renewal,education_technology / new need,52,10,0.8300000000000005
N2,0.33636363636363636,0.06874545454545454,0.03636363636363636,0.10909090909090909,4.892885480031738,0.2676181818181818,13.676880441521753,0.000999000999000999,1.0,market_x_renewal,physical_security_surveillance / new need,110,37,29.438
N2,0.23684210526315788,0.08673684210526315,0.02631578947368421,0.15855263157894675,2.7305825242718447,0.15010526315789474,3.922616278629508,0.001998001998001998,1.0,market_x_renewal,smart_city_traffic_OT / new need,38,9,5.704000000000001
N2,0.5416666666666666,0.14041666666666666,0.08333333333333333,0.19444444444444445,3.857566765578635,0.40125,12.130978509514332,0.000999000999000999,1.0,market_x_renewal,physical_security_surveillance / renewal,72,39,28.89
N2,0.6428571428571429,0.25107142857142856,0.14285714285714285,0.39285714285714285,2.56045519203414,0.39178571428571435,6.116841830218526,0.000999000999000999,1.0,market_x_renewal,education_technology / renewal,28,18,10.970000000000002
N2,0.43636363636363634,0.06344545454545454,0.02727272727272727,0.1,6.8777761856999575,0.3729181818181818,20.49880988060377,0.000999000999000999,1.0,market_x_renewal,computers_peripherals / renewal,110,48,41.021
N2,0.5,0.44416666666666665,0.3333333333333333,0.5,1.125703564727955,0.055833333333333346,0.709405130442221,0.6653346653346653,1.0,market_x_renewal,call_centre_helpdesk / renewal,6,3,0.3350000000000001
N2,0.7,0.14179999999999998,0.0,0.3,4.9365303244005645,0.5582,7.62933389441738,0.000999000999000999,1.0,market_x_renewal,smart_city_traffic_OT / renewal,20,14,11.164000000000001
N2,,,,,,,,,,market_x_renewal,other_IT / not eligible,0,0,
N2,0.4576271186440678,0.08872881355932204,0.03389830508474576,0.15254237288135594,5.1575931232091685,0.36889830508474575,11.507415973540322,0.000999000999000999,1.0,market_x_renewal,other_IT / renewal,59,27,21.765
N2,0.32075471698113206,0.17886792452830189,0.11320754716981132,0.24528301886792453,1.7932489451476792,0.14188679245283017,4.690691826532319,0.000999000999000999,1.0,market_x_renewal,other_IT / new need,53,17,7.52
N2,,,,,,,,,,procedure_x_renewal,open / not eligible,0,0,
N2,0.7345679012345679,0.13202777777777777,0.10185185185185185,0.16358024691358025,5.56373752250041,0.6025401234567902,36.44481084105983,0.000999000999000999,1.0,procedure_x_renewal,other / renewal,324,238,195.223
N2,,,,,,,,,,procedure_x_renewal,other / not eligible,0,0,
N2,0.6693262411347518,0.16307092198581558,0.14450354609929078,0.18173758865248227,4.104510068281652,0.5062553191489363,56.004501175354676,0.000999000999000999,1.0,procedure_x_renewal,open / renewal,1128,755,571.0560000000002
N2,0.30684788290642967,0.08140564558285417,0.0705697856769472,0.09253789858860427,3.769368582601827,0.2254422373235755,40.8709830228414,0.000999000999000999,1.0,procedure_x_renewal,open / new need,1913,587,431.2709999999999
N2,,,,,,,,,,procedure_x_renewal,21(b) / not eligible,0,0,
N2,0.20967741935483872,0.06267419354838709,0.04946236559139785,0.07529569892473116,3.3455144371815333,0.14700322580645164,22.104927115854103,0.000999000999000999,1.0,procedure_x_renewal,other / new need,930,195,136.71300000000002
N2,0.9003436426116839,0.21797594501718218,0.17525773195876287,0.2611683848797251,4.130472481909476,0.6823676975945017,32.191275126644214,0.000999000999000999,1.0,procedure_x_renewal,21(b) / renewal,291,262,198.569
N2,0.5657492354740061,0.1052262996941896,0.0764525993883792,0.1345565749235474,5.376500334214886,0.4605229357798165,29.33983306932202,0.000999000999000999,1.0,procedure_x_renewal,21(b) / new need,327,185,150.591
N2,,,,,,,,,,sector_x_renewal,Other public / not eligible,0,0,
N2,0.8390804597701149,0.19736945812807882,0.17073070607553367,0.22495894909688013,4.251318657548378,0.6417110016420361,46.39543261914578,0.000999000999000999,1.0,sector_x_renewal,Health / renewal,609,511,390.80199999999996
N2,,,,,,,,,,sector_x_renewal,Municipal/Local / not eligible,0,0,
N2,,,,,,,,,,sector_x_renewal,Health / not eligible,0,0,
N2,0.7544378698224852,0.08577514792899407,0.05621301775147929,0.11538461538461539,8.795529801324504,0.6686627218934911,46.045493532509965,0.000999000999000999,1.0,sector_x_renewal,Municipal/Local / renewal,338,255,226.00799999999998
N2,0.21972132904608788,0.04727116827438371,0.03644158628081458,0.06002143622722401,4.648104480319245,0.17245016077170416,28.496562373547466,0.000999000999000999,1.0,sector_x_renewal,Municipal/Local / new need,933,205,160.896
N2,,,,,,,,,,sector_x_renewal,Social/Finance / not eligible,0,0,
N2,,,,,,,,,,sector_x_renewal,Infrastructure/Transport / not eligible,0,0,
N2,,,,,,,,,,sector_x_renewal,Provincial admin / not eligible,0,0,
N2,,,,,,,,,,sector_x_renewal,Education / not eligible,0,0,
N2,0.6951219512195121,0.1466951219512195,0.08536585365853659,0.21951219512195122,4.738548507772882,0.5484268292682927,15.88360013591459,0.000999000999000999,1.0,sector_x_renewal,Infrastructure/Transport / renewal,82,57,44.971
N2,0.22727272727272727,0.049205882352941176,0.03208556149732621,0.06684491978609626,4.618812150192904,0.17806684491978608,18.923744757307503,0.000999000999000999,1.0,sector_x_renewal,Other public / new need,374,85,66.597
N2,0.5498320268756999,0.1062060470324748,0.08846584546472565,0.12430011198208286,5.177031273064676,0.44362597984322505,48.13162336034763,0.000999000999000999,1.0,sector_x_renewal,Health / new need,893,491,396.15799999999996
N2,0.18695652173913044,0.08426956521739132,0.05652173913043478,0.11739130434782609,2.218553296873387,0.10268695652173912,6.684308537792477,0.000999000999000999,1.0,sector_x_renewal,Education / new need,230,43,23.618
N2,,,,,,,,,,sector_x_renewal,Defence / not eligible,0,0,
N2,0.5598086124401914,0.15330622009569378,0.11483253588516747,0.19138755980861244,3.6515714241128556,0.40650239234449764,21.115071665263685,0.000999000999000999,1.0,sector_x_renewal,Education / renewal,209,117,84.959
N2,0.69377990430622,0.12112918660287082,0.09078947368421053,0.15311004784688995,5.727603096855742,0.5726507177033492,32.41127428442464,0.000999000999000999,1.0,sector_x_renewal,Other public / renewal,209,145,119.68399999999998
N2,0.15079365079365079,0.05191269841269841,0.023809523809523808,0.0873015873015873,2.904754624675126,0.09888095238095237,5.9938954440262435,0.000999000999000999,1.0,sector_x_renewal,Agriculture/Environment / new need,126,19,12.459
N2,,,,,,,,,,sector_x_renewal,Agriculture/Environment / not eligible,0,0,
N2,0.1724137931034483,0.11597413793103448,0.07758620689655173,0.15517241379310345,1.4866572511707428,0.05643965517241381,2.7332534938967656,0.000999000999000999,1.0,sector_x_renewal,Social/Finance / new need,116,20,6.547000000000002
N2,0.18072289156626506,0.16825301204819276,0.12048192771084337,0.21686746987951808,1.0741138560687433,0.012469879518072297,0.49946589302580485,0.3786213786213786,0.7732267732267732,sector_x_renewal,Defence / new need,83,15,1.0350000000000006
N2,0.20384615384615384,0.08151923076923076,0.057692307692307696,0.1076923076923077,2.5005897617362587,0.12232692307692308,9.877833013395001,0.000999000999000999,1.0,sector_x_renewal,Infrastructure/Transport / new need,260,53,31.805000000000003
N2,0.23880597014925373,0.13662686567164178,0.08955223880597014,0.19402985074626866,1.7478697837011143,0.10217910447761194,3.9959185159295267,0.001998001998001998,1.0,sector_x_renewal,Security/Interior / new need,67,16,6.846
N2,0.625,0.29020000000000007,0.225,0.3625,2.1536871123363195,0.33479999999999993,10.395787695763056,0.000999000999000999,1.0,sector_x_renewal,Social/Finance / renewal,80,50,26.783999999999995
N2,0.058823529411764705,0.17376470588235293,0.058823529411764705,0.29411764705882354,0.33852403520649965,-0.11494117647058823,-2.103695578796641,1.0,0.055944055944055944,sector_x_renewal,Justice / new need,17,1,-1.954
N2,,,,,,,,,,sector_x_renewal,Security/Interior / not eligible,0,0,
N2,0.2676056338028169,0.0624225352112676,0.014084507042253521,0.11267605633802817,4.287003610108303,0.20518309859154926,8.23365427613149,0.000999000999000999,1.0,sector_x_renewal,Provincial admin / new need,71,19,14.567999999999998
N2,,,,,,,,,,sector_x_renewal,Justice / not eligible,0,0,
N2,0.6428571428571429,0.19409523809523807,0.13095238095238096,0.27380952380952384,3.312070657507361,0.4487619047619048,12.805002155109126,0.000999000999000999,1.0,sector_x_renewal,Agriculture/Environment / renewal,84,54,37.696000000000005
N2,0.5,0.30441666666666667,0.20833333333333334,0.3958333333333333,1.6424856282507527,0.19558333333333333,4.391508667434626,0.000999000999000999,1.0,sector_x_renewal,Defence / renewal,48,24,9.388
N2,0.5454545454545454,0.18370454545454543,0.09090909090909091,0.2727272727272727,2.969194605963133,0.36175,7.512868426738041,0.000999000999000999,1.0,sector_x_renewal,Provincial admin / renewal,44,24,15.917000000000002
N2,0.36363636363636365,0.16106060606060607,0.09090909090909091,0.24242424242424243,2.257761053621825,0.20257575757575758,4.454660514565616,0.000999000999000999,1.0,sector_x_renewal,Security/Interior / renewal,33,12,6.685
N2,0.8571428571428571,0.578,0.2857142857142857,0.8571428571428571,1.4829461196243203,0.27914285714285714,2.1036955787966405,0.055944055944055944,1.0,sector_x_renewal,Justice / renewal,7,6,1.954
N2,,,,,,,,,,gapbin_x_renewal,none / not eligible,0,0,
N2,0.812807881773399,0.22636453201970444,0.17733990147783252,0.27586206896551724,3.5907033426183843,0.5864433497536946,23.36987491134728,0.000999000999000999,1.0,gapbin_x_renewal,91-183 / renewal,203,165,119.048
N2,0.5958904109589042,0.09955479452054794,0.06164383561643835,0.14383561643835616,5.985552115583076,0.4963356164383562,21.87713311150466,0.000999000999000999,1.0,gapbin_x_renewal,431-548 / renewal,146,87,72.465
N2,0.3467741935483871,0.10515967741935484,0.08387096774193549,0.12741935483870967,3.2975965889047383,0.2416145161290323,22.326446235215684,0.000999000999000999,1.0,gapbin_x_renewal,1-90 / new need,620,215,149.80100000000002
N2,0.7110849056603774,0.1517936320754717,0.13089622641509435,0.17102004716981128,4.684550306476799,0.5592912735849057,54.51307970484809,0.000999000999000999,1.0,gapbin_x_renewal,301-430 / renewal,848,603,474.27900000000005
N2,0.7434782608695653,0.24582173913043476,0.2,0.3,3.024460991527972,0.4976565217391305,19.92163455668562,0.000999000999000999,1.0,gapbin_x_renewal,1-90 / renewal,230,171,114.46100000000001
N2,0.3559322033898305,0.07480084745762713,0.05503177966101695,0.09745762711864407,4.7583980060046445,0.2811313559322034,25.36575358351686,0.000999000999000999,1.0,gapbin_x_renewal,731-1095 / new need,472,168,132.69400000000002
N2,0.18651362984218078,0.042065997130559536,0.03012912482065997,0.054555236728837844,4.433833560709414,0.14444763271162125,22.976482136470775,0.000999000999000999,1.0,gapbin_x_renewal,>1095 / new need,697,130,100.68000000000002
N2,0.34459459459459457,0.07317567567567568,0.0472972972972973,0.09797297297297297,4.709141274238227,0.2714189189189189,19.851396730673827,0.000999000999000999,1.0,gapbin_x_renewal,549-730 / new need,296,102,80.33999999999999
N2,0.3790523690773067,0.09106982543640897,0.06733167082294264,0.11976309226932662,4.1622169281743755,0.28798254364089776,20.932952908933494,0.000999000999000999,1.0,gapbin_x_renewal,91-183 / new need,401,152,115.481
N2,0.2808988764044944,0.08761048689138576,0.0599250936329588,0.1198501872659176,3.206224350205199,0.19328838951310864,12.590636638853466,0.000999000999000999,1.0,gapbin_x_renewal,184-300 / new need,267,75,51.60800000000001
N2,0.3282442748091603,0.10029770992366412,0.07242366412213741,0.13358778625954199,3.2726995966207477,0.2279465648854962,14.412035425593317,0.000999000999000999,1.0,gapbin_x_renewal,301-430 / new need,262,86,59.722
N2,0.7246835443037974,0.14052215189873415,0.10759493670886076,0.17405063291139242,5.157076905753857,0.5841613924050633,33.863694207869045,0.000999000999000999,1.0,gapbin_x_renewal,184-300 / renewal,316,229,184.595
N2,0.25161290322580643,0.06936129032258065,0.03225806451612903,0.10967741935483871,3.6275695284159606,0.18225161290322578,9.925012887827222,0.000999000999000999,1.0,gapbin_x_renewal,431-548 / new need,155,39,28.248999999999995
N2,0.4550515463917526,0.10928907216494846,0.10164948453608247,0.11629381443298968,4.163742425271483,0.3457624742268042,96.28975839016347,0.000999000999000999,1.0,multi_lot,single-lot title,4850,2207,1676.9480000000003
N2,0.23809523809523808,0.1353174603174603,0.07936507936507936,0.20634920634920634,1.7595307917888563,0.10277777777777777,3.2232642973805357,0.004995004995004995,0.999000999000999,multi_lot,multi-lot title,63,15,6.475
N2,0.457426579336573,0.11171645890555673,0.10394570040143672,0.11895203887597718,4.094531672573635,0.34571012043101623,93.93589538630832,0.000999000999000999,1.0,natural_person,company winner,4733,2165,1636.2459999999999
N2,0.31666666666666665,0.05457222222222222,0.027777777777777776,0.08888888888888889,5.802707930367505,0.2620944444444444,16.36356770760371,0.000999000999000999,1.0,natural_person,natural-person winner,180,57,47.17699999999999
N3,,,,,,,,,,renewal,not eligible,0,0,
N3,0.7200229489386116,0.28845094664371773,0.27538726333907054,0.3017785427423982,2.4961712114883547,0.4315720022948939,63.43931035774059,0.000999000999000999,1.0,renewal,renewal,1743,1255,752.23
N3,0.30504731861198736,0.16295047318611985,0.15520504731861198,0.17097791798107256,1.8720247486705142,0.1420968454258675,37.02261036057616,0.000999000999000999,1.0,renewal,new need,3170,967,450.447
N3,,,,,,,,,,renewal_t040,not eligible,0,0,
N3,0.7087587318645889,0.2863627082213864,0.2734954325631381,0.2987641053197206,2.475038514151253,0.42239602364320256,64.88691566272564,0.000999000999000999,1.0,renewal_t040,renewal,1861,1319,786.079
N3,0.2958715596330275,0.15937155963302752,0.15170380078636958,0.16743119266055045,1.8564890769363613,0.1365,35.24167969515227,0.000999000999000999,1.0,renewal_t040,new need,3052,903,416.598
N3,,,,,,,,,,renewal_t067,not eligible,0,0,
N3,0.7443298969072165,0.3024625429553264,0.28797250859106527,0.31752577319587627,2.4608994212455384,0.44186735395189014,58.06514377945841,0.000999000999000999,1.0,renewal_t067,renewal,1455,1083,642.9170000000001
N3,0.32938114517061884,0.1675072296124928,0.16020821283979178,0.17524580682475419,1.9663697258476622,0.16187391555812605,43.24128350969806,0.000999000999000999,1.0,renewal_t067,new need,3458,1139,559.7599999999999
N3,,,,,,,,,,renewal_0_18m,not eligible,0,0,
N3,0.694811320754717,0.2926740566037736,0.2811320754716981,0.30471698113207546,2.374010627444723,0.40213726415094336,68.30554770300154,0.000999000999000999,1.0,renewal_0_18m,renewal,2120,1473,852.531
N3,0.2681704260651629,0.14280486931614753,0.13498030791263874,0.1510920157536699,1.8778801265626015,0.12536555674901537,30.80740539358997,0.000999000999000999,1.0,renewal_0_18m,new need,2793,749,350.1459999999999
N3,,,,,,,,,,renewal_0_24m,not eligible,0,0,
N3,0.6836823734729494,0.29039703315881327,0.27966841186736474,0.3019197207678883,2.3543021980498504,0.3932853403141361,69.7488312491137,0.000999000999000999,1.0,renewal_0_24m,renewal,2292,1567,901.41
N3,0.24990461655856544,0.13496108355589467,0.12743227775658145,0.14307516215185043,1.85167909129202,0.11494353300267077,28.516835546868144,0.000999000999000999,1.0,renewal_0_24m,new need,2621,655,301.26700000000005
N3,,,,,,,,,,renewal4,not eligible,0,0,
N3,0.7200229489386116,0.28845094664371773,0.27538726333907054,0.3017785427423982,2.4961712114883547,0.4315720022948939,63.43931035774059,0.000999000999000999,1.0,renewal4,A renewal (similar title 6-18 m earlier),1743,1255,752.23
N3,0.1884742560226736,0.1042073689182806,0.09541804440245631,0.11290741615493621,1.8086461445013076,0.08426688710439299,19.201938851602296,0.000999000999000999,1.0,renewal4,D no similar-title prior,2117,399,178.39299999999997
N3,0.5177514792899408,0.26367899408284023,0.2440828402366864,0.28550295857988167,1.9635674092691602,0.2540724852071006,24.216447813440116,0.000999000999000999,1.0,renewal4,C similar title only > 18 m earlier,676,350,171.753
N3,0.5782493368700266,0.3121989389920425,0.2838196286472148,0.3421750663129973,1.8521822615315338,0.26605039787798407,17.592090311714127,0.000999000999000999,1.0,renewal4,B similar title only < 6 m earlier,377,218,100.30099999999999
N3,,,,,,,,,,market_x_renewal,custom_software_web_mobile / not eligible,0,0,
N3,0.8689788053949904,0.45165510597302505,0.4258188824662813,0.4797687861271676,1.9239875602045997,0.41732369942196534,29.378685339021416,0.000999000999000999,1.0,market_x_renewal,health_information_systems / renewal,519,451,216.591
N3,,,,,,,,,,market_x_renewal,smart_city_traffic_OT / not eligible,0,0,
N3,,,,,,,,,,market_x_renewal,health_information_systems / not eligible,0,0,
N3,,,,,,,,,,market_x_renewal,GIS_city_information / not eligible,0,0,
N3,0.5933609958506224,0.21219502074688798,0.17842323651452283,0.24481327800829875,2.7963002796300276,0.3811659751037344,22.408799186627764,0.000999000999000999,1.0,market_x_renewal,software_licences / renewal,241,143,91.86099999999999
N3,,,,,,,,,,market_x_renewal,cybersecurity / not eligible,0,0,
N3,0.23345588235294118,0.06911397058823528,0.05330882352941176,0.08639705882352941,3.377839246768446,0.16434191176470592,19.85992328601374,0.000999000999000999,1.0,market_x_renewal,ERP_management_software / new need,544,127,89.40200000000002
N3,,,,,,,,,,market_x_renewal,ERP_management_software / not eligible,0,0,
N3,,,,,,,,,,market_x_renewal,maintenance_support_services / not eligible,0,0,
N3,,,,,,,,,,market_x_renewal,call_centre_helpdesk / not eligible,0,0,
N3,,,,,,,,,,market_x_renewal,computers_peripherals / not eligible,0,0,
N3,,,,,,,,,,market_x_renewal,physical_security_surveillance / not eligible,0,0,
N3,,,,,,,,,,market_x_renewal,software_licences / not eligible,0,0,
N3,0.23076923076923078,0.10884615384615384,0.0,0.23076923076923078,2.120141342756184,0.12192307692307694,2.0204770018169707,0.08491508491508491,0.9920079920079921,market_x_renewal,call_centre_helpdesk / new need,13,3,1.5850000000000002
N3,0.8208955223880597,0.2266318407960199,0.19402985074626866,0.25870646766169153,3.622154413540272,0.5942636815920399,34.21809065704372,0.000999000999000999,1.0,market_x_renewal,ERP_management_software / renewal,201,165,119.44700000000002
N3,0.28415300546448086,0.10654098360655738,0.07650273224043716,0.1366120218579235,2.6670769862030053,0.17761202185792346,11.402022907865632,0.000999000999000999,1.0,market_x_renewal,maintenance_support_services / new need,183,52,32.50299999999999
N3,,,,,,,,,,market_x_renewal,education_technology / not eligible,0,0,
N3,,,,,,,,,,market_x_renewal,network_datacentre_infrastructure / not eligible,0,0,
N3,0.13447432762836187,0.037674816625916874,0.02444987775061125,0.05134474327628362,3.5693425919916932,0.096799511002445,14.266290242313895,0.000999000999000999,1.0,market_x_renewal,custom_software_web_mobile / new need,409,55,39.591
N3,0.1569767441860465,0.10430232558139534,0.0755813953488372,0.13372093023255813,1.5050167224080269,0.05267441860465118,3.445760417641648,0.001998001998001998,1.0,market_x_renewal,GIS_city_information / new need,172,27,9.060000000000002
N3,0.7760416666666666,0.1383125,0.10416666666666667,0.17708333333333334,5.610784756740473,0.6377291666666667,33.905252062465095,0.000999000999000999,1.0,market_x_renewal,maintenance_support_services / renewal,192,149,122.444
N3,0.16066481994459833,0.09149861495844876,0.06925207756232687,0.11634349030470914,1.7559262510974538,0.06916620498614957,5.882953702857911,0.000999000999000999,1.0,market_x_renewal,software_licences / new need,361,58,24.968999999999998
N3,0.607094133697135,0.3750736698499318,0.3533424283765348,0.3942701227830832,1.6185997111981638,0.23202046384720326,21.931213023187787,0.000999000999000999,1.0,market_x_renewal,health_information_systems / new need,733,445,170.071
N3,0.2782608695652174,0.15428695652173913,0.11304347826086956,0.2,1.8035281519472468,0.12397391304347827,5.397154851267368,0.000999000999000999,1.0,market_x_renewal,cybersecurity / new need,115,32,14.257000000000001
N3,0.8275862068965517,0.2738965517241379,0.1896551724137931,0.3620689655172414,3.0215283897771625,0.5536896551724138,12.62387682049807,0.000999000999000999,1.0,market_x_renewal,GIS_city_information / renewal,58,48,32.114
N3,0.6696428571428571,0.18426785714285718,0.13392857142857142,0.24107142857142858,3.634073069095842,0.4853749999999999,17.290620773361372,0.000999000999000999,1.0,market_x_renewal,network_datacentre_infrastructure / renewal,112,75,54.36199999999999
N3,0.2361111111111111,0.08998148148148148,0.06481481481481481,0.11574074074074074,2.623996707141387,0.1461296296296296,11.861652533198386,0.000999000999000999,1.0,market_x_renewal,network_datacentre_infrastructure / new need,216,51,31.563999999999997
N3,0.6956521739130435,0.2663695652173913,0.17391304347826086,0.3695652173913043,2.611605321145842,0.42928260869565216,8.56115980036565,0.000999000999000999,1.0,market_x_renewal,cybersecurity / renewal,46,32,19.747
N3,0.5443037974683544,0.15225316455696203,0.10126582278481013,0.21518987341772153,3.574991686065846,0.3920506329113924,14.043290908787462,0.000999000999000999,1.0,market_x_renewal,custom_software_web_mobile / renewal,79,43,30.972
N3,0.2573099415204678,0.1456081871345029,0.11695906432748537,0.17543859649122806,1.767139242539861,0.11170175438596491,7.057945270067704,0.000999000999000999,1.0,market_x_renewal,computers_peripherals / new need,171,44,19.101
N3,0.19230769230769232,0.11425000000000002,0.057692307692307696,0.17307692307692307,1.6832183134152499,0.0780576923076923,2.6266992825135826,0.016983016983016984,0.998001998001998,market_x_renewal,education_technology / new need,52,10,4.058999999999999
N3,0.33636363636363636,0.2701,0.23636363636363636,0.3,1.2453300124533,0.06626363636363636,4.101267034386442,0.000999000999000999,1.0,market_x_renewal,physical_security_surveillance / new need,110,37,7.289
N3,0.23684210526315788,0.18586842105263157,0.13157894736842105,0.23684210526315788,1.2742460710746142,0.05097368421052631,1.7226829675545199,0.0979020979020979,0.983016983016983,market_x_renewal,smart_city_traffic_OT / new need,38,9,1.9369999999999998
N3,0.5416666666666666,0.39115277777777785,0.3333333333333333,0.4444444444444444,1.3847956538721014,0.15051388888888878,5.429086579154724,0.000999000999000999,1.0,market_x_renewal,physical_security_surveillance / renewal,72,39,10.836999999999993
N3,0.6428571428571429,0.26517857142857143,0.17857142857142858,0.39285714285714285,2.4242424242424243,0.3776785714285715,6.681699252461509,0.000999000999000999,1.0,market_x_renewal,education_technology / renewal,28,18,10.575000000000001
N3,0.43636363636363634,0.19375454545454546,0.15454545454545454,0.23636363636363636,2.2521465772063998,0.24260909090909089,10.569290100884897,0.000999000999000999,1.0,market_x_renewal,computers_peripherals / renewal,110,48,26.686999999999998
N3,0.5,0.3448333333333333,0.16666666666666666,0.5,1.4499758337361044,0.15516666666666667,1.318297915832684,0.2867132867132867,1.0,market_x_renewal,call_centre_helpdesk / renewal,6,3,0.931
N3,0.7,0.5514,0.5,0.65,1.2694958287994196,0.14859999999999995,3.818355401032364,0.002997002997002997,1.0,market_x_renewal,smart_city_traffic_OT / renewal,20,14,2.971999999999999
N3,,,,,,,,,,market_x_renewal,other_IT / not eligible,0,0,
N3,0.4576271186440678,0.2425423728813559,0.2033898305084746,0.28855932203389795,1.886792452830189,0.2150847457627119,8.444704245179608,0.000999000999000999,1.0,market_x_renewal,other_IT / renewal,59,27,12.690000000000001
N3,0.32075471698113206,0.2253018867924529,0.16981132075471697,0.2830188679245283,1.423666359601373,0.09545283018867917,3.4553055487080138,0.002997002997002997,1.0,market_x_renewal,other_IT / new need,53,17,5.058999999999996
N3,,,,,,,,,,procedure_x_renewal,open / not eligible,0,0,
N3,0.7345679012345679,0.23714814814814816,0.20679012345679013,0.26851851851851855,3.097506377219012,0.4974197530864198,32.20051639020126,0.000999000999000999,1.0,procedure_x_renewal,other / renewal,324,238,161.16400000000002
N3,,,,,,,,,,procedure_x_renewal,other / not eligible,0,0,
N3,0.6693262411347518,0.2674352836879432,0.25,0.2854609929078014,2.5027596654589335,0.4018909574468086,44.25910542648581,0.000999000999000999,1.0,procedure_x_renewal,open / renewal,1128,755,453.3330000000001
N3,0.30684788290642967,0.1653099843178254,0.15473078933612128,0.17564035546262416,1.856196914981754,0.14153789858860427,26.922040940816984,0.000999000999000999,1.0,procedure_x_renewal,open / new need,1913,587,270.76199999999994
N3,,,,,,,,,,procedure_x_renewal,21(b) / not eligible,0,0,
N3,0.20967741935483872,0.09895376344086021,0.08602150537634409,0.11182795698924732,2.1189433535810145,0.11072365591397851,16.73038895830983,0.000999000999000999,1.0,procedure_x_renewal,other / new need,930,195,102.97300000000001
N3,0.9003436426116839,0.4270343642611684,0.38831615120274915,0.46735395189003437,2.108363443231107,0.47330927835051545,23.5781155354292,0.000999000999000999,1.0,procedure_x_renewal,21(b) / renewal,291,262,137.733
N3,0.5657492354740061,0.3311559633027523,0.2966360856269113,0.36399082568807334,1.7084072104018913,0.2345932721712538,13.865904841680225,0.000999000999000999,1.0,procedure_x_renewal,21(b) / new need,327,185,76.71199999999999
N3,,,,,,,,,,sector_x_renewal,Other public / not eligible,0,0,
N3,0.8390804597701149,0.43015270935960587,0.40718390804597704,0.45648604269293924,1.9506571538728754,0.40892775041050905,32.412335229169955,0.000999000999000999,1.0,sector_x_renewal,Health / renewal,609,511,249.037
N3,,,,,,,,,,sector_x_renewal,Municipal/Local / not eligible,0,0,
N3,,,,,,,,,,sector_x_renewal,Health / not eligible,0,0,
N3,0.7544378698224852,0.26416863905325444,0.23076923076923078,0.2958579881656805,2.855894903067567,0.49026923076923073,29.504340188603386,0.000999000999000999,1.0,sector_x_renewal,Municipal/Local / renewal,338,255,165.71099999999998
N3,0.21972132904608788,0.10028831725616291,0.08681672025723473,0.11361200428724544,2.1908965576205794,0.11943301178992496,17.302717992350004,0.000999000999000999,1.0,sector_x_renewal,Municipal/Local / new need,933,205,111.431
N3,,,,,,,,,,sector_x_renewal,Social/Finance / not eligible,0,0,
N3,,,,,,,,,,sector_x_renewal,Infrastructure/Transport / not eligible,0,0,
N3,,,,,,,,,,sector_x_renewal,Provincial admin / not eligible,0,0,
N3,,,,,,,,,,sector_x_renewal,Education / not eligible,0,0,
N3,0.6951219512195121,0.20886585365853666,0.14634146341463414,0.2682926829268293,3.3280784725871415,0.4862560975609755,15.661959502946738,0.000999000999000999,1.0,sector_x_renewal,Infrastructure/Transport / renewal,82,57,39.87299999999999
N3,0.22727272727272727,0.08853475935828876,0.06951871657754011,0.10695187165775401,2.567045179995168,0.1387379679144385,14.42982884882855,0.000999000999000999,1.0,sector_x_renewal,Other public / new need,374,85,51.88799999999999
N3,0.5498320268756999,0.33259238521836504,0.3135498320268757,0.3493840985442329,1.653170822040033,0.21723964165733484,23.77533382991883,0.000999000999000999,1.0,sector_x_renewal,Health / new need,893,491,193.995
N3,0.18695652173913044,0.1138913043478261,0.09565217391304348,0.13478260869565217,1.6415346440160334,0.07306521739130434,7.000419875270216,0.000999000999000999,1.0,sector_x_renewal,Education / new need,230,43,16.804999999999996
N3,,,,,,,,,,sector_x_renewal,Defence / not eligible,0,0,
N3,0.5598086124401914,0.21997607655502394,0.18660287081339713,0.2535885167464115,2.544861337683524,0.3398325358851675,19.547820516806052,0.000999000999000999,1.0,sector_x_renewal,Education / renewal,209,117,71.025
N3,0.69377990430622,0.1774401913875598,0.14354066985645933,0.21052631578947367,3.9099366320614806,0.5163397129186602,28.27914478429909,0.000999000999000999,1.0,sector_x_renewal,Other public / renewal,209,145,107.91499999999998
N3,0.15079365079365079,0.06136507936507936,0.03968253968253968,0.09523809523809523,2.457320227625453,0.08942857142857143,6.3494787713506815,0.000999000999000999,1.0,sector_x_renewal,Agriculture/Environment / new need,126,19,11.267999999999999
N3,,,,,,,,,,sector_x_renewal,Agriculture/Environment / not eligible,0,0,
N3,0.1724137931034483,0.054939655172413795,0.017241379310344827,0.09482758620689655,3.138239447669857,0.11747413793103449,5.793006958917901,0.000999000999000999,1.0,sector_x_renewal,Social/Finance / new need,116,20,13.627
N3,0.18072289156626506,0.06178313253012048,0.012048192771084338,0.12048192771084337,2.925117004680187,0.11893975903614458,4.648478248541784,0.000999000999000999,1.0,sector_x_renewal,Defence / new need,83,15,9.872
N3,0.20384615384615384,0.08662692307692307,0.06153846153846154,0.11538461538461539,2.3531501132176,0.11721923076923077,8.68866451674113,0.000999000999000999,1.0,sector_x_renewal,Infrastructure/Transport / new need,260,53,30.477
N3,0.23880597014925373,0.10328358208955223,0.05970149253731343,0.16417910447761194,2.3121387283236996,0.13552238805970152,5.202053387150611,0.000999000999000999,1.0,sector_x_renewal,Security/Interior / new need,67,16,9.080000000000002
N3,0.625,0.13015,0.0625,0.2,4.802151363810988,0.49485,15.131208933564725,0.000999000999000999,1.0,sector_x_renewal,Social/Finance / renewal,80,50,39.588
N3,0.058823529411764705,0.08541176470588237,0.0,0.23529411764705882,0.6887052341597795,-0.026588235294117663,-0.4443495667526862,0.8381618381618382,0.5664335664335665,sector_x_renewal,Justice / new need,17,1,-0.4520000000000003
N3,,,,,,,,,,sector_x_renewal,Security/Interior / not eligible,0,0,
N3,0.2676056338028169,0.2330140845070423,0.19718309859154928,0.2676056338028169,1.1484526112185682,0.03459154929577457,1.8461293033705994,0.07692307692307693,0.986013986013986,sector_x_renewal,Provincial admin / new need,71,19,2.4559999999999946
N3,,,,,,,,,,sector_x_renewal,Justice / not eligible,0,0,
N3,0.6428571428571429,0.15970238095238093,0.10714285714285714,0.21428571428571427,4.025344763324638,0.483154761904762,17.100882375981445,0.000999000999000999,1.0,sector_x_renewal,Agriculture/Environment / renewal,84,54,40.58500000000001
N3,0.5,0.09060416666666665,0.020833333333333332,0.1875,5.51851000229938,0.40939583333333335,10.146447697223481,0.000999000999000999,1.0,sector_x_renewal,Defence / renewal,48,24,19.651
N3,0.5454545454545454,0.433,0.36363636363636365,0.5,1.259710266638673,0.11245454545454542,3.0604436204339125,0.005994005994005994,1.0,sector_x_renewal,Provincial admin / renewal,44,24,4.947999999999999
N3,0.36363636363636365,0.10090909090909089,0.030303030303030304,0.18181818181818182,3.603603603603604,0.26272727272727275,6.748050837367257,0.000999000999000999,1.0,sector_x_renewal,Security/Interior / renewal,33,12,8.670000000000002
N3,0.8571428571428571,0.11042857142857142,0.0,0.28928571428571104,7.7619663648124195,0.7467142857142857,6.4139308265448856,0.000999000999000999,1.0,sector_x_renewal,Justice / renewal,7,6,5.226999999999999
N3,,,,,,,,,,gapbin_x_renewal,none / not eligible,0,0,
N3,0.812807881773399,0.38651231527093594,0.33497536945812806,0.4336206896551723,2.1029288063011395,0.4262955665024631,16.912169311305895,0.000999000999000999,1.0,gapbin_x_renewal,91-183 / renewal,203,165,86.53800000000001
N3,0.5958904109589042,0.23575342465753427,0.1917808219178082,0.2808219178082192,2.52760023242301,0.3601369863013699,16.070942911577415,0.000999000999000999,1.0,gapbin_x_renewal,431-548 / renewal,146,87,52.580000000000005
N3,0.3467741935483871,0.21467741935483872,0.1951209677419355,0.23709677419354838,1.6153268219383923,0.1320967741935484,12.620911263157053,0.000999000999000999,1.0,gapbin_x_renewal,1-90 / new need,620,215,81.9
N3,0.7110849056603774,0.26088207547169817,0.2429245283018868,0.2794811320754717,2.7256947583488524,0.45020283018867924,44.91489246264464,0.000999000999000999,1.0,gapbin_x_renewal,301-430 / renewal,848,603,381.772
N3,0.7434782608695653,0.3717391304347826,0.32608695652173914,0.41739130434782606,2.0,0.3717391304347826,15.64405915343734,0.000999000999000999,1.0,gapbin_x_renewal,1-90 / renewal,230,171,85.5
N3,0.3559322033898305,0.20138347457627118,0.18215042372881354,0.22245762711864406,1.767435009941822,0.15454872881355933,14.261625644424726,0.000999000999000999,1.0,gapbin_x_renewal,731-1095 / new need,472,168,72.947
N3,0.18651362984218078,0.09665566714490674,0.08464849354375897,0.10907460545193684,1.9296709168905581,0.08985796269727404,14.318145383620191,0.000999000999000999,1.0,gapbin_x_renewal,>1095 / new need,697,130,62.63100000000001
N3,0.34459459459459457,0.18102027027027026,0.1554054054054054,0.20954391891891885,1.9036243514613116,0.1635743243243243,11.609105039281486,0.000999000999000999,1.0,gapbin_x_renewal,549-730 / new need,296,102,48.418
N3,0.3790523690773067,0.1854912718204489,0.1571072319201995,0.2119700748129676,2.043505149095211,0.19356109725685783,13.880878622988334,0.000999000999000999,1.0,gapbin_x_renewal,91-183 / new need,401,152,77.618
N3,0.2808988764044944,0.1430749063670412,0.11610486891385768,0.1760299625468165,1.9632993900683229,0.1378239700374532,8.963255655842932,0.000999000999000999,1.0,gapbin_x_renewal,184-300 / new need,267,75,36.79900000000001
N3,0.3282442748091603,0.15329007633587788,0.12585877862595418,0.18702290076335878,2.141327623126338,0.17495419847328242,10.950097066054186,0.000999000999000999,1.0,gapbin_x_renewal,301-430 / new need,262,86,45.837999999999994
N3,0.7246835443037974,0.2631645569620253,0.22468354430379747,0.30063291139240506,2.753727753727754,0.46151898734177216,24.314645754205365,0.000999000999000999,1.0,gapbin_x_renewal,184-300 / renewal,316,229,145.84
N3,0.25161290322580643,0.09486451612903227,0.06451612903225806,0.13548387096774195,2.65233949945593,0.15674838709677416,8.595105563453101,0.000999000999000999,1.0,gapbin_x_renewal,431-548 / new need,155,39,24.295999999999996
N3,0.4550515463917526,0.2081,0.20185567010309277,0.21422680412371134,2.1866965227859327,0.2469515463917526,79.97179443995202,0.000999000999000999,1.0,multi_lot,single-lot title,4850,2207,1197.7150000000001
N3,0.23809523809523808,0.15933333333333333,0.09523809523809523,0.22261904761904724,1.4943215780035863,0.07876190476190476,2.2129780699394974,0.025974025974025976,0.9920079920079921,multi_lot,multi-lot title,63,15,4.962
N3,0.457426579336573,0.20915825058102683,0.20303718571730403,0.21529685189097825,2.1869879771219844,0.24826832875554616,79.00868101040271,0.000999000999000999,1.0,natural_person,company winner,4733,2165,1175.054
N3,0.31666666666666665,0.16320555555555552,0.13333333333333333,0.19444444444444445,1.940293426830514,0.15346111111111113,8.718214800055357,0.000999000999000999,1.0,natural_person,natural-person winner,180,57,27.623000000000005
N4_home,,,,,,,,,,renewal,not eligible,0,0,
N4_home,0.7200229489386116,0.26346987951807227,0.25012908777969023,0.2776821572002295,2.732847300251727,0.45655306942053936,63.2541406671743,0.000999000999000999,1.0,renewal,renewal,1743,1255,795.772
N4_home,0.30504731861198736,0.1418403785488959,0.13406940063091483,0.1498422712933754,2.150638074522834,0.16320694006309147,39.99340775930126,0.000999000999000999,1.0,renewal,new need,3170,967,517.366
N4_home,,,,,,,,,,renewal_t040,not eligible,0,0,
N4_home,0.7087587318645889,0.26063030628694245,0.24717893605588392,0.2740596453519613,2.7194025973490468,0.4481284255776465,65.09131493932445,0.000999000999000999,1.0,renewal_t040,renewal,1861,1319,833.9670000000001
N4_home,0.2958715596330275,0.13886926605504588,0.1310615989515072,0.14711664482306683,2.1305762465522653,0.15700229357798165,37.82648605543842,0.000999000999000999,1.0,renewal_t040,new need,3052,903,479.171
N4_home,,,,,,,,,,renewal_t067,not eligible,0,0,
N4_home,0.7443298969072165,0.2760515463917525,0.2611683848797251,0.2920962199312715,2.6963438772080526,0.468278350515464,58.98274896259162,0.000999000999000999,1.0,renewal_t067,renewal,1455,1083,681.3450000000001
N4_home,0.32938114517061884,0.1466764025448236,0.13880855986119145,0.15442452284557548,2.2456314680199605,0.18270474262579525,46.29938507442953,0.000999000999000999,1.0,renewal_t067,new need,3458,1139,631.793
N4_home,,,,,,,,,,renewal_0_18m,not eligible,0,0,
N4_home,0.694811320754717,0.2663264150943397,0.25424528301886795,0.2783018867924528,2.608871224841129,0.4284849056603773,66.94987049223472,0.000999000999000999,1.0,renewal_0_18m,renewal,2120,1473,908.3879999999998
N4_home,0.2681704260651629,0.12325456498388829,0.11493018259935553,0.13211600429645542,2.175744371822803,0.1449158610812746,33.75786657641659,0.000999000999000999,1.0,renewal_0_18m,new need,2793,749,404.75
N4_home,,,,,,,,,,renewal_0_24m,not eligible,0,0,
N4_home,0.6836823734729494,0.2633368237347295,0.25174520069808026,0.27530541012216403,2.596227765554171,0.42034554973821986,69.05408377723356,0.000999000999000999,1.0,renewal_0_24m,renewal,2292,1567,963.4319999999999
N4_home,0.24990461655856544,0.11647996947729874,0.1079740557039298,0.1255246089278901,2.1454728884288587,0.1334246470812667,29.89722349348163,0.000999000999000999,1.0,renewal_0_24m,new need,2621,655,349.706
N4_home,,,,,,,,,,renewal4,not eligible,0,0,
N4_home,0.7200229489386116,0.26346987951807227,0.25012908777969023,0.2776821572002295,2.732847300251727,0.45655306942053936,63.2541406671743,0.000999000999000999,1.0,renewal4,A renewal (similar title 6-18 m earlier),1743,1255,795.772
N4_home,0.1884742560226736,0.09458148323098726,0.08549834671705243,0.10298771846953234,1.992718337503558,0.09389277279168633,20.40470487179564,0.000999000999000999,1.0,renewal4,D no similar-title prior,2117,399,198.77099999999996
N4_home,0.5177514792899408,0.21304881656804733,0.19230769230769232,0.23668639053254437,2.430201151221002,0.3047026627218935,27.057446875169365,0.000999000999000999,1.0,renewal4,C similar title only > 18 m earlier,676,350,205.979
N4_home,0.5782493368700266,0.2795331564986738,0.2493368700265252,0.3129973474801061,2.0686252182494496,0.2987161803713528,19.2623586245101,0.000999000999000999,1.0,renewal4,B similar title only < 6 m earlier,377,218,112.616
N4_home,,,,,,,,,,market_x_renewal,custom_software_web_mobile / not eligible,0,0,
N4_home,0.8689788053949904,0.4393892100192678,0.41040462427745666,0.4682080924855491,1.9776971886880985,0.4295895953757226,28.688738791661944,0.000999000999000999,1.0,market_x_renewal,health_information_systems / renewal,519,451,222.95700000000002
N4_home,,,,,,,,,,market_x_renewal,smart_city_traffic_OT / not eligible,0,0,
N4_home,,,,,,,,,,market_x_renewal,health_information_systems / not eligible,0,0,
N4_home,,,,,,,,,,market_x_renewal,GIS_city_information / not eligible,0,0,
N4_home,0.5933609958506224,0.17414107883817426,0.14107883817427386,0.21161825726141079,3.4073579870377433,0.41921991701244815,23.01642556220148,0.000999000999000999,1.0,market_x_renewal,software_licences / renewal,241,143,101.03200000000001
N4_home,,,,,,,,,,market_x_renewal,cybersecurity / not eligible,0,0,
N4_home,0.23345588235294118,0.07052205882352941,0.05330882352941176,0.08644301470588231,3.3103951621311647,0.16293382352941177,19.27934020310235,0.000999000999000999,1.0,market_x_renewal,ERP_management_software / new need,544,127,88.636
N4_home,,,,,,,,,,market_x_renewal,ERP_management_software / not eligible,0,0,
N4_home,,,,,,,,,,market_x_renewal,maintenance_support_services / not eligible,0,0,
N4_home,,,,,,,,,,market_x_renewal,call_centre_helpdesk / not eligible,0,0,
N4_home,,,,,,,,,,market_x_renewal,computers_peripherals / not eligible,0,0,
N4_home,,,,,,,,,,market_x_renewal,physical_security_surveillance / not eligible,0,0,
N4_home,,,,,,,,,,market_x_renewal,software_licences / not eligible,0,0,
N4_home,0.23076923076923078,0.21792307692307694,0.07692307692307693,0.3076923076923077,1.0589481115425343,0.01284615384615384,0.21352029692361457,0.6673326673326674,0.7992007992007992,market_x_renewal,call_centre_helpdesk / new need,13,3,0.16699999999999993
N4_home,0.8208955223880597,0.1515970149253731,0.10945273631840796,0.1890547263681592,5.414984739588462,0.6692985074626866,33.47849081498371,0.000999000999000999,1.0,market_x_renewal,ERP_management_software / renewal,201,165,134.529
N4_home,0.28415300546448086,0.09623497267759563,0.06557377049180328,0.13114754098360656,2.9527000170348074,0.18791803278688524,11.42703872735891,0.000999000999000999,1.0,market_x_renewal,maintenance_support_services / new need,183,52,34.388999999999996
N4_home,,,,,,,,,,market_x_renewal,education_technology / not eligible,0,0,
N4_home,,,,,,,,,,market_x_renewal,network_datacentre_infrastructure / not eligible,0,0,
N4_home,0.13447432762836187,0.027809290953545233,0.014669926650366748,0.04156479217603912,4.835589941972921,0.10666503667481664,15.468580798430377,0.000999000999000999,1.0,market_x_renewal,custom_software_web_mobile / new need,409,55,43.626000000000005
N4_home,0.1569767441860465,0.1113488372093023,0.08139534883720931,0.1511627906976744,1.4097744360902258,0.04562790697674421,2.5801069301407074,0.014985014985014986,0.995004995004995,market_x_renewal,GIS_city_information / new need,172,27,7.848000000000004
N4_home,0.7760416666666666,0.11621354166666666,0.08333333333333333,0.15625,6.6777215076412855,0.659828125,34.94341795473377,0.000999000999000999,1.0,market_x_renewal,maintenance_support_services / renewal,192,149,126.687
N4_home,0.16066481994459833,0.09941274238227146,0.07756232686980609,0.12465373961218837,1.616139099420419,0.06125207756232687,5.081353436283311,0.000999000999000999,1.0,market_x_renewal,software_licences / new need,361,58,22.112
N4_home,0.607094133697135,0.3036166439290587,0.283731241473397,0.3246930422919509,1.9995416780872697,0.30347748976807637,28.250732201764652,0.000999000999000999,1.0,market_x_renewal,health_information_systems / new need,733,445,222.44899999999998
N4_home,0.2782608695652174,0.13493913043478262,0.08695652173913043,0.1826086956521739,2.0621214073978607,0.14332173913043478,5.887362245378831,0.000999000999000999,1.0,market_x_renewal,cybersecurity / new need,115,32,16.482
N4_home,0.8275862068965517,0.3075,0.22370689655172415,0.39655172413793105,2.6913372582001682,0.5200862068965517,10.568983862581112,0.000999000999000999,1.0,market_x_renewal,GIS_city_information / renewal,58,48,30.165
N4_home,0.6696428571428571,0.1653660714285714,0.11607142857142858,0.22321428571428573,4.049457372712057,0.5042767857142857,18.387224752059595,0.000999000999000999,1.0,market_x_renewal,network_datacentre_infrastructure / renewal,112,75,56.479
N4_home,0.2361111111111111,0.06361574074074074,0.041666666666666664,0.08796296296296297,3.711520267811659,0.17249537037037038,13.335969049200735,0.000999000999000999,1.0,market_x_renewal,network_datacentre_infrastructure / new need,216,51,37.259
N4_home,0.6956521739130435,0.2591521739130435,0.15217391304347827,0.3695652173913043,2.684338562201157,0.43649999999999994,8.358613534531212,0.000999000999000999,1.0,market_x_renewal,cybersecurity / renewal,46,32,20.078999999999997
N4_home,0.5443037974683544,0.09212658227848101,0.05063291139240506,0.13924050632911392,5.90821654300632,0.4521772151898734,18.347932887286355,0.000999000999000999,1.0,market_x_renewal,custom_software_web_mobile / renewal,79,43,35.722
N4_home,0.2573099415204678,0.13015789473684208,0.09941520467836257,0.16374269005847952,1.9769061418879457,0.12715204678362574,7.834283450942766,0.000999000999000999,1.0,market_x_renewal,computers_peripherals / new need,171,44,21.743000000000002
N4_home,0.19230769230769232,0.1159423076923077,0.057692307692307696,0.17307692307692307,1.6586498590147618,0.07636538461538461,2.6637323928866703,0.012987012987012988,0.997002997002997,market_x_renewal,education_technology / new need,52,10,3.971
N4_home,0.33636363636363636,0.23837272727272724,0.2,0.2818181818181818,1.4110827199572864,0.09799090909090913,4.818027879320946,0.000999000999000999,1.0,market_x_renewal,physical_security_surveillance / new need,110,37,10.779000000000003
N4_home,0.23684210526315788,0.20631578947368417,0.15789473684210525,0.2631578947368421,1.1479591836734695,0.030526315789473707,1.1388775477193962,0.23976023976023977,0.9430569430569431,market_x_renewal,smart_city_traffic_OT / new need,38,9,1.1600000000000008
N4_home,0.5416666666666666,0.35730555555555554,0.3055555555555556,0.4166666666666667,1.5159760553525616,0.1843611111111111,6.787351764003216,0.000999000999000999,1.0,market_x_renewal,physical_security_surveillance / renewal,72,39,13.273999999999997
N4_home,0.6428571428571429,0.22757142857142856,0.10714285714285714,0.35714285714285715,2.824858757062147,0.41528571428571437,6.627072342211887,0.000999000999000999,1.0,market_x_renewal,education_technology / renewal,28,18,11.628000000000002
N4_home,0.43636363636363634,0.20110909090909093,0.15454545454545454,0.2545454545454545,2.169785733658801,0.2352545454545454,9.744720306636214,0.000999000999000999,1.0,market_x_renewal,computers_peripherals / renewal,110,48,25.877999999999997
N4_home,0.5,0.24733333333333335,0.0,0.5,2.0215633423180592,0.25266666666666665,1.79605668007937,0.11688311688311688,1.0,market_x_renewal,call_centre_helpdesk / renewal,6,3,1.516
N4_home,0.7,0.5275,0.45,0.6,1.3270142180094786,0.1725,3.790686232702942,0.002997002997002997,1.0,market_x_renewal,smart_city_traffic_OT / renewal,20,14,3.4499999999999997
N4_home,,,,,,,,,,market_x_renewal,other_IT / not eligible,0,0,
N4_home,0.4576271186440678,0.247864406779661,0.2033898305084746,0.3050847457627119,1.8462800875273524,0.2097627118644068,7.879301303912744,0.000999000999000999,1.0,market_x_renewal,other_IT / renewal,59,27,12.376000000000001
N4_home,0.32075471698113206,0.19349056603773584,0.1320754716981132,0.24528301886792453,1.6577279375914187,0.12726415094339621,4.455016609750735,0.000999000999000999,1.0,market_x_renewal,other_IT / new need,53,17,6.744999999999999
N4_home,,,,,,,,,,procedure_x_renewal,open / not eligible,0,0,
N4_home,0.7345679012345679,0.22542283950617287,0.19444444444444445,0.25925925925925924,3.258622342100579,0.509145061728395,30.6780930684814,0.000999000999000999,1.0,procedure_x_renewal,other / renewal,324,238,164.963
N4_home,,,,,,,,,,procedure_x_renewal,other / not eligible,0,0,
N4_home,0.6693262411347518,0.23550797872340426,0.21808510638297873,0.2526595744680851,2.8420533553168985,0.4338182624113476,49.71964024691779,0.000999000999000999,1.0,procedure_x_renewal,open / renewal,1128,755,489.3470000000001
N4_home,0.30684788290642967,0.14027914270778882,0.12963930998431783,0.15107161526398327,2.187409168486402,0.16656874019864085,30.23476884361108,0.000999000999000999,1.0,procedure_x_renewal,open / new need,1913,587,318.64599999999996
N4_home,,,,,,,,,,procedure_x_renewal,21(b) / not eligible,0,0,
N4_home,0.20967741935483872,0.09346666666666667,0.07956989247311828,0.1086021505376344,2.2433390087892873,0.11621075268817205,16.268250613655102,0.000999000999000999,1.0,procedure_x_renewal,other / new need,930,195,108.07600000000001
N4_home,0.9003436426116839,0.41421993127147777,0.3711340206185567,0.4570446735395189,2.1735884119530766,0.4861237113402061,22.40342169422607,0.000999000999000999,1.0,procedure_x_renewal,21(b) / renewal,291,262,141.462
N4_home,0.5657492354740061,0.2885504587155963,0.25688073394495414,0.3211009174311927,1.960659629488321,0.2771987767584098,16.87115360681997,0.000999000999000999,1.0,procedure_x_renewal,21(b) / new need,327,185,90.644
N4_home,,,,,,,,,,sector_x_renewal,Other public / not eligible,0,0,
N4_home,0.8390804597701149,0.4094614121510673,0.3842364532019704,0.4351395730706076,2.0492296340260343,0.4296190476190476,32.629063599043256,0.000999000999000999,1.0,sector_x_renewal,Health / renewal,609,511,261.638
N4_home,,,,,,,,,,sector_x_renewal,Municipal/Local / not eligible,0,0,
N4_home,,,,,,,,,,sector_x_renewal,Health / not eligible,0,0,
N4_home,0.7544378698224852,0.23993491124260355,0.20414201183431951,0.27514792899408286,3.144343880243656,0.5145029585798816,29.57150149309389,0.000999000999000999,1.0,sector_x_renewal,Municipal/Local / renewal,338,255,173.902
N4_home,0.21972132904608788,0.10069882100750269,0.08678992497320473,0.11471061093247586,2.1819652588555853,0.11902250803858519,16.36357694071443,0.000999000999000999,1.0,sector_x_renewal,Municipal/Local / new need,933,205,111.04799999999999
N4_home,,,,,,,,,,sector_x_renewal,Social/Finance / not eligible,0,0,
N4_home,,,,,,,,,,sector_x_renewal,Infrastructure/Transport / not eligible,0,0,
N4_home,,,,,,,,,,sector_x_renewal,Provincial admin / not eligible,0,0,
N4_home,,,,,,,,,,sector_x_renewal,Education / not eligible,0,0,
N4_home,0.6951219512195121,0.17968292682926829,0.12195121951219512,0.24390243902439024,3.8686032306230485,0.5154390243902438,16.341060362094204,0.000999000999000999,1.0,sector_x_renewal,Infrastructure/Transport / renewal,82,57,42.26599999999999
N4_home,0.22727272727272727,0.06860427807486631,0.0481283422459893,0.08823529411764706,3.3128069218177565,0.15866844919786094,15.909355391559634,0.000999000999000999,1.0,sector_x_renewal,Other public / new need,374,85,59.34199999999999
N4_home,0.5498320268756999,0.26907054871220604,0.2519316909294513,0.2877939529675252,2.0434493091393375,0.28076147816349384,30.136266551181077,0.000999000999000999,1.0,sector_x_renewal,Health / new need,893,491,250.72
N4_home,0.18695652173913044,0.09770434782608695,0.0782608695652174,0.12173913043478261,1.9134923460306161,0.08925217391304349,8.086867773268386,0.000999000999000999,1.0,sector_x_renewal,Education / new need,230,43,20.528000000000002
N4_home,,,,,,,,,,sector_x_renewal,Defence / not eligible,0,0,
N4_home,0.5598086124401914,0.16052153110047845,0.1291866028708134,0.19617224880382775,3.4874362872216764,0.39928708133971297,22.551612781679598,0.000999000999000999,1.0,sector_x_renewal,Education / renewal,209,117,83.45100000000001
N4_home,0.69377990430622,0.1372153110047847,0.10047846889952153,0.17703349282296652,5.0561405955784915,0.5565645933014354,27.485986251946073,0.000999000999000999,1.0,sector_x_renewal,Other public / renewal,209,145,116.32199999999999
N4_home,0.15079365079365079,0.06744444444444443,0.031746031746031744,0.10337301587301569,2.2358201929865853,0.08334920634920635,4.430152829991495,0.000999000999000999,1.0,sector_x_renewal,Agriculture/Environment / new need,126,19,10.502
N4_home,,,,,,,,,,sector_x_renewal,Agriculture/Environment / not eligible,0,0,
N4_home,0.1724137931034483,0.060517241379310346,0.025646551724137944,0.10344827586206896,2.849002849002849,0.11189655172413794,5.26856284040769,0.000999000999000999,1.0,sector_x_renewal,Social/Finance / new need,116,20,12.98
N4_home,0.18072289156626506,0.07248192771084339,0.024096385542168676,0.13253012048192772,2.493351063829787,0.10824096385542167,3.8976021244521504,0.000999000999000999,1.0,sector_x_renewal,Defence / new need,83,15,8.983999999999998
N4_home,0.20384615384615384,0.08281923076923076,0.057692307692307696,0.11153846153846154,2.4613384108113134,0.12102692307692309,8.751021495863835,0.000999000999000999,1.0,sector_x_renewal,Infrastructure/Transport / new need,260,53,31.467000000000002
N4_home,0.23880597014925373,0.0942238805970149,0.04477611940298507,0.14925373134328357,2.534452716616506,0.14458208955223883,5.22861107142188,0.000999000999000999,1.0,sector_x_renewal,Security/Interior / new need,67,16,9.687000000000001
N4_home,0.625,0.1333125,0.075,0.2,4.688232536333802,0.4916875,14.944608193406179,0.000999000999000999,1.0,sector_x_renewal,Social/Finance / renewal,80,50,39.335
N4_home,0.058823529411764705,0.056647058823529405,0.0,0.17647058823529413,1.038421599169263,0.0021764705882353005,0.041304485460015854,0.6473526473526473,0.7432567432567433,sector_x_renewal,Justice / new need,17,1,0.03700000000000011
N4_home,,,,,,,,,,sector_x_renewal,Security/Interior / not eligible,0,0,
N4_home,0.2676056338028169,0.2384366197183099,0.2112676056338028,0.28169014084507044,1.1223344556677888,0.029169014084506978,1.536912382682661,0.11888111888111888,0.967032967032967,sector_x_renewal,Provincial admin / new need,71,19,2.0709999999999953
N4_home,,,,,,,,,,sector_x_renewal,Justice / not eligible,0,0,
N4_home,0.6428571428571429,0.16923809523809524,0.11904761904761904,0.2261904761904762,3.798536859876196,0.47361904761904766,16.898199698475242,0.000999000999000999,1.0,sector_x_renewal,Agriculture/Environment / renewal,84,54,39.784000000000006
N4_home,0.5,0.11722916666666668,0.041666666666666664,0.20833333333333334,4.2651501688288604,0.38277083333333334,8.560430367834744,0.000999000999000999,1.0,sector_x_renewal,Defence / renewal,48,24,18.373
N4_home,0.5454545454545454,0.38738636363636364,0.3181818181818182,0.45454545454545453,1.4080375476679377,0.15806818181818177,4.427653423529542,0.000999000999000999,1.0,sector_x_renewal,Provincial admin / renewal,44,24,6.954999999999998
N4_home,0.36363636363636365,0.10354545454545454,0.030303030303030304,0.18181818181818182,3.511852502194908,0.2600909090909091,6.132169174541681,0.000999000999000999,1.0,sector_x_renewal,Security/Interior / renewal,33,12,8.583
N4_home,0.8571428571428571,0.11957142857142855,0.0,0.42857142857142855,7.168458781362008,0.7375714285714285,5.95702586836176,0.000999000999000999,1.0,sector_x_renewal,Justice / renewal,7,6,5.163
N4_home,,,,,,,,,,gapbin_x_renewal,none / not eligible,0,0,
N4_home,0.812807881773399,0.3581034482758621,0.3103448275862069,0.4089901477832511,2.2697572047596117,0.4547044334975369,17.10552061696389,0.000999000999000999,1.0,gapbin_x_renewal,91-183 / renewal,203,165,92.30499999999999
N4_home,0.5958904109589042,0.2126780821917808,0.17123287671232876,0.2602739726027397,2.801842130688223,0.38321232876712336,16.629320780547342,0.000999000999000999,1.0,gapbin_x_renewal,431-548 / renewal,146,87,55.94900000000001
N4_home,0.3467741935483871,0.19394032258064517,0.17258064516129032,0.2161290322580645,1.788045873772278,0.15283387096774195,14.49237885724064,0.000999000999000999,1.0,gapbin_x_renewal,1-90 / new need,620,215,94.757
N4_home,0.7110849056603774,0.22560377358490563,0.20633844339622642,0.24410377358490565,3.1519193777703443,0.4854811320754718,47.58794751220446,0.000999000999000999,1.0,gapbin_x_renewal,301-430 / renewal,848,603,411.68800000000005
N4_home,0.7434782608695653,0.3420956521739131,0.29130434782608694,0.391304347826087,2.1733052032231006,0.4013826086956522,16.109180780970235,0.000999000999000999,1.0,gapbin_x_renewal,1-90 / renewal,230,171,92.318
N4_home,0.3559322033898305,0.1526271186440678,0.13135593220338984,0.17372881355932204,2.3320377568017765,0.2033050847457627,18.017117894424157,0.000999000999000999,1.0,gapbin_x_renewal,731-1095 / new need,472,168,95.96
N4_home,0.18651362984218078,0.07640889526542324,0.06312769010043041,0.09038737446197992,2.440993672193327,0.11010473457675754,15.113821566922688,0.000999000999000999,1.0,gapbin_x_renewal,>1095 / new need,697,130,76.74300000000001
N4_home,0.34459459459459457,0.14969256756756757,0.12162162162162163,0.17905405405405406,2.302015391906836,0.194902027027027,13.32164778397361,0.000999000999000999,1.0,gapbin_x_renewal,549-730 / new need,296,102,57.69099999999999
N4_home,0.3790523690773067,0.16708728179551122,0.14208229426433916,0.19451371571072318,2.268588997343363,0.2119650872817955,14.763375127247226,0.000999000999000999,1.0,gapbin_x_renewal,91-183 / new need,401,152,84.99799999999999
N4_home,0.2808988764044944,0.13424719101123597,0.10486891385767791,0.16853932584269662,2.092400401740877,0.14665168539325843,9.034395440447321,0.000999000999000999,1.0,gapbin_x_renewal,184-300 / new need,267,75,39.156
N4_home,0.3282442748091603,0.15646564885496184,0.12595419847328243,0.18711832061068695,2.0978679806800993,0.17177862595419846,10.426944407232066,0.000999000999000999,1.0,gapbin_x_renewal,301-430 / new need,262,86,45.006
N4_home,0.7246835443037974,0.2705316455696203,0.23417721518987342,0.3069620253164557,2.67873853640277,0.45415189873417716,25.11943337861561,0.000999000999000999,1.0,gapbin_x_renewal,184-300 / renewal,316,229,143.51199999999997
N4_home,0.25161290322580643,0.10287096774193549,0.07096774193548387,0.14193548387096774,2.44590780809031,0.14874193548387094,8.004305472235766,0.000999000999000999,1.0,gapbin_x_renewal,431-548 / new need,155,39,23.054999999999996
N4_home,0.4550515463917526,0.18584329896907217,0.17896907216494845,0.19216494845360824,2.448576563782812,0.26920824742268046,81.08850105927527,0.000999000999000999,1.0,multi_lot,single-lot title,4850,2207,1305.6600000000003
N4_home,0.23809523809523808,0.11939682539682539,0.06349206349206349,0.19047619047619047,1.9941504918904547,0.11869841269841269,3.4987943469927547,0.002997002997002997,0.999000999000999,multi_lot,multi-lot title,63,15,7.478
N4_home,0.457426579336573,0.1837141347982252,0.17704944010141557,0.19015423621381788,2.489882337246225,0.27371244453834775,79.83256410951338,0.000999000999000999,1.0,natural_person,company winner,4733,2165,1295.481
N4_home,0.31666666666666665,0.21857222222222225,0.18888888888888888,0.25555555555555554,1.448796482220471,0.0980944444444444,5.866660333962962,0.000999000999000999,1.0,natural_person,natural-person winner,180,57,17.656999999999993
N4b_prov_home,,,,,,,,,,renewal,not eligible,0,0,
N4b_prov_home,0.7200229489386116,0.34263912794033274,0.3304503729202525,0.3557085484796328,2.101403168011788,0.3773838209982789,58.47958779944462,0.000999000999000999,1.0,renewal,renewal,1743,1255,657.7800000000001
N4b_prov_home,0.30504731861198736,0.186296214511041,0.17981072555205047,0.19305993690851736,1.6374316537382378,0.11875110410094636,34.40001794413587,0.000999000999000999,1.0,renewal,new need,3170,967,376.441
N4b_prov_home,,,,,,,,,,renewal_t040,not eligible,0,0,
N4b_prov_home,0.7087587318645889,0.3408871574422353,0.32885545405695865,0.3530360021493821,2.0791593827781294,0.36787157442235363,59.2612744464864,0.000999000999000999,1.0,renewal_t040,renewal,1861,1319,684.6090000000002
N4b_prov_home,0.2958715596330275,0.18131979030144169,0.17463958060288334,0.18807339449541285,1.631766500177091,0.11455176933158584,32.838377694180146,0.000999000999000999,1.0,renewal_t040,new need,3052,903,349.61199999999997
N4b_prov_home,,,,,,,,,,renewal_t067,not eligible,0,0,
N4b_prov_home,0.7443298969072165,0.35797044673539513,0.3443298969072165,0.3725085910652921,2.0793054390252803,0.3863594501718214,54.730076482844545,0.000999000999000999,1.0,renewal_t067,renewal,1455,1083,562.1530000000001
N4b_prov_home,0.32938114517061884,0.19286639676113362,0.186524002313476,0.19954453441295547,1.7078202875255646,0.13651474840948521,39.96088373125436,0.000999000999000999,1.0,renewal_t067,new need,3458,1139,472.06799999999987
N4b_prov_home,,,,,,,,,,renewal_0_18m,not eligible,0,0,
N4b_prov_home,0.694811320754717,0.34781509433962265,0.33679245283018866,0.3589622641509434,1.9976456803115947,0.3469962264150943,61.473712802472996,0.000999000999000999,1.0,renewal_0_18m,renewal,2120,1473,735.632
N4b_prov_home,0.2681704260651629,0.1612642320085929,0.15466344432509846,0.16791979949874686,1.6629256390274658,0.10690619405656998,29.566155817057343,0.000999000999000999,1.0,renewal_0_18m,new need,2793,749,298.58899999999994
N4b_prov_home,,,,,,,,,,renewal_0_24m,not eligible,0,0,
N4b_prov_home,0.6836823734729494,0.3458913612565445,0.3355148342059337,0.35732984293193715,1.9765812334522812,0.33779101221640484,62.96880718703586,0.000999000999000999,1.0,renewal_0_24m,renewal,2292,1567,774.2169999999999
N4b_prov_home,0.24990461655856544,0.15070431133155282,0.1434566959175887,0.15795497901564287,1.6582446404520554,0.09920030522701262,26.763555648608435,0.000999000999000999,1.0,renewal_0_24m,new need,2621,655,260.0040000000001
N4b_prov_home,,,,,,,,,,renewal4,not eligible,0,0,
N4b_prov_home,0.7200229489386116,0.34263912794033274,0.3304503729202525,0.3557085484796328,2.101403168011788,0.3773838209982789,58.47958779944462,0.000999000999000999,1.0,renewal4,A renewal (similar title 6-18 m earlier),1743,1255,657.7800000000001
N4b_prov_home,0.1884742560226736,0.11484506376948513,0.10816013226263581,0.1223429381199811,1.6411176052022194,0.07362919225318847,19.467253292719217,0.000999000999000999,1.0,renewal4,D no similar-title prior,2117,399,155.873
N4b_prov_home,0.5177514792899408,0.3066331360946746,0.28846153846153844,0.3269230769230769,1.6885046602728622,0.21111834319526623,22.460700344271494,0.000999000999000999,1.0,renewal4,C similar title only > 18 m earlier,676,350,142.71599999999998
N4b_prov_home,0.5782493368700266,0.3717453580901857,0.34748010610079577,0.4005305039787798,1.5554984730427832,0.20650397877984084,15.50008883784533,0.000999000999000999,1.0,renewal4,B similar title only < 6 m earlier,377,218,77.85199999999999
N4b_prov_home,,,,,,,,,,market_x_renewal,custom_software_web_mobile / not eligible,0,0,
N4b_prov_home,0.8689788053949904,0.5386262042389209,0.51252408477842,0.5626204238921002,1.6133244141414504,0.33035260115606946,25.722645680444273,0.000999000999000999,1.0,market_x_renewal,health_information_systems / renewal,519,451,171.45300000000006
N4b_prov_home,,,,,,,,,,market_x_renewal,smart_city_traffic_OT / not eligible,0,0,
N4b_prov_home,,,,,,,,,,market_x_renewal,health_information_systems / not eligible,0,0,
N4b_prov_home,,,,,,,,,,market_x_renewal,GIS_city_information / not eligible,0,0,
N4b_prov_home,0.5933609958506224,0.24140663900414938,0.21161825726141079,0.27385892116182575,2.4579315560597466,0.351954356846473,21.27661184767032,0.000999000999000999,1.0,market_x_renewal,software_licences / renewal,241,143,84.821
N4b_prov_home,,,,,,,,,,market_x_renewal,cybersecurity / not eligible,0,0,
N4b_prov_home,0.23345588235294118,0.08806617647058823,0.07536764705882353,0.10294117647058823,2.650914252316941,0.14538970588235295,19.44867823532094,0.000999000999000999,1.0,market_x_renewal,ERP_management_software / new need,544,127,79.092
N4b_prov_home,,,,,,,,,,market_x_renewal,ERP_management_software / not eligible,0,0,
N4b_prov_home,,,,,,,,,,market_x_renewal,maintenance_support_services / not eligible,0,0,
N4b_prov_home,,,,,,,,,,market_x_renewal,call_centre_helpdesk / not eligible,0,0,
N4b_prov_home,,,,,,,,,,market_x_renewal,computers_peripherals / not eligible,0,0,
N4b_prov_home,,,,,,,,,,market_x_renewal,physical_security_surveillance / not eligible,0,0,
N4b_prov_home,,,,,,,,,,market_x_renewal,software_licences / not eligible,0,0,
N4b_prov_home,0.23076923076923078,0.18884615384615383,0.07692307692307693,0.3076923076923077,1.2219959266802445,0.04192307692307695,0.7482583201698979,0.4485514485514486,0.926073926073926,market_x_renewal,call_centre_helpdesk / new need,13,3,0.5450000000000004
N4b_prov_home,0.8208955223880597,0.31707462686567167,0.2835820895522388,0.3482587064676617,2.5889662963660327,0.5038208955223881,31.170850616862225,0.000999000999000999,1.0,market_x_renewal,ERP_management_software / renewal,201,165,101.268
N4b_prov_home,0.28415300546448086,0.11574316939890708,0.08743169398907104,0.14754098360655737,2.455030451820028,0.16840983606557378,10.837845060778676,0.000999000999000999,1.0,market_x_renewal,maintenance_support_services / new need,183,52,30.819000000000003
N4b_prov_home,,,,,,,,,,market_x_renewal,education_technology / not eligible,0,0,
N4b_prov_home,,,,,,,,,,market_x_renewal,network_datacentre_infrastructure / not eligible,0,0,
N4b_prov_home,0.13447432762836187,0.0451320293398533,0.034229828850855744,0.05867970660146699,2.979576358415949,0.08934229828850856,14.196762740159576,0.000999000999000999,1.0,market_x_renewal,custom_software_web_mobile / new need,409,55,36.541000000000004
N4b_prov_home,0.1569767441860465,0.11336046511627906,0.09302325581395349,0.13953488372093023,1.3847574110165146,0.04361627906976745,3.5449654612414547,0.002997002997002997,0.999000999000999,market_x_renewal,GIS_city_information / new need,172,27,7.502000000000002
N4b_prov_home,0.7760416666666666,0.168125,0.13020833333333334,0.20833333333333334,4.615861214374226,0.6079166666666667,31.48237234140073,0.000999000999000999,1.0,market_x_renewal,maintenance_support_services / renewal,192,149,116.72
N4b_prov_home,0.16066481994459833,0.10170914127423822,0.08033240997229917,0.12188365650969529,1.579649753520168,0.05895567867036011,5.4364459321688186,0.000999000999000999,1.0,market_x_renewal,software_licences / new need,361,58,21.283
N4b_prov_home,0.607094133697135,0.4339822646657572,0.417462482946794,0.4529331514324693,1.3988915749004271,0.17311186903137787,19.306226847630167,0.000999000999000999,1.0,market_x_renewal,health_information_systems / new need,733,445,126.89099999999998
N4b_prov_home,0.2782608695652174,0.17718260869565217,0.13043478260869565,0.22608695652173913,1.5704750687082842,0.10107826086956523,4.406197642533269,0.000999000999000999,1.0,market_x_renewal,cybersecurity / new need,115,32,11.624
N4b_prov_home,0.8275862068965517,0.3169310344827586,0.2413793103448276,0.39655172413793105,2.6112501360026115,0.5106551724137931,11.688840220439038,0.000999000999000999,1.0,market_x_renewal,GIS_city_information / renewal,58,48,29.618
N4b_prov_home,0.6696428571428571,0.21815178571428573,0.16964285714285715,0.2767857142857143,3.069618957966684,0.45149107142857137,16.721818705179324,0.000999000999000999,1.0,market_x_renewal,network_datacentre_infrastructure / renewal,112,75,50.56699999999999
N4b_prov_home,0.2361111111111111,0.10387962962962963,0.0787037037037037,0.12974537037037026,2.272929851145378,0.13223148148148148,10.341640290035587,0.000999000999000999,1.0,market_x_renewal,network_datacentre_infrastructure / new need,216,51,28.561999999999998
N4b_prov_home,0.6956521739130435,0.3258695652173913,0.2391304347826087,0.43478260869565216,2.134756504336224,0.36978260869565216,7.227222149797933,0.000999000999000999,1.0,market_x_renewal,cybersecurity / renewal,46,32,17.009999999999998
N4b_prov_home,0.5443037974683544,0.22494936708860758,0.17721518987341772,0.27848101265822783,2.419672500140679,0.31935443037974687,12.513818978005634,0.000999000999000999,1.0,market_x_renewal,custom_software_web_mobile / renewal,79,43,25.229000000000003
N4b_prov_home,0.2573099415204678,0.150812865497076,0.12280701754385964,0.18128654970760233,1.7061537864981193,0.10649707602339181,7.4831573064991765,0.000999000999000999,1.0,market_x_renewal,computers_peripherals / new need,171,44,18.211
N4b_prov_home,0.19230769230769232,0.11540384615384616,0.057692307692307696,0.17307692307692307,1.6663889351774703,0.07690384615384616,2.7367732880967273,0.016983016983016984,0.998001998001998,market_x_renewal,education_technology / new need,52,10,3.999
N4b_prov_home,0.33636363636363636,0.29278181818181814,0.2636363636363636,0.3181818181818182,1.148854250760728,0.04358181818181822,2.9571235458074954,0.004995004995004995,1.0,market_x_renewal,physical_security_surveillance / new need,110,37,4.794000000000004
N4b_prov_home,0.23684210526315788,0.19121052631578944,0.15789473684210525,0.23684210526315788,1.2386457473162678,0.04563157894736844,1.9890291731378476,0.08191808191808192,0.996003996003996,market_x_renewal,smart_city_traffic_OT / new need,38,9,1.7340000000000007
N4b_prov_home,0.5416666666666666,0.4015,0.3611111111111111,0.4444444444444444,1.349107513491075,0.1401666666666666,5.6604566100507245,0.000999000999000999,1.0,market_x_renewal,physical_security_surveillance / renewal,72,39,10.091999999999995
N4b_prov_home,0.6428571428571429,0.2731071428571429,0.17857142857142858,0.39285714285714285,2.3538642604943116,0.36975,6.402209311070742,0.000999000999000999,1.0,market_x_renewal,education_technology / renewal,28,18,10.353000000000002
N4b_prov_home,0.43636363636363634,0.21083636363636363,0.17272727272727273,0.2545454545454545,2.069679199724043,0.22552727272727272,10.471380776511959,0.000999000999000999,1.0,market_x_renewal,computers_peripherals / renewal,110,48,24.808
N4b_prov_home,0.5,0.3406666666666666,0.16666666666666666,0.5,1.4677103718199611,0.15933333333333338,1.3405450854623786,0.2777222777222777,1.0,market_x_renewal,call_centre_helpdesk / renewal,6,3,0.9560000000000003
N4b_prov_home,0.7,0.55245,0.5,0.65,1.2670829939361028,0.14754999999999996,3.870916577261033,0.002997002997002997,1.0,market_x_renewal,smart_city_traffic_OT / renewal,20,14,2.950999999999999
N4b_prov_home,,,,,,,,,,market_x_renewal,other_IT / not eligible,0,0,
N4b_prov_home,0.4576271186440678,0.25535593220338987,0.2033898305084746,0.3050847457627119,1.7921146953405016,0.20227118644067793,7.383769733185107,0.000999000999000999,1.0,market_x_renewal,other_IT / renewal,59,27,11.933999999999997
N4b_prov_home,0.32075471698113206,0.22935849056603774,0.16981132075471697,0.2830188679245283,1.3984863441921684,0.09139622641509432,3.0946460117421326,0.003996003996003996,1.0,market_x_renewal,other_IT / new need,53,17,4.8439999999999985
N4b_prov_home,,,,,,,,,,procedure_x_renewal,open / not eligible,0,0,
N4b_prov_home,0.7345679012345679,0.2978425925925926,0.26851851851851855,0.3271604938271605,2.4662956860550667,0.43672530864197534,28.157540159171695,0.000999000999000999,1.0,procedure_x_renewal,other / renewal,324,238,141.49900000000002
N4b_prov_home,,,,,,,,,,procedure_x_renewal,other / not eligible,0,0,
N4b_prov_home,0.6693262411347518,0.31454343971631205,0.2987588652482269,0.3306959219858156,2.127929426022745,0.35478280141843976,42.69372982280807,0.000999000999000999,1.0,procedure_x_renewal,open / renewal,1128,755,400.19500000000005
N4b_prov_home,0.30684788290642967,0.18694302143230526,0.17825405122843702,0.19602718243596445,1.6413979005765864,0.11990486147412441,25.69365155523476,0.000999000999000999,1.0,procedure_x_renewal,open / new need,1913,587,229.378
N4b_prov_home,,,,,,,,,,procedure_x_renewal,21(b) / not eligible,0,0,
N4b_prov_home,0.20967741935483872,0.11240537634408602,0.1021236559139785,0.12365591397849462,1.8653682428231153,0.09727204301075269,17.202428707109373,0.000999000999000999,1.0,procedure_x_renewal,other / new need,930,195,90.46300000000001
N4b_prov_home,0.9003436426116839,0.5014226804123711,0.4639175257731959,0.5360824742268041,1.7955782173060844,0.3989209621993127,21.024314897217927,0.000999000999000999,1.0,procedure_x_renewal,21(b) / renewal,291,262,116.086
N4b_prov_home,0.5657492354740061,0.3926605504587155,0.363914373088685,0.41896024464831805,1.4408099688473524,0.17308868501529062,12.272700797479663,0.000999000999000999,1.0,procedure_x_renewal,21(b) / new need,327,185,56.60000000000004
N4b_prov_home,,,,,,,,,,sector_x_renewal,Other public / not eligible,0,0,
N4b_prov_home,0.8390804597701149,0.5206863711001642,0.4975369458128079,0.541871921182266,1.611489192615532,0.31839408866995067,27.523904173989568,0.000999000999000999,1.0,sector_x_renewal,Health / renewal,609,511,193.90199999999996
N4b_prov_home,,,,,,,,,,sector_x_renewal,Municipal/Local / not eligible,0,0,
N4b_prov_home,,,,,,,,,,sector_x_renewal,Health / not eligible,0,0,
N4b_prov_home,0.7544378698224852,0.3148491124260355,0.28402366863905326,0.34911242603550297,2.396188650522933,0.43958875739644965,27.556369618798385,0.000999000999000999,1.0,sector_x_renewal,Municipal/Local / renewal,338,255,148.581
N4b_prov_home,0.21972132904608788,0.11321650589496249,0.10286709539121115,0.12540192926045016,1.9407181603885222,0.10650482315112539,17.90923084812326,0.000999000999000999,1.0,sector_x_renewal,Municipal/Local / new need,933,205,99.36899999999999
N4b_prov_home,,,,,,,,,,sector_x_renewal,Social/Finance / not eligible,0,0,
N4b_prov_home,,,,,,,,,,sector_x_renewal,Infrastructure/Transport / not eligible,0,0,
N4b_prov_home,,,,,,,,,,sector_x_renewal,Provincial admin / not eligible,0,0,
N4b_prov_home,,,,,,,,,,sector_x_renewal,Education / not eligible,0,0,
N4b_prov_home,0.6951219512195121,0.24668292682926835,0.1951219512195122,0.3048780487804878,2.817876211192406,0.4484390243902438,15.603827592434888,0.000999000999000999,1.0,sector_x_renewal,Infrastructure/Transport / renewal,82,57,36.77199999999999
N4b_prov_home,0.22727272727272727,0.09490641711229944,0.07754010695187166,0.11229946524064172,2.394703479363291,0.13236631016042782,15.157766495358983,0.000999000999000999,1.0,sector_x_renewal,Other public / new need,374,85,49.50500000000001
N4b_prov_home,0.5498320268756999,0.38912430011198207,0.374020156774916,0.4042833146696528,1.4129984344783129,0.1607077267637178,20.3401254539744,0.000999000999000999,1.0,sector_x_renewal,Health / new need,893,491,143.512
N4b_prov_home,0.18695652173913044,0.13653043478260873,0.11739130434782609,0.1565217391304348,1.3693395325138522,0.050426086956521704,5.1339196361227675,0.000999000999000999,1.0,sector_x_renewal,Education / new need,230,43,11.597999999999992
N4b_prov_home,,,,,,,,,,sector_x_renewal,Defence / not eligible,0,0,
N4b_prov_home,0.5598086124401914,0.25933014354066986,0.22966507177033493,0.291866028708134,2.1586715867158675,0.30047846889952157,18.963407432940134,0.000999000999000999,1.0,sector_x_renewal,Education / renewal,209,117,62.800000000000004
N4b_prov_home,0.69377990430622,0.21014354066985647,0.17703349282296652,0.24880382775119617,3.3014571948998177,0.4836363636363636,25.680067919590545,0.000999000999000999,1.0,sector_x_renewal,Other public / renewal,209,145,101.07999999999998
N4b_prov_home,0.15079365079365079,0.06395238095238095,0.03968253968253968,0.09523809523809523,2.357905187391412,0.08684126984126983,5.621696512405601,0.000999000999000999,1.0,sector_x_renewal,Agriculture/Environment / new need,126,19,10.941999999999998
N4b_prov_home,,,,,,,,,,sector_x_renewal,Agriculture/Environment / not eligible,0,0,
N4b_prov_home,0.1724137931034483,0.05209482758620689,0.017241379310344827,0.09482758620689655,3.309614429918915,0.12031896551724139,6.205741548959391,0.000999000999000999,1.0,sector_x_renewal,Social/Finance / new need,116,20,13.957
N4b_prov_home,0.18072289156626506,0.061686746987951804,0.024096385542168676,0.10843373493975904,2.9296875,0.11903614457831325,4.961401540936178,0.000999000999000999,1.0,sector_x_renewal,Defence / new need,83,15,9.88
N4b_prov_home,0.20384615384615384,0.09648846153846154,0.07307692307692308,0.12307692307692308,2.1126479850121576,0.1073576923076923,8.696637670842701,0.000999000999000999,1.0,sector_x_renewal,Infrastructure/Transport / new need,260,53,27.913
N4b_prov_home,0.23880597014925373,0.1135820895522388,0.07462686567164178,0.16417910447761194,2.102496714848883,0.12522388059701495,5.053248106315436,0.000999000999000999,1.0,sector_x_renewal,Security/Interior / new need,67,16,8.39
N4b_prov_home,0.625,0.14958749999999998,0.0875,0.2125,4.178156597309267,0.4754125,14.977384092013013,0.000999000999000999,1.0,sector_x_renewal,Social/Finance / renewal,80,50,38.033
N4b_prov_home,0.058823529411764705,0.06441176470588236,0.0,0.17647058823529413,0.9132420091324199,-0.005588235294117658,-0.10589734630986412,0.7282717282717283,0.7092907092907093,sector_x_renewal,Justice / new need,17,1,-0.09500000000000018
N4b_prov_home,,,,,,,,,,sector_x_renewal,Security/Interior / not eligible,0,0,
N4b_prov_home,0.2676056338028169,0.24690140845070424,0.22535211267605634,0.28169014084507044,1.0838562464346833,0.020704225352112637,1.3742253844351582,0.1838161838161838,0.974025974025974,sector_x_renewal,Provincial admin / new need,71,19,1.4699999999999973
N4b_prov_home,,,,,,,,,,sector_x_renewal,Justice / not eligible,0,0,
N4b_prov_home,0.6428571428571429,0.17310714285714282,0.13095238095238096,0.2261904761904762,3.713637301423562,0.4697500000000001,17.53580517418612,0.000999000999000999,1.0,sector_x_renewal,Agriculture/Environment / renewal,84,54,39.45900000000001
N4b_prov_home,0.5,0.10470833333333335,0.041666666666666664,0.1875,4.77516912057302,0.39529166666666665,9.836179205257729,0.000999000999000999,1.0,sector_x_renewal,Defence / renewal,48,24,18.974
N4b_prov_home,0.5454545454545454,0.4284772727272727,0.36363636363636365,0.5,1.2730069484962605,0.11697727272727271,3.5057057871705615,0.001998001998001998,1.0,sector_x_renewal,Provincial admin / renewal,44,24,5.146999999999999
N4b_prov_home,0.36363636363636365,0.12524242424242424,0.06060606060606061,0.21212121212121213,2.903459956448101,0.2383939393939394,6.51352032643451,0.000999000999000999,1.0,sector_x_renewal,Security/Interior / renewal,33,12,7.867000000000001
N4b_prov_home,0.8571428571428571,0.11928571428571426,0.0,0.42857142857142855,7.185628742514972,0.7378571428571429,6.153697621993908,0.000999000999000999,1.0,sector_x_renewal,Justice / renewal,7,6,5.165
N4b_prov_home,,,,,,,,,,gapbin_x_renewal,none / not eligible,0,0,
N4b_prov_home,0.812807881773399,0.4382512315270936,0.3891625615763547,0.4876847290640394,1.8546619457089866,0.3745566502463054,15.730022911107937,0.000999000999000999,1.0,gapbin_x_renewal,91-183 / renewal,203,165,76.035
N4b_prov_home,0.5958904109589042,0.29108904109589034,0.2534246575342466,0.3356164383561644,2.047106990752724,0.3048013698630138,14.136273500042472,0.000999000999000999,1.0,gapbin_x_renewal,431-548 / renewal,146,87,44.50100000000002
N4b_prov_home,0.3467741935483871,0.24461451612903223,0.22741935483870968,0.2629032258064516,1.4176353841791893,0.10215967741935489,11.234511317407684,0.000999000999000999,1.0,gapbin_x_renewal,1-90 / new need,620,215,63.339000000000034
N4b_prov_home,0.7110849056603774,0.31408254716981127,0.2959905660377358,0.33254716981132076,2.2640064278258785,0.39700235849056614,41.85860252090425,0.000999000999000999,1.0,gapbin_x_renewal,301-430 / renewal,848,603,336.6580000000001
N4b_prov_home,0.7434782608695653,0.4135043478260869,0.3695652173913043,0.45652173913043476,1.7979938174247685,0.32997391304347834,14.659229417497551,0.000999000999000999,1.0,gapbin_x_renewal,1-90 / renewal,230,171,75.89400000000002
N4b_prov_home,0.3559322033898305,0.2232584745762712,0.2055084745762712,0.24152542372881355,1.5942606616181745,0.1326737288135593,13.930687135682453,0.000999000999000999,1.0,gapbin_x_renewal,731-1095 / new need,472,168,62.621999999999986
N4b_prov_home,0.18651362984218078,0.11112051649928265,0.10043041606886657,0.12338593974175036,1.6784805877264335,0.07539311334289814,13.08106617589389,0.000999000999000999,1.0,gapbin_x_renewal,>1095 / new need,697,130,52.549
N4b_prov_home,0.34459459459459457,0.20704054054054055,0.18572635135135135,0.22972972972972974,1.6643822204816916,0.13755405405405402,11.25695565314991,0.000999000999000999,1.0,gapbin_x_renewal,549-730 / new need,296,102,40.71599999999999
N4b_prov_home,0.3790523690773067,0.21315211970074813,0.18952618453865336,0.23690773067331672,1.778318553010272,0.1659002493765586,13.748228869656105,0.000999000999000999,1.0,gapbin_x_renewal,91-183 / new need,401,152,66.526
N4b_prov_home,0.2808988764044944,0.16718352059925093,0.14222846441947565,0.19110486891385758,1.6801828038890634,0.11371535580524347,8.30408697626127,0.000999000999000999,1.0,gapbin_x_renewal,184-300 / new need,267,75,30.36200000000001
N4b_prov_home,0.3282442748091603,0.18217175572519084,0.15639312977099237,0.21374045801526717,1.801839552473339,0.14607251908396945,9.970229494866132,0.000999000999000999,1.0,gapbin_x_renewal,301-430 / new need,262,86,38.270999999999994
N4b_prov_home,0.7246835443037974,0.33008860759493663,0.2974683544303797,0.3639240506329114,2.1954212524446834,0.3945949367088608,23.129135621239588,0.000999000999000999,1.0,gapbin_x_renewal,184-300 / renewal,316,229,124.69200000000002
N4b_prov_home,0.25161290322580643,0.10931612903225806,0.07741935483870968,0.14193548387096774,2.301699716713881,0.14229677419354836,8.412600667055358,0.000999000999000999,1.0,gapbin_x_renewal,431-548 / new need,155,39,22.055999999999997
N4b_prov_home,0.4550515463917526,0.24282329896907218,0.23752061855670104,0.24845876288659793,1.874002817372609,0.21222824742268043,75.16910203465815,0.000999000999000999,1.0,multi_lot,single-lot title,4850,2207,1029.307
N4b_prov_home,0.23809523809523808,0.16009523809523807,0.09523809523809523,0.2222222222222222,1.4872099940511603,0.07800000000000001,2.4855894610438303,0.012987012987012988,0.996003996003996,multi_lot,multi-lot title,63,15,4.914000000000001
N4b_prov_home,0.457426579336573,0.24322945277836464,0.23769279526727236,0.2488907669554194,1.8806381139762252,0.21419712655820836,74.89274492360815,0.000999000999000999,1.0,natural_person,company winner,4733,2165,1013.7950000000002
N4b_prov_home,0.31666666666666665,0.2031888888888889,0.1776388888888889,0.23333333333333334,1.5584841690818614,0.11347777777777776,7.4505577453275516,0.000999000999000999,1.0,natural_person,natural-person winner,180,57,20.426
