IKN,yil_v3,urun_pazari,usul_v3,teklif_veren_sayisi,single,inc_status,renewal
2026/298845,2026,custom_software_web_mobile,open,1,1,buyer first in market (undefined),not eligible
2026/329373,2026,health_information_systems,negotiated_21f,2,0,incumbent winner,renewal
2026/157616,2026,smart_city_traffic_OT,open,4,0,buyer first in market (undefined),not eligible
2026/131018,2026,health_information_systems,open,1,1,buyer first in market (undefined),not eligible
2026/144025,2026,GIS_city_information,open,1,1,buyer first in market (undefined),not eligible
2026/315887,2026,custom_software_web_mobile,negotiated_21f,2,0,buyer first in market (undefined),not eligible
2026/173089,2026,software_licences,open,2,0,non-incumbent winner,renewal
2026/321140,2026,custom_software_web_mobile,negotiated_21f,1,1,buyer first in market (undefined),not eligible
2026/35239,2026,cybersecurity,open,3,0,buyer first in market (undefined),not eligible
2026/187468,2026,ERP_management_software,open,1,1,non-incumbent winner,new need
2026/138360,2026,custom_software_web_mobile,open,1,1,buyer first in market (undefined),not eligible
2026/147257,2026,software_licences,open,1,1,incumbent winner,renewal
2026/102023,2026,ERP_management_software,open,1,1,buyer first in market (undefined),not eligible
2026/224531,2026,maintenance_support_services,open,1,1,buyer first in market (undefined),not eligible
2026/79455,2026,call_centre_helpdesk,open,1,1,buyer first in market (undefined),not eligible
2026/208249,2026,custom_software_web_mobile,negotiated_21f,1,1,buyer first in market (undefined),not eligible
2025/2422959,2026,ERP_management_software,open,1,1,buyer first in market (undefined),not eligible
2026/16629,2026,smart_city_traffic_OT,open,2,0,buyer first in market (undefined),not eligible
2026/105904,2026,health_information_systems,open,1,1,incumbent winner,renewal
2026/220882,2026,ERP_management_software,negotiated_21b,1,1,buyer first in market (undefined),not eligible
2026/206987,2026,computers_peripherals,negotiated_21f,1,1,buyer first in market (undefined),not eligible
2026/54094,2026,ERP_management_software,open,1,1,buyer first in market (undefined),not eligible
2026/145544,2026,physical_security_surveillance,negotiated_21f,1,1,buyer first in market (undefined),not eligible
2026/37984,2026,maintenance_support_services,open,1,1,buyer first in market (undefined),not eligible
2026/44294,2026,software_licences,open,2,0,buyer first in market (undefined),not eligible
2026/145144,2026,custom_software_web_mobile,negotiated_21f,2,0,buyer first in market (undefined),not eligible
2026/149546,2026,ERP_management_software,negotiated_21f,1,1,buyer first in market (undefined),not eligible
2026/98748,2026,call_centre_helpdesk,open,1,1,incumbent winner,new need
2026/15249,2026,software_licences,open,1,1,buyer first in market (undefined),not eligible
2026/92893,2026,custom_software_web_mobile,negotiated_21f,1,1,buyer first in market (undefined),not eligible
2025/2394778,2026,custom_software_web_mobile,open,1,1,buyer first in market (undefined),not eligible
2025/2379832,2026,computers_peripherals,open,1,1,buyer first in market (undefined),not eligible
2025/2304887,2026,ERP_management_software,open,1,1,incumbent winner,renewal
2025/2328978,2026,software_licences,open,2,0,buyer first in market (undefined),not eligible
2026/24859,2026,call_centre_helpdesk,negotiated_21f,2,0,buyer first in market (undefined),not eligible
2025/2366856,2026,maintenance_support_services,open,7,0,non-incumbent winner,new need
2025/2391498,2026,education_technology,open,1,1,buyer first in market (undefined),not eligible
2025/2363607,2026,network_datacentre_infrastructure,open,1,1,buyer first in market (undefined),not eligible
2025/2198788,2026,physical_security_surveillance,open,2,0,buyer first in market (undefined),not eligible
2025/2333238,2026,custom_software_web_mobile,open,1,1,non-incumbent winner,new need
2025/2276427,2026,custom_software_web_mobile,negotiated_21f,1,1,non-incumbent winner,new need
2025/2123764,2026,custom_software_web_mobile,open,1,1,buyer first in market (undefined),not eligible
2025/1798960,2026,ERP_management_software,open,2,0,non-incumbent winner,new need
2025/2338243,2026,custom_software_web_mobile,open,1,1,non-incumbent winner,new need
2025/2281889,2026,physical_security_surveillance,open,1,1,buyer first in market (undefined),not eligible
2025/2391245,2025,cybersecurity,negotiated_21f,2,0,buyer first in market (undefined),not eligible
2025/2124635,2025,software_licences,open,1,1,buyer first in market (undefined),not eligible
2025/2197580,2025,software_licences,open,2,0,non-incumbent winner,renewal
2025/2270588,2025,GIS_city_information,open,1,1,non-incumbent winner,new need
2025/1848131,2025,software_licences,open,1,1,buyer first in market (undefined),not eligible
2025/2016155,2025,maintenance_support_services,open,1,1,incumbent winner,renewal
2025/2015961,2025,GIS_city_information,open,1,1,buyer first in market (undefined),not eligible
2025/2060934,2025,maintenance_support_services,open,3,0,buyer first in market (undefined),not eligible
2025/2327574,2025,health_information_systems,negotiated_21b,1,1,non-incumbent winner,renewal
2025/2294473,2025,software_licences,negotiated_21f,3,0,non-incumbent winner,new need
2025/2036789,2025,custom_software_web_mobile,open,4,0,buyer first in market (undefined),not eligible
2025/2030080,2025,software_licences,open,2,0,buyer first in market (undefined),not eligible
2025/2032345,2025,smart_city_traffic_OT,open,1,1,buyer first in market (undefined),not eligible
2025/2037136,2025,cybersecurity,open,2,0,buyer first in market (undefined),not eligible
2025/2002051,2025,health_information_systems,open,1,1,incumbent winner,renewal
2025/2225231,2025,software_licences,negotiated_21f,1,1,buyer first in market (undefined),not eligible
2025/2206121,2025,health_information_systems,negotiated_21b,1,1,non-incumbent winner,new need
2025/2139930,2025,cybersecurity,open,1,1,non-incumbent winner,new need
2025/1905625,2025,maintenance_support_services,open,1,1,incumbent winner,renewal
2025/2043510,2025,maintenance_support_services,open,1,1,buyer first in market (undefined),not eligible
2025/2192248,2025,custom_software_web_mobile,negotiated_21f,2,0,buyer first in market (undefined),not eligible
2025/2141847,2025,cybersecurity,negotiated_21f,3,0,incumbent winner,new need
2025/2084852,2025,software_licences,open,3,0,buyer first in market (undefined),not eligible
2025/1974303,2025,custom_software_web_mobile,open,3,0,buyer first in market (undefined),not eligible
2025/2107181,2025,ERP_management_software,negotiated_21f,1,1,non-incumbent winner,new need
2025/1898657,2025,cybersecurity,open,2,0,buyer first in market (undefined),not eligible
2025/2138761,2025,smart_city_traffic_OT,negotiated_21f,1,1,buyer first in market (undefined),not eligible
2025/1954752,2025,GIS_city_information,open,1,1,incumbent winner,renewal
2025/1834113,2025,network_datacentre_infrastructure,open,1,1,incumbent winner,renewal
2025/2129150,2025,GIS_city_information,negotiated_21f,1,1,non-incumbent winner,new need
2025/2045355,2025,ERP_management_software,negotiated_21f,1,1,buyer first in market (undefined),not eligible
2025/1797678,2025,physical_security_surveillance,open,1,1,buyer first in market (undefined),not eligible
2025/1886540,2025,computers_peripherals,open,3,0,buyer first in market (undefined),not eligible
2025/2040415,2025,custom_software_web_mobile,negotiated_21f,2,0,buyer first in market (undefined),not eligible
2025/1340589,2025,cybersecurity,open,1,1,buyer first in market (undefined),not eligible
2025/1730998,2025,software_licences,open,6,0,non-incumbent winner,new need
2025/1850221,2025,health_information_systems,open,2,0,non-incumbent winner,renewal
2025/1863609,2025,network_datacentre_infrastructure,open,1,1,buyer first in market (undefined),not eligible
2025/1711522,2025,network_datacentre_infrastructure,open,3,0,non-incumbent winner,new need
2025/1695682,2025,software_licences,open,5,0,non-incumbent winner,new need
2025/1666460,2025,cybersecurity,open,3,0,buyer first in market (undefined),not eligible
2025/1898194,2025,custom_software_web_mobile,negotiated_21f,2,0,buyer first in market (undefined),not eligible
2025/1815853,2025,software_licences,open,1,1,non-incumbent winner,new need
2025/1669233,2025,software_licences,open,3,0,non-incumbent winner,renewal
2025/1579595,2025,custom_software_web_mobile,open,1,1,buyer first in market (undefined),not eligible
2025/1706638,2025,software_licences,open,5,0,incumbent winner,renewal
2025/1846300,2025,cybersecurity,negotiated_21f,3,0,incumbent winner,renewal
2025/1700734,2025,call_centre_helpdesk,open,2,0,non-incumbent winner,new need
2025/1717158,2025,custom_software_web_mobile,open,1,1,incumbent winner,renewal
2025/1658877,2025,GIS_city_information,open,1,1,buyer first in market (undefined),not eligible
2025/1547181,2025,cybersecurity,open,1,1,buyer first in market (undefined),not eligible
2025/1625391,2025,physical_security_surveillance,open,1,1,buyer first in market (undefined),not eligible
2025/1372185,2025,GIS_city_information,open,1,1,incumbent winner,new need
2025/1613135,2025,ERP_management_software,open,2,0,buyer first in market (undefined),not eligible
2025/1607492,2025,custom_software_web_mobile,open,1,1,non-incumbent winner,new need
2025/1618939,2025,software_licences,open,1,1,buyer first in market (undefined),not eligible
2025/1638366,2025,cybersecurity,open,1,1,incumbent winner,renewal
2025/1526594,2025,custom_software_web_mobile,open,2,0,buyer first in market (undefined),not eligible
2025/1481729,2025,health_information_systems,open,3,0,non-incumbent winner,new need
2025/1650869,2025,software_licences,open,2,0,non-incumbent winner,renewal
2025/1729017,2025,GIS_city_information,negotiated_21f,2,0,buyer first in market (undefined),not eligible
2025/1708978,2025,custom_software_web_mobile,open,1,1,non-incumbent winner,new need
2025/1230915,2025,software_licences,open,1,1,buyer first in market (undefined),not eligible
2025/1441609,2025,custom_software_web_mobile,open,2,0,buyer first in market (undefined),not eligible
2025/1432454,2025,maintenance_support_services,open,1,1,buyer first in market (undefined),not eligible
2025/1752260,2025,custom_software_web_mobile,negotiated_21f,2,0,non-incumbent winner,new need
2025/1446772,2025,computers_peripherals,open,5,0,non-incumbent winner,new need
2025/1565503,2025,custom_software_web_mobile,open,1,1,buyer first in market (undefined),not eligible
2025/1559954,2025,software_licences,open,1,1,buyer first in market (undefined),not eligible
2025/1478491,2025,computers_peripherals,open,3,0,buyer first in market (undefined),not eligible
2025/1366285,2025,education_technology,open,2,0,non-incumbent winner,new need
2025/1472022,2025,network_datacentre_infrastructure,open,2,0,buyer first in market (undefined),not eligible
2025/1429556,2025,maintenance_support_services,open,1,1,buyer first in market (undefined),not eligible
2025/1570282,2025,ERP_management_software,negotiated_21f,3,0,incumbent winner,renewal
2025/1559454,2025,custom_software_web_mobile,open,1,1,buyer first in market (undefined),not eligible
2025/1596202,2025,ERP_management_software,negotiated_21f,1,1,buyer first in market (undefined),not eligible
2025/1344081,2025,network_datacentre_infrastructure,open,1,1,buyer first in market (undefined),not eligible
2025/1562888,2025,ERP_management_software,negotiated_21f,3,0,incumbent winner,renewal
2025/1550508,2025,maintenance_support_services,negotiated_21f,3,0,incumbent winner,renewal
2025/1505376,2025,ERP_management_software,negotiated_21f,3,0,non-incumbent winner,new need
2025/1204676,2025,software_licences,open,3,0,non-incumbent winner,new need
2025/956335,2025,software_licences,open,2,0,buyer first in market (undefined),not eligible
2025/1291251,2025,health_information_systems,open,1,1,buyer first in market (undefined),not eligible
2025/1350049,2025,network_datacentre_infrastructure,open,1,1,buyer first in market (undefined),not eligible
2025/1339923,2025,ERP_management_software,open,1,1,buyer first in market (undefined),not eligible
2025/1343985,2025,software_licences,open,3,0,buyer first in market (undefined),not eligible
2025/1284442,2025,GIS_city_information,open,1,1,incumbent winner,renewal
2025/1126846,2025,network_datacentre_infrastructure,open,1,1,buyer first in market (undefined),not eligible
2025/1244959,2025,ERP_management_software,open,1,1,buyer first in market (undefined),not eligible
2025/1376404,2025,software_licences,open,2,0,buyer first in market (undefined),not eligible
2025/1336837,2025,physical_security_surveillance,open,3,0,non-incumbent winner,new need
2025/1309745,2025,custom_software_web_mobile,open,1,1,buyer first in market (undefined),not eligible
2025/1245643,2025,computers_peripherals,open,9,0,buyer first in market (undefined),not eligible
2025/1394038,2025,custom_software_web_mobile,negotiated_21f,1,1,non-incumbent winner,new need
2025/1335478,2025,custom_software_web_mobile,negotiated_21f,2,0,buyer first in market (undefined),not eligible
2025/1339533,2025,ERP_management_software,negotiated_21f,1,1,non-incumbent winner,renewal
2025/1177436,2025,physical_security_surveillance,open,1,1,buyer first in market (undefined),not eligible
2025/1222243,2025,network_datacentre_infrastructure,open,1,1,non-incumbent winner,new need
2025/1208502,2025,software_licences,open,1,1,non-incumbent winner,new need
2025/1331244,2025,network_datacentre_infrastructure,negotiated_21f,1,1,buyer first in market (undefined),not eligible
2025/1270342,2025,software_licences,open,1,1,buyer first in market (undefined),not eligible
2025/1342359,2025,GIS_city_information,negotiated_21f,2,0,buyer first in market (undefined),not eligible
2025/1360584,2025,education_technology,negotiated_21b,3,0,buyer first in market (undefined),not eligible
2025/1093437,2025,custom_software_web_mobile,open,1,1,buyer first in market (undefined),not eligible
2025/1291948,2025,health_information_systems,negotiated_21b,1,1,buyer first in market (undefined),not eligible
2025/1135868,2025,custom_software_web_mobile,open,1,1,non-incumbent winner,new need
2025/1207774,2025,custom_software_web_mobile,open,1,1,buyer first in market (undefined),not eligible
2025/1333428,2025,health_information_systems,negotiated_21b,1,1,buyer first in market (undefined),not eligible
2025/1284286,2025,physical_security_surveillance,negotiated_21b,1,1,buyer first in market (undefined),not eligible
2025/1303283,2025,health_information_systems,negotiated_21b,1,1,buyer first in market (undefined),not eligible
2025/1265536,2025,custom_software_web_mobile,negotiated_21f,1,1,buyer first in market (undefined),not eligible
2025/1284942,2025,health_information_systems,negotiated_21b,1,1,incumbent winner,renewal
2025/1249531,2025,cybersecurity,negotiated_21f,1,1,buyer first in market (undefined),not eligible
2025/1256945,2025,health_information_systems,negotiated_21b,1,1,incumbent winner,new need
2025/1259641,2025,health_information_systems,negotiated_21b,1,1,incumbent winner,new need
2025/1151863,2025,custom_software_web_mobile,negotiated_21f,2,0,non-incumbent winner,new need
2025/935999,2025,education_technology,open,1,1,non-incumbent winner,new need
2025/1100959,2025,custom_software_web_mobile,open,1,1,buyer first in market (undefined),not eligible
2025/1063779,2025,cybersecurity,open,1,1,incumbent winner,renewal
2025/1114233,2025,maintenance_support_services,open,1,1,incumbent winner,new need
2025/1250440,2025,custom_software_web_mobile,negotiated_21f,1,1,buyer first in market (undefined),not eligible
2025/1055840,2025,custom_software_web_mobile,open,1,1,buyer first in market (undefined),not eligible
2025/1066629,2025,custom_software_web_mobile,open,1,1,buyer first in market (undefined),not eligible
2025/1017481,2025,smart_city_traffic_OT,open,2,0,buyer first in market (undefined),not eligible
2025/967770,2025,network_datacentre_infrastructure,open,1,1,non-incumbent winner,new need
2025/1112028,2025,custom_software_web_mobile,negotiated_21f,2,0,buyer first in market (undefined),not eligible
2025/869773,2025,health_information_systems,open,1,1,buyer first in market (undefined),not eligible
2025/1085107,2025,ERP_management_software,open,2,0,non-incumbent winner,new need
2025/884881,2025,software_licences,open,1,1,non-incumbent winner,new need
2025/1010986,2025,health_information_systems,open,1,1,incumbent winner,renewal
2025/753303,2025,cybersecurity,open,1,1,buyer first in market (undefined),not eligible
2025/1044317,2025,ERP_management_software,open,1,1,non-incumbent winner,new need
2025/888758,2025,custom_software_web_mobile,open,2,0,non-incumbent winner,new need
2025/997668,2025,ERP_management_software,open,1,1,non-incumbent winner,renewal
2025/992386,2025,education_technology,negotiated_21f,1,1,incumbent winner,new need
2025/897895,2025,custom_software_web_mobile,open,2,0,buyer first in market (undefined),not eligible
2025/1010211,2025,maintenance_support_services,negotiated_21f,2,0,incumbent winner,renewal
2025/981362,2025,ERP_management_software,open,1,1,non-incumbent winner,new need
2025/836395,2025,maintenance_support_services,open,1,1,buyer first in market (undefined),not eligible
2025/890136,2025,cybersecurity,open,1,1,buyer first in market (undefined),not eligible
2025/742628,2025,network_datacentre_infrastructure,open,1,1,buyer first in market (undefined),not eligible
2025/941922,2025,ERP_management_software,open,1,1,buyer first in market (undefined),not eligible
2025/723074,2025,custom_software_web_mobile,open,3,0,non-incumbent winner,new need
2025/798352,2025,maintenance_support_services,open,1,1,buyer first in market (undefined),not eligible
2025/850131,2025,smart_city_traffic_OT,open,1,1,non-incumbent winner,new need
2025/827290,2025,physical_security_surveillance,open,2,0,buyer first in market (undefined),not eligible
2025/889963,2025,network_datacentre_infrastructure,open,1,1,incumbent winner,new need
2025/945902,2025,GIS_city_information,negotiated_21f,1,1,buyer first in market (undefined),not eligible
2025/870407,2025,cybersecurity,negotiated_21f,1,1,buyer first in market (undefined),not eligible
2025/927992,2025,custom_software_web_mobile,negotiated_21b,1,1,non-incumbent winner,renewal
2025/781108,2025,health_information_systems,open,3,0,non-incumbent winner,new need
2025/869664,2025,software_licences,negotiated_21f,2,0,non-incumbent winner,new need
2025/816026,2025,ERP_management_software,open,1,1,buyer first in market (undefined),not eligible
2025/898773,2025,maintenance_support_services,negotiated_21f,1,1,buyer first in market (undefined),not eligible
2025/751342,2025,health_information_systems,open,1,1,buyer first in market (undefined),not eligible
2025/845632,2025,computers_peripherals,negotiated_21f,2,0,buyer first in market (undefined),not eligible
2025/856729,2025,ERP_management_software,negotiated_21f,1,1,buyer first in market (undefined),not eligible
2025/726148,2025,physical_security_surveillance,open,1,1,buyer first in market (undefined),not eligible
2025/764138,2025,software_licences,open,1,1,non-incumbent winner,new need
2025/892209,2025,health_information_systems,negotiated_21b,1,1,buyer first in market (undefined),not eligible
2025/820234,2025,cybersecurity,negotiated_21b,1,1,non-incumbent winner,new need
2025/675395,2025,smart_city_traffic_OT,open,1,1,buyer first in market (undefined),not eligible
2025/672257,2025,GIS_city_information,open,1,1,non-incumbent winner,new need
2025/686315,2025,software_licences,open,1,1,non-incumbent winner,new need
2025/716762,2025,GIS_city_information,negotiated_21f,2,0,buyer first in market (undefined),not eligible
2025/654354,2025,custom_software_web_mobile,open,1,1,incumbent winner,renewal
2025/743874,2025,custom_software_web_mobile,negotiated_21b,3,0,buyer first in market (undefined),not eligible
2025/779543,2025,health_information_systems,negotiated_21b,1,1,buyer first in market (undefined),not eligible
2025/601874,2025,network_datacentre_infrastructure,open,1,1,buyer first in market (undefined),not eligible
2025/603729,2025,custom_software_web_mobile,open,1,1,non-incumbent winner,new need
2025/551052,2025,network_datacentre_infrastructure,open,1,1,buyer first in market (undefined),not eligible
2025/717148,2025,software_licences,negotiated_21f,1,1,buyer first in market (undefined),not eligible
2025/564318,2025,ERP_management_software,open,1,1,non-incumbent winner,new need
2025/711779,2025,smart_city_traffic_OT,negotiated_21f,1,1,non-incumbent winner,new need
2025/610641,2025,custom_software_web_mobile,negotiated_21f,1,1,buyer first in market (undefined),not eligible
2025/531473,2025,cybersecurity,open,1,1,buyer first in market (undefined),not eligible
2025/512015,2025,computers_peripherals,open,1,1,buyer first in market (undefined),not eligible
2025/599617,2025,physical_security_surveillance,negotiated_21f,3,0,buyer first in market (undefined),not eligible
2025/381832,2025,custom_software_web_mobile,open,5,0,buyer first in market (undefined),not eligible
2025/406988,2025,custom_software_web_mobile,open,2,0,non-incumbent winner,new need
2025/516302,2025,custom_software_web_mobile,open,6,0,buyer first in market (undefined),not eligible
2025/625818,2025,software_licences,negotiated_21f,2,0,buyer first in market (undefined),not eligible
2025/551872,2025,custom_software_web_mobile,negotiated_21f,1,1,incumbent winner,new need
2025/462118,2025,ERP_management_software,open,1,1,non-incumbent winner,new need
2025/535267,2025,software_licences,open,1,1,incumbent winner,renewal
2025/572518,2025,custom_software_web_mobile,negotiated_21f,3,0,buyer first in market (undefined),not eligible
2025/404388,2025,software_licences,open,1,1,non-incumbent winner,new need
2025/391686,2025,health_information_systems,open,2,0,non-incumbent winner,new need
2025/505838,2025,smart_city_traffic_OT,negotiated_21f,1,1,buyer first in market (undefined),not eligible
2025/419836,2025,custom_software_web_mobile,open,2,0,incumbent winner,renewal
2025/475614,2025,custom_software_web_mobile,negotiated_21f,1,1,buyer first in market (undefined),not eligible
2025/502223,2025,custom_software_web_mobile,negotiated_21f,2,0,buyer first in market (undefined),not eligible
2025/259554,2025,network_datacentre_infrastructure,open,1,1,non-incumbent winner,new need
2025/447266,2025,ERP_management_software,negotiated_21f,1,1,buyer first in market (undefined),not eligible
2025/368658,2025,computers_peripherals,open,2,0,non-incumbent winner,new need
2025/413407,2025,cybersecurity,negotiated_21f,2,0,incumbent winner,renewal
2025/290415,2025,cybersecurity,open,2,0,incumbent winner,renewal
2025/252458,2025,custom_software_web_mobile,open,1,1,buyer first in market (undefined),not eligible
2025/260617,2025,custom_software_web_mobile,open,2,0,non-incumbent winner,new need
2025/246166,2025,GIS_city_information,open,1,1,buyer first in market (undefined),not eligible
2025/194570,2025,ERP_management_software,open,5,0,incumbent winner,renewal
2025/124372,2025,network_datacentre_infrastructure,open,1,1,incumbent winner,new need
2025/320431,2025,network_datacentre_infrastructure,negotiated_21b,3,0,non-incumbent winner,new need
2025/291090,2025,ERP_management_software,negotiated_21b,1,1,incumbent winner,renewal
2025/285243,2025,network_datacentre_infrastructure,negotiated_21f,2,0,buyer first in market (undefined),not eligible
2025/102315,2025,computers_peripherals,open,2,0,non-incumbent winner,new need
2025/191071,2025,health_information_systems,open,1,1,buyer first in market (undefined),not eligible
2025/258574,2025,ERP_management_software,negotiated_21f,1,1,incumbent winner,renewal
2025/100265,2025,network_datacentre_infrastructure,open,1,1,non-incumbent winner,new need
2025/62198,2025,maintenance_support_services,open,1,1,incumbent winner,renewal
2025/135095,2025,network_datacentre_infrastructure,open,1,1,buyer first in market (undefined),not eligible
2025/78317,2025,health_information_systems,open,2,0,buyer first in market (undefined),not eligible
2025/46225,2025,computers_peripherals,open,2,0,buyer first in market (undefined),not eligible
2025/19998,2025,ERP_management_software,open,1,1,incumbent winner,renewal
2024/1832226,2025,health_information_systems,open,1,1,non-incumbent winner,new need
2024/1153679,2025,custom_software_web_mobile,open,1,1,non-incumbent winner,new need
2025/133809,2025,ERP_management_software,negotiated_21f,1,1,buyer first in market (undefined),not eligible
2024/1837847,2025,cybersecurity,open,1,1,buyer first in market (undefined),not eligible
2025/91252,2025,software_licences,negotiated_21f,3,0,non-incumbent winner,new need
2025/8179,2025,cybersecurity,open,1,1,incumbent winner,new need
2024/1801007,2025,network_datacentre_infrastructure,open,1,1,non-incumbent winner,new need
2024/1901960,2025,software_licences,open,2,0,incumbent winner,new need
2025/87344,2025,call_centre_helpdesk,negotiated_21f,2,0,non-incumbent winner,new need
2024/1868541,2025,software_licences,open,1,1,incumbent winner,new need
2024/1903630,2025,GIS_city_information,open,1,1,buyer first in market (undefined),not eligible
2024/1838217,2025,software_licences,open,1,1,non-incumbent winner,new need
2025/55734,2025,custom_software_web_mobile,negotiated_21f,2,0,non-incumbent winner,new need
2025/29908,2025,custom_software_web_mobile,open,1,1,buyer first in market (undefined),not eligible
2024/1809263,2025,health_information_systems,open,1,1,buyer first in market (undefined),not eligible
2024/1772755,2025,maintenance_support_services,open,1,1,incumbent winner,renewal
2024/1825593,2025,software_licences,open,1,1,non-incumbent winner,new need
2024/1705017,2025,ERP_management_software,open,8,0,non-incumbent winner,new need
2024/1860500,2025,maintenance_support_services,open,2,0,non-incumbent winner,renewal
2024/1848168,2025,ERP_management_software,open,1,1,buyer first in market (undefined),not eligible
2024/1772180,2025,health_information_systems,open,1,1,buyer first in market (undefined),not eligible
2024/1783266,2025,maintenance_support_services,open,1,1,buyer first in market (undefined),not eligible
2024/1753718,2025,software_licences,open,1,1,incumbent winner,new need
2024/1890885,2025,custom_software_web_mobile,negotiated_21f,1,1,non-incumbent winner,new need
2024/1708740,2025,custom_software_web_mobile,open,1,1,non-incumbent winner,new need
2024/1863025,2024,smart_city_traffic_OT,negotiated_21f,1,1,buyer first in market (undefined),not eligible
2024/1702432,2024,software_licences,open,1,1,non-incumbent winner,new need
2024/1676178,2024,software_licences,open,1,1,non-incumbent winner,new need
2024/1723633,2024,software_licences,open,1,1,incumbent winner,renewal
2024/1615143,2024,custom_software_web_mobile,open,1,1,buyer first in market (undefined),not eligible
2024/1627627,2024,software_licences,open,1,1,incumbent winner,renewal
2024/1672596,2024,network_datacentre_infrastructure,open,1,1,buyer first in market (undefined),not eligible
2024/1645027,2024,network_datacentre_infrastructure,open,1,1,non-incumbent winner,new need
2024/1725271,2024,GIS_city_information,negotiated_21f,2,0,buyer first in market (undefined),not eligible
2024/1652225,2024,software_licences,open,1,1,incumbent winner,new need
2024/1583603,2024,physical_security_surveillance,open,1,1,incumbent winner,new need
2024/1740473,2024,health_information_systems,negotiated_21b,1,1,incumbent winner,renewal
2024/1480366,2024,software_licences,open,1,1,buyer first in market (undefined),not eligible
2024/1582083,2024,software_licences,open,1,1,incumbent winner,new need
2024/1724925,2024,cybersecurity,negotiated_21b,1,1,buyer first in market (undefined),not eligible
2024/1590458,2024,health_information_systems,open,1,1,buyer first in market (undefined),not eligible
2024/1578057,2024,ERP_management_software,open,1,1,buyer first in market (undefined),not eligible
2024/1614541,2024,software_licences,open,1,1,non-incumbent winner,new need
2024/1482403,2024,software_licences,open,2,0,incumbent winner,new need
2024/1589979,2024,network_datacentre_infrastructure,open,2,0,non-incumbent winner,renewal
2024/1550307,2024,health_information_systems,open,1,1,buyer first in market (undefined),not eligible
2024/1567956,2024,ERP_management_software,negotiated_21b,2,0,non-incumbent winner,new need
2024/1451357,2024,cybersecurity,open,1,1,buyer first in market (undefined),not eligible
2024/1598222,2024,software_licences,open,1,1,buyer first in market (undefined),not eligible
2024/1673137,2024,education_technology,negotiated_21f,3,0,incumbent winner,new need
2024/1660332,2024,custom_software_web_mobile,negotiated_21f,1,1,buyer first in market (undefined),not eligible
2024/1668021,2024,software_licences,negotiated_21f,3,0,non-incumbent winner,new need
2024/1636480,2024,custom_software_web_mobile,negotiated_21f,1,1,buyer first in market (undefined),not eligible
2024/1665616,2024,custom_software_web_mobile,negotiated_21f,2,0,buyer first in market (undefined),not eligible
2024/1427243,2024,software_licences,open,3,0,incumbent winner,renewal
2024/1466597,2024,GIS_city_information,open,1,1,non-incumbent winner,new need
2024/1419446,2024,custom_software_web_mobile,open,1,1,buyer first in market (undefined),not eligible
2024/1440570,2024,network_datacentre_infrastructure,open,1,1,non-incumbent winner,new need
2024/1653170,2024,network_datacentre_infrastructure,negotiated_21f,1,1,buyer first in market (undefined),not eligible
2024/1544100,2024,software_licences,open,1,1,non-incumbent winner,new need
2024/1455573,2024,maintenance_support_services,open,2,0,incumbent winner,renewal
2024/1495013,2024,software_licences,open,1,1,non-incumbent winner,new need
2024/1618975,2024,software_licences,negotiated_21f,1,1,buyer first in market (undefined),not eligible
2024/1607676,2024,cybersecurity,negotiated_21f,2,0,buyer first in market (undefined),not eligible
2024/1459625,2024,cybersecurity,open,2,0,buyer first in market (undefined),not eligible
2024/1615901,2024,custom_software_web_mobile,negotiated_21f,2,0,non-incumbent winner,new need
2024/1590288,2024,ERP_management_software,negotiated_21f,2,0,buyer first in market (undefined),not eligible
2024/1458214,2024,ERP_management_software,open,1,1,incumbent winner,new need
2024/1408892,2024,software_licences,open,2,0,buyer first in market (undefined),not eligible
2024/1445781,2024,software_licences,open,1,1,non-incumbent winner,new need
2024/1452738,2024,ERP_management_software,open,1,1,non-incumbent winner,new need
2024/1502199,2024,GIS_city_information,negotiated_21f,4,0,buyer first in market (undefined),not eligible
2024/1545215,2024,software_licences,negotiated_21f,2,0,buyer first in market (undefined),not eligible
2024/1378998,2024,custom_software_web_mobile,open,1,1,incumbent winner,new need
2024/1428278,2024,cybersecurity,open,1,1,non-incumbent winner,renewal
2024/1367989,2024,custom_software_web_mobile,open,1,1,non-incumbent winner,new need
2024/1351725,2024,software_licences,open,1,1,buyer first in market (undefined),not eligible
2024/1494600,2024,software_licences,negotiated_21f,1,1,incumbent winner,renewal
2024/1480826,2024,ERP_management_software,negotiated_21f,2,0,non-incumbent winner,new need
2024/1329651,2024,network_datacentre_infrastructure,open,5,0,incumbent winner,renewal
2024/1339427,2024,network_datacentre_infrastructure,open,4,0,incumbent winner,new need
2024/937183,2024,ERP_management_software,open,1,1,buyer first in market (undefined),not eligible
2024/1470968,2024,software_licences,negotiated_21f,2,0,buyer first in market (undefined),not eligible
2024/1338551,2024,physical_security_surveillance,open,1,1,non-incumbent winner,new need
2024/1482236,2024,education_technology,negotiated_21f,1,1,non-incumbent winner,new need
2024/1456200,2024,network_datacentre_infrastructure,negotiated_21f,1,1,buyer first in market (undefined),not eligible
2024/1298297,2024,custom_software_web_mobile,open,1,1,non-incumbent winner,new need
2024/1346626,2024,cybersecurity,open,1,1,non-incumbent winner,new need
2024/1211581,2024,health_information_systems,open,3,0,incumbent winner,new need
2024/1361137,2024,custom_software_web_mobile,open,1,1,incumbent winner,renewal
2024/1431539,2024,custom_software_web_mobile,negotiated_21f,3,0,buyer first in market (undefined),not eligible
2024/1402142,2024,cybersecurity,negotiated_21f,2,0,buyer first in market (undefined),not eligible
2024/1420191,2024,ERP_management_software,negotiated_21f,1,1,buyer first in market (undefined),not eligible
2024/1332859,2024,custom_software_web_mobile,open,1,1,non-incumbent winner,new need
2024/1289698,2024,cybersecurity,open,2,0,buyer first in market (undefined),not eligible
2024/1317801,2024,software_licences,open,2,0,buyer first in market (undefined),not eligible
2024/1413983,2024,computers_peripherals,negotiated_21b,1,1,buyer first in market (undefined),not eligible
2024/1344826,2024,software_licences,open,1,1,buyer first in market (undefined),not eligible
2024/1159152,2024,custom_software_web_mobile,open,1,1,incumbent winner,renewal
2024/1243226,2024,software_licences,open,1,1,non-incumbent winner,renewal
2024/1237961,2024,software_licences,open,1,1,buyer first in market (undefined),not eligible
2024/1164570,2024,cybersecurity,open,1,1,buyer first in market (undefined),not eligible
2024/1233265,2024,cybersecurity,open,2,0,non-incumbent winner,renewal
2024/1159875,2024,software_licences,open,1,1,non-incumbent winner,new need
2024/1158834,2024,custom_software_web_mobile,open,1,1,buyer first in market (undefined),not eligible
2024/1302461,2024,custom_software_web_mobile,negotiated_21f,2,0,buyer first in market (undefined),not eligible
2024/1179781,2024,call_centre_helpdesk,open,1,1,buyer first in market (undefined),not eligible
2024/1273883,2024,ERP_management_software,negotiated_21f,2,0,incumbent winner,new need
2024/1199258,2024,software_licences,open,3,0,buyer first in market (undefined),not eligible
2024/1121388,2024,cybersecurity,open,2,0,non-incumbent winner,new need
2024/1173478,2024,custom_software_web_mobile,open,1,1,incumbent winner,new need
2024/1090858,2024,custom_software_web_mobile,open,1,1,non-incumbent winner,new need
2024/1128834,2024,call_centre_helpdesk,open,2,0,buyer first in market (undefined),not eligible
2024/1063289,2024,software_licences,open,1,1,incumbent winner,new need
2024/1058635,2024,network_datacentre_infrastructure,open,2,0,incumbent winner,new need
2024/1070113,2024,custom_software_web_mobile,open,5,0,buyer first in market (undefined),not eligible
2024/1064305,2024,ERP_management_software,open,2,0,non-incumbent winner,new need
2024/1026763,2024,health_information_systems,open,1,1,incumbent winner,new need
2024/1022611,2024,software_licences,open,1,1,non-incumbent winner,new need
2024/1079770,2024,cybersecurity,negotiated_21f,2,0,non-incumbent winner,renewal
2024/969537,2024,maintenance_support_services,open,3,0,buyer first in market (undefined),not eligible
2024/1058610,2024,custom_software_web_mobile,negotiated_21f,2,0,incumbent winner,new need
2024/948896,2024,physical_security_surveillance,open,2,0,non-incumbent winner,new need
2024/1020501,2024,software_licences,open,6,0,buyer first in market (undefined),not eligible
2024/1069362,2024,network_datacentre_infrastructure,negotiated_21f,1,1,non-incumbent winner,new need
2024/831403,2024,custom_software_web_mobile,open,2,0,incumbent winner,new need
2024/1061707,2024,custom_software_web_mobile,negotiated_21f,2,0,buyer first in market (undefined),not eligible
2024/1061356,2024,smart_city_traffic_OT,negotiated_21f,2,0,buyer first in market (undefined),not eligible
2024/1027399,2024,custom_software_web_mobile,negotiated_21f,2,0,non-incumbent winner,new need
2024/904086,2024,custom_software_web_mobile,open,1,1,buyer first in market (undefined),not eligible
2024/850673,2024,cybersecurity,open,1,1,buyer first in market (undefined),not eligible
2024/812993,2024,custom_software_web_mobile,open,1,1,buyer first in market (undefined),not eligible
2024/966348,2024,ERP_management_software,negotiated_21f,2,0,non-incumbent winner,new need
2024/796912,2024,network_datacentre_infrastructure,open,3,0,incumbent winner,new need
2024/789224,2024,cybersecurity,open,1,1,incumbent winner,renewal
2024/928519,2024,ERP_management_software,negotiated_21f,3,0,non-incumbent winner,new need
2024/904868,2024,ERP_management_software,negotiated_21f,3,0,non-incumbent winner,new need
2024/741499,2024,software_licences,open,1,1,non-incumbent winner,new need
2024/889350,2024,GIS_city_information,negotiated_21f,2,0,non-incumbent winner,new need
2024/752909,2024,network_datacentre_infrastructure,open,3,0,non-incumbent winner,new need
2024/763969,2024,software_licences,open,2,0,non-incumbent winner,new need
2024/719409,2024,health_information_systems,open,1,1,buyer first in market (undefined),not eligible
2024/767923,2024,custom_software_web_mobile,negotiated_21f,1,1,non-incumbent winner,new need
2024/711552,2024,custom_software_web_mobile,open,4,0,non-incumbent winner,new need
2024/658670,2024,ERP_management_software,open,1,1,incumbent winner,new need
2024/689187,2024,custom_software_web_mobile,open,1,1,incumbent winner,new need
2024/814360,2024,custom_software_web_mobile,negotiated_21f,2,0,non-incumbent winner,new need
2024/778941,2024,health_information_systems,open,1,1,non-incumbent winner,new need
2024/807271,2024,ERP_management_software,negotiated_21b,1,1,buyer first in market (undefined),not eligible
2024/736447,2024,ERP_management_software,open,1,1,buyer first in market (undefined),not eligible
2024/756971,2024,cybersecurity,open,1,1,incumbent winner,new need
2024/783656,2024,maintenance_support_services,negotiated_21f,2,0,buyer first in market (undefined),not eligible
2024/796460,2024,physical_security_surveillance,negotiated_21f,3,0,buyer first in market (undefined),not eligible
2024/712331,2024,call_centre_helpdesk,open,1,1,buyer first in market (undefined),not eligible
2024/670528,2024,maintenance_support_services,open,1,1,incumbent winner,new need
2024/680334,2024,health_information_systems,open,1,1,buyer first in market (undefined),not eligible
2024/772565,2024,maintenance_support_services,negotiated_21f,3,0,non-incumbent winner,new need
2024/740203,2024,GIS_city_information,negotiated_21f,2,0,non-incumbent winner,new need
2024/612749,2024,GIS_city_information,open,1,1,buyer first in market (undefined),not eligible
2024/605233,2024,software_licences,open,1,1,incumbent winner,new need
2024/635043,2024,custom_software_web_mobile,open,1,1,buyer first in market (undefined),not eligible
2024/616904,2024,ERP_management_software,open,1,1,buyer first in market (undefined),not eligible
2024/577926,2024,software_licences,open,4,0,non-incumbent winner,new need
2024/692073,2024,custom_software_web_mobile,negotiated_21f,3,0,buyer first in market (undefined),not eligible
2024/686226,2024,custom_software_web_mobile,negotiated_21f,3,0,buyer first in market (undefined),not eligible
2024/689014,2024,call_centre_helpdesk,negotiated_21f,1,1,buyer first in market (undefined),not eligible
2024/568042,2024,custom_software_web_mobile,open,2,0,buyer first in market (undefined),not eligible
2024/650892,2024,smart_city_traffic_OT,negotiated_21f,1,1,buyer first in market (undefined),not eligible
2024/509888,2024,software_licences,open,3,0,non-incumbent winner,new need
2024/643554,2024,ERP_management_software,negotiated_21f,2,0,incumbent winner,new need
2024/616726,2024,custom_software_web_mobile,negotiated_21f,1,1,incumbent winner,new need
2024/520576,2024,custom_software_web_mobile,open,1,1,non-incumbent winner,new need
2024/344575,2024,ERP_management_software,restricted,3,0,buyer first in market (undefined),not eligible
2024/589716,2024,ERP_management_software,negotiated_21f,3,0,non-incumbent winner,new need
2024/569943,2024,maintenance_support_services,negotiated_21f,1,1,non-incumbent winner,new need
2024/567454,2024,cybersecurity,negotiated_21f,1,1,non-incumbent winner,new need
2024/429175,2024,software_licences,open,2,0,non-incumbent winner,new need
2024/524884,2024,software_licences,negotiated_21f,3,0,buyer first in market (undefined),not eligible
2024/410434,2024,software_licences,open,1,1,buyer first in market (undefined),not eligible
2024/345517,2024,maintenance_support_services,open,1,1,non-incumbent winner,new need
2024/317780,2024,custom_software_web_mobile,open,4,0,non-incumbent winner,renewal
2024/436531,2024,custom_software_web_mobile,negotiated_21f,2,0,buyer first in market (undefined),not eligible
2024/286168,2024,cybersecurity,open,1,1,non-incumbent winner,new need
2024/448698,2024,custom_software_web_mobile,negotiated_21f,1,1,non-incumbent winner,new need
2024/273701,2024,software_licences,open,1,1,non-incumbent winner,new need
2024/233988,2024,GIS_city_information,open,1,1,incumbent winner,new need
2024/188800,2024,network_datacentre_infrastructure,open,2,0,non-incumbent winner,new need
2024/144015,2024,computers_peripherals,open,4,0,non-incumbent winner,new need
2024/215873,2024,ERP_management_software,open,3,0,non-incumbent winner,new need
2024/238834,2024,network_datacentre_infrastructure,open,1,1,non-incumbent winner,new need
2024/374287,2024,network_datacentre_infrastructure,negotiated_21b,2,0,non-incumbent winner,new need
2024/346463,2024,physical_security_surveillance,negotiated_21f,3,0,non-incumbent winner,new need
2024/248286,2024,software_licences,open,1,1,incumbent winner,renewal
2024/312501,2024,network_datacentre_infrastructure,negotiated_21f,1,1,non-incumbent winner,new need
2024/129195,2024,software_licences,open,1,1,buyer first in market (undefined),not eligible
2024/176826,2024,software_licences,open,1,1,non-incumbent winner,new need
2024/306721,2024,software_licences,negotiated_21f,2,0,incumbent winner,renewal
2024/306733,2024,ERP_management_software,negotiated_21f,2,0,non-incumbent winner,new need
2024/292379,2024,network_datacentre_infrastructure,negotiated_21f,2,0,buyer first in market (undefined),not eligible
2024/294343,2024,maintenance_support_services,negotiated_21b,1,1,buyer first in market (undefined),not eligible
2024/291045,2024,network_datacentre_infrastructure,negotiated_21f,2,0,non-incumbent winner,new need
2024/123780,2024,computers_peripherals,open,2,0,buyer first in market (undefined),not eligible
2024/283045,2024,network_datacentre_infrastructure,negotiated_21f,2,0,incumbent winner,new need
2024/132304,2024,custom_software_web_mobile,open,1,1,non-incumbent winner,new need
2024/262259,2024,software_licences,negotiated_21f,2,0,incumbent winner,renewal
2024/229830,2024,ERP_management_software,negotiated_21f,1,1,buyer first in market (undefined),not eligible
2024/247330,2024,cybersecurity,negotiated_21f,2,0,non-incumbent winner,renewal
2024/260857,2024,ERP_management_software,negotiated_21f,1,1,incumbent winner,renewal
2024/268519,2024,custom_software_web_mobile,negotiated_21f,1,1,buyer first in market (undefined),not eligible
2024/66679,2024,maintenance_support_services,negotiated_21f,1,1,incumbent winner,renewal
2024/193256,2024,health_information_systems,open,1,1,non-incumbent winner,new need
2024/110085,2024,maintenance_support_services,open,1,1,incumbent winner,new need
2024/176874,2024,ERP_management_software,negotiated_21b,1,1,incumbent winner,renewal
2024/87354,2024,maintenance_support_services,open,3,0,non-incumbent winner,renewal
2024/58671,2024,custom_software_web_mobile,open,2,0,buyer first in market (undefined),not eligible
2024/49592,2024,custom_software_web_mobile,open,1,1,buyer first in market (undefined),not eligible
2024/61660,2024,health_information_systems,open,1,1,incumbent winner,renewal
2024/189793,2024,ERP_management_software,negotiated_21f,1,1,incumbent winner,renewal
2024/120254,2024,ERP_management_software,negotiated_21b,2,0,buyer first in market (undefined),not eligible
2024/156513,2024,smart_city_traffic_OT,negotiated_21b,1,1,non-incumbent winner,new need
2024/69149,2024,custom_software_web_mobile,open,1,1,incumbent winner,new need
2024/41044,2024,network_datacentre_infrastructure,open,1,1,incumbent winner,renewal
2024/538,2024,computers_peripherals,open,3,0,buyer first in market (undefined),not eligible
2023/1576366,2024,software_licences,open,1,1,buyer first in market (undefined),not eligible
2023/1583545,2024,network_datacentre_infrastructure,open,1,1,incumbent winner,new need
2024/60543,2024,custom_software_web_mobile,negotiated_21f,2,0,buyer first in market (undefined),not eligible
2023/1469024,2024,software_licences,open,1,1,buyer first in market (undefined),not eligible
2023/1567003,2024,cybersecurity,open,1,1,buyer first in market (undefined),not eligible
2023/1575022,2024,GIS_city_information,open,1,1,non-incumbent winner,new need
2023/1471078,2024,ERP_management_software,open,1,1,incumbent winner,renewal
2023/1540531,2024,network_datacentre_infrastructure,open,4,0,non-incumbent winner,new need
2024/20134,2024,maintenance_support_services,negotiated_21f,1,1,incumbent winner,renewal
2023/1581417,2024,network_datacentre_infrastructure,negotiated_21f,3,0,non-incumbent winner,new need
2024/8728,2024,physical_security_surveillance,negotiated_21f,2,0,incumbent winner,renewal
2023/1412020,2024,software_licences,open,1,1,non-incumbent winner,new need
2023/1555006,2023,health_information_systems,negotiated_21b,1,1,incumbent winner,renewal
2023/1344738,2023,education_technology,open,2,0,buyer first in market (undefined),not eligible
2023/1362867,2023,software_licences,open,1,1,non-incumbent winner,new need
2023/1424807,2023,custom_software_web_mobile,negotiated_21f,2,0,non-incumbent winner,new need
2023/1471621,2023,ERP_management_software,negotiated_21f,1,1,incumbent winner,renewal
2023/1280139,2023,maintenance_support_services,negotiated_21a,3,0,non-incumbent winner,new need
2023/1308936,2023,education_technology,open,1,1,buyer first in market (undefined),not eligible
2023/1263612,2023,maintenance_support_services,open,2,0,non-incumbent winner,new need
2023/1404391,2023,software_licences,open,1,1,incumbent winner,renewal
2023/1322190,2023,software_licences,open,2,0,buyer first in market (undefined),not eligible
2023/1254097,2023,maintenance_support_services,open,1,1,non-incumbent winner,new need
2023/1449705,2023,physical_security_surveillance,negotiated_21f,2,0,non-incumbent winner,new need
2023/1447739,2023,call_centre_helpdesk,negotiated_21f,2,0,buyer first in market (undefined),not eligible
2023/1313641,2023,network_datacentre_infrastructure,open,1,1,incumbent winner,renewal
2023/1375639,2023,custom_software_web_mobile,open,1,1,non-incumbent winner,new need
2023/1449593,2023,custom_software_web_mobile,negotiated_21f,3,0,buyer first in market (undefined),not eligible
2023/1314519,2023,health_information_systems,open,1,1,incumbent winner,renewal
2023/1451057,2023,software_licences,negotiated_21f,1,1,incumbent winner,new need
2023/1272082,2023,ERP_management_software,open,1,1,non-incumbent winner,new need
2023/1402789,2023,network_datacentre_infrastructure,negotiated_21f,3,0,non-incumbent winner,new need
2023/1288817,2023,ERP_management_software,open,1,1,incumbent winner,new need
2023/1254818,2023,health_information_systems,open,1,1,incumbent winner,renewal
2023/1290617,2023,cybersecurity,open,1,1,incumbent winner,renewal
2023/1247263,2023,maintenance_support_services,open,2,0,non-incumbent winner,new need
2023/1285472,2023,software_licences,open,1,1,non-incumbent winner,renewal
2023/1172147,2023,education_technology,open,1,1,buyer first in market (undefined),not eligible
2023/1313626,2023,GIS_city_information,open,1,1,buyer first in market (undefined),not eligible
2023/1180430,2023,network_datacentre_infrastructure,open,4,0,incumbent winner,renewal
2023/1224846,2023,custom_software_web_mobile,open,2,0,non-incumbent winner,new need
2023/1339018,2023,ERP_management_software,negotiated_21f,2,0,buyer first in market (undefined),not eligible
2023/1342013,2023,ERP_management_software,negotiated_21f,1,1,buyer first in market (undefined),not eligible
2023/1333204,2023,ERP_management_software,negotiated_21f,1,1,buyer first in market (undefined),not eligible
2023/1189642,2023,software_licences,open,1,1,buyer first in market (undefined),not eligible
2023/1318051,2023,ERP_management_software,negotiated_21f,2,0,buyer first in market (undefined),not eligible
2023/1145891,2023,software_licences,open,6,0,non-incumbent winner,renewal
2023/1113889,2023,software_licences,open,2,0,incumbent winner,renewal
2023/1073951,2023,physical_security_surveillance,open,1,1,buyer first in market (undefined),not eligible
2023/1182680,2023,software_licences,open,2,0,incumbent winner,new need
2023/1147974,2023,education_technology,open,9,0,non-incumbent winner,new need
2023/1291167,2023,network_datacentre_infrastructure,negotiated_21f,2,0,buyer first in market (undefined),not eligible
2023/1141510,2023,maintenance_support_services,open,1,1,buyer first in market (undefined),not eligible
2023/1202379,2023,ERP_management_software,negotiated_21f,1,1,non-incumbent winner,new need
2023/1222872,2023,health_information_systems,negotiated_21b,1,1,incumbent winner,renewal
2023/1168210,2023,cybersecurity,open,2,0,non-incumbent winner,new need
2023/1115758,2023,cybersecurity,open,1,1,incumbent winner,renewal
2023/1136952,2023,software_licences,open,3,0,non-incumbent winner,new need
2023/1167422,2023,maintenance_support_services,negotiated_21f,2,0,non-incumbent winner,new need
2023/1155254,2023,software_licences,open,2,0,buyer first in market (undefined),not eligible
2023/1077501,2023,software_licences,open,4,0,incumbent winner,renewal
2023/1174371,2023,call_centre_helpdesk,negotiated_21f,3,0,buyer first in market (undefined),not eligible
2023/986428,2023,network_datacentre_infrastructure,open,2,0,incumbent winner,new need
2023/1195686,2023,GIS_city_information,negotiated_21f,1,1,buyer first in market (undefined),not eligible
2023/1151937,2023,ERP_management_software,negotiated_21f,1,1,buyer first in market (undefined),not eligible
2023/1114543,2023,network_datacentre_infrastructure,negotiated_21f,3,0,non-incumbent winner,new need
2023/968510,2023,cybersecurity,open,1,1,non-incumbent winner,new need
2023/992503,2023,maintenance_support_services,open,1,1,non-incumbent winner,new need
2023/1109272,2023,health_information_systems,negotiated_21b,1,1,incumbent winner,renewal
2023/849018,2023,software_licences,open,1,1,incumbent winner,new need
2023/1060270,2023,software_licences,negotiated_21f,1,1,incumbent winner,renewal
2023/1088940,2023,maintenance_support_services,negotiated_21b,3,0,buyer first in market (undefined),not eligible
2023/1091633,2023,custom_software_web_mobile,negotiated_21f,1,1,buyer first in market (undefined),not eligible
2023/1081737,2023,custom_software_web_mobile,negotiated_21f,1,1,non-incumbent winner,new need
2023/992238,2023,custom_software_web_mobile,open,2,0,non-incumbent winner,new need
2023/953559,2023,software_licences,open,2,0,non-incumbent winner,renewal
2023/959811,2023,physical_security_surveillance,open,1,1,buyer first in market (undefined),not eligible
2023/1024526,2023,software_licences,negotiated_21f,2,0,buyer first in market (undefined),not eligible
2023/1023573,2023,custom_software_web_mobile,negotiated_21f,1,1,non-incumbent winner,new need
2023/896520,2023,computers_peripherals,open,1,1,buyer first in market (undefined),not eligible
2023/878849,2023,ERP_management_software,open,1,1,non-incumbent winner,new need
2023/999121,2023,call_centre_helpdesk,negotiated_21f,3,0,buyer first in market (undefined),not eligible
2023/925218,2023,maintenance_support_services,open,6,0,buyer first in market (undefined),not eligible
2023/1006772,2023,custom_software_web_mobile,negotiated_21f,1,1,buyer first in market (undefined),not eligible
2023/972474,2023,GIS_city_information,negotiated_21f,2,0,buyer first in market (undefined),not eligible
2023/812972,2023,custom_software_web_mobile,open,1,1,non-incumbent winner,new need
2023/977584,2023,custom_software_web_mobile,negotiated_21f,1,1,non-incumbent winner,new need
2023/848428,2023,software_licences,open,1,1,non-incumbent winner,new need
2023/839703,2023,ERP_management_software,open,5,0,non-incumbent winner,new need
2023/801935,2023,software_licences,open,1,1,non-incumbent winner,new need
2023/965777,2023,custom_software_web_mobile,negotiated_21f,2,0,non-incumbent winner,new need
2023/920821,2023,GIS_city_information,negotiated_21f,2,0,buyer first in market (undefined),not eligible
2023/902740,2023,ERP_management_software,negotiated_21f,2,0,incumbent winner,new need
2023/916792,2023,software_licences,negotiated_21f,1,1,incumbent winner,renewal
2023/693521,2023,cybersecurity,open,2,0,incumbent winner,renewal
2023/750039,2023,ERP_management_software,open,1,1,incumbent winner,new need
2023/844634,2023,software_licences,open,1,1,buyer first in market (undefined),not eligible
2023/878688,2023,software_licences,negotiated_21f,2,0,buyer first in market (undefined),not eligible
2023/849119,2023,software_licences,negotiated_21f,2,0,buyer first in market (undefined),not eligible
2023/789160,2023,custom_software_web_mobile,open,2,0,buyer first in market (undefined),not eligible
2023/812769,2023,custom_software_web_mobile,negotiated_21f,1,1,buyer first in market (undefined),not eligible
2023/744904,2023,network_datacentre_infrastructure,open,1,1,non-incumbent winner,new need
2023/825362,2023,custom_software_web_mobile,negotiated_21f,1,1,buyer first in market (undefined),not eligible
2023/788033,2023,custom_software_web_mobile,negotiated_21f,5,0,non-incumbent winner,renewal
2023/706288,2023,cybersecurity,open,1,1,buyer first in market (undefined),not eligible
2023/754911,2023,custom_software_web_mobile,negotiated_21f,3,0,non-incumbent winner,new need
2023/680147,2023,smart_city_traffic_OT,open,1,1,buyer first in market (undefined),not eligible
2023/776234,2023,network_datacentre_infrastructure,negotiated_21f,1,1,buyer first in market (undefined),not eligible
2023/653071,2023,software_licences,open,1,1,buyer first in market (undefined),not eligible
2023/743761,2023,maintenance_support_services,negotiated_21f,2,0,non-incumbent winner,new need
2023/737708,2023,software_licences,negotiated_21f,3,0,buyer first in market (undefined),not eligible
2023/698235,2023,education_technology,negotiated_21f,2,0,buyer first in market (undefined),not eligible
2023/609813,2023,network_datacentre_infrastructure,open,2,0,non-incumbent winner,new need
2023/666899,2023,network_datacentre_infrastructure,open,2,0,buyer first in market (undefined),not eligible
2023/624334,2023,custom_software_web_mobile,open,1,1,non-incumbent winner,new need
2023/690930,2023,cybersecurity,negotiated_21f,2,0,non-incumbent winner,new need
2023/670268,2023,ERP_management_software,negotiated_21f,3,0,non-incumbent winner,new need
2023/555939,2023,computers_peripherals,open,2,0,buyer first in market (undefined),not eligible
2023/667708,2023,ERP_management_software,negotiated_21f,2,0,non-incumbent winner,new need
2023/534889,2023,custom_software_web_mobile,open,1,1,non-incumbent winner,new need
2023/570705,2023,maintenance_support_services,open,1,1,buyer first in market (undefined),not eligible
2023/467071,2023,custom_software_web_mobile,open,1,1,buyer first in market (undefined),not eligible
2023/617122,2023,education_technology,negotiated_21f,1,1,non-incumbent winner,new need
2023/507682,2023,education_technology,open,1,1,buyer first in market (undefined),not eligible
2023/484368,2023,cybersecurity,open,3,0,non-incumbent winner,new need
2023/577260,2023,ERP_management_software,negotiated_21b,1,1,non-incumbent winner,new need
2023/505722,2023,custom_software_web_mobile,open,3,0,incumbent winner,renewal
2023/570839,2023,custom_software_web_mobile,negotiated_21f,3,0,buyer first in market (undefined),not eligible
2023/523994,2023,cybersecurity,open,1,1,buyer first in market (undefined),not eligible
2023/439483,2023,ERP_management_software,open,2,0,non-incumbent winner,new need
2023/458135,2023,ERP_management_software,open,3,0,non-incumbent winner,new need
2023/464003,2023,ERP_management_software,open,1,1,incumbent winner,renewal
2023/518325,2023,cybersecurity,negotiated_21f,3,0,buyer first in market (undefined),not eligible
2023/369832,2023,software_licences,open,1,1,buyer first in market (undefined),not eligible
2023/515492,2023,custom_software_web_mobile,negotiated_21b,1,1,buyer first in market (undefined),not eligible
2023/513089,2023,cybersecurity,negotiated_21f,1,1,buyer first in market (undefined),not eligible
2023/511163,2023,GIS_city_information,negotiated_21f,3,0,non-incumbent winner,new need
2023/447353,2023,computers_peripherals,open,1,1,buyer first in market (undefined),not eligible
2023/340867,2023,custom_software_web_mobile,open,1,1,non-incumbent winner,new need
2023/483925,2023,call_centre_helpdesk,negotiated_21f,3,0,non-incumbent winner,new need
2023/391373,2023,health_information_systems,open,1,1,incumbent winner,new need
2023/409955,2023,health_information_systems,open,1,1,buyer first in market (undefined),not eligible
2023/475588,2023,call_centre_helpdesk,negotiated_21f,3,0,incumbent winner,new need
2023/491981,2023,maintenance_support_services,negotiated_21f,1,1,non-incumbent winner,new need
2023/480962,2023,custom_software_web_mobile,negotiated_21f,2,0,buyer first in market (undefined),not eligible
2023/478519,2023,maintenance_support_services,negotiated_21f,2,0,non-incumbent winner,new need
2023/355649,2023,computers_peripherals,open,1,1,buyer first in market (undefined),not eligible
2023/368901,2023,custom_software_web_mobile,open,3,0,non-incumbent winner,renewal
2023/372750,2023,computers_peripherals,open,1,1,buyer first in market (undefined),not eligible
2023/367642,2023,network_datacentre_infrastructure,open,1,1,non-incumbent winner,new need
2023/337210,2023,health_information_systems,open,2,0,non-incumbent winner,new need
2023/333222,2023,ERP_management_software,open,1,1,non-incumbent winner,renewal
2023/439470,2023,custom_software_web_mobile,negotiated_21f,1,1,buyer first in market (undefined),not eligible
2023/420104,2023,software_licences,open,4,0,non-incumbent winner,new need
2023/419514,2023,ERP_management_software,negotiated_21f,1,1,non-incumbent winner,new need
2023/450595,2023,maintenance_support_services,negotiated_21f,1,1,incumbent winner,renewal
2023/427022,2023,software_licences,negotiated_21f,2,0,non-incumbent winner,renewal
2023/270163,2023,health_information_systems,open,1,1,incumbent winner,new need
2023/391771,2023,software_licences,open,1,1,non-incumbent winner,new need
2023/392080,2023,software_licences,open,1,1,buyer first in market (undefined),not eligible
2023/354182,2023,GIS_city_information,open,1,1,incumbent winner,new need
2023/265289,2023,software_licences,open,3,0,buyer first in market (undefined),not eligible
2023/414482,2023,custom_software_web_mobile,negotiated_21f,3,0,buyer first in market (undefined),not eligible
2023/284580,2023,network_datacentre_infrastructure,open,1,1,buyer first in market (undefined),not eligible
2023/406317,2023,education_technology,negotiated_21b,1,1,non-incumbent winner,new need
2023/338625,2023,network_datacentre_infrastructure,negotiated_21f,1,1,buyer first in market (undefined),not eligible
2023/395106,2023,education_technology,negotiated_21b,1,1,buyer first in market (undefined),not eligible
2023/285380,2023,software_licences,open,1,1,buyer first in market (undefined),not eligible
2023/345316,2023,maintenance_support_services,negotiated_21f,2,0,non-incumbent winner,new need
2023/212918,2023,custom_software_web_mobile,open,2,0,non-incumbent winner,new need
2023/246843,2023,health_information_systems,open,1,1,buyer first in market (undefined),not eligible
2023/311965,2023,custom_software_web_mobile,negotiated_21f,1,1,non-incumbent winner,new need
2023/201981,2023,software_licences,open,1,1,non-incumbent winner,new need
2023/318955,2023,call_centre_helpdesk,negotiated_21f,2,0,buyer first in market (undefined),not eligible
2023/149564,2023,software_licences,open,2,0,buyer first in market (undefined),not eligible
2023/274784,2023,ERP_management_software,negotiated_21f,1,1,incumbent winner,renewal
2023/279214,2023,software_licences,open,2,0,non-incumbent winner,new need
2023/248940,2023,custom_software_web_mobile,open,6,0,non-incumbent winner,renewal
2023/256864,2023,ERP_management_software,negotiated_21f,1,1,buyer first in market (undefined),not eligible
2023/266430,2023,software_licences,negotiated_21b,3,0,buyer first in market (undefined),not eligible
2023/176639,2023,custom_software_web_mobile,open,1,1,non-incumbent winner,new need
2023/125880,2023,software_licences,open,1,1,incumbent winner,new need
2023/242872,2023,software_licences,negotiated_21f,3,0,non-incumbent winner,renewal
2023/231999,2023,ERP_management_software,negotiated_21f,1,1,incumbent winner,renewal
2023/136961,2023,health_information_systems,open,1,1,incumbent winner,renewal
2023/122286,2023,network_datacentre_infrastructure,open,2,0,incumbent winner,new need
2023/147167,2023,custom_software_web_mobile,open,1,1,buyer first in market (undefined),not eligible
2023/158561,2023,maintenance_support_services,negotiated_21f,2,0,incumbent winner,renewal
2023/185496,2023,cybersecurity,negotiated_21f,2,0,incumbent winner,renewal
2023/160136,2023,GIS_city_information,negotiated_21f,1,1,non-incumbent winner,new need
2023/48186,2023,custom_software_web_mobile,open,1,1,non-incumbent winner,renewal
2023/153846,2023,software_licences,negotiated_21f,2,0,incumbent winner,renewal
2023/67548,2023,ERP_management_software,open,1,1,buyer first in market (undefined),not eligible
2023/129867,2023,network_datacentre_infrastructure,negotiated_21f,2,0,incumbent winner,new need
2023/121519,2023,ERP_management_software,negotiated_21f,1,1,incumbent winner,new need
2023/50065,2023,health_information_systems,open,1,1,non-incumbent winner,new need
2023/91424,2023,health_information_systems,negotiated_21b,1,1,incumbent winner,new need
2023/58688,2023,ERP_management_software,open,1,1,buyer first in market (undefined),not eligible
2023/28673,2023,ERP_management_software,open,1,1,incumbent winner,new need
2023/5971,2023,maintenance_support_services,open,1,1,non-incumbent winner,new need
2023/26105,2023,custom_software_web_mobile,open,1,1,buyer first in market (undefined),not eligible
2023/100808,2023,physical_security_surveillance,negotiated_21f,2,0,buyer first in market (undefined),not eligible
2022/1489801,2023,network_datacentre_infrastructure,open,1,1,non-incumbent winner,new need
2023/96870,2023,custom_software_web_mobile,negotiated_21b,3,0,non-incumbent winner,new need
2023/61103,2023,maintenance_support_services,open,1,1,buyer first in market (undefined),not eligible
2022/1501028,2023,maintenance_support_services,open,1,1,non-incumbent winner,renewal
2023/58856,2023,custom_software_web_mobile,negotiated_21b,2,0,buyer first in market (undefined),not eligible
2022/1365766,2023,call_centre_helpdesk,open,3,0,buyer first in market (undefined),not eligible
2023/20267,2023,call_centre_helpdesk,negotiated_21f,1,1,buyer first in market (undefined),not eligible
2022/1377046,2023,maintenance_support_services,open,2,0,buyer first in market (undefined),not eligible
2023/25898,2023,maintenance_support_services,negotiated_21f,3,0,incumbent winner,renewal
2022/1400007,2023,network_datacentre_infrastructure,open,1,1,incumbent winner,new need
2022/1311873,2023,network_datacentre_infrastructure,open,2,0,non-incumbent winner,new need
2022/1358567,2023,software_licences,open,3,0,non-incumbent winner,renewal
2022/1425314,2023,call_centre_helpdesk,open,1,1,buyer first in market (undefined),not eligible
2022/1342140,2023,ERP_management_software,open,1,1,non-incumbent winner,new need
2022/1403347,2023,cybersecurity,open,1,1,non-incumbent winner,new need
2022/1371040,2023,cybersecurity,open,1,1,buyer first in market (undefined),not eligible
2022/1496707,2022,ERP_management_software,negotiated_21f,1,1,incumbent winner,new need
2022/1431883,2022,custom_software_web_mobile,negotiated_21f,1,1,non-incumbent winner,new need
2022/1258555,2022,maintenance_support_services,open,1,1,buyer first in market (undefined),not eligible
2022/1434244,2022,GIS_city_information,negotiated_21f,1,1,non-incumbent winner,new need
2022/1440939,2022,health_information_systems,negotiated_21b,1,1,incumbent winner,renewal
2022/1312053,2022,network_datacentre_infrastructure,open,3,0,buyer first in market (undefined),not eligible
2022/1307985,2022,network_datacentre_infrastructure,open,1,1,buyer first in market (undefined),not eligible
2022/1268859,2022,network_datacentre_infrastructure,open,1,1,incumbent winner,new need
2022/1358895,2022,ERP_management_software,negotiated_21f,1,1,buyer first in market (undefined),not eligible
2022/1263991,2022,ERP_management_software,open,1,1,incumbent winner,new need
2022/1357056,2022,custom_software_web_mobile,negotiated_21f,2,0,buyer first in market (undefined),not eligible
2022/1229424,2022,software_licences,open,1,1,non-incumbent winner,new need
2022/1341599,2022,GIS_city_information,negotiated_21f,2,0,non-incumbent winner,new need
2022/1181347,2022,network_datacentre_infrastructure,open,1,1,buyer first in market (undefined),not eligible
2022/1347603,2022,GIS_city_information,negotiated_21f,1,1,non-incumbent winner,new need
2022/1252781,2022,maintenance_support_services,open,1,1,non-incumbent winner,new need
2022/1293326,2022,GIS_city_information,negotiated_21f,1,1,buyer first in market (undefined),not eligible
2022/1271744,2022,software_licences,negotiated_21f,1,1,buyer first in market (undefined),not eligible
2022/1212027,2022,smart_city_traffic_OT,open,2,0,buyer first in market (undefined),not eligible
2022/1292933,2022,custom_software_web_mobile,negotiated_21f,2,0,buyer first in market (undefined),not eligible
2022/1158343,2022,ERP_management_software,open,1,1,buyer first in market (undefined),not eligible
2022/1278713,2022,ERP_management_software,open,1,1,buyer first in market (undefined),not eligible
2022/1137308,2022,custom_software_web_mobile,open,3,0,non-incumbent winner,new need
2022/1146384,2022,GIS_city_information,open,1,1,non-incumbent winner,new need
2022/1289373,2022,software_licences,negotiated_21f,3,0,incumbent winner,renewal
2022/1200821,2022,custom_software_web_mobile,open,1,1,buyer first in market (undefined),not eligible
2022/1101760,2022,software_licences,open,4,0,incumbent winner,renewal
2022/1109258,2022,ERP_management_software,open,2,0,non-incumbent winner,new need
2022/1166715,2022,GIS_city_information,open,1,1,incumbent winner,renewal
2022/1124681,2022,custom_software_web_mobile,open,1,1,non-incumbent winner,new need
2022/1144667,2022,software_licences,open,1,1,non-incumbent winner,new need
2022/1125905,2022,maintenance_support_services,open,4,0,incumbent winner,renewal
2022/1269487,2022,custom_software_web_mobile,negotiated_21f,1,1,non-incumbent winner,new need
2022/1251609,2022,cybersecurity,negotiated_21f,1,1,incumbent winner,new need
2022/1115637,2022,network_datacentre_infrastructure,open,3,0,non-incumbent winner,renewal
2022/1191767,2022,GIS_city_information,open,2,0,buyer first in market (undefined),not eligible
2022/1245284,2022,custom_software_web_mobile,negotiated_21f,1,1,non-incumbent winner,new need
2022/1263990,2022,software_licences,negotiated_21f,2,0,non-incumbent winner,renewal
2022/1217124,2022,software_licences,negotiated_21f,1,1,incumbent winner,renewal
2022/1248862,2022,network_datacentre_infrastructure,negotiated_21f,2,0,non-incumbent winner,new need
2022/1258205,2022,ERP_management_software,negotiated_21f,2,0,non-incumbent winner,new need
2022/1215385,2022,cybersecurity,open,1,1,buyer first in market (undefined),not eligible
2022/1093140,2022,software_licences,open,3,0,non-incumbent winner,new need
2022/1239985,2022,network_datacentre_infrastructure,negotiated_21f,3,0,buyer first in market (undefined),not eligible
2022/1225811,2022,ERP_management_software,negotiated_21f,3,0,buyer first in market (undefined),not eligible
2022/1202651,2022,custom_software_web_mobile,negotiated_21f,2,0,non-incumbent winner,new need
2022/1197022,2022,custom_software_web_mobile,negotiated_21f,3,0,non-incumbent winner,new need
2022/1120168,2022,software_licences,open,2,0,non-incumbent winner,renewal
2022/1093145,2022,ERP_management_software,open,1,1,buyer first in market (undefined),not eligible
2022/1048311,2022,ERP_management_software,open,1,1,incumbent winner,renewal
2022/1080237,2022,custom_software_web_mobile,open,1,1,non-incumbent winner,new need
2022/1114906,2022,network_datacentre_infrastructure,open,1,1,buyer first in market (undefined),not eligible
2022/1172015,2022,software_licences,negotiated_21f,1,1,buyer first in market (undefined),not eligible
2022/1063079,2022,ERP_management_software,open,2,0,incumbent winner,new need
2022/1136255,2022,custom_software_web_mobile,negotiated_21f,1,1,buyer first in market (undefined),not eligible
2022/1161122,2022,maintenance_support_services,negotiated_21f,2,0,buyer first in market (undefined),not eligible
2022/1166709,2022,maintenance_support_services,negotiated_21f,2,0,non-incumbent winner,new need
2022/1063358,2022,network_datacentre_infrastructure,open,1,1,buyer first in market (undefined),not eligible
2022/1057549,2022,software_licences,open,1,1,buyer first in market (undefined),not eligible
2022/1024735,2022,physical_security_surveillance,open,1,1,incumbent winner,new need
2022/1099043,2022,network_datacentre_infrastructure,negotiated_21f,4,0,buyer first in market (undefined),not eligible
2022/1108077,2022,custom_software_web_mobile,negotiated_21f,2,0,non-incumbent winner,new need
2022/1100420,2022,custom_software_web_mobile,negotiated_21f,3,0,non-incumbent winner,renewal
2022/921606,2022,maintenance_support_services,open,2,0,buyer first in market (undefined),not eligible
2022/977492,2022,ERP_management_software,open,1,1,incumbent winner,renewal
2022/1103106,2022,computers_peripherals,negotiated_21f,2,0,non-incumbent winner,new need
2022/935182,2022,custom_software_web_mobile,open,1,1,non-incumbent winner,new need
2022/991204,2022,computers_peripherals,open,4,0,buyer first in market (undefined),not eligible
2022/968063,2022,software_licences,open,2,0,non-incumbent winner,renewal
2022/1049171,2022,ERP_management_software,negotiated_21f,1,1,buyer first in market (undefined),not eligible
2022/1054808,2022,maintenance_support_services,negotiated_21f,2,0,buyer first in market (undefined),not eligible
2022/877482,2022,GIS_city_information,open,1,1,buyer first in market (undefined),not eligible
2022/871241,2022,ERP_management_software,open,1,1,non-incumbent winner,new need
2022/966633,2022,custom_software_web_mobile,open,1,1,buyer first in market (undefined),not eligible
2022/808632,2022,software_licences,open,1,1,incumbent winner,renewal
2022/919798,2022,software_licences,open,3,0,incumbent winner,renewal
2022/992439,2022,custom_software_web_mobile,negotiated_21f,1,1,buyer first in market (undefined),not eligible
2022/874367,2022,network_datacentre_infrastructure,open,3,0,buyer first in market (undefined),not eligible
2022/958843,2022,software_licences,negotiated_21f,1,1,non-incumbent winner,new need
2022/932749,2022,network_datacentre_infrastructure,open,4,0,buyer first in market (undefined),not eligible
2022/965421,2022,custom_software_web_mobile,negotiated_21f,1,1,buyer first in market (undefined),not eligible
2022/950780,2022,computers_peripherals,open,2,0,non-incumbent winner,new need
2022/971998,2022,cybersecurity,negotiated_21f,1,1,buyer first in market (undefined),not eligible
2022/810561,2022,custom_software_web_mobile,open,2,0,buyer first in market (undefined),not eligible
2022/859012,2022,software_licences,open,2,0,buyer first in market (undefined),not eligible
2022/895908,2022,software_licences,open,2,0,non-incumbent winner,new need
2022/835492,2022,network_datacentre_infrastructure,open,1,1,incumbent winner,new need
2022/955629,2022,GIS_city_information,negotiated_21f,2,0,incumbent winner,new need
2022/843706,2022,cybersecurity,open,2,0,buyer first in market (undefined),not eligible
2022/948648,2022,GIS_city_information,negotiated_21f,3,0,non-incumbent winner,new need
2022/894535,2022,ERP_management_software,open,1,1,non-incumbent winner,new need
2022/885249,2022,custom_software_web_mobile,open,1,1,buyer first in market (undefined),not eligible
2022/939686,2022,education_technology,negotiated_21f,2,0,buyer first in market (undefined),not eligible
2022/897504,2022,custom_software_web_mobile,open,3,0,incumbent winner,new need
2022/939588,2022,software_licences,negotiated_21f,2,0,incumbent winner,renewal
2022/842170,2022,GIS_city_information,open,1,1,non-incumbent winner,new need
2022/901284,2022,network_datacentre_infrastructure,negotiated_21f,2,0,non-incumbent winner,new need
2022/833319,2022,computers_peripherals,open,1,1,buyer first in market (undefined),not eligible
2022/865389,2022,maintenance_support_services,open,1,1,non-incumbent winner,new need
2022/861144,2022,cybersecurity,open,1,1,buyer first in market (undefined),not eligible
2022/783494,2022,software_licences,open,5,0,non-incumbent winner,new need
2022/828914,2022,physical_security_surveillance,open,1,1,buyer first in market (undefined),not eligible
2022/910311,2022,ERP_management_software,negotiated_21f,3,0,non-incumbent winner,new need
2022/911329,2022,custom_software_web_mobile,negotiated_21f,2,0,incumbent winner,renewal
2022/810785,2022,physical_security_surveillance,open,1,1,incumbent winner,new need
2022/770676,2022,ERP_management_software,open,1,1,buyer first in market (undefined),not eligible
2022/887757,2022,ERP_management_software,negotiated_21f,1,1,incumbent winner,renewal
2022/885504,2022,ERP_management_software,negotiated_21f,1,1,non-incumbent winner,new need
2022/859283,2022,maintenance_support_services,negotiated_21f,2,0,buyer first in market (undefined),not eligible
2022/827461,2022,network_datacentre_infrastructure,open,1,1,buyer first in market (undefined),not eligible
2022/802248,2022,software_licences,open,4,0,non-incumbent winner,renewal
2022/739360,2022,custom_software_web_mobile,open,1,1,non-incumbent winner,new need
2022/739703,2022,custom_software_web_mobile,open,1,1,non-incumbent winner,new need
2022/797884,2022,ERP_management_software,open,1,1,buyer first in market (undefined),not eligible
2022/747442,2022,network_datacentre_infrastructure,open,1,1,buyer first in market (undefined),not eligible
2022/859533,2022,custom_software_web_mobile,negotiated_21f,1,1,incumbent winner,new need
2022/822428,2022,custom_software_web_mobile,open,1,1,non-incumbent winner,new need
2022/796806,2022,custom_software_web_mobile,open,3,0,non-incumbent winner,new need
2022/873700,2022,GIS_city_information,negotiated_21f,1,1,buyer first in market (undefined),not eligible
2022/833425,2022,custom_software_web_mobile,open,2,0,non-incumbent winner,new need
2022/831117,2022,software_licences,negotiated_21f,3,0,non-incumbent winner,new need
2022/865424,2022,physical_security_surveillance,negotiated_21f,2,0,buyer first in market (undefined),not eligible
2022/825535,2022,custom_software_web_mobile,negotiated_21f,3,0,non-incumbent winner,new need
2022/839947,2022,custom_software_web_mobile,negotiated_21f,2,0,non-incumbent winner,new need
2022/758908,2022,ERP_management_software,negotiated_21f,2,0,non-incumbent winner,new need
2022/778157,2022,custom_software_web_mobile,negotiated_21b,1,1,buyer first in market (undefined),not eligible
2022/820962,2022,GIS_city_information,negotiated_21f,1,1,buyer first in market (undefined),not eligible
2022/800547,2022,ERP_management_software,negotiated_21f,1,1,buyer first in market (undefined),not eligible
2022/715176,2022,network_datacentre_infrastructure,open,2,0,buyer first in market (undefined),not eligible
2022/803222,2022,cybersecurity,negotiated_21f,1,1,buyer first in market (undefined),not eligible
2022/774702,2022,custom_software_web_mobile,negotiated_21b,1,1,buyer first in market (undefined),not eligible
2022/776349,2022,custom_software_web_mobile,negotiated_21f,1,1,buyer first in market (undefined),not eligible
2022/701973,2022,custom_software_web_mobile,open,1,1,non-incumbent winner,new need
2022/701449,2022,ERP_management_software,open,1,1,non-incumbent winner,renewal
2022/674916,2022,custom_software_web_mobile,open,2,0,non-incumbent winner,renewal
2022/648613,2022,network_datacentre_infrastructure,open,1,1,buyer first in market (undefined),not eligible
2022/687175,2022,smart_city_traffic_OT,open,3,0,buyer first in market (undefined),not eligible
2022/682156,2022,software_licences,open,3,0,non-incumbent winner,renewal
2022/735680,2022,custom_software_web_mobile,negotiated_21f,1,1,buyer first in market (undefined),not eligible
2022/696919,2022,custom_software_web_mobile,open,1,1,non-incumbent winner,new need
2022/648555,2022,software_licences,open,2,0,non-incumbent winner,renewal
2022/655987,2022,ERP_management_software,negotiated_21f,2,0,incumbent winner,new need
2022/682188,2022,ERP_management_software,negotiated_21f,3,0,buyer first in market (undefined),not eligible
2022/630939,2022,custom_software_web_mobile,open,1,1,non-incumbent winner,new need
2022/525676,2022,health_information_systems,open,1,1,incumbent winner,new need
2022/654779,2022,custom_software_web_mobile,open,1,1,buyer first in market (undefined),not eligible
2022/617254,2022,GIS_city_information,open,1,1,non-incumbent winner,new need
2022/556045,2022,cybersecurity,open,1,1,non-incumbent winner,new need
2022/541236,2022,custom_software_web_mobile,open,1,1,buyer first in market (undefined),not eligible
2022/506310,2022,software_licences,open,1,1,non-incumbent winner,new need
2022/535721,2022,network_datacentre_infrastructure,open,1,1,buyer first in market (undefined),not eligible
2022/561328,2022,custom_software_web_mobile,open,2,0,non-incumbent winner,new need
2022/604176,2022,maintenance_support_services,negotiated_21f,1,1,incumbent winner,renewal
2022/540674,2022,software_licences,open,1,1,incumbent winner,new need
2022/640607,2022,health_information_systems,negotiated_21b,1,1,incumbent winner,renewal
2022/597228,2022,software_licences,open,3,0,non-incumbent winner,renewal
2022/593719,2022,GIS_city_information,open,1,1,buyer first in market (undefined),not eligible
2022/554651,2022,software_licences,open,1,1,buyer first in market (undefined),not eligible
2022/609819,2022,ERP_management_software,negotiated_21f,2,0,non-incumbent winner,new need
2022/595344,2022,custom_software_web_mobile,negotiated_21f,1,1,non-incumbent winner,new need
2022/615195,2022,network_datacentre_infrastructure,negotiated_21f,2,0,non-incumbent winner,new need
2022/516434,2022,network_datacentre_infrastructure,open,2,0,buyer first in market (undefined),not eligible
2022/585806,2022,custom_software_web_mobile,open,6,0,buyer first in market (undefined),not eligible
2022/603834,2022,custom_software_web_mobile,negotiated_21f,3,0,non-incumbent winner,new need
2022/529501,2022,software_licences,open,1,1,buyer first in market (undefined),not eligible
2022/460446,2022,GIS_city_information,open,2,0,non-incumbent winner,new need
2022/517163,2022,custom_software_web_mobile,open,1,1,buyer first in market (undefined),not eligible
2022/451184,2022,custom_software_web_mobile,open,1,1,buyer first in market (undefined),not eligible
2022/562810,2022,ERP_management_software,negotiated_21f,2,0,non-incumbent winner,new need
2022/475160,2022,cybersecurity,open,1,1,incumbent winner,new need
2022/562735,2022,custom_software_web_mobile,negotiated_21f,2,0,non-incumbent winner,new need
2022/437050,2022,ERP_management_software,open,1,1,incumbent winner,renewal
2022/551236,2022,education_technology,negotiated_21f,2,0,non-incumbent winner,new need
2022/433076,2022,education_technology,open,1,1,incumbent winner,renewal
2022/425593,2022,cybersecurity,open,2,0,buyer first in market (undefined),not eligible
2022/499673,2022,GIS_city_information,negotiated_21c,1,1,buyer first in market (undefined),not eligible
2022/495547,2022,custom_software_web_mobile,negotiated_21f,1,1,non-incumbent winner,new need
2022/502229,2022,custom_software_web_mobile,negotiated_21f,1,1,non-incumbent winner,new need
2022/426789,2022,maintenance_support_services,open,2,0,incumbent winner,new need
2022/398551,2022,ERP_management_software,open,1,1,incumbent winner,renewal
2022/414139,2022,cybersecurity,open,1,1,incumbent winner,renewal
2022/377975,2022,software_licences,open,1,1,incumbent winner,new need
2022/456705,2022,software_licences,negotiated_21f,1,1,non-incumbent winner,new need
2022/402399,2022,ERP_management_software,open,2,0,incumbent winner,renewal
2022/416762,2022,maintenance_support_services,negotiated_21f,2,0,buyer first in market (undefined),not eligible
2022/365306,2022,custom_software_web_mobile,open,3,0,non-incumbent winner,renewal
2022/426964,2022,software_licences,open,1,1,non-incumbent winner,new need
2022/368306,2022,custom_software_web_mobile,open,4,0,non-incumbent winner,new need
2022/365915,2022,cybersecurity,open,1,1,buyer first in market (undefined),not eligible
2022/252757,2022,call_centre_helpdesk,open,1,1,non-incumbent winner,new need
2022/377289,2022,ERP_management_software,open,1,1,non-incumbent winner,new need
2022/367760,2022,software_licences,open,1,1,incumbent winner,new need
2022/319638,2022,maintenance_support_services,open,1,1,buyer first in market (undefined),not eligible
2022/419206,2022,custom_software_web_mobile,negotiated_21f,1,1,non-incumbent winner,new need
2022/432845,2022,ERP_management_software,negotiated_21f,1,1,incumbent winner,renewal
2022/397969,2022,software_licences,negotiated_21f,1,1,buyer first in market (undefined),not eligible
2022/387901,2022,software_licences,negotiated_21f,3,0,non-incumbent winner,new need
2022/391384,2022,ERP_management_software,negotiated_21f,3,0,buyer first in market (undefined),not eligible
2022/404111,2022,custom_software_web_mobile,negotiated_21f,1,1,incumbent winner,new need
2022/389492,2022,custom_software_web_mobile,negotiated_21f,1,1,non-incumbent winner,new need
2022/286700,2022,cybersecurity,open,1,1,incumbent winner,renewal
2022/205817,2022,maintenance_support_services,open,1,1,non-incumbent winner,new need
2022/346977,2022,education_technology,open,3,0,non-incumbent winner,new need
2022/307699,2022,GIS_city_information,open,1,1,non-incumbent winner,new need
2022/324296,2022,smart_city_traffic_OT,negotiated_21f,1,1,buyer first in market (undefined),not eligible
2022/311923,2022,maintenance_support_services,negotiated_21f,2,0,non-incumbent winner,new need
2022/338459,2022,custom_software_web_mobile,negotiated_21f,1,1,incumbent winner,new need
2022/272576,2022,cybersecurity,open,1,1,buyer first in market (undefined),not eligible
2022/316266,2022,custom_software_web_mobile,negotiated_21f,2,0,buyer first in market (undefined),not eligible
2022/276316,2022,custom_software_web_mobile,negotiated_21f,1,1,non-incumbent winner,new need
2022/140028,2022,software_licences,open,1,1,non-incumbent winner,new need
2022/305112,2022,health_information_systems,negotiated_21b,1,1,incumbent winner,new need
2022/186449,2022,cybersecurity,open,1,1,buyer first in market (undefined),not eligible
2022/233263,2022,cybersecurity,open,2,0,buyer first in market (undefined),not eligible
2022/187391,2022,custom_software_web_mobile,open,3,0,non-incumbent winner,new need
2022/211602,2022,custom_software_web_mobile,open,1,1,buyer first in market (undefined),not eligible
2022/181230,2022,custom_software_web_mobile,open,1,1,buyer first in market (undefined),not eligible
2022/187963,2022,custom_software_web_mobile,open,1,1,buyer first in market (undefined),not eligible
2022/232473,2022,custom_software_web_mobile,open,3,0,non-incumbent winner,new need
2022/234512,2022,custom_software_web_mobile,open,3,0,buyer first in market (undefined),not eligible
2022/257304,2022,maintenance_support_services,negotiated_21f,1,1,incumbent winner,renewal
2022/211164,2022,custom_software_web_mobile,open,2,0,non-incumbent winner,new need
2022/124275,2022,software_licences,open,2,0,incumbent winner,renewal
2022/236705,2022,software_licences,negotiated_21f,2,0,non-incumbent winner,new need
2022/141888,2022,network_datacentre_infrastructure,open,1,1,buyer first in market (undefined),not eligible
2022/144971,2022,network_datacentre_infrastructure,open,1,1,non-incumbent winner,new need
2022/120834,2022,software_licences,open,2,0,non-incumbent winner,new need
2022/168656,2022,custom_software_web_mobile,open,5,0,buyer first in market (undefined),not eligible
2022/113358,2022,cybersecurity,open,1,1,buyer first in market (undefined),not eligible
2022/186634,2022,maintenance_support_services,negotiated_21f,2,0,non-incumbent winner,new need
2022/182885,2022,custom_software_web_mobile,negotiated_21f,1,1,non-incumbent winner,new need
2022/196550,2022,smart_city_traffic_OT,negotiated_21f,1,1,buyer first in market (undefined),not eligible
2022/103101,2022,computers_peripherals,open,1,1,incumbent winner,new need
2022/131038,2022,ERP_management_software,open,1,1,non-incumbent winner,new need
2022/98716,2022,network_datacentre_infrastructure,open,1,1,non-incumbent winner,new need
2022/166418,2022,ERP_management_software,negotiated_21f,1,1,incumbent winner,renewal
2022/145981,2022,ERP_management_software,negotiated_21f,3,0,non-incumbent winner,new need
2022/146849,2022,cybersecurity,negotiated_21f,1,1,buyer first in market (undefined),not eligible
2022/157781,2022,custom_software_web_mobile,negotiated_21f,3,0,non-incumbent winner,new need
2022/71703,2022,maintenance_support_services,open,1,1,incumbent winner,renewal
2022/71084,2022,custom_software_web_mobile,open,3,0,buyer first in market (undefined),not eligible
2022/48126,2022,GIS_city_information,open,2,0,non-incumbent winner,renewal
2022/102555,2022,custom_software_web_mobile,open,3,0,buyer first in market (undefined),not eligible
2022/50094,2022,health_information_systems,open,4,0,incumbent winner,new need
2022/44081,2022,custom_software_web_mobile,open,2,0,buyer first in market (undefined),not eligible
2022/68426,2022,custom_software_web_mobile,negotiated_21f,2,0,incumbent winner,new need
2022/40978,2022,cybersecurity,open,1,1,buyer first in market (undefined),not eligible
2022/87907,2022,ERP_management_software,negotiated_21f,1,1,non-incumbent winner,new need
2022/77371,2022,custom_software_web_mobile,negotiated_21f,2,0,buyer first in market (undefined),not eligible
2022/23331,2022,call_centre_helpdesk,negotiated_21f,1,1,buyer first in market (undefined),not eligible
2022/64931,2022,call_centre_helpdesk,negotiated_21f,2,0,buyer first in market (undefined),not eligible
2022/56926,2022,custom_software_web_mobile,negotiated_21f,1,1,buyer first in market (undefined),not eligible
2021/842342,2022,custom_software_web_mobile,open,1,1,incumbent winner,renewal
2022/53742,2022,ERP_management_software,negotiated_21b,2,0,buyer first in market (undefined),not eligible
2021/863277,2022,software_licences,open,1,1,incumbent winner,renewal
2021/914936,2022,ERP_management_software,negotiated_21f,2,0,non-incumbent winner,new need
2021/854753,2022,software_licences,open,2,0,non-incumbent winner,new need
2022/25155,2022,custom_software_web_mobile,negotiated_21f,2,0,buyer first in market (undefined),not eligible
2021/799415,2022,software_licences,open,4,0,incumbent winner,renewal
2021/805950,2022,computers_peripherals,open,1,1,non-incumbent winner,renewal
2021/916006,2021,custom_software_web_mobile,negotiated_21f,3,0,non-incumbent winner,new need
2021/784341,2021,ERP_management_software,open,1,1,incumbent winner,new need
2021/782274,2021,custom_software_web_mobile,open,5,0,non-incumbent winner,new need
2021/793501,2021,custom_software_web_mobile,open,1,1,buyer first in market (undefined),not eligible
2021/897427,2021,ERP_management_software,negotiated_21f,3,0,buyer first in market (undefined),not eligible
2021/889082,2021,computers_peripherals,negotiated_21b,1,1,non-incumbent winner,new need
2021/770012,2021,ERP_management_software,open,4,0,buyer first in market (undefined),not eligible
2021/868462,2021,maintenance_support_services,negotiated_21f,3,0,incumbent winner,renewal
2021/786619,2021,GIS_city_information,open,1,1,incumbent winner,new need
2021/864601,2021,GIS_city_information,negotiated_21f,1,1,buyer first in market (undefined),not eligible
2021/868418,2021,ERP_management_software,negotiated_21f,1,1,incumbent winner,renewal
2021/857950,2021,software_licences,negotiated_21f,1,1,non-incumbent winner,new need
2021/850933,2021,health_information_systems,negotiated_21b,1,1,incumbent winner,new need
2021/740772,2021,maintenance_support_services,open,1,1,incumbent winner,new need
2021/760624,2021,custom_software_web_mobile,open,1,1,incumbent winner,new need
2021/770039,2021,cybersecurity,open,1,1,non-incumbent winner,new need
2021/858363,2021,physical_security_surveillance,negotiated_21f,2,0,incumbent winner,renewal
2021/768341,2021,software_licences,open,1,1,buyer first in market (undefined),not eligible
2021/731561,2021,ERP_management_software,open,1,1,incumbent winner,renewal
2021/827291,2021,custom_software_web_mobile,negotiated_21f,2,0,non-incumbent winner,new need
2021/742860,2021,ERP_management_software,open,1,1,incumbent winner,renewal
2021/798176,2021,maintenance_support_services,negotiated_21f,2,0,incumbent winner,renewal
2021/814776,2021,custom_software_web_mobile,negotiated_21f,4,0,buyer first in market (undefined),not eligible
2021/816453,2021,cybersecurity,negotiated_21f,2,0,non-incumbent winner,new need
2021/797175,2021,GIS_city_information,negotiated_21f,1,1,non-incumbent winner,new need
2021/735649,2021,maintenance_support_services,open,4,0,buyer first in market (undefined),not eligible
2021/720208,2021,ERP_management_software,open,3,0,buyer first in market (undefined),not eligible
2021/747846,2021,software_licences,open,1,1,non-incumbent winner,renewal
2021/785185,2021,cybersecurity,negotiated_21f,2,0,incumbent winner,renewal
2021/706932,2021,GIS_city_information,open,1,1,buyer first in market (undefined),not eligible
2021/771706,2021,maintenance_support_services,negotiated_21f,2,0,buyer first in market (undefined),not eligible
2021/772945,2021,ERP_management_software,negotiated_21f,4,0,non-incumbent winner,new need
2021/715365,2021,custom_software_web_mobile,negotiated_21f,1,1,non-incumbent winner,new need
2021/686201,2021,maintenance_support_services,open,4,0,incumbent winner,renewal
2021/759751,2021,software_licences,negotiated_21f,2,0,incumbent winner,renewal
2021/729180,2021,custom_software_web_mobile,open,1,1,buyer first in market (undefined),not eligible
2021/689089,2021,software_licences,open,3,0,non-incumbent winner,new need
2021/735815,2021,GIS_city_information,negotiated_21f,1,1,buyer first in market (undefined),not eligible
2021/691147,2021,ERP_management_software,open,1,1,incumbent winner,new need
2021/664841,2021,software_licences,open,1,1,buyer first in market (undefined),not eligible
2021/666189,2021,network_datacentre_infrastructure,open,1,1,buyer first in market (undefined),not eligible
2021/748644,2021,custom_software_web_mobile,negotiated_21f,1,1,buyer first in market (undefined),not eligible
2021/745605,2021,cybersecurity,negotiated_21b,3,0,buyer first in market (undefined),not eligible
2021/740630,2021,custom_software_web_mobile,negotiated_21f,2,0,buyer first in market (undefined),not eligible
2021/720030,2021,cybersecurity,open,1,1,buyer first in market (undefined),not eligible
2021/663850,2021,network_datacentre_infrastructure,open,3,0,buyer first in market (undefined),not eligible
2021/720110,2021,software_licences,negotiated_21f,2,0,non-incumbent winner,new need
2021/670792,2021,cybersecurity,open,2,0,non-incumbent winner,new need
2021/660147,2021,ERP_management_software,open,1,1,incumbent winner,renewal
2021/674693,2021,ERP_management_software,open,1,1,buyer first in market (undefined),not eligible
2021/665475,2021,network_datacentre_infrastructure,open,1,1,incumbent winner,renewal
2021/662753,2021,GIS_city_information,open,1,1,non-incumbent winner,new need
2021/609477,2021,software_licences,open,1,1,buyer first in market (undefined),not eligible
2021/672106,2021,custom_software_web_mobile,open,3,0,non-incumbent winner,new need
2021/669740,2021,GIS_city_information,open,1,1,buyer first in market (undefined),not eligible
2021/724622,2021,ERP_management_software,negotiated_21f,1,1,buyer first in market (undefined),not eligible
2021/597073,2021,GIS_city_information,open,3,0,non-incumbent winner,new need
2021/690011,2021,custom_software_web_mobile,negotiated_21f,2,0,non-incumbent winner,new need
2021/617491,2021,ERP_management_software,open,2,0,buyer first in market (undefined),not eligible
2021/711877,2021,GIS_city_information,negotiated_21f,2,0,incumbent winner,new need
2021/665897,2021,software_licences,open,1,1,non-incumbent winner,new need
2021/699169,2021,ERP_management_software,negotiated_21f,2,0,incumbent winner,renewal
2021/647711,2021,network_datacentre_infrastructure,negotiated_21b,2,0,buyer first in market (undefined),not eligible
2021/668614,2021,network_datacentre_infrastructure,negotiated_21f,1,1,buyer first in market (undefined),not eligible
2021/622431,2021,custom_software_web_mobile,open,1,1,buyer first in market (undefined),not eligible
2021/604367,2021,cybersecurity,open,1,1,non-incumbent winner,new need
2021/630831,2021,ERP_management_software,open,1,1,incumbent winner,renewal
2021/672680,2021,GIS_city_information,open,1,1,buyer first in market (undefined),not eligible
2021/617955,2021,software_licences,open,1,1,non-incumbent winner,new need
2021/669581,2021,cybersecurity,negotiated_21f,2,0,incumbent winner,new need
2021/589699,2021,network_datacentre_infrastructure,open,3,0,buyer first in market (undefined),not eligible
2021/613768,2021,ERP_management_software,open,1,1,buyer first in market (undefined),not eligible
2021/612056,2021,network_datacentre_infrastructure,open,1,1,buyer first in market (undefined),not eligible
2021/644379,2021,physical_security_surveillance,negotiated_21f,3,0,buyer first in market (undefined),not eligible
2021/526187,2021,software_licences,open,3,0,buyer first in market (undefined),not eligible
2021/660409,2021,custom_software_web_mobile,negotiated_21f,2,0,non-incumbent winner,new need
2021/552572,2021,network_datacentre_infrastructure,open,1,1,buyer first in market (undefined),not eligible
2021/587219,2021,software_licences,open,2,0,buyer first in market (undefined),not eligible
2021/535069,2021,ERP_management_software,open,1,1,buyer first in market (undefined),not eligible
2021/551827,2021,software_licences,open,1,1,incumbent winner,renewal
2021/502042,2021,network_datacentre_infrastructure,open,2,0,non-incumbent winner,renewal
2021/524587,2021,network_datacentre_infrastructure,open,2,0,non-incumbent winner,new need
2021/539386,2021,software_licences,open,2,0,non-incumbent winner,renewal
2021/526055,2021,computers_peripherals,open,2,0,non-incumbent winner,new need
2021/599176,2021,custom_software_web_mobile,negotiated_21f,3,0,non-incumbent winner,new need
2021/592345,2021,custom_software_web_mobile,negotiated_21f,3,0,non-incumbent winner,new need
2021/597555,2021,ERP_management_software,negotiated_21f,3,0,non-incumbent winner,new need
2021/554558,2021,software_licences,open,1,1,incumbent winner,renewal
2021/565524,2021,custom_software_web_mobile,negotiated_21f,3,0,buyer first in market (undefined),not eligible
2021/532851,2021,software_licences,open,2,0,non-incumbent winner,renewal
2021/605706,2021,education_technology,negotiated_21f,2,0,buyer first in market (undefined),not eligible
2021/598327,2021,custom_software_web_mobile,negotiated_21f,3,0,buyer first in market (undefined),not eligible
2021/524032,2021,network_datacentre_infrastructure,open,3,0,non-incumbent winner,renewal
2021/596250,2021,custom_software_web_mobile,negotiated_21f,1,1,non-incumbent winner,new need
2021/580396,2021,network_datacentre_infrastructure,negotiated_21f,1,1,non-incumbent winner,new need
2021/584090,2021,custom_software_web_mobile,negotiated_21f,1,1,non-incumbent winner,new need
2021/584712,2021,software_licences,negotiated_21b,1,1,buyer first in market (undefined),not eligible
2021/520569,2021,computers_peripherals,open,1,1,incumbent winner,new need
2021/560098,2021,custom_software_web_mobile,negotiated_21f,3,0,non-incumbent winner,new need
2021/524538,2021,GIS_city_information,open,1,1,incumbent winner,renewal
2021/483880,2021,ERP_management_software,open,1,1,non-incumbent winner,new need
2021/450550,2021,custom_software_web_mobile,open,1,1,buyer first in market (undefined),not eligible
2021/572554,2021,ERP_management_software,negotiated_21f,1,1,buyer first in market (undefined),not eligible
2021/549110,2021,cybersecurity,negotiated_21f,3,0,buyer first in market (undefined),not eligible
2021/539133,2021,GIS_city_information,open,1,1,buyer first in market (undefined),not eligible
2021/458574,2021,computers_peripherals,open,2,0,non-incumbent winner,new need
2021/555098,2021,maintenance_support_services,negotiated_21f,2,0,incumbent winner,new need
2021/556373,2021,call_centre_helpdesk,negotiated_21f,1,1,non-incumbent winner,new need
2021/465887,2021,custom_software_web_mobile,open,1,1,non-incumbent winner,renewal
2021/484695,2021,custom_software_web_mobile,open,1,1,incumbent winner,renewal
2021/466696,2021,ERP_management_software,open,1,1,non-incumbent winner,new need
2021/530306,2021,ERP_management_software,negotiated_21f,1,1,incumbent winner,renewal
2021/533008,2021,software_licences,negotiated_21f,2,0,incumbent winner,renewal
2021/539025,2021,software_licences,negotiated_21f,1,1,buyer first in market (undefined),not eligible
2021/460319,2021,custom_software_web_mobile,open,1,1,incumbent winner,new need
2021/466791,2021,computers_peripherals,open,2,0,non-incumbent winner,new need
2021/496913,2021,custom_software_web_mobile,negotiated_21f,1,1,buyer first in market (undefined),not eligible
2021/514142,2021,custom_software_web_mobile,negotiated_21f,3,0,buyer first in market (undefined),not eligible
2021/459132,2021,custom_software_web_mobile,open,7,0,non-incumbent winner,renewal
2021/503453,2021,call_centre_helpdesk,negotiated_21f,2,0,buyer first in market (undefined),not eligible
2021/403816,2021,network_datacentre_infrastructure,open,2,0,non-incumbent winner,new need
2021/392523,2021,cybersecurity,open,1,1,buyer first in market (undefined),not eligible
2021/489589,2021,smart_city_traffic_OT,negotiated_21b,1,1,non-incumbent winner,new need
2021/480717,2021,cybersecurity,negotiated_21f,1,1,incumbent winner,new need
2021/427656,2021,custom_software_web_mobile,open,4,0,buyer first in market (undefined),not eligible
2021/480628,2021,maintenance_support_services,negotiated_21f,1,1,incumbent winner,renewal
2021/437986,2021,software_licences,open,3,0,incumbent winner,new need
2021/463441,2021,custom_software_web_mobile,negotiated_21f,1,1,non-incumbent winner,new need
2021/336696,2021,software_licences,open,3,0,incumbent winner,new need
2021/460910,2021,ERP_management_software,negotiated_21f,1,1,buyer first in market (undefined),not eligible
2021/420040,2021,software_licences,open,1,1,incumbent winner,renewal
2021/393179,2021,software_licences,open,3,0,incumbent winner,new need
2021/398965,2021,software_licences,open,1,1,buyer first in market (undefined),not eligible
2021/456229,2021,custom_software_web_mobile,negotiated_21f,1,1,non-incumbent winner,new need
2021/457321,2021,custom_software_web_mobile,negotiated_21f,1,1,non-incumbent winner,new need
2021/453574,2021,custom_software_web_mobile,negotiated_21f,3,0,buyer first in market (undefined),not eligible
2021/376596,2021,network_datacentre_infrastructure,open,1,1,buyer first in market (undefined),not eligible
2021/410800,2021,call_centre_helpdesk,open,1,1,buyer first in market (undefined),not eligible
2021/434029,2021,software_licences,open,3,0,non-incumbent winner,renewal
2021/404233,2021,custom_software_web_mobile,open,1,1,non-incumbent winner,new need
2021/448030,2021,custom_software_web_mobile,negotiated_21f,2,0,buyer first in market (undefined),not eligible
2021/413253,2021,custom_software_web_mobile,open,1,1,buyer first in market (undefined),not eligible
2021/397644,2021,software_licences,open,1,1,non-incumbent winner,new need
2021/429183,2021,network_datacentre_infrastructure,negotiated_21f,2,0,non-incumbent winner,new need
2021/408696,2021,ERP_management_software,open,1,1,buyer first in market (undefined),not eligible
2021/440185,2021,GIS_city_information,negotiated_21f,1,1,buyer first in market (undefined),not eligible
2021/374554,2021,cybersecurity,open,1,1,buyer first in market (undefined),not eligible
2021/412440,2021,custom_software_web_mobile,negotiated_21f,1,1,non-incumbent winner,new need
2021/326514,2021,ERP_management_software,open,1,1,non-incumbent winner,new need
2021/353552,2021,custom_software_web_mobile,open,2,0,non-incumbent winner,new need
2021/347602,2021,software_licences,open,3,0,non-incumbent winner,new need
2021/365455,2021,software_licences,open,2,0,non-incumbent winner,renewal
2021/381779,2021,custom_software_web_mobile,negotiated_21f,3,0,non-incumbent winner,new need
2021/326329,2021,software_licences,open,1,1,non-incumbent winner,new need
2021/366886,2021,ERP_management_software,open,1,1,incumbent winner,new need
2021/408811,2021,software_licences,negotiated_21f,1,1,buyer first in market (undefined),not eligible
2021/336404,2021,software_licences,open,1,1,non-incumbent winner,new need
2021/338260,2021,ERP_management_software,open,1,1,non-incumbent winner,new need
2021/305208,2021,software_licences,open,2,0,non-incumbent winner,new need
2021/341027,2021,network_datacentre_infrastructure,open,1,1,incumbent winner,new need
2021/375702,2021,health_information_systems,open,1,1,buyer first in market (undefined),not eligible
2021/336996,2021,physical_security_surveillance,open,2,0,buyer first in market (undefined),not eligible
2021/336473,2021,GIS_city_information,open,1,1,buyer first in market (undefined),not eligible
2021/324774,2021,GIS_city_information,open,1,1,non-incumbent winner,new need
2021/377835,2021,maintenance_support_services,negotiated_21f,3,0,non-incumbent winner,new need
2021/288697,2021,network_datacentre_infrastructure,open,2,0,buyer first in market (undefined),not eligible
2021/306495,2021,ERP_management_software,open,2,0,buyer first in market (undefined),not eligible
2021/361728,2021,custom_software_web_mobile,negotiated_21f,1,1,non-incumbent winner,new need
2021/308038,2021,software_licences,open,1,1,non-incumbent winner,new need
2021/361940,2021,software_licences,negotiated_21b,2,0,incumbent winner,renewal
2021/311850,2021,GIS_city_information,open,1,1,incumbent winner,new need
2021/297945,2021,cybersecurity,open,2,0,incumbent winner,new need
2021/268160,2021,software_licences,open,1,1,non-incumbent winner,new need
2021/339344,2021,health_information_systems,negotiated_21b,1,1,incumbent winner,new need
2021/320743,2021,health_information_systems,negotiated_21b,1,1,non-incumbent winner,new need
2021/334845,2021,custom_software_web_mobile,negotiated_21f,3,0,non-incumbent winner,new need
2021/294545,2021,software_licences,open,1,1,incumbent winner,new need
2021/337700,2021,custom_software_web_mobile,negotiated_21f,2,0,buyer first in market (undefined),not eligible
2021/336878,2021,ERP_management_software,negotiated_21f,2,0,buyer first in market (undefined),not eligible
2021/307227,2021,ERP_management_software,negotiated_21f,3,0,buyer first in market (undefined),not eligible
2021/287147,2021,network_datacentre_infrastructure,open,1,1,non-incumbent winner,renewal
2021/290171,2021,education_technology,open,1,1,non-incumbent winner,new need
2021/322573,2021,network_datacentre_infrastructure,negotiated_21f,1,1,non-incumbent winner,new need
2021/308820,2021,ERP_management_software,negotiated_21f,3,0,non-incumbent winner,new need
2021/256651,2021,ERP_management_software,open,2,0,non-incumbent winner,new need
2021/272769,2021,GIS_city_information,open,1,1,non-incumbent winner,new need
2021/279501,2021,cybersecurity,negotiated_21f,1,1,buyer first in market (undefined),not eligible
2021/281831,2021,call_centre_helpdesk,negotiated_21f,2,0,buyer first in market (undefined),not eligible
2021/258729,2021,cybersecurity,open,1,1,non-incumbent winner,new need
2021/303265,2021,ERP_management_software,negotiated_21f,3,0,non-incumbent winner,new need
2021/291815,2021,smart_city_traffic_OT,negotiated_21f,3,0,buyer first in market (undefined),not eligible
2021/237885,2021,custom_software_web_mobile,open,4,0,non-incumbent winner,renewal
2021/248454,2021,network_datacentre_infrastructure,open,2,0,non-incumbent winner,new need
2021/275417,2021,maintenance_support_services,negotiated_21f,1,1,incumbent winner,new need
2021/251919,2021,ERP_management_software,open,2,0,incumbent winner,renewal
2021/274418,2021,custom_software_web_mobile,negotiated_21f,3,0,incumbent winner,new need
2021/201627,2021,ERP_management_software,open,5,0,buyer first in market (undefined),not eligible
2021/223468,2021,education_technology,open,2,0,buyer first in market (undefined),not eligible
2021/242365,2021,custom_software_web_mobile,open,5,0,incumbent winner,renewal
2021/272448,2021,custom_software_web_mobile,negotiated_21f,1,1,buyer first in market (undefined),not eligible
2021/217864,2021,custom_software_web_mobile,open,1,1,non-incumbent winner,new need
2021/258733,2021,education_technology,negotiated_21f,2,0,non-incumbent winner,new need
2021/256353,2021,ERP_management_software,negotiated_21f,1,1,non-incumbent winner,new need
2021/253959,2021,physical_security_surveillance,negotiated_21f,2,0,non-incumbent winner,new need
2021/208093,2021,software_licences,open,1,1,non-incumbent winner,renewal
2021/241703,2021,custom_software_web_mobile,negotiated_21f,1,1,non-incumbent winner,new need
2021/229391,2021,software_licences,open,2,0,non-incumbent winner,renewal
2021/206011,2021,software_licences,open,2,0,non-incumbent winner,new need
2021/256100,2021,software_licences,negotiated_21f,3,0,buyer first in market (undefined),not eligible
2021/203959,2021,custom_software_web_mobile,open,1,1,buyer first in market (undefined),not eligible
2021/210641,2021,custom_software_web_mobile,open,1,1,buyer first in market (undefined),not eligible
2021/241770,2021,ERP_management_software,negotiated_21f,2,0,non-incumbent winner,new need
2021/171201,2021,ERP_management_software,open,2,0,incumbent winner,renewal
2021/151919,2021,health_information_systems,open,1,1,non-incumbent winner,renewal
2021/217329,2021,custom_software_web_mobile,open,12,0,non-incumbent winner,new need
2021/193884,2021,software_licences,open,2,0,non-incumbent winner,new need
2021/217134,2021,custom_software_web_mobile,open,14,0,non-incumbent winner,new need
2021/210471,2021,custom_software_web_mobile,negotiated_21f,1,1,non-incumbent winner,new need
2021/170597,2021,software_licences,open,1,1,buyer first in market (undefined),not eligible
2021/171606,2021,education_technology,negotiated_21f,1,1,buyer first in market (undefined),not eligible
2021/149522,2021,custom_software_web_mobile,negotiated_21b,1,1,non-incumbent winner,new need
2021/192766,2021,ERP_management_software,negotiated_21f,2,0,buyer first in market (undefined),not eligible
2021/177564,2021,computers_peripherals,negotiated_21f,3,0,buyer first in market (undefined),not eligible
2021/137586,2021,cybersecurity,open,1,1,incumbent winner,new need
2021/178035,2021,cybersecurity,negotiated_21f,1,1,buyer first in market (undefined),not eligible
2021/178022,2021,ERP_management_software,negotiated_21f,1,1,buyer first in market (undefined),not eligible
2021/173728,2021,smart_city_traffic_OT,negotiated_21b,2,0,buyer first in market (undefined),not eligible
2021/166550,2021,ERP_management_software,negotiated_21f,2,0,non-incumbent winner,new need
2021/177372,2021,ERP_management_software,negotiated_21f,1,1,buyer first in market (undefined),not eligible
2021/154794,2021,call_centre_helpdesk,negotiated_21f,2,0,buyer first in market (undefined),not eligible
2021/126080,2021,custom_software_web_mobile,open,2,0,buyer first in market (undefined),not eligible
2021/151673,2021,software_licences,negotiated_21f,3,0,non-incumbent winner,new need
2021/102057,2021,cybersecurity,open,1,1,non-incumbent winner,new need
2021/96575,2021,network_datacentre_infrastructure,open,1,1,non-incumbent winner,new need
