projection,firm,betweenness,participation,proj_degree,n_markets,n_buyers,n_contracts,log_buyers,log_contracts,log_btw
firm_bicm_pb_mobs_fdr0.05,PROMET BİLGİ SİSTEMLERİ VE DAN.SAN.TİC.LTD.ŞTİ.,0.03151030071881079,0.7076257826224044,149,11,31,56,3.4339872044851463,4.02535169073515,-3.4574347147550215
firm_bicm_pb_mobs_fdr0.05,BEYAZ BİLGİSAYAR DANIŞMANLIK HİZ.LTD.ŞTİ,0.03003129543877705,0.7473064974552184,123,7,18,31,2.8903717578961645,3.4339872044851463,-3.505508896170325
firm_bicm_pb_mobs_fdr0.05,KOÇ SİSTEM BİLGİ VE İLETİŞİM HİZMELERİ ANONİM ŞİRKETİ,0.02841254958387308,0.6225346968590211,148,8,32,63,3.4657359027997265,4.143134726391533,-3.5609176185182814
firm_bicm_pb_mobs_fdr0.05,SPEKSKO BİLİŞİM YAZILIM SAN.VE TİC.LTD.ŞTİ.,0.02752922870492731,0.8026361429066944,93,4,8,9,2.0794415416798357,2.1972245773362196,-3.5925000347876446
firm_bicm_pb_mobs_fdr0.05,RENİS DIŞ TİCARET LİMİTED ŞİRKETİ,0.02717645065170807,0.727149810708491,86,4,14,16,2.6390573296152584,2.772588722239781,-3.605397433476091
firm_bicm_pb_mobs_fdr0.05,IND YAZILIM BİLİŞİM TEKNOLOJİLERİ SANAYİ VE TİCARET A.Ş.,0.02357314129820322,0.8032249937011842,63,7,28,54,3.332204510175204,3.9889840465642745,-3.747639188670116
firm_bicm_pb_mobs_fdr0.05,SENEKA YAZILIM DONANIM BİLİŞİM TİCARET TAAHHÜT VE SANAYİ LİMİTED ŞİRKETİ,0.022675754940707706,0.7877564034435115,97,2,14,16,2.6390573296152584,2.772588722239781,-3.7864505617677207
firm_bicm_pb_mobs_fdr0.05,İNNOVA BİLİŞİM ÇÖZÜMLERİ A.Ş.,0.02044365490158023,0.7384066587395957,116,9,20,30,2.995732273553991,3.4011973816621555,-3.890073370430964
firm_bicm_pb_mobs_fdr0.05,İSTTELKOM İSTANBUL ELEKTRONİK HABERLEŞME VE ALTYAPI HİZMETLERİ SANAYİ VE TİCARET ANONİM ŞİRKETİ,0.019511388044895953,0.40628507295173966,99,6,16,34,2.772588722239781,3.5263605246161616,-3.936747186954624
firm_bicm_pb_mobs_fdr0.05,BARİKAT İNTERNET GÜVENLİĞİ BİLİŞİM TİCARET ANONİM ŞİRKETİ,0.019464856145657423,0.6344068877551019,112,7,32,54,3.4657359027997265,3.9889840465642745,-3.939134870324699
firm_bicm_pb_mobs_fdr0.05,İNSPİRİT BİLGİ TEKNOLOJİLERİ YAZILIM DANIŞMANLIK TİC.LTD.ŞTİ,0.018217941310208832,0.6713137996219282,92,5,13,25,2.5649493574615367,3.2188758248682006,-4.005337894174254
firm_bicm_pb_mobs_fdr0.05,DESTEK BİLGİSAYAR VE İLETİŞİM HİZ.TİC.A.Ş.,0.017535571228481494,0.6172222222222223,120,8,27,66,3.295836866004329,4.189654742026425,-4.043512921227029
firm_bicm_pb_mobs_fdr0.05,APHEL BİLİŞİM HİZMETLERİ DANIŞMANLIK TİCARET LİMİTED ŞİRKETİ,0.017023044257696105,0.7029079861111112,96,6,22,28,3.091042453358316,3.332204510175204,-4.073176081937756
firm_bicm_pb_mobs_fdr0.05,PROTA BİLGİSAYAR MÜHENDİSLİK DANIŞMANLIK HİZ.A.Ş.,0.015755190433750687,0.791900826446281,110,2,10,12,2.302585092994046,2.4849066497880004,-4.150573286910454
firm_bicm_pb_mobs_fdr0.05,İŞLEM COĞRAFİ BİLGİ SİSTEMLERİ MÜHENDİSLİK VE EĞİTİM ANONİM ŞİRKETİ,0.014587663277571541,0.7368,50,3,27,27,3.295836866004329,3.295836866004329,-4.227565987912468
firm_bicm_pb_mobs_fdr0.05,LTS BİLİŞİM TEKNOLOJİLERİ TİCARET LİMİTED ŞİRKETİ,0.014502441980401175,0.35250000000000004,80,5,7,10,1.9459101490553132,2.302585092994046,-4.233425053769892
firm_bicm_pb_mobs_fdr0.05,BİLGİ BİRİKİM SİSTEMLERİ ELEKTRONİK VE BİLGİSAYAR ENDÜSTRİSİ MÜHENDİSLİK HİZMETLERİ SANAYİ VE TİCARET LİMİTED ŞİRKETİ.,0.01379983917157354,0.5644586226308876,73,6,6,11,1.791759469228055,2.3978952727983707,-4.283084492682942
firm_bicm_pb_mobs_fdr0.05,DATA MARKET BİLGİ HİZMETLERİ ANONİM ŞİRKETİ,0.013395625846318183,0.7629949333833741,73,3,21,27,3.044522437723423,3.295836866004329,-4.312812788382476
firm_bicm_pb_mobs_fdr0.05,BVF BİLGİ TEKNOLOJİLERİ YAPI VE DANIŞMANLIK LİMİTED ŞİRKETİ,0.013315471558770121,0.5281132861307789,49,6,18,24,2.8903717578961645,3.1780538303479458,-4.3188142925500586
firm_bicm_pb_mobs_fdr0.05,PİKSELSOFT YAZILIM BİLİŞİM SANAYİ VE TİCARET LİMİTED ŞİRKETİ,0.013300044374273838,0.6403491370759771,71,4,8,8,2.0794415416798357,2.0794415416798357,-4.319973538511858
firm_bicm_pb_mobs_fdr0.05,PERCOM BİLİŞİM SİSTEMLERİ OTOMOTİV İNŞAAT VE DANIŞMANLIK DIŞ TİCARET LİMİTED ŞİRKETİ,0.012987341174549954,0.5005945303210464,58,3,7,11,1.9459101490553132,2.3978952727983707,-4.343765436932398
firm_bicm_pb_mobs_fdr0.05,BİLGİTÜRK BİLG.TEKN.SAN.VE TİC.A.Ş.,0.012942029260985739,0.2265722615576844,49,6,14,27,2.6390573296152584,3.295836866004329,-4.347260415098833
firm_bicm_pb_mobs_fdr0.05,NATEK BİLİŞİM BİLGİSAYAR EĞİT.DAN.YAZ.TİC.SAN.LTD.ŞTİ.,0.012938573730425165,0.6319500080115367,79,6,16,19,2.772588722239781,2.9444389791664403,-4.347527447482148
firm_bicm_pb_mobs_fdr0.05,ELİPS ELEKTRONİK SAN .VE TİC.LTD.ŞTİ.,0.012717631174253837,0.7205707491082045,58,6,32,34,3.4657359027997265,3.5263605246161616,-4.364750939989012
firm_bicm_pb_mobs_fdr0.05,ALTO TEKNOLOJİ BİLİŞİM ÇÖZÜMLERİ SANAYİ VE DIŞ TİCARET LİMİTED ŞİRKETİ,0.012693268284690976,0.6015625,48,9,30,63,3.4011973816621555,4.143134726391533,-4.366668426666
firm_bicm_pb_mobs_fdr0.05,SUPERONLİNE İLETİŞİM HİZMETLERİ ANONİM ŞİRKETİ,0.01231698707884182,0.7120181405895691,63,6,14,18,2.6390573296152584,2.8903717578961645,-4.396760390424598
firm_bicm_pb_mobs_fdr0.05,ULUSAL CAD VE GIS ÇÖZÜMLERİ MÜH.BİLG.EĞT.TİC.A.Ş.,0.012230066490885224,0.7567567567567568,37,5,32,34,3.4657359027997265,3.5263605246161616,-4.4038422666739505
firm_bicm_pb_mobs_fdr0.05,KORTEKS BİLİŞİM HİZMETLERİ A.Ş.,0.011769948306663364,0.5088,25,2,5,14,1.6094379124341003,2.6390573296152584,-4.442189512903267
firm_bicm_pb_mobs_fdr0.05,GOMAP MÜHENDİSLİK MÜŞAVİRLİK DANIŞMANLIK VE ARAŞTIRMA TİCARET LİMİTED ŞİRKETİ,0.011392495852222791,0.5650969529085873,38,4,17,18,2.833213344056216,2.8903717578961645,-4.474783624185402
firm_bicm_pb_mobs_fdr0.05,ARTI VE ARTI TEKNOLOJİ HİZM.SAN.TİC.AŞ,0.011027676842410532,0.8088642659279779,76,4,9,12,2.1972245773362196,2.4849066497880004,-4.50732975996305
firm_bicm_pb_mobs_fdr0.05,CSIT BİLİŞİM ANONİM ŞİRKETİ,0.010838930996645547,0.6323160258950984,87,8,12,16,2.4849066497880004,2.772588722239781,-4.524593272949266
firm_bicm_pb_mobs_fdr0.05,DİGİTOLİA DİJİTAL ANADOLU TEKNOLOJİ SANAYİ VE TİCARET LİMİTED ŞİRKETİ,0.010768665986599731,0.6909262759924386,46,3,9,9,2.1972245773362196,2.1972245773362196,-4.531096912837964
firm_bicm_pb_mobs_fdr0.05,BAŞARSOFT BİLGİ TEKNOLOJİLERİ ANONİM ŞİRKETİ,0.010610872407524948,0.8278236914600551,66,4,17,20,2.833213344056216,2.995732273553991,-4.545858094333278
firm_bicm_pb_mobs_fdr0.05,MOZAİK YAZILIM VE BİLİŞİM SİSTEMLERİ SAN VE TİC. LTD. ŞTİ.,0.010130164868825096,0.5138888888888888,36,4,6,7,1.791759469228055,1.9459101490553132,-4.592218820533236
firm_bicm_pb_mobs_fdr0.05,VADİ KURUMSAL BİLGİSİSTEMLERİ LTD.ŞTİ.,0.010019165918590712,0.4261059313628248,71,6,15,45,2.70805020110221,3.8066624897703196,-4.603236354433473
firm_bicm_pb_mobs_fdr0.05,BİSOFT BİLGİ TEKNOLOJİLERİ ANONİM ŞİRKETİ,0.009954127857596008,0.5219753086419754,90,5,16,20,2.772588722239781,2.995732273553991,-4.609748755143861
firm_bicm_pb_mobs_fdr0.05,ARMAKOM BİLİŞİM TEKNOJİLERİ ANONİM ŞİRKETİ,0.009859491562927042,0.6828143021914648,51,6,12,14,2.4849066497880004,2.6390573296152584,-4.619301294408412
firm_bicm_pb_mobs_fdr0.05,VODAFONE NET İLETİŞİM HİZMETLERİ ANONİM ŞİRKETİ,0.009779702718611867,0.5559762033531638,43,3,10,11,2.302585092994046,2.3978952727983707,-4.62742665121634
firm_bicm_pb_mobs_fdr0.05,İSBAK İSTANBUL BİLİŞİM VE AKILLI KENT TEKNOLOJİLERİ A.Ş.,0.009668462395244942,0.5588642659279779,76,8,14,19,2.6390573296152584,2.9444389791664403,-4.638866224012607
firm_bicm_pb_mobs_fdr0.05,ODAKENT ÇEVRE BİLİŞİM ANONİM ŞİRKETİ,0.009612504869997181,0.6407999999999999,50,2,8,9,2.0794415416798357,2.1972245773362196,-4.644670556578316
firm_bicm_pb_mobs_fdr0.05,BİLGE ADAM BİLGİSAYAR VE EĞİTİM HİZMSAN TİC AŞ,0.009532852497080007,0.729678638941399,46,6,18,45,2.8903717578961645,3.8066624897703196,-4.652991241410352
firm_bicm_pb_mobs_fdr0.05,TÜRK TELEKOMÜNİKASYON ANONİM ŞİRKETİ,0.009456371735722613,0.8117913832199546,42,8,25,32,3.2188758248682006,3.4657359027997265,-4.6610462977484515
firm_bicm_pb_mobs_fdr0.05,ARVENTO MOBİL SİSTEMLER ANONİM ŞİRKETİ,0.009433468145125391,0.2208,25,2,4,4,1.3862943611198906,1.3862943611198906,-4.663471213845689
firm_bicm_pb_mobs_fdr0.05,PRODAY BİLİŞİM TEKNOLOJİLERİ TİCARET ANONİM ŞİRKETİ,0.009100923621402298,0.4131611828404832,98,4,20,30,2.995732273553991,3.4011973816621555,-4.699358375275927
firm_bicm_pb_mobs_fdr0.05,TGAR BİLGİSAYAR ELEKTRONİK İLET.SİS.SAN.VE TİC.A.Ş.,0.009086091863068553,0.6334693877551021,35,3,10,10,2.302585092994046,2.302585092994046,-4.700989368545733
firm_bicm_pb_mobs_fdr0.05,YÖNSİS BİLGİSAYAR SİSTEMLERİ SANAYİVE TİCARET A.Ş.,0.009019748077418642,0.546241211465657,43,4,13,18,2.5649493574615367,2.8903717578961645,-4.708317687174722
firm_bicm_pb_mobs_fdr0.05,YONCA BİLİŞİM TEKNOLOJİLERİ LTD.ŞTİ.,0.0089963913928596,0.6313775510204082,56,4,6,12,1.791759469228055,2.4849066497880004,-4.710910495936798
firm_bicm_pb_mobs_fdr0.05,BİLGİKENT BİLİŞİM TEKNOLOJİLERİ TİCARET LİMİTED ŞİRKETİ,0.008770054920524573,0.6168051708217914,57,4,8,9,2.0794415416798357,2.1972245773362196,-4.736390419620776
firm_bicm_pb_mobs_fdr0.05,EKS-PA BİLGİSAYAR PAZARLAMA VE TİCARET A.Ş.,0.008688397041348874,0.6873630387143901,74,4,6,10,1.791759469228055,2.302585092994046,-4.745744821386911
firm_bicm_pb_mobs_fdr0.05,ESTEP BİLİŞİM ARAŞTIRMA AJANS EĞİTİM DANIŞMANLIK HİZMETLERİ SANAYİ VE TİCARET LİMİTED ŞİRKETİ,0.008141018450180278,0.13304488912925916,43,3,4,7,1.3862943611198906,1.9459101490553132,-4.81081651569257
firm_bicm_pb_mobs_fdr0.05,BİLİŞİM İNOVASYON SA N.VE TİC.LTD.ŞTİ.,0.008093771337820278,0.37455432538937883,73,4,13,13,2.5649493574615367,2.5649493574615367,-4.816636872351773
firm_bicm_pb_mobs_fdr0.05,EKSTREM BİR BİLGİSAYAR DANIŞMANLIK İÇ VE DIŞ TİCARET LİMİTED ŞİRKETİ,0.008005281515087736,0.0,3,1,3,4,1.0986122886681098,1.3862943611198906,-4.827629893348797
firm_bicm_pb_mobs_fdr0.05,FORTE BİLGİ İLETİŞİM TEKNOLOJİLERİ VE SAVUNMA SANAYİ ANONİM ŞİRKETİ,0.007828232165136183,0.7318339100346021,34,10,48,82,3.871201010907891,4.406719247264253,-4.849994159286062
firm_bicm_pb_mobs_fdr0.05,NETAŞ TELEKOMÜNİKASYON ANONİM ŞİRKETİ,0.0077949726609839246,0.569737954353339,91,3,7,7,1.9459101490553132,1.9459101490553132,-4.85425176726129
firm_bicm_pb_mobs_fdr0.05,EMSAL BİLİŞİM MEDİKAL ELEKT.OTOMASYON SİST.SAN.TİC.LTD.ŞTİ.,0.0077440834687243785,0.46625000000000005,40,3,8,10,2.0794415416798357,2.302585092994046,-4.860801472991113
firm_bicm_pb_mobs_fdr0.05,PRODİGİ BİLİŞİM TEKNOLOJİLERİ SAN.VETİC.LTD.ŞTİ.,0.0077374352200233094,0.6776859504132231,77,5,5,11,1.6094379124341003,2.3978952727983707,-4.861660314441013
firm_bicm_pb_mobs_fdr0.05,BİZNET BİLİŞİM SİSTEMLERİ VE DANIŞMANLIK SAN.TİC.A.Ş,0.007723013155238798,0.734379809172053,57,6,19,23,2.9444389791664403,3.1354942159291497,-4.863525941113956
firm_bicm_pb_mobs_fdr0.05,MS TEDARİK TEKNOLOJİ SANAYİ VE TİCARET LİMİTED ŞİRKETİ,0.007655266357444466,0.6589506172839505,36,4,9,10,2.1972245773362196,2.302585092994046,-4.872336491373095
firm_bicm_pb_mobs_fdr0.05,ADA MÜHENDİSLİK VE Y AZILIM HİZ.TİC.L TD.ŞTİ.,0.007640479430658215,0.41260404280618324,58,6,10,10,2.302585092994046,2.302585092994046,-4.874269912875511
firm_bicm_pb_mobs_fdr0.05,BİMSER ÇÖZÜM YAZILIM TİCARET ANONİM ŞİRKETİ,0.007566247435617873,0.7126200274348422,54,3,17,17,2.833213344056216,2.833213344056216,-4.884032792099102
firm_bicm_pb_mobs_fdr0.05,MSM BİLİŞİM TEKNOLOJİLERİ BİLGİSAYAR ELEKTRONİK İLETİŞİM KIRTASİYE SANAYİ VE TİCARET LİMİTED ŞİRKETİ,0.007439689801066794,0.609375,16,2,2,2,0.6931471805599453,0.6931471805599453,-4.900900437173344
firm_bicm_pb_mobs_fdr0.05,VBT BİLGİ TEKNOLOJİLERİ ANONİM ŞİRKETİ,0.007421282451299763,0.6842906574394464,85,7,7,21,1.9459101490553132,3.044522437723423,-4.903377648684655
firm_bicm_pb_mobs_fdr0.05,TRNETWORK BİLİŞİM DANIŞMANLIK VE DESTEK HİZMETLERİ SANAYİ VE TİCARET LİMİTED ŞİRKETİ,0.007391135202731237,0.14201183431952646,13,4,4,5,1.3862943611198906,1.6094379124341003,-4.907448086476211
firm_bicm_pb_mobs_fdr0.05,PROBİM TEKNOLOJİ GIDA SANAYİ VE TİCARET LTD.ŞTİ.,0.007386738210735298,0.6239902453894224,81,5,11,14,2.3978952727983707,2.6390573296152584,-4.908043148875483
firm_bicm_pb_mobs_fdr0.05,TURMAP BİLİŞİM TEKNO LOJİLERİ TİCARET LTD.ŞTİ.,0.007370366240830735,0.711111111111111,15,2,6,6,1.791759469228055,1.791759469228055,-4.910261951709748
firm_bicm_pb_mobs_fdr0.05,ROBİT TEKNOLOJİ LİMİTED ŞİRKETİ,0.007339716719006231,0.5960555149744339,74,6,8,22,2.0794415416798357,3.091042453358316,-4.914428994126222
firm_bicm_pb_mobs_fdr0.05,İNFOPARK BİLGİ TEKNOLOJİLERİ SANAYİ VE TİCARET ANONİM ŞİRKETİ,0.00729465174795809,0.6211141889812251,57,5,14,22,2.6390573296152584,3.091042453358316,-4.920587638638302
firm_bicm_pb_mobs_fdr0.05,İNFOTELİCA BİLGİ TEKNOLOJİLERİ SANAYİ VE TİCARET LİMİTED ŞİRKETİ,0.0071992085758350866,0.55224609375,64,3,5,16,1.6094379124341003,2.772588722239781,-4.933757633745644
firm_bicm_pb_mobs_fdr0.05,EFOR ETKİLEŞİM MERKEZİ YÖNETİM SİSTEMLERİ ANONİM ŞİRKETİ,0.007177311841721595,0.5465561224489796,56,2,2,2,0.6931471805599453,0.6931471805599453,-4.936803735065821
firm_bicm_pb_mobs_fdr0.05,Y.D YAZILIM EĞİTİM DANIŞMANLIK VE BİLGİ SİST.TİC.LTD.ŞTİ,0.007101698675426358,0.6475182665658856,63,3,5,8,1.6094379124341003,2.0794415416798357,-4.947394363736363
firm_bicm_pb_mobs_fdr0.05,İNTRON BİLİŞİM YAZILIM TANITIM VE TASARIM HİZMETLERİ SANAYİ TİCARET LİMİTED ŞİRKETİ,0.006972823782277651,0.5454545454545454,33,8,19,25,2.9444389791664403,3.2188758248682006,-4.965707595392807
firm_bicm_pb_mobs_fdr0.05,FUJİTSU TECHNOLOGY SOLUTIONS BİLİŞİM LİMİTED ŞİRKETİ,0.006808359463583654,0.29218106995884763,54,7,11,14,2.3978952727983707,2.6390573296152584,-4.989576019782281
firm_bicm_pb_mobs_fdr0.05,PRODES GRUP BİLGİSAYAR YAZILIM BİLİŞİM İNŞAAT HİZMETLERİ OTOMOTİV SANAYİ VE TİCARET ANONİM ŞİRKETİ,0.006779243849449132,0.4257851239669421,55,2,4,5,1.3862943611198906,1.6094379124341003,-4.993861520180342
firm_bicm_pb_mobs_fdr0.05,STM SAVUNMA TEKNOLOJİLERİ MÜH.VE TİC.A.Ş.,0.006718349691826565,0.11288927335640131,68,3,4,7,1.3862943611198906,1.9459101490553132,-5.002884290977877
firm_bicm_pb_mobs_fdr0.05,PSEUDONYM_468,0.006650069213417545,0.673828125,32,3,5,6,1.6094379124341003,1.791759469228055,-5.013099279072361
firm_bicm_pb_mobs_fdr0.05,PROMETUS BİLG.SİST.SAN.VE TİC.LTD.ŞTİ.,0.006634853806268038,0.7578875171467764,54,1,12,12,2.4849066497880004,2.4849066497880004,-5.015389841996309
firm_bicm_pb_mobs_fdr0.05,AGARTHA TEKNOLOJİ BİLİŞİM YAZILIM MÜHENDİSLİK PAZARLAMA VE TİCARET LİMİTED ŞİRKETİ,0.0065857903522900775,0.4896694214876033,44,2,2,2,0.6931471805599453,0.6931471805599453,-5.02281191012044
firm_bicm_pb_mobs_fdr0.05,TEOSOFT YAZILIM DONANIM BİLGİSAYAR EĞİTİM DANIŞMANLIK SANAYİ VE TİCARET LİMİTED ŞİRKETİ,0.006474017361112814,0.23100936524453697,31,4,3,5,1.0986122886681098,1.6094379124341003,-5.0399289230929405
firm_bicm_pb_mobs_fdr0.05,ELEKTROTEL TELEKOM ELEKTRONİK TURİZM İNŞAAT GIDA SANAYİ VE TİCARET LİMİTED ŞİRKETİ,0.006454376084924846,0.0,6,2,7,13,1.9459101490553132,2.5649493574615367,-5.042967306898666
firm_bicm_pb_mobs_fdr0.05,EPİTEL İLETİŞİM SANAYİ VE TİCARET LİMİTED ŞİRKETİ,0.006407824504638565,0.708099173553719,55,5,5,6,1.6094379124341003,1.791759469228055,-5.050205632862065
firm_bicm_pb_mobs_fdr0.05,PROLİZ BİLGİSAYAR YAZILIM VE DONANIM HİZMETLERİ SANAYİ VE TİCARET LİMİTED ŞİRKETİ,0.006374672889325795,0.7337278106508875,26,3,28,30,3.332204510175204,3.4011973816621555,-5.055392521990664
firm_bicm_pb_mobs_fdr0.05,QUEEN BİLGİSAYAR SİSTEMLERİ SANAYİ TİC.LTD.ŞTİ.,0.006373568737367177,0.5555555555555555,42,4,9,13,2.1972245773362196,2.5649493574615367,-5.055565740994548
firm_bicm_pb_mobs_fdr0.05,NEX TEKNOLOJİ ANONİM ŞİRKETİ,0.006315766790495811,0.75,36,5,9,12,2.1972245773362196,2.4849066497880004,-5.06467584853357
firm_bicm_pb_mobs_fdr0.05,PSEUDONYM_034,0.00630892852549516,0.5573979591836735,56,7,18,69,2.8903717578961645,4.23410650459726,-5.065759131492039
firm_bicm_pb_mobs_fdr0.05,INNOSA BİLİŞİM TEKNOLOJİLERİ YAPI SANAYİ VE TİCARET ANONİM ŞİRKETİ,0.006297432316492616,0.552227903579255,37,6,20,50,2.995732273553991,3.912023005428146,-5.067582951036418
firm_bicm_pb_mobs_fdr0.05,NETCOM BİLGİSAYAR YAZ.İNT.VE TELEKO.HİZ.SAN.TİC.A.Ş.,0.006285490324323226,0.6089778258518118,43,5,16,19,2.772588722239781,2.9444389791664403,-5.069481020882362
firm_bicm_pb_mobs_fdr0.05,EDULINE BİLİŞİM SAN.VE TİC.LTD.ŞTİ.,0.006223708003373109,0.796875,16,5,6,8,1.791759469228055,2.0794415416798357,-5.079358701924108
firm_bicm_pb_mobs_fdr0.05,SENTİM BİLİŞİM TEKNO LOJİLERİ SANAYİ VE TİC.A.Ş.,0.006186684679695889,0.591368227731864,33,7,57,78,4.04305126783455,4.356708826689592,-5.085325039047804
firm_bicm_pb_mobs_fdr0.05,BGS BİLGİ SİSTEMLERİSANAYİ VE TİCARET LTD.ŞTİ.,0.006113752827026476,0.6212995001922337,51,3,5,7,1.6094379124341003,1.9459101490553132,-5.097183225564788
firm_bicm_pb_mobs_fdr0.05,FASTSOFT BİLİŞİM TEKNOLOJİ ANONİM ŞİRKETİ,0.0060961506735851346,0.3377777777777776,15,1,9,10,2.1972245773362196,2.302585092994046,-5.100066395712418
firm_bicm_pb_mobs_fdr0.05,ALSAY İLETİŞİM ELEKTRONİK GIDA İNŞ.SAN.TİC.LTD.ŞTİ.,0.0060794434333648496,0.6072,50,4,5,9,1.6094379124341003,2.1972245773362196,-5.102810693214949
firm_bicm_pb_mobs_fdr0.05,NORMDATA DESTEK VE D ANIŞMANLIK HİZME TLERİ LTD.ŞTİ,0.006017333393869407,0.6251851851851853,45,4,12,14,2.4849066497880004,2.6390573296152584,-5.113079316623375
firm_bicm_pb_mobs_fdr0.05,KUZENLER ELEKTRONİK TUR.GIDA MOB.SAN VETİC.LTD.ŞTİ.,0.006009944346128323,0.16163265306122454,35,2,2,2,0.6931471805599453,0.6931471805599453,-5.114307992641528
firm_bicm_pb_mobs_fdr0.05,TEKNOSER BİLGİSAYARTEKNİK HİZM.SAN.VE DIŞ TİC.A.Ş.,0.006009910234700591,0.642578125,32,9,36,66,3.58351893845611,4.189654742026425,-5.114313668308042
firm_bicm_pb_mobs_fdr0.05,DEMTAŞ BİLGİ SİSTEMLERİ VE TEKNOLOJİLERİ TİC.A.Ş.,0.006000228859649266,0.4831314878892733,68,1,2,4,0.6931471805599453,1.3862943611198906,-5.115925817672545
firm_bicm_pb_mobs_fdr0.05,TURCOM İLETİŞİM SİST EMLERİ SANAYİ VE TİCARET A.Ş.,0.0059931712006666155,0.7197231833910034,17,4,6,7,1.791759469228055,1.9459101490553132,-5.117102704101731
firm_bicm_pb_mobs_fdr0.05,EMİ GRUP BİLGİ TEKNOLOJİLERİ ANONİM ŞİRKETİ,0.005983270684978695,0.43342516069788795,33,1,2,2,0.6931471805599453,0.6931471805599453,-5.118755983445199
firm_bicm_pb_mobs_fdr0.05,HAVELSAN HAVA ELEKTRONİK SANAYİ VE TİCARET ANONİM ŞİRKETİ,0.005965202207910478,0.556734693877551,35,4,8,9,2.0794415416798357,2.1972245773362196,-5.121780288397729
firm_bicm_pb_mobs_fdr0.05,ENTEGRE ENFORMASYON SİSTEMLERİ EĞİTİM DANIŞMANLIK TİCARET ANONİM ŞİRKETİ,0.005896471191925824,0.17999999999999994,20,2,14,19,2.6390573296152584,2.9444389791664403,-5.133368800101303
firm_bicm_pb_mobs_fdr0.05,DOCUART BİLGİSAYAR V E İLET.ELK.SER.İ .T.G.P.S.VE T.LT,0.005889708360960535,0.528352593388874,61,2,3,4,1.0986122886681098,1.3862943611198906,-5.134516349631111
firm_bicm_pb_mobs_fdr0.05,MACELLAN BİLİŞİM DANIŞMANLIK TİCARET LİMİTED ŞİRKETİ,0.005846763154976099,0.22685185185185186,72,2,5,6,1.6094379124341003,1.791759469228055,-5.141834392204512
firm_bicm_pb_mobs_fdr0.05,BMB SOFT BİLGİSAYAR YAZILIM İLETİŞİM SİS.SAN.VE TİC.L,0.005826965402977734,0.1171875,16,2,15,18,2.70805020110221,2.8903717578961645,-5.145226131646179
firm_bicm_pb_mobs_fdr0.05,SÜRAT BİLİŞİM TEKNOLOJİLERİ SANAYİ TİCARET ANONİM ŞİRKETİ,0.0058214049263193264,0.6066215735137059,53,6,6,8,1.791759469228055,2.0794415416798357,-5.146180822212325
firm_bicm_pb_mobs_fdr0.05,MOBİLİON BİLİŞİM TEKN.VE REK.PAZ.LTD.ŞTİ,0.005811971586216548,0.510204081632653,28,4,9,10,2.1972245773362196,2.302585092994046,-5.147802540934726
firm_bicm_pb_mobs_fdr0.05,PROBİL BİLGİ İŞLEM D ESTEK VE DANIŞ.S AN.VE TİC.A.Ş.,0.005756795408188655,0.681640625,64,5,9,10,2.1972245773362196,2.302585092994046,-5.15734111553098
firm_bicm_pb_mobs_fdr0.05,ARTEK GRUP BİLİŞİM BÜRO MALZEMELERİ TİCARET LİMİTED ŞİRKETİ,0.00574268462660531,0.5746691871455576,23,3,4,4,1.3862943611198906,1.3862943611198906,-5.1597951951292576
firm_bicm_pb_mobs_fdr0.05,SHK BİLİŞİM TEKNOLOJİLERİ LİMİTED ŞİRKETİ,0.005576891091941841,0.5920000000000001,25,3,9,11,2.1972245773362196,2.3978952727983707,-5.189089542669744
firm_bicm_pb_mobs_fdr0.05,ÜNİVERSAL BİLGİ TEKNOLOJİLERİ LTD.ŞTİ.,0.005530111566266943,0.64453125,32,6,24,34,3.1780538303479458,3.5263605246161616,-5.197512731888926
firm_bicm_pb_mobs_fdr0.05,INNOVERA BİLİŞİM TEKNOLOJİLERİ ANONİM ŞİRKETİ,0.0055001850916932705,0.5004325259515572,68,5,9,9,2.1972245773362196,2.1972245773362196,-5.202938789222831
firm_bicm_pb_mobs_fdr0.05,DATAKEY BİLİŞİM VE DANIŞMANLIK HİZMETLERİ LİMİTED ŞİRKETİ,0.005442175873358249,0.6611570247933884,11,3,3,3,1.0986122886681098,1.0986122886681098,-5.213541205963582
firm_bicm_pb_mobs_fdr0.05,BARIŞ TELEKOM GÜVENLİK SİSTEMLERİ TİCARET LİMİTED ŞİRKETİ,0.005432788278673093,0.3240997229916899,38,1,6,7,1.791759469228055,1.9459101490553132,-5.215267605601788
firm_bicm_pb_mobs_fdr0.05,NODA BİLİŞİM TEKNOLOJİLERİ BİLGİSAYAR ULUSLARARASI İÇ VE DIŞ TİCARET LİMİTED ŞİRKETİ,0.005420401297105171,0.6101249178172254,39,3,9,10,2.1972245773362196,2.302585092994046,-5.217550169753891
firm_bicm_pb_mobs_fdr0.05,TRİO ENTEGRASYON BİLİŞİM TEKNOLOJİLERİ TİCARET ANONİM ŞİRKETİ.,0.00540928668018072,0.6360330578512396,55,5,10,12,2.302585092994046,2.4849066497880004,-5.219602718006885
firm_bicm_pb_mobs_fdr0.05,PLUSTECH GÜVENLİK SİSTEMLERİ ANONİM ŞİRKETİ,0.0053598074028619646,0.16528925619834722,11,1,4,4,1.3862943611198906,1.3862943611198906,-5.2287915818101105
firm_bicm_pb_mobs_fdr0.05,ENTEGRES BİLGİ VE İLETİŞİM TEKNOLOJİLERİ SANAYİ VE TİCARET ANONİM ŞİRKETİ,0.005330471552185423,0.5700000000000001,20,3,11,12,2.3978952727983707,2.4849066497880004,-5.23427972213032
firm_bicm_pb_mobs_fdr0.05,LN BİLGİSAYAR VE DANHİZ.SAN.TİC.A.Ş.,0.005239152785261905,0.6406772109601248,67,5,10,17,2.302585092994046,2.833213344056216,-5.251558999786699
firm_bicm_pb_mobs_fdr0.05,ISSD BİLİŞİM ELEKTRO NİK EĞT.SAN.VE TİC.L TD.ŞTİ.,0.005182943904113467,0.3890811226451365,51,1,3,3,1.0986122886681098,1.0986122886681098,-5.262345191174911
firm_bicm_pb_mobs_fdr0.05,MİMAR BİLGİ İLETİŞİM VE SAVUNMA TEKNOLOJİLERİ SAN. VE TİC. LTD. ŞTİ,0.005125912916565822,0.5510204081632653,14,3,3,3,1.0986122886681098,1.0986122886681098,-5.273409357819948
firm_bicm_pb_mobs_fdr0.05,MMM GRUP BİLİŞİM VETURİZM SAN.TİC.LTD.ŞTİ.,0.0051207196310174945,0.6799999999999999,10,2,9,9,2.1972245773362196,2.1972245773362196,-5.274422977125328
firm_bicm_pb_mobs_fdr0.05,UNİVERSAL YAZILIM ANONİM ŞİRKETİ,0.005065231539414088,0.8046875,16,7,45,79,3.8066624897703196,4.3694478524670215,-5.285317700152519
firm_bicm_pb_mobs_fdr0.05,4 S BİLGİ TEKNOLOJİLERİ ANONİM ŞİRKETİ,0.005030364787618579,0.34339229968782525,62,5,17,19,2.833213344056216,2.9444389791664403,-5.2922247850414275
firm_bicm_pb_mobs_fdr0.05,SERVUS BİLGİSAYAR A.Ş. .,0.005011323589656543,0.16814814814814816,90,7,16,21,2.772588722239781,3.044522437723423,-5.296017074810145
firm_bicm_pb_mobs_fdr0.05,JFORCE BİLİŞİM TEKNOLOJİLERİ ANONİMŞİRKETİ,0.005007665550183147,0.5412244897959184,70,4,7,12,1.9459101490553132,2.4849066497880004,-5.296747268253696
firm_bicm_pb_mobs_fdr0.05,ASİST BİLGİ TEKNOLOJİLERİ VE ELKTRONİK HABERLEŞME LİMİTED ŞİRKETİ.,0.004980217210391211,0.4954086317722681,66,4,4,4,1.3862943611198906,1.3862943611198906,-5.302243399754855
firm_bicm_pb_mobs_fdr0.05,ART TELEKOM SANAYİ VE TİCARET LTD.ŞTİ,0.004953238366838521,0.2728531855955679,38,2,2,2,0.6931471805599453,0.6931471805599453,-5.30767511918651
firm_bicm_pb_mobs_fdr0.05,PROLİNE BİLİŞİM SİSTEMLERİ VE TİCARET ANONİM ŞİRKETİ.,0.0049446978193446985,0.6796875,48,5,7,8,1.9459101490553132,2.0794415416798357,-5.309400775862121
firm_bicm_pb_mobs_fdr0.05,PSEUDONYM_442,0.004923681310915195,0.21875,8,4,12,12,2.4849066497880004,2.4849066497880004,-5.313659981139355
firm_bicm_pb_mobs_fdr0.05,DB TEKNOLOJİ TİCARET A.Ş.,0.0048879333016853994,0.6206896551724138,29,2,6,9,1.791759469228055,2.1972245773362196,-5.320946605468168
firm_bicm_pb_mobs_fdr0.05,PARAMETRE ARAŞTIRMA BİLİŞİM PLANLAMA LTD.ŞTİ.,0.004763019327680429,0.6153846153846154,26,4,12,15,2.4849066497880004,2.70805020110221,-5.346833376905405
firm_bicm_pb_mobs_fdr0.05,AXPART BİLİŞİM ANONİM ŞİRKETİ,0.004762275692487614,0.33999999999999986,10,3,4,12,1.3862943611198906,2.4849066497880004,-5.346989509677062
firm_bicm_pb_mobs_fdr0.05,ATIKNAKİT GERİ DÖNÜŞÜM LİMİTED ŞİRKETİ,0.004761623310044794,0.5328798185941043,42,4,8,9,2.0794415416798357,2.1972245773362196,-5.347126503205273
firm_bicm_pb_mobs_fdr0.05,DESTEL BİLİŞİM ÇÖZÜMLERİ A.Ş.,0.004723932668412609,0.3984375,16,2,3,3,1.0986122886681098,1.0986122886681098,-5.355073179476815
firm_bicm_pb_mobs_fdr0.05,ÖZKARDEŞLER ELK ELKTRONİK GIDA MADL İTHİHR.SAN TİC LTD.ŞTİ.,0.004721502808516364,0.0,7,2,5,5,1.6094379124341003,1.6094379124341003,-5.355587663247109
firm_bicm_pb_mobs_fdr0.05,DEM ÇE İNŞ METAL ELEMAD GID TAAH SAN VETİC LTD ŞTİ.,0.004695371626161909,0.17999999999999994,10,2,2,2,0.6931471805599453,0.6931471805599453,-5.361137315421487
firm_bicm_pb_mobs_fdr0.05,BİGATEK BİLİŞİM SİSTEMLERİ TİCARET ANONİM ŞİRKETİ,0.004689756199997272,0.24222222222222212,30,2,3,5,1.0986122886681098,1.6094379124341003,-5.362333931654388
firm_bicm_pb_mobs_fdr0.05,YAZILIM 3D BİLGİSAYAR TEKNOLOJİLERİ SANAYİ VE TİCARET ANONİM ŞİRKETİ,0.00468244039695676,0.503188775510204,56,3,6,18,1.791759469228055,2.8903717578961645,-5.363895039791857
firm_bicm_pb_mobs_fdr0.05,SMARTSİS YAZILIM DONANIMLARI BİLGİ TEKNOLOJİLERİ TURİZM ORGANİZASYON VE BİLGİSAYAR MALZEMELERİ İTHALAT İHRACAT SANAYİ VE TİCARET ANONİM ŞİRKETİ,0.004674185176246232,0.6483011937557392,33,3,3,3,1.0986122886681098,1.0986122886681098,-5.3656595403756295
firm_bicm_pb_mobs_fdr0.05,4 TEK BİLİŞİM YAZBİL.KIR.ELK.İNŞ.SAN.TİC.LTD.ŞTİ.,0.0046726812558364325,0.5935727788279774,23,3,7,7,1.9459101490553132,1.9459101490553132,-5.365981329274063
firm_bicm_pb_mobs_fdr0.05,FGA MİMARLIK BİLGİSAYAR ELEKT.İNŞ.TURZ.SAN.VE TİC.LT,0.0046582938830308455,0.182034503271862,41,2,2,3,0.6931471805599453,1.0986122886681098,-5.369064993024285
firm_bicm_pb_mobs_fdr0.05,PSEUDONYM_164,0.004642034920706819,0.37037037037037035,9,1,10,12,2.302585092994046,2.4849066497880004,-5.372561280319662
firm_bicm_pb_mobs_fdr0.05,TEKNOMART İLETİŞİM VE YAZILIM HİZMETLERİ ANONİM ŞİRKETİ,0.004640092624073743,0.3657407407407407,36,3,2,4,0.6931471805599453,1.3862943611198906,-5.372979765559466
firm_bicm_pb_mobs_fdr0.05,İNOKAS BİLGİ SİSTEMLERİ VE DANIŞMANLIK HİZMETLERİ TİCARET LİMİTED ŞİRKETİ,0.004621706074910182,0.3440233236151604,49,6,4,11,1.3862943611198906,2.3978952727983707,-5.376950012628966
firm_bicm_pb_mobs_fdr0.05,DOĞUMAK BÜRO SİSTEMLERİ İNŞAAT TİCARET VE SANAYİ LİMİTED ŞİRKETİ,0.0046175778933051775,0.37037037037037035,9,2,4,4,1.3862943611198906,1.3862943611198906,-5.377843590772982
firm_bicm_pb_mobs_fdr0.05,DICIWALL DİJİTAL MEDYA ANONİM ŞİRKETİ,0.004577501389785418,0.38067471886713866,49,1,3,3,1.0986122886681098,1.0986122886681098,-5.386560229362093
firm_bicm_pb_mobs_fdr0.05,İSTANBUL UYGULAMALIGAZ.VE EN.TEK.ARMÜH.SAN.VE Tİ.AŞ,0.004576288699764949,0.49799938442597724,57,3,5,7,1.6094379124341003,1.9459101490553132,-5.3868251774070295
firm_bicm_pb_mobs_fdr0.05,ARKSİGNER YAZILIM VE DONANIM SANAYİ TİCARET ANONİM ŞİRKETİ,0.004534928505052196,0.7638888888888888,36,3,3,3,1.0986122886681098,1.0986122886681098,-5.395903820329749
firm_bicm_pb_mobs_fdr0.05,PSEUDONYM_312,0.004481941420265388,0.7977315689981096,23,2,3,6,1.0986122886681098,1.791759469228055,-5.407656335142212
firm_bicm_pb_mobs_fdr0.05,PROFELİS BİLİŞİM VE DANIŞMANLIK TİCARET VE SANAYİ LİMİTED ŞİRKETİ,0.004439510665554491,0.6887755102040816,28,3,4,6,1.3862943611198906,1.791759469228055,-5.417168073016533
firm_bicm_pb_mobs_fdr0.05,MOBİLİZ BİLGİ VE İLE TİŞİM TEKNOLOJİL ERİ A.Ş.,0.004361772014676038,0.3677685950413223,22,1,5,5,1.6094379124341003,1.6094379124341003,-5.43483306556833
firm_bicm_pb_mobs_fdr0.05,GENTEL TELEKOMÜNİKASYON ANONİM ŞİRKETİ,0.004320661312592618,0.7495069033530573,39,5,17,22,2.833213344056216,3.091042453358316,-5.444302576716602
firm_bicm_pb_mobs_fdr0.05,CEIBA TELE ICU SAĞLIK HİZMETLERİ VE TİCARET ANONİM ŞİRKETİ,0.004308596333466302,0.6122448979591837,7,3,15,15,2.70805020110221,2.70805020110221,-5.447098750643067
firm_bicm_pb_mobs_fdr0.05,SİSTAŞ SAYISAL İLETİŞİM SAN TİC A.Ş.,0.0043043819025744105,0.42872008324661803,31,3,5,6,1.6094379124341003,1.791759469228055,-5.448077330664681
firm_bicm_pb_mobs_fdr0.05,İNFOTÜRK BİLGİSAYAR.ELEKTRONİK HİZMETLERİ SAN.VE TİC.LTD.ŞTİ,0.004304053541755894,0.7272727272727273,22,7,18,29,2.8903717578961645,3.367295829986474,-5.448153615430294
firm_bicm_pb_mobs_fdr0.05,BİLGİPA BİLGİSAYAR PAZARLAMA ASANSÖR İNŞAAT MATBAACILIK YAYINCILIK KIRTASİYE SANAYİ TİCARET LİMİTED ŞİRKETİ,0.004291506024363869,0.40816326530612246,7,2,2,3,0.6931471805599453,1.0986122886681098,-5.4510730224303
firm_bicm_pb_mobs_fdr0.05,MİA TEKNOLOJİ YAZILI M TASAR.MÜH.İTH. İHR.PAZ.LTD.ŞTİ.,0.004285297611154718,0.5087999999999999,25,7,17,24,2.833213344056216,3.1780538303479458,-5.452520680065695
firm_bicm_pb_mobs_fdr0.05,CYBERWİSE SİBER GÜVENLİK TİCARET ANONİM ŞİRKETİ,0.004276150838884992,0.2208,25,1,4,5,1.3862943611198906,1.6094379124341003,-5.454657320255685
firm_bicm_pb_mobs_fdr0.05,ALKAYA ELEKTRONİK SANAYİ VE TİC.LTD.ŞTİ.,0.0042607351676685725,0.17573696145124706,42,2,3,5,1.0986122886681098,1.6094379124341003,-5.458268706842269
firm_bicm_pb_mobs_fdr0.05,PARABOL YAZILIM ELEKTRONİK DANIŞMANLIK EĞİTİM SANAYİ VE TİCARET LİMİTED ŞİRKETİ,0.00417564432653127,0.14958448753462605,38,3,5,9,1.6094379124341003,2.1972245773362196,-5.478440836729005
firm_bicm_pb_mobs_fdr0.05,MEDYASOFT DANIŞMANLIK VE EĞİTİM ANONİM ŞİRKETİ,0.004113175621835814,0.5850340136054422,21,2,6,6,1.791759469228055,1.791759469228055,-5.493513430233649
firm_bicm_pb_mobs_fdr0.05,INCOTECH ÇÖZÜM SİSTEMLERİ DIŞ TİCARET LİMİTED ŞİRKETİ,0.004104845318971497,0.32167352537722915,54,3,7,9,1.9459101490553132,2.1972245773362196,-5.495540662424432
firm_bicm_pb_mobs_fdr0.05,SEM LABORATUAR CİHAZLARI PAZARLAMA SAN.VE TİC.A.Ş.,0.004096766957705633,0.2585034013605443,21,1,2,2,0.6931471805599453,0.6931471805599453,-5.497510515948768
firm_bicm_pb_mobs_fdr0.05,PLATOBİLGİSAYAR ÜRÜNLERİ PAZARLAMA SAN.VE TİC.LTD.ŞT,0.0040815951141636225,0.282968089196463,51,4,6,7,1.791759469228055,1.9459101490553132,-5.501220586935857
firm_bicm_pb_mobs_fdr0.05,İSNET İSTANBUL NET TELEKOMÜNİKASYON ELEKTRONİK SERVİS HİZMETLERİ TİCARET VE SANAYİ ANONİM ŞİRKETİ,0.0040686009758330284,0.7822222222222222,30,2,3,3,1.0986122886681098,1.0986122886681098,-5.504409108989916
firm_bicm_pb_mobs_fdr0.05,EKİN TEKNOLOJİ SAN.VE TİC.A.Ş.,0.0040516058958262645,0.5121107266435986,17,1,6,7,1.791759469228055,1.9459101490553132,-5.508594791737305
firm_bicm_pb_mobs_fdr0.05,AIMS ANALİTİK BİLGİ YÖNETİMİ ÇÖZÜMLERİ YAZILIM EĞİTİM DANIŞMANLIK TİCARET LİMİTED ŞİRKETİ.,0.0040282922267905535,0.7523629489603025,23,2,9,9,2.1972245773362196,2.1972245773362196,-5.514365317697984
firm_bicm_pb_mobs_fdr0.05,MDS AP TECH YAZILIM ÜRÜNLERİ VE BİLİŞİM HİZMETLERİ TİCARET LİMİTED ŞİRKETİ,0.004027267187200717,0.6717144402379664,43,3,7,8,1.9459101490553132,2.0794415416798357,-5.514619798090858
firm_bicm_pb_mobs_fdr0.05,DATACORE BİLGİ SİSTEMLERİ SANAYİ VE TİCARET ANONİM ŞİRKETİ,0.0039925763396162165,0.4760026298487837,39,3,5,6,1.6094379124341003,1.791759469228055,-5.5232706927290085
firm_bicm_pb_mobs_fdr0.05,BEYAZ WEB TEKNOLOJİLERİ LİMİTED ŞİRKETİ,0.003985251918091097,0.6198347107438017,22,3,7,9,1.9459101490553132,2.1972245773362196,-5.525106799612334
firm_bicm_pb_mobs_fdr0.05,ASIR DİGİTAL BİLGİ SİSTEMLERİ ANONİM ŞİRKETİ,0.003972812931167952,0.2550000000000001,20,3,4,4,1.3862943611198906,1.3862943611198906,-5.52823278561233
firm_bicm_pb_mobs_fdr0.05,VERİFY VERİ İLETİŞİM İ.VE ENFORMASYON TEK.LTD.ŞTİ.,0.003965976848153367,0.45362718089990817,33,3,6,6,1.791759469228055,1.791759469228055,-5.529954900893087
firm_bicm_pb_mobs_fdr0.05,KONUMSAL BİLGİ SİSTEMLERİ SANAYİ TİCARET LİMİTED ŞİRKETİ.,0.003964035947301144,0.3199445983379502,38,2,2,4,0.6931471805599453,1.3862943611198906,-5.530444384932255
firm_bicm_pb_mobs_fdr0.05,İNOVERA BİLGİSAYAR YAZILIM DONANIM ARAŞTIRMA GELİŞTİRME DANIŞMANLIK SANAYİ TİCARET LİMİTED ŞİRKETİ,0.003955336490081214,0.2344045368620038,23,4,6,9,1.791759469228055,2.1972245773362196,-5.532641286503224
firm_bicm_pb_mobs_fdr0.05,UYUMSOFT BİLGİ SİSTEMLERİ VE TEKNOLOJİLERİ TİCARET ANONİM ŞİRKETİ,0.003946730052264385,0.6367346938775511,35,4,5,12,1.6094379124341003,2.4849066497880004,-5.534819457215553
firm_bicm_pb_mobs_fdr0.05,RASYOTEK İNSAN KAYNAKLARI BİLİŞİM ANONİM ŞİRKETİ,0.003936433046621066,0.0,6,1,3,3,1.0986122886681098,1.0986122886681098,-5.537431736612401
firm_bicm_pb_mobs_fdr0.05,MERİH BİLGİSAYAR ELEKTRİK TEMİZLİK YEMEKÇİLİK İNŞAAT SANAYİ VE TİCARET LİMİTED ŞİRKETİ,0.003934904186325262,0.19753086419753085,9,1,3,5,1.0986122886681098,1.6094379124341003,-5.5378201804143234
firm_bicm_pb_mobs_fdr0.05,PİRİREİS BİLİŞİM TEK NOLOJİLERİ YAZIL IM MÜH.B.E.T.L.Ş,0.003934904186325262,0.24489795918367352,7,1,3,3,1.0986122886681098,1.0986122886681098,-5.5378201804143234
firm_bicm_pb_mobs_fdr0.05,ELECTROER MÜHENDİSLİK ELEKTRİK ELEKTRONİK TAAHHÜT TİCARET SANAYİ LİMİTED ŞİRKETİ,0.003934904186325262,0.0,3,1,2,2,0.6931471805599453,0.6931471805599453,-5.5378201804143234
firm_bicm_pb_mobs_fdr0.05,ASELSAN ELEKTRONİK SANAYİ VE TİC.A.Ş.,0.003932463781012547,0.2816000000000001,25,1,3,4,1.0986122886681098,1.3862943611198906,-5.538440537018028
firm_bicm_pb_mobs_fdr0.05,KAREL ELEKTRONİK SANAYİ VE TİCARET A.Ş.,0.003869630497115749,0.4066587395957195,29,3,11,13,2.3978952727983707,2.5649493574615367,-5.554546869991905
firm_bicm_pb_mobs_fdr0.05,ÖZGÜR ENTEGRASYON BİLİŞİM OTOMOTİV İTHALAT İHRACAT SANAYİ VE TİCARET LİMİTED ŞİRKETİ,0.0038665795749316862,0.47736625514403286,54,3,6,8,1.791759469228055,2.0794415416798357,-5.555335569261296
firm_bicm_pb_mobs_fdr0.05,EMT ELEKTRONİK MÜHENDİSLİK SAN.VE TİC.LTD.ŞTİ.,0.00384306594749046,0.2676767676767676,66,4,4,15,1.3862943611198906,2.70805020110221,-5.561435080480169
firm_bicm_pb_mobs_fdr0.05,PSEUDONYM_379,0.00384240743077622,0.12444444444444436,30,3,5,5,1.6094379124341003,1.6094379124341003,-5.561606438556795
firm_bicm_pb_mobs_fdr0.05,MERKEZ COĞRAFYA BİLİŞİM SİSTEMLERİ VE MÜHENDİSLİK LİMİTED ŞİRKETİ,0.003763478871799007,0.5918367346938775,28,3,9,9,2.1972245773362196,2.1972245773362196,-5.582360739281498
firm_bicm_pb_mobs_fdr0.05,SİMURG AJANS BİLİŞİM ARAŞTIRMA SANAYİ TİCARET LİMİTED ŞİRKETİ,0.003743379174308774,0.6801426872770511,29,3,4,5,1.3862943611198906,1.6094379124341003,-5.587715502102
firm_bicm_pb_mobs_fdr0.05,ELSA BİLİŞİM ANONİM ŞİRKETİ,0.0037389813037206677,0.3673469387755103,14,1,6,7,1.791759469228055,1.9459101490553132,-5.588890972454214
firm_bicm_pb_mobs_fdr0.05,E-KALİTE YAZILIM DONANIM MÜHENDİSLİK TASARIM VE İNTERNET HİZMETLERİ SANAYİ TİCARET LİMİTED ŞİRKETİ,0.0037289585414532196,0.4747174301011303,41,2,3,3,1.0986122886681098,1.0986122886681098,-5.591575047458963
firm_bicm_pb_mobs_fdr0.05,ANKA AKTİF BİLGİSAYAR ELEKTRİK ELEKTRONİK YAZILIM KIRTASİYE İNŞAAT VE DAYANIKLI TÜKETİM MALLARI TIBBİ MALZEMELER İTHALAT İHRACAT DANIŞMANLIK TİCARET LİMİTED ŞİRKETİ,0.003716851885975356,0.29166666666666663,36,4,5,5,1.6094379124341003,1.6094379124341003,-5.594826821010125
firm_bicm_pb_mobs_fdr0.05,SOLUS BİLİŞİM TEKNOLOJİ TİCARET ANONİM ŞİRKETİ,0.003709466791019653,0.5657142857142857,70,5,8,13,2.0794415416798357,2.5649493574615367,-5.596815617246092
firm_bicm_pb_mobs_fdr0.05,GES BİLİŞİM TEKNOLOJİLERİ VE DANIŞMANLIK İÇ VE DIŞ TİCARET LİMİTED ŞİRKETİ,0.0037028760653574845,0.6803840877914953,27,4,6,6,1.791759469228055,1.791759469228055,-5.598593837087063
firm_bicm_pb_mobs_fdr0.05,DOĞRU BİLGİ TEKNOLOJ İLERİ SANAYİ VE TİC. LTD.ŞT.,0.003673088445794012,0.6089965397923875,17,3,2,5,0.6931471805599453,1.6094379124341003,-5.60667040468665
firm_bicm_pb_mobs_fdr0.05,ADEO BİLİŞİM DANIŞMANLIK HİZMETLERİ SANAYİ VE TİCARET ANONİM ŞİRKETİ,0.003665999206957994,0.6162998215348008,41,6,7,11,1.9459101490553132,2.3978952727983707,-5.608602217520105
firm_bicm_pb_mobs_fdr0.05,ANKA COĞRAFİ BİLGİ T EKNOLOJİLERİ SANAYİ TİC.LTD.ŞTİ.,0.003645802643272057,0.5260298777727479,47,2,6,6,1.791759469228055,1.791759469228055,-5.614126316712589
firm_bicm_pb_mobs_fdr0.05,DUGAN BİLGİSAYAR VE ELK.HİZM.KIRT.SA N.VE TİC.LTD.ŞTİ,0.0036110697494101183,0.19753086419753085,9,3,3,3,1.0986122886681098,1.0986122886681098,-5.623698299764785
firm_bicm_pb_mobs_fdr0.05,ANALİTİK YAZILIM DONANIM BİL.HIZ.SANTİC.LTD.ŞTİ,0.0035885056245085465,0.58203125,32,1,2,2,0.6931471805599453,0.6931471805599453,-5.629966169677677
firm_bicm_pb_mobs_fdr0.05,ANKABETA BİLİŞİM TEKNOLOJİLERİ ANONİM ŞİRKETİ,0.003575085463325299,0.7334593572778828,23,3,3,3,1.0986122886681098,1.0986122886681098,-5.63371274334953
firm_bicm_pb_mobs_fdr0.05,MEBITECH BİLİŞİM ANONİM ŞİRKETİ.,0.0035412011191575145,0.35813456746173,53,1,2,2,0.6931471805599453,0.6931471805599453,-5.643235344775509
firm_bicm_pb_mobs_fdr0.05,SODER BİLGİ TEKNOLOJİLERİ ANONİM ŞİRKETİ,0.0035333719552917936,0.7777777777777778,12,2,8,9,2.0794415416798357,2.1972245773362196,-5.645448550864063
firm_bicm_pb_mobs_fdr0.05,KUZEY MÜHENDİSLİK İNŞAAT SANAYİ VE TİCARET LİMİTED ŞİRKETİ,0.0035304149247891545,0.1694214876033059,22,2,2,2,0.6931471805599453,0.6931471805599453,-5.646285742226704
firm_bicm_pb_mobs_fdr0.05,METOD IT AKADEMİ EĞİTİM DANIŞMANLIK BİLİŞİM HİZMETLERİ LİMİTED ŞİRKETİ,0.0035206421338410416,0.5904010519395134,39,3,3,5,1.0986122886681098,1.6094379124341003,-5.649057601084441
firm_bicm_pb_mobs_fdr0.05,ADATA ELEKTRONİK GÜV ENLİK SİS.SANAYİ TİC.LMT.ŞTİ,0.0034693583752011987,0.40138408304498274,17,3,2,5,0.6931471805599453,1.6094379124341003,-5.663730525516208
firm_bicm_pb_mobs_fdr0.05,SAMPAŞ BİLİŞİM VE İLETİŞİM SİSTEMLERİ SANAYİ VE TİCARET A.Ş.,0.0034549802115846425,0.56,15,4,17,20,2.833213344056216,2.995732273553991,-5.667883237138986
firm_bicm_pb_mobs_fdr0.05,SİNERJİSOFT BİLİŞİM SİSTEMLERİ YAZILIM BİLGİSAYAR DONANIMLARI ELEKTRONİK SANAYİ VE TİCARET ANONİM ŞİRKETİ,0.003447514633607488,0.7067221891731112,41,4,3,5,1.0986122886681098,1.6094379124341003,-5.6700462717179745
firm_bicm_pb_mobs_fdr0.05,ELEMENT BİLGİSAYAR YAZILIM DON.MÜŞ.VE D.H.S.VE T.LTD,0.0034295599142127675,0.6938775510204082,28,1,5,6,1.6094379124341003,1.791759469228055,-5.675267608850108
firm_bicm_pb_mobs_fdr0.05,ALERTA ELEKTRONİK VE MÜHENDİSLİK TAAHHÜT TİCARET ANONİM ŞİRKETİ,0.0034209632407667654,0.4297520661157025,11,1,3,3,1.0986122886681098,1.0986122886681098,-5.677777256113852
firm_bicm_pb_mobs_fdr0.05,GEOLAB BİLGİ TEKNOLOJİLERİ LİMİTED ŞİRKETİ,0.0034192978949165367,0.6425619834710744,44,1,5,6,1.6094379124341003,1.791759469228055,-5.678264153558357
firm_bicm_pb_mobs_fdr0.05,DÖRT US BİLİŞİM SANAYİ VE TİCARET ANONİM ŞİRKETİ,0.0034151172902816,0.4600000000000001,10,4,4,5,1.3862943611198906,1.6094379124341003,-5.67948748320852
firm_bicm_pb_mobs_fdr0.05,DEHA DİJİTAL OFİS ÜRBİL.İL.SAN.VE TİC LTD.ŞTİ.,0.0033985641530886504,0.6575963718820861,21,1,2,2,0.6931471805599453,0.6931471805599453,-5.684346014206912
firm_bicm_pb_mobs_fdr0.05,CFN TEKNOLOJİ ANONİM ŞİRKETİ,0.0033772773677486433,0.5235262303948081,43,3,4,4,1.3862943611198906,1.3862943611198906,-5.69062882191571
firm_bicm_pb_mobs_fdr0.05,BELBİM İSTANBUL BELEDİYELERİ BİLGİ İŞLEM ENERJİ SANAYİ VE TİCARET ANONİM ŞİRKETİ,0.00337634940119851,0.65,40,2,3,4,1.0986122886681098,1.3862943611198906,-5.690903611765166
firm_bicm_pb_mobs_fdr0.05,ANATOLİA BİLGİSAYAR DESTEK HİZMETLERİ BİLİŞİM DANIŞMANLIK SANAYİ VE TİCARET LİMİTED ŞİRKETİ,0.003371190936020726,0.6799999999999999,10,1,1,1,0.0,0.0,-5.69243251674078
firm_bicm_pb_mobs_fdr0.05,ÇÖZÜMEVİ YÖNETİM DANIŞMANLIĞI VE BİLGİSAYAR YAZILIM TİCARET ANONİM ŞİRKETİ,0.003356697272825552,0.23537146614069693,39,3,5,13,1.6094379124341003,2.5649493574615367,-5.696740811354564
firm_bicm_pb_mobs_fdr0.05,COMPRO BİLİŞİM TEKNOLOJİLERİ ANONİM ŞİRKETİ,0.00334948642037778,0.5408328826392643,43,4,6,12,1.791759469228055,2.4849066497880004,-5.698891198102438
firm_bicm_pb_mobs_fdr0.05,TEKNORİTMA YAZILIM HİZMETLERİ ANONİM ŞİRKETİ,0.00333228067235297,0.24489795918367352,7,1,19,49,2.9444389791664403,3.8918202981106265,-5.704040974097319
firm_bicm_pb_mobs_fdr0.05,NSC BİLİŞİM HİZMETLERİ TİCARET ANONİM ŞİRKETİ,0.003321583608451253,0.5960555149744339,37,5,7,8,1.9459101490553132,2.0794415416798357,-5.707256085867802
firm_bicm_pb_mobs_fdr0.05,PSEUDONYM_482,0.003293996879331374,0.0,8,2,7,13,1.9459101490553132,2.5649493574615367,-5.715595579374716
firm_bicm_pb_mobs_fdr0.05,ENFO BİLİŞİM ANONİM ŞİRKETİ,0.0032628661637245436,0.5759637188208617,21,2,7,7,1.9459101490553132,1.9459101490553132,-5.725090709805241
firm_bicm_pb_mobs_fdr0.05,ELFANET BİLİŞİM ANONİM ŞİRKETİ,0.0032622830865838576,0.058769513314967714,33,3,4,9,1.3862943611198906,2.1972245773362196,-5.725269416212629
firm_bicm_pb_mobs_fdr0.05,EMFA YAZILIM DANIŞMANLIK ELEKTRONİK İLETİŞİM TEKNOLOJİLERİ VE ORGANİZASYON SANAYİ VE TİCARET LİMİTED ŞİRKETİ,0.0032613368349130546,0.6798159105851413,39,2,2,2,0.6931471805599453,0.6931471805599453,-5.72555949940317
firm_bicm_pb_mobs_fdr0.05,ARKENOM TEKNOLOJİ HİZMETLERİ SANAYİ VE TİCARET ANONİM ŞİRKETİ,0.0032514743589012593,0.5238095238095237,42,3,5,8,1.6094379124341003,2.0794415416798357,-5.728587962687008
firm_bicm_pb_mobs_fdr0.05,İ SİSTEM BİLGİ TEKNO LOJİLERİ SAN.VE TİC. A.Ş.,0.0032361244162945595,0.676378772112383,31,3,4,4,1.3862943611198906,1.3862943611198906,-5.733319780264855
firm_bicm_pb_mobs_fdr0.05,TREO BİLGİ TEKNOLOJİLERİ LTD.ŞTİ.,0.0032206106653747744,0.3268698060941829,38,2,3,3,1.0986122886681098,1.0986122886681098,-5.738124952621947
firm_bicm_pb_mobs_fdr0.05,SALDEM BİLİŞİM TEKNOLOJİLERİ ENERJİ İNŞAAT YAZILIM TELEKOMİNİKASYON OTOMOTİV TURİZM GIDA TAAHHÜT SANAYİ TİCARET İTHALAT VE İHRACAT LİMİTED ŞİRKETİ,0.0031806053112465316,0.6699999999999999,20,4,4,4,1.3862943611198906,1.3862943611198906,-5.75062366738812
firm_bicm_pb_mobs_fdr0.05,SAFRANTEK BİLİŞİM VE TEKNOLOJİ GELİŞTİRME HİZMETLERİ ANONİM ŞİRKETİ,0.0031494522093560135,0.12444444444444436,15,1,2,3,0.6931471805599453,1.0986122886681098,-5.7604660652882895
firm_bicm_pb_mobs_fdr0.05,AGERSOFT BİLİŞİM TEKNOLOJİLERİ DIŞ TİCARET SANAYİ LİMİTED ŞİRKETİ,0.0031243650560743553,0.6,10,1,4,4,1.3862943611198906,1.3862943611198906,-5.768463033525028
firm_bicm_pb_mobs_fdr0.05,SERVO ARŞİV BİLİŞİM YÖNETİM HİZMETLERİ LİMİTED ŞİRKETİ,0.0031216559463722038,0.725897920604915,23,3,8,20,2.0794415416798357,2.995732273553991,-5.769330447868186
firm_bicm_pb_mobs_fdr0.05,SİBERA İLETİŞİM TEKNOLOJİLERİ SAN VETİC.LTD.ŞTİ.,0.0031095157869668716,0.17999999999999994,10,2,2,3,0.6931471805599453,1.0986122886681098,-5.773226803372683
firm_bicm_pb_mobs_fdr0.05,İNFOBİM BİLİŞİM TEKNOLOJİLERİ SAN.VE TİCLTD.ŞTİ.,0.0031066840278133182,0.25396825396825407,42,3,3,4,1.0986122886681098,1.3862943611198906,-5.774137837550568
firm_bicm_pb_mobs_fdr0.05,PROMER BİLGİSAYAR İM VE YAZ.HİZM.SAN. VE TİC.LTD.ŞTİ.,0.0030819002752404106,0.625,4,1,4,4,1.3862943611198906,1.3862943611198906,-5.782146892044421
firm_bicm_pb_mobs_fdr0.05,SOFTLINE YAZILIM HİZ M.TİC.LTD.ŞTİ.,0.0030678299724035438,0.528,25,2,2,2,0.6931471805599453,0.6931471805599453,-5.786722524594435
firm_bicm_pb_mobs_fdr0.05,ARTBİL BİLGİSAYAR SİSTEMLERİ YAYINCILIK İNŞAAT TURİZM SANAYİ VE TİCARET LİMİTED ŞİRKETİ,0.003033594529528709,0.4575,40,1,2,2,0.6931471805599453,0.6931471805599453,-5.797944054122845
firm_bicm_pb_mobs_fdr0.05,POLARNEXT MÜHENDİSLİK LİMİTED ŞİRKETİ,0.003023362790463463,0.2777777777777777,6,2,3,4,1.0986122886681098,1.3862943611198906,-5.801322352049571
firm_bicm_pb_mobs_fdr0.05,PD ANADOLU ARAŞ DANEĞ VE BİL HİZ TİC LTD ŞTİ,0.00298596082415506,0.6,40,2,3,3,1.0986122886681098,1.0986122886681098,-5.813769699815935
firm_bicm_pb_mobs_fdr0.05,İNFRASİS BİLGİ TEKNOLOJİLERİ TİCARET LİMİTED ŞİRKETİ,0.002975285389001882,0.6766528925619835,44,5,10,13,2.302585092994046,2.5649493574615367,-5.8173510859060755
firm_bicm_pb_mobs_fdr0.05,MİL YAZILIM BİLİŞİMVE OYUN TEK.TİC.LTD.ŞTİ.,0.0029662973450591814,0.21633315305570577,43,2,2,5,0.6931471805599453,1.6094379124341003,-5.820376364875155
firm_bicm_pb_mobs_fdr0.05,MİX TEKNOLOJİ ANONİM ŞİRKETİ,0.0029600484109887104,0.4970414201183433,13,2,2,2,0.6931471805599453,0.6931471805599453,-5.822485095499047
firm_bicm_pb_mobs_fdr0.05,LST YAZILIM ELEKTRON İK VE İLETİŞİM T EK.TİC.LTD.ŞTİ.,0.0029568282353336635,0.30367346938775497,35,7,10,10,2.302585092994046,2.302585092994046,-5.823573496749817
firm_bicm_pb_mobs_fdr0.05,FİDELTUS İLERİ TEKNO LOJİ ÜRÜNLERİ SA N VE TİC. A.Ş,0.002887556229129722,0.6326530612244898,14,1,4,4,1.3862943611198906,1.3862943611198906,-5.84727854908257
firm_bicm_pb_mobs_fdr0.05,CADBİM BİLGİSAYAR ÖZEL EĞİTİM DANIŞMANLIK PAZARLAMA SANAYİ VE TİCARET LİMİTED ŞİRKETİ,0.0028843202768048144,0.761904761904762,21,3,7,12,1.9459101490553132,2.4849066497880004,-5.848399757545429
firm_bicm_pb_mobs_fdr0.05,GABİM BİLGİSAYAR SANTİC.LTD.ŞTİ.,0.0028782583946033134,0.5259515570934256,17,2,2,4,0.6931471805599453,1.3862943611198906,-5.850503497118398
firm_bicm_pb_mobs_fdr0.05,SAYSİS BİLGİSAYAR SİSTEMLERİ TİCARETLİMİTED ŞİRKETİ,0.002859609435616002,0.39446366782006925,17,2,15,15,2.70805020110221,2.70805020110221,-5.8570033967386355
firm_bicm_pb_mobs_fdr0.05,KAPİTTA BİLGİSAYAR İLETİŞİM ELEKT.EĞİT.VE DAN.PAZ.LTD.ŞTİ.,0.002853503559369007,0.17999999999999994,10,2,5,5,1.6094379124341003,1.6094379124341003,-5.859140749916316
firm_bicm_pb_mobs_fdr0.05,İZMİR İNOVASYON VE TEKNOLOJİ ANONİM ŞİRKETİ,0.002829100188636507,0.0,35,5,7,9,1.9459101490553132,2.1972245773362196,-5.867729024069057
firm_bicm_pb_mobs_fdr0.05,BİLSANGRUP BİLİŞİM TEKNOLOJİ EĞİTİM HİZMTİC.LTD.ŞTİ.,0.0028288902489963766,0.5831404958677686,55,3,2,3,0.6931471805599453,1.0986122886681098,-5.867803229022711
firm_bicm_pb_mobs_fdr0.05,PROMER BİLGİ TEKNOLOJİLERİ SANAYİ VE TİCARET ANONİM ŞİRKETİ,0.002822325090782518,0.65625,8,1,5,6,1.6094379124341003,1.791759469228055,-5.870126522959762
firm_bicm_pb_mobs_fdr0.05,LDAP BİLGİ TEKNOLOJİLERİ DANIŞMANLIK VE DIŞ TİCARET LİMİTED ŞİRKETİ,0.002812653715100583,0.34666666666666657,30,3,3,4,1.0986122886681098,1.3862943611198906,-5.873558915362341
firm_bicm_pb_mobs_fdr0.05,DBI BİLGİ VE İLETİŞİM TEKNOLOJİLERİ ANONİM ŞİRKETİ,0.0028023116930604194,0.2585034013605443,21,2,7,7,1.9459101490553132,1.9459101490553132,-5.8772424036973545
firm_bicm_pb_mobs_fdr0.05,PSEUDONYM_170,0.002790117729885341,0.1616257088846882,46,3,3,10,1.0986122886681098,2.302585092994046,-5.8816029948584365
firm_bicm_pb_mobs_fdr0.05,EFOR BİLİŞİM TEKNOLO JİLERİ SANAYİ VE TİC ARET LİMİTED ŞİRKETİ,0.0027855844511349846,0.34666666666666657,15,3,3,3,1.0986122886681098,1.0986122886681098,-5.883228967288941
firm_bicm_pb_mobs_fdr0.05,VERİ KURTARMA HİZMETLERİ TİC LTD ŞTİ,0.0027759124047395537,0.15296566077003126,62,3,3,6,1.0986122886681098,1.791759469228055,-5.886706948748717
firm_bicm_pb_mobs_fdr0.05,12M BİLİŞİM HİZMETLERİ SANAYİ VE TİCARET LİMİTED ŞİRKETİ,0.0027750966408629438,0.5887500000000001,40,1,2,2,0.6931471805599453,0.6931471805599453,-5.887000844042411
firm_bicm_pb_mobs_fdr0.05,FİDES TEKNOLOJİ VE GÜVENLİK SİS.TİC.LTD.ŞTİ.,0.002766338079711333,0.5066666666666667,15,1,6,8,1.791759469228055,2.0794415416798357,-5.890161745438384
firm_bicm_pb_mobs_fdr0.05,KODGEN PAZARLAMA VE DIŞ TİCARET.LİMİTED ŞİRKETİ,0.00274389753489897,0.5968778696051423,33,3,4,6,1.3862943611198906,1.791759469228055,-5.898306265545532
firm_bicm_pb_mobs_fdr0.05,BİMTAŞ BOĞAZİÇİ PEYZAJ İNŞAAT MÜŞAVİRLİK TEKNİK HİZMETLER SANAYİ TİCARET ANONİM ŞİRKETİ,0.0027321585825469995,0.32098765432098775,27,3,3,4,1.0986122886681098,1.3862943611198906,-5.902593347630073
firm_bicm_pb_mobs_fdr0.05,GCA YAZILIM DANIŞMANLIK BİLGİ TEK.JEO.HİZ.TİC.LTD.ŞT,0.002730084011688089,0.775623268698061,19,2,3,6,1.0986122886681098,1.791759469228055,-5.903352898589938
firm_bicm_pb_mobs_fdr0.05,GÜNEY BİLİŞİM BİLGİ TEKNOLOJİLERİ TURİZM SANAYİ VE TİCARET LİMİTED ŞİRKETİ,0.0027001048170265853,0.37869822485207094,13,1,3,3,1.0986122886681098,1.0986122886681098,-5.9143939102874725
firm_bicm_pb_mobs_fdr0.05,VİA BİLGİSAYAR SİSTEMLERİ LİMİTED ŞİRKETİ,0.0026599275081807747,0.16836734693877553,56,2,2,2,0.6931471805599453,0.6931471805599453,-5.929384564807646
firm_bicm_pb_mobs_fdr0.05,TURKCELL DİJİTAL İŞ SERVİSLERİ ANONİM ŞİRKETİ,0.0026461283868260965,0.21280276816609,34,3,4,4,1.3862943611198906,1.3862943611198906,-5.934585474409643
firm_bicm_pb_mobs_fdr0.05,VENDEKA BİLGİ TEKNOLOJİLERİ TİCARET LTD.ŞTİ.,0.0026322227450324277,0.5495867768595042,22,3,3,3,1.0986122886681098,1.0986122886681098,-5.939854039061632
firm_bicm_pb_mobs_fdr0.05,MONAD YAZILIM BİLGİSAYAR EĞİ.DAN.SAN.VE TİC.LTD.ŞTİ.,0.0026306353055324696,0.5,6,1,20,37,2.995732273553991,3.6109179126442243,-5.9404572566492675
firm_bicm_pb_mobs_fdr0.05,EDANOVA BİLİŞİM TEKNOLOJİLERİ ANONİM ŞİRKETİ,0.002628374842486478,0.14201183431952646,13,3,5,6,1.6094379124341003,1.791759469228055,-5.941316847654891
firm_bicm_pb_mobs_fdr0.05,AYDIN ARAS ELEKT.SAN VE TİC.LTD.ŞTİ.,0.0026203391419832582,0.31999999999999984,5,1,2,2,0.6931471805599453,0.6931471805599453,-5.94437859637321
firm_bicm_pb_mobs_fdr0.05,İNSPİRE BİLİŞİM TEKNOLOJİLERİ VE DANIŞMANLIK LTD ŞTİ.,0.002618695025503867,0.7231404958677685,22,2,3,3,1.0986122886681098,1.0986122886681098,-5.945006191667536
firm_bicm_pb_mobs_fdr0.05,BEYAZ BİLGİSAYAR YAZ ILIM TASARIM SAN .VE TİC.LTD.ŞTİ.,0.0026079613520565694,0.3125000000000001,40,2,6,7,1.791759469228055,1.9459101490553132,-5.94911317819325
firm_bicm_pb_mobs_fdr0.05,EGA ELEKTRONİK GÜVENLİK ALTYAPISI ANONİM ŞİRKETİ,0.002598241060689129,0.5729166666666667,24,3,3,3,1.0986122886681098,1.0986122886681098,-5.952847028060422
firm_bicm_pb_mobs_fdr0.05,BNTPRO BİLGİ VE İLETİŞİM HİZMETLERİ ANONİM ŞİRKETİ,0.0025785406674813825,0.5368620037807184,23,3,4,4,1.3862943611198906,1.3862943611198906,-5.960457560974273
firm_bicm_pb_mobs_fdr0.05,5M BİLİŞİM YAZILIM ELEKTRONİK REKLAM SİNEMA GIDA EĞİTİM YÖNETİM DANIŞMANLIĞI SANAYİ VE TİCARET LİMİTED ŞİRKETİ,0.0025743073979345795,0.640625,16,2,4,4,1.3862943611198906,1.3862943611198906,-5.962100518990363
firm_bicm_pb_mobs_fdr0.05,EGESOFT BİLGİ TEKNOLOJİ SAN.TİC.LTD.ŞTİ.,0.0025714543271926032,0.0,7,2,22,28,3.091042453358316,3.332204510175204,-5.9632093379691735
firm_bicm_pb_mobs_fdr0.05,MİMAR BİLGİ İLETİŞİMVE SAVUNMA TEKNOLOJİLERİ SAVE Tİ LTD ŞTİ,0.0025652584159870182,0.22405876951331505,33,3,6,6,1.791759469228055,1.791759469228055,-5.965621562878524
firm_bicm_pb_mobs_fdr0.05,BİLİŞİM SANAYİ VE TİCARET LTD.ŞTİ.,0.0025501754057055685,0.31404958677685935,11,3,6,9,1.791759469228055,2.1972245773362196,-5.971518199456717
firm_bicm_pb_mobs_fdr0.05,NETCAD YAZILIM ANONİM ŞİRKETİ,0.0025405761800716274,0.6805555555555556,12,6,92,112,4.5217885770490405,4.718498871295094,-5.975289161833523
firm_bicm_pb_mobs_fdr0.05,PREMIERTURK BİLGİ TEKNOLOJİLERİ ANONİM ŞİRKETİ,0.002511646338404047,0.17993079584775085,51,2,2,3,0.6931471805599453,1.0986122886681098,-5.986740743480772
firm_bicm_pb_mobs_fdr0.05,RAHİ BİLGİ SİSTEMLERİ DIŞ TİCARET LİMİTED ŞİRKETİ,0.002502408283669191,0.7328,25,2,2,3,0.6931471805599453,1.0986122886681098,-5.990425330797888
firm_bicm_pb_mobs_fdr0.05,LETTRA TEKNOLOJİ ANONİM ŞİRKETİ,0.0024933345115396898,0.5034013605442177,42,3,3,3,1.0986122886681098,1.0986122886681098,-5.994057658686917
firm_bicm_pb_mobs_fdr0.05,OYAK TEKNOLOJİ BİLİŞ İM VE KART HİZMETLER İ A.Ş.,0.00248332636030286,0.440443213296399,38,5,6,12,1.791759469228055,2.4849066497880004,-5.998079389884191
firm_bicm_pb_mobs_fdr0.05,İLKEM GÜVENLİK SİSTEMLERİ BİLİŞİM İNŞAAT GIDA TEMİZLİK TAAHHÜT SANAYİ VE TİCARET LİMİTED ŞİRKETİ.,0.0024496776478930837,0.24489795918367352,7,1,2,2,0.6931471805599453,0.6931471805599453,-6.0117208250726035
firm_bicm_pb_mobs_fdr0.05,BALDEM BİLİŞİM LİMİTED ŞİRKETİ,0.0024089067976448817,0.13265306122448983,14,1,13,15,2.5649493574615367,2.70805020110221,-6.028502914754796
firm_bicm_pb_mobs_fdr0.05,BELSİS BİLGİSAYAR YAZILIM İLETİŞİM HİZM.TİC.VE SAN.LTD.ŞTİ.,0.0024061585609891018,0.5661157024793388,22,6,27,28,3.295836866004329,3.332204510175204,-6.02964434009983
firm_bicm_pb_mobs_fdr0.05,TUGA TEKNOLOJİ BİLİŞİM VE DANIŞMANLIK HİZMETLERİ LTD. ŞTİ.,0.0024045520130146856,0.16528925619834722,11,3,4,5,1.3862943611198906,1.6094379124341003,-6.0303121917104985
firm_bicm_pb_mobs_fdr0.05,TWAIN BİLGİ TEKNOLOJİLERİ SANAYİ VE TİCARET ANONİM ŞİRKETİ,0.002404321963723169,0.5886419753086419,45,3,2,3,0.6931471805599453,1.0986122886681098,-6.03040786109575
firm_bicm_pb_mobs_fdr0.05,SEKOM İLETİŞİM SİSTEMLERİ SANAYİ VETİCARET A.Ş.,0.002403232891745558,0.5195444752231457,57,2,3,4,1.0986122886681098,1.3862943611198906,-6.030860891982077
firm_bicm_pb_mobs_fdr0.05,GBA BİLİŞİM YAZILIM DANIŞMANLIK LİMİTED ŞİRKETİ,0.0023840632207967685,0.5733882030178327,27,1,4,4,1.3862943611198906,1.3862943611198906,-6.038868854121037
firm_bicm_pb_mobs_fdr0.05,GEST ÖLÇÜM VE OTOMASYON TEKNOLOJİLERİ SANAYİ TİCARET ANONİM ŞİRKETİ,0.0023799788641604286,0.48,15,2,2,2,0.6931471805599453,0.6931471805599453,-6.040583377169222
firm_bicm_pb_mobs_fdr0.05,BELMAP YAZILIM MÜHENDİSLİK DANIŞMANLIK HİZMETLERİ TİC LTD ŞTİ.,0.0023754429866675534,0.4693877551020408,14,3,8,9,2.0794415416798357,2.1972245773362196,-6.042490890096742
firm_bicm_pb_mobs_fdr0.05,BİLİŞİM KÜPÜ BİLGİSAYAR SANAYİ VE TİCARET LİMİTED ŞİRKETİ,0.002364000232386764,0.0,7,3,3,3,1.0986122886681098,1.0986122886681098,-6.047319243659638
firm_bicm_pb_mobs_fdr0.05,ASELSANNET ELEKTRONİK VE HABERLEŞME SİSTEMLERİ SANAYİ TİCARET İNŞAAT VE TAAHHÜT LTD.ŞTİ.,0.002363235802238863,0.0,5,2,2,2,0.6931471805599453,0.6931471805599453,-6.047642632780413
firm_bicm_pb_mobs_fdr0.05,KARDELEN BİLGİSAYAR İNŞAAT REKLAM ORMAN ÜRÜNLERİ TEKSTİL İTHALAT VE İHRACAT SANAYİ VE TİCARET LİMİTED ŞİRKETİ,0.002363235802238863,0.0,2,6,83,142,4.418840607796598,4.955827057601261,-6.047642632780413
firm_bicm_pb_mobs_fdr0.05,KEYM KENTSEL YENİLEME MERKEZİ VE GAYRİMENKUL YATIRIMLARI İNŞAAT SANAYİ VE TİC.A.Ş.,0.002363235802238863,0.0,6,2,2,2,0.6931471805599453,0.6931471805599453,-6.047642632780413
firm_bicm_pb_mobs_fdr0.05,PSEUDONYM_545,0.002363235802238863,0.0,9,1,2,2,0.6931471805599453,0.6931471805599453,-6.047642632780413
firm_bicm_pb_mobs_fdr0.05,EKİN SOFTWARE TEKNOLOJİ SANAYİ VE TİCARET ANONİM ŞİRKETİ,0.002360807146545614,0.33999999999999986,10,1,6,6,1.791759469228055,1.791759469228055,-6.048670760361207
firm_bicm_pb_mobs_fdr0.05,PSEUDONYM_391,0.002360169085611101,0.6122448979591837,7,4,4,4,1.3862943611198906,1.3862943611198906,-6.048941047375222
firm_bicm_pb_mobs_fdr0.05,FOURAS TEKNOLOJİ ANONİM ŞİRKETİ,0.002359470350692308,0.40625,8,2,2,2,0.6931471805599453,0.6931471805599453,-6.049237120137386
firm_bicm_pb_mobs_fdr0.05,MAVİ GÜVENLİK ELEKTRONİK SAN.TİC.LTD.ŞTİ.,0.002351507919928833,0.6315789473684211,19,1,2,3,0.6931471805599453,1.0986122886681098,-6.0526172216467495
firm_bicm_pb_mobs_fdr0.05,OR-BİL BİLİŞİM MAK.V E MAL.EĞ.İNŞ.SAN TİC.LTD.ŞTİ.,0.0023489483595887915,0.12430747922437668,76,3,3,3,1.0986122886681098,1.0986122886681098,-6.0537062020896775
firm_bicm_pb_mobs_fdr0.05,RESET BİLGİ TEKNOLOJİLERİ SANAYİ VE TİCARET ANONİM ŞİRKETİ,0.0023440142804723708,0.56,15,5,7,7,1.9459101490553132,1.9459101490553132,-6.055808788235149
firm_bicm_pb_mobs_fdr0.05,DOĞA BÜRO ARAÇLARI TİCARET VE SERVİSLTD.ŞTİ.,0.002296191208170149,0.2499999999999999,36,1,1,1,0.0,0.0,-6.07642030057698
firm_bicm_pb_mobs_fdr0.05,KALLİ TEKNOLOJİ EĞİTİM İNŞAAT SAĞLIK TURİZM GIDA SANAYİ VE TİCARET A.Ş.,0.002296191208170149,0.2499999999999999,36,1,1,1,0.0,0.0,-6.07642030057698
firm_bicm_pb_mobs_fdr0.05,ENKONET İLETİŞİM HİZMETLERİ SANAYİ VE TİCARET LİMİTED ŞİRKETİ,0.002296191208170149,0.2499999999999999,36,1,1,1,0.0,0.0,-6.07642030057698
firm_bicm_pb_mobs_fdr0.05,ONPRO BİLİŞİM DANIŞMANLIK DESTEK VE EĞTİM HİZMETLERİ TİC.AŞ,0.002296191208170149,0.2499999999999999,36,1,1,1,0.0,0.0,-6.07642030057698
firm_bicm_pb_mobs_fdr0.05,KÖKSAL BİLİŞİM TEKNO LOJİ İLET.ELK.FOTOĞ. SAN.TİC.LTD.ŞTİ.,0.002296191208170149,0.2499999999999999,36,1,1,1,0.0,0.0,-6.07642030057698
firm_bicm_pb_mobs_fdr0.05,TEKNO OFİS OTOMASYONU LİMİTED ŞİRKETİ,0.002296191208170149,0.2499999999999999,36,1,1,1,0.0,0.0,-6.07642030057698
firm_bicm_pb_mobs_fdr0.05,BTUNE BİLİŞİM TEKNOLOJİLERİ ULAŞIM ELEKTRİK ELEKTRONİK İNŞAAT ANONİM ŞİRKETİ,0.002296191208170149,0.2499999999999999,36,1,1,1,0.0,0.0,-6.07642030057698
firm_bicm_pb_mobs_fdr0.05,TMAAS YAZILIM TEKNOLOJİLERİ SANAYİ VE TİCARET ANONİM ŞİRKETİ,0.002296191208170149,0.2499999999999999,36,1,1,1,0.0,0.0,-6.07642030057698
firm_bicm_pb_mobs_fdr0.05,ŞAHİN TELEKOM SANAYİVE TİCARET LTD.ŞTİ.,0.002296191208170149,0.2499999999999999,36,1,1,1,0.0,0.0,-6.07642030057698
firm_bicm_pb_mobs_fdr0.05,TA BA BASIN YAYIN REKLAMCILIK YAZILIM BİLGİSAYAR DANIŞMANLIK SANAYİ VE TİCARET LİMİTED ŞİRKETİ,0.002296191208170149,0.2499999999999999,36,1,1,1,0.0,0.0,-6.07642030057698
firm_bicm_pb_mobs_fdr0.05,PSEUDONYM_573,0.002296191208170149,0.2499999999999999,36,1,1,1,0.0,0.0,-6.07642030057698
firm_bicm_pb_mobs_fdr0.05,BARİKATSİSTEM BİLİŞİM TEKNOLOJİLERİ TİCARET ANONİM ŞİRKETİ,0.0022902063326418285,0.3244170096021949,54,3,3,3,1.0986122886681098,1.0986122886681098,-6.079029921811624
firm_bicm_pb_mobs_fdr0.05,BİOMERİEUX DİAGNOSTİK MALZEMELERİ VE HİZMETLERİ TİCARET ANONİM ŞİRKETİ,0.002263638506597818,0.625,4,1,1,1,0.0,0.0,-6.0906973802476685
firm_bicm_pb_mobs_fdr0.05,SUTED BİLİŞİM TEKNOLOJİLERİ YAZILIM DANIŞMANLIK HİZMETLERİ SANAYİ VE TİCARET LİMİTED ŞİRKETİ,0.00222976092010898,0.7654320987654322,9,2,5,6,1.6094379124341003,1.791759469228055,-6.105775206007889
firm_bicm_pb_mobs_fdr0.05,EBİM BİLİŞİM ÇÖZÜMLERİ TIBBİ CİHAZ VE MALZEMELERİ SANAYİ VE DIŞ TİCARET LİMİTED ŞİRKETİ,0.0022174931277688294,0.7901234567901234,9,1,1,1,0.0,0.0,-6.111291764793902
firm_bicm_pb_mobs_fdr0.05,VK BİLGİ TEKNOLOJİLERİ ANONİM ŞİRKETİ,0.0022112581669496557,0.2873345935727789,46,3,3,4,1.0986122886681098,1.3862943611198906,-6.114107198071731
firm_bicm_pb_mobs_fdr0.05,BEYAZNET BİLİŞİM ANONİM ŞİRKETİ,0.0022015105426997747,0.08687903764758309,67,3,3,4,1.0986122886681098,1.3862943611198906,-6.118524740216995
firm_bicm_pb_mobs_fdr0.05,İNFOLİNE BİLGİ TEKNOLOJİLERİ TİCARET ANONİM ŞİRKETİ,0.0021879131913118415,0.2145328719723184,34,3,3,3,1.0986122886681098,1.0986122886681098,-6.124719726980443
firm_bicm_pb_mobs_fdr0.05,BARLA BİLGİSAYAR MÜHENDİSLİK MÜŞAVİRLİK GIDA İNŞAAT MEDİKAL SANAYİ VE TİCARET LİMİTED ŞİRKETİ,0.002185719001667041,0.4444444444444444,3,1,8,15,2.0794415416798357,2.70805020110221,-6.125723011205942
firm_bicm_pb_mobs_fdr0.05,ZENİ SOSYAL HİZMETLER BİLGİSAYAR TAŞIMACILIK TEMİZLİK OTOMOTİV SANAYİ TİCARET LİMİTED ŞİRKETİ.,0.002180475749666055,0.5185185185185186,9,2,3,3,1.0986122886681098,1.0986122886681098,-6.128124551158777
firm_bicm_pb_mobs_fdr0.05,İLKEM TEKNOLOJİ SANAYİ VE TİCARET LİMİTED ŞİRKETİ,0.0021761910266182983,0.44897959183673464,7,4,4,5,1.3862943611198906,1.6094379124341003,-6.1300913522837925
firm_bicm_pb_mobs_fdr0.05,PİRİ1513 COĞRAFİ BİLGİ SİSTEMLERİ MÜHENDİSLİK VE EĞİTİM LİMİTED ŞİRKETİ,0.002175448449357226,0.16493827160493824,45,1,2,4,0.6931471805599453,1.3862943611198906,-6.130432608518707
firm_bicm_pb_mobs_fdr0.05,PSEUDONYM_169,0.002157218217803976,0.2777777777777777,6,1,1,1,0.0,0.0,-6.138847163541812
firm_bicm_pb_mobs_fdr0.05,BİLFO BİLGİSAYAR VE BİLİŞİM SİS.LTD. ŞTİ.,0.002151133106870893,0.0,11,2,18,34,2.8903717578961645,3.5263605246161616,-6.14167171276147
firm_bicm_pb_mobs_fdr0.05,ANKAREF BİLİŞİM TEKN OLOJİLERİ MÜH İM SAN TİC LTD ŞTİ,0.0021022498545006847,0.46366782006920404,17,4,9,12,2.1972245773362196,2.4849066497880004,-6.164656246398382
firm_bicm_pb_mobs_fdr0.05,BTYÖN TEKNOLOJİ ANONİM ŞİRKETİ,0.002097505232420255,0.19897959183673464,28,1,2,3,0.6931471805599453,1.0986122886681098,-6.16691551734952
firm_bicm_pb_mobs_fdr0.05,ÜNİBEL ÖZEL EĞİTİM BİLGİ TEKNOLOJİLERİ KÜLTÜR TANITIM VE YAYINCILIK SANAYİ VE TİCARET ANONİM ŞİRKETİ,0.002087552562168478,0.14497041420118328,26,5,7,31,1.9459101490553132,3.4339872044851463,-6.171671380048834
firm_bicm_pb_mobs_fdr0.05,YD YAZILIM VE TEKNOLOJİ ANONİM ŞİRKETİ,0.0020832053013925406,0.6115702479338843,44,2,2,2,0.6931471805599453,0.6931471805599453,-6.1737558280740865
firm_bicm_pb_mobs_fdr0.05,AVEZ ELEKTRONİK İLET İŞİM EĞİTİM DANI ŞMANLIĞI TİC.AŞ.,0.002073519743405594,0.21875,8,3,5,7,1.6094379124341003,1.9459101490553132,-6.178415595025971
firm_bicm_pb_mobs_fdr0.05,VERİSUN BİLİŞİM VE DANIŞMANLIK SANAYİ VE TİCARET LİMİTED ŞİRKETİ,0.002033442495736831,0.20679012345679015,36,2,2,2,0.6931471805599453,0.6931471805599453,-6.1979311336324585
firm_bicm_pb_mobs_fdr0.05,BİLGİBİM BİLGİSAYAR TEKNOLOJİLERİ İLETİŞİM ELEKTRONİK SANAYİ VE TİCARET LİMİTED ŞİRKETİ,0.00203320391191267,0.6326530612244898,14,6,18,22,2.8903717578961645,3.091042453358316,-6.1980484594969
firm_bicm_pb_mobs_fdr0.05,FURKAN BİLGİ TEKNOLOJİLERİ VERİ MERKEZİ HİZMET VE DANIŞMANLIK ANONİM ŞİRKETİ,0.00202124538319429,0.44897959183673464,7,2,2,3,0.6931471805599453,1.0986122886681098,-6.203946886279633
firm_bicm_pb_mobs_fdr0.05,GGS BİLİŞİM TEKNOLOJİLERİ SANAYİ TİCARET ANONİM ŞİRKETİ,0.002020548595155874,0.1875,40,1,2,2,0.6931471805599453,0.6931471805599453,-6.204291645148112
firm_bicm_pb_mobs_fdr0.05,EXABİLTEKNOLOJİ SİSTEMLERİ PAZARLAMA BİLİŞİM SANAYİ VE TİCARET LİMİTED ŞİRKETİ.,0.002014699334308579,0.28531855955678687,38,2,2,3,0.6931471805599453,1.0986122886681098,-6.2071904563541915
firm_bicm_pb_mobs_fdr0.05,VİZYON ELEKTRONİK BİLŞ.SİS.VE DANŞ.SAN.TİC.LTD.ŞTİ.,0.002014066489443413,0.21875,8,2,2,2,0.6931471805599453,0.6931471805599453,-6.207504589696661
firm_bicm_pb_mobs_fdr0.05,LALEZAR İNŞAAT MEDİKAL BİLGİSAYAR TEMİZLİK İTHALAT İHRACAT SANAYİ VE TİCARET LİMİTED ŞİRKETİ.,0.0019703187062172635,0.0,7,2,6,8,1.791759469228055,2.0794415416798357,-6.229462981004526
firm_bicm_pb_mobs_fdr0.05,KENT YAZILIM BİLİŞİMVE İLETİŞİM TEKNSAN.VE TİC.LTD.Ş,0.0019689995351996666,0.8177777777777777,15,1,3,5,1.0986122886681098,1.6094379124341003,-6.230132661901065
firm_bicm_pb_mobs_fdr0.05,DOSBİL BİLGİSAYAR KİM.TEKS.DAY.TÜK.MAL.TMAL.GI. Tİ.VE SA.LT,0.001965037273861227,0.34666666666666657,15,4,11,11,2.3978952727983707,2.3978952727983707,-6.232146815784343
firm_bicm_pb_mobs_fdr0.05,VERİDATA BİLGİ TEKNOLOJİLERİ LİMİTED ŞİRKETİ,0.001938141494843936,0.16251154201292717,57,4,4,12,1.3862943611198906,2.4849066497880004,-6.245927158783261
firm_bicm_pb_mobs_fdr0.05,ARTEKA BİLİŞİM TİCARET LİMİTED ŞİRKETİ,0.0019351688667472024,0.628099173553719,11,3,3,3,1.0986122886681098,1.0986122886681098,-6.2474619365806285
firm_bicm_pb_mobs_fdr0.05,ORDİNATRUM BİLİŞİM TEKNOLOJİLERİ VE DANIŞMANLIK ANONİM ŞİRKETİ,0.0019306350921026066,0.5,2,1,6,10,1.791759469228055,2.302585092994046,-6.249807284951798
firm_bicm_pb_mobs_fdr0.05,PİRAMİT BİLGİSAYAR VE TEKNOLOJİ SİST.SAN.VE TİC.LTD.,0.0019289480248456151,0.3737499999999999,40,3,3,4,1.0986122886681098,1.3862943611198906,-6.250681420970804
firm_bicm_pb_mobs_fdr0.05,ABİS TEKNOLOJİ LTD.ŞTİ.,0.0019118317517040067,0.29629629629629617,18,2,3,3,1.0986122886681098,1.0986122886681098,-6.259593508754426
firm_bicm_pb_mobs_fdr0.05,GAMA BÜRO OTOMASYONSİSTEMLERİ SANAYİ VE TİC.LTD.ŞTİ,0.0019099165329644514,0.4504132231404958,22,2,2,2,0.6931471805599453,0.6931471805599453,-6.260595682228085
firm_bicm_pb_mobs_fdr0.05,IBSS TEKNOLOJİ VE YAZILIM ANONİM ŞİRKETİ,0.0019072831879813799,0.6869806094182827,19,2,3,4,1.0986122886681098,1.3862943611198906,-6.261975270378316
firm_bicm_pb_mobs_fdr0.05,ELFA BİLGİ VE İLETİŞİM SİSTEMLERİ SAN.VE TİC.LTD.ŞTİ,0.0018997281897539797,0.421875,16,2,2,3,0.6931471805599453,1.0986122886681098,-6.265943868821859
firm_bicm_pb_mobs_fdr0.05,VİA DİJİTAL TEKNOLOJİLERİ ARAŞTIRMA GELİŞTİRME YAZILIM MÜHENDİSLİK İLETİŞİM DANIŞMANLIK SANAYI VE TİCARET LİMİTED.ŞİRKETİ,0.0018941361797979084,0.31689677843524,39,1,2,2,0.6931471805599453,0.6931471805599453,-6.268891496963679
firm_bicm_pb_mobs_fdr0.05,V.E.B. BİLGİ İŞLEM OTOMASYON ÖZEL EĞİTİM HİZMETLERİ DANIŞMANLIK İNŞAAT YEMEKÇİLİK LOKANTA KAFETERYA GIDA TİCARET VE SANAYİ LİMİTED ŞİRKETİ,0.001890368270682603,0.53125,8,3,3,4,1.0986122886681098,1.3862943611198906,-6.270882526388324
firm_bicm_pb_mobs_fdr0.05,İNTER-SAN BİLGİSAYAR YAZILIM DONANIM ELEKTRONİK MÜHENDİSLİK İNŞAAT TAAHHÜT SANAYİ TURİZM İÇ VE DIŞ TİCARET LİMİTED ŞİRKETİ,0.0018806449566182045,0.7421875,16,3,3,5,1.0986122886681098,1.6094379124341003,-6.276038886020517
firm_bicm_pb_mobs_fdr0.05,SUPERCOM BİLİŞİM TEKNOLOJİLERİ SANAYİ VE TİCARET ANONİM ŞİRKETİ,0.0018674564327419937,0.5401546698393813,41,2,3,5,1.0986122886681098,1.6094379124341003,-6.283075639912521
firm_bicm_pb_mobs_fdr0.05,ÜÇ YAZILIMEVİ DANIŞM ANLIK VE BİL.TEK SAN.TİC.LTD.ŞTİ.,0.0018484640869242822,0.5,6,1,1,1,0.0,0.0,-6.29329682614058
firm_bicm_pb_mobs_fdr0.05,F1 TEKNOLOJİ BİLGİSAYAR GÜVENLİK SİSTEMLERİ SANAYİ VE TİCARET ANONİM ŞİRKETİ,0.0018390725490144459,0.4746877054569363,39,2,3,5,1.0986122886681098,1.6094379124341003,-6.298389974114129
firm_bicm_pb_mobs_fdr0.05,SECUVVORLD GÜVENLİK TEKNOLOJİLERİ DIŞ TİCARET LİMİTED ŞİRKETİ,0.0018318294444223434,0.375,4,1,1,1,0.0,0.0,-6.302335794474718
firm_bicm_pb_mobs_fdr0.05,PROTEC BİLİŞİM SANAYİ VE TİCARET LİMİTED ŞİRKETİ,0.0018318294444223434,0.375,4,3,3,3,1.0986122886681098,1.0986122886681098,-6.302335794474718
firm_bicm_pb_mobs_fdr0.05,KOÇ BİLGİ VE SAVUNMA TEKNOLOJİLERİ ANONİM ŞİRKETİ,0.0018311052875830723,0.40362811791383235,21,4,3,5,1.0986122886681098,1.6094379124341003,-6.302731150300689
firm_bicm_pb_mobs_fdr0.05,TİGA BİLGİ TEKNOLOJİLERİ ANONİM ŞİRKETİ,0.0018259075582465931,0.6000000000000001,20,3,3,3,1.0986122886681098,1.0986122886681098,-6.305573464433666
firm_bicm_pb_mobs_fdr0.05,ASF BİLİŞİM TEKNOLOJİLERİ DANIŞMANLIK HİZMETLERİ SANAYİ VE TİCARET LİMİTED ŞİRKETİ,0.0018249069792492972,0.24489795918367352,7,2,2,2,0.6931471805599453,0.6931471805599453,-6.306121547207698
firm_bicm_pb_mobs_fdr0.05,TEKNOTEK TEKNOLOJİ SANAYİ TİCARET LİMİTED ŞİRKETİ,0.0018239864520329053,0.65625,8,3,3,3,1.0986122886681098,1.0986122886681098,-6.306626045812419
firm_bicm_pb_mobs_fdr0.05,BİLBEST BİLİŞİM SAĞ.EĞİT.DIŞ TİC.VESAN.LTD.ŞTİ.,0.0018233851158323373,0.31999999999999984,5,1,11,29,2.3978952727983707,3.367295829986474,-6.3069557480027525
firm_bicm_pb_mobs_fdr0.05,AVEGS GÜVENLİK SİSTEMLERİ SANAYİ VE TİCARET LİMİTED ŞİRKETİ,0.0018158259750272422,0.48958333333333337,24,2,2,2,0.6931471805599453,0.6931471805599453,-6.31110959214892
firm_bicm_pb_mobs_fdr0.05,BSD BİLGİSAYAR SAN.V E TİC.LTD.ŞTİ.,0.0018141787415350294,0.4800000000000001,10,3,3,3,1.0986122886681098,1.0986122886681098,-6.312017062143868
firm_bicm_pb_mobs_fdr0.05,İŞLEM HARİTA MÜHENDİSLİK MÜŞ.DAN.VE.ARA.TİC.LTD.ŞTİ.,0.0018114951938561252,0.3571428571428572,14,3,6,6,1.791759469228055,1.791759469228055,-6.31349720920033
firm_bicm_pb_mobs_fdr0.05,GNSS HARİTA TEKNİK DANIŞMANLIK SANAYİ VE TİCARET ANONİM ŞİRKETİ,0.0018084677860084988,0.0,13,3,4,4,1.3862943611198906,1.3862943611198906,-6.315169651130736
firm_bicm_pb_mobs_fdr0.05,MOBESE MOBİL ELEKTRONİK SİSTEM ENTEGRASYONU SANAYİ VE TİCARET ANONİM ŞİRKETİ,0.0018024988438170072,0.5760000000000001,25,1,4,9,1.3862943611198906,2.1972245773362196,-6.318475312191609
firm_bicm_pb_mobs_fdr0.05,QUASER ULUSLARARASI BELGELENDİRME VE GÖZETİM HİZMETLERİ LİMİTED ŞİRKETİ,0.0017893278213175457,0.6496,25,1,2,2,0.6931471805599453,0.6931471805599453,-6.325808450080401
firm_bicm_pb_mobs_fdr0.05,UITSEC TEKNOLOJİ ANONİM ŞİRKETİ,0.0017858707414316237,0.5925925925925926,9,1,2,2,0.6931471805599453,0.6931471805599453,-6.327742167245796
firm_bicm_pb_mobs_fdr0.05,MERSİN BÜYÜKŞEHİR İMAR İNŞAAT ELEKTRİK ÜRETİM ÖZEL GÜVENLİK HİZMETLERİ SANAYİ VE TİCARET ANONİM ŞİRKETİ,0.001783822260196033,0.3571428571428572,14,4,2,4,0.6931471805599453,1.3862943611198906,-6.328889751728509
firm_bicm_pb_mobs_fdr0.05,BİSAR BİLGİ TEKNOLOJ İLERİ SANAYİ VE TİCA RET A.Ş.,0.0017786890153682748,0.28393351800554023,38,2,4,7,1.3862943611198906,1.9459101490553132,-6.331771257107805
firm_bicm_pb_mobs_fdr0.05,LİV TEKNOLOJİ PAZARLAMA LİMİTED ŞİRKETİ,0.0017780263368238126,0.16528925619834722,11,2,3,3,1.0986122886681098,1.0986122886681098,-6.332143852202315
firm_bicm_pb_mobs_fdr0.05,NORMATÜRK ULUSLARARASI NORMALİZASYON VEBELGELENDİRME LTD ŞT,0.001772891788487389,0.3752834467120182,42,1,3,3,1.0986122886681098,1.0986122886681098,-6.335035498316159
firm_bicm_pb_mobs_fdr0.05,VİZYONEKS BİLGİ TEKNOLOJİLERİ ANONİM ŞİRKETİ,0.0017662785572600062,0.560553633217993,17,2,2,2,0.6931471805599453,0.6931471805599453,-6.338772263802202
firm_bicm_pb_mobs_fdr0.05,İNFOLİNE BİLGİ TEKNOLOJİLERİ BİLGİSAYAR YAZILIM DESTEK EĞİTİM DONANIM GÜVENLİK TASARIM VE DANIŞMANLIK SANAYİ VE TİCARET LİMİTED ŞİRKETİ,0.0017655053949583899,0.3487499999999999,40,2,2,2,0.6931471805599453,0.6931471805599453,-6.339210047460924
firm_bicm_pb_mobs_fdr0.05,ESEN ENTEGRE HİZMET YÖNETİMİ SANAYİ VE TİCARET LİMİTED ŞİRKETİ,0.001764888983664209,0.8027681660899654,17,1,2,2,0.6931471805599453,0.6931471805599453,-6.339559212175306
firm_bicm_pb_mobs_fdr0.05,BİLTAM MÜMESSİLLİK DIŞ TİC.VE SAN.A.Ş.,0.001745466156693714,0.5231866825208086,29,3,4,5,1.3862943611198906,1.6094379124341003,-6.350624138525112
firm_bicm_pb_mobs_fdr0.05,PSEUDONYM_023,0.0017325010801904602,0.45679012345679015,18,1,2,2,0.6931471805599453,0.6931471805599453,-6.358078902185382
firm_bicm_pb_mobs_fdr0.05,REİN YAZILIM TEKNOLOJİ LİMİTED ŞİRKETİ,0.0016941951395620474,0.22038567493112948,33,1,2,3,0.6931471805599453,1.0986122886681098,-6.380434699829119
firm_bicm_pb_mobs_fdr0.05,UNITURK BİLİŞİM TEKNOLOJİLERİ LİMİTED ŞİRKETİ,0.001690152950224506,0.3377777777777776,15,3,3,3,1.0986122886681098,1.0986122886681098,-6.382823186293413
firm_bicm_pb_mobs_fdr0.05,NOKTASAL YAZILIM İNŞAAT SANAYİ TİCARET LİMİTED ŞİRKETİ,0.0016891691671880986,0.1571180555555557,48,1,2,3,0.6931471805599453,1.0986122886681098,-6.383405357375501
firm_bicm_pb_mobs_fdr0.05,USSAL YAZILIM TİCARET LİMİTED ŞİRKETİ,0.0016891691671880986,0.1571180555555557,48,1,2,3,0.6931471805599453,1.0986122886681098,-6.383405357375501
firm_bicm_pb_mobs_fdr0.05,DEKA BİLİŞİM KURUMSAL HİZMETLER SANAYİ VE TİCARET LİMİTED ŞİRKETİ,0.0016859258536180918,0.37037037037037035,9,2,2,2,0.6931471805599453,0.6931471805599453,-6.3853270498305035
firm_bicm_pb_mobs_fdr0.05,EBTY YAZILIM DANIŞMANLIK TİCARET LİMİTED ŞİRKETİ,0.0016785412058435696,0.3413111342351718,31,1,2,3,0.6931471805599453,1.0986122886681098,-6.389716345770982
firm_bicm_pb_mobs_fdr0.05,APAZ MEDİKAL ÜRÜN VE BİLİŞİM YAZILIM SANAYİ VE TİCARET ANONİM ŞİRKETİ,0.0016762577948210525,0.0,8,1,5,7,1.6094379124341003,1.9459101490553132,-6.391077471282974
firm_bicm_pb_mobs_fdr0.05,PSEUDONYM_368,0.0016727998266698467,0.6938775510204083,21,2,2,2,0.6931471805599453,0.6931471805599453,-6.393142275876279
firm_bicm_pb_mobs_fdr0.05,GATE ELEKTRONİK SANAYİ VE TİC.A.Ş.,0.0016607915066715348,0.4444444444444444,3,2,2,3,0.6931471805599453,1.0986122886681098,-6.400345915468667
firm_bicm_pb_mobs_fdr0.05,BOĞAZİÇİ HİZMET GRUP İNŞ.MÜH.EĞİT.DANIŞ.T EM.TAAH.VE TİC.LT.ŞT,0.0016248240506433153,0.2721893491124261,13,1,2,3,0.6931471805599453,1.0986122886681098,-6.422238135132995
firm_bicm_pb_mobs_fdr0.05,İSTANBUL DİJİTAL MEDYA TİCARET ANONİM ŞİRKETİ,0.0016233798528092185,0.2650000000000001,20,3,3,3,1.0986122886681098,1.0986122886681098,-6.423127259125123
firm_bicm_pb_mobs_fdr0.05,FMB HIRDAVAT MAKİNA ELEKTRİK İNŞAAT YEDEK PARÇA TAAHHÜT TİCARET VE SANAYİ LİMİTED ŞİRKETİ,0.0016173559532624137,0.5185185185185186,9,2,2,3,0.6931471805599453,1.0986122886681098,-6.426844437236952
firm_bicm_pb_mobs_fdr0.05,ASMİN SOSYAL HİZMETLER ÖZEL EĞİTİM GIDAİ NŞAAT İNSAN KAYNAKLARI VE TAAHHÜT NAKLİYE SANAYİ VE TİCARET LİMİTED ŞİRKETİ,0.0016109029055030991,0.40625,8,1,1,1,0.0,0.0,-6.430841819543957
firm_bicm_pb_mobs_fdr0.05,MAKRO TEMİZLİK OTOMASYON BİLGİ İŞLEM ORGANİZASYON SANAYİ VE TİCARET LİMİTED ŞİRKETİ,0.0016109029055030991,0.40625,8,1,1,1,0.0,0.0,-6.430841819543957
firm_bicm_pb_mobs_fdr0.05,MDSAP TR YAZILIM ÜRÜNLERİ VE BİLİŞ.HİZM.TİC.LTD.ŞTİ.,0.0016042563755111839,0.29999999999999993,30,3,2,3,0.6931471805599453,1.0986122886681098,-6.434975828988888
firm_bicm_pb_mobs_fdr0.05,SOAGEN BİLİŞİM TEKNOLOJİLERİ YAZILIM VE DANIŞMANLIK LİMİTED ŞİRKETİ,0.0016032993284693837,0.0,12,1,2,2,0.6931471805599453,0.6931471805599453,-6.435572503297646
firm_bicm_pb_mobs_fdr0.05,EKON EĞİTİM REKLAM BİLİŞİM VE DANIŞMANLIK ANONİM ŞİRKETİ,0.001599153975366748,0.5475624256837098,58,2,3,3,1.0986122886681098,1.0986122886681098,-6.438161056717177
firm_bicm_pb_mobs_fdr0.05,BARBAROS TEKNOLOJİ ORGANİZASYON İLETİŞİM SANAYİ VE TİCARET LİMİTED ŞİRKETİ,0.0015942977335512796,0.19024970273483943,29,5,5,7,1.6094379124341003,1.9459101490553132,-6.441202069915411
firm_bicm_pb_mobs_fdr0.05,SERALBA BİLGİSAYAR İLETİŞİM İNŞAAT PEYZAJ REKLAM ORGANİZASYON TAAHHÜT İTHALAT İHRACAT VE TİCARET LİMİTED ŞİRKETİ,0.0015909757469114618,0.23994304022783897,53,3,2,4,0.6931471805599453,1.3862943611198906,-6.443287661179154
firm_bicm_pb_mobs_fdr0.05,ANKARA BİLGİ TEKNOLOJİLERİ REKLAMCILTRZ.SA.VE Tİ.LTD,0.0015842383199862588,0.7466666666666666,15,3,5,5,1.6094379124341003,1.6094379124341003,-6.447530919097379
firm_bicm_pb_mobs_fdr0.05,MAKBİM BİLGİSAYAR ELEKTRONİK TEMİZLİK İNŞAAT TURİZM VE NAKLİYAT SANAYİ VE TİCARET LİMİTED ŞİRKETİ,0.0015775991949928845,0.0,10,2,2,2,0.6931471805599453,0.6931471805599453,-6.451729953519498
firm_bicm_pb_mobs_fdr0.05,PSEUDONYM_048,0.0015774951717234184,0.0,10,4,4,8,1.3862943611198906,2.0794415416798357,-6.451795885410804
firm_bicm_pb_mobs_fdr0.05,LİVATECH BİLİŞİM TEKNOLOJİLERİ VE DANIŞMANLIK LİMİTED ŞİRKETİ,0.0015766371800477617,0.0,3,2,4,5,1.3862943611198906,1.6094379124341003,-6.4523398624181265
firm_bicm_pb_mobs_fdr0.05,UYUM ORMANCILIK ÇEVRE PROJE DANIŞMANLIK BİLİŞİM TURİZM SANAYİ VE TİCARET LİMİTED ŞİRKETİ,0.0015762549649738107,0.19753086419753085,9,1,2,2,0.6931471805599453,0.6931471805599453,-6.4525822866617375
firm_bicm_pb_mobs_fdr0.05,ECOLARIUM DİJİTAL TEKNOLOJİLER ANONİM ŞİRKETİ,0.0015762549649738107,0.0,4,2,2,2,0.6931471805599453,0.6931471805599453,-6.4525822866617375
firm_bicm_pb_mobs_fdr0.05,KARDELEN GLOBAL BİLGİ TEKNOLOJİLERİ ANONİM ŞİRKETİ,0.0015762549649738107,0.0,2,1,3,4,1.0986122886681098,1.3862943611198906,-6.4525822866617375
firm_bicm_pb_mobs_fdr0.05,MEBA ELEKTRONİK İLETİŞİM SİSTEMLERİTİC.LTD.ŞTİ.,0.0015762549649738107,0.0,12,2,2,2,0.6931471805599453,0.6931471805599453,-6.4525822866617375
firm_bicm_pb_mobs_fdr0.05,TRUVA YEREL YÖNETİM YAZILIMLARI SANAYİ T İC.LTD.ŞTİ.,0.0015762549649738107,0.0,2,1,1,1,0.0,0.0,-6.4525822866617375
firm_bicm_pb_mobs_fdr0.05,OTEK YAZILIM BİLİŞİM ÇÖZÜMLERİ ANONİM ŞİRKETİ,0.0015762549649738107,0.2551020408163266,14,2,3,3,1.0986122886681098,1.0986122886681098,-6.4525822866617375
firm_bicm_pb_mobs_fdr0.05,DATNET MÜHENDİSLİK BİLİŞİM DANIŞMANLIK SANAYİ VE TİCARET LİMİTED ŞİRKETİ,0.0015762549649738107,0.0,5,2,2,3,0.6931471805599453,1.0986122886681098,-6.4525822866617375
firm_bicm_pb_mobs_fdr0.05,GÜLÜMSER ELEKTRİK ELEKTRONİK GÜVENLİK SİSTEMLERİ BİLGİSAYAR İNŞAAT DANIŞMANLIK TEKNİK HİZMETLER TAAHHÜT TİCARET LTD.ŞTİ.,0.0015762549649738103,0.31999999999999984,5,1,5,5,1.6094379124341003,1.6094379124341003,-6.452582286661738
firm_bicm_pb_mobs_fdr0.05,REDVECTOR BİLİŞİM ARGE VE DANIŞMANLIK HİZMETLERİ ANONİM ŞİRKETİ,0.0015762549649738103,0.0,2,1,1,1,0.0,0.0,-6.452582286661738
firm_bicm_pb_mobs_fdr0.05,ARD GRUP BİLİŞİM TEKNOLOJİLERİ ANONİM ŞİRKETİ,0.0015608791598707788,0.4986149584487535,38,4,4,5,1.3862943611198906,1.6094379124341003,-6.462383624107215
firm_bicm_pb_mobs_fdr0.05,EKİNOKS YAZILIM DONANIM DANIŞMANLIK ELEKTRONİK İNŞAAT HARİTA VE MÜHENDİSLİK HİZMETLERİ SANAYI TİCARET LİMİTED ŞİRKETİ,0.0015561109899035438,0.45375,40,2,2,2,0.6931471805599453,0.6931471805599453,-6.465442722044574
firm_bicm_pb_mobs_fdr0.05,BTM TEKNOLOJİ BİLGİSAYAR VE GÜVENLİK SİSTEMLERİ SANAYİ TİCARET LİMİTED ŞİRKETİ,0.0015558297510645772,0.8096885813148789,17,2,1,2,0.0,0.6931471805599453,-6.465623448044866
firm_bicm_pb_mobs_fdr0.05,BTPLUS BİLİŞİM TEKNOLOJİLERİ TİCARET LİMİTED ŞİRKETİ,0.0015558297510645772,0.8096885813148789,17,1,1,1,0.0,0.0,-6.465623448044866
firm_bicm_pb_mobs_fdr0.05,4D SİSTEM TİCARET LTD.ŞTİ.,0.00154800794506743,0.609375,16,2,2,2,0.6931471805599453,0.6931471805599453,-6.470662925127445
firm_bicm_pb_mobs_fdr0.05,METOD ARAŞTIRMA DAN. VE MÜH.İNŞAAT SA N.TİC.LTD.ŞTİ.,0.001531633000905643,0.4682622268470342,31,3,3,5,1.0986122886681098,1.6094379124341003,-6.481296025976636
firm_bicm_pb_mobs_fdr0.05,DATA TIME BİLGİSAYAR SİSTEMLERİ YAZILIM DANIŞMANLIK HİZMETLERİ İNŞAAT TAAHHÜT İÇ VE DIŞ TİCARET LİMİTED ŞİRKETİ,0.0015264915057197346,0.5190311418685121,17,2,3,3,1.0986122886681098,1.0986122886681098,-6.484658124214048
firm_bicm_pb_mobs_fdr0.05,BYS GRUP BİLİŞİM SİSTEMLERİ DANIŞMANLIK TİCARET VE SANAYİ LİMİTED ŞİRKETİ,0.0015246925009119554,0.4243827160493827,36,2,2,3,0.6931471805599453,1.0986122886681098,-6.485837194164029
firm_bicm_pb_mobs_fdr0.05,ÇEKİNO SAVUNMA ELEKTRONİK VE BİLİŞİM ANONİM ŞİRKETİ,0.001521546994113439,0.3742911153119092,23,2,4,4,1.3862943611198906,1.3862943611198906,-6.487902109480401
firm_bicm_pb_mobs_fdr0.05,LACİTEK BİLİŞİM ANONİM ŞİRKETİ,0.0015033904058594533,0.6122448979591837,7,2,2,2,0.6931471805599453,0.6931471805599453,-6.499905341244467
firm_bicm_pb_mobs_fdr0.05,İDANET BİLİŞİM VE İLETİŞİM HİZMETLERİ SANAYİ VE TİCARET LİMİTED ŞİRKETİ,0.0014969925434218498,0.625,4,1,1,2,0.0,0.6931471805599453,-6.504169501737927
firm_bicm_pb_mobs_fdr0.05,TEKNODA TEKNOLOJİK ÜRÜNLER DAĞ.VE PAZ.SAN.TİC.A.Ş.,0.0014967401189430463,0.39446366782006925,17,2,5,5,1.6094379124341003,1.6094379124341003,-6.50433811549507
firm_bicm_pb_mobs_fdr0.05,BİMEL-İZMİR ELEKT.MAMÜL SAN.PAZ.LTD.ŞTİ.,0.0014939131610718496,0.4444444444444444,3,1,1,1,0.0,0.0,-6.506228403134658
firm_bicm_pb_mobs_fdr0.05,ADAM TEKNOLOJİ YAZILIM VE DANIŞMANLIK HİZMETLERİ LİMİTED ŞİRKETİ,0.0014898623323070048,0.29166666666666663,12,4,3,4,1.0986122886681098,1.3862943611198906,-6.508943294000826
firm_bicm_pb_mobs_fdr0.05,NETOVA TEKNOLOJİ BİLİŞİM İLETİŞİM ELEKTRONİK VE OFİS OTOMASYON SİSTEMLERİ SAN.VE TİC. LTD.ŞTİ.,0.0014877643194079057,0.0,12,3,4,4,1.3862943611198906,1.3862943611198906,-6.510352298030058
firm_bicm_pb_mobs_fdr0.05,KODA BİLİŞİM SANAYİ VE TİCARET ANONİM ŞİRKETİ,0.0014844054119689265,0.4340277777777777,24,1,11,11,2.3978952727983707,2.3978952727983707,-6.512612247682132
firm_bicm_pb_mobs_fdr0.05,PLATO ŞEHİRCİLİK AKILLI KENT BİLİŞİM TEKNOLOJİLERİ TİC.SAN.A.Ş.,0.0014704082830835248,0.423469387755102,28,3,5,5,1.6094379124341003,1.6094379124341003,-6.522085212576983
firm_bicm_pb_mobs_fdr0.05,MEGA TEKNİK KAĞIT SANAYİ VE GIDA ÜRÜNLERİ TİCARET LİMİTED ŞİRKETİ,0.0014637811526962538,0.0,2,2,2,2,0.6931471805599453,0.6931471805599453,-6.526601811550654
firm_bicm_pb_mobs_fdr0.05,MEGA BİLGİSAYAR TİCARET LTD.ŞTİ.,0.001443942499448476,0.37869822485207094,13,5,16,22,2.772588722239781,3.091042453358316,-6.540245717178539
firm_bicm_pb_mobs_fdr0.05,HORİZON BİLGİ TEKNOLOJİLERİ TİC.LTD.ŞTİ,0.0014428270520858851,0.42500000000000004,20,2,3,3,1.0986122886681098,1.0986122886681098,-6.541018414638362
firm_bicm_pb_mobs_fdr0.05,DİJİTAL DÜNYA İLETİŞİM BİLGİSAYAR İŞLEM MERKEZİ SES VE GÖRÜNTÜ SİSTEMLERİ ELEKTRİKLİ VE ELEKTRONİK CİHAZLAR SANAYİ VE TİCARET LİMİTED ŞİRKETİ,0.0014389291826734955,0.6938775510204083,7,4,9,10,2.1972245773362196,2.302585092994046,-6.543723261651579
firm_bicm_pb_mobs_fdr0.05,BİLİŞİM BİLİŞİM VE YAZILIM SİSTEMLERİ SANAYİ VE TİCARET ANONİM ŞİRKETİ,0.0014337292104456174,0.7755102040816326,7,2,5,13,1.6094379124341003,2.5649493574615367,-6.547343104608966
firm_bicm_pb_mobs_fdr0.05,F1 TEKNOLOJİ BİLGİSA YAR GÜVENLİK SİS SAN.VE TİC.LTD.Ş,0.0014275694837984512,0.6122448979591837,7,1,1,1,0.0,0.0,-6.551648082246553
firm_bicm_pb_mobs_fdr0.05,BAŞARAN İLERİ TEKNOLOJİ ÜRÜNLERİ İNŞAAT MEDİKAL TİCARET VE SANAYİ LTD.ŞTİ.,0.0014272190239423626,0.17999999999999994,10,2,2,2,0.6931471805599453,0.6931471805599453,-6.551893573596718
firm_bicm_pb_mobs_fdr0.05,ENİGMUS TEKNOLOJİ TAAHHÜT ANONİM ŞİRKETİ,0.0014225717169852883,0.6228373702422145,17,2,2,2,0.6931471805599453,0.6931471805599453,-6.55515464662445
firm_bicm_pb_mobs_fdr0.05,İOTA BİLGİ TEKNOLOJİLERİ MÜHENDİSLİK SANAYİ VE TİCARET ANONİM ŞİRKETİ,0.0014203327051967205,0.5816326530612246,14,3,3,3,1.0986122886681098,1.0986122886681098,-6.556729593182453
firm_bicm_pb_mobs_fdr0.05,EG YAZILIM DONANIM DANIŞMANLIK HİZMETLERİ LTD.ŞTİ.,0.0014181253903063037,0.4384,25,4,9,16,2.1972245773362196,2.772588722239781,-6.558284675606089
firm_bicm_pb_mobs_fdr0.05,DÜNYA BİLGİSAYAR ELEKTRİK VE İLE.SİSS.VE T.İT.İH.L.Ş,0.0014141013447054541,0.5625,8,2,2,2,0.6931471805599453,0.6931471805599453,-6.561125906696436
firm_bicm_pb_mobs_fdr0.05,EVANT TEKNOLOJİ BİLGİSAYAR YAZILIM VE DONANIMLARI İNŞAAT SANAYİ VE TİCARET LİMİTED ŞİRKETİ,0.001409038761871469,0.560553633217993,17,4,2,4,0.6931471805599453,1.3862943611198906,-6.564711915718102
firm_bicm_pb_mobs_fdr0.05,SPECTRUM YAZILIM BİLİŞİM SANAYİ VE TİCARET LİMİTED ŞİRKETİ,0.0014033993869030051,0.6428571428571428,14,4,2,4,0.6931471805599453,1.3862943611198906,-6.568721686549462
firm_bicm_pb_mobs_fdr0.05,C.B.K.SOFT YAZILIM DONANIM ELEKTRONİK VE BİLGİSAYAR SİSTEMLERİ SANAYİ TİCARET ANONİM ŞİRKETİ,0.0013996988736713456,0.78,10,2,72,82,4.276666119016055,4.406719247264253,-6.571361630300075
firm_bicm_pb_mobs_fdr0.05,SOFTAY BİLGİSAYAR YA ZILIM VE DANIŞMA NLIK LTD ŞTİ,0.001397425831576382,0.7218934911242603,13,1,1,2,0.0,0.6931471805599453,-6.572986679073802
firm_bicm_pb_mobs_fdr0.05,ALLGEIER BİLGİ İŞLEM SİSTEM.DANIŞ.VE TİC.LTD.ŞTİ.,0.001397425831576382,0.7218934911242603,13,1,1,1,0.0,0.0,-6.572986679073802
firm_bicm_pb_mobs_fdr0.05,VERİTİM VERİ İLETİŞİMİ TELEKOM.BİLG.TEK.SAN.T.LTD.ŞT,0.001397425831576382,0.7218934911242603,13,1,1,1,0.0,0.0,-6.572986679073802
firm_bicm_pb_mobs_fdr0.05,PINAR TELEKOM BİLİŞİM TEKNOLOJİLERİ ELEKTRİK İNŞAAT MEDİKAL MAKİNALARI İTHALAT VE TİCARET LİMİTED ŞİRKETİ,0.001397425831576382,0.7218934911242603,13,1,1,1,0.0,0.0,-6.572986679073802
firm_bicm_pb_mobs_fdr0.05,KONSALTUS BİLİŞİM DANIŞMANLIK ELEKTRONİK LİMİTED ŞİRKETİ,0.0013946771720652613,0.5657439446366782,34,4,2,10,0.6931471805599453,2.302585092994046,-6.574955291391165
firm_bicm_pb_mobs_fdr0.05,NETKUR BİLGİ TEKNOLOJİLERİ İLETİŞİM YAZILIM SANAYİ VE TİCARET LİMİTED ŞİRKETİ,0.0013869193999874524,0.6388888888888888,12,1,2,2,0.6931471805599453,0.6931471805599453,-6.580532467049308
firm_bicm_pb_mobs_fdr0.05,KIRAS GÜVENLİK SİSTEMLERİ TİCARET LİMİTED ŞİRKETİ,0.0013839752827373918,0.10110803324099737,38,2,3,3,1.0986122886681098,1.0986122886681098,-6.582657204826326
firm_bicm_pb_mobs_fdr0.05,CAZ BİLİŞİM HİZMETLERİ TİCARET ANONİM ŞİRKETİ,0.0013432469765632074,0.0,11,2,5,7,1.6094379124341003,1.9459101490553132,-6.61252321649345
firm_bicm_pb_mobs_fdr0.05,NETUCE BİLİŞİM TİCARET LİMİTED ŞİRKETİ,0.0013385409007431594,0.42000000000000004,30,2,3,5,1.0986122886681098,1.6094379124341003,-6.616032375485799
firm_bicm_pb_mobs_fdr0.05,EDUSANO BİLİŞİM YAZILIM TANITIM VE TASARIM HİZMETLERİ SANAYİ VE TİCARET LİMİTED ŞİRKETİ,0.0013313893022195366,0.2551020408163266,14,5,4,10,1.3862943611198906,2.302585092994046,-6.62138876417959
firm_bicm_pb_mobs_fdr0.05,ZİRVEDEKİ BEYİNLER BİLİŞİM EĞİTİM ÖĞRETİM HİZMETLERİ İNŞAAT TURİZM BASIM YAYIN DAĞITIM SANAYİ VE TİCARET LİMİTED ŞİRKETİ,0.0013286070865540399,0.28393351800554023,38,3,3,6,1.0986122886681098,1.791759469228055,-6.62348035871863
firm_bicm_pb_mobs_fdr0.05,İMS YAZILIM OTOMASYO N SİSTEMLERİ ELEKT.S AN VE TİC.LTD.ŞTİ.,0.001317585074420315,0.375,4,2,2,2,0.6931471805599453,0.6931471805599453,-6.631809673743135
firm_bicm_pb_mobs_fdr0.05,ÜLKEM İNŞAAT MADENCİLİK VE ELEKTRONİK SANAYİ TİCARET ANONİM ŞİRKETİ,0.0013159704577674354,0.29877551020408155,35,3,3,3,1.0986122886681098,1.0986122886681098,-6.633035683626476
firm_bicm_pb_mobs_fdr0.05,SOLARİS YAZILIM BİLGSİS.DON.TEK.İTH.İH.SA.VE Tİ.LTD.,0.0013051072693441455,0.14201183431952646,13,2,3,3,1.0986122886681098,1.0986122886681098,-6.641323623053701
firm_bicm_pb_mobs_fdr0.05,ODAKENT ALTYAPI VE ÇEVRE ÇÖZÜMLERİ MÜHENDİSLİK MÜŞAVİRLİK ARAŞTIRMA VE GELİŞTİRME TİC LİMİTED ŞİRKETİ,0.0013027089121623741,0.6419753086419753,9,3,3,3,1.0986122886681098,1.0986122886681098,-6.643162714635771
firm_bicm_pb_mobs_fdr0.05,ZİRVE 7 DANIŞMANLIK EĞİTİM DENETİM ORGANİZESYON LOJİSTİK İNŞAAT VE TİCARET LİMİTED ŞİRKETİ,0.001281913953343539,0.375,4,1,1,1,0.0,0.0,-6.659251973076607
firm_bicm_pb_mobs_fdr0.05,CEREN TANITIM ORGANİ ZASYON VE TİC.LT D.ŞTİ.,0.0012782322136212928,0.3044982698961938,17,1,3,3,1.0986122886681098,1.0986122886681098,-6.662127740660686
firm_bicm_pb_mobs_fdr0.05,ETGİ GRUP BİLİŞİM TEKNOLOJİLERİ YAZILIM DONANIM BİLGİSAYAR MİMARLIK MÜHENDİSLİK İNŞAAT TAAHHÜT İTHALAT İHRACAT TİCARET ANONİM ŞİRKETİ,0.001277555828835438,0.711111111111111,15,1,2,5,0.6931471805599453,1.6094379124341003,-6.662656957992472
firm_bicm_pb_mobs_fdr0.05,ALGAN YAZILIM VE BİLİŞİM MAKİNA ELEKTRONİK HAYVANCILIK TİCARET LİMİTED ŞİRKETİ,0.0012723660257965407,0.40625,8,2,3,3,1.0986122886681098,1.0986122886681098,-6.666726912053581
firm_bicm_pb_mobs_fdr0.05,BETA BİLGİ TEKNOLOJİLERİ İNŞAAT SANAYİ VE TİCARET LİMİTED ŞİRKETİ,0.001268925352864851,0.44628099173553715,22,3,3,4,1.0986122886681098,1.3862943611198906,-6.669434321094511
firm_bicm_pb_mobs_fdr0.05,İKOL BİLİŞİM TEKNOLOJİ SANAYİ VE TİCARET LİMİTED ŞİRKETİ,0.001266025423010879,0.6331360946745561,26,2,3,3,1.0986122886681098,1.0986122886681098,-6.671721934697124
firm_bicm_pb_mobs_fdr0.05,MOBİSİS TEKNOLOJİ ANONİM ŞİRKETİ,0.001259805134551032,0.38842975206611574,22,2,2,2,0.6931471805599453,0.6931471805599453,-6.676646540493033
firm_bicm_pb_mobs_fdr0.05,GÜLTAŞ YAZILIM HARİTA SANAYİ TİCARET LİMİTED ŞİRKETİ,0.0012544078044265418,0.7479338842975207,22,3,5,7,1.6094379124341003,1.9459101490553132,-6.680939349539758
firm_bicm_pb_mobs_fdr0.05,SCT BİLİŞİM SİSTEMLERİ LTD.ŞTİ.,0.0012511548462819033,0.09972299168975085,19,3,4,8,1.3862943611198906,2.0794415416798357,-6.683535543906359
firm_bicm_pb_mobs_fdr0.05,"ENTEGRES BİLİŞİM TEKNOLOJİLERİ LİMİTED ŞİRKETİ, NETRA TELEKOMÜNİKASY ON VE İLETİŞİM HİZ.S AN.TİC.LTD.ŞTİ.",0.0012383599718946813,0.13265306122448983,14,2,2,2,0.6931471805599453,0.6931471805599453,-6.69381306690458
firm_bicm_pb_mobs_fdr0.05,APRON TEKNOLOJİ ANONİM ŞİRKETİ,0.0012348627573870135,0.21875,8,2,2,2,0.6931471805599453,0.6931471805599453,-6.696640694530249
firm_bicm_pb_mobs_fdr0.05,PSEUDONYM_635,0.0012272331462657325,0.5,2,1,1,1,0.0,0.0,-6.702837407895965
firm_bicm_pb_mobs_fdr0.05,İMKA BİLGİ İŞLEM DANIŞMANLIK ARŞİV KÜTÜPHANE VE DOKÜMANTASYON HİZMETLERİ SANAYİ TİCARET LİMİTED ŞİRKETİ,0.0012185209442639635,0.586888657648283,31,2,7,10,1.9459101490553132,2.302585092994046,-6.709960673120828
firm_bicm_pb_mobs_fdr0.05,KOZHAN BİLİŞİM TEKNOLOJİLERİ SANAYİ VE TİCARET LİMİTED ŞİRKETİ,0.0012092402382413753,0.5800000000000001,10,3,4,4,1.3862943611198906,1.3862943611198906,-6.7176049920069705
firm_bicm_pb_mobs_fdr0.05,DORUK HARİTA İNŞAATMÜH.TİC.LTD.ŞTİ.,0.001206935624298028,0.8571428571428572,7,1,1,1,0.0,0.0,-6.7195123450007825
firm_bicm_pb_mobs_fdr0.05,XLOOP BİLİŞİM TEKNOLOJİLERİ SANAYİ VE TİCARET LİMİTED ŞİRKETİ,0.0012027721223330406,0.703125,16,2,2,3,0.6931471805599453,1.0986122886681098,-6.722967407818308
firm_bicm_pb_mobs_fdr0.05,NETİKET BİLGİ TEKNOLOJİLERİ LİMİTED ŞİRKETİ,0.001193655618528906,0.21875,8,2,3,3,1.0986122886681098,1.0986122886681098,-6.7305746423809545
firm_bicm_pb_mobs_fdr0.05,GEMİNİ BÜRO SİS.VE DON.LTD.ŞTİ.,0.0011934322291297435,0.7346938775510204,7,2,3,3,1.0986122886681098,1.0986122886681098,-6.73076177720899
firm_bicm_pb_mobs_fdr0.05,TEKOBEL TEKNOLOJİ HİZM.İMAL.İTH.İHRASAN.TİC.LTD.ŞTİ.,0.0011823823312673335,0.0,5,3,4,15,1.3862943611198906,2.70805020110221,-6.740062334829513
firm_bicm_pb_mobs_fdr0.05,BOZDAĞLAR YEMEK NAK.TEM.İNŞ.TURİZM SANAYİ VE TİC.LTD.ŞTİ,0.001179477589439814,0.0,6,1,1,2,0.0,0.6931471805599453,-6.742521645200419
firm_bicm_pb_mobs_fdr0.05,PSEUDONYM_434,0.001179477589439814,0.0,6,1,1,1,0.0,0.0,-6.742521645200419
firm_bicm_pb_mobs_fdr0.05,PSEUDONYM_211,0.001179477589439814,0.0,6,2,1,2,0.0,0.6931471805599453,-6.742521645200419
firm_bicm_pb_mobs_fdr0.05,PSEUDONYM_345,0.001179477589439814,0.0,6,1,1,1,0.0,0.0,-6.742521645200419
firm_bicm_pb_mobs_fdr0.05,MAİNTY TEKNOLOJİ ANONİM ŞİRKETİ,0.0011767617441664658,0.19024970273483943,29,3,3,3,1.0986122886681098,1.0986122886681098,-6.744826509532305
firm_bicm_pb_mobs_fdr0.05,DONAN BİLİŞİM ELEKTRONİK TEKSTİL SAĞLIK HİZMETLERİ İNŞAAT SANAYİ VE DIŞ TİCARET LİMİTED ŞİRKETİ,0.0011763998010717403,0.29166666666666663,12,3,5,5,1.6094379124341003,1.6094379124341003,-6.745134082396411
firm_bicm_pb_mobs_fdr0.05,GÖKDOĞAN LOJİSTİK OTOMOTİV SANAYİ VE TİCARET ANONİM ŞİRKETİ,0.0011660014377191704,0.5,6,3,3,3,1.0986122886681098,1.0986122886681098,-6.7540110715340305
firm_bicm_pb_mobs_fdr0.05,REF-SAN İZOLASYON SA N.TİC.LTD.ŞTİ.,0.0011592139472866234,0.5370370370370371,18,2,2,2,0.6931471805599453,0.6931471805599453,-6.759848289206494
firm_bicm_pb_mobs_fdr0.05,TECHPLUS BİLGİ TEKNOLOJİLERİ LTD.ŞTİ.,0.0011578700134379997,0.3571428571428572,14,2,2,2,0.6931471805599453,0.6931471805599453,-6.761008119725976
firm_bicm_pb_mobs_fdr0.05,PRİZMA PERSONEL DESTEK HİZMETLERİ LİMİTED ŞİRKETİ,0.001135845623984182,0.31404958677685935,11,3,4,4,1.3862943611198906,1.3862943611198906,-6.780209625120387
firm_bicm_pb_mobs_fdr0.05,ITSEC BİLİŞİM SİSTEMLERİ VE DANIŞMANLIK HİZMETLERİ LİMİTED ŞİRKETİ,0.0011332172650834443,0.0,16,3,3,7,1.0986122886681098,1.9459101490553132,-6.782525927084327
firm_bicm_pb_mobs_fdr0.05,PSEUDONYM_428,0.00113321528155911,0.375,4,1,1,1,0.0,0.0,-6.782527677138516
firm_bicm_pb_mobs_fdr0.05,ŞAH BİLG.BÜRO MAK.MEEĞİT.GEREÇ.SAN.TİC.LTD.ŞTİ.,0.0011261633441493907,0.5,6,1,3,3,1.0986122886681098,1.0986122886681098,-6.788769010446308
firm_bicm_pb_mobs_fdr0.05,ZEG TEKNOLOJİ BİLİŞİM SİSTEMLERİ YAZILIM DONANIM DANIŞMANLIK HİZMETLERİ ANONİM ŞİRKETİ,0.0011237445338316166,0.6419753086419753,9,4,5,5,1.6094379124341003,1.6094379124341003,-6.790918787718841
firm_bicm_pb_mobs_fdr0.05,MERGEN YAZILIM ANONİM ŞİRKETİ,0.0011228632872508817,0.0,5,3,18,25,2.8903717578961645,3.2188758248682006,-6.7917031673660455
firm_bicm_pb_mobs_fdr0.05,COMPAREX TURKEY BİLİŞİM TEKNOLOJİLERİ TİC.A.Ş.,0.0011082763151514555,0.6000000000000001,20,1,1,1,0.0,0.0,-6.804776917983488
firm_bicm_pb_mobs_fdr0.05,AYFORM OFSET KAĞITÇILIK AMBALAJ MALZEMELERİ ELEKTRİK ELEKTRONİK MATBAACILIK İNŞAAT TAAHHÜT MÜHENDİSLİK İMALAT SANAYİ VE TİCARET LTD.ŞTİ.,0.0011082763151514555,0.6000000000000001,20,1,1,1,0.0,0.0,-6.804776917983488
firm_bicm_pb_mobs_fdr0.05,AKER BÜRO MAK. BİL. KIRTASİYE GIDA İNŞ. PROJE VE SAN. TİC. LTD.ŞTİ.,0.0011082763151514555,0.6000000000000001,20,1,1,1,0.0,0.0,-6.804776917983488
firm_bicm_pb_mobs_fdr0.05,DATASERV BİLİŞİM TE KNOLOJ.SINAİ EKİ PMAN VE TİC.A.Ş.,0.0011082763151514555,0.6000000000000001,20,1,1,1,0.0,0.0,-6.804776917983488
firm_bicm_pb_mobs_fdr0.05,SUBNET ELEKTRONİK ALTYAPI SİSTEMLERİTİC.LTD.ŞTİ.,0.0011082763151514555,0.6000000000000001,20,1,1,1,0.0,0.0,-6.804776917983488
firm_bicm_pb_mobs_fdr0.05,PSEUDONYM_614,0.0011048689647025274,0.691358024691358,9,3,3,3,1.0986122886681098,1.0986122886681098,-6.807855581472441
firm_bicm_pb_mobs_fdr0.05,KONİCA MİNOLTA TURKEY İŞ TEKNOLOJİLERİ ANONİM ŞİRKETİ,0.001101169488953765,0.650887573964497,13,1,1,1,0.0,0.0,-6.811208957615031
firm_bicm_pb_mobs_fdr0.05,CODEX YAZILIM HİZMETLERİ TİCARET LİMİTED ŞİRKETİ.,0.001101169488953765,0.650887573964497,13,3,1,6,0.0,1.791759469228055,-6.811208957615031
firm_bicm_pb_mobs_fdr0.05,TCHEALTH BİLGİ TEKNOLOJİLERİ ANONİM ŞİRKETİ,0.0010981252653172516,0.7346938775510204,7,3,3,4,1.0986122886681098,1.3862943611198906,-6.8139768418293665
firm_bicm_pb_mobs_fdr0.05,ÇEKİNO BİLGİ TEKNOLOJİLERİ ANONİM ŞİRKETİ,0.0010881097694032862,0.3062381852551985,23,4,4,4,1.3862943611198906,1.3862943611198906,-6.823137627473497
firm_bicm_pb_mobs_fdr0.05,PROVİS BİLGİ SİSTEMLERİ YAZILIM DONANIM HİZMETLERİ İLETİŞİM DANIŞMANLIK PAZARLAMA SANAYİ TİCARET LİMİTED ŞİRKETİ,0.001086916326003167,0.5306122448979591,14,2,2,2,0.6931471805599453,0.6931471805599453,-6.824234840823377
firm_bicm_pb_mobs_fdr0.05,ERCANLAR DAYANIKLI TÜKETİM MALLARI VE KIRTASİYE TURİZM TİCARET SANAYİ LİMİTED ŞİRKETİ,0.0010783682871205607,0.46366782006920404,17,1,2,2,0.6931471805599453,0.6931471805599453,-6.8321290221099185
firm_bicm_pb_mobs_fdr0.05,ATLANTİS DOĞU BİLGİSAYAR İNŞ.MEDİKAL SANTİC LTD ŞTİ,0.0010743434637381722,0.21875,8,5,3,5,1.0986122886681098,1.6094379124341003,-6.8358676681087855
firm_bicm_pb_mobs_fdr0.05,UZMAN BİLİŞİM DANIŞMANLIK ANONİM ŞİRKETİ,0.0010693587057863392,0.653061224489796,28,2,5,8,1.6094379124341003,2.0794415416798357,-6.840517454254071
firm_bicm_pb_mobs_fdr0.05,ZAFER BÜRO MAKİNALARI SANAYİ VE TİCARET LTD.ŞTİ.,0.0010682873347831136,0.5972222222222221,12,3,3,3,1.0986122886681098,1.0986122886681098,-6.841519659056624
firm_bicm_pb_mobs_fdr0.05,PROMİS PROSES KONT.VE YÖN.BİLGİ.SİSTLTD.ŞTİ.,0.0010629147460072142,0.19024970273483943,29,2,3,4,1.0986122886681098,1.3862943611198906,-6.846560604576144
firm_bicm_pb_mobs_fdr0.05,GEOPOS HARİTA İNŞAAT SANAYİ DIŞ TİCARET LİMİTED ŞİRKETİ,0.0010537299205734848,0.31404958677685935,11,1,1,1,0.0,0.0,-6.855237757561455
firm_bicm_pb_mobs_fdr0.05,PSEUDONYM_623,0.0010537299205734848,0.31404958677685935,11,1,1,1,0.0,0.0,-6.855237757561455
firm_bicm_pb_mobs_fdr0.05,PSEUDONYM_158,0.0010537299205734848,0.31404958677685935,11,1,1,1,0.0,0.0,-6.855237757561455
firm_bicm_pb_mobs_fdr0.05,V.R.P VERİ RAPORLAMAPROG.BİL.YAZ.VEDAN.HİZ.TİC.A.Ş,0.0010512719920813772,0.5817174515235457,19,2,2,2,0.6931471805599453,0.6931471805599453,-6.857572656524931
firm_bicm_pb_mobs_fdr0.05,TEKOBİZ ELEKTRONİK VE TEKNİK SANAYİTİCARET LTD.ŞTİ.,0.001050113427863041,0.375,12,3,4,5,1.3862943611198906,1.6094379124341003,-6.858675123150051
firm_bicm_pb_mobs_fdr0.05,BİLİCİSOFT BİLİŞİM VE SAVUNMA TEKNOLOJİLERİ SANAYİ TİC.LTD.ŞTİ.,0.0010203014544892457,0.40816326530612246,7,3,3,6,1.0986122886681098,1.791759469228055,-6.887469864299269
firm_bicm_pb_mobs_fdr0.05,KRİZMA BİLGİSAYAR YAZILIM SİSTEMLERİ SAN.LTD.ŞTİ.,0.001020266104730048,0.2975206611570247,11,2,3,4,1.0986122886681098,1.3862943611198906,-6.887504504798165
firm_bicm_pb_mobs_fdr0.05,ELMER YAZILIM DANIŞMANLIK VE TİCARET LİMİTED ŞİRKETİ,0.0010151511080090155,0.6584362139917697,27,2,2,2,0.6931471805599453,0.6931471805599453,-6.892529565140041
firm_bicm_pb_mobs_fdr0.05,ALKAN GÜVENLİK TEMİZ İNŞ.GI.TA.SOS.Hİ SAN.VE TİC.LTD.Ş,0.0010086362547128455,0.16528925619834722,11,2,2,2,0.6931471805599453,0.6931471805599453,-6.89896665011893
firm_bicm_pb_mobs_fdr0.05,ÇAĞDAŞ MÜTEAHHİTLİK VE İNŞAAT TEMİZLİK TAAHHÜT HİZMETLERİ GIDA SANAYİ TİCARET LİMİTED ŞİRKETİ,0.0009990705127569822,0.375,4,1,2,2,0.6931471805599453,0.6931471805599453,-6.908493931424738
firm_bicm_pb_mobs_fdr0.05,"İSBAK İST.ULAŞIM HABVE GÜVENLİK TEKNSAN.VE TİC.A.Ş., ANKA COĞRAFİ BİLGİ TEKNOLOJİLERİ SANAYİTİC.LTD.ŞTİ. İş Ortaklığı",0.0009958891695886582,0.29861111111111105,24,1,1,1,0.0,0.0,-6.911682704103915
firm_bicm_pb_mobs_fdr0.05,İ-AKADEMİ SİAS BİLİŞİM PROJE DANIŞMANLIK ÖZEL EĞİTİM TERCÜMANLIK ELEKTRONİK SANAYİ VE TİCARET LİMİTED ŞİRKETİ,0.0009958891695886582,0.29861111111111105,24,1,1,1,0.0,0.0,-6.911682704103915
firm_bicm_pb_mobs_fdr0.05,BARIŞ İLETİŞİM HİZMETLERİ VE MALZEMELERİ SANAYİ VE TİCARET LİMİTED ŞİRKETİ,0.0009958891695886582,0.29861111111111105,24,1,1,1,0.0,0.0,-6.911682704103915
firm_bicm_pb_mobs_fdr0.05,ÖLÇEN HARİTA İNŞAAT MÜHENDİSLİK SAN. VE TİC.LTD.ŞTİ.,0.0009958891695886582,0.29861111111111105,24,1,1,1,0.0,0.0,-6.911682704103915
firm_bicm_pb_mobs_fdr0.05,C SİSTEM BİLİŞİM LİMİTED ŞİRKETİ,0.0009958891695886582,0.29861111111111105,24,1,1,1,0.0,0.0,-6.911682704103915
firm_bicm_pb_mobs_fdr0.05,DÜNYA HARİTA MÜHENDİ SLİK İNŞ.TAAH.SA N.TİC.LTD.ŞTİ,0.0009958891695886582,0.29861111111111105,24,1,1,2,0.0,0.6931471805599453,-6.911682704103915
firm_bicm_pb_mobs_fdr0.05,GÜÇSAN MAK.SAN.VE TİC.LTD.ŞTİ.,0.0009958891695886582,0.29861111111111105,24,1,1,1,0.0,0.0,-6.911682704103915
firm_bicm_pb_mobs_fdr0.05,EKİM HARİTA İNŞAAT TURİZM SAN.VE TİC.LTD.ŞTİ.,0.0009958891695886582,0.29861111111111105,24,1,1,1,0.0,0.0,-6.911682704103915
firm_bicm_pb_mobs_fdr0.05,VODAFONE TELEKOMÜNİKASYON A.Ş,0.0009958891695886582,0.29861111111111105,24,1,1,1,0.0,0.0,-6.911682704103915
firm_bicm_pb_mobs_fdr0.05,PSEUDONYM_523,0.0009958891695886582,0.29861111111111105,24,1,1,2,0.0,0.6931471805599453,-6.911682704103915
firm_bicm_pb_mobs_fdr0.05,DDI TEKNOLOJİ VE BİL İŞİM ÇÖZÜMLERİ L TD.ŞTİ.,0.0009958655075664635,0.24,15,1,3,3,1.0986122886681098,1.0986122886681098,-6.911706459521816
firm_bicm_pb_mobs_fdr0.05,AKIN GÜVENLİK SİSTEMLERİ BİLGİSAYAR İNŞAAT MADENCİLİK SANAYİ VE TİCARET LİMİTED ŞİRKETİ,0.0009936276169071653,0.5,6,1,1,1,0.0,0.0,-6.913955737713596
firm_bicm_pb_mobs_fdr0.05,MC TEK BİLGİSAYAR MÜHENDİSLİK ARAŞTIRMA GELİŞTİRME PROJE DANIŞMANLIK HİZMETLERİ TELEKOMÜNİKASYON VE ÜRETİM PAZARLAMA İÇ VE DIŞ TİCARET LİMİTED ŞİRKETİ,0.0009859253242670656,0.640625,16,3,4,6,1.3862943611198906,1.791759469228055,-6.921736125339167
firm_bicm_pb_mobs_fdr0.05,EGE TETA ELEKTRONİKSAN.VE TİC.LTD.ŞTİ.,0.0009832396718633207,0.29629629629629617,18,2,3,3,1.0986122886681098,1.0986122886681098,-6.924463304513154
firm_bicm_pb_mobs_fdr0.05,PSEUDONYM_695,0.0009776330710261204,0.35199999999999987,25,1,2,5,0.6931471805599453,1.6094379124341003,-6.930180680611544
firm_bicm_pb_mobs_fdr0.05,RAPTOR TEKNOLOJİ VE MÜHENDİSLİK LİMİTED ŞİRKETİ,0.0009776330710261204,0.35199999999999987,25,1,2,4,0.6931471805599453,1.3862943611198906,-6.930180680611544
firm_bicm_pb_mobs_fdr0.05,SAYKOM ELEK HABERLEŞ GÜVE SİS İTH İHR SAN VE TİC LTD ŞTİ,0.0009730547043796673,0.0,11,2,6,13,1.791759469228055,2.5649493574615367,-6.934873874676759
firm_bicm_pb_mobs_fdr0.05,BEAM TEKNOLOJİ ANONİM ŞİRKETİ,0.0009665391224780317,0.4526748971193415,27,2,2,3,0.6931471805599453,1.0986122886681098,-6.941591077631657
firm_bicm_pb_mobs_fdr0.05,SEFKOM BİL.İŞ.BİLG.İLT.REK.EĞT.TEKS.SAN.VE TİC.LTD.ŞTİ.,0.0009626822970167997,0.0,3,1,1,1,0.0,0.0,-6.945588614253415
firm_bicm_pb_mobs_fdr0.05,ORAN TEKNOLOJİ YAZILIM DANIŞMANLIK VE EĞİTİM LTD ŞTİ,0.0009602581180891519,0.29072315558802053,37,4,4,6,1.3862943611198906,1.791759469228055,-6.9481094395931935
firm_bicm_pb_mobs_fdr0.05,OLGU BİLGİSAYAR SİST EMLERİ SANAYİ Tİ CARET LTD.ŞTİ.,0.0009579633450816552,0.0,6,3,22,25,3.091042453358316,3.2188758248682006,-6.950501568960812
firm_bicm_pb_mobs_fdr0.05,EFENDİ BİLİŞİM VE MÜHENDİSLİK LİMİTED ŞİRKETİ,0.000956120297051646,0.5625,8,2,2,2,0.6931471805599453,0.6931471805599453,-6.952426960936271
firm_bicm_pb_mobs_fdr0.05,YORDAM BİLİŞİM TEKNOLOJİ DANIŞMANLIK EĞİTİM VE ELEKTRONİK SİSTEMLERİ SANAYİ TİCARET ANONİM ŞİRKETİ,0.0009496093168647238,0.650887573964497,13,2,6,6,1.791759469228055,1.791759469228055,-6.959258675016652
firm_bicm_pb_mobs_fdr0.05,KAYNAK BİLİŞİM KURUM SAL TİCARET VE SANAY İ A.Ş.,0.0009477533468999151,0.40625,8,2,2,3,0.6931471805599453,1.0986122886681098,-6.9612146497920016
firm_bicm_pb_mobs_fdr0.05,İNTERVA BİLİŞİM HİZMETLERİ LİMİTED ŞİRKETİ,0.0009447846979799873,0.6115702479338844,11,1,1,1,0.0,0.0,-6.964351233425837
firm_bicm_pb_mobs_fdr0.05,AFM TEKNOLOJİ İÇECEK NAKLİYE DANIŞMANLIK. AŞ,0.000943851655382171,0.6784,25,2,2,2,0.6931471805599453,0.6931471805599453,-6.965339093142289
firm_bicm_pb_mobs_fdr0.05,YENİTEKNOLOJİ BİLİŞİM HİZMETLERİ SANAYİ VE TİCARET LİMİTED ŞİRKETİ.,0.000929336785560658,0.6938775510204083,7,1,1,1,0.0,0.0,-6.980833742541211
firm_bicm_pb_mobs_fdr0.05,RENKLAM MEDYA İLETİŞİM VE TİC.LTD.ŞTİ.,0.0009272983769375118,0.485207100591716,13,1,2,2,0.6931471805599453,0.6931471805599453,-6.983029101040768
firm_bicm_pb_mobs_fdr0.05,PANO EĞİTİM DANIŞMANLIK ORGANİZASYON TURİZM VE SEYAHAT TİCARET LİMİTED ŞİRKETİ,0.0009268958714043417,0.4444444444444444,3,1,1,1,0.0,0.0,-6.983463168384369
firm_bicm_pb_mobs_fdr0.05,PANATES BİLİŞİM VE TEKNOLOJİ SAN.TİC.LTD.ŞTİ.,0.0009224374554011519,0.4444444444444444,3,2,43,150,3.7612001156935624,5.0106352940962555,-6.988283828141232
firm_bicm_pb_mobs_fdr0.05,PRODEA BİLGİ TEKNOLOJİLERİ DANIŞMANLIK A.Ş.,0.0009199424819648516,0.20370370370370372,18,2,2,2,0.6931471805599453,0.6931471805599453,-6.990991692482309
firm_bicm_pb_mobs_fdr0.05,TEKNOMAK2000 ELEKTRONİK OFİS MALZ.SAN.VE TİC.LTD.ŞTİ,0.0009090114493794137,0.31404958677685935,11,2,3,7,1.0986122886681098,1.9459101490553132,-7.002942653719285
firm_bicm_pb_mobs_fdr0.05,UTE MÜHENDİSLİK MİMARLIK İNŞAAT SANAYİ VE TİCARET LİMİTED ŞİRKETİ,0.000907511384601582,0.53125,8,1,1,1,0.0,0.0,-7.004593884882352
firm_bicm_pb_mobs_fdr0.05,İNFO KENT ANALİZ BİLGİ Sİ.Bİ.YA.EN.TU.MAİN.SAN.VE TİC.LTD.ŞT,0.000901450804133721,0.7755102040816326,7,1,3,3,1.0986122886681098,1.0986122886681098,-7.011293110437713
firm_bicm_pb_mobs_fdr0.05,İŞ YAZILIM DONANIM ELEKT DAN TEL KI TU ME İN İT İH S V T L Ş,0.0008994230368863342,0.7933884297520661,11,5,41,46,3.713572066704308,3.828641396489095,-7.013544614988813
firm_bicm_pb_mobs_fdr0.05,GELİŞİM YÖNETİM SİSTEMLERİ A.Ş.,0.0008993553418423507,0.13991769547325095,27,1,2,2,0.6931471805599453,0.6931471805599453,-7.013619866797072
firm_bicm_pb_mobs_fdr0.05,ÜNİNET TELEKOM BİLGİSAYAR TELEKOMÜNİKASYON İLETİŞİM ELEKTRONİK MEDİKAL VE TIBBİ CİHAZLAR PAZARLAMA İTHALAT İHRACAT SANAYİ VE TİCARET LİMİTED ŞİRKETİ,0.0008989595590685178,0.31404958677685935,11,1,2,2,0.6931471805599453,0.6931471805599453,-7.014059943980387
firm_bicm_pb_mobs_fdr0.05,UTARİT BİLİŞİM HİZMETLERİ SANAYİ VE TİCARET A.Ş.,0.0008922157405542363,0.0,6,3,4,4,1.3862943611198906,1.3862943611198906,-7.021588421644202
firm_bicm_pb_mobs_fdr0.05,MLG BİLİŞİM ANONİM ŞİRKETİ,0.0008912514059075152,0.4999999999999999,14,3,3,3,1.0986122886681098,1.0986122886681098,-7.022669605696458
firm_bicm_pb_mobs_fdr0.05,NETTO BİLİŞİM DANIŞMANLIK TİCARET LİMİTED ŞİRKETİ,0.0008883381194744836,0.6328125,16,3,3,3,1.0986122886681098,1.0986122886681098,-7.025943016131232
firm_bicm_pb_mobs_fdr0.05,ADALYA İLETİŞİM TEKNOLOJİ GÜVENLİK SİSTEMLERİ VE BİLGİSAYAR TİCARET LİMİTED ŞİRKETİ,0.0008853754723633653,0.24489795918367352,7,2,3,3,1.0986122886681098,1.0986122886681098,-7.0292829145218185
firm_bicm_pb_mobs_fdr0.05,VENTURA YAZILIM ANONİM ŞİRKETİ,0.0008852139516286553,0.4444444444444444,3,3,45,104,3.8066624897703196,4.6443908991413725,-7.029465323693818
firm_bicm_pb_mobs_fdr0.05,AYS ELEKTRONİK BELGE YÖNETİM SİSTEMLERİ TİCARET LİMİTED ŞİRKETİ,0.0008800048363307894,0.41666666666666663,12,1,2,2,0.6931471805599453,0.6931471805599453,-7.03536601179176
firm_bicm_pb_mobs_fdr0.05,AVD TEKNOLOJİK ÇÖZÜMLER SANAYİ VE TİCARET LİMİTED ŞİRKETİ,0.0008787505522228153,0.2650000000000001,20,2,2,2,0.6931471805599453,0.6931471805599453,-7.036792033631031
firm_bicm_pb_mobs_fdr0.05,ATOS BİLİŞİM VE DANIŞMANLIK ANONİM ŞİRKETİ,0.0008661145418350704,0.21875,8,3,2,3,0.6931471805599453,1.0986122886681098,-7.051272767824239
firm_bicm_pb_mobs_fdr0.05,BİLGİ SİSTEMLERİ SANAYİ VE TİCARET ANONİM ŞİRKETİ,0.0008653478596932434,0.0,6,2,3,4,1.0986122886681098,1.3862943611198906,-7.052158161565181
firm_bicm_pb_mobs_fdr0.05,AY ELEKTRONİK BİLGİS AYAR VE MÜH.HİZ. TİC.LTD.ŞTİ.,0.0008620165814273546,0.31999999999999984,5,2,9,17,2.1972245773362196,2.833213344056216,-7.056014377847893
firm_bicm_pb_mobs_fdr0.05,NASA TEKNİK SERVİS BİLGİSAYAR YAZILIM DANIŞMANLIK İNŞAAT GÜVENLİK TİC.VE SAN.LTD.ŞTİ.,0.0008615862458265553,0.0,8,2,4,4,1.3862943611198906,1.3862943611198906,-7.05651361142495
firm_bicm_pb_mobs_fdr0.05,BİLGE ADAM YAZILIM VE TEKNOLOJİ ANONİM ŞİRKETİ,0.0008556567750689241,0.6015625,16,4,3,6,1.0986122886681098,1.791759469228055,-7.063417904850432
firm_bicm_pb_mobs_fdr0.05,MATRİS BİLİŞİM TEKNOLOJİLERİ TİCARET ANONİM ŞİRKETİ,0.000854162840910303,0.38842975206611574,22,2,2,2,0.6931471805599453,0.6931471805599453,-7.065164990500197
firm_bicm_pb_mobs_fdr0.05,İLTELİS İLERİ TEKNOLOJİ ELEKTRONİK VE İLETİŞİM SİSTEMLERİ MÜHENDİSLİK BİLGİSAYAR SANAYİ VE TİCARET LİMİTED ŞİRKETİ,0.0008476637319672401,0.31999999999999984,5,2,2,2,0.6931471805599453,0.6931471805599453,-7.072801116655245
firm_bicm_pb_mobs_fdr0.05,A VE G ARAŞTIRMA LTDŞTİ.,0.0008429647719454063,0.4600000000000001,10,1,2,2,0.6931471805599453,0.6931471805599453,-7.078358706638234
firm_bicm_pb_mobs_fdr0.05,VAS CX DENEYİM İŞ GELİŞTİRME LİMİTED ŞİRKETİ,0.0008414914733798985,0.1527777777777779,24,3,2,3,0.6931471805599453,1.0986122886681098,-7.080107597081629
firm_bicm_pb_mobs_fdr0.05,MOTTO BİLGİ İŞLEM HİZMETLERİ VE TİCARET ANONİM ŞİRKETİ,0.0008398308867508496,0.0,5,2,3,3,1.0986122886681098,1.0986122886681098,-7.082082482793719
firm_bicm_pb_mobs_fdr0.05,GEOSYS COĞRAFİ BİLGİ SİSTEMLERİ VE ŞEHİR PLANLAMA ELEKTRONİK BİLİŞİM MÜHENDİSLİK VE MÜŞAVİRLİK İNŞAAT REKLAMCILIK SANAYİ VE TİCARET LİMİTED ŞİRKETİ,0.0008363249965556707,0.5025566106647188,37,1,2,2,0.6931471805599453,0.6931471805599453,-7.0862647859682
firm_bicm_pb_mobs_fdr0.05,PSEUDONYM_111,0.0008268651595093963,0.40625,8,2,2,2,0.6931471805599453,0.6931471805599453,-7.097637827714074
firm_bicm_pb_mobs_fdr0.05,FUJIFILM DIŞ TİCARET ANONİM ŞİRKETİ,0.0008262705661678612,0.551984877126654,23,1,1,1,0.0,0.0,-7.0983570135813805
firm_bicm_pb_mobs_fdr0.05,AGREDOR BİLİŞİM TEKNOLOJİLERİ SANAYİ VE TİCARET LTD.ŞTİ.,0.0008262705661678612,0.551984877126654,23,1,1,1,0.0,0.0,-7.0983570135813805
firm_bicm_pb_mobs_fdr0.05,DEVİNİM YAZILIM DONA NIM EĞİTİM TİCAR ET VE SAN.LTD.ŞT,0.0008262705661678612,0.551984877126654,23,1,1,1,0.0,0.0,-7.0983570135813805
firm_bicm_pb_mobs_fdr0.05,EPLATFORM BULUT BİLİŞİM A.Ş.,0.0008262705661678612,0.551984877126654,23,1,1,1,0.0,0.0,-7.0983570135813805
firm_bicm_pb_mobs_fdr0.05,ADASOFT DANIŞMANLIKVE YAZ.HİZ.TİC.LTD.ŞTİ.,0.0008262705661678612,0.551984877126654,23,2,1,2,0.0,0.6931471805599453,-7.0983570135813805
firm_bicm_pb_mobs_fdr0.05,KYOCERA BİLGİTAŞ TURKEY DOKÜMAN ÇÖZÜMLERİ A.Ş.,0.0008262705661678612,0.551984877126654,23,1,1,1,0.0,0.0,-7.0983570135813805
firm_bicm_pb_mobs_fdr0.05,KODFU BİLİŞİM ANONİM ŞİRKETİ,0.0008262705661678612,0.551984877126654,23,1,1,1,0.0,0.0,-7.0983570135813805
firm_bicm_pb_mobs_fdr0.05,KETS BİLGİSAYAR ELEKTRO. İLET.HİZ.SAN.VE TİC.LTD.ŞTİ,0.0008262705661678612,0.551984877126654,23,1,1,1,0.0,0.0,-7.0983570135813805
firm_bicm_pb_mobs_fdr0.05,MERİT İLETİŞİM TEKNOLOJİLERİ TİCARET VE SANAYİ ANONİM ŞİRKETİ,0.0008260225434402169,0.31404958677685935,11,1,2,2,0.6931471805599453,0.6931471805599453,-7.0986571605319675
firm_bicm_pb_mobs_fdr0.05,MEYSA TEKNİK TAAHHÜT MÜHENDİSLİK PROJE İNŞAAT EĞİTİM VE ÖĞRETİM HİZMETLERİ LİMİTED ŞİRKETİ,0.0008229648069224741,0.0,4,2,2,2,0.6931471805599453,0.6931471805599453,-7.102364928742136
firm_bicm_pb_mobs_fdr0.05,AYRO TEKNOLOJİ YAZIL IM DANIŞMANLIK VE EĞ İT.TİC.LTD.ŞTİ.,0.0008178658905419404,0.24489795918367352,14,2,2,2,0.6931471805599453,0.6931471805599453,-7.108578543985976
firm_bicm_pb_mobs_fdr0.05,MOSK BİLİŞİM TEKNOLOJİLERİ SANAYİ VE TİCARET LİMİTED ŞİRKETİ,0.0008172365341956061,0.6666666666666667,6,2,3,3,1.0986122886681098,1.0986122886681098,-7.109348170752354
firm_bicm_pb_mobs_fdr0.05,LOKUS BİLİŞİM TEKNOLOJİLERİ SAN VE TİC LTD ŞTİ.,0.0008165878934667277,0.31999999999999984,5,1,2,2,0.6931471805599453,0.6931471805599453,-7.110142000303622
firm_bicm_pb_mobs_fdr0.05,NELİT İLERİ TEKNOLOJİ ANONİM ŞİRKETİ,0.000815536859086031,0.0,23,2,2,2,0.6931471805599453,0.6931471805599453,-7.111429632818223
firm_bicm_pb_mobs_fdr0.05,PSEUDONYM_662,0.0008131098747949289,0.5864197530864197,18,1,1,1,0.0,0.0,-7.114409304957644
firm_bicm_pb_mobs_fdr0.05,ARGOSIA TEKNOLOJİ DANIŞMANLIK YAZ.PAZ.TİC.LTD.ŞTİ.,0.0008131098747949289,0.5864197530864197,18,1,1,1,0.0,0.0,-7.114409304957644
firm_bicm_pb_mobs_fdr0.05,KENT-YOL ŞİŞ.BL.TK.MD.İNŞ.ZEM.ET.TR TEM.HZ.GD.RK.OT.VE MET.TES.CİH.İST.EĞT.VE SAĞ.HZM.ÜR.PAZ.İŞ.DI.TİC.A.Ş,0.0008131098747949289,0.5864197530864197,18,1,1,1,0.0,0.0,-7.114409304957644
firm_bicm_pb_mobs_fdr0.05,KARAT BİLİŞİM TEKNOLOJİLERİ SANAYİ VE TİCARET ANONİM ŞİRKETİ,0.0008131098747949289,0.5864197530864197,18,1,1,1,0.0,0.0,-7.114409304957644
firm_bicm_pb_mobs_fdr0.05,NETCORE BİLİŞİM HİZMETLERİ ANONİM ŞİRKETİ,0.0008131098747949289,0.5864197530864197,18,1,1,1,0.0,0.0,-7.114409304957644
firm_bicm_pb_mobs_fdr0.05,BİLGİS BİLGİ TEKNOLOJİLERİ ANONİM ŞİRKETİ,0.0008131098747949289,0.5864197530864197,18,1,1,1,0.0,0.0,-7.114409304957644
firm_bicm_pb_mobs_fdr0.05,GLOBAL FORTE BİLİŞİM TEKNOLOJİLERİ VE DANIŞMANLIK ANONİM ŞİRKETİ,0.000812859959145634,0.6122448979591837,7,1,2,2,0.6931471805599453,0.6931471805599453,-7.114716637741359
firm_bicm_pb_mobs_fdr0.05,ŞAMPİYON SOSYAL HİZMETLER ÇEVRE TEMİZLİK DAĞITIM GIDA TİCARET LİMİTED ŞİRKETİ,0.0008079943741332811,0.5,16,3,4,4,1.3862943611198906,1.3862943611198906,-7.120718969264651
firm_bicm_pb_mobs_fdr0.05,HOLYUM YAZILIM DONANIM MÜHENDİSLİK DANIŞMANLIK SANAYİ VE TİCARET LİMİTED ŞİRKETİ,0.0008074518223583573,0.14201183431952646,13,2,2,5,0.6931471805599453,1.6094379124341003,-7.121390515564283
firm_bicm_pb_mobs_fdr0.05,NETIX BİLİŞİM TEKNOLOJİLERİ YAZILIM DANIŞMANLIK EĞİTİM VE İLETİŞİM HİZMETLERİ SANAYİ TİCARET LİMİTED ŞİRKETİ,0.000803963707178387,0.21875,8,1,2,2,0.6931471805599453,0.6931471805599453,-7.125718751705638
firm_bicm_pb_mobs_fdr0.05,DİGİTEK BİLİŞİM HİZMETLERİ ANONİM ŞİRKETİ,0.0008020459409268568,0.8203125,16,3,3,3,1.0986122886681098,1.0986122886681098,-7.1281064221197905
firm_bicm_pb_mobs_fdr0.05,ANALİTİK BİLİŞİM YAZILIM DANIŞMANLIK EĞİTİM HİZMETLERİ TİCARET LİMİTED ŞİRKETİ.,0.0007962538101460582,0.40625,8,1,2,2,0.6931471805599453,0.6931471805599453,-7.135352586456826
firm_bicm_pb_mobs_fdr0.05,"ABİSENA BİLGİ TEKNOLOJİLERİ ANONİM ŞİRKETİ, ÇAĞLAYAN BİLGİ TEKNOLOJİLERİ SANAYİ TİCARET LİMİTED ŞİRKETİ İş Ortaklığı",0.0007917054335114353,0.0,2,1,1,1,0.0,0.0,-7.141079804672069
firm_bicm_pb_mobs_fdr0.05,EVREN BİLGİSAYAR MEDKIR.PVC.DOĞ.İNŞ.GID.SN.T.LTD.ŞTİ,0.0007909064424167262,0.0,9,5,12,19,2.4849066497880004,2.9444389791664403,-7.142089272953852
firm_bicm_pb_mobs_fdr0.05,SMARTİKS YAZILIM A.Ş.,0.0007903587131467823,0.3933333333333333,30,2,2,2,0.6931471805599453,0.6931471805599453,-7.142781879032815
firm_bicm_pb_mobs_fdr0.05,G TEKNOLOJİ BİLİŞİM SANAYİ VE TİCARET ANONİM ŞİRKETİ,0.0007903587131467823,0.3933333333333333,30,1,2,3,0.6931471805599453,1.0986122886681098,-7.142781879032815
firm_bicm_pb_mobs_fdr0.05,GELİŞİM TİCARİ YAZILIM LİMİTED ŞİRKETİ,0.0007894082549992755,0.4608,25,1,1,1,0.0,0.0,-7.143984877170238
firm_bicm_pb_mobs_fdr0.05,ARNECA DANIŞMANLIK VE TİC.LTD.ŞTİ.,0.0007894082549992755,0.4608,25,1,1,1,0.0,0.0,-7.143984877170238
firm_bicm_pb_mobs_fdr0.05,SMARTİKS BİLGİ TEKNOLOJİSİ HİZ.A.Ş.,0.0007894082549992755,0.4608,25,2,1,2,0.0,0.6931471805599453,-7.143984877170238
firm_bicm_pb_mobs_fdr0.05,ONASOR BİLGİ TEKNOLOJİLERİ İNTERNET HİZMETLERİ YAZILIM SANAYİ VE TİCARET LİMİTED ŞİRKETİ,0.0007894082549992755,0.4608,25,1,1,1,0.0,0.0,-7.143984877170238
firm_bicm_pb_mobs_fdr0.05,PLANB ORGANİZASYON HALKLA İLİŞKİLER REKLAM VE TURİZM SANAYİ TİCARET LİMİTED ŞİRKETİ.,0.0007894082549992755,0.4608,25,1,1,1,0.0,0.0,-7.143984877170238
firm_bicm_pb_mobs_fdr0.05,MATBUU BASKI VE İNTERNET HİZMETLERİ ORGANİZASYON LİMİTED ŞİRKETİ,0.0007894082549992755,0.4608,25,1,1,1,0.0,0.0,-7.143984877170238
firm_bicm_pb_mobs_fdr0.05,UNİCOM UNİVERSAL BİL GİSAYAR HİZ.TİC. LTD.ŞTİ.,0.0007885096975608567,0.0,2,1,4,5,1.3862943611198906,1.6094379124341003,-7.145123516769887
firm_bicm_pb_mobs_fdr0.05,TEKBİZ TEKNOLOJİ ÜRÜNLERİ VE ELEKTRONİK SANAYİ TİCARET LİMİTED ŞİRKETİ,0.0007885096975608565,0.0,4,1,2,4,0.6931471805599453,1.3862943611198906,-7.145123516769887
firm_bicm_pb_mobs_fdr0.05,DURANOĞULLARI OR.ÜR.GID.KO.MO.İ.NA.TTİC SAN.LTD.ŞTİ.,0.0007885096975608565,0.0,4,1,2,2,0.6931471805599453,0.6931471805599453,-7.145123516769887
firm_bicm_pb_mobs_fdr0.05,PSEUDONYM_055,0.0007885096975608564,0.0,2,2,1,2,0.0,0.6931471805599453,-7.145123516769888
firm_bicm_pb_mobs_fdr0.05,PSEUDONYM_266,0.0007885096975608564,0.0,2,1,1,1,0.0,0.0,-7.145123516769888
firm_bicm_pb_mobs_fdr0.05,BİLBAN BİGİSAYR.EĞT. LTD.ŞTİ.,0.0007885096975608564,0.0,2,2,2,2,0.6931471805599453,0.6931471805599453,-7.145123516769888
firm_bicm_pb_mobs_fdr0.05,TMARKA MULTİMEDYA GRAFİK İLETİŞİM BİLİŞİM DANIŞMANLIK VE REKLAM HİZMETLERİ LİMİTED ŞİRKETİ,0.0007885096975608564,0.6666666666666667,6,1,2,2,0.6931471805599453,0.6931471805599453,-7.145123516769888
firm_bicm_pb_mobs_fdr0.05,KADIOĞLU BİLGİ İŞLEM AŞ,0.0007885096975608564,0.0,2,2,2,2,0.6931471805599453,0.6931471805599453,-7.145123516769888
firm_bicm_pb_mobs_fdr0.05,KARDELEN BİLİŞİM TEKNOLOJİLERİ SANAYİ VE TİCARET LİMİTED ŞİRKETİ,0.0007885096975608564,0.0,2,3,5,5,1.6094379124341003,1.6094379124341003,-7.145123516769888
firm_bicm_pb_mobs_fdr0.05,MEDDATA BİLİŞİM İLET İŞİM SİS.PRO.DAN .MED.TİC.VE S.LT,0.0007885096975608564,0.0,2,2,2,2,0.6931471805599453,0.6931471805599453,-7.145123516769888
firm_bicm_pb_mobs_fdr0.05,ARMASİS BİLGİ TEKNOLOJİLERİ İLETİŞİM SANVE TİC.LTD.ŞTİ,0.0007885096975608564,0.0,3,2,2,2,0.6931471805599453,0.6931471805599453,-7.145123516769888
firm_bicm_pb_mobs_fdr0.05,NKT TEKNOLOJİ DAĞITIM TİCARET LİMİTED ŞİRKETİ,0.0007885096975608564,0.0,7,2,3,3,1.0986122886681098,1.0986122886681098,-7.145123516769888
firm_bicm_pb_mobs_fdr0.05,SPİDYA YAZILIM ANONİM ŞİRKETİ,0.0007885096975608564,0.0,5,2,2,2,0.6931471805599453,0.6931471805599453,-7.145123516769888
firm_bicm_pb_mobs_fdr0.05,METEK GÜVENLİK SİSTEMLERİ BİLİŞİM İÇ VE DIŞ TİC.LTD.ŞTİ.,0.0007885096975608564,0.0,2,2,3,3,1.0986122886681098,1.0986122886681098,-7.145123516769888
firm_bicm_pb_mobs_fdr0.05,VADORA YAZILIM BİLİŞİM EĞİTİM DANIŞMANLIK TİCARET A.Ş.,0.0007885096975608564,0.0,3,1,12,15,2.4849066497880004,2.70805020110221,-7.145123516769888
firm_bicm_pb_mobs_fdr0.05,FERAM TURİZM ORGANİZASYON NAKLİYE SERVİS TAŞIMACILIĞI İNŞAAT TEMİZLİK PERSONEL HİZMETLERİ SANAYİ VE TİCARET LİMİTED ŞİRKETİ,0.0007885096975608564,0.0,3,3,2,4,0.6931471805599453,1.3862943611198906,-7.145123516769888
firm_bicm_pb_mobs_fdr0.05,AÇILIM OTOMASYON YAZ ILIM DON.BİLG.İNTERN ET HİZM.TİC.LTD.ŞTİ.,0.0007885096975608564,0.0,2,1,3,3,1.0986122886681098,1.0986122886681098,-7.145123516769888
firm_bicm_pb_mobs_fdr0.05,BEYAZ BİLGİSAYAR YAZILIM MÜH.SAN.VETİC.LTD.ŞTİ.,0.0007885096975608564,0.0,2,2,3,3,1.0986122886681098,1.0986122886681098,-7.145123516769888
firm_bicm_pb_mobs_fdr0.05,PSEUDONYM_602,0.0007885096975608564,0.0,3,1,3,3,1.0986122886681098,1.0986122886681098,-7.145123516769888
firm_bicm_pb_mobs_fdr0.05,DONAN TEKNOLOJİ ÇÖZÜMLERİ PROJE ARGE VE DANIŞMANLIK TİCARET LİMİTED ŞİRKETİ,0.0007885096975608564,0.0,9,1,4,4,1.3862943611198906,1.3862943611198906,-7.145123516769888
firm_bicm_pb_mobs_fdr0.05,PSEUDONYM_344,0.0007885096975608564,0.0,5,2,3,3,1.0986122886681098,1.0986122886681098,-7.145123516769888
firm_bicm_pb_mobs_fdr0.05,SECURİTAS TEKNOLOJİ HİZMETLERİ TİCARET ANONİM ŞİRKETİ,0.0007885096975608564,0.0,3,1,2,2,0.6931471805599453,0.6931471805599453,-7.145123516769888
firm_bicm_pb_mobs_fdr0.05,MTA GÜVENLİK SİSTEMLERİ VE BİLİŞİM TEKNOLOJİLERİ TİCARET SANAYİ LİMİTED ŞİRKETİ,0.0007885096975608564,0.6122448979591837,7,1,3,3,1.0986122886681098,1.0986122886681098,-7.145123516769888
firm_bicm_pb_mobs_fdr0.05,ER-MA SOSYAL HİZMETLER ÖZEL GÜVENLİK GIDA İNŞAAT NAKLİYAT TAAHHÜT VE TİCARET LİMİTED ŞİRKETİ,0.0007885096975608564,0.0,4,2,2,2,0.6931471805599453,0.6931471805599453,-7.145123516769888
firm_bicm_pb_mobs_fdr0.05,PİTON BİLGİSAYAR TEKEĞİTİM DANIŞMANLIK LTD.ŞTİ.,0.0007885096975608564,0.0,37,4,5,7,1.6094379124341003,1.9459101490553132,-7.145123516769888
firm_bicm_pb_mobs_fdr0.05,GISLAND BİLİŞİM TİCARET LİMİTED ŞİRKETİ,0.0007885096975608564,0.0,10,1,2,2,0.6931471805599453,0.6931471805599453,-7.145123516769888
firm_bicm_pb_mobs_fdr0.05,UNITEDWIT BİLİŞİM MÜHENDİSLİK DANIŞMANLIK İÇ VE DIŞ TİCARET SANAYİ LİMİTED ŞİRKETİ,0.0007885096975608564,0.0,11,2,2,2,0.6931471805599453,0.6931471805599453,-7.145123516769888
firm_bicm_pb_mobs_fdr0.05,ISSD BİLİŞİM ELEKTRONİK EĞİTİM SANAYİ VE TİCARET ANONİM ŞİRKETİ,0.0007885096975608561,0.0,2,2,3,3,1.0986122886681098,1.0986122886681098,-7.145123516769888
firm_bicm_pb_mobs_fdr0.05,NETSERVİS BİLGİSAYAR SİSTEMLERİ TİCARET A.Ş.,0.0007884771187645677,0.7160493827160495,9,2,2,2,0.6931471805599453,0.6931471805599453,-7.145164824536992
firm_bicm_pb_mobs_fdr0.05,TAN OTOMASYON ELEKTRİK İNŞAAT VE YANGIN SÖNDÜRME SİSTEMLERİ SANAYİ VE TİCARET LTD.ŞTİ,0.0007869848868586925,0.5510204081632653,14,1,1,1,0.0,0.0,-7.147058707615412
firm_bicm_pb_mobs_fdr0.05,DNA MEDYA ORGANİZASY ON DANIŞMANLIK S AN.VE TİC.LTD.ŞT,0.0007869848868586925,0.5510204081632653,14,1,1,1,0.0,0.0,-7.147058707615412
firm_bicm_pb_mobs_fdr0.05,NETPRO BİLGİSAYAR BÜRO MAKİNALARI ELEKTRONİK SANAYİ VE ÖZEL EĞİTİM HİZMETLERİ TİCARET LİMİTED ŞİRKETİ,0.0007869848868586925,0.5510204081632653,14,1,1,3,0.0,1.0986122886681098,-7.147058707615412
firm_bicm_pb_mobs_fdr0.05,İLKE OTOMOTİV DANIŞM ANLIK BİLGİSAYAR DIŞ TİC.LTD.ŞTİ.,0.0007869848868586925,0.5510204081632653,14,1,1,1,0.0,0.0,-7.147058707615412
firm_bicm_pb_mobs_fdr0.05,GOLD TEKNİK İNŞAAT BİLGİ TEKNOLOJİLERİ SANAYİ LİMİTED ŞİRKETİ,0.0007829029404039537,0.4600000000000001,10,1,1,1,0.0,0.0,-7.152257756873569
firm_bicm_pb_mobs_fdr0.05,PSEUDONYM_466,0.0007829029404039537,0.4600000000000001,10,1,1,2,0.0,0.6931471805599453,-7.152257756873569
firm_bicm_pb_mobs_fdr0.05,ALTUS BİLİŞİM HİZMETLERİ ANONİM ŞİRKETİ,0.0007767215490343363,0.3356009070294784,21,2,4,8,1.3862943611198906,2.0794415416798357,-7.1601826250203615
firm_bicm_pb_mobs_fdr0.05,SİBEREUM BİLGİ GÜVENLİĞİ VE DANIŞMANLIĞI TİCARET LİMİTED ŞİRKETİ,0.0007737035861770557,0.7755102040816326,7,1,1,2,0.0,0.6931471805599453,-7.164074748263853
firm_bicm_pb_mobs_fdr0.05,OSEM İNŞAAT TEKNOLOJİ SANAYİ VE TİCARET LİMİTED ŞİRKETİ,0.0007688751981289676,0.375,4,1,1,1,0.0,0.0,-7.170333368942943
firm_bicm_pb_mobs_fdr0.05,HİGHTECHNOLOGY BİLİŞİM SİSTEMLERİ LİMİTED ŞİRKETİ,0.0007671847651756255,0.30458060678167764,41,2,2,2,0.6931471805599453,0.6931471805599453,-7.172533820947215
firm_bicm_pb_mobs_fdr0.05,AMC-PRO SİSTEM ENTEGRASYON SANAYİ VE TİC.LTD.ŞTİ.,0.0007671847651756255,0.30458060678167764,41,2,2,3,0.6931471805599453,1.0986122886681098,-7.172533820947215
firm_bicm_pb_mobs_fdr0.05,ARIKAN GRUP GIDA DANIŞMANLIĞI SERBEST GIDA MÜŞAVİRLİĞİ MÜHENDİSLİK HİZMETLERİ BİLİŞİM TEKNOLOJİLERİ GIDA TARIM VE HAYVANCILIK LİMİTED ŞİRKETİ,0.0007641895550221114,0.0,7,2,2,2,0.6931471805599453,0.6931471805599453,-7.176444643459893
firm_bicm_pb_mobs_fdr0.05,ARTI TELEKOMÜNİKASYON ELEKTRİK ELEKTRONİK İNŞAAT TURİZM SANAYİ VE TİCARET LİMİTED ŞİRKETİ,0.0007583444093475421,0.6666666666666667,6,1,1,1,0.0,0.0,-7.184120935111084
firm_bicm_pb_mobs_fdr0.05,KENT ATM YAPI GAYRİMENKUL SANAYİ TİCARET ANONİM ŞİRKETİ,0.0007583444093475421,0.6666666666666667,6,1,1,1,0.0,0.0,-7.184120935111084
firm_bicm_pb_mobs_fdr0.05,NOKTA İŞLER YAZILIM REKLAMCILIK EĞİTİM DANIŞMANLIK LİMİTED ŞİRKETİ,0.0007583444093475421,0.6666666666666667,6,1,1,1,0.0,0.0,-7.184120935111084
firm_bicm_pb_mobs_fdr0.05,E.M.N.EĞİTİM CİHAZLARI SANAYİ VE TİCARET LİMİTED ŞİRKETİ,0.0007563927204134898,0.6599999999999999,10,1,2,2,0.6931471805599453,0.6931471805599453,-7.186697220629703
firm_bicm_pb_mobs_fdr0.05,ERSEL İNŞAAT İMAR PLANLAMA MÜH.VE TİC.LTD.ŞTİ.,0.0007555256957554465,0.6015999999999999,25,1,6,6,1.791759469228055,1.791759469228055,-7.1878438507839535
firm_bicm_pb_mobs_fdr0.05,MAS İNSAN KAYNAKLARI İNŞAAT TURİZM TEKSTİL SANAYİ VE TİCARET LİMİTED ŞİRKETİ,0.0007554313147236643,0.8333333333333334,6,1,1,2,0.0,0.6931471805599453,-7.187968748001347
firm_bicm_pb_mobs_fdr0.05,CAN EROĞLU BİLGİ SİSTEMLERİ İNŞAAT SANAYİ VE TİCARET LİMİTED ŞİRKETİ,0.0007474542396310996,0.5,2,2,4,7,1.3862943611198906,1.9459101490553132,-7.198581827229282
firm_bicm_pb_mobs_fdr0.05,DOĞUSAN BÜRO MAKİNALARI BİLGİSAYAR KIRTASİYE TEMİZLİK MOBİLYA SANAYİ VE TİCARET LİMİTED ŞİRKETİ,0.0007446284400515746,0.0,2,1,1,1,0.0,0.0,-7.202368586926179
firm_bicm_pb_mobs_fdr0.05,TOSHIBA TURKEY TIBBİ SİSTEMLER ANONİM ŞİRKETİ,0.0007440696879883156,0.0,3,1,1,1,0.0,0.0,-7.2031190529330225
firm_bicm_pb_mobs_fdr0.05,SİSTEM ARENA KURUMSAL BİLİŞİM VE DANIŞMANLIK HİZMETLERİ ANONİM ŞİRKETİ,0.0007424773979003757,0.0,8,1,2,3,0.6931471805599453,1.0986122886681098,-7.205260769685198
firm_bicm_pb_mobs_fdr0.05,ACRONET BİLİŞİM VE İLETİŞİM TEKNOLOJİLERİ TİCARET LİMİTED ŞİRKETİ,0.0007383205988529565,0.6428571428571428,14,1,1,1,0.0,0.0,-7.210873604541045
firm_bicm_pb_mobs_fdr0.05,BAMMA TEKNOLOJİ ANONİM ŞİRKETİ,0.0007383205988529565,0.6428571428571428,14,1,1,2,0.0,0.6931471805599453,-7.210873604541045
firm_bicm_pb_mobs_fdr0.05,ARMA 1 SOSYAL VE PERSONEL HİZMETLERİ TEMİZLİK SAĞLIK TAŞIMACILIK BİLİŞİM GIDA SPOR TEKSTİL İMALAT SANAYİ VE TİCARET LİMİTED ŞİRKETİ,0.0007383205988529565,0.6428571428571428,14,1,1,1,0.0,0.0,-7.210873604541045
firm_bicm_pb_mobs_fdr0.05,NET SOLUTİONS BİLİŞİM EĞİTİM DANIŞMANLIK SN.VETC.LTD,0.0007383205988529565,0.6428571428571428,14,1,1,1,0.0,0.0,-7.210873604541045
firm_bicm_pb_mobs_fdr0.05,GÜL TEKNOOFİS BİLGİSAYAR KIRTASİYE İNŞAAT TEMİZLİK GIDA TARIM PAZARLAMA İMALAT İTHALAT İHRACAT SANAYİ VE TİCARET LİMİTED ŞİRKETİ,0.0007382617467121531,0.31999999999999984,5,1,1,1,0.0,0.0,-7.210953297910002
firm_bicm_pb_mobs_fdr0.05,EMSE ELEKTRO MEKANİK SİSTEMLER ENDÜSTRİSİ MÜHENDİSLİK SANAYİ VE TİCARET ANONİM ŞİRKETİ.,0.0007382617467121531,0.31999999999999984,5,1,1,1,0.0,0.0,-7.210953297910002
firm_bicm_pb_mobs_fdr0.05,EYÖNTEM EĞİTİM VE DANIŞMANLIK ANONİM ŞİRKETİ,0.0007342410451477643,0.5625,8,2,3,3,1.0986122886681098,1.0986122886681098,-7.216412938727542
firm_bicm_pb_mobs_fdr0.05,PSEUDONYM_090,0.0007191923289437067,0.5,2,1,1,1,0.0,0.0,-7.237116051042479
firm_bicm_pb_mobs_fdr0.05,PSEUDONYM_327,0.000714328668860017,0.37037037037037035,9,1,1,1,0.0,0.0,-7.243899882325205
firm_bicm_pb_mobs_fdr0.05,İPEK HIRDAVAT DEMİR ÇELİK ELEKTRONİK TAAHHÜT TİCARET VE SANAYİ LİMİTED ŞİRKETİ,0.000714328668860017,0.37037037037037035,9,1,1,1,0.0,0.0,-7.243899882325205
firm_bicm_pb_mobs_fdr0.05,FORMANT BİLİŞİM TEKNOLOJİLERİ SANAYİ VE TİCARET LİMİTED ŞİRKETİ,0.0007132609776245077,0.0,2,1,1,1,0.0,0.0,-7.245395277946389
firm_bicm_pb_mobs_fdr0.05,TBİM BİLŞİM TEKNOLOJİLERİ SANAYİ VE TİCARET LİMİTED ŞİRKETİ,0.0007064880815581946,0.78,10,1,1,1,0.0,0.0,-7.254933758705637
firm_bicm_pb_mobs_fdr0.05,SEPRA EĞİTİM DANIŞMANLIK TARIM İMAR VE KENTSEL DÖNÜŞÜM ANONİM ŞİRKETİ,0.0007064880815581946,0.78,10,1,1,1,0.0,0.0,-7.254933758705637
firm_bicm_pb_mobs_fdr0.05,TBİM BİLİŞİM TEKNOLOJİLERİ SANAYİ VE TİCARET LİMİTED ŞİRKETİ,0.0007064880815581946,0.78,10,1,1,1,0.0,0.0,-7.254933758705637
firm_bicm_pb_mobs_fdr0.05,TİGA BİLİŞİMVE MEDYAHİZMETLERİ LTD ŞTİ,0.000700303454887273,0.7257617728531857,19,2,2,3,0.6931471805599453,1.0986122886681098,-7.263723954638113
firm_bicm_pb_mobs_fdr0.05,SESASİS BİLGİ TEKNOLOJİLERİ YAZILIM EĞİTİM DANIŞMANLIK ENERJİ İNŞAAT TAAHHÜT İTHALAT İHRACAT SANAYİ VE TİCARET LİMİTED ŞİRKETİ,0.0006996729096240547,0.47530864197530864,18,1,2,2,0.6931471805599453,0.6931471805599453,-7.264624502990548
firm_bicm_pb_mobs_fdr0.05,YALÇINLAR ELEKTRONİK SANAYİ VE TİC.LT D.ŞTİ.,0.0006944697388505365,0.615702479338843,22,2,4,4,1.3862943611198906,1.3862943611198906,-7.2720868223150825
firm_bicm_pb_mobs_fdr0.05,KALİTE BİLGİSAYAR İLETİŞİM ELEK.ELEKT.TİC.LTD.ŞTİ.,0.0006940506274334863,0.2777777777777777,6,1,1,1,0.0,0.0,-7.272690336824158
firm_bicm_pb_mobs_fdr0.05,LİTERA BİLİŞİM TEKNOLOJİLERİ SANAYİ VE Tİ CARET LİMİTED ŞİRKETİ,0.0006907488852666423,0.40816326530612246,14,3,12,14,2.4849066497880004,2.6390573296152584,-7.27745757906213
firm_bicm_pb_mobs_fdr0.05,WID TİCARET VE SANAYİ ANONİM ŞİRKETİ,0.0006822893527944503,0.1527777777777779,12,1,1,1,0.0,0.0,-7.289776660866017
firm_bicm_pb_mobs_fdr0.05,"ANKAREF İNOVASYON VE TEKNOLOJİ ANONİM ŞİRKETİ, ORDULU BİLGİ TEKNOLOJİLERİ ANONİM ŞİRKETİ İş Ortaklığı",0.0006822893527944503,0.1527777777777779,12,1,1,1,0.0,0.0,-7.289776660866017
firm_bicm_pb_mobs_fdr0.05,"ANKAREF İNOVASYON VE TEKNOLOJİ ANONİM ŞİRKETİ, ERBUL BİLGİ TEKNOLOJİLERİ ANONİM ŞİRKETİ İş Ortaklığı",0.0006822893527944503,0.1527777777777779,12,1,1,1,0.0,0.0,-7.289776660866017
firm_bicm_pb_mobs_fdr0.05,YILDIZ TEKNOLOJİ TRANSFER OFİSİ ANONİM ŞİRKETİ,0.0006822893527944503,0.1527777777777779,12,1,1,2,0.0,0.6931471805599453,-7.289776660866017
firm_bicm_pb_mobs_fdr0.05,"3M BİLİŞİM TEKNOLOJİLERİ LİMİTED ŞİRKETİ, ANKAREF BİLİŞİM TEKN OLOJİLERİ MÜH İM SAN TİC LTD ŞTİ, UDEA UZMAN DENEYSEL ELEK.ARA.DAN.SAN .VE TİC.LTD.ŞTİ. Ortak Girişimi",0.0006822893527944503,0.1527777777777779,12,1,1,1,0.0,0.0,-7.289776660866017
firm_bicm_pb_mobs_fdr0.05,ÖZGÜR YAZILIM BİLİŞİM EĞİTİM TİCARET AN ONİM ŞİRKETİ,0.0006749604330861007,0.5025510204081631,28,2,2,2,0.6931471805599453,0.6931471805599453,-7.300573387662357
firm_bicm_pb_mobs_fdr0.05,SİBERUS BİLGİ TEKNOLOJİLERİ YAZILIM DANIŞMANLIK EĞİTİM BİLGİSAYAR TİCARET LİMİTED ŞİRKETİ,0.0006738888470099004,0.375,4,2,2,2,0.6931471805599453,0.6931471805599453,-7.302161827163436
firm_bicm_pb_mobs_fdr0.05,CEN-KA ELEKTRİK ELEKTRONİK TURİZM İNŞAAT SANAYİ VE TİCARET LİMİTED ŞİRKETİ,0.0006702024654613219,0.6,10,1,1,2,0.0,0.6931471805599453,-7.3076455956587365
firm_bicm_pb_mobs_fdr0.05,SOME PROJE MÜHENDİSLİK TİCARET LİMİTED ŞİRKETİ,0.0006702024654613219,0.6,10,1,1,1,0.0,0.0,-7.3076455956587365
firm_bicm_pb_mobs_fdr0.05,CAPTURE BİLGİSAYAR BİLİŞİM VE İSTİHDAM HİZMETLERİ SANAYİ TİCARET LİMİTED ŞİRKETİ,0.0006702024654613219,0.6,10,1,1,1,0.0,0.0,-7.3076455956587365
firm_bicm_pb_mobs_fdr0.05,PRİNTER CENTER BİLİŞİM ELEKTRONİK VE GÜÇ SİSTEMLERİ SANAYİ VE TİCARET LİMİTED ŞİRKETİ,0.0006685761411455698,0.53125,8,1,1,1,0.0,0.0,-7.310074467664179
firm_bicm_pb_mobs_fdr0.05,YENTEK MODEL TASARIM MÜHENDİSLİK TURİZM LİMİTED ŞİRKETİ,0.0006685761411455698,0.53125,8,1,1,1,0.0,0.0,-7.310074467664179
firm_bicm_pb_mobs_fdr0.05,SAPPROF YAZILIM VE DANIŞMANLIK HİZMETLERİ LİMİTED ŞİRKETİ,0.0006681578735902504,0.1171875,16,2,2,2,0.6931471805599453,0.6931471805599453,-7.310700094007854
firm_bicm_pb_mobs_fdr0.05,PRIMEIT BİLİŞİM VE YAZILIM HİZMETLERİ ANONİM ŞİRKETİ,0.0006681157822338777,0.477508650519031,17,3,4,4,1.3862943611198906,1.3862943611198906,-7.310763074102137
firm_bicm_pb_mobs_fdr0.05,2C BİLGİ TEKNOLOJİLERİ LİMİTED ŞİRKETİ,0.0006649517672135566,0.4693877551020408,14,1,1,1,0.0,0.0,-7.315508691136294
firm_bicm_pb_mobs_fdr0.05,PEYK LOJİSTİK SANAYİ VE TİCARET ANONİM ŞİRKETİ,0.0006649517672135566,0.4693877551020408,14,1,1,1,0.0,0.0,-7.315508691136294
firm_bicm_pb_mobs_fdr0.05,MİRAKIL VERİ İŞLEME YAZILIM DONANIM EĞİTİM DANIŞMANLIK TİCARET LİMİTED ŞİRKETİ,0.0006649517672135566,0.4693877551020408,14,1,1,1,0.0,0.0,-7.315508691136294
firm_bicm_pb_mobs_fdr0.05,PRODA YAZILIM BİLİŞİM DONANIM TEKNOLOJİLER ELEKTRONİK İLETİŞİM TERCÜME SANAYİ TİCARET LİMİTED ŞİRKETİ,0.0006649517672135566,0.4693877551020408,14,1,1,1,0.0,0.0,-7.315508691136294
firm_bicm_pb_mobs_fdr0.05,FENER TEKNOLOJİ VE BİLİŞİM DANIŞMANLIK ANONİM ŞİRKETİ,0.0006647994454037319,0.54,10,1,2,2,0.6931471805599453,0.6931471805599453,-7.315737723513527
firm_bicm_pb_mobs_fdr0.05,İNTERSİS YAZILIM VE BİLİŞİM TEKNOLOJİLERİ SANAYİ VE TİCARET ANONİM ŞİRKETİ,0.0006640643128965355,0.2777777777777777,6,2,3,3,1.0986122886681098,1.0986122886681098,-7.316843813126542
firm_bicm_pb_mobs_fdr0.05,ALTAR ELEKTRONİK TEK NOLOJİ SAN.VE Tİ C.LTD.ŞTİ.,0.000663517326107277,0.5408,25,2,5,5,1.6094379124341003,1.6094379124341003,-7.317667610880544
firm_bicm_pb_mobs_fdr0.05,METSİS BİLİŞİM SANAYİ VE TİCARET LİMİTED ŞİRKETİ,0.0006556766739463694,0.3062381852551985,23,1,2,2,0.6931471805599453,0.6931471805599453,-7.329551341951496
firm_bicm_pb_mobs_fdr0.05,ŞEHREMİNİ ŞEHİR KURUMLARI SİYASETİ VE YÖNETİM HİZMETLERİ A.Ş.,0.0006536068933586125,0.7551020408163266,14,1,2,2,0.6931471805599453,0.6931471805599453,-7.3327121213484805
firm_bicm_pb_mobs_fdr0.05,DATASEC BİLİŞİM ÇÖZÜ MLERİ YAZ.İNŞ.SA N.TİC.LTD.ŞTİ.,0.0006507753277383143,0.3053061224489795,35,1,2,2,0.6931471805599453,0.6931471805599453,-7.337052475801814
firm_bicm_pb_mobs_fdr0.05,MORTEN BİLGİ VE İLETİŞİM HİZMETLERİ ANONİM ŞİRKETİ,0.0006460391622007343,0.5802469135802468,18,1,2,3,0.6931471805599453,1.0986122886681098,-7.34435466299422
firm_bicm_pb_mobs_fdr0.05,MEKANSAL PLANLAMA MİMARLIK MÜHENDİSLİK PROJE BİLİŞİM İNŞAAT TAAHHÜT SANAYİ VE TİCARET LİMİTED ŞİRKETİ,0.0006442502939603494,0.38888888888888884,30,2,4,5,1.3862943611198906,1.6094379124341003,-7.347126660591626
firm_bicm_pb_mobs_fdr0.05,NOKTA BİLGİSAYAR EĞİTİM VE DANIŞMANLIK İNŞAAT TEKSTİL GIDA OTOMOTİV MEDİKAL TİCARET VE SANAYİ LİMİTED ŞİRKETİ.,0.0006410253402420159,0.4444444444444444,6,1,1,1,0.0,0.0,-7.352143485999869
firm_bicm_pb_mobs_fdr0.05,KUTNAY BİLGİ SİSTEML ERİ DAN.ORG.SAN. PAZ.VE TİC.LTD.Ş,0.0006384636678241263,0.054012345679012475,36,1,1,1,0.0,0.0,-7.356146507229346
firm_bicm_pb_mobs_fdr0.05,MOBİS BİLİŞİM ELEKTR ONİK PROJE DAN.İ N.SAN.VE D.T.LŞ.,0.0006384636678241263,0.054012345679012475,36,1,1,1,0.0,0.0,-7.356146507229346
firm_bicm_pb_mobs_fdr0.05,MOBVEN TEKNOLOJİ ANONİM ŞİRKETİ,0.0006384636678241263,0.054012345679012475,36,1,1,2,0.0,0.6931471805599453,-7.356146507229346
firm_bicm_pb_mobs_fdr0.05,NASA BİLGİ İŞLEM ÜRÜ NLERİ İTH.İHR.VE TİC.LTD.ŞTİ.,0.0006384636678241263,0.054012345679012475,36,1,1,1,0.0,0.0,-7.356146507229346
firm_bicm_pb_mobs_fdr0.05,TEKNOBİM BİLGİ SİSTE MLERİ SANAYİ VE TİC.LTD.ŞTİ.,0.0006384636678241263,0.054012345679012475,36,1,1,4,0.0,1.3862943611198906,-7.356146507229346
firm_bicm_pb_mobs_fdr0.05,PİOMAK OTOMASYON MAK SAN.VE TİC.A.Ş.,0.0006384636678241263,0.054012345679012475,36,1,1,1,0.0,0.0,-7.356146507229346
firm_bicm_pb_mobs_fdr0.05,PSEUDONYM_142,0.0006384636678241263,0.054012345679012475,36,1,1,1,0.0,0.0,-7.356146507229346
firm_bicm_pb_mobs_fdr0.05,VENHANCER BİLİŞİM VE DANIŞMANLIK HİZMETLERİ SANAYİ TİCARET ANONİM ŞİRKETİ,0.0006384636678241263,0.054012345679012475,36,1,1,1,0.0,0.0,-7.356146507229346
firm_bicm_pb_mobs_fdr0.05,CAPİTAL ENDÜSTRİ VE SAVUNMA TEKNOLOJİLERİ A.Ş.,0.0006384636678241263,0.054012345679012475,36,1,1,1,0.0,0.0,-7.356146507229346
firm_bicm_pb_mobs_fdr0.05,VİZYONER BİLİŞİMVE YÖNETİM DANIŞ LTD ŞTİ,0.0006384636678241263,0.054012345679012475,36,1,1,1,0.0,0.0,-7.356146507229346
firm_bicm_pb_mobs_fdr0.05,ARSİS BİLİŞİM PRODÜK SİYON VE REKLAM HİZM LTD ŞTİ.,0.0006384636678241263,0.054012345679012475,36,1,1,1,0.0,0.0,-7.356146507229346
firm_bicm_pb_mobs_fdr0.05,KUM SAATİ TASARIM BİSİS.VE DAN.HİZ.ELK.SA.VE Tİ.LT.Ş,0.0006384636678241263,0.054012345679012475,36,2,1,2,0.0,0.6931471805599453,-7.356146507229346
firm_bicm_pb_mobs_fdr0.05,AVİKON ELEKTRONİK YAZILIM VE ENERJİ SANAYİ TİCARET LİMİTED ŞİRKETİ,0.0006384636678241263,0.054012345679012475,36,1,1,1,0.0,0.0,-7.356146507229346
firm_bicm_pb_mobs_fdr0.05,ARYA BİLGİ TEKNOLOJİLERİ LİMİTED ŞİRKETİ,0.0006384636678241263,0.054012345679012475,36,1,1,1,0.0,0.0,-7.356146507229346
firm_bicm_pb_mobs_fdr0.05,NOYA BİLGİSAYAR SİST VE DAN.SAN.VE TİC.LTD.ŞTİ.,0.0006384636678241263,0.054012345679012475,36,1,1,1,0.0,0.0,-7.356146507229346
firm_bicm_pb_mobs_fdr0.05,AKFA BİLİŞİM VE YAZILIM SİSTEMLERİ SANAYİ VE TİCARET A.Ş.,0.0006365306697908216,0.7407407407407407,9,2,2,2,0.6931471805599453,0.6931471805599453,-7.359177768090068
firm_bicm_pb_mobs_fdr0.05,"BMB SOFT BİLGİSAYARYAZILIM İLETİŞİMSİS.SAN.VE TİC.L, METASOFT BİLGİSAYAR BİLGİ İŞLEM HİZMETLERİ SANAYİ VE TİCARET LİMİTED ŞİRKETİ İş Ortaklığı",0.0006353463328085516,0.5,2,1,1,1,0.0,0.0,-7.361039554285709
firm_bicm_pb_mobs_fdr0.05,ANKA BİLİŞİM VE DANIŞMANLIK HİZT.SANTİC.LTD.ŞTİ.,0.0006346689310418744,0.74,10,2,2,2,0.6931471805599453,0.6931471805599453,-7.362105995052659
firm_bicm_pb_mobs_fdr0.05,PSEUDONYM_227,0.0006315181011039144,0.2777777777777777,6,2,2,2,0.6931471805599453,0.6931471805599453,-7.367081382611826
firm_bicm_pb_mobs_fdr0.05,MOBİLİŞİM İLETİŞİM ANONİM ŞİRKETİ,0.0006312406268867983,0.3765432098765432,18,2,2,2,0.6931471805599453,0.6931471805599453,-7.36752072269197
firm_bicm_pb_mobs_fdr0.05,ENORM TEKNOLOJİ VE YAZILIM ANONİM ŞİRKETİ,0.0006283091847220055,0.46173469387755106,28,2,3,3,1.0986122886681098,1.0986122886681098,-7.372174064923768
firm_bicm_pb_mobs_fdr0.05,AVKOM TEKNOLOJİ BİLG İSAYAR VE ELEKT.SİST SAN.VE TİC.A.Ş.,0.000616190567944448,0.5866666666666667,15,2,2,2,0.6931471805599453,0.6931471805599453,-7.3916441832512145
firm_bicm_pb_mobs_fdr0.05,UZUNLU HARİTA İNŞAATLİMİTED ŞİRKETİ,0.0006090936483242992,0.6666666666666667,3,1,1,1,0.0,0.0,-7.403224820124606
firm_bicm_pb_mobs_fdr0.05,BİRTEL İLETİŞİM TEKNOLOJİLERİ TURİZM SANAYİ VE TİCARET LİMİTED ŞİRKETİ,0.0006015637116652858,0.5800000000000001,10,1,1,1,0.0,0.0,-7.415660472687941
firm_bicm_pb_mobs_fdr0.05,ELAPRO AJANS YAPIM REKLAM ORGANİZASYON TİCARET LİMİTED ŞİRKETİ,0.0006015637116652858,0.5800000000000001,10,1,1,2,0.0,0.6931471805599453,-7.415660472687941
firm_bicm_pb_mobs_fdr0.05,PSEUDONYM_141,0.0006015637116652858,0.5800000000000001,10,1,1,1,0.0,0.0,-7.415660472687941
firm_bicm_pb_mobs_fdr0.05,OR-BİM BİLGİ İŞLEM V E İLET.HİZ.SAN.V E TİC.LTD.ŞTİ.,0.0005958480922080165,0.40625,8,1,1,1,0.0,0.0,-7.425204121677552
firm_bicm_pb_mobs_fdr0.05,ÇANKAYA İMAR PROJE İNŞAAT MADEN BELDE GEREKSİNMELERİ SANAYİ VE TİCARET ANONİM ŞİRKETİ.,0.0005958480922080165,0.40625,8,1,1,1,0.0,0.0,-7.425204121677552
firm_bicm_pb_mobs_fdr0.05,TEKNOMED BİLİŞ TEK SAĞ VE MED HİZM SANATİC LTD ŞTİ.,0.0005951629897719171,0.4444444444444444,3,1,2,2,0.6931471805599453,0.6931471805599453,-7.426354207905684
firm_bicm_pb_mobs_fdr0.05,KURALKAN BİLİŞİM OTOMOTİV SANAYİ VE DIŞ TİCARET ANONİM ŞİRKETİ,0.0005946835948644964,0.12132186509732912,47,4,5,5,1.6094379124341003,1.6094379124341003,-7.427159758793817
firm_bicm_pb_mobs_fdr0.05,GİRİŞİM BİLİŞİM TEKN MEDİKAL LOJ.SAN.VE D IŞ TİC.LTD.ŞTİ.,0.0005828036978211174,0.37037037037037035,9,3,2,8,0.6931471805599453,2.0794415416798357,-7.447332281845428
firm_bicm_pb_mobs_fdr0.05,AVE BİLİŞİM YAZILIM DANIŞMANLIK TAAHHÜT İÇ VE DIŞ TİCARET ANONİM ŞİRKETİ,0.000577832950548605,0.6198347107438016,22,2,2,4,0.6931471805599453,1.3862943611198906,-7.455895067172675
firm_bicm_pb_mobs_fdr0.05,PSEUDONYM_018,0.0005775533218398395,0.4444444444444444,6,1,2,2,0.6931471805599453,0.6931471805599453,-7.4563789507830265
firm_bicm_pb_mobs_fdr0.05,İNTER BİLGİSAYAR ELE KTRİK ELEKT.SAN. DIŞ.TİC.LTD.ŞTİ.,0.0005770710362509471,0.33999999999999986,10,2,2,2,0.6931471805599453,0.6931471805599453,-7.457214072639695
firm_bicm_pb_mobs_fdr0.05,HYPERNET BİLİŞİM SANAYİ VE TİCARET LİMİTED ŞİRKETİ,0.0005723571588954532,0.375,4,3,7,7,1.9459101490553132,1.9459101490553132,-7.465413517910699
firm_bicm_pb_mobs_fdr0.05,VERİ SECURITY BİLİŞİM VE DANIŞMANLIK HİZMETLERİ ANONİM ŞİRKETİ,0.0005719474135963392,0.4444444444444444,3,1,1,1,0.0,0.0,-7.466129426089365
firm_bicm_pb_mobs_fdr0.05,ARMİN DANIŞMANLIK BİLİŞİM VE EĞİTİM HİZMETLERİ LİMİTED ŞİRKETİ,0.0005689092756973624,0.5,6,1,1,1,0.0,0.0,-7.471453718951209
firm_bicm_pb_mobs_fdr0.05,DCL BİLGİSAYAR SİSTEMLERİ TİC.VE SANLTD.ŞTİ.,0.0005669940433060742,0.7933884297520661,11,4,5,5,1.6094379124341003,1.6094379124341003,-7.474824762843901
firm_bicm_pb_mobs_fdr0.05,DİJİTAL ARŞİV BELGE BİLGİ TEKNOLOJİLERİ SANAYİ VE TİCARET ANONİM ŞİRKETİ,0.0005567308456297962,0.5625,8,1,2,2,0.6931471805599453,0.6931471805599453,-7.493085447842556
firm_bicm_pb_mobs_fdr0.05,YEO TEKNOLOJİ ENERJİ VE ENDÜSTRİ A.Ş,0.000547951348924075,0.29166666666666663,12,1,1,1,0.0,0.0,-7.508975347753524
firm_bicm_pb_mobs_fdr0.05,ONE ELEKTRİK TEKNOLOJİ SANAYİ VE TİCARET LİMİTED ŞİRKETİ,0.000547951348924075,0.29166666666666663,12,1,1,1,0.0,0.0,-7.508975347753524
firm_bicm_pb_mobs_fdr0.05,YAŞAM ELEKTRONİK SAYAÇ TEKNOLOJİLERİ ÇEVRE MAKİNA İNŞAAT MÜHENDİSLİK BİLİŞİM REKLAM VE YAYINCILIK SANAYİ VE TİCARET ANONİM ŞİRKETİ,0.000547951348924075,0.29166666666666663,12,1,1,1,0.0,0.0,-7.508975347753524
firm_bicm_pb_mobs_fdr0.05,AYİZİ BİLİŞİM TEKNOLOJİLERİ ELEKTRİK İNŞAAT SANAYİ VE TİCARET LİMİTED ŞİRKETİ,0.000547951348924075,0.29166666666666663,12,1,1,1,0.0,0.0,-7.508975347753524
firm_bicm_pb_mobs_fdr0.05,TEKBİZ BİLİŞİM TEKNOLOJİLERİ LİMİTED ŞİRKETİ,0.000547951348924075,0.29166666666666663,12,1,1,1,0.0,0.0,-7.508975347753524
firm_bicm_pb_mobs_fdr0.05,TERACİTY YAZILIM TEKNOLOJİLERİ SANAYİ VE TİCARET ANONİM ŞİRKETİ,0.0005453747716316591,0.0,12,3,7,11,1.9459101490553132,2.3978952727983707,-7.51368699157127
firm_bicm_pb_mobs_fdr0.05,AKBİLGE BİLİŞİM TEKNOLOJİLERİ SANAYİ TİCARET A.Ş.,0.0005432851887251769,0.56,5,1,1,1,0.0,0.0,-7.517524465487204
firm_bicm_pb_mobs_fdr0.05,ACOD BİLİŞİM HİZMETLERİ LİMİTED ŞİRKETİ,0.0005422791887872757,0.0,6,1,1,1,0.0,0.0,-7.51937722736803
firm_bicm_pb_mobs_fdr0.05,SAYEL YATIRIM ELEKTRONİK BİLGİSAYAR MÜHENDİSLİK SANAYİ TİCARET LİMİTED ŞİRKETİ,0.0005422791887872757,0.0,6,1,1,1,0.0,0.0,-7.51937722736803
firm_bicm_pb_mobs_fdr0.05,BPM TEKNOLOJİ SANAYİ TİCARET LİMİTED ŞİRKETİ,0.0005422791887872757,0.0,6,1,1,1,0.0,0.0,-7.51937722736803
firm_bicm_pb_mobs_fdr0.05,ORATECH TEKNOLOJİ Sİ STEMLERİ SAN.VE TİC.LTD.ŞTİ.,0.0005403327597165894,0.05124653739612173,38,1,1,1,0.0,0.0,-7.52297176412901
firm_bicm_pb_mobs_fdr0.05,GEMALTO S.A.,0.0005403327597165894,0.05124653739612173,38,1,1,5,0.0,1.6094379124341003,-7.52297176412901
firm_bicm_pb_mobs_fdr0.05,NOYA TİCARET ANONİM ŞİRKETİ,0.0005403327597165894,0.05124653739612173,38,1,1,1,0.0,0.0,-7.52297176412901
firm_bicm_pb_mobs_fdr0.05,GİZ BİLGİ TEKNOLOJİLERİ VE DANIŞMANLIK TİCARET LİMİTED ŞİRKETİ,0.0005403327597165894,0.05124653739612173,38,1,1,1,0.0,0.0,-7.52297176412901
firm_bicm_pb_mobs_fdr0.05,GRUP GÜVENLİK İNŞAAT TEMİZLİK ELEKTRİK İŞLERİ GIDA MEDİKAL VE MERMER SANAYİ VE TİCARET LİMİTED ŞİRKETİ,0.0005403327597165894,0.05124653739612173,38,1,1,1,0.0,0.0,-7.52297176412901
firm_bicm_pb_mobs_fdr0.05,PROTEAM BİLGİ TEKNOLOJİLERİ VE DANŞMANLIK TİCARET LİMİTED ŞİRKETİ,0.0005403327597165894,0.05124653739612173,38,2,1,6,0.0,1.791759469228055,-7.52297176412901
firm_bicm_pb_mobs_fdr0.05,PSEUDONYM_341,0.0005403327597165894,0.05124653739612173,38,1,1,1,0.0,0.0,-7.52297176412901
firm_bicm_pb_mobs_fdr0.05,SYMTURK BİLGİSAYAR SİSTEM YÖNETİM VE MÜŞAVİRLİK LİMİTED ŞİRKETİ,0.0005403327597165894,0.05124653739612173,38,1,1,1,0.0,0.0,-7.52297176412901
firm_bicm_pb_mobs_fdr0.05,SABİT ÖLÇME DEĞERLEN DİRME BİLİŞİM VE TİC AŞ,0.0005403327597165894,0.05124653739612173,38,1,1,1,0.0,0.0,-7.52297176412901
firm_bicm_pb_mobs_fdr0.05,PSEUDONYM_278,0.0005403327597165894,0.05124653739612173,38,1,1,1,0.0,0.0,-7.52297176412901
firm_bicm_pb_mobs_fdr0.05,SFY DANISMANLIK HİZMETLERİ BİL.GID.SAN VTİC.LTD.ŞTİ.,0.0005255987446279777,0.78125,8,1,1,1,0.0,0.0,-7.55060894565513
firm_bicm_pb_mobs_fdr0.05,PSEUDONYM_021,0.0005255987446279777,0.78125,8,1,1,1,0.0,0.0,-7.55060894565513
firm_bicm_pb_mobs_fdr0.05,MAARİF MEKTEPLERİ EĞİTİM BASIN YAYIN DANIŞMANLIK ORGANİZASYON ARAŞTIRMA İNŞAAT TURİZM SANAYİ VE TİCARET LİMİTED ŞİRKETİ,0.0005228920806133599,0.375,4,1,1,1,0.0,0.0,-7.555770046987111
firm_bicm_pb_mobs_fdr0.05,EMİN BİLİŞİM İNŞAAT TEMİZLİK MOBİLYA KIRTASİYE SANAYİ VE TİCARET LİMİTED ŞİRKETİ,0.0005228920806133599,0.375,4,1,1,1,0.0,0.0,-7.555770046987111
firm_bicm_pb_mobs_fdr0.05,PVA TEKNOLOJİ LİMİTED ŞİRKETİ,0.000521266281144825,0.19024970273483943,29,3,3,3,1.0986122886681098,1.0986122886681098,-7.55888299600506
firm_bicm_pb_mobs_fdr0.05,MKA YAZILIM VE MÜHENDİSLİK HİZ.TİC.LTD.ŞTİ.,0.000520537001114197,0.4027777777777778,12,1,1,1,0.0,0.0,-7.560282516822666
firm_bicm_pb_mobs_fdr0.05,AKTİF ELEKTROTEKNİKSAN.VE TİC.AŞ.,0.000520537001114197,0.4027777777777778,12,1,1,1,0.0,0.0,-7.560282516822666
firm_bicm_pb_mobs_fdr0.05,PSEUDONYM_427,0.000520537001114197,0.4027777777777778,12,1,1,2,0.0,0.6931471805599453,-7.560282516822666
firm_bicm_pb_mobs_fdr0.05,KONATUS BİLGİSAYAR YAZILIM VE DANIŞMANLIK HİZMETLERİ SANAYİ VE TİCARET LİMİTED ŞİRKETİ,0.000520537001114197,0.4027777777777778,12,2,1,2,0.0,0.6931471805599453,-7.560282516822666
firm_bicm_pb_mobs_fdr0.05,BOTT BİLGİ SİSTEMLER İ SAN.VE TİC.LTD .ŞTİ.,0.0005191291619022272,0.1527777777777779,12,3,3,4,1.0986122886681098,1.3862943611198906,-7.562989775641572
firm_bicm_pb_mobs_fdr0.05,SYMTURK BİLGİSAYAR SİSTEM YÖNETİŞİM VE MÜŞAVİRLİK LİMİTED ŞİRKETİ,0.0005166980968139748,0.5397923875432525,17,2,2,2,0.6931471805599453,0.6931471805599453,-7.5676820113528915
firm_bicm_pb_mobs_fdr0.05,YORDAM BİLGİ TEKNOLOJİ DANIŞMANLIK EĞİTİM VE ELEKTRONİK SİSTEMLERİ SANAYİ TİCARET LİMİTED ŞİRKETİ,0.0005148181152826372,0.6666666666666667,6,2,2,3,0.6931471805599453,1.0986122886681098,-7.571325749073294
firm_bicm_pb_mobs_fdr0.05,AĞDAŞ BİLGİ TEKNOLOJİLERİ SOSYAL HİZMETLER PERSONEL HİZMETLERİ TEMİZLİK İNŞAAT GIDA TAŞIMACILIK SANAYİ VE TİCARET LİMİTED ŞİRKETİ.,0.0005137581216050742,0.16528925619834722,11,1,1,1,0.0,0.0,-7.5733860733760086
firm_bicm_pb_mobs_fdr0.05,ASYA LOJİSTİK İNŞAAT YAK.GID.TEKS.TEM.SAN .VE TİC. LTD.ŞTİ,0.0005137581216050742,0.16528925619834722,11,1,1,1,0.0,0.0,-7.5733860733760086
firm_bicm_pb_mobs_fdr0.05,SÜNBÜL GIDA BESİCİLİK TAŞIMACILIK TEMİZLİK GÜVENLİK İNŞAAT SANAYİ VE TİCARET LİMİTED ŞİRKETİ.,0.0005137581216050742,0.16528925619834722,11,1,1,1,0.0,0.0,-7.5733860733760086
firm_bicm_pb_mobs_fdr0.05,HADE İNŞ.TAŞ.TEM.OTO PETROL GIDA TİC.VE S AN.LTD.ŞTİ.,0.0005137581216050742,0.16528925619834722,11,1,1,1,0.0,0.0,-7.5733860733760086
firm_bicm_pb_mobs_fdr0.05,BİMTAŞ BOĞAZİÇİ PEYZAJ İNŞAAT MÜŞAVİRLİK TEKNİK HİZMETLERİ SANAYİ TİCARET ANONİM ŞİRKETİ,0.0005131544016661679,0.20576131687242805,27,2,2,2,0.6931471805599453,0.6931471805599453,-7.574561432279102
firm_bicm_pb_mobs_fdr0.05,AÇIK KART TEKNOLOJİLERİ VE ÖDEME SİSTEMLERİ SANAYİ VE TİCARET ANONİM ŞİRKETİ,0.0005087854882876595,0.56,5,1,1,1,0.0,0.0,-7.583108523169059
firm_bicm_pb_mobs_fdr0.05,PSEUDONYM_004,0.0005087854882876595,0.56,5,1,1,1,0.0,0.0,-7.583108523169059
firm_bicm_pb_mobs_fdr0.05,AL.KEN TEM.BİLG.İNŞA TURİZM.OTO KİRALA.SA N.TİC.LTD.ŞTİ.,0.000504658427056949,0.41666666666666663,12,1,1,2,0.0,0.6931471805599453,-7.591250124384381
firm_bicm_pb_mobs_fdr0.05,"YILDIZEFE BİLGİSAYARYEMEK SAN.TEM.TAAH.VE TİC.LTD.ŞT, AL.KEN TEM.BİLG.İNŞATURİZM.OTO KİRALA.SAN.TİC.LTD.ŞTİ. Ortak Girişimi",0.000504658427056949,0.41666666666666663,12,1,1,1,0.0,0.0,-7.591250124384381
firm_bicm_pb_mobs_fdr0.05,REVİ İTHALAT İHRACAT TEMİZLİK TAAHHÜT GIDA İNŞAAT PAZARLAMA TURİZM ÖZEL SAĞLIK BASIM YAYIN DAĞITIM DANIŞMANLIK TİC. LTD.ŞTİ.,0.000504658427056949,0.41666666666666663,12,1,1,1,0.0,0.0,-7.591250124384381
firm_bicm_pb_mobs_fdr0.05,FİGESFİZİK VE GEOMETRİDE BİLGİSAYAR SİMÜLASYONU HİZMET TİCARET ANONİM ŞİRKETİ,0.000504658427056949,0.41666666666666663,12,1,1,1,0.0,0.0,-7.591250124384381
firm_bicm_pb_mobs_fdr0.05,ALSANCAK DIJITAL BASKI BİLGİSAYAR SİSTEMLERİ İTHALAT İHRACAK SANAYİ VE TİCARET LİMİTED ŞİRKETİ,0.000504658427056949,0.41666666666666663,12,1,1,1,0.0,0.0,-7.591250124384381
firm_bicm_pb_mobs_fdr0.05,OBJEKT BİLİŞİM BİLGİVE ÖLÇÜ SİSTEM.İNŞ.SAN.TİC.A.Ş.,0.0005045501005101169,0.7361111111111112,12,2,2,9,0.6931471805599453,2.1972245773362196,-7.591464719353753
firm_bicm_pb_mobs_fdr0.05,AGARTHA TEKNOLOJİ ANONİM ŞİRKETİ,0.0004939582258616962,0.3673469387755103,14,1,1,4,0.0,1.3862943611198906,-7.612672792128781
firm_bicm_pb_mobs_fdr0.05,EMFA YAZILIM DANIŞMANLIK ANONİM ŞİRKETİ,0.0004939582258616962,0.3673469387755103,14,1,1,1,0.0,0.0,-7.612672792128781
firm_bicm_pb_mobs_fdr0.05,ABAKÜS MÜHENDİSLİK TURİZM İNŞ.SAN.VEDIŞ TİC.LTD.ŞTİ.,0.0004939582258616962,0.3673469387755103,14,1,1,1,0.0,0.0,-7.612672792128781
firm_bicm_pb_mobs_fdr0.05,KUMRU LOJİSTİK TİCARET LİMİTED ŞİRKETİ,0.0004939582258616962,0.3673469387755103,14,1,1,1,0.0,0.0,-7.612672792128781
firm_bicm_pb_mobs_fdr0.05,PSEUDONYM_248,0.0004903783017336902,0.6666666666666667,3,1,1,1,0.0,0.0,-7.619943781792345
firm_bicm_pb_mobs_fdr0.05,AKSİYONER BİLGİ YÖNETİMİ YAZIMIL SİSTEM ORG.EĞİTİM VE DANIŞMANLIK SANAYİ TİCARET LTD ŞTİ,0.0004890557662955408,0.5155555555555555,15,2,2,2,0.6931471805599453,0.6931471805599453,-7.622643341422317
firm_bicm_pb_mobs_fdr0.05,PSEUDONYM_409,0.00048720289096466305,0.75,4,1,1,1,0.0,0.0,-7.62643773014065
firm_bicm_pb_mobs_fdr0.05,HUGOTEK BİLİŞİM ÇÖZÜMLERİ ANONİM ŞİRKETİ,0.00048630034508171267,0.6938775510204083,7,1,2,2,0.6931471805599453,0.6931471805599453,-7.628291225621663
firm_bicm_pb_mobs_fdr0.05,A.T.K.GÜVENLİK LTD.Ş Tİ.,0.00048426645431750453,0.2777777777777777,6,1,1,1,0.0,0.0,-7.632480722101445
firm_bicm_pb_mobs_fdr0.05,ASELSANNET ELEKTRONİK VE HABERLEŞME SİS.S.TC.İN.TAAH.LTD.ŞTİ,0.00048426645431750453,0.2777777777777777,6,1,1,1,0.0,0.0,-7.632480722101445
firm_bicm_pb_mobs_fdr0.05,MEVA BİLGİ TEKNOLOJİLERİ LİMİTED ŞİRKETİ,0.00048426645431750453,0.2777777777777777,6,1,1,1,0.0,0.0,-7.632480722101445
firm_bicm_pb_mobs_fdr0.05,EKSERA ELEKTRONİK Bİ LGİSAYAR HİZ.SAN VE TİC.LTD.ŞTİ.,0.000484191526390186,0.7999999999999999,5,1,1,1,0.0,0.0,-7.632635397615103
firm_bicm_pb_mobs_fdr0.05,R2 TEKNOLOJİ BİLİŞİM ÇÖZÜMLERİ HİZMETLERİ SANAYİ TİCARET LİMİTED ŞİRKETİ,0.00048270324763719354,0.1171875,16,3,3,3,1.0986122886681098,1.0986122886681098,-7.635712654583274
firm_bicm_pb_mobs_fdr0.05,ÖZERK BÜRO MAK.SAN.T İC.LTD.ŞTİ.,0.0004773922223108775,0.17999999999999994,10,1,1,1,0.0,0.0,-7.646771900498699
firm_bicm_pb_mobs_fdr0.05,İDEA BİLİŞİM DAN.VESAV.SİST.SAN.VETİC.LTD.ŞTİ.,0.0004773922223108775,0.17999999999999994,10,1,1,1,0.0,0.0,-7.646771900498699
firm_bicm_pb_mobs_fdr0.05,MULTİMEDYA TEKNOLOJİ BİLİŞİM BİLGİSAYAR TİCARET LİMİTED ŞİRKETİ,0.0004773922223108775,0.17999999999999994,10,1,1,1,0.0,0.0,-7.646771900498699
firm_bicm_pb_mobs_fdr0.05,CREAS BİLİŞİM TEKNOLOJİLERİ İTHALAT İHRACAAT SANAYİ VE TİCARET LİMİTED ŞİRKETİ,0.0004773922223108775,0.17999999999999994,10,1,1,1,0.0,0.0,-7.646771900498699
firm_bicm_pb_mobs_fdr0.05,VERİM HARİTA MÜHENDİSLİK PLANLAMA.İNŞAAT SANAYİ VE TİCARET LİMİTED ŞİRKETİ,0.0004773922223108775,0.17999999999999994,10,1,1,1,0.0,0.0,-7.646771900498699
firm_bicm_pb_mobs_fdr0.05,"ARÇAM TEMİZLİK MEDİKAL GIDA İNŞAAT TURİZM BİLGİSAYAR KRTASİYE SANAYİ TİCARAT LİMİTED ŞİRKETİ, ZENİ SOSYAL HİZMETLER BİLGİSAYAR TAŞIMACILIK TEMİZLİK OTOMOTİV SANAYİ TİCARET LİMİTED ŞİRKETİ. İş Ortaklığı",0.0004764431102375227,0.44628099173553715,11,1,2,2,0.6931471805599453,0.6931471805599453,-7.648761200294566
firm_bicm_pb_mobs_fdr0.05,İLKE İLET.BİLG.VE SA Ğ.HİZ.MAD.İNŞ.EL ELTR.S.TİC.LTD.Ş,0.00046887411324318624,0.56,5,1,1,1,0.0,0.0,-7.66476873568928
firm_bicm_pb_mobs_fdr0.05,TAŞPINAR YAZILIM VE BİLGİ TEKNOLOJİLERİ GIDA İNŞAAT SANAYİ PAZARLAMA TURİZM TİCARET LİMİTED ŞİRKETİ.,0.000466859765358881,0.625,4,4,7,7,1.9459101490553132,1.9459101490553132,-7.669072370691255
firm_bicm_pb_mobs_fdr0.05,ITM TEKNOLOJİ İLETİŞİM SİSTEMLER ANONİM ŞİRKETİ,0.000455690968968132,0.56,5,2,2,2,0.6931471805599453,0.6931471805599453,-7.693276386049175
firm_bicm_pb_mobs_fdr0.05,ORYAZ ORDU YAZILIM DONANIM ARGE ALTYAPI SANAYİ VE TİCARET ANONİM ŞİRKETİ,0.00045070527587727223,0.6666666666666667,3,2,1,2,0.0,0.6931471805599453,-7.704272993384999
firm_bicm_pb_mobs_fdr0.05,DEMAK HIRDAVAT MAKİNA ELEKTRİK İNŞAAT YEDEKPARÇA TAAHHÜT TİCARET VE SANAYİ LİMİTED ŞİRKETİ,0.00044649179574001796,0.78125,8,1,1,1,0.0,0.0,-7.71366160372796
firm_bicm_pb_mobs_fdr0.05,CMT MÜHENDİSLİK TEKNİK HİZMETLER TURİZM İNŞAAT VE SANAYİ TİCARET LİMİTED ŞİRKETİ,0.00044649179574001796,0.78125,8,1,1,1,0.0,0.0,-7.71366160372796
firm_bicm_pb_mobs_fdr0.05,KEDİNFO İLETİŞİM SANAYİ VE TİCARET LİMİTED ŞİRKETİ,0.0004450943630034613,0.4591836734693877,14,1,1,1,0.0,0.0,-7.716794974643142
firm_bicm_pb_mobs_fdr0.05,PSEUDONYM_156,0.0004450943630034613,0.4591836734693877,14,1,1,1,0.0,0.0,-7.716794974643142
firm_bicm_pb_mobs_fdr0.05,GLİA İNOVASYON BİLGİ TEKNOLOJİLERİ A.Ş.,0.0004450943630034613,0.4591836734693877,14,1,1,1,0.0,0.0,-7.716794974643142
firm_bicm_pb_mobs_fdr0.05,PSEUDONYM_472,0.0004450943630034613,0.4591836734693877,14,1,1,1,0.0,0.0,-7.716794974643142
firm_bicm_pb_mobs_fdr0.05,İSNET TELEKOM TELEKOMÜNİKASYON HİZ.SAN.VE TİC.LTD.ŞT,0.0004450943630034613,0.4591836734693877,14,1,1,1,0.0,0.0,-7.716794974643142
firm_bicm_pb_mobs_fdr0.05,ATOS BİLİŞİM DANIŞMANLIK VE MÜŞTERİ HİZMETLERİ SANAYİ VE TİCARET ANONİM ŞİRKETİ,0.00044457802893046024,0.6133333333333333,15,1,3,3,1.0986122886681098,1.0986122886681098,-7.71795520487364
firm_bicm_pb_mobs_fdr0.05,TRUSTNET BİLGİ TEKNOLOJİLERİ LİMİTED ŞİRKETİ,0.00044118424452507283,0.42666666666666675,15,2,3,3,1.0986122886681098,1.0986122886681098,-7.7256149060676735
firm_bicm_pb_mobs_fdr0.05,"CERTBY ULUSLARARASI DENETİM BELGELENDİRME VE EĞİTİM HİZMETLERİ LTD.ŞTİ., SECRİSE YAZILIM VE BİLGİ GÜVENLİĞİ HİZMETLERİ LİMİTED ŞİRKETİ İş Ortaklığı",0.00043801512585696226,0.6172839506172839,9,1,1,1,0.0,0.0,-7.7328209059065065
firm_bicm_pb_mobs_fdr0.05,PSEUDONYM_558,0.00043801512585696226,0.6172839506172839,9,1,1,1,0.0,0.0,-7.7328209059065065
firm_bicm_pb_mobs_fdr0.05,ESKON ESENLER İNŞAAT SANAYİ VE TİCARET ANONİM ŞİRKETİ.,0.00043801512585696226,0.6172839506172839,9,1,1,1,0.0,0.0,-7.7328209059065065
firm_bicm_pb_mobs_fdr0.05,PSEUDONYM_321,0.00043686289789639433,0.5020576131687243,27,1,1,1,0.0,0.0,-7.735453788276947
firm_bicm_pb_mobs_fdr0.05,SEYİR MOBİL ELEKTRONİK OTOMASYON SİSTEMLERİ SANAYİ VE TİCARET ANONİM ŞİRKETİ,0.00043686289789639433,0.5020576131687243,27,1,1,1,0.0,0.0,-7.735453788276947
firm_bicm_pb_mobs_fdr0.05,TESAN ELEKTRİK OTOMASYON TİCARET LİMİTED ŞİRKETİ,0.00043686289789639433,0.5020576131687243,27,1,1,1,0.0,0.0,-7.735453788276947
firm_bicm_pb_mobs_fdr0.05,PSEUDONYM_257,0.00043686289789639433,0.5020576131687243,27,1,1,1,0.0,0.0,-7.735453788276947
firm_bicm_pb_mobs_fdr0.05,IDS SİSTEM YAPI SANAYİ VE TİCARET ANONİM ŞİRKETİ,0.00043686289789639433,0.5020576131687243,27,1,1,2,0.0,0.6931471805599453,-7.735453788276947
firm_bicm_pb_mobs_fdr0.05,TECHSİGN BİLGİ TEKNOLOJİLERİ YAZILIM SANAYİ VE TİCARET ANONİM ŞİRKETİ,0.00043686289789639433,0.5020576131687243,27,1,1,1,0.0,0.0,-7.735453788276947
firm_bicm_pb_mobs_fdr0.05,KVM MÜHENDİSLİK MÜŞAVİRLİK ENERJİ İNŞAAT TAAHHÜT SANAYİ VE TİCARET LİMİTED ŞİRKETİ,0.00043686289789639433,0.5020576131687243,27,1,1,2,0.0,0.6931471805599453,-7.735453788276947
firm_bicm_pb_mobs_fdr0.05,YÖNTEM BİLGİ TEKNOLOJİLERİ ANONİM ŞİRKETİ,0.0004329525892942887,0.605,20,2,3,5,1.0986122886681098,1.6094379124341003,-7.7444410216645965
firm_bicm_pb_mobs_fdr0.05,ALPATA TEKNOLOJİ YAZILIM VE BİLİŞİM HİZMETLERİ SANAYİ VE TİCARET ANONİM ŞİRKETİ,0.0004313156508448322,0.7361111111111112,12,2,2,2,0.6931471805599453,0.6931471805599453,-7.748227385033187
firm_bicm_pb_mobs_fdr0.05,6A BİLİŞİM HİZMETLERİ ANONİM ŞİRKETİ,0.0004307998395948255,0.4385633270321362,23,2,2,2,0.6931471805599453,0.6931471805599453,-7.749423472415689
firm_bicm_pb_mobs_fdr0.05,VENERO BİLİŞİM SAN. VE TİCARET LİMİT ED ŞİRKETİ.,0.0004272024061496353,0.743801652892562,11,1,1,1,0.0,0.0,-7.757805391407277
firm_bicm_pb_mobs_fdr0.05,ENÇA İLETİŞİM İNŞ.ELEKT.NAK.TAAH.TUR.PET.ÜRÜNSAN.TİC.LTD.ŞTİ,0.000425537569266656,0.0,9,1,1,1,0.0,0.0,-7.76170832351921
firm_bicm_pb_mobs_fdr0.05,TMY BİLİŞİM OTOMASYON VE GÜVENLİK SİSTEMLERİ SANAYİ TİCARET LİMİTED ŞİRKETİ,0.000425537569266656,0.0,9,1,1,2,0.0,0.6931471805599453,-7.76170832351921
firm_bicm_pb_mobs_fdr0.05,KORKMAZ GIDA TEMİZLİK HİZMETLERİ HAZIR YEMEK FOTOĞRAFÇILIK İNŞAAT NAKLİYAT TAAHHÜT SANAYİ VE TİCARET LİMİTED ŞİRKETİ.,0.000425537569266656,0.0,9,1,1,1,0.0,0.0,-7.76170832351921
firm_bicm_pb_mobs_fdr0.05,PSEUDONYM_068,0.000425537569266656,0.0,9,1,1,1,0.0,0.0,-7.76170832351921
firm_bicm_pb_mobs_fdr0.05,MEKANSAL ZEKA YAZILIM ELEKTRONİK DANIŞMANLIK EĞİTİM ORGANİZASYON TİCARET LİMİTED ŞİRKETİ,0.00041741931916002445,0.399524375743163,29,1,1,1,0.0,0.0,-7.780961553563387
firm_bicm_pb_mobs_fdr0.05,METEK GRUP BİLİŞİM TEKNOLOJİLERİ ANONİM ŞİRKETİ,0.00041741931916002445,0.399524375743163,29,1,1,1,0.0,0.0,-7.780961553563387
firm_bicm_pb_mobs_fdr0.05,HİDROTEK MİMARLIK MÜ HENDİSLİK TİC.LTD.ŞT İ.,0.00041741931916002445,0.399524375743163,29,1,1,1,0.0,0.0,-7.780961553563387
firm_bicm_pb_mobs_fdr0.05,"GÜNCEL MEVZUATI ARAŞTIRMA VE EĞİTİM DERNEĞİ İKTİSADİ İŞLETMESİ, SYSTEM BİLİŞİM İNŞAAT TEKSTİL GIDA SANAYİ DIŞ TİCARET LİMİTED ŞİRKETİ Ortak Girişimi",0.00041741931916002445,0.399524375743163,29,1,1,1,0.0,0.0,-7.780961553563387
firm_bicm_pb_mobs_fdr0.05,NET HARİTA İNŞ.SAN.VE TİC.LTD.ŞTİ.,0.00041741931916002445,0.399524375743163,29,1,1,1,0.0,0.0,-7.780961553563387
firm_bicm_pb_mobs_fdr0.05,İTEZ MİMARLIK MÜHEND İSLİK İNŞ.VE TİC .LTD.ŞTİ.,0.00041741931916002445,0.399524375743163,29,1,1,1,0.0,0.0,-7.780961553563387
firm_bicm_pb_mobs_fdr0.05,LETA GRUP ELEKTRİK ELEKTRONİK BİLGİSAYAR TURİZM İNŞAAT OTOMOTİV İTHALAT İHRACAT SANAYİ VE TİCARET LİMİTED ŞİRKETİ,0.00041741931916002445,0.399524375743163,29,1,1,1,0.0,0.0,-7.780961553563387
firm_bicm_pb_mobs_fdr0.05,YÜKSEL PROJE ULUSLARARASI ANONİM ŞİRKETİ,0.00041741931916002445,0.399524375743163,29,1,1,1,0.0,0.0,-7.780961553563387
firm_bicm_pb_mobs_fdr0.05,"İSBAK İSTANBUL BİLİŞİM VE AKILLI KENT TEKNOLOJİLERİ A.Ş., ANKA COĞRAFİ BİLGİ TEKNOLOJİLERİ SANAYİTİC.LTD.ŞTİ. İş Ortaklığı",0.00041741931916002445,0.399524375743163,29,1,1,1,0.0,0.0,-7.780961553563387
firm_bicm_pb_mobs_fdr0.05,YÜKSEL DOMANİÇ MÜH.LTD.ŞTİ.,0.00041741931916002445,0.399524375743163,29,1,1,1,0.0,0.0,-7.780961553563387
firm_bicm_pb_mobs_fdr0.05,ORTANA ELEKTRONİK YAZILIM TAAHHÜT SANAYİ VE TİC.A.Ş.,0.00041741931916002445,0.399524375743163,29,1,1,1,0.0,0.0,-7.780961553563387
firm_bicm_pb_mobs_fdr0.05,DAL-PA GIDA TEMİZLİK HİZMETLERİ BİLGİ İŞLEM İNŞAAT TAAHHÜT TEKSTİL TAŞIMACILIK SANAYİ TİCARET PİZİRLİMİ LİMİTED ŞİRKETİ,0.00041520867931083,0.5,2,1,1,1,0.0,0.0,-7.786269159647561
firm_bicm_pb_mobs_fdr0.05,BİLGİ-TEK BİLGİ TEKN O.EĞİT.UYG.TİC. LTD.ŞTİ.,0.0004123094775439485,0.0,9,1,1,1,0.0,0.0,-7.793272933812546
firm_bicm_pb_mobs_fdr0.05,PARNET İLERİ TEKNOLOJİ ÇÖZÜMLERİ YAZILIM BİLİŞİM DANIŞMANLIK EĞİTİM HİZMETLERİ SANAYİ VE TİCARET LİMİTED ŞİRKETİ,0.0004123094775439485,0.0,9,1,1,2,0.0,0.6931471805599453,-7.793272933812546
firm_bicm_pb_mobs_fdr0.05,ALTINOVA ELEKTRONİK BİLİŞİM VE İLETİŞİM TEKNOLOJİLERİ DANIŞMANLIK MİMARLIK BİLGİSAYAR İNŞAAT TAAHHÜT İÇ VE DIŞ TİCARET LİMİTED ŞİRKETİ,0.0004123094775439485,0.0,9,1,1,1,0.0,0.0,-7.793272933812546
firm_bicm_pb_mobs_fdr0.05,BİVENT YAZILIM ANONİM ŞİRKETİ,0.0004096719465795975,0.72,5,1,2,2,0.6931471805599453,0.6931471805599453,-7.79968746841096
firm_bicm_pb_mobs_fdr0.05,BAŞAR BİLGİSAYAR SİSTEMLERİ VE İLETİŞİM TEKNOLOJİLERİ SANAYİ VE TİCARET LTD ŞTİ,0.0004070953007111604,0.3601108033240997,19,2,3,3,1.0986122886681098,1.0986122886681098,-7.805993914237111
firm_bicm_pb_mobs_fdr0.05,İŞ NET ELEKTRONİK BİLGİ ÜRET.DAĞ.TİCVE İLET.HİZ.A.Ş.,0.00040600783557333877,0.25765306122448983,28,3,1,4,0.0,1.3862943611198906,-7.808667510716219
firm_bicm_pb_mobs_fdr0.05,PSEUDONYM_243,0.00040600783557333877,0.25765306122448983,28,1,1,2,0.0,0.6931471805599453,-7.808667510716219
firm_bicm_pb_mobs_fdr0.05,YATEM BİLİŞİM VE TEK NOLOJİ SİST.LTD. ŞTİ.,0.00040600783557333877,0.25765306122448983,28,1,1,1,0.0,0.0,-7.808667510716219
firm_bicm_pb_mobs_fdr0.05,BİLİŞİM BİLGİSAYAR EĞİTİM VE MÜHENDİS.SAN.TİC.LTD.ŞT,0.00040600783557333877,0.25765306122448983,28,1,1,2,0.0,0.6931471805599453,-7.808667510716219
firm_bicm_pb_mobs_fdr0.05,ADUM BİLİŞİM YAZILIMVE DANIŞMANLIK SAN VE TİC LTD ŞTİ,0.00040600783557333877,0.25765306122448983,28,1,1,1,0.0,0.0,-7.808667510716219
firm_bicm_pb_mobs_fdr0.05,HTB BİLİŞİM TEKNOLOJİLERİ DANIŞMANLIK SANAYİ VE TİCARET LİMİTED ŞİRKETİ,0.00040600783557333877,0.25765306122448983,28,1,1,1,0.0,0.0,-7.808667510716219
firm_bicm_pb_mobs_fdr0.05,MANTİS YAZ.DAN YAY EMÜH BİL DON İTHİHR SAN V T.LTD.,0.00040600783557333877,0.25765306122448983,28,1,1,1,0.0,0.0,-7.808667510716219
firm_bicm_pb_mobs_fdr0.05,DONAN BİLİŞİM TEKNOL İTH.İHR.SAN.TİC. LTD.ŞTİ,0.00040600783557333877,0.25765306122448983,28,1,1,1,0.0,0.0,-7.808667510716219
firm_bicm_pb_mobs_fdr0.05,FSB TEKNOLOJİ BİLİŞİM GRAFİK TASARIM REKLAM DANIŞMANLIK TİCARET ANONİM ŞİRKETİ,0.0004056681757785687,0.5,2,1,1,1,0.0,0.0,-7.809504051258571
firm_bicm_pb_mobs_fdr0.05,İNNOSFER TEKNOLOJİ LİMİTED ŞİRKETİ,0.0004052942624432354,0.24489795918367352,7,1,1,1,0.0,0.0,-7.81042576402339
firm_bicm_pb_mobs_fdr0.05,KAYNAK ARAŞTIRMA EĞİ T.PAZ.TELEK ORG. SAN.VE TİC.A.Ş.,0.0004052942624432354,0.24489795918367352,7,1,1,1,0.0,0.0,-7.81042576402339
firm_bicm_pb_mobs_fdr0.05,ERKİN BİLİŞİM İLETİŞİM GÜVENLİK İNŞAAT SANAYİ VE TİCARET LİMİTED ŞİRKETİ,0.0004052942624432354,0.24489795918367352,7,1,1,1,0.0,0.0,-7.81042576402339
firm_bicm_pb_mobs_fdr0.05,BERKA BİLGİ TEKNOLOJ İLERİ VE DANIŞMA NLIK HİZMET.A.Ş.,0.0004052942624432354,0.24489795918367352,7,1,1,1,0.0,0.0,-7.81042576402339
firm_bicm_pb_mobs_fdr0.05,INFOTECH BİLİŞİM VE İLETİŞİM TEK.SAN .VE TİC.A.Ş.,0.0004052942624432354,0.24489795918367352,7,1,1,1,0.0,0.0,-7.81042576402339
firm_bicm_pb_mobs_fdr0.05,MOR YAZILIM HİZMETLERİ VE BİLGİSAYARSİSTEML.LTD.ŞTİ.,0.000404979816058595,0.31999999999999984,5,2,2,2,0.6931471805599453,0.6931471805599453,-7.811201546319543
firm_bicm_pb_mobs_fdr0.05,ELEKTROSER BÜRO MAKİNALARI TEKNİK SERVİS SANAYİ VE TİCARET LTD.ŞTİ.,0.0004034619204991951,0.3905325443786982,13,1,2,2,0.6931471805599453,0.6931471805599453,-7.814954890513407
firm_bicm_pb_mobs_fdr0.05,SYBASE YAZILIM ÜRÜNLERİ VE BİLİŞİM HİZMETLERİ LİMİTED ŞİRKETİ,0.0003975464757597001,0.7160493827160495,9,1,3,4,1.0986122886681098,1.3862943611198906,-7.829718108589588
firm_bicm_pb_mobs_fdr0.05,ISS YAZILIM BİLİŞİM DANIŞMANLIK ENERJİ SANAYİ VE TİCARET LİMİTED ŞİRKETİ,0.0003940637412434528,0.0,3,2,1,3,0.0,1.0986122886681098,-7.838513033451218
firm_bicm_pb_mobs_fdr0.05,EGROUP TIBBİ CİHAZLAR TEKNOLOJİ DANIŞMANLIK İNŞAAT İTHALAT İHRACAT LİMİTED ŞİRKETİ,0.0003940637412434528,0.0,3,1,1,1,0.0,0.0,-7.838513033451218
firm_bicm_pb_mobs_fdr0.05,KENTBT AKILLI ŞEHİR VE YAŞAM TEKNOLOJİLERİ ANONİM ŞİRKETİ,0.0003938726337064772,0.0,4,1,2,3,0.6931471805599453,1.0986122886681098,-7.838997881945565
firm_bicm_pb_mobs_fdr0.05,MAH ZEN GRUP İNŞAAT BİLGİSAYAR TEMİZLİK TURİZM TEKSTİL MADENCİLİK TİCARET VE SANAYİ LİMİTED ŞİRKETİ.,0.0003936815261695017,0.0,5,1,4,6,1.3862943611198906,1.791759469228055,-7.83948296563201
firm_bicm_pb_mobs_fdr0.05,PSEUDONYM_284,0.0003905676717352042,0.06444444444444453,30,3,2,6,0.6931471805599453,1.791759469228055,-7.847420121167983
firm_bicm_pb_mobs_fdr0.05,SELEVRE BİLİŞİM ORĞ.HİZ.DANŞ.SAN.LTDŞTİ.,0.0003905676717352042,0.06444444444444453,30,3,2,4,0.6931471805599453,1.3862943611198906,-7.847420121167983
firm_bicm_pb_mobs_fdr0.05,BİR BİLEN BİLİŞİM LİMİTED ŞİRKETİ,0.0003876212120003276,0.76,10,1,1,1,0.0,0.0,-7.8549890479003714
firm_bicm_pb_mobs_fdr0.05,BÜKEY FOTOĞRAFÇILIK TİC LTD ŞTİ.,0.0003876212120003276,0.76,10,1,1,1,0.0,0.0,-7.8549890479003714
firm_bicm_pb_mobs_fdr0.05,Fİ TEKNOLOJİ VE MÜHENDİSLİK LİMİTED ŞİRKETİ,0.0003876212120003276,0.76,10,1,1,4,0.0,1.3862943611198906,-7.8549890479003714
firm_bicm_pb_mobs_fdr0.05,PSEUDONYM_326,0.0003842430496955056,0.21875,8,1,1,1,0.0,0.0,-7.863738026250577
firm_bicm_pb_mobs_fdr0.05,JEO İNTERNET TEKNOLOJİLERİ BİLGİSAYAR BİLİŞİM MÜHENDİSLİK ENERJİ TİCARET LİMİTED ŞİRKETİ,0.0003842430496955056,0.21875,8,1,1,1,0.0,0.0,-7.863738026250577
firm_bicm_pb_mobs_fdr0.05,PSEUDONYM_174,0.0003842430496955056,0.21875,8,1,1,1,0.0,0.0,-7.863738026250577
firm_bicm_pb_mobs_fdr0.05,ETİQA BİLİŞİM HİZMETLERİ ANONİM ŞİRKETİ,0.00038054385208665265,0.2551020408163266,14,2,2,3,0.6931471805599453,1.0986122886681098,-7.873407068942626
firm_bicm_pb_mobs_fdr0.05,BİZTEK SİBER GÜVENLİK VE BİLİŞİM TEKNOLOJİLERİ DANIŞMANLIK TİCARET ANONİM ŞİRKETİ,0.00038054385208665265,0.2551020408163266,14,2,2,2,0.6931471805599453,0.6931471805599453,-7.873407068942626
firm_bicm_pb_mobs_fdr0.05,ATLANTİK BİLGİSAYARİLETİŞİM MED.TU.BÜ.İT.İH.T.LT.ŞT,0.00037882879922318026,0.40625,8,2,2,2,0.6931471805599453,0.6931471805599453,-7.877921829828079
firm_bicm_pb_mobs_fdr0.05,PROVUS TEKNİK HİZMETLERİ VE BİLİŞİM A.Ş.,0.0003781065191797138,0.7901234567901234,9,1,1,1,0.0,0.0,-7.87982929989324
firm_bicm_pb_mobs_fdr0.05,İSOMER BİLİŞİM HİZM. SAN.VE TİC.LTD.Ş Tİ.,0.0003781065191797138,0.7901234567901234,9,1,1,1,0.0,0.0,-7.87982929989324
firm_bicm_pb_mobs_fdr0.05,YAKO BİLGİSAYAR SANAYİ VE TİCARET LİMİTED ŞİRKETİ,0.0003678114306975552,0.0,42,1,1,3,0.0,1.0986122886681098,-7.907420722442688
firm_bicm_pb_mobs_fdr0.05,İNFOMAB COĞRAFİ BİLGİ TEKNOLOJİLERİ A.Ş.,0.0003678114306975552,0.0,42,1,1,1,0.0,0.0,-7.907420722442688
firm_bicm_pb_mobs_fdr0.05,NETEL BİLİŞİM OTOMASYON VE ELEKTRİK TAAHHÜT DIŞ TİCARET LİMİTED ŞİRKETİ,0.0003678114306975552,0.0,42,1,1,1,0.0,0.0,-7.907420722442688
firm_bicm_pb_mobs_fdr0.05,AKSİYON TEKNOLOJİ HİZMETLERİ TİCARET LİMİTED ŞİRKETİ,0.0003678114306975552,0.0,42,1,1,1,0.0,0.0,-7.907420722442688
firm_bicm_pb_mobs_fdr0.05,BAŞKENT ULUSLARARASIAJANS TURİZM İÇVE DIŞ TİC.LTD.Ş,0.0003678114306975552,0.0,42,1,1,1,0.0,0.0,-7.907420722442688
firm_bicm_pb_mobs_fdr0.05,I MEAN IT REKLAM TASARIM PAZARLAMA TİCARET LİMİTED ŞİRKETİ,0.0003678114306975552,0.0,42,1,1,1,0.0,0.0,-7.907420722442688
firm_bicm_pb_mobs_fdr0.05,PSEUDONYM_031,0.0003678114306975552,0.0,42,2,1,2,0.0,0.6931471805599453,-7.907420722442688
firm_bicm_pb_mobs_fdr0.05,ODAMOBİL TEKNOLOJİ LİMİTED ŞİRKETİ,0.0003678114306975552,0.0,42,1,1,1,0.0,0.0,-7.907420722442688
firm_bicm_pb_mobs_fdr0.05,KOÜ TEKNOPARK ANONİMŞİRKETİ,0.0003678114306975552,0.0,42,2,1,3,0.0,1.0986122886681098,-7.907420722442688
firm_bicm_pb_mobs_fdr0.05,NBN BİLİŞİM VE TİCARET LİMİTED ŞİRKETİ,0.0003678114306975552,0.0,42,3,1,4,0.0,1.3862943611198906,-7.907420722442688
firm_bicm_pb_mobs_fdr0.05,BASİSTEK BİLGİ TEKNO LOJİLERİ SAN VE TİC LTD ŞTİ.,0.0003678114306975552,0.0,42,1,1,1,0.0,0.0,-7.907420722442688
firm_bicm_pb_mobs_fdr0.05,TEKNOTEL ENERJİ TELEKOMÜNİKASYON İNŞAAT SANAYİ VE TİCARET ANONİM ŞİRKETİ,0.0003678114306975552,0.0,42,1,1,1,0.0,0.0,-7.907420722442688
firm_bicm_pb_mobs_fdr0.05,EDİ TASARIM MİMARLIKELEK.REK.İNŞ.SAN.VE TİC.LTD.ŞTİ.,0.0003678114306975552,0.0,42,1,1,4,0.0,1.3862943611198906,-7.907420722442688
firm_bicm_pb_mobs_fdr0.05,FORMALİS BİLGİ TEKNOLOJİLERİ ANONİM ŞİRKETİ,0.0003678114306975552,0.0,42,1,1,2,0.0,0.6931471805599453,-7.907420722442688
firm_bicm_pb_mobs_fdr0.05,STANDTASARIM STAND TASARIM VE DEK.SAN.TİC.LTD.ŞTİ.,0.0003678114306975552,0.0,42,1,1,1,0.0,0.0,-7.907420722442688
firm_bicm_pb_mobs_fdr0.05,PSEUDONYM_700,0.0003678114306975552,0.0,42,1,1,1,0.0,0.0,-7.907420722442688
firm_bicm_pb_mobs_fdr0.05,ARGEM YAZILIM VE DANIŞMANLIK TİCARET LİMİTED ŞİRKETİ,0.0003669290177194355,0.2688614540466392,27,1,1,2,0.0,0.6931471805599453,-7.909821446691192
firm_bicm_pb_mobs_fdr0.05,ARGEDE BİLİŞİM TEKNOLOJİLERİ SANAYİ VE TİCARET LİMİTED ŞİRKETİ,0.0003669290177194355,0.2688614540466392,27,1,1,1,0.0,0.0,-7.909821446691192
firm_bicm_pb_mobs_fdr0.05,HEY TEKNOLOJİ YAZILIM DANIŞMANLIK SANAYİ VE TİCARET LİMİTED ŞİRKETİ,0.0003669290177194355,0.2688614540466392,27,1,1,1,0.0,0.0,-7.909821446691192
firm_bicm_pb_mobs_fdr0.05,KEYS TEKNOLOJİ YATIRIMLARI DANIŞMANLIK TURİZM TAAHHÜT İÇ VE DIŞ TİCARET ANONİM ŞİRKETİ,0.0003669290177194355,0.2688614540466392,27,1,1,1,0.0,0.0,-7.909821446691192
firm_bicm_pb_mobs_fdr0.05,HAN GRUP TANITIM AJANS ORGANİZASYON BİLİŞİM BASIN YAYIN İLETİŞİM DANIŞMANLIK HİZMETLERİ TİCARET LİMİTED ŞİRKETİ,0.0003669290177194355,0.2688614540466392,27,1,1,1,0.0,0.0,-7.909821446691192
firm_bicm_pb_mobs_fdr0.05,BRIDGE BİLİŞİM TEKNOLOJİ DANIŞMANLIK YATIRIM ANONİM ŞİRKETİ,0.0003669290177194355,0.2688614540466392,27,1,1,1,0.0,0.0,-7.909821446691192
firm_bicm_pb_mobs_fdr0.05,VOLARİSTECH BİLİŞİM TEKNOLOJİLERİ ELEKTRONİK OTOMASYON SİSTEMLERİ YAZILIM MEKANİK TİCARET LİMİTED ŞİRKETİ,0.0003669290177194355,0.2688614540466392,27,1,1,1,0.0,0.0,-7.909821446691192
firm_bicm_pb_mobs_fdr0.05,RİGEL YAZILIM VE BİLGİ TEKNOLOJİLERİ SANAYİ TİCARET LİMİTED ŞİRKETİ,0.0003669290177194355,0.2688614540466392,27,1,1,1,0.0,0.0,-7.909821446691192
firm_bicm_pb_mobs_fdr0.05,ARK BİLİŞİM MEDİKAL SANAYİ VE TİCARET LİMİTED ŞİRKETİ,0.0003669174400168426,0.2777777777777777,6,1,3,6,1.0986122886681098,1.791759469228055,-7.909852983739587
firm_bicm_pb_mobs_fdr0.05,ARNİL-NET BİLGİSAYAR İLETİŞİM HİZMETLERİ YAZILIM TURİZM SANAYİ VE TİCARET LİMİTED ŞİRKETİ,0.0003601246796833789,0.4444444444444444,6,2,17,43,2.833213344056216,3.7612001156935624,-7.928529724294347
firm_bicm_pb_mobs_fdr0.05,VERİGO TEKNOLOJİ VE İNŞAAT TİCARET LİMİTED ŞİRKETİ,0.0003600518772813437,0.38927335640138416,34,1,1,1,0.0,0.0,-7.928731796367044
firm_bicm_pb_mobs_fdr0.05,YERSİS ANALİZ MODELLEME EĞİTİM DANIŞMANLIK HİZMETLERİ SANAYİ VE TİCARET LİMİTED ŞİRKETİ,0.0003600518772813437,0.38927335640138416,34,1,1,1,0.0,0.0,-7.928731796367044
firm_bicm_pb_mobs_fdr0.05,NİLTEK YAZILIM TEKNOLOJİLERİ ANONİM ŞİRKETİ,0.0003600518772813437,0.38927335640138416,34,1,1,1,0.0,0.0,-7.928731796367044
firm_bicm_pb_mobs_fdr0.05,TELEMETRİK ELEKTRONİ K YAZILIM BİLGİS.SAN TİC.LTD.ŞTİ.,0.0003600518772813437,0.38927335640138416,34,1,1,1,0.0,0.0,-7.928731796367044
firm_bicm_pb_mobs_fdr0.05,COĞRAFİ MÜHENDİSLİK HİZMETLERİ TİCARET LİMİTED ŞİRKETİ,0.0003600518772813437,0.38927335640138416,34,1,1,1,0.0,0.0,-7.928731796367044
firm_bicm_pb_mobs_fdr0.05,ELADA TEKNOLOJİ ANONİM ŞİRKETİ,0.0003600518772813437,0.38927335640138416,34,2,1,2,0.0,0.6931471805599453,-7.928731796367044
firm_bicm_pb_mobs_fdr0.05,KM BİLİŞİM ELKT.KIR.TEM.OY.EĞ.SAN.VETİC.LTD.ŞTİ,0.00036003368561816744,0.0,15,1,4,6,1.3862943611198906,1.791759469228055,-7.928782295955608
firm_bicm_pb_mobs_fdr0.05,NEBULA BİLİŞİM SİSTEMLERİ SAN.VE TİCLTD.ŞTİ.,0.0003556212980475158,0.25765306122448983,28,1,1,1,0.0,0.0,-7.941106916604869
firm_bicm_pb_mobs_fdr0.05,İNFİNİDİUM TEKNOLOJİ VE BİLİŞİM SANAYİ TİCARET ANONİM ŞİRKETİ,0.0003556212980475158,0.25765306122448983,28,1,1,1,0.0,0.0,-7.941106916604869
firm_bicm_pb_mobs_fdr0.05,7GEN BİLGİ VE İLETİŞ İM HİZMETLERİ SA N.VE TİC.LTD.ŞTİ,0.0003556212980475158,0.25765306122448983,28,1,1,1,0.0,0.0,-7.941106916604869
firm_bicm_pb_mobs_fdr0.05,C.S.S.YAZILIM ÇÖZÜML ERİ LTD ŞTİ,0.0003556212980475158,0.25765306122448983,28,1,1,2,0.0,0.6931471805599453,-7.941106916604869
firm_bicm_pb_mobs_fdr0.05,PSEUDONYM_153,0.0003556212980475158,0.25765306122448983,28,1,1,1,0.0,0.0,-7.941106916604869
firm_bicm_pb_mobs_fdr0.05,GOBLİN SİSTEM ELEKTRONİK ANONİM ŞİRKETİ,0.0003556212980475158,0.25765306122448983,28,1,1,1,0.0,0.0,-7.941106916604869
firm_bicm_pb_mobs_fdr0.05,TES BİLİŞİM HİZMETLERİ SANAYİ VE TİCARET LİMİTED ŞİRKETİ,0.0003556212980475158,0.25765306122448983,28,1,1,1,0.0,0.0,-7.941106916604869
firm_bicm_pb_mobs_fdr0.05,BPM ULUSLARARASI MÜŞAVİRLİK İNŞAAT TAAHÜT LTD.ŞTİ.,0.0003556212980475158,0.25765306122448983,28,1,1,1,0.0,0.0,-7.941106916604869
firm_bicm_pb_mobs_fdr0.05,ON İLAÇLAMA SAĞLIK HİZMETLERİ İNŞAAT ELETRONİK GIDA ÜRÜNLERİ BİLGİSAYAR TEMİZLİK HİZMETLERİ İNSAN KAYNAKLARI VE TAAHHÜT SANAYİ TİCARET LİMİTED ŞİRKETİ,0.00035454504832116684,0.6599999999999999,10,4,6,13,1.791759469228055,2.5649493574615367,-7.944136267750758
firm_bicm_pb_mobs_fdr0.05,URBAN HACKS BİLGİ TEKNOLOJİLERİ LİMİTED ŞİRKETİ,0.00035095737614507526,0.31999999999999984,5,1,1,1,0.0,0.0,-7.954301393517363
firm_bicm_pb_mobs_fdr0.05,AYATEK TEKNOLOJİ YAZILIM BİLGİS.ELK.TELKİNŞ.SAN.VE TİC.LTD.Ş,0.00035095737614507526,0.31999999999999984,5,1,1,1,0.0,0.0,-7.954301393517363
firm_bicm_pb_mobs_fdr0.05,ZERODAY BİLGİ TEKNOLOJİLERİ SANAYİ VE TİCARET ANONİM ŞİRKETİ,0.000345862578765621,0.4444444444444444,3,1,1,1,0.0,0.0,-7.9689166322187726
firm_bicm_pb_mobs_fdr0.05,PSEUDONYM_340,0.000345862578765621,0.4444444444444444,3,1,1,1,0.0,0.0,-7.9689166322187726
firm_bicm_pb_mobs_fdr0.05,IDVLABS YAZILIM VE DANIŞMANLIK HİZMETLERİ ANONİM ŞİRKETİ,0.0003424972118566574,0.3377777777777776,15,3,3,4,1.0986122886681098,1.3862943611198906,-7.978689213721682
firm_bicm_pb_mobs_fdr0.05,ÖZNET TEMİZLİK ORMAN ÜRÜNLERİ BİLGİSAYAR OTOMASYON KARGO KURYE SERVİS ZİRAAT ELEK.ELEKT.İNŞ.YEMEK.PAZ.TİC.VE SAN.LİMİTED ŞİRKETİ,0.0003394049413518341,0.0,3,1,1,2,0.0,0.6931471805599453,-7.9877537381977985
firm_bicm_pb_mobs_fdr0.05,ROTA HİZMET ORGANİZASYON SANAYİ TİCARET LİMİTED ŞİRKETİ,0.0003394049413518341,0.0,3,1,1,1,0.0,0.0,-7.9877537381977985
firm_bicm_pb_mobs_fdr0.05,MARMARA ŞEHİRCİLİK KENTSEL DÖNÜŞÜM PROJE GELİŞTİRME YÖNETİM ANONİM ŞİRKETİ,0.0003389319110813523,0.5925925925925926,9,1,1,1,0.0,0.0,-7.989147629631579
firm_bicm_pb_mobs_fdr0.05,E&amp;K ARGE MÜHENDİSLİK DANIŞMANLIK TURİZM İNŞAAT ORMAN ÜRÜNLERİ ENERJİ SANAYİ TİCARET LİMİTED ŞİRKETİ,0.0003389319110813523,0.5925925925925926,9,1,1,1,0.0,0.0,-7.989147629631579
firm_bicm_pb_mobs_fdr0.05,ASİST BİLGİ TEKNOLOJİLERİ ANONİM ŞİRKETİ,0.0003389319110813523,0.5925925925925926,9,1,1,1,0.0,0.0,-7.989147629631579
firm_bicm_pb_mobs_fdr0.05,PSEUDONYM_244,0.00033371531492154674,0.6666666666666667,3,1,1,1,0.0,0.0,-8.004649776523033
firm_bicm_pb_mobs_fdr0.05,VİRÜS BİLGİSAYAR ELEKT.ELEKTRONİK İLETİ.SAN.TİC.LTD.,0.000329975332762517,0.31999999999999984,5,2,3,3,1.0986122886681098,1.0986122886681098,-8.015913666108878
firm_bicm_pb_mobs_fdr0.05,MAH ZEN GRUP İNŞAAT BİLGİSAYAR TEMİZLİK İTHALAT İHRACAT SANAYİ VE TİCARET LİMİTED ŞİRKETİ,0.000329975332762517,0.31999999999999984,5,1,1,1,0.0,0.0,-8.015913666108878
firm_bicm_pb_mobs_fdr0.05,PSEUDONYM_459,0.0003286664240937585,0.44897959183673464,7,1,1,1,0.0,0.0,-8.019885935542481
firm_bicm_pb_mobs_fdr0.05,ATLANTİS İNSAN KAYNAKLARI TİCARET LİMİTED ŞİRKETİ,0.0003286664240937585,0.44897959183673464,7,1,1,1,0.0,0.0,-8.019885935542481
firm_bicm_pb_mobs_fdr0.05,SAV DANIŞMANLIK MEDİKAL İLAÇ SAĞLIK VE EĞİTİM HİZMETLERİ TİCARET LİMİTED ŞİRKETİ,0.0003286664240937585,0.44897959183673464,7,1,1,1,0.0,0.0,-8.019885935542481
firm_bicm_pb_mobs_fdr0.05,3 BAY ELEKTRONİK SANAYİ VE TİCARET LİMİTED ŞİRKETİ,0.00032339943623941773,0.21875,8,1,1,1,0.0,0.0,-8.03603159515872
firm_bicm_pb_mobs_fdr0.05,LABİRENT BİNA OTOMAS YON VE ELEKT.SİS .TİC.LTD.ŞTİ.,0.00031771814864077903,0.6020408163265307,14,1,1,1,0.0,0.0,-8.053744573838008
firm_bicm_pb_mobs_fdr0.05,TCDD TEKNİK MÜHENDİSLİK VE MÜŞAVİRLİK ANONİM ŞİRKETİ,0.00031771814864077903,0.6020408163265307,14,1,1,1,0.0,0.0,-8.053744573838008
firm_bicm_pb_mobs_fdr0.05,MECHSOFT BİLGİ VE İLETİŞİM TEKNOLOJİLERİ TİCARET ANONİM ŞİRKETİ,0.00031771814864077903,0.6020408163265307,14,1,1,1,0.0,0.0,-8.053744573838008
firm_bicm_pb_mobs_fdr0.05,N-D TEKNOLOJİ SİSTEMLERİ İLETİŞİM HİZMETLERİ İNŞAAT TAAHHÜT SANAYİ TURİZM TİCARET LİMİTED ŞİRKETİ,0.00031602017471187146,0.4444444444444444,3,1,1,1,0.0,0.0,-8.059099953089053
firm_bicm_pb_mobs_fdr0.05,PSEUDONYM_657,0.00031563466015791913,0.0,41,1,2,6,0.6931471805599453,1.791759469228055,-8.060319864490754
firm_bicm_pb_mobs_fdr0.05,PETRAN BİLGİ TEKNOLO JİLERİ SAN.VE Tİ C.LTD.ŞTİ.,0.00031563466015791913,0.0,41,2,2,4,0.6931471805599453,1.3862943611198906,-8.060319864490754
firm_bicm_pb_mobs_fdr0.05,DR DENTAL ELEKTRONİK İLİTİŞİM TİBBİ CİHAZLAR SANAYİ VE TİCARET LİMİTED ŞİRKETİ,0.00031473460496201684,0.56,5,1,1,1,0.0,0.0,-8.063173780288228
firm_bicm_pb_mobs_fdr0.05,GEN MEDYA ANONİM ŞİRKETİ,0.00031473460496201684,0.56,5,1,1,1,0.0,0.0,-8.063173780288228
firm_bicm_pb_mobs_fdr0.05,BES TEKNOLOJİ ELEKTRİK ELEKTRONİK GÜVENLİK SİSTEMLERİ SAN.VE TİC.LTD.ŞTİ.,0.0003120223393687003,0.6,10,1,2,9,0.6931471805599453,2.1972245773362196,-8.071823479363738
firm_bicm_pb_mobs_fdr0.05,SERVİSİON GÜVENLİK TEKNOLOJİLERİ İNŞAAT ANONİM ŞİRKETİ,0.00031156916252872245,0.5,2,1,1,1,0.0,0.0,-8.073276030672655
firm_bicm_pb_mobs_fdr0.05,MATE TEKNOLOJİ TİCARET LİMİTED ŞİRKETİ,0.00031031277627496665,0.5562130177514792,13,1,1,2,0.0,0.6931471805599453,-8.077314148417948
firm_bicm_pb_mobs_fdr0.05,DT TELEKOMÜNİKASYON BİLİŞİM VE DAYANIKLI TÜKETİM MALLARI SERVİS HİZM.TURİZM VE İNŞAAT TİC.LTD.ŞTİ.,0.00031031277627496665,0.5562130177514792,13,1,1,1,0.0,0.0,-8.077314148417948
firm_bicm_pb_mobs_fdr0.05,IPM BİLGİ İŞL.ELEKT.VE OTOM.İTH.İHR.SAN.TİC.LTD.ŞTİ.,0.00031031277627496665,0.5562130177514792,13,1,1,1,0.0,0.0,-8.077314148417948
firm_bicm_pb_mobs_fdr0.05,DATAPLATFORM BİLGİ SİSTEMLERİ ANONİM ŞİRKETİ,0.00031031277627496665,0.5562130177514792,13,1,1,1,0.0,0.0,-8.077314148417948
firm_bicm_pb_mobs_fdr0.05,PETRA İNSAN KAYNAKLARI EĞİTİM DANIŞMANLIK SAN. TİC. LTD. ŞTİ,0.00030675916861998243,0.40625,8,1,1,1,0.0,0.0,-8.08882479041058
firm_bicm_pb_mobs_fdr0.05,PLANET BİLGİSAYAR VE MAKİNE SANAYİ TİCARET LİMİTED ŞİRKETİ,0.00030675916861998243,0.40625,8,1,1,2,0.0,0.6931471805599453,-8.08882479041058
firm_bicm_pb_mobs_fdr0.05,DONAN BİLGİSAYAR DIŞ TİCARET VE SANAYİ LİMİTED ŞİRKETİ,0.000305467547513204,0.625,4,1,1,1,0.0,0.0,-8.09304158502417
firm_bicm_pb_mobs_fdr0.05,YAZ BİLGİ SİSTEMLERİVE TİC.A.Ş.,0.00030342923808270137,0.2479338842975206,22,1,1,1,0.0,0.0,-8.099732500130608
firm_bicm_pb_mobs_fdr0.05,BEŞORAK FİBER OPTİK VE YAP.KA.HİZ.ELK.İN.DA.Tİ.VE SA.LT.ŞTİ.,0.00030342923808270137,0.2479338842975206,22,1,1,1,0.0,0.0,-8.099732500130608
firm_bicm_pb_mobs_fdr0.05,ELİT ARGE YAZILIM BİLİŞİM PROJE REKLAM DANIŞMANLIK SANAYİ VE TİCARET LİMİTED ŞİRKETİ,0.00030342923808270137,0.2479338842975206,22,1,1,1,0.0,0.0,-8.099732500130608
firm_bicm_pb_mobs_fdr0.05,ŞEHİR BİLİŞİM MÜHENDİSLİK İNŞAAT SANAYİ VE TİCARET LİMİTED ŞİRKETİ,0.0003032834692058939,0.5277777777777778,12,2,2,2,0.6931471805599453,0.6931471805599453,-8.100212717883185
firm_bicm_pb_mobs_fdr0.05,PSEUDONYM_154,0.0003029784429844658,0.31404958677685935,11,1,1,2,0.0,0.6931471805599453,-8.101218336279292
firm_bicm_pb_mobs_fdr0.05,İ3 TEKNOLOJİ YATIRIMLARI ANONİM ŞİRKETİ,0.0003029784429844658,0.31404958677685935,11,1,1,1,0.0,0.0,-8.101218336279292
firm_bicm_pb_mobs_fdr0.05,İMEX GLOBAL DANIŞMANLIK VE DIŞ TİCARET LİMİTED ŞİRKETİ,0.0003029784429844658,0.31404958677685935,11,1,1,1,0.0,0.0,-8.101218336279292
firm_bicm_pb_mobs_fdr0.05,ORBİSİS BİLİŞİM SANAYİ VE TİCARET LİMİTED ŞİRKETİ,0.0003029784429844658,0.31404958677685935,11,1,1,1,0.0,0.0,-8.101218336279292
firm_bicm_pb_mobs_fdr0.05,SİSTEMAR TEKNOLOJİ VE BİLGİSAYAR SİSTEMLERİ SANAYİ VE TİCARET LİMİTED ŞİRKETİ,0.00030156679187410965,0.5,2,1,1,1,0.0,0.0,-8.105885519667863
firm_bicm_pb_mobs_fdr0.05,MUAD PLANLAMA MİMARLIK İNŞAAT SANAYİ VE TİCARET LİMİTED ŞİRKETİ,0.0002998957253024999,0.72,5,1,1,1,0.0,0.0,-8.111438682390308
firm_bicm_pb_mobs_fdr0.05,PSEUDONYM_572,0.0002998957253024999,0.72,5,1,1,1,0.0,0.0,-8.111438682390308
firm_bicm_pb_mobs_fdr0.05,MOREUM BİLİŞİM TEKNOLOJİLERİ A.Ş.,0.00029696951859313866,0.5306122448979591,14,1,3,4,1.0986122886681098,1.3862943611198906,-8.121237736635795
firm_bicm_pb_mobs_fdr0.05,PSEUDONYM_411,0.00029683218808875607,0.625,4,2,3,3,1.0986122886681098,1.0986122886681098,-8.121699985787277
firm_bicm_pb_mobs_fdr0.05,PSEUDONYM_456,0.0002944980842938253,0.37037037037037035,9,3,4,4,1.3862943611198906,1.3862943611198906,-8.129589344051638
firm_bicm_pb_mobs_fdr0.05,PAKSOY TEKNİK HİZMET LER VE TİCARET L TD.ŞTİ.,0.00029360388956673925,0.625,4,1,1,1,0.0,0.0,-8.132628322607346
firm_bicm_pb_mobs_fdr0.05,GNC GÜVENLİK HABERLEŞME BİLİŞİM İNŞAAT ELEKTRİK SANAYİ VE TİCARET LİMİTED ŞİRKETİ,0.00029360388956673925,0.625,4,1,1,1,0.0,0.0,-8.132628322607346
firm_bicm_pb_mobs_fdr0.05,ORATECH BİLİŞİM DANIŞMANLIK PAZARLAMA HİKMETLERİ SANAYİ VE TİCARET LİMİTED ŞİRKETİ,0.0002908688446222762,0.05709342560553643,34,2,2,3,0.6931471805599453,1.0986122886681098,-8.141981290846415
firm_bicm_pb_mobs_fdr0.05,VEKTORA BİLİŞİM TEKNOLOJİLERİ A.Ş.,0.00028954464105722383,0.4444444444444444,18,1,2,2,0.6931471805599453,0.6931471805599453,-8.146541262133683
firm_bicm_pb_mobs_fdr0.05,ESRİ BİLGİ SİSTEMLERİ MÜHENDİSLİK VE EĞİTİM LİMİTED ŞİRKETİ,0.000288300750225601,0.5,6,1,4,4,1.3862943611198906,1.3862943611198906,-8.150843695074434
firm_bicm_pb_mobs_fdr0.05,BİOPEST ÇEVRE SAĞLIĞI VE VEKTÖR KONTROLHİZ.LTD.ŞTİ.,0.00028757584108957774,0.0,12,1,6,11,1.791759469228055,2.3978952727983707,-8.153359611570167
firm_bicm_pb_mobs_fdr0.05,ASYA EĞİTİM TURİZM PROD.NAK.İNŞ.SAN.VE TİC.LTD.ŞTİ.,0.00028626937715907244,0.6133333333333333,15,1,1,1,0.0,0.0,-8.157909955593992
firm_bicm_pb_mobs_fdr0.05,EPİK MOBİL YAZILIM TİCARET LİMİTED ŞİRKETİ,0.00028626937715907244,0.6133333333333333,15,1,1,1,0.0,0.0,-8.157909955593992
firm_bicm_pb_mobs_fdr0.05,PSEUDONYM_467,0.00028626937715907244,0.6133333333333333,15,1,1,1,0.0,0.0,-8.157909955593992
firm_bicm_pb_mobs_fdr0.05,PSEUDONYM_044,0.00028626937715907244,0.6133333333333333,15,1,1,1,0.0,0.0,-8.157909955593992
firm_bicm_pb_mobs_fdr0.05,RKSOFT MÜHENDİSLİK BİLGİSAYAR PROGRAMLAMA DANIŞMANLIK EĞİTİM İTHALAT İHRACAT TİCARET LİMİTED ŞİRKETİ,0.00027697045672492467,0.4644970414201184,26,2,2,2,0.6931471805599453,0.6931471805599453,-8.190909957326157
firm_bicm_pb_mobs_fdr0.05,BTS KURUMSAL BİLİŞİM TEKNOLOJİLERİ ANONİM ŞİRKETİ,0.00026946188727811857,0.49382716049382713,9,1,1,1,0.0,0.0,-8.218374629937895
firm_bicm_pb_mobs_fdr0.05,TURKGEN YAZILIM DANIŞMANLIK SANAYİ VE TİCARET ANONİM ŞİRKETİ,0.00026946188727811857,0.49382716049382713,9,1,1,1,0.0,0.0,-8.218374629937895
firm_bicm_pb_mobs_fdr0.05,DURUKAN SOSYAL HİZMETLER BİLİŞİM EĞİTİM DANIŞMANLIK PEYZAJ TEMİZLİK TURİZM İTHALAT İHRACAT SANAYİ VE TİCARET LİMİTED ŞİRKETİ,0.00026946188727811857,0.49382716049382713,9,1,1,1,0.0,0.0,-8.218374629937895
firm_bicm_pb_mobs_fdr0.05,CAMPAK TEMİZLİK BİLGİ İŞLEM OTOMASYON SAĞLIK HİZMETLERİ İNŞAAT SANAYİ VE TİCARET ANONİM ŞİRKETİ,0.00026946188727811857,0.49382716049382713,9,2,1,13,0.0,2.5649493574615367,-8.218374629937895
firm_bicm_pb_mobs_fdr0.05,PSEUDONYM_580,0.0002670136739719431,0.2777777777777777,12,1,1,1,0.0,0.0,-8.227495221593188
firm_bicm_pb_mobs_fdr0.05,SENTEZ BİLGİ SİSTEMLERİ VE DANIŞMANLIK HİZMETLERİ TİCARET LİMİTED ŞİRKETİ,0.0002670136739719431,0.2777777777777777,12,1,1,1,0.0,0.0,-8.227495221593188
firm_bicm_pb_mobs_fdr0.05,GENÇ İNNOVATİON BİLİŞİM SİSTEMLERİ TİCARET LİMİTED ŞİRKETİ,0.0002670136739719431,0.2777777777777777,12,1,1,1,0.0,0.0,-8.227495221593188
firm_bicm_pb_mobs_fdr0.05,PSEUDONYM_176,0.0002670136739719431,0.2777777777777777,12,1,1,1,0.0,0.0,-8.227495221593188
firm_bicm_pb_mobs_fdr0.05,NEG TEKNOLOJİ SANAYİ VE TİCARET ANONİM ŞİRKETİ,0.0002670136739719431,0.2777777777777777,12,1,1,1,0.0,0.0,-8.227495221593188
firm_bicm_pb_mobs_fdr0.05,IDEA BİLGİ TEKNOLOJİ HİZMETLERİ VE TİCARET ANONİM ŞİRKETİ,0.0002670136739719431,0.2777777777777777,12,1,1,1,0.0,0.0,-8.227495221593188
firm_bicm_pb_mobs_fdr0.05,DARENDELİ TEKNOLOJİ SANAYİ VE TİCARET ANONİM ŞİRKETİ,0.00026694986425751467,0.7407407407407407,9,1,2,2,0.6931471805599453,0.6931471805599453,-8.22773405464964
firm_bicm_pb_mobs_fdr0.05,PSEUDONYM_581,0.00026297636128178156,0.5625,8,1,1,1,0.0,0.0,-8.24271996486499
firm_bicm_pb_mobs_fdr0.05,MEEAPPS YAZILIM VE İNTERNET TEKNOLOJİLERİ ANONİM ŞİRKETİ,0.00026297636128178156,0.5625,8,1,1,1,0.0,0.0,-8.24271996486499
firm_bicm_pb_mobs_fdr0.05,PSEUDONYM_651,0.00026297636128178156,0.5625,8,1,1,1,0.0,0.0,-8.24271996486499
firm_bicm_pb_mobs_fdr0.05,PSEUDONYM_613,0.00026297636128178156,0.5625,8,1,1,1,0.0,0.0,-8.24271996486499
firm_bicm_pb_mobs_fdr0.05,BİLİŞİM BİLGİSAYAR ELEKTRONİK ENDÜSTRİ VE OFİS OTOMASYON SİSTEMLERİ SANAYİ TİCARET LİMİTED ŞİRKETİ,0.0002614888233131449,0.5917159763313609,13,2,3,7,1.0986122886681098,1.9459101490553132,-8.24838843898777
firm_bicm_pb_mobs_fdr0.05,C/S ENFORMASYON TEKN OLOJİLERİ LTD.ŞT İ.,0.00025806604615600506,0.33136094674556205,26,1,1,1,0.0,0.0,-8.261554749697725
firm_bicm_pb_mobs_fdr0.05,A4 NETWORK BİLİŞİM TİCARET LİMİTED ŞİRKETİ,0.00025806604615600506,0.33136094674556205,26,1,1,1,0.0,0.0,-8.261554749697725
firm_bicm_pb_mobs_fdr0.05,ESC BİLGİ İŞLEM YAZI LIM DANŞ.VE REK. TİC.LTD.ŞTİ.,0.00025806604615600506,0.33136094674556205,26,1,1,1,0.0,0.0,-8.261554749697725
firm_bicm_pb_mobs_fdr0.05,"BMB SOFT BİLGİSAYARYAZILIM İLETİŞİMSİS.SAN.VE TİC.L, VBT BİLGİ TEKNOLOJİLERİ ANONİM ŞİRKETİ İş Ortaklığı",0.00025806604615600506,0.33136094674556205,26,1,1,1,0.0,0.0,-8.261554749697725
firm_bicm_pb_mobs_fdr0.05,VBT YAZILIM ANONİM ŞİRKETİ,0.00025806604615600506,0.33136094674556205,26,1,1,1,0.0,0.0,-8.261554749697725
firm_bicm_pb_mobs_fdr0.05,MASTERCOM BİLGİSAYARMOBİL.TEKSTİL VE İNŞAAT İTHALAT İHRACAT LTD.ŞTİ.,0.00025806604615600506,0.33136094674556205,26,1,1,1,0.0,0.0,-8.261554749697725
firm_bicm_pb_mobs_fdr0.05,ATA GRUP SOS.HİZ.TEMGID.BİL.PEY.İLETEĞT.ORG.TİC.LTD.,0.00025790062121434747,0.4800000000000001,10,1,1,1,0.0,0.0,-8.262195498435416
firm_bicm_pb_mobs_fdr0.05,AVATEK YAZILIM VE BİLGİ İŞLEM TEKNOLOJİLERİ DANIŞMANLIK SANAYİ TİCARET LİMİTED ŞİRKETİ,0.00025790062121434747,0.4800000000000001,10,1,1,2,0.0,0.6931471805599453,-8.262195498435416
firm_bicm_pb_mobs_fdr0.05,İNFOTELİCA BİLİŞİM YAZILIM VE DONANIM HİZMETLERİ SANAYİ VE TİCARET LİMİTED ŞİRKETİ,0.00025790062121434747,0.4800000000000001,10,1,1,1,0.0,0.0,-8.262195498435416
firm_bicm_pb_mobs_fdr0.05,UI SOFT BİLİŞİM TEKNOLOJİLERİ SANAYİ VE TİCARET LİMİTED ŞİRKETİ,0.00025790062121434747,0.4800000000000001,10,1,1,1,0.0,0.0,-8.262195498435416
firm_bicm_pb_mobs_fdr0.05,BEKAD BİLİŞİM EĞİTİM KÜLTÜR ARAŞTIRMA DERNEĞİ-İKTİSADİ İŞLETMESİ,0.00025558305359682976,0.31999999999999984,5,1,2,2,0.6931471805599453,0.6931471805599453,-8.271215685908274
firm_bicm_pb_mobs_fdr0.05,GAZİANTEP BİLİŞİM VE AKILLI KENT TEKNOLOJİLERİ ANONİM ŞİRKETİ,0.00025310416542985236,0.44897959183673464,7,2,2,2,0.6931471805599453,0.6931471805599453,-8.280954662927746
firm_bicm_pb_mobs_fdr0.05,BHA İMAR PLANLAMA MÜHENDİSLİK İNŞAAT İNŞAAT MALZEMELERİ MÜŞAVİRLİK TURİZM TARIM GIDA TEKSTİL VE PETROL ÜRÜNLERİ İTHALAT İHRACAT SANAYİ VE TİCARET LİMİTED ŞİRKETİ.,0.00024891366554965577,0.31999999999999984,5,1,1,1,0.0,0.0,-8.297636974552411
firm_bicm_pb_mobs_fdr0.05,HYPER TEKNOLOJİ LTD.ŞTİ.,0.00024390894409987432,0.25765306122448983,28,1,1,1,0.0,0.0,-8.317932369025645
firm_bicm_pb_mobs_fdr0.05,DOA BİLGİ TEKNOLOJİLERİ ANONİM ŞİRKETİ,0.00024390894409987432,0.25765306122448983,28,1,1,1,0.0,0.0,-8.317932369025645
firm_bicm_pb_mobs_fdr0.05,İKİTEK TEKNOLOJİ İNŞAAT SANAYİ VE TİCARET ANONİM ŞİRKETİ,0.00024390894409987432,0.25765306122448983,28,2,1,2,0.0,0.6931471805599453,-8.317932369025645
firm_bicm_pb_mobs_fdr0.05,OFİST MEDYA DANIŞMANLIK LİMİTED ŞİRKETİ,0.00024390894409987432,0.25765306122448983,28,1,1,1,0.0,0.0,-8.317932369025645
firm_bicm_pb_mobs_fdr0.05,METROBİL TEKNOLOJİ LİMİTED ŞİRKETİ,0.00024390894409987432,0.25765306122448983,28,2,1,2,0.0,0.6931471805599453,-8.317932369025645
firm_bicm_pb_mobs_fdr0.05,RAMOSİS TEKNOLOJİ TASARIM SANAYİ VE TİCARET LİMİTED ŞİRKETİ,0.00024390894409987432,0.25765306122448983,28,1,1,1,0.0,0.0,-8.317932369025645
firm_bicm_pb_mobs_fdr0.05,C TECH BİLİŞİM TEKNO LOJİLERİ SAN.VE TİC.A.Ş.,0.00024390894409987432,0.25765306122448983,28,1,1,1,0.0,0.0,-8.317932369025645
firm_bicm_pb_mobs_fdr0.05,BİLEN BİLGİSAYAR VE GÜVENLİK SİSTEMLERİ SANAYİ TİCARET LİMİTED ŞİRKETİ,0.00024390894409987432,0.25765306122448983,28,1,1,1,0.0,0.0,-8.317932369025645
firm_bicm_pb_mobs_fdr0.05,SİNERJİK BİLİŞİM ANONİM ŞİRKETİ,0.00024390894409987432,0.25765306122448983,28,1,1,1,0.0,0.0,-8.317932369025645
firm_bicm_pb_mobs_fdr0.05,2M YAZILIM BİLİŞİM TEKNOLOJİLERİ TİCARET LTD.ŞTİ.,0.00024390894409987432,0.25765306122448983,28,1,1,2,0.0,0.6931471805599453,-8.317932369025645
firm_bicm_pb_mobs_fdr0.05,PSEUDONYM_022,0.00024390894409987432,0.25765306122448983,28,1,1,1,0.0,0.0,-8.317932369025645
firm_bicm_pb_mobs_fdr0.05,EPATİ BİLİŞİM TEKN.SAN.VE TİC.LTD.ŞTİ,0.0002426460872379898,0.31999999999999984,5,2,2,2,0.6931471805599453,0.6931471805599453,-8.323119319510793
firm_bicm_pb_mobs_fdr0.05,SANAL SANTRAL TELEKOMÜNİKASYON TİCARET ANONİM ŞİRKETİ,0.0002426460872379898,0.31999999999999984,5,1,1,1,0.0,0.0,-8.323119319510793
firm_bicm_pb_mobs_fdr0.05,METAFORM BİLİŞİM VE İLETİŞİM TEKNOLOJİLERİ DANIŞMANLIK SANAYİ VE TİCARET LİMİTED ŞİRKETİ,0.0002426460872379898,0.31999999999999984,5,1,1,1,0.0,0.0,-8.323119319510793
firm_bicm_pb_mobs_fdr0.05,BİZ-ERK ETİKET MARKA LAMA REK.KALIP Ü SAN.TİC.LTD.ŞTİ.,0.0002408867310316913,0.2777777777777777,6,1,1,1,0.0,0.0,-8.330390695008226
firm_bicm_pb_mobs_fdr0.05,ALFABE İLETİŞİM VE H ALKLA İLİŞKİLER LTD. ŞTİ.,0.0002408867310316913,0.2777777777777777,6,1,1,1,0.0,0.0,-8.330390695008226
firm_bicm_pb_mobs_fdr0.05,VOLOMAPS SİSTEM MÜHENDİSLİĞİ İNŞAAT PAZARLAMA SANAYİ VE TİCARET LİMİTED ŞİRKETİ,0.0002408867310316913,0.2777777777777777,6,1,1,1,0.0,0.0,-8.330390695008226
firm_bicm_pb_mobs_fdr0.05,SAVRONİK SİST.TAAH.S AN.TİC.A.Ş.,0.00023690062618005956,0.5277777777777778,12,1,1,1,0.0,0.0,-8.347063429621159
firm_bicm_pb_mobs_fdr0.05,ARTBİL BİLGİSAYAR Sİ STEMLERİ YAYIN İ NŞ.TURZ.T.LTD.ŞT,0.00023690062618005956,0.5277777777777778,12,1,1,1,0.0,0.0,-8.347063429621159
firm_bicm_pb_mobs_fdr0.05,FDN SOFT BİLİŞİM TEKNOLOJİLERİ .SAN.TİC.LTD.ŞTİ.,0.00023690062618005956,0.5277777777777778,12,1,1,1,0.0,0.0,-8.347063429621159
firm_bicm_pb_mobs_fdr0.05,İSTANBUL ÇEKİRDEK ARAŞTIRMA GELİŞTİRME VE YAZILIM DANIŞMANLIK TİCARET LİMİTED ŞİRKETİ,0.00023576752217612052,0.56,5,1,1,1,0.0,0.0,-8.351854066130988
firm_bicm_pb_mobs_fdr0.05,YAZMER BİLGİSAYAR YAZILIM DONANIM DANIŞMANLIK SANAYİ VE TİCARET LİMİTED ŞİRKETİ,0.00023416093032635946,0.375,4,1,1,1,0.0,0.0,-8.358686137822252
firm_bicm_pb_mobs_fdr0.05,TREVİ TEKNOLOJİ BİLGİ İŞLEM DANIŞMANLIK İNTERNET HİZMETLERİ ELEKTRİK ELEKTRONİK SARF MALZEME TEKNİK SERVİS HİZMETLERİ İTHALAT İHRACAT SANAYİ VE TİCARET LİMİTED ŞİRKETİ,0.00023416093032635946,0.375,4,1,1,1,0.0,0.0,-8.358686137822252
firm_bicm_pb_mobs_fdr0.05,SZR BİLİŞİM TEKNOLOJİLERİ TİCARET LİMİTED ŞİRKETİ,0.00023386931593186066,0.6666666666666667,3,1,1,1,0.0,0.0,-8.359931255987314
firm_bicm_pb_mobs_fdr0.05,ENVEST ENERJİ VE SU TEKNOLOJİLERİ SANAYİ TİCARET LİMİTED ŞİRKETİ,0.00022876766857208441,0.5625,8,1,1,1,0.0,0.0,-8.381968587606043
firm_bicm_pb_mobs_fdr0.05,MISC YAZILIM BİLİŞİM VE DANIŞMANLIK LİMİTED ŞİRKETİ,0.0002269903309866532,0.625,4,1,1,1,0.0,0.0,-8.389761571093588
firm_bicm_pb_mobs_fdr0.05,PRİNTEL BÜRO MAKİNALARI TİCARET LTD.ŞTİ.,0.0002269903309866532,0.625,4,1,1,1,0.0,0.0,-8.389761571093588
firm_bicm_pb_mobs_fdr0.05,TETRA SİBER GÜVENLİK DANIŞMANLIK ANONİM ŞİRKETİ,0.00022562174541946323,0.21875,8,1,3,3,1.0986122886681098,1.0986122886681098,-8.395803986006705
firm_bicm_pb_mobs_fdr0.05,WOTECH BİLGİ TEKNOLOJİLERİ VE DANIŞMANLIK HİZMETLERİ LİMİTED ŞİRKETİ,0.0002253453218997558,0.6035502958579881,13,1,1,1,0.0,0.0,-8.39702886246071
firm_bicm_pb_mobs_fdr0.05,UTM OTOMASYON SİSTEMLERİ SANAYİ VE TİCARET LİMİTED ŞİRKETİ,0.0002253453218997558,0.6035502958579881,13,1,1,1,0.0,0.0,-8.39702886246071
firm_bicm_pb_mobs_fdr0.05,ERB TEKNOLOJİ VE BİLİŞİM HİZMETLERİ SANAYİ VE TİCARET ANONİM ŞİRKETİ,0.0002244344208757394,0.6799999999999999,10,1,1,1,0.0,0.0,-8.40107586044166
firm_bicm_pb_mobs_fdr0.05,KRİPTEK KRİPTO VE BİLİŞİM TEKNOLOJİLERİ SANAYİ TİCARET ANONİM ŞİRKETİ,0.00022435838694255105,0.75,4,1,1,1,0.0,0.0,-8.401414409693242
firm_bicm_pb_mobs_fdr0.05,BONİTA İNTERNET TEKNOLOJİ TİCARET LİMİTED ŞİRKETİ,0.00022217849311944506,0.18106139438085334,31,6,3,11,1.0986122886681098,2.3978952727983707,-8.411169692626412
firm_bicm_pb_mobs_fdr0.05,TAAB ULUSLARARASI TİCARET ANONİM ŞİRKETİ,0.000221973911954968,0.1049382716049383,18,1,1,1,0.0,0.0,-8.412090121180894
firm_bicm_pb_mobs_fdr0.05,ARTI BİLİŞİM TEKNOLOJİLERİ BİLGİSAYAR ELEKTRONİK VE OTOMASYON SİSTEMLERİ DIŞ TİCARET PAZARLAMA LİMİTED ŞİRKETİ,0.000221973911954968,0.1049382716049383,18,1,1,2,0.0,0.6931471805599453,-8.412090121180894
firm_bicm_pb_mobs_fdr0.05,PSEUDONYM_279,0.000221973911954968,0.1049382716049383,18,1,1,1,0.0,0.0,-8.412090121180894
firm_bicm_pb_mobs_fdr0.05,MARTI BÜRO SİSTEMLERİ İTHALAT İHRACAT VE DIŞ TİCARET LİMİTED ŞİRKETİ,0.000221973911954968,0.1049382716049383,18,1,1,1,0.0,0.0,-8.412090121180894
firm_bicm_pb_mobs_fdr0.05,E.K.S.ELEKTRONİK VEİLETİŞİM SİSTEMLERİ SANAYİ VE TİCARET LİMİTED ŞİRKETİ,0.000221973911954968,0.1049382716049383,18,1,1,1,0.0,0.0,-8.412090121180894
firm_bicm_pb_mobs_fdr0.05,PSEUDONYM_109,0.000221973911954968,0.1049382716049383,18,1,1,2,0.0,0.6931471805599453,-8.412090121180894
firm_bicm_pb_mobs_fdr0.05,"ZENİ SOSYAL HİZMETLER BİLGİSAYAR TAŞIMACILIK TEMİZLİK OTOMOTİV SANAYİ TİCARET LİMİTED ŞİRKETİ., ARÇAM TEMİZLİK MEDİKAL GIDA İNŞAAT TURİZM BİLGİSAYAR KRTASİYE SANAYİ TİCARAT LİMİTED ŞİRKETİ Ortak Girişimi",0.000221973911954968,0.1049382716049383,18,1,1,1,0.0,0.0,-8.412090121180894
firm_bicm_pb_mobs_fdr0.05,ŞİMŞEK OTOMASYON VE.TEM.HİZMT.TUR.İNŞAATTİCARET LTD.ŞTİ.,0.000221973911954968,0.1049382716049383,18,1,1,1,0.0,0.0,-8.412090121180894
firm_bicm_pb_mobs_fdr0.05,KARTOTEK HARİTA İNŞAAT ÜRETİM VE TEKNOLOJİLERİ TİCARET LİMİTED ŞİRKETİ,0.00022161629256457782,0.2551020408163266,14,1,1,1,0.0,0.0,-8.413701119756267
firm_bicm_pb_mobs_fdr0.05,BLİNK BİLİŞİM HİZETLERİ ANONİM ŞİRKETİ,0.00022161629256457782,0.2551020408163266,14,1,1,1,0.0,0.0,-8.413701119756267
firm_bicm_pb_mobs_fdr0.05,BAYLAN OTOMASYON SİSTEMLERİ BİLİŞİM SANAYİ TİCARET ANONİM ŞİRKETİ,0.00022161629256457782,0.2551020408163266,14,1,1,1,0.0,0.0,-8.413701119756267
firm_bicm_pb_mobs_fdr0.05,STT SİSTEM TRAFİK TEKNOLOJİ İNŞAAT MAKİNA SANAYİ VE TİCARET LİMİTED ŞİRKETİ,0.00022161629256457782,0.2551020408163266,14,1,1,1,0.0,0.0,-8.413701119756267
firm_bicm_pb_mobs_fdr0.05,PANTECH TEKNOLOJİ VE İNOVASYON ÇÖZÜMLERİ ANONİM ŞİRKETİ,0.00022161629256457782,0.2551020408163266,14,1,1,1,0.0,0.0,-8.413701119756267
firm_bicm_pb_mobs_fdr0.05,OANDA MÜHENDİSLİK DANIŞMANLIK İNŞAAT SANAYİ VE TİCARET LİMİTED ŞİRKETİ,0.00022161629256457782,0.2551020408163266,14,1,1,1,0.0,0.0,-8.413701119756267
firm_bicm_pb_mobs_fdr0.05,EMSAL MÜHENDİZLİK TAAHHÜT YAZILIM İNŞAAT ELEKTRİK İNSAN KAYNAKLARI İLETİŞİM SANAYİ VE TİCARET LİMİTED ŞİRKETİ,0.00022034330699127709,0.40625,8,1,1,1,0.0,0.0,-8.419456800297741
firm_bicm_pb_mobs_fdr0.05,SATEL HABERLEŞME HİZMETLERİ TİCARETLTD.ŞTİ.,0.00022034330699127709,0.40625,8,1,1,1,0.0,0.0,-8.419456800297741
firm_bicm_pb_mobs_fdr0.05,SPP MÜHENDİSLİK TAAHHÜT VE BİLİŞİM SANAYİ TİCARET LİMİTED ŞİRKETİ,0.00022034330699127709,0.40625,8,1,1,1,0.0,0.0,-8.419456800297741
firm_bicm_pb_mobs_fdr0.05,KARADENİZ HARİTA MÜHENDİSLİK MÜŞAVİRLİK VE TAAHHÜT LİMİTED ŞİRKETİ,0.00022034330699127709,0.40625,8,1,1,1,0.0,0.0,-8.419456800297741
firm_bicm_pb_mobs_fdr0.05,MOS BİLİŞİM TEKNOLOJ İLERİ YAZILIM DANIŞM ANLIK HİZ.LTD.ŞTİ.,0.0002195392098855114,0.53125,8,2,3,3,1.0986122886681098,1.0986122886681098,-8.423109593453734
firm_bicm_pb_mobs_fdr0.05,MAY SİBER TEKNOLOJİ BİLİŞİM BİLGİSAYAR EĞİTİM DANIŞMANLIK YAZILIM TİCARET SANAYİ ANONİM ŞİRKETİ,0.00021748967428865374,0.1768707482993197,21,2,2,2,0.6931471805599453,0.6931471805599453,-8.43248087186752
firm_bicm_pb_mobs_fdr0.05,PRODES GRUP BİLGİSAYAR YAZILIM BİLİŞİM İNŞAAT HİZMETLERİ SANAYİ VE TİCARET LİMİTED ŞİRKETİ,0.00021385041984957798,0.2816000000000001,25,2,2,3,0.6931471805599453,1.0986122886681098,-8.449340508560118
firm_bicm_pb_mobs_fdr0.05,SERVUS BİLİŞİM TEKNO LOJİLERİ A.Ş.,0.00020902883191109556,0.173828125,32,2,2,2,0.6931471805599453,0.6931471805599453,-8.472124517466199
firm_bicm_pb_mobs_fdr0.05,BRAIN BİLGİ TEKNOLOJİLERİ ANONİM ŞİRKETİ,0.00020896922457326714,0.0,6,2,2,2,0.6931471805599453,0.6931471805599453,-8.472409460816944
firm_bicm_pb_mobs_fdr0.05,DENİZHAN PROFESYONEL SİTE VE BİNA YÖNTEMİ SOSYAL HİZMETLER TEMİZLİK DANIŞMANLIK GIDA SANAYİ VE TİCARET LİMİTED ŞİRKETİ,0.00020759980875262592,0.21875,8,1,1,2,0.0,0.6931471805599453,-8.478978193971649
firm_bicm_pb_mobs_fdr0.05,ŞİTEM BİLİŞİM TAAHHÜT SOSYAL HİZMETLER İNSAN KAYNAKLARI İNŞAAT GIDA TAŞIMACILIK TEMİZLİK TEKSTİL SANAYİ VE TİCARET LİMİTED ŞİRKETİ,0.00020759980875262592,0.21875,8,2,1,2,0.0,0.6931471805599453,-8.478978193971649
firm_bicm_pb_mobs_fdr0.05,PSEUDONYM_238,0.00020759980875262592,0.21875,8,1,1,1,0.0,0.0,-8.478978193971649
firm_bicm_pb_mobs_fdr0.05,KURMAY BİLİŞİM DANIŞMANLIK GIDA TAŞIMACILIK TEMİZLİK TEKSTİL İNŞAAT TAAHHÜT SANAYİ VE TİCARET LİMİTED ŞİRKETİ,0.00020759980875262592,0.21875,8,1,1,1,0.0,0.0,-8.478978193971649
firm_bicm_pb_mobs_fdr0.05,AMP YAZILIM SANAYİ VE TİCARET LTD.ŞTİ.,0.0002047914601450691,0.29513888888888884,24,2,2,2,0.6931471805599453,0.6931471805599453,-8.49258561813895
firm_bicm_pb_mobs_fdr0.05,SOLENT BİLİŞİM TEKNOLOJİLERİ YAZILIM VE DONANIM ANONİM ŞİRKETİ,0.00020454277727327138,0.5454545454545454,11,2,2,2,0.6931471805599453,0.6931471805599453,-8.493799544994088
firm_bicm_pb_mobs_fdr0.05,CSK BİLİŞİM TEKNOLOJİLERİ SANAYİ VE TİCARET LİMİTED ŞİRKETİ,0.00020288487882880955,0.24489795918367352,7,1,1,1,0.0,0.0,-8.501930331888811
firm_bicm_pb_mobs_fdr0.05,GAZİSOFT BİLİŞİM SANAYİ TİC.LTD.ŞTİ,0.00020288487882880955,0.24489795918367352,7,3,1,3,0.0,1.0986122886681098,-8.501930331888811
firm_bicm_pb_mobs_fdr0.05,HMD BİLİŞİM VE TEKNOLOJİ HİZMETLERİ SANAYİ TİCARET LİMİTED ŞİRKETİ,0.00020288487882880955,0.24489795918367352,7,1,1,1,0.0,0.0,-8.501930331888811
firm_bicm_pb_mobs_fdr0.05,TEKE ORGANİZASYON ETKİNLİK YÖNETİMİ TİCARET LİMİTED ŞİRKETİ,0.00020288487882880955,0.24489795918367352,7,1,1,1,0.0,0.0,-8.501930331888811
firm_bicm_pb_mobs_fdr0.05,ERGUVAN BİLİŞİM SAN. VE TİC.A.Ş.,0.00020206526155179373,0.0,7,3,14,25,2.6390573296152584,3.2188758248682006,-8.505974511353305
firm_bicm_pb_mobs_fdr0.05,ERATECH TEKNOLOJİ Sİ STEMLERİ SAN.TİC .A.Ş.,0.00020172147297353005,0.4444444444444444,3,1,1,1,0.0,0.0,-8.507675723984896
firm_bicm_pb_mobs_fdr0.05,GRUPTECHS BİLGİ TEKNOLOJİLERİ YAPI VE DANIŞMANLIK LİMİTED ŞİRKETİ,0.00019981967443423478,0.31999999999999984,5,2,2,2,0.6931471805599453,0.6931471805599453,-8.51713928301327
firm_bicm_pb_mobs_fdr0.05,UNIKON BİLİŞİM SANAYİ VE DIŞ TİCARET LİMİTED ŞİRKETİ.,0.00019759323244460477,0.19753086419753085,9,1,1,1,0.0,0.0,-8.52833331288265
firm_bicm_pb_mobs_fdr0.05,BORDOTEK BİLGİSAYAR YAZ.EL.TE.DA.VE S.T.S.VE T.LTD.Ş,0.00019759323244460477,0.19753086419753085,9,1,1,1,0.0,0.0,-8.52833331288265
firm_bicm_pb_mobs_fdr0.05,UNIKON BİLİŞİM ARAÇ KİRALAMA SANAYİ VE DIŞ TİCARET LİMİTED ŞİRKETİ.,0.00019759323244460477,0.19753086419753085,9,1,1,1,0.0,0.0,-8.52833331288265
firm_bicm_pb_mobs_fdr0.05,BTSECTOR BİLİŞİM TEKNOLOJİ ANONİM ŞİRKETİ,0.000195783899918458,0.22916666666666663,24,2,2,2,0.6931471805599453,0.6931471805599453,-8.53752341984671
firm_bicm_pb_mobs_fdr0.05,BG-TEK BİLİŞİM GÜVENLİK TEKNOLOJİLERİ ULUSLAR ARASI EĞİTİM DANIŞMANLIĞI BİLGİSAYAR ELEKTRONİK GÜVENLİK SİSTEMLERİ İTHALAT İHRACAT SANAYİ VE TİCARET LİMİTED ŞİRKETİ,0.0001938381670260426,0.11072664359861584,17,1,2,2,0.6931471805599453,0.6931471805599453,-8.547501510475806
firm_bicm_pb_mobs_fdr0.05,KBM BİLGİSAYAR İLETİŞİM SANAYİ VE TİCARET LİMİTED ŞİRKETİ,0.00019293448368009887,0.4140625,16,2,1,2,0.0,0.6931471805599453,-8.552169848998766
firm_bicm_pb_mobs_fdr0.05,CYNOKS BİLİŞİM TEKNOLOJİLERİ DANIŞMANLIK HİZMETLERİ LİMİTED ŞİRKETİ,0.00019293448368009887,0.4140625,16,1,1,1,0.0,0.0,-8.552169848998766
firm_bicm_pb_mobs_fdr0.05,PSEUDONYM_386,0.00019293448368009887,0.4140625,16,1,1,1,0.0,0.0,-8.552169848998766
firm_bicm_pb_mobs_fdr0.05,CYBERDATA BİLGİ GÜVENLİĞİ VE TEKNOLOJİLERİ ANONİM ŞİRKETİ,0.00019293448368009887,0.4140625,16,1,1,1,0.0,0.0,-8.552169848998766
firm_bicm_pb_mobs_fdr0.05,RİSKAKTİF DANIŞMANLI K EĞİTİM VE YAZI LIM SAN.TİC.LTD.,0.00019293448368009887,0.4140625,16,1,1,1,0.0,0.0,-8.552169848998766
firm_bicm_pb_mobs_fdr0.05,KUARTSİS BİLİŞİM MÜHENDİSLİK EĞİTİM DANIŞMANLIK SANAYİ VE TİCARET LİMİTED ŞİRKETİ,0.00019293448368009887,0.4140625,16,1,1,1,0.0,0.0,-8.552169848998766
firm_bicm_pb_mobs_fdr0.05,SORENTUM TEKNOLOJİ SANAYİ VE TİCARET ANONİM ŞİRKETİ,0.00019131583448788941,0.4444444444444444,3,1,1,1,0.0,0.0,-8.560586499218033
firm_bicm_pb_mobs_fdr0.05,GLOBAL BİLGİ PAZARLAMA DANIŞMANLIK VE ÇAĞRI SERVİSİ HİZMETLERİ ANONİM ŞİRKETİ,0.00019131583448788941,0.4444444444444444,3,1,1,1,0.0,0.0,-8.560586499218033
firm_bicm_pb_mobs_fdr0.05,ULTRON BİLİŞİM ANONİM ŞİRKETİ,0.00019045887789108685,0.65625,8,1,1,1,0.0,0.0,-8.565071348093632
firm_bicm_pb_mobs_fdr0.05,UNX TEKNOLOJİ BİLİŞİM EĞİTİM DANIŞMANLIK LİMİTED ŞİRKETİ,0.00018983043948894257,0.20897959183673476,35,1,1,1,0.0,0.0,-8.568373086834125
firm_bicm_pb_mobs_fdr0.05,VALİN BİLGİ TEKNOLOJİLERİ VE İLETİŞİM DANIŞMANLIK SANAYİ VE TİCARET LİMİTED ŞİRKETİ,0.00018983043948894257,0.20897959183673476,35,1,1,1,0.0,0.0,-8.568373086834125
firm_bicm_pb_mobs_fdr0.05,VERİ-SİS VERİ VE İLETİŞİM SİST.SAN.VE TİC.A.Ş.,0.00018983043948894257,0.20897959183673476,35,2,1,2,0.0,0.6931471805599453,-8.568373086834125
firm_bicm_pb_mobs_fdr0.05,OBASE BİLGİSAYAR VE DANIŞMANLIK HİZMETLERİ TİCARET ANONİM ŞİRKETİ,0.00018983043948894257,0.20897959183673476,35,2,1,2,0.0,0.6931471805599453,-8.568373086834125
firm_bicm_pb_mobs_fdr0.05,KOMTAŞ BİLGİ YÖNETİMİ DAN.VE TİC.A.Ş.,0.00018983043948894257,0.20897959183673476,35,1,1,1,0.0,0.0,-8.568373086834125
firm_bicm_pb_mobs_fdr0.05,LİMATEK SİSTEM TEKNOLOJİLERİ SANAYİ VE TİCARET ANONİM ŞİRKETİ,0.00018983043948894257,0.20897959183673476,35,1,1,1,0.0,0.0,-8.568373086834125
firm_bicm_pb_mobs_fdr0.05,GG SOFT YAZILIM HİZM ETLERİ TİC.LTD.Ş Tİ.,0.00018983043948894257,0.20897959183673476,35,1,1,1,0.0,0.0,-8.568373086834125
firm_bicm_pb_mobs_fdr0.05,DİFOSE BİLİŞİM BİLGİSAYAR EĞİTİM DANIŞMANLIK İTHALAT İHRACAT TİCARET LİMİTED ŞİRKETİ,0.00018983043948894257,0.20897959183673476,35,1,1,1,0.0,0.0,-8.568373086834125
firm_bicm_pb_mobs_fdr0.05,SİSTEM 24 BİLİŞİM VEDANIŞMANLIK HİZMLTD.ŞTİ,0.00018983043948894257,0.20897959183673476,35,1,1,1,0.0,0.0,-8.568373086834125
firm_bicm_pb_mobs_fdr0.05,SAMYELİ LOJİSTİK SANAYİ TİCARET LİMİTED ŞİRKETİ,0.00018889859975224,0.2551020408163266,14,2,1,3,0.0,1.0986122886681098,-8.573289013769513
firm_bicm_pb_mobs_fdr0.05,AJANS İLETİŞİM VE TELEKOMÜNİKASYON HİZMETLERİ TİCARET LİMİTED ŞİRKETİ.,0.00018889859975224,0.2551020408163266,14,1,1,1,0.0,0.0,-8.573289013769513
firm_bicm_pb_mobs_fdr0.05,PSEUDONYM_620,0.00018889859975224,0.2551020408163266,14,1,1,1,0.0,0.0,-8.573289013769513
firm_bicm_pb_mobs_fdr0.05,MİRZA ÖZEL SAĞLIK HİZMETLERİ İNŞAAT TEMİZLİK BİLİŞİM OTOMOTİV SAN.VE TİC.LTD.ŞTİ.,0.00018889859975224,0.2551020408163266,14,1,1,1,0.0,0.0,-8.573289013769513
firm_bicm_pb_mobs_fdr0.05,PROCORE BİLİŞİM SANAYİ VE DIŞ TİCARET LİMİTED ŞİRKETİ,0.00018889859975224,0.2551020408163266,14,1,1,1,0.0,0.0,-8.573289013769513
firm_bicm_pb_mobs_fdr0.05,LODOS BİLGİSAYAR YAZILIM DONANIM VE DANIŞMANLIK TURİZM TİCARET LİMİTED ŞİRKETİ,0.00018889859975224,0.2551020408163266,14,3,1,4,0.0,1.3862943611198906,-8.573289013769513
firm_bicm_pb_mobs_fdr0.05,CEBECİ TEKNOLOJİ SANAYİ VE TİCARET ANONİM ŞİRKETİ,0.00018889859975224,0.2551020408163266,14,1,1,1,0.0,0.0,-8.573289013769513
firm_bicm_pb_mobs_fdr0.05,GO ON BİLİŞİM DANIŞMANLIK SANAYİ VE TİCARET LİMİTED ŞİRKETİ,0.00018889859975224,0.2551020408163266,14,1,1,1,0.0,0.0,-8.573289013769513
firm_bicm_pb_mobs_fdr0.05,HİPERLİNK EĞİTİM İLETİŞİM YAYINCILIK GIDA SAN.PAZ.VE TİC.LTD.ŞTİ.,0.00018889859975224,0.2551020408163266,14,1,1,1,0.0,0.0,-8.573289013769513
firm_bicm_pb_mobs_fdr0.05,PSEUDONYM_396,0.00018889859975224,0.2551020408163266,14,1,1,1,0.0,0.0,-8.573289013769513
firm_bicm_pb_mobs_fdr0.05,TEDERGA BİLİŞİM HİZMETLERİ LİMİTED ŞİRKETİ,0.00018889859975224,0.2551020408163266,14,1,1,1,0.0,0.0,-8.573289013769513
firm_bicm_pb_mobs_fdr0.05,PBS BİLGİSAYAR ELEKTGÜV.SİST.SAN.VEDIŞ TİC.LTD.ŞTİ.,0.00018800500387074093,0.5,6,2,2,2,0.6931471805599453,0.6931471805599453,-8.578025993047092
firm_bicm_pb_mobs_fdr0.05,MAVİON BİLİŞİM TEKNOLOJİLERİ SAN.VE TİC.LTD.ŞTİ.,0.00018640500385463886,0.0,8,2,2,2,0.6931471805599453,0.6931471805599453,-8.586564109041406
firm_bicm_pb_mobs_fdr0.05,AS GRUP TAAHHÜT ÖZEL SAĞLIK TURİZM İNŞAAT NAKLİYAT SANAYİ VE TİCARET LİMİTED ŞİRKETİ,0.0001854943963211356,0.625,4,1,1,4,0.0,1.3862943611198906,-8.591456154806036
firm_bicm_pb_mobs_fdr0.05,ODYA BİLİŞİM TEKNOLOJİLERİ ANONİM ŞİRKETİ,0.00018454285236027326,0.4913494809688581,17,1,1,1,0.0,0.0,-8.596593822488316
firm_bicm_pb_mobs_fdr0.05,BFC BİLİŞİM DANIŞMANLIK MÜHENDİSLİK EĞİTİM VE TİCARET LİMİTED ŞİRKETİ,0.00018454285236027326,0.4913494809688581,17,1,1,1,0.0,0.0,-8.596593822488316
firm_bicm_pb_mobs_fdr0.05,4G İLETİŞİM TEKNOLOJİ.BİLG.İML.SAN.TİC.ANONİM ŞİRKETİ,0.00018454285236027326,0.4913494809688581,17,1,1,1,0.0,0.0,-8.596593822488316
firm_bicm_pb_mobs_fdr0.05,VERİFY VERİ İLETİŞİMİ VE ENFORMASYON TEKNOLOJİSİ LİMİTED ŞİRKETİ,0.00018454285236027326,0.4913494809688581,17,1,1,1,0.0,0.0,-8.596593822488316
firm_bicm_pb_mobs_fdr0.05,MİRSİS BİLGİ TEKNOLO JİLERİ LTD.ŞTİ.,0.00018327785718443286,0.578125,16,1,1,1,0.0,0.0,-8.603465034357276
firm_bicm_pb_mobs_fdr0.05,METRİK BİLGİSAYAR YAZILIM DANIŞMANLIK SERVİS SANAYİ TİCARET LİMİTED ŞİRKETİ,0.00018327785718443286,0.578125,16,2,1,5,0.0,1.6094379124341003,-8.603465034357276
firm_bicm_pb_mobs_fdr0.05,MACROM TEKNOLOJİ ÜRÜNLERİ İTHALAT İHRACAT TASARIM BİLİŞİM BASIN YAYIN SAĞLIK EĞİTİM VE KUYUMCULUK SANAYİ TİCARET LİMİTED ŞİRKETİ,0.00018327785718443286,0.578125,16,1,1,1,0.0,0.0,-8.603465034357276
firm_bicm_pb_mobs_fdr0.05,METRİK BİLGİSAYAR YA ZILIM DAN.SERV.S AN.TİC.LTD.ŞTİ.,0.00018327785718443286,0.578125,16,1,1,1,0.0,0.0,-8.603465034357276
firm_bicm_pb_mobs_fdr0.05,PSEUDONYM_249,0.00018314674378499916,0.5,2,1,1,1,0.0,0.0,-8.604179925135108
firm_bicm_pb_mobs_fdr0.05,TWİN UP TEKNOLOJİ SANAYİ VE TİCARET LİMİTED ŞİRKETİ,0.00017956625400796642,0.7777777777777778,6,1,1,1,0.0,0.0,-8.623902607848779
firm_bicm_pb_mobs_fdr0.05,NETWORK KURUMSAL BİLGİSAYAR YAZILIM İNŞAAT LİMİTED ŞİRKETİ,0.00017956625400796642,0.7777777777777778,6,1,1,1,0.0,0.0,-8.623902607848779
firm_bicm_pb_mobs_fdr0.05,SEKON ELEKTRİK ELEKTRONİK MAKİNA OTOMASYON VE BİLİŞİM SANAYİ VE TİCARET LİMİTED ŞİRKETİ,0.00017831358198224764,0.44628099173553715,11,2,2,2,0.6931471805599453,0.6931471805599453,-8.630895685273302
firm_bicm_pb_mobs_fdr0.05,NETİKET BİLİŞİM İLE. DAN.EĞİT.HİZM.SA N.VE TİC.LTD.ŞTİ,0.00017766986755996444,0.4444444444444444,3,1,2,2,0.6931471805599453,0.6931471805599453,-8.634508351623124
firm_bicm_pb_mobs_fdr0.05,SERİPOS ELEKTRONİK VE BİLGİSAYAR SİSTEMLERİ LİMİTED ŞİRKETİ,0.00017734293817647676,0.625,4,1,1,1,0.0,0.0,-8.636348160605031
firm_bicm_pb_mobs_fdr0.05,KÖPRÜM İNŞAAT NAKLİYAT HAFRİYAT GIDA YEMEK SANAYİ VE TİCARET LİMİTED ŞİRKETİ,0.00017730998636354708,0.7222222222222222,6,1,1,1,0.0,0.0,-8.636533786247949
firm_bicm_pb_mobs_fdr0.05,DİJİTEK VİTAMİN YAZILIM BİLİŞİM HİZMETLERİ TAAHHÜT EĞİTİM SAĞLIK SANAYİ VE TİCARET LİMİTED ŞİRKETİ,0.00017383554047736938,0.5,2,1,1,1,0.0,0.0,-8.656302120968205
firm_bicm_pb_mobs_fdr0.05,İFOKS BİLİŞİM SAVUNMA TEKNOLOJİLERİ SANAYİ VE TİCARET ANONİM ŞİRKETİ,0.00017380028858884116,0.31999999999999984,5,3,3,4,1.0986122886681098,1.3862943611198906,-8.656504707525093
firm_bicm_pb_mobs_fdr0.05,BRONTO BİLİŞİM İLETİŞİM DANIŞMANLIK SANAYİ VE TİCARET LİMİTED ŞİRKETİ,0.00017258791138701653,0.2777777777777777,6,2,2,2,0.6931471805599453,0.6931471805599453,-8.663497127230048
firm_bicm_pb_mobs_fdr0.05,PROYA PROFESYONEL YA ZILIM ÇÖZÜM VE D ANI.TİC.LTD.ŞTİ.,0.00017099870462169257,0.17898022892819987,31,1,2,2,0.6931471805599453,0.6931471805599453,-8.672737604446324
firm_bicm_pb_mobs_fdr0.05,MİRSOFT BİLİŞİM YAZILIM TEKNOLOJİLERİ TİCARET LİMİTED ŞİRKETİ,0.000170877886670997,0.375,4,1,1,1,0.0,0.0,-8.673443607935301
firm_bicm_pb_mobs_fdr0.05,BİLGİ SİSTEMLERİ SAN .VE DIŞ TİC.LTD. ŞTİ.,0.00017078125811051135,0.31999999999999984,5,4,7,7,1.9459101490553132,1.9459101490553132,-8.674008618921674
firm_bicm_pb_mobs_fdr0.05,BYTEDATA BİLGİSAYAR SİS.TİC.LTD.ŞTİ.,0.00016596635791008775,0.5625,8,2,1,5,0.0,1.6094379124341003,-8.70257463220159
firm_bicm_pb_mobs_fdr0.05,YENİ NESİL SAĞLIK TURİZM OTOMOTİV İNŞAAT SOSYAL HİZMETLER GIDA SANAYİ VE TİCARET A.Ş.,0.00016596635791008775,0.5625,8,1,1,2,0.0,0.6931471805599453,-8.70257463220159
firm_bicm_pb_mobs_fdr0.05,FORESTALL BİLİŞİM ARGE VE DANIŞMANLIK HİZMETLERİ LİMİTED ŞİRKETİ,0.00016596635791008775,0.5625,8,1,1,1,0.0,0.0,-8.70257463220159
firm_bicm_pb_mobs_fdr0.05,AFATEK BİLİŞİM TEKNOLOJİ YAZILIM REKLAM İMALAT İTHALAT İHRACAT SANAYİ VE TİCARET LİMİTED ŞİRKETİ,0.00016596635791008775,0.5625,8,1,1,1,0.0,0.0,-8.70257463220159
firm_bicm_pb_mobs_fdr0.05,ESC MÜHENDİSLİK ANONİM ŞİRKETİ,0.0001648999787048269,0.16528925619834722,11,3,3,3,1.0986122886681098,1.0986122886681098,-8.709013198551416
firm_bicm_pb_mobs_fdr0.05,MLS BİLİŞİM SANAYİ VE TİCARET LTD ŞTİ,0.0001624390313661066,0.6938775510204083,7,1,1,1,0.0,0.0,-8.724032021919369
firm_bicm_pb_mobs_fdr0.05,MEKSEM MÜHENDİSLİK DANIŞMANLIK ENERJİ SİSTEMLERİ SANAYİ TİCARET LİMİTED ŞİRKETİ,0.00016181848814589967,0.5,2,1,1,1,0.0,0.0,-8.72785499187573
firm_bicm_pb_mobs_fdr0.05,ASİS SAVUNMA TEKNOLOJİLERİ TİCARET ANONİM ŞİRKETİ,0.00016079702483198219,0.5625,8,1,1,1,0.0,0.0,-8.734179907690725
firm_bicm_pb_mobs_fdr0.05,PSEUDONYM_332,0.0001602831245755113,0.5138888888888888,12,1,1,1,0.0,0.0,-8.7373771758691
firm_bicm_pb_mobs_fdr0.05,BAHÇEŞEHİR WİSSEN TEKNOLOJİ İNSAN KAYNAKLARI VE DANIŞMANLIK ANONİM ŞİRKETİ,0.0001602831245755113,0.5138888888888888,12,1,1,1,0.0,0.0,-8.7373771758691
firm_bicm_pb_mobs_fdr0.05,"İSKELE EĞİTİM SAĞLIK VE TURİZM HİZMETLERİ SANAYİ TİCARET LİMİTED ŞİRKETİ, TOPRAK SOSYAL HİZMETLER SAĞLIK İLAÇLAMA VETER.TEM.EĞ.İNŞ.TİC.LTD.ŞTİ. İş Ortaklığı",0.0001602831245755113,0.5138888888888888,12,1,1,1,0.0,0.0,-8.7373771758691
firm_bicm_pb_mobs_fdr0.05,TNETWORKS BİLİŞİM TEKNOLOJİLERİ ANONİM ŞİRKETİ,0.0001602831245755113,0.5138888888888888,12,1,1,1,0.0,0.0,-8.7373771758691
firm_bicm_pb_mobs_fdr0.05,CED TEKNOLOJİ DANIŞMANLIK BİLİŞİM VE DESTEK HİZMETLERİ TİCARET ANONİM ŞİRKETİ,0.00015949976559831425,0.058769513314967714,33,1,2,2,0.6931471805599453,0.6931471805599453,-8.742270654437238
firm_bicm_pb_mobs_fdr0.05,TÜRKTRUST BİLGİ İLET İŞİM VE BİL.GÜV. HİZ.A.Ş.,0.00015949976559831425,0.058769513314967714,33,2,2,2,0.6931471805599453,0.6931471805599453,-8.742270654437238
firm_bicm_pb_mobs_fdr0.05,ALANGOYA BİLGİ TEKNOLOJİLERİ YAZILIM BİLGİSAYAR EĞİTİM DANIŞMANLIK HİZMETLERİ SANAYİ VE TİCARET LİMİTED ŞİRKETİ,0.00015789656664504234,0.6419753086419753,9,2,2,2,0.6931471805599453,0.6931471805599453,-8.75236077895113
firm_bicm_pb_mobs_fdr0.05,TÜRK TELEKOMÜNİKASYAN ANONİM ŞİRKETİ,0.00015157515374379958,0.375,4,1,1,1,0.0,0.0,-8.793168975408053
firm_bicm_pb_mobs_fdr0.05,BÜRMAKSER BÜRO MAKİNA VE MALZEMELERİ GÜVENLİK SİSTEMLERİ İNŞAAT TAAHHÜT SANAYİ VE TİCARET LİMİTED ŞİRKETİ,0.0001515160552578022,0.4693877551020408,14,1,1,1,0.0,0.0,-8.793558455883481
firm_bicm_pb_mobs_fdr0.05,LİDYA DÖKÜMANTASYON VE DİJİTAL BASKI HİZMETLERİ SANAYİ TİCARET LİMİTED ŞİRKETİ,0.0001515160552578022,0.4693877551020408,14,1,1,1,0.0,0.0,-8.793558455883481
firm_bicm_pb_mobs_fdr0.05,KONYA BİLİM TEKNOLOJİ VE İNOVASYON HİZMETLERİ SANAYİ TİCARET ANONİM ŞİRKETİ,0.0001515160552578022,0.4693877551020408,14,2,1,4,0.0,1.3862943611198906,-8.793558455883481
firm_bicm_pb_mobs_fdr0.05,FERMUR HARİTA İNŞAAT SANAYİ VE TİC.LTD.ŞTİ,0.0001515160552578022,0.4693877551020408,14,1,1,1,0.0,0.0,-8.793558455883481
firm_bicm_pb_mobs_fdr0.05,NETS KIRTASİYE ANONİM ŞİRKETİ,0.0001515160552578022,0.4693877551020408,14,1,1,1,0.0,0.0,-8.793558455883481
firm_bicm_pb_mobs_fdr0.05,"KENTBİS YAZILIM İŞLE TİM MÜH.LTD.ŞTİ., BSK MÜHENDİSLİK SAN. VE TİC.LTD.ŞTİ. Ortak Girişimi",0.0001515160552578022,0.4693877551020408,14,1,1,1,0.0,0.0,-8.793558455883481
firm_bicm_pb_mobs_fdr0.05,DDS İLETİŞİM VE BİLİ ŞİM TİC VE SAN L TD ŞTİ.,0.0001511539039234232,0.4444444444444444,3,1,1,1,0.0,0.0,-8.795948483327832
firm_bicm_pb_mobs_fdr0.05,PSEUDONYM_622,0.0001511539039234232,0.4444444444444444,3,1,1,1,0.0,0.0,-8.795948483327832
firm_bicm_pb_mobs_fdr0.05,PEYTEM SOSYAL HİZMET LTD.ŞTİ,0.00015076650673179976,0.4970414201183433,13,2,2,2,0.6931471805599453,0.6931471805599453,-8.798511460759814
firm_bicm_pb_mobs_fdr0.05,BİLGE ELEKTRONİK BİLVE ENDÜS.SİS.GIDKAF.H.S.T.LTD.ŞT,0.00014574776046884333,0.45679012345679015,18,1,1,1,0.0,0.0,-8.832322736229317
firm_bicm_pb_mobs_fdr0.05,EKSPAR OTOMOTİV BİLİŞİM HİZMETLERİ ANONİM ŞİRKETİ,0.00014574776046884333,0.45679012345679015,18,1,1,1,0.0,0.0,-8.832322736229317
firm_bicm_pb_mobs_fdr0.05,DTEK BİLİŞİM SİSTEM VE ÇÖZÜMLERİ SANAYİ TİCARET LİMİTED ŞİRKETİ,0.00014574776046884333,0.45679012345679015,18,1,1,1,0.0,0.0,-8.832322736229317
firm_bicm_pb_mobs_fdr0.05,NARVERİ EĞİTİM BİLİŞİM DANIŞMANLIK YAYINCILIK REKLAM SANAYİ VE TİCARET LİMİTED ŞİRKETİ,0.00014574776046884333,0.45679012345679015,18,1,1,1,0.0,0.0,-8.832322736229317
firm_bicm_pb_mobs_fdr0.05,PSEUDONYM_356,0.0001448298387370678,0.31999999999999984,5,1,1,1,0.0,0.0,-8.838632368914249
firm_bicm_pb_mobs_fdr0.05,ÜNİ-PA ÜNİVERSİTE PA ZARLAMA VE BİLG İNTER TİC A Ş,0.00014399545123376778,0.56,5,2,3,3,1.0986122886681098,1.0986122886681098,-8.844402549866132
firm_bicm_pb_mobs_fdr0.05,KÖSTEBEK TEKNOLOJİ YAZIL.BİLİŞ.EĞİT.DANARA.GEL.TİC.LTD.ŞTİ,0.0001427846376208947,0.4177777777777779,15,1,1,1,0.0,0.0,-8.852835556371124
firm_bicm_pb_mobs_fdr0.05,SECURE FUTURE BİLGİ TEKNOLOJİLERİ VE HİZMETLERİ TİCARET ANONİM ŞİRKETİ,0.0001427846376208947,0.4177777777777779,15,1,1,1,0.0,0.0,-8.852835556371124
firm_bicm_pb_mobs_fdr0.05,SYMPRO BİLİŞİM TEKNOJİLERİ TİCARET LİMİTED ŞİRKETİ,0.0001427846376208947,0.4177777777777779,15,1,1,1,0.0,0.0,-8.852835556371124
firm_bicm_pb_mobs_fdr0.05,BTC BİLİŞİM HİZMETLERİ ANONİM ŞİRKETİ,0.0001427846376208947,0.4177777777777779,15,1,1,1,0.0,0.0,-8.852835556371124
firm_bicm_pb_mobs_fdr0.05,ATHENA BİLİŞİM ÇÖZÜMLERİ TİCARET LİMİTED ŞİRKETİ,0.0001427846376208947,0.4177777777777779,15,1,1,1,0.0,0.0,-8.852835556371124
firm_bicm_pb_mobs_fdr0.05,EXPERIAN BİLGİ HİZMETLERİ LİMİTED ŞİRKETİ,0.0001427846376208947,0.4177777777777779,15,1,1,1,0.0,0.0,-8.852835556371124
firm_bicm_pb_mobs_fdr0.05,CENTER ON DİGİTAL BİLİŞİM HİZMETLERİ ANONİM ŞİRKETİ,0.0001417769933498823,0.5185185185185186,9,1,1,1,0.0,0.0,-8.859908167240572
firm_bicm_pb_mobs_fdr0.05,ARYASOFT BİLGİ TEKNOLOJİLERİ YAZILIM VE DANIŞMANLIK SANAYİ TİCARET LİMİTED ŞİRKETİ,0.00014117795314163613,0.59375,8,2,1,2,0.0,0.6931471805599453,-8.864136635525519
firm_bicm_pb_mobs_fdr0.05,PERFORMA BİLGİ TEKNOLOJİLERİ DANIŞMANLIK EĞİTİM SANAYİ VE TİCARET ANONİM ŞİRKETİ,0.00014117795314163613,0.59375,8,1,1,1,0.0,0.0,-8.864136635525519
firm_bicm_pb_mobs_fdr0.05,TURKOSİS BİLGİ TEKNOLOJİLERİ LİMİTED ŞİRKETİ,0.00014117795314163613,0.59375,8,1,1,1,0.0,0.0,-8.864136635525519
firm_bicm_pb_mobs_fdr0.05,CETINSOFT YAZILIM BİLGİ TEKNOLOJİLERİ SANAYİ VE TİCARET LİMİTED ŞİRKETİ,0.00013863202071192612,0.6666666666666667,3,2,2,9,0.6931471805599453,2.1972245773362196,-8.882309893737498
firm_bicm_pb_mobs_fdr0.05,ÇÖZÜM YAZILIM DONANIM ELEKT.İÇ VE DIŞ TİC.A.Ş.,0.00013810838430872234,0.5625,8,1,1,1,0.0,0.0,-8.886088993590278
firm_bicm_pb_mobs_fdr0.05,PSEUDONYM_367,0.00013746223328416245,0.1844444444444444,30,1,2,2,0.6931471805599453,0.6931471805599453,-8.89077205626598
firm_bicm_pb_mobs_fdr0.05,DERTA PROJE MÜHENDİSLİK ELEKTRİK İNŞAAT TAAHHÜT SANAYİ VE TİCARET LİMİTED ŞİRKETİ,0.00013689346444026158,0.5,2,1,1,1,0.0,0.0,-8.894912508893414
firm_bicm_pb_mobs_fdr0.05,KORUDATA YAZILIM VE BİLGİ TEKNOLOJİLERİ ANONİM ŞİRKETİ,0.00013667600242741294,0.625,4,3,4,5,1.3862943611198906,1.6094379124341003,-8.896500103150785
firm_bicm_pb_mobs_fdr0.05,YEDİTEPE ARŞİV KÜLTÜR SANAT VE YAZILIM HİZMETLERİ SANAYİ VE TİCARET LTD.ŞTİ,0.00013600673029401692,0.25396825396825407,21,1,1,1,0.0,0.0,-8.901402039330874
firm_bicm_pb_mobs_fdr0.05,PSEUDONYM_064,0.00013600673029401692,0.25396825396825407,21,1,1,2,0.0,0.6931471805599453,-8.901402039330874
firm_bicm_pb_mobs_fdr0.05,FTNET BİLGİ VE İLETİŞİM HİZMETLERİ TİCARET LTD.ŞTİ.,0.00013600673029401692,0.25396825396825407,21,1,1,1,0.0,0.0,-8.901402039330874
firm_bicm_pb_mobs_fdr0.05,DOKUNMATİK EKRAN TEKNOLOJİLERİ BİLİŞİM İNŞAAT SANAYİ TİCARET LİMİTED ŞİRKETİ,0.00013600673029401692,0.25396825396825407,21,1,1,1,0.0,0.0,-8.901402039330874
firm_bicm_pb_mobs_fdr0.05,GLOBAL EMR BİLGİSAYAR YAZILIM VE TEKNOLOJİ ÜRÜNLERİ DIŞ TİCARET LİMİTED ŞİRKETİ,0.00013600673029401692,0.25396825396825407,21,2,1,2,0.0,0.6931471805599453,-8.901402039330874
firm_bicm_pb_mobs_fdr0.05,SAYGIN BİLGİSAYAR Sİ STEMLERİ GI.TURZ SAN.VE TİC LTD.Ş,0.00013600673029401692,0.25396825396825407,21,2,1,3,0.0,1.0986122886681098,-8.901402039330874
firm_bicm_pb_mobs_fdr0.05,PENTAŞ PENDİK İNŞAAT ORGANİZASYON YAYINCILIK TURİZM GIDA SANAYİ VE TİCARET ANONİM ŞİRKETİ,0.00013600673029401692,0.25396825396825407,21,2,1,3,0.0,1.0986122886681098,-8.901402039330874
firm_bicm_pb_mobs_fdr0.05,KARİYER.NET ELEKTRONİK YAYINCILIK VE İLETİŞİM HİZMETLERİ ANONİM ŞİRKETİ,0.00013600673029401692,0.25396825396825407,21,1,1,1,0.0,0.0,-8.901402039330874
firm_bicm_pb_mobs_fdr0.05,FTNET BİLİŞİM ANONİM ŞİRKETİ,0.00013600673029401692,0.25396825396825407,21,2,1,2,0.0,0.6931471805599453,-8.901402039330874
firm_bicm_pb_mobs_fdr0.05,AKSU TEKNOLOJİ DIŞ T İCARET LTD.ŞTİ.,0.00013600673029401692,0.25396825396825407,21,1,1,1,0.0,0.0,-8.901402039330874
firm_bicm_pb_mobs_fdr0.05,ÖZBELSAN MAKİNE ARAÇ GER.KON.TUR.GID H.M.SAN.TİC.A.Ş.,0.0001350977360023519,0.56,5,1,1,1,0.0,0.0,-8.908098483398494
firm_bicm_pb_mobs_fdr0.05,PSEUDONYM_477,0.0001350977360023519,0.56,5,1,1,1,0.0,0.0,-8.908098483398494
firm_bicm_pb_mobs_fdr0.05,PSEUDONYM_115,0.0001350977360023519,0.56,5,1,1,1,0.0,0.0,-8.908098483398494
firm_bicm_pb_mobs_fdr0.05,PSEUDONYM_165,0.00013460403464681363,0.5,2,1,1,1,0.0,0.0,-8.91175439734767
firm_bicm_pb_mobs_fdr0.05,PARKMETROPOL FİBER OMURGA GÜVENLİK SİSTEMLERİ VE BİLGİSAYAR TEKSTİL SAN TİC A.Ş.,0.00013362595577072418,0.5,2,1,1,1,0.0,0.0,-8.919036889943065
firm_bicm_pb_mobs_fdr0.05,KLİK YAZILIM BİLGİSAYAR SAN.VE TİC.LTD.ŞTİ.,0.00013128721172465867,0.4444444444444444,3,1,1,1,0.0,0.0,-8.936668592474527
firm_bicm_pb_mobs_fdr0.05,PROBİLİŞİM BİLGİSAYAR VE İLETİŞİM SİST.TİC. LTD. ŞTİ.,0.00013113960942471252,0.6446280991735538,11,4,3,4,1.0986122886681098,1.3862943611198906,-8.9377918591444
firm_bicm_pb_mobs_fdr0.05,PSEUDONYM_645,0.00012890255283782898,0.375,8,1,1,1,0.0,0.0,-8.954972367631882
firm_bicm_pb_mobs_fdr0.05,PRODA YAZILIM BİLİŞİM DONANIM TEKNOLOJİLER ELEKTRONİK İLETİŞİM SANAYİ TİCARET LİMİTED ŞİRKETİ,0.00012890255283782898,0.375,8,1,1,1,0.0,0.0,-8.954972367631882
firm_bicm_pb_mobs_fdr0.05,A.D.R.İLKER OTOMOTİV TUR.SAN.VE TİC.L TD.ŞTİ.,0.00012890255283782898,0.375,8,1,1,1,0.0,0.0,-8.954972367631882
firm_bicm_pb_mobs_fdr0.05,ARTPRO TEKNOLOJİ LİMİTED ŞİRKETİ,0.0001270364957845062,0.31404958677685935,11,1,1,1,0.0,0.0,-8.969532923356565
firm_bicm_pb_mobs_fdr0.05,TUZCUOĞLU EVDEN EVE LOJİSTİK LİMİTED ŞİRKETİ,0.0001270364957845062,0.31404958677685935,11,1,1,1,0.0,0.0,-8.969532923356565
firm_bicm_pb_mobs_fdr0.05,SK TEKNOLOJİ ANONİM ŞİRKETİ,0.0001270364957845062,0.31404958677685935,11,1,1,1,0.0,0.0,-8.969532923356565
firm_bicm_pb_mobs_fdr0.05,PTT BİLGİ TEKNOLOJİLERİ ANONİM ŞİRKETİ,0.0001270364957845062,0.31404958677685935,11,1,1,1,0.0,0.0,-8.969532923356565
firm_bicm_pb_mobs_fdr0.05,İS TEKNOLOJİ BİLİŞİM YAZILIM DANIŞMANLIK MÜHENDİSLİK BÜRO MAKİNALARI ELEKTRONİK İNŞAAT TAAHHÜT SANAYİ VE TİCARET LİMİTEDŞİRKETİ,0.00012452912630763846,0.7777777777777778,6,1,1,1,0.0,0.0,-8.989437458259696
firm_bicm_pb_mobs_fdr0.05,PSEUDONYM_570,0.00012297822515129712,0.3350676378772114,31,2,2,2,0.6931471805599453,0.6931471805599453,-9.001950460836124
firm_bicm_pb_mobs_fdr0.05,PSEUDONYM_072,0.00012212009016535086,0.37037037037037035,9,1,2,2,0.6931471805599453,0.6931471805599453,-9.008941960162964
firm_bicm_pb_mobs_fdr0.05,KALİTTE PROFESYONELBİLGİ TEKNOLOJİLBAS.YAY.LTD.ŞTİ.,0.00012192294449300253,0.2777777777777777,6,1,2,5,0.6931471805599453,1.6094379124341003,-9.010555097228922
firm_bicm_pb_mobs_fdr0.05,APPSCON BİLİŞİM HİZMETLERİ SAN.TİC.LTD.ŞTİ.,0.0001206666156536977,0.37037037037037035,9,1,1,2,0.0,0.6931471805599453,-9.020896545610812
firm_bicm_pb_mobs_fdr0.05,SHOV BİLGİSAYAR TANI TIM HİZMETLERİ P AZ.TUR.TİC.LTD.Ş,0.0001206666156536977,0.37037037037037035,9,1,1,1,0.0,0.0,-9.020896545610812
firm_bicm_pb_mobs_fdr0.05,GANTEK TEKNOLOJİ BİLİŞİM ÇÖZÜMLERİ ANONİM ŞİRKETİ,0.0001206666156536977,0.37037037037037035,9,1,1,1,0.0,0.0,-9.020896545610812
firm_bicm_pb_mobs_fdr0.05,BABPA BİLGİ TEKNOLOJİLERİ ANONİM ŞİRKETİ,0.00012053190961949477,0.3377777777777776,15,2,1,2,0.0,0.6931471805599453,-9.02201175080449
firm_bicm_pb_mobs_fdr0.05,PİRİZMA BİLİŞİM ORGANİZASYON TANITIM MEDYA MATBAACILIK GIDA TEKSTİL SANAYİ VE TİCARET LİMİTED ŞİRKETİ,0.00012053190961949477,0.3377777777777776,15,1,1,3,0.0,1.0986122886681098,-9.02201175080449
firm_bicm_pb_mobs_fdr0.05,TROYA BİLİŞİM İNSAN KAYNAKLARI İNŞAAT OTOMOBİL İLAÇLAMA SANAYİ TİCARET LİMİTED ŞİRKETİ İ,0.00012053190961949477,0.3377777777777776,15,1,1,1,0.0,0.0,-9.02201175080449
firm_bicm_pb_mobs_fdr0.05,PRO ANKET VERİ ANALİZ HİZMETLERİ TİCARET LİMİTED ŞİRKETİ,0.00012053190961949477,0.3377777777777776,15,1,1,1,0.0,0.0,-9.02201175080449
firm_bicm_pb_mobs_fdr0.05,AKTİF DESTEK BİLİŞİMSİSTEMLERİ TİCARET LTD.ŞTİ.,0.00012053190961949477,0.3377777777777776,15,1,1,1,0.0,0.0,-9.02201175080449
firm_bicm_pb_mobs_fdr0.05,UNİCORP BİLİŞİM HİZMETLERİ TİCARET LİMİTED ŞİRKETİ,0.00012053190961949477,0.3377777777777776,15,1,1,2,0.0,0.6931471805599453,-9.02201175080449
firm_bicm_pb_mobs_fdr0.05,EFELER BİLİŞİM TEDARİK VE ORGANİZASYON LİMİTED ŞİRKETİ,0.00012053190961949477,0.3377777777777776,15,1,1,1,0.0,0.0,-9.02201175080449
firm_bicm_pb_mobs_fdr0.05,VİGOR KÜLTÜR SANAT DANIŞMANLIK AJANSI ANONİM ŞİRKETİ,0.00012053190961949477,0.3377777777777776,15,1,1,1,0.0,0.0,-9.02201175080449
firm_bicm_pb_mobs_fdr0.05,UÇAR ELEKTRİK ELEKTRONİK SAN.VE TİC.LTD.ŞTİ.,0.00012053190961949477,0.3377777777777776,15,2,1,2,0.0,0.6931471805599453,-9.02201175080449
firm_bicm_pb_mobs_fdr0.05,PSEUDONYM_659,0.00011854654494877447,0.0,2,1,10,12,2.302585092994046,2.4849066497880004,-9.03859409952309
firm_bicm_pb_mobs_fdr0.05,DABNET BİLİŞİM TEKNOLOJİLERİ VE HİZMETLERİ LİMİTED ŞİRKETİ,0.00011808150007733619,0.5,2,1,2,2,0.6931471805599453,0.6931471805599453,-9.042518363966694
firm_bicm_pb_mobs_fdr0.05,SPARTA SİBER GÜVENLİK TEKNOLOJİLERİ LİMİTED ŞİRKETİ,0.00011788960581560907,0.17999999999999994,10,1,1,1,0.0,0.0,-9.044142155865247
firm_bicm_pb_mobs_fdr0.05,PSEUDONYM_674,0.00011788960581560907,0.17999999999999994,10,1,1,1,0.0,0.0,-9.044142155865247
firm_bicm_pb_mobs_fdr0.05,SUR TEKNOLOJİ ELEKTRİK TAAHHÜT ELEKTRONİK ENDÜSTRİYEL ARAÇLAR MOBİLYA SANAYİ VE TİCARET LİMİTED ŞİRKETİ,0.0001175894406986224,0.44897959183673464,7,1,1,1,0.0,0.0,-9.04668742571596
firm_bicm_pb_mobs_fdr0.05,MESCİOĞLU MÜHENDİSLİK VE MÜŞAVİRLİK A.Ş,0.0001175894406986224,0.44897959183673464,7,1,1,1,0.0,0.0,-9.04668742571596
firm_bicm_pb_mobs_fdr0.05,PSEUDONYM_450,0.0001175894406986224,0.44897959183673464,7,1,1,1,0.0,0.0,-9.04668742571596
firm_bicm_pb_mobs_fdr0.05,FS BİLGİSAYAR YAZILIM DONANIM VE DAN.HİZ.TİC.LTD.ŞTİ,0.0001175894406986224,0.44897959183673464,7,1,1,1,0.0,0.0,-9.04668742571596
firm_bicm_pb_mobs_fdr0.05,ESKER İNŞAAT TAAHHÜT ENERJİ ÜRETİM GIDA VE DERİ MAMULLERİ SANAYİ VE TİCARET ANONİM ŞİRKETİ,0.0001175894406986224,0.44897959183673464,7,1,1,1,0.0,0.0,-9.04668742571596
firm_bicm_pb_mobs_fdr0.05,ABİSENA BİLGİ TEKNOLOJİLERİ ANONİM ŞİRKETİ,0.00011687476970140433,0.0,2,1,12,16,2.4849066497880004,2.772588722239781,-9.052773728302077
firm_bicm_pb_mobs_fdr0.05,POİNT BİLGİSAYAR YAZILIM İTHALAT VEİHR.LTD.ŞTİ.,0.00011558192166017405,0.3377777777777776,15,1,2,2,0.6931471805599453,0.6931471805599453,-9.063878928440255
firm_bicm_pb_mobs_fdr0.05,ARG GRUP BİLİŞİM TEKNOLOJİLERİ TİCARET LİMİTED ŞİRKETİ,0.00011317350110250252,0.22569444444444442,24,1,2,2,0.6931471805599453,0.6931471805599453,-9.084901308508114
firm_bicm_pb_mobs_fdr0.05,DAPA TEKNOLOJİ SANAYİ VE TİCARET ANONİM ŞİRKETİ,0.00011260621361224703,0.0,4,1,1,1,0.0,0.0,-9.089917967859424
firm_bicm_pb_mobs_fdr0.05,DOĞADAN GRUP ISITMA ENERJİ SİSTEMLERİ MADEN.BİLG.SİSTEMLERİ SAĞLIK VE EĞİTİM SAN.VE TİC.LTD.ŞTİ,0.00011260621361224703,0.0,4,1,1,1,0.0,0.0,-9.089917967859424
firm_bicm_pb_mobs_fdr0.05,NEVADA ELEKTRONİK SİS.SAN VE TİC LTD ŞTİ,0.00011238359770883056,0.3571428571428572,14,1,3,3,1.0986122886681098,1.0986122886681098,-9.091893510071818
firm_bicm_pb_mobs_fdr0.05,AÇIKGÖZ BİLGİSAYAR S İSTEMLERİ SAN.VE TİC.LTD.ŞTİ.,0.00011101064318304973,0.6122448979591837,7,1,1,1,0.0,0.0,-9.104164432386607
firm_bicm_pb_mobs_fdr0.05,CED TEKNOLOJİ DANIŞMAN. BİLİŞ. VE DEST.HİZ.TİC.LTD.ŞTİ.,0.00011101064318304973,0.6122448979591837,7,1,1,1,0.0,0.0,-9.104164432386607
firm_bicm_pb_mobs_fdr0.05,SİMTERNET İLETİŞİM S İST.REKLAM SAN.V E TİC.LTD.ŞTİ.,0.00011101064318304973,0.6122448979591837,7,1,1,1,0.0,0.0,-9.104164432386607
firm_bicm_pb_mobs_fdr0.05,BİLİŞİM HARİTA MÜHENDİSLİK İNŞ.TİC.LTD.ŞTİ.,0.00010790095295443226,0.40625,8,1,2,2,0.6931471805599453,0.6931471805599453,-9.132527281979323
firm_bicm_pb_mobs_fdr0.05,DATA TEKNİK BİLGİSAY AR SİSTEMLERİ Tİ C.VE SAN.A.Ş.,0.00010737917653705517,0.3801652892561984,22,2,3,3,1.0986122886681098,1.0986122886681098,-9.137366118694334
firm_bicm_pb_mobs_fdr0.05,AKTİF TELEKOMÜNİKASYON VE OTOMASYON SİSTEMLERİ SANAYİ VE TİCARET LİMİTED ŞİRKETİ,0.00010595025890156002,0.5,2,1,1,1,0.0,0.0,-9.150738706721112
firm_bicm_pb_mobs_fdr0.05,OEM BİLİŞİM TEKNOLOJİLERİ VE TİCARET LİMİTED ŞİRKETİ,0.00010472339517368489,0.4297520661157025,11,1,1,1,0.0,0.0,-9.162364799394881
firm_bicm_pb_mobs_fdr0.05,BESKOM ELEKTRONİK TİCARET LTD.ŞTİ.,0.00010472339517368489,0.4297520661157025,11,1,1,1,0.0,0.0,-9.162364799394881
firm_bicm_pb_mobs_fdr0.05,BETİ BİLİŞİM TEKNOLO JİLE.İMAL.SAN.İÇ .DIŞ.TİC.LTD.ŞTİ,0.00010472339517368489,0.4297520661157025,11,1,1,1,0.0,0.0,-9.162364799394881
firm_bicm_pb_mobs_fdr0.05,TEMAS BİLGİ VE GÖRSEL İLETİŞİM TEKNOLOJİLERİ LİMİTED ŞİRKETİ,0.00010472339517368489,0.4297520661157025,11,1,1,1,0.0,0.0,-9.162364799394881
firm_bicm_pb_mobs_fdr0.05,VİA GRUP EĞİTİM DANIŞMANLIK ORGANİZASYON TURZM VE YAYINCILIK LTD ŞTİ.,0.00010366550673706754,0.375,4,1,2,3,0.6931471805599453,1.0986122886681098,-9.172499319019925
firm_bicm_pb_mobs_fdr0.05,PİKSEL BİLGİ VE İLİTEŞİM SİSTEMLERİ DIŞ TİCARET YAPI ELEMANLARI SANAYİ LTD.ŞTİ.,0.00010291067773663115,0.24489795918367352,7,3,3,4,1.0986122886681098,1.3862943611198906,-9.17979385114941
firm_bicm_pb_mobs_fdr0.05,AURALET ICT YAZILIM VE ELEKTRONİK TİCARET LİMİTED ŞİRKETİ,0.0001020485816399737,0.375,4,1,1,1,0.0,0.0,-9.188190607471231
firm_bicm_pb_mobs_fdr0.05,PROTEKİLA ELEKTR.YAZILIM.VE OTOMAS.SİS.SAN VE TİC.LT,0.0001020485816399737,0.375,4,2,1,3,0.0,1.0986122886681098,-9.188190607471231
firm_bicm_pb_mobs_fdr0.05,FPİCT BİLİŞİM SİSTEMLERİ FİNANSAL DANIŞMANLIK VE TİCARET LİMİTED ŞİRKETİ,0.00010186400887962074,0.16528925619834722,11,3,5,13,1.6094379124341003,2.5649493574615367,-9.189997533594836
firm_bicm_pb_mobs_fdr0.05,TÜRKVAS YAZILIM PROJE YÖNETİMİ VE YAYINCILIK LİMİTED ŞİRKETİ,0.00010110500051885533,0.328125,16,2,2,2,0.6931471805599453,0.6931471805599453,-9.19746256742963
firm_bicm_pb_mobs_fdr0.05,ITECH BİLGİ TEKNOLOJİ TIBBİ CİHAZLAR ELEKTRONİK SANAYİ VE TİCARET LİMİTED ŞİRKETİ.,0.00010110500051885533,0.328125,16,2,2,5,0.6931471805599453,1.6094379124341003,-9.19746256742963
firm_bicm_pb_mobs_fdr0.05,ENTERPRİSECODİNG YAZILIM VE DANIŞMANLIK TİCARET LİMİTED ŞİRKETİ,0.00010085326933994175,0.375,4,1,1,1,0.0,0.0,-9.199950762600972
firm_bicm_pb_mobs_fdr0.05,ERBAY GES ENERJİ ELKBİL.ELK.TAH.İT.İH.SAVE TİC.LTD.ŞTİ.,0.00010085326933994175,0.375,4,1,1,1,0.0,0.0,-9.199950762600972
firm_bicm_pb_mobs_fdr0.05,İDE TEKNOLOJİ MÜHENDİSLİK VE DANIŞMANLIK TİC.LTD.ŞTİ.,0.00010061735712793557,0.24489795918367352,7,1,1,2,0.0,0.6931471805599453,-9.202288231002388
firm_bicm_pb_mobs_fdr0.05,LİBERYUS DİJİTAL MEDYA AJANSI VE DANIŞMANLIK LİMİTED ŞİRKETİ,0.00010061735712793557,0.24489795918367352,7,1,1,1,0.0,0.0,-9.202288231002388
firm_bicm_pb_mobs_fdr0.05,BORGA BİLİŞİM TEKNOLOJİ TİCARET ANONİM ŞİRKETİ,0.00010061735712793557,0.24489795918367352,7,1,1,1,0.0,0.0,-9.202288231002388
firm_bicm_pb_mobs_fdr0.05,ANTE SAVUNMA ELEKTRONİK VE GÜVENLİK TEKNOLOJİLERİ SANAYİ TİCARET ANONİM ŞİRKETİ,9.998503009168153e-05,0.37037037037037035,9,1,1,1,0.0,0.0,-9.208580545093701
firm_bicm_pb_mobs_fdr0.05,TEKSAM İLETİŞİM TİCARET VE SANAYİ LİMİTED ŞİRKETİ,9.998503009168153e-05,0.37037037037037035,9,1,1,1,0.0,0.0,-9.208580545093701
firm_bicm_pb_mobs_fdr0.05,EPRA ELEKTRİK ENERJİ İNŞAAT VE TİCARET LİMİTED ŞİRKETİ,9.846426140847757e-05,0.41666666666666663,12,1,1,1,0.0,0.0,-9.223877902795618
firm_bicm_pb_mobs_fdr0.05,FITAY IT DANIŞMANLIK BİLİŞİM SİSTEMLERİ LİMİTED ŞİRKETİ,9.846426140847757e-05,0.41666666666666663,12,1,1,1,0.0,0.0,-9.223877902795618
firm_bicm_pb_mobs_fdr0.05,ENDOKS ENERJİ DAĞITI M SİST.SAN.İTH.V E İHR.LTD.ŞTİ.,9.846426140847757e-05,0.41666666666666663,12,1,1,1,0.0,0.0,-9.223877902795618
firm_bicm_pb_mobs_fdr0.05,TS OTOMASYON BİLİŞİM ELEKTRİK SANAYİ VE TİCARET LİMİTED ŞİRKETİ,9.846426140847757e-05,0.41666666666666663,12,1,1,1,0.0,0.0,-9.223877902795618
firm_bicm_pb_mobs_fdr0.05,SOTECH BİLGİ TEKNOLOJİLERİ LİMİTED ŞİRKETİ,9.846426140847757e-05,0.41666666666666663,12,1,1,1,0.0,0.0,-9.223877902795618
firm_bicm_pb_mobs_fdr0.05,AKILCI BİLİŞİM ÇÖZÜMLERİ VE DANIŞMANLIK ANONİM ŞİRKETİ,9.846426140847757e-05,0.41666666666666663,12,1,1,1,0.0,0.0,-9.223877902795618
firm_bicm_pb_mobs_fdr0.05,LPS ENERJİ VE BİLİŞİM TEKNOLOJİLERİ SANAYİ TİCARET LİMİTED ŞİRKETİ,9.846426140847757e-05,0.41666666666666663,12,1,1,1,0.0,0.0,-9.223877902795618
firm_bicm_pb_mobs_fdr0.05,PSEUDONYM_287,9.833615065507158e-05,0.5625,8,1,1,1,0.0,0.0,-9.225177315155538
firm_bicm_pb_mobs_fdr0.05,AYAZ TEKNOLOJİ SİSTEMLERİ SANAYİ VE TİCARET LİMİTED ŞİRKETİ,9.833615065507158e-05,0.5625,8,1,1,3,0.0,1.0986122886681098,-9.225177315155538
firm_bicm_pb_mobs_fdr0.05,TEKNOLED TEKNOLOJİ SANAYİ VE TİCARET LİMİTED ŞİRKETİ,9.833615065507158e-05,0.5625,8,1,1,1,0.0,0.0,-9.225177315155538
firm_bicm_pb_mobs_fdr0.05,BEŞEL BİLGİSAYAR TEKSTİL TUR.EĞT.TELSAN.VE Tİ.LT.ŞT.,9.833615065507158e-05,0.5625,8,1,1,1,0.0,0.0,-9.225177315155538
firm_bicm_pb_mobs_fdr0.05,MMSG MOBİL PAZARLAMA VE İLETİŞİM HİZM ETLERİ LTD.ŞTİ.,9.371054457853967e-05,0.75,8,1,1,1,0.0,0.0,-9.273262577490405
firm_bicm_pb_mobs_fdr0.05,TEMA SOFT GRUP BİLİŞİM TEKNOLOJİLERİ TİCARET LİMİTED ŞİRKETİ,9.099936069591133e-05,0.44444444444444453,15,1,1,2,0.0,0.6931471805599453,-9.302560181336336
firm_bicm_pb_mobs_fdr0.05,SAAS YAZILIM ANONİM ŞİRKETİ,9.099936069591133e-05,0.44444444444444453,15,1,1,1,0.0,0.0,-9.302560181336336
firm_bicm_pb_mobs_fdr0.05,PARANTEZ TEKNOLOJİ BİLİŞİM EĞİTİM REKLAM KIRTASİYE İNŞAAT ENERJİ ELEKTRİK ELEKTRONİK DANIŞMANLIK SANAYİ VE TİCARET LİMİTED ŞİRKETİ,9.099936069591133e-05,0.44444444444444453,15,1,1,3,0.0,1.0986122886681098,-9.302560181336336
firm_bicm_pb_mobs_fdr0.05,AURE YAZILIM BİLİŞİMSANAYİ VE TİCARET LİMİTED ŞİRKETİ,9.099936069591133e-05,0.44444444444444453,15,1,1,1,0.0,0.0,-9.302560181336336
firm_bicm_pb_mobs_fdr0.05,DEVİNİM YAZILIM DONANIM EĞİTİM DANIŞMANLIK BİLGİSAYAR SİSTEMLERİ TİCARET VE SANAYİ LİMİTED ŞİRKETİ,9.099936069591133e-05,0.44444444444444453,15,1,1,3,0.0,1.0986122886681098,-9.302560181336336
firm_bicm_pb_mobs_fdr0.05,AKAY ELEKTRONİK ELEK TRİK TİC.LTD.ŞTİ,9.099936069591133e-05,0.44444444444444453,15,1,1,1,0.0,0.0,-9.302560181336336
firm_bicm_pb_mobs_fdr0.05,MATRİSLED ELEKTRİK ELEKTRONİK İNŞAAT TİCARET LİMİTED ŞİRKETİ,9.099936069591133e-05,0.44444444444444453,15,1,1,1,0.0,0.0,-9.302560181336336
firm_bicm_pb_mobs_fdr0.05,EMPATİK İNSAN KAYNAK LARI EĞİTİM VE D ANŞ.LTD.ŞTİ.,9.090665262219752e-05,0.2751479289940828,26,1,2,4,0.6931471805599453,1.3862943611198906,-9.303577340617817
firm_bicm_pb_mobs_fdr0.05,ALPDATA BİLGİSAYAR YAZILIM DONA.SİS.VE MED.PAZ.VE TİC.LTD.ŞT,9.07196278812871e-05,0.21875,8,3,11,14,2.3978952727983707,2.6390573296152584,-9.305632462343235
firm_bicm_pb_mobs_fdr0.05,METİS BİLİŞİM YAZILIM DANIŞMANLIK EĞT.VE YAY HİZ TİC LTD ŞTİ,8.890971242827249e-05,0.13265306122448983,14,1,2,3,0.6931471805599453,1.0986122886681098,-9.325742020777353
firm_bicm_pb_mobs_fdr0.05,İMPERİTEK BİLİŞİM YÖ NETİMİ DANIŞMANLIK M ÜH.EĞİT.SAN.VE TİC.L,8.851396870942031e-05,0.29166666666666663,12,1,1,1,0.0,0.0,-9.330193440901885
firm_bicm_pb_mobs_fdr0.05,LİNK PLUS BİLGİSAYAR SİSTEMLERİ SANAYİ VE TİCARET ANONİM ŞİRKETİ,8.851396870942031e-05,0.29166666666666663,12,1,1,1,0.0,0.0,-9.330193440901885
firm_bicm_pb_mobs_fdr0.05,EML ELEKTRONİK SİSTEMLER SANAYİ ANONİM ŞİRKETİ,8.851396870942031e-05,0.29166666666666663,12,1,1,1,0.0,0.0,-9.330193440901885
firm_bicm_pb_mobs_fdr0.05,MARTA TEKNOLOJİ SANAYİ VE TİCARET ANONİM ŞİRKETİ,8.684632597037708e-05,0.24489795918367352,7,1,1,1,0.0,0.0,-9.349172261649914
firm_bicm_pb_mobs_fdr0.05,ARGUS TEKNOLOJİ BİLİŞİM SANAYİ TİCARET ANONİM ŞİRKETİ,8.684632597037708e-05,0.24489795918367352,7,2,1,2,0.0,0.6931471805599453,-9.349172261649914
firm_bicm_pb_mobs_fdr0.05,İNTERGRAF BİLİŞİM TEKNOLOJİLERİ SANAYİ VE TİCARET ANONİM ŞİRKETİ,8.684632597037708e-05,0.24489795918367352,7,1,1,1,0.0,0.0,-9.349172261649914
firm_bicm_pb_mobs_fdr0.05,PSEUDONYM_693,8.675251846941172e-05,0.625,4,1,1,1,0.0,0.0,-9.350250626275558
firm_bicm_pb_mobs_fdr0.05,TECHWAY BİLİŞİM VE DANIŞMANLIK LİMİTED ŞİRKETİ,8.675251846941172e-05,0.625,4,1,1,1,0.0,0.0,-9.350250626275558
firm_bicm_pb_mobs_fdr0.05,PSEUDONYM_642,8.644184565421828e-05,0.375,4,1,1,1,0.0,0.0,-9.353830292937694
firm_bicm_pb_mobs_fdr0.05,MARMARA TEMİZLİK İNŞ GIDA VE KARGO DA Ğ.HİZ.SAN.LTD.ŞT,8.57618161241254e-05,0.0,4,1,1,1,0.0,0.0,-9.36171081087798
firm_bicm_pb_mobs_fdr0.05,TEMPAR LOJİSTİK DESTEK HİZMETLERİ TEMİZLİK İNŞAAT SANAYİ VE TİCARET ANONİM ŞİRKETİ,8.57618161241254e-05,0.0,4,1,1,1,0.0,0.0,-9.36171081087798
firm_bicm_pb_mobs_fdr0.05,SEVEN İNŞAAT TEMİZLİ TURİZM VE TİCARE ANONİM ŞİRKETİ,8.57618161241254e-05,0.0,4,1,1,1,0.0,0.0,-9.36171081087798
firm_bicm_pb_mobs_fdr0.05,PSEUDONYM_114,8.40745526909448e-05,0.2777777777777777,6,2,2,2,0.6931471805599453,0.6931471805599453,-9.381536127928786
firm_bicm_pb_mobs_fdr0.05,SECNET DİGİTAL BİLGİ TEKNOLOJİLERİ VE DANIŞMANLIK LİMİTED ŞİRKETİ,8.340099202286007e-05,0.19753086419753085,9,1,2,2,0.6931471805599453,0.6931471805599453,-9.389561545212077
firm_bicm_pb_mobs_fdr0.05,SOİTRON SİBER GÜVENLİK SERVİSLERİ ANONİM ŞİRKETİ,8.340099202286007e-05,0.19753086419753085,9,1,2,2,0.6931471805599453,0.6931471805599453,-9.389561545212077
firm_bicm_pb_mobs_fdr0.05,OYTUN TEMİZLİK EMLAK İNŞAAT GIDA OTOMOTİV TİCARET LİMİTED ŞİRKETİ,8.251883428073327e-05,0.375,4,1,1,1,0.0,0.0,-9.400170747710002
firm_bicm_pb_mobs_fdr0.05,IŞIK GRUP SOSYAL HİZMETLER TEMİZLİK SAĞLIK TAŞIMACILIK BİLİŞİM GIDA İNŞAAT TEKSTİL İMALAT SANAYİ VE TİCARET LİMİTED ŞİRKETİ,8.251883428073327e-05,0.375,4,1,1,1,0.0,0.0,-9.400170747710002
firm_bicm_pb_mobs_fdr0.05,TEKOFİS BÜRO MAKİNALARI PAZ.SAN.VE TİC.LTD.ŞTİ.,8.239529719216481e-05,0.17999999999999994,10,2,1,9,0.0,2.1972245773362196,-9.401665482640933
firm_bicm_pb_mobs_fdr0.05,PSEUDONYM_112,8.239529719216481e-05,0.17999999999999994,10,1,1,1,0.0,0.0,-9.401665482640933
firm_bicm_pb_mobs_fdr0.05,NETUS OTOMASYON SİSTEMLERİ VE BİLİŞİM TEKNOLOJİLERİ TİCARET LİMİTED ŞİRKETİ,8.239529719216481e-05,0.17999999999999994,10,1,1,1,0.0,0.0,-9.401665482640933
firm_bicm_pb_mobs_fdr0.05,BETİK BİLİŞİM VE REK LAM HİZM.TİC.VE SAN.LTD.ŞTİ.,8.239529719216481e-05,0.17999999999999994,10,1,1,1,0.0,0.0,-9.401665482640933
firm_bicm_pb_mobs_fdr0.05,PSEUDONYM_385,8.239529719216481e-05,0.17999999999999994,10,1,1,1,0.0,0.0,-9.401665482640933
firm_bicm_pb_mobs_fdr0.05,PSEUDONYM_242,8.239529719216481e-05,0.17999999999999994,10,1,1,2,0.0,0.6931471805599453,-9.401665482640933
firm_bicm_pb_mobs_fdr0.05,PSEUDONYM_084,8.239529719216481e-05,0.17999999999999994,10,2,2,2,0.6931471805599453,0.6931471805599453,-9.401665482640933
firm_bicm_pb_mobs_fdr0.05,PSEUDONYM_351,8.119863069779201e-05,0.56,5,1,1,1,0.0,0.0,-9.416261358814701
firm_bicm_pb_mobs_fdr0.05,EVSA TİCARET KAĞIT ÜRÜNLERİ BİLİŞİM VE MEDİKAL ANONİM ŞİRKETİ,8.119863069779201e-05,0.56,5,1,1,1,0.0,0.0,-9.416261358814701
firm_bicm_pb_mobs_fdr0.05,N2MOBİL TAKİP SİSTEMLERİ ANONİM ŞİRKETİ,8.036086579165374e-05,0.24489795918367352,7,2,4,4,1.3862943611198906,1.3862943611198906,-9.426607950458509
firm_bicm_pb_mobs_fdr0.05,YUVAM BİLİŞİM TEKNOL OJİLERİ SAN TİC.A.Ş.,7.956246393161518e-05,0.0,10,2,2,2,0.6931471805599453,0.6931471805599453,-9.43656903399685
firm_bicm_pb_mobs_fdr0.05,PAŞA PROJE YATIRIM DANIŞMANLIK TİCARET ANONİM ŞİRKETİ,7.695716409525164e-05,0.21875,8,1,1,1,0.0,0.0,-9.469781382099152
firm_bicm_pb_mobs_fdr0.05,SECURITY HOUSE TEKNOLOJİ A.Ş.,7.695716409525164e-05,0.21875,8,1,1,1,0.0,0.0,-9.469781382099152
firm_bicm_pb_mobs_fdr0.05,FENİKS DİJİTAL TEKNOLOJİ HİZMETLERİ TİCARET ANONİM ŞİRKETİ,7.695716409525164e-05,0.21875,8,1,1,1,0.0,0.0,-9.469781382099152
firm_bicm_pb_mobs_fdr0.05,TOPSAKAL BİLGİ TEKNOLOJİLERİ EMLAK İNŞAAT TURİZM OTOMOTİV SANAYİ VE TİCARET LİMİTED ŞİRKETİ,7.475337698015169e-05,0.5,2,2,2,2,0.6931471805599453,0.6931471805599453,-9.498762924954317
firm_bicm_pb_mobs_fdr0.05,32 BİT BİLGİSAYAR Hİ Z.SAN.VE TİC.LTD .ŞTİ.,7.459917584404272e-05,0.5,2,1,1,1,0.0,0.0,-9.500822582745036
firm_bicm_pb_mobs_fdr0.05,E ÇÖZÜM BİLİŞİM SANAYİ VE TİCARET ANONİM ŞİRKETİ,7.348058092634617e-05,0.5,6,1,1,1,0.0,0.0,-9.515891978252682
firm_bicm_pb_mobs_fdr0.05,YÖNETİM EĞİTİM VE KÜLTÜR DERNEĞİ İKTİSADİ İŞLETMESİ,7.348058092634617e-05,0.5,6,1,1,1,0.0,0.0,-9.515891978252682
firm_bicm_pb_mobs_fdr0.05,PSEUDONYM_685,7.214899323359653e-05,0.625,4,1,1,1,0.0,0.0,-9.534131938428132
firm_bicm_pb_mobs_fdr0.05,PSEUDONYM_310,7.131429572377116e-05,0.33999999999999986,10,1,2,3,0.6931471805599453,1.0986122886681098,-9.545737541039214
firm_bicm_pb_mobs_fdr0.05,PSEUDONYM_307,7.049595400019513e-05,0.375,4,3,2,4,0.6931471805599453,1.3862943611198906,-9.557248006941187
firm_bicm_pb_mobs_fdr0.05,NEBULA MÜHENDİSLİK İNŞAAT HARİTA SANVE DIŞ TİC LTD Ş,7.020895721830336e-05,0.375,4,1,2,2,0.6931471805599453,0.6931471805599453,-9.561316374981399
firm_bicm_pb_mobs_fdr0.05,ASIR BİLGİSAYAR SİSTEMLERİ SAN.VE TİC.LTD.ŞTİ.,7.000899447037675e-05,0.17999999999999994,10,1,1,1,0.0,0.0,-9.56416079383738
firm_bicm_pb_mobs_fdr0.05,GEPA ELEKTRO MEKANİK SANAYİ VE TİCARET LİMİTED ŞİRKETİ,7.000899447037675e-05,0.17999999999999994,10,1,1,1,0.0,0.0,-9.56416079383738
firm_bicm_pb_mobs_fdr0.05,PSEUDONYM_043,7.000899447037675e-05,0.17999999999999994,10,1,1,1,0.0,0.0,-9.56416079383738
firm_bicm_pb_mobs_fdr0.05,VTC ENERJİ ANONİM ŞİRKETİ,7.000899447037675e-05,0.17999999999999994,10,1,1,1,0.0,0.0,-9.56416079383738
firm_bicm_pb_mobs_fdr0.05,EVKAL YAZILIM EĞİTİM DANIŞMANLIK TASARIM SAĞLIK HİZMETLERİ TİCARET VE SANAYİ LİMİTED ŞİRKETİ,6.985781309898044e-05,0.5,2,1,1,1,0.0,0.0,-9.566316693780257
firm_bicm_pb_mobs_fdr0.05,PSEUDONYM_046,6.965296793798809e-05,0.6938775510204083,7,1,1,1,0.0,0.0,-9.569245293682968
firm_bicm_pb_mobs_fdr0.05,PSEUDONYM_422,6.965296793798809e-05,0.6938775510204083,7,1,1,1,0.0,0.0,-9.569245293682968
firm_bicm_pb_mobs_fdr0.05,BAYLAN OTOMASYON SİSTEMLERİ BİLİŞİM MOBİL SANAYİ TİCARET LİMİTED ŞİRKETİ,6.890200915691667e-05,0.2721893491124261,13,1,2,2,0.6931471805599453,0.6931471805599453,-9.580055445844287
firm_bicm_pb_mobs_fdr0.05,VİA İNSAN KAYNAKLARI HİZMETLERİ VE LİMİTED ŞİRKETİ,6.804599585498374e-05,0.56,5,1,1,1,0.0,0.0,-9.592522103044614
firm_bicm_pb_mobs_fdr0.05,VERİ KORUMA YAZILIM İLETİŞİM HİZMETLERİ SANAYİ TİCARET LİMİTED ŞİRKETİ,6.804599585498374e-05,0.56,5,1,1,1,0.0,0.0,-9.592522103044614
firm_bicm_pb_mobs_fdr0.05,İNFORMASCOPE BİLİŞİM TEKNOLOJİLERİ YAYINC ILIK TİC.LTD.ŞTİ.,6.802392336796803e-05,0.5,2,1,2,2,0.6931471805599453,0.6931471805599453,-9.592845622897519
firm_bicm_pb_mobs_fdr0.05,PSEUDONYM_271,6.766720156663207e-05,0.6666666666666667,6,1,1,2,0.0,0.6931471805599453,-9.598088716342632
firm_bicm_pb_mobs_fdr0.05,İNTERSEK GÜVENLİK SİSTEMLERİ SAVUNMA SANAYİ VE TİCARET LİMİTED ŞİRKETİ,6.766720156663207e-05,0.6666666666666667,6,1,1,1,0.0,0.0,-9.598088716342632
firm_bicm_pb_mobs_fdr0.05,CNM GÜVENLİK SİSTEML ERİ LTD.ŞTİ.,6.619979385139272e-05,0.0,8,1,1,1,0.0,0.0,-9.619950538154594
firm_bicm_pb_mobs_fdr0.05,İTD İLETİŞİM-TEKNOLO Jİ-DANIŞMANLIK T İC.A.Ş.,6.619979385139272e-05,0.0,8,1,1,1,0.0,0.0,-9.619950538154594
firm_bicm_pb_mobs_fdr0.05,ASSECO SEE TEKNOLOJİ ANONİM ŞİRKETİ,6.619979385139272e-05,0.0,8,1,1,2,0.0,0.6931471805599453,-9.619950538154594
firm_bicm_pb_mobs_fdr0.05,CALL CENTER RESOURCES DANIŞMANLIK ANONİM ŞİRKETİ,6.619979385139272e-05,0.0,8,1,2,3,0.6931471805599453,1.0986122886681098,-9.619950538154594
firm_bicm_pb_mobs_fdr0.05,MRD BİLİŞİM YAZILIM AR-GE EĞİTİM DANIŞMANLIK YAYINCILIK TURİZM SANAYİ VE TİCARET ANONİM ŞİRKETİ,6.619979385139272e-05,0.0,8,1,1,1,0.0,0.0,-9.619950538154594
firm_bicm_pb_mobs_fdr0.05,CALL CENTER RESOURCES DAN.LTD.ŞTİ.,6.619979385139272e-05,0.0,8,1,1,1,0.0,0.0,-9.619950538154594
firm_bicm_pb_mobs_fdr0.05,OFİS MARMARA BÜRO MAKİNELERİ SANAYİ TİCARET LİMİTED ŞİRKETİ,6.474051475177489e-05,0.21760000000000002,25,1,2,3,0.6931471805599453,1.0986122886681098,-9.642175806560402
firm_bicm_pb_mobs_fdr0.05,YES BİLİŞİM TEKNOLOJİLERİ YAZILIM DANIŞMANLIK SANAYİ VE TİCARET ANONİM ŞİRKETİ,6.474051475177489e-05,0.21760000000000002,25,1,2,2,0.6931471805599453,0.6931471805599453,-9.642175806560402
firm_bicm_pb_mobs_fdr0.05,PROVİDEO VİDEO TEKNOLOJİLERİ TİCARET ANONİM ŞİRKETİ,6.433519676535055e-05,0.0,3,1,1,1,0.0,0.0,-9.648437598657253
firm_bicm_pb_mobs_fdr0.05,PERSPEKTİF KURUMSAL ÇÖZÜMLER LİMİTED ŞİRKETİ,6.433519676535055e-05,0.0,3,1,1,1,0.0,0.0,-9.648437598657253
firm_bicm_pb_mobs_fdr0.05,ECO FİLO BİLGİ TEKNOLOJİLERİ TİCARET LİMİTED ŞİRKETİ,6.392441692474011e-05,0.4444444444444444,3,1,1,1,0.0,0.0,-9.654824032070811
firm_bicm_pb_mobs_fdr0.05,ANADOLUNET DİJİTAL YAPI SERVİSLERİ ANONİM ŞİRKETİ,6.368208949102896e-05,0.0,13,2,1,3,0.0,1.0986122886681098,-9.658610736406228
firm_bicm_pb_mobs_fdr0.05,SELEVRE BİLİŞİM ORGANİZASYON HİZMETLERİ DANIŞMANLIK SANAYİ VE TİCARET LİMİTED ŞİRKETİ,6.368208949102896e-05,0.0,13,1,1,1,0.0,0.0,-9.658610736406228
firm_bicm_pb_mobs_fdr0.05,BİLİKOM BİLGİSAYAR KIRTASİYE TEKSTİL SANAYİ VE TİCARET LİMİTED ŞİRKETİ,6.368208949102896e-05,0.0,13,1,1,1,0.0,0.0,-9.658610736406228
firm_bicm_pb_mobs_fdr0.05,BÜYÜTEÇ İLETİŞİM MEDYA BİLİŞİM LİMİTED ŞİRKETİ,6.368208949102896e-05,0.0,13,1,1,1,0.0,0.0,-9.658610736406228
firm_bicm_pb_mobs_fdr0.05,ADL KURUMSAL HİZMETLERİ ANONİM ŞİRKETİ,6.368208949102896e-05,0.0,13,1,1,1,0.0,0.0,-9.658610736406228
firm_bicm_pb_mobs_fdr0.05,MAS GRUP ELEKTRONİK SANAYİ VE TİCARET LİMİTED ŞİRKETİ,6.368208949102896e-05,0.0,13,1,1,1,0.0,0.0,-9.658610736406228
firm_bicm_pb_mobs_fdr0.05,VİSİOSOFT TEKNOLOJİ ANONİM ŞİRKETİ,6.368208949102896e-05,0.0,13,1,1,1,0.0,0.0,-9.658610736406228
firm_bicm_pb_mobs_fdr0.05,24 EĞİTİM YAZILIM TEKNOLOJİ BİLİŞİM DANIŞMANLIK SANAYİ VE TİCARET ANONİM ŞİRKETİ,6.32195059867785e-05,0.0,4,2,2,2,0.6931471805599453,0.6931471805599453,-9.665879304794426
firm_bicm_pb_mobs_fdr0.05,KOLAYSOFT TEKNOLOJİ ANONİM ŞİRKETİ,6.319819125240827e-05,0.7777777777777778,6,1,1,1,0.0,0.0,-9.66621549957851
firm_bicm_pb_mobs_fdr0.05,TEKNO SERHATOĞLU BİLGİSAYAR SANAYİ VE TİCARET LİMİTED ŞİRKETİ,6.237775804829822e-05,0.4444444444444444,3,2,3,4,1.0986122886681098,1.3862943611198906,-9.67924275844801
firm_bicm_pb_mobs_fdr0.05,EGE BİMTES BİLGİ İŞLEM MAKİNALARI TEKNİK SERVİS SANAYİ VE TİCARET LİMİTED ŞİRKETİ,6.233714578537414e-05,0.0,3,1,2,2,0.6931471805599453,0.6931471805599453,-9.67989205020957
firm_bicm_pb_mobs_fdr0.05,TELPA ELEKTR ALARM H AB SİST İNŞ TUR TİC SAN LTD ŞTİ,6.138089199550888e-05,0.0,5,1,1,1,0.0,0.0,-9.695303343809437
firm_bicm_pb_mobs_fdr0.05,DÜNYA MÜHENDİSLİK Bİ LGİSAYAR SİS.VE İL.SAN.Tİ.LTD.ŞT,6.138089199550888e-05,0.0,5,1,1,1,0.0,0.0,-9.695303343809437
firm_bicm_pb_mobs_fdr0.05,PSEUDONYM_544,5.915403440638365e-05,0.375,4,1,1,1,0.0,0.0,-9.732140294625165
firm_bicm_pb_mobs_fdr0.05,SENTEZ GEÇİŞ KONTROL GÜVENLİK SİSTEMLERİ VE YAZILIM HİZMETLERİ TİCARET LİMİTED ŞİRKETİ,5.822013526650382e-05,0.5800000000000001,10,1,1,1,0.0,0.0,-9.74800217290028
firm_bicm_pb_mobs_fdr0.05,İNSOFTPRO YAZILIM HİZMETLERİ SANAYİ VE TİCARET LİMİTED ŞİRKETİ,5.822013526650382e-05,0.5800000000000001,10,1,1,1,0.0,0.0,-9.74800217290028
firm_bicm_pb_mobs_fdr0.05,MOSSTAR YÜKSEK TEKNOLOJİ ÇÖZÜMLERİ SANAYİ TİCARET LİMİTED ŞİRKETİ,5.822013526650382e-05,0.5800000000000001,10,1,1,1,0.0,0.0,-9.74800217290028
firm_bicm_pb_mobs_fdr0.05,NEXTNORMAL TEKNOLOJİ VE YAZILIM GELİŞTİRME TİCARET LİMİTED ŞİRKETİ,5.808333833998454e-05,0.19753086419753085,9,1,2,2,0.6931471805599453,0.6931471805599453,-9.750346881848536
firm_bicm_pb_mobs_fdr0.05,DETAY DANIŞMANLIK BİLGİS.HİZM.SAN.VEDIŞ TİC.A.Ş.,5.808333833998454e-05,0.19753086419753085,9,2,2,2,0.6931471805599453,0.6931471805599453,-9.750346881848536
firm_bicm_pb_mobs_fdr0.05,ODYA BİLGİSAYAR VE TEKNOLOJİ ÜRÜNLERİ SANAYİ VE TİCARET LİMİTED ŞİRKETİ,5.653338468007787e-05,0.6122448979591837,7,1,1,1,0.0,0.0,-9.777304478999019
firm_bicm_pb_mobs_fdr0.05,ATLAS KURUMSAL BİLİŞİM EĞİTİM MEDİKAL SANAYİ VE TİCARET LİMİTED ŞİRKETİ,5.653338468007787e-05,0.6122448979591837,7,1,1,1,0.0,0.0,-9.777304478999019
firm_bicm_pb_mobs_fdr0.05,PSEUDONYM_439,5.653338468007787e-05,0.6122448979591837,7,1,1,1,0.0,0.0,-9.777304478999019
firm_bicm_pb_mobs_fdr0.05,PSEUDONYM_299,5.305739535377887e-05,0.37037037037037035,9,1,1,1,0.0,0.0,-9.840540868497584
firm_bicm_pb_mobs_fdr0.05,PSEUDONYM_029,5.305739535377887e-05,0.37037037037037035,9,1,1,1,0.0,0.0,-9.840540868497584
firm_bicm_pb_mobs_fdr0.05,MC SERVİS DANIŞMANLIK BİLGİSAYAR SİSTEMLERİ VE TİCARET LİMİTED ŞİRKETİ,5.305739535377887e-05,0.37037037037037035,9,1,1,1,0.0,0.0,-9.840540868497584
firm_bicm_pb_mobs_fdr0.05,NEFAN TİCARET VE SAN AYİ LTD.ŞTİ.,5.305739535377887e-05,0.37037037037037035,9,1,1,1,0.0,0.0,-9.840540868497584
firm_bicm_pb_mobs_fdr0.05,MAKRO RİSK DEĞERLENDİRME İŞ SAĞLIĞI GÜVENLİĞİ YAZILIM VE EĞİTİM DANIŞMANLIĞI ANONİM ŞİRKETİ,5.305739535377887e-05,0.37037037037037035,9,1,1,1,0.0,0.0,-9.840540868497584
firm_bicm_pb_mobs_fdr0.05,ANTE GRUP ELEKTRİK ELEKTRONİK BİLİŞİM İNŞAAT DANIŞMANLIK SANAYİ VE TİCARET LİMİTED ŞİRKETİ.,5.260235857167692e-05,0.44628099173553715,11,2,2,2,0.6931471805599453,0.6931471805599453,-9.849123122851656
firm_bicm_pb_mobs_fdr0.05,GEMİNİ BİLGİ TEKNOLOJİLERİ ANONİM ŞİRKETİ,5.110091112040327e-05,0.4444444444444444,3,2,2,3,0.6931471805599453,1.0986122886681098,-9.877975399619153
firm_bicm_pb_mobs_fdr0.05,CORPUPP BİLGİ TEKNOLOJİLERİ SANAYİ VE TİCARET LİMİTED ŞİRKETİ,5.07711206536952e-05,0.08677685950413205,22,1,1,1,0.0,0.0,-9.884425823349522
firm_bicm_pb_mobs_fdr0.05,VRLAB ACADEMY YAZILIM ANONİM ŞİRKETİ,5.07711206536952e-05,0.08677685950413205,22,1,1,1,0.0,0.0,-9.884425823349522
firm_bicm_pb_mobs_fdr0.05,UĞUR BİLGİ TEKNOLOJİLERİ ENERJİ VE DANIŞ HİZ. SAN. TİC. A.Ş.,5.07711206536952e-05,0.08677685950413205,22,1,1,1,0.0,0.0,-9.884425823349522
firm_bicm_pb_mobs_fdr0.05,VİSİOSOFT YAZILIM SANAYİ VE TİCARET LİMİTED ŞİRKETİ,5.07711206536952e-05,0.08677685950413205,22,1,1,1,0.0,0.0,-9.884425823349522
firm_bicm_pb_mobs_fdr0.05,PSEUDONYM_413,5.07711206536952e-05,0.08677685950413205,22,1,1,1,0.0,0.0,-9.884425823349522
firm_bicm_pb_mobs_fdr0.05,SENKRON BİLGİSAYAR OTOM.SİST.EĞİT.DAN.SAN.VE TİC.LTD,5.07711206536952e-05,0.08677685950413205,22,1,1,1,0.0,0.0,-9.884425823349522
firm_bicm_pb_mobs_fdr0.05,İKİNOKTA BİLGİ TEKNOLOJİLERİ VE SİSTEM ENTEGRASYON HİZMETLERİ TİCARET ANONİM ŞİRKETİ,5.07711206536952e-05,0.08677685950413205,22,1,1,2,0.0,0.6931471805599453,-9.884425823349522
firm_bicm_pb_mobs_fdr0.05,EVREKA BİLİŞİM TEKNOLOJİLERİ SANAYİVE TİC.LTD.ŞTİ.,5.07711206536952e-05,0.08677685950413205,22,1,1,1,0.0,0.0,-9.884425823349522
firm_bicm_pb_mobs_fdr0.05,ARTI TEK. BORA TAYFUN ŞAHİNOĞLU SÜLEYMANŞAHİNOĞLU KOLL.ŞTİ.,5.07711206536952e-05,0.08677685950413205,22,1,1,1,0.0,0.0,-9.884425823349522
firm_bicm_pb_mobs_fdr0.05,DATABUL YAZILIM DANIŞMANLIK TİCARET LİMİTED ŞİRKETİ,5.07711206536952e-05,0.08677685950413205,22,1,1,1,0.0,0.0,-9.884425823349522
firm_bicm_pb_mobs_fdr0.05,F2 CONNECT ELEKTRİK ELEKTRONİK SANAYİ VE TİCARET LİMİTED ŞİRKETİ,5.07711206536952e-05,0.08677685950413205,22,1,1,1,0.0,0.0,-9.884425823349522
firm_bicm_pb_mobs_fdr0.05,AYNET BİLGİ TEKNOLOJİLERİ SANAYİ VE TİCARET LİMİTED ŞİRKETİ,5.07711206536952e-05,0.08677685950413205,22,1,1,1,0.0,0.0,-9.884425823349522
firm_bicm_pb_mobs_fdr0.05,NATİVE TEKNOLOJİ VE BİLİŞİM HİZMETLERİ LİMİTED ŞİRKETİ,4.97297290216106e-05,0.7083333333333333,12,1,1,1,0.0,0.0,-9.90507207605902
firm_bicm_pb_mobs_fdr0.05,THALİA BİLİŞİM VE DANIŞMANLIK HİZMETLERİ LİMİTED ŞİRKETİ,4.97297290216106e-05,0.7083333333333333,12,1,1,1,0.0,0.0,-9.90507207605902
firm_bicm_pb_mobs_fdr0.05,HİMTEK MÜH.İNŞ.TİC.V E SAN.LTD.ŞTİ.,4.97297290216106e-05,0.7083333333333333,12,1,1,1,0.0,0.0,-9.90507207605902
firm_bicm_pb_mobs_fdr0.05,RPATECH BİLİŞİM SANAYİ VE TİCARET LİMİTED ŞİRKETİ,4.97297290216106e-05,0.7083333333333333,12,1,1,1,0.0,0.0,-9.90507207605902
firm_bicm_pb_mobs_fdr0.05,PSEUDONYM_436,4.856908566950531e-05,0.31404958677685935,11,1,1,1,0.0,0.0,-9.928596290961991
firm_bicm_pb_mobs_fdr0.05,YORDAM BİLGİ TEKNOLO Jİ DAN.EĞ.ELEKT. SİS.SAN.TİC.LTD.,4.856908566950531e-05,0.31404958677685935,11,1,1,1,0.0,0.0,-9.928596290961991
firm_bicm_pb_mobs_fdr0.05,ENDERUN BİLGİ TEKNOL OJİLERİ DANIŞMAN LIK TİC.LTD.ŞTİ.,4.856908566950531e-05,0.31404958677685935,11,1,1,1,0.0,0.0,-9.928596290961991
firm_bicm_pb_mobs_fdr0.05,FONET BİLGİ TEKNOLOJİLERİ ANONİM ŞİRKETİ,4.767879599234057e-05,0.5,2,4,115,208,4.74493212836325,5.337538079701318,-9.94702356982581
firm_bicm_pb_mobs_fdr0.05,TEKNOMAT İNŞ.TEKNOLO Jİ BİLG.HİZM.SAN VE TİC.LTD.ŞTİ.,4.7489487814037806e-05,0.19024970273483943,29,2,2,2,0.6931471805599453,0.6931471805599453,-9.950986048896432
firm_bicm_pb_mobs_fdr0.05,DOKTAR TEKNOLOJİ ANONİM ŞİRKETİ,4.724482363084377e-05,0.4444444444444444,3,1,1,1,0.0,0.0,-9.956130574916424
firm_bicm_pb_mobs_fdr0.05,İMAJ DİZAYN STÜDYO TANITIM VE BİLİŞİM SANAYİ VE TİCARET ANONİM ŞİRKETİ,4.701005253902216e-05,0.49382716049382713,9,2,2,6,0.6931471805599453,1.791759469228055,-9.961092087793489
firm_bicm_pb_mobs_fdr0.05,SYMPRO BİLİŞİM TEKNOLOJİLERİ TİCARET LİMİTED ŞİRKETİ,4.669441692649408e-05,0.5,2,1,1,1,0.0,0.0,-9.967801576987615
firm_bicm_pb_mobs_fdr0.05,ANADEĞER KENT EKİPMANLARI İLAÇLAMA BİLİŞİM HİZMETLERİ TEMİZLİK VE İNŞAAT SANAYİ TİCARET LİMİTED ŞİRKETİ,4.6635899348360334e-05,0.5,2,1,1,1,0.0,0.0,-9.969050451282168
firm_bicm_pb_mobs_fdr0.05,MOMENDE BİLİŞİM DANIŞMANLIK VE TEKN HİZMTİC LTD ŞTİ,4.612913282524456e-05,0.0,11,1,1,1,0.0,0.0,-9.979931535545898
firm_bicm_pb_mobs_fdr0.05,PUENTECH BİLİŞİM VE DANIŞMANLIK HİZMETLERİ ANONİM ŞİRKETİ,4.612913282524456e-05,0.0,11,1,1,1,0.0,0.0,-9.979931535545898
firm_bicm_pb_mobs_fdr0.05,ENTİ MÜH.MÜŞ.PRJ.İNŞÇE.EL.ELKT.İT.İH.SAN.VE TİC.LTD.Ş,4.612913282524456e-05,0.0,11,1,1,1,0.0,0.0,-9.979931535545898
firm_bicm_pb_mobs_fdr0.05,Bİ STRATEJİK YAZILIM SANAYİ TİCARET ANONİM ŞİRKETİ,4.612913282524456e-05,0.0,11,1,1,1,0.0,0.0,-9.979931535545898
firm_bicm_pb_mobs_fdr0.05,NETLINE BİLGİ İŞLEM BİLGİSAYAR DONANIM VE PROGRAM HİZMETLERİ TİCARET LİMİTED ŞİRKETİ,4.612913282524456e-05,0.0,11,1,1,1,0.0,0.0,-9.979931535545898
firm_bicm_pb_mobs_fdr0.05,KURUMSOFT KURUMSAL BİLİŞİM TEKNOLOJİLERİ VE DANIŞMANLIK HİZMETLERİ ANONİM ŞİRKETİ,4.612913282524456e-05,0.0,11,2,2,4,0.6931471805599453,1.3862943611198906,-9.979931535545898
firm_bicm_pb_mobs_fdr0.05,IRMAK YAZILIM BİLİŞİM VE BİLGİSAYAR HİZMETLERİ TİCARET LİMİTED ŞİRKETİ,4.612913282524456e-05,0.0,11,1,1,1,0.0,0.0,-9.979931535545898
firm_bicm_pb_mobs_fdr0.05,BALKAN ELEKT.ELEKTRO VE FOTOĞRAFÇ.SAN VE TİC.LTD.ŞTİ.,4.571621967579771e-05,0.21875,8,1,1,1,0.0,0.0,-9.988885819372756
firm_bicm_pb_mobs_fdr0.05,VDITURK BİLİŞİM TEKNOLOJİLERİ TİCARET ANONİM ŞİRKETİ,4.571621967579771e-05,0.21875,8,1,1,4,0.0,1.3862943611198906,-9.988885819372756
firm_bicm_pb_mobs_fdr0.05,ORKATEK ELEKTRONİK SANAYİ VE TİCARET LİMİTED ŞİRKETİ,4.571621967579771e-05,0.21875,8,1,1,1,0.0,0.0,-9.988885819372756
firm_bicm_pb_mobs_fdr0.05,KIZILAY ARGE VE BİLGİ TEKNOLOJİLERİ TİCARET ANONİM ŞİRKETİ,4.571621967579771e-05,0.21875,8,1,1,1,0.0,0.0,-9.988885819372756
firm_bicm_pb_mobs_fdr0.05,BEDEN GRUP MEDİKAL SAĞLIK SİSTEMLERİ İTHALAT VE İHRACAT TİCARET LİMİTED ŞİRKETİ,4.571621967579771e-05,0.21875,8,1,1,1,0.0,0.0,-9.988885819372756
firm_bicm_pb_mobs_fdr0.05,UFUK BİLİM YAZILIM TEKNOLOJİ BİLİŞİM SANAYİ VE TİCARET ANONİM ŞİRKETİ,4.532553904533293e-05,0.31999999999999984,5,1,1,1,0.0,0.0,-9.997432439965603
firm_bicm_pb_mobs_fdr0.05,BNK TEKNOLOJİ VE BİLİŞİM SİSTEMLERİ TİCARET LTD.ŞTİ,4.242236637159596e-05,0.4444444444444444,3,1,1,1,0.0,0.0,-10.063340065764148
firm_bicm_pb_mobs_fdr0.05,ELTEM-TEK ELEKTRİK TESİSLERİ MÜHENDİSLİK MÜTEAHHİTLİK DANIŞMANLIK VE TİCARET ANONİM ŞİRKETİ,4.12799801470913e-05,0.6666666666666667,3,1,1,1,0.0,0.0,-10.090514055835161
firm_bicm_pb_mobs_fdr0.05,ANALİZ BİLGİSAYAR İNTERNET HİZ.TEKS.SAN.VE TİC.LTD.Ş,4.110098828860315e-05,0.6122448979591837,7,2,2,2,0.6931471805599453,0.6931471805599453,-10.094839460682168
firm_bicm_pb_mobs_fdr0.05,SARF BİLİŞİM BÜRO MALZEMELERİ TİCARET LİMİTED ŞİRKETİ,4.110098828860315e-05,0.6122448979591837,7,3,4,4,1.3862943611198906,1.3862943611198906,-10.094839460682168
firm_bicm_pb_mobs_fdr0.05,PSEUDONYM_509,3.815347403500738e-05,0.375,4,2,4,4,1.3862943611198906,1.3862943611198906,-10.168897328999378
firm_bicm_pb_mobs_fdr0.05,ADER TEKNOLOJİ İNŞAAT TURİZM GIDA SANAYİ VE TİCARET LİMİTED ŞİRKETİ,3.815347403500738e-05,0.375,4,1,1,1,0.0,0.0,-10.168897328999378
firm_bicm_pb_mobs_fdr0.05,GSA ELEKTRONİK PAZARLAMA VE TİC.LTD.ŞTİ.,3.810793538394483e-05,0.5,6,1,1,1,0.0,0.0,-10.170085651099818
firm_bicm_pb_mobs_fdr0.05,REMM ENERJİ MÜHENDİSLİK DANIŞMANLIK HAYVANCILIK SANAYİ VE TİCARET LİMİTED ŞİRKETİ,3.810793538394483e-05,0.5,6,1,1,2,0.0,0.6931471805599453,-10.170085651099818
firm_bicm_pb_mobs_fdr0.05,İTECH ROBOTİK OTOMASYON YENİLENEBİLİR ENERJİ EĞİTİM MEDİKAL TAAHHÜT SANAYİ VE TİCARET LİMİTED ŞİRKETİ,3.810793538394483e-05,0.5,6,1,1,1,0.0,0.0,-10.170085651099818
firm_bicm_pb_mobs_fdr0.05,NATİONAL KEEP NK BİLİŞİM TEKNOLOJİLERİ ULUSLARARASI SİBER GÜVENLİK HİZMETLERİ DANIŞMANLIK YAZILIM VE LABORATUVAR HİZMETLERİ TİCARET LİMİTED ŞİRKETİ,3.7020454872481114e-05,0.31999999999999984,5,1,1,1,0.0,0.0,-10.198891027520402
firm_bicm_pb_mobs_fdr0.05,KC TEK ARGE BİLİŞİM VE EĞİTİM TEKNOLOJİLERİ SANAYİ VE TİCARET ANONİM ŞİRKETİ,3.7020454872481114e-05,0.31999999999999984,5,1,1,1,0.0,0.0,-10.198891027520402
firm_bicm_pb_mobs_fdr0.05,ROBUSTA YAZILIM OTOMASYON DANIŞMANLIK SANAYİ VE TİCARET ANONİM ŞİRKETİ,3.7020454872481114e-05,0.31999999999999984,5,1,1,1,0.0,0.0,-10.198891027520402
firm_bicm_pb_mobs_fdr0.05,KRESİS KURUMSAL BİLİŞİM HİZMETLERİ SANAYİ VE TİCARET LİMİTED ŞİRKETİ,3.558976079641234e-05,0.4444444444444444,3,2,2,2,0.6931471805599453,0.6931471805599453,-10.238097211497694
firm_bicm_pb_mobs_fdr0.05,PSEUDONYM_400,3.538843852596384e-05,0.375,4,1,1,1,0.0,0.0,-10.243739634016535
firm_bicm_pb_mobs_fdr0.05,ZEMİN BİLGİSAYAR YAZILIM TANITIM İLETİŞİM MEDİKAL ELEKTRONİK İNŞAAT SANAYİ VE TİCARET LİMİTED ŞİRKETİ,3.538843852596384e-05,0.375,4,1,1,1,0.0,0.0,-10.243739634016535
firm_bicm_pb_mobs_fdr0.05,RESOLUTİON7 TEKNOLOJİ ANONİM ŞİRKETİ,3.537087030050952e-05,0.0,9,3,1,4,0.0,1.3862943611198906,-10.24423352913849
firm_bicm_pb_mobs_fdr0.05,PSEUDONYM_587,3.537087030050952e-05,0.0,9,1,1,1,0.0,0.0,-10.24423352913849
firm_bicm_pb_mobs_fdr0.05,RICOH TURKEY BASKI ÇÖZÜMLERİ LİMİTED ŞİRKETİ,3.537087030050952e-05,0.0,9,1,1,1,0.0,0.0,-10.24423352913849
firm_bicm_pb_mobs_fdr0.05,PSEUDONYM_603,3.537087030050952e-05,0.0,9,1,1,1,0.0,0.0,-10.24423352913849
firm_bicm_pb_mobs_fdr0.05,İLTER GRUP MÜHENDİSLİK TİCARET LİMİTED ŞİRKETİ,3.537087030050952e-05,0.0,9,1,1,1,0.0,0.0,-10.24423352913849
firm_bicm_pb_mobs_fdr0.05,3K2M BİLİŞİM YAZILIM DONANIM OYUN VE TİCARET LİMİTED ŞİRKETİ,3.537087030050952e-05,0.0,9,1,1,1,0.0,0.0,-10.24423352913849
firm_bicm_pb_mobs_fdr0.05,İLTER TEKNOLOJİ LİMİTED ŞİRKETİ,3.537087030050952e-05,0.0,9,2,1,3,0.0,1.0986122886681098,-10.24423352913849
firm_bicm_pb_mobs_fdr0.05,FOX TEKNOLOJİ VE BİLİŞİM HİZMETLERİ DIŞ TİCARET LİMİTED ŞİRKETİ,3.52377591393463e-05,0.44897959183673464,7,1,1,1,0.0,0.0,-10.247983627283473
firm_bicm_pb_mobs_fdr0.05,OPC TEKNİK SERVİS HİZMETLERİ VE BÜROMALZ.TİC.LTD.ŞTİ,3.52377591393463e-05,0.44897959183673464,7,1,1,1,0.0,0.0,-10.247983627283473
firm_bicm_pb_mobs_fdr0.05,MOBİSOFT BİLİŞİM HİZMETLERİ SANAYİ VE TİCARET LTD.ŞTİ.,3.52377591393463e-05,0.44897959183673464,7,1,1,1,0.0,0.0,-10.247983627283473
firm_bicm_pb_mobs_fdr0.05,KOMEDYA BİLİŞİM VE İLETİŞİM TEK.TİC.LTD.ŞTİ.,3.52377591393463e-05,0.44897959183673464,7,1,1,2,0.0,0.6931471805599453,-10.247983627283473
firm_bicm_pb_mobs_fdr0.05,BTECH SAVUNMA HAVACILIK MEDİKAL VE İLERİ TEKNOLOJİLER SANAYİ TİCARET ANONİM ŞİRKETİ,3.4709694223997905e-05,0.0,3,1,2,2,0.6931471805599453,0.6931471805599453,-10.263000755925976
firm_bicm_pb_mobs_fdr0.05,TEMSU SONDAJ MÜHENDİSLİK MÜŞAVİRLİK İNŞAAT TAAHHÜT ZİRAAT TAŞIMACILIK TURİZM İTHALAT İHRACAT SANAYİ VE TİCARET LİMİTED ŞİRKETİ,3.401596509889141e-05,0.2777777777777777,6,1,2,3,0.6931471805599453,1.0986122886681098,-10.283078133058016
firm_bicm_pb_mobs_fdr0.05,YILMAZ ELEKTRİK OTOMASYON MAK.İNŞ.SAN.VE TİC.A.Ş,3.345524358074071e-05,0.2603550295857988,13,1,1,2,0.0,0.6931471805599453,-10.299605944076621
firm_bicm_pb_mobs_fdr0.05,LİDYA BİLİŞİM TEKNOL OJİ SİSTEMLERİ T İC.VE SAN.LTD.ŞT,3.345524358074071e-05,0.2603550295857988,13,1,1,1,0.0,0.0,-10.299605944076621
firm_bicm_pb_mobs_fdr0.05,NATURA OTOMASYON VE YAZILIM SİSTEMLERİ SANAYİ TİCARET LİMİTED ŞİRKETİ,3.345524358074071e-05,0.2603550295857988,13,1,1,4,0.0,1.3862943611198906,-10.299605944076621
firm_bicm_pb_mobs_fdr0.05,ORTADOĞU BİLİŞİM TEKNOLOJİLERİ SANAYİ VE TİC.LTD.ŞTİ,3.345524358074071e-05,0.2603550295857988,13,1,1,1,0.0,0.0,-10.299605944076621
firm_bicm_pb_mobs_fdr0.05,HALICI ELEKTRONİK VETELEKOMİNİKASYONSAN.TİC.LTD.ŞTİ.,3.345524358074071e-05,0.2603550295857988,13,1,1,1,0.0,0.0,-10.299605944076621
firm_bicm_pb_mobs_fdr0.05,ALM BİLGİSAYAR SAN. TİC.LTD ŞTİ.,3.345524358074071e-05,0.2603550295857988,13,1,1,1,0.0,0.0,-10.299605944076621
firm_bicm_pb_mobs_fdr0.05,CBM BÜRO MAKİNELERİSAN. VE TİC.LTD.ŞTİ.,3.345524358074071e-05,0.2603550295857988,13,1,1,1,0.0,0.0,-10.299605944076621
firm_bicm_pb_mobs_fdr0.05,BESOT MANİSA BELEDİYESİ MÜŞAVİRLİK MÜHENDİSLİK MÜTEAHHİTLİK HİZMETLERİ ULAŞIM TOPLU TAŞIMACILIK SOSYAL TESİSLER İŞLETMECİLİĞİ TURİZM VE ENERJİ SANAYİ VE TİCARET ANONİM ŞİRKETİ,3.195560686072319e-05,0.31999999999999984,5,1,1,1,0.0,0.0,-10.345200308531052
firm_bicm_pb_mobs_fdr0.05,AGROVİSİO TARIM BİLİŞİM SANAYİ VE TİCARET LİMİTED ŞİRKETİ,3.195560686072319e-05,0.31999999999999984,5,1,1,1,0.0,0.0,-10.345200308531052
firm_bicm_pb_mobs_fdr0.05,ORSABİL BİLİŞİM ELEKTRİK ELEKTRONİK HIRD.SAN.VE TİC.LTD.ŞTİ.,3.195560686072319e-05,0.31999999999999984,5,1,1,1,0.0,0.0,-10.345200308531052
firm_bicm_pb_mobs_fdr0.05,FGA MİMARLIK BİLGİSAYAR ELEKTRONİK İNŞAAT TURİZM SANAYİ VE TİCARET LİMİTED ŞİRKETİ,3.195560686072319e-05,0.31999999999999984,5,1,1,1,0.0,0.0,-10.345200308531052
firm_bicm_pb_mobs_fdr0.05,PSEUDONYM_063,3.127424738892192e-05,0.5,4,1,1,1,0.0,0.0,-10.366623461026832
firm_bicm_pb_mobs_fdr0.05,MART YAZILIM EĞİTİM DANIŞMANLIK SANAYİ VE TİCARET LİMİTED ŞİRKETİ,3.1174632782502724e-05,0.56,5,1,1,3,0.0,1.0986122886681098,-10.369794333331196
firm_bicm_pb_mobs_fdr0.05,BİL YAZILIM VE ELEKTRONİK SİS.BLG.MÜH.SAN.VE TİC.LTD.ŞTİ.,2.975005504494832e-05,0.0,7,2,2,2,0.6931471805599453,0.6931471805599453,-10.416276349335096
firm_bicm_pb_mobs_fdr0.05,"SEYRANİ İNSAN KAY.MED.TEM.HİZ.TAAH.SAN.VE TİC.LTD.ŞT, BHM TEMİZLİK İNŞAAT VE MALZEMELERİ NAKLİYE GIDA İTHALAT İHRACAT SANAYİ VE TİCARET LİMİTED ŞİRKETİ İş Ortaklığı",2.934472371442864e-05,0.40625,8,1,1,1,0.0,0.0,-10.429906412979353
firm_bicm_pb_mobs_fdr0.05,PSEUDONYM_672,2.934472371442864e-05,0.40625,8,1,1,1,0.0,0.0,-10.429906412979353
firm_bicm_pb_mobs_fdr0.05,SEREL BİLGİ İŞLEM MALZEMELERİ SANAYİVE TİC.LTD.ŞTİ.,2.934472371442864e-05,0.40625,8,1,3,3,1.0986122886681098,1.0986122886681098,-10.429906412979353
firm_bicm_pb_mobs_fdr0.05,GOLİVE BİLİŞİM HİZMETLERİ SANAYİ VE TİCARET LİMİTED ŞİRKETİ,2.9303218505218456e-05,0.5,2,1,1,1,0.0,0.0,-10.431312650670487
firm_bicm_pb_mobs_fdr0.05,PSEUDONYM_120,2.925038878151442e-05,0.6122448979591837,7,1,1,1,0.0,0.0,-10.433105439359535
firm_bicm_pb_mobs_fdr0.05,"TRTEK TEKNOLOJİK ÜRÜNLER BİLGİSAYAR YAZILIM DONANIM SAN.VE TİC.LTD.ŞTİ., METASOFT BİLGİSAYAR BİLGİ İŞLEM HİZMETLERİ SANAYİ VE TİCARET LİMİTED ŞİRKETİ İş Ortaklığı",2.9069905919390044e-05,0.0,5,1,1,1,0.0,0.0,-10.439254526732693
firm_bicm_pb_mobs_fdr0.05,"PRESTİJ BİLGİ SİSTEMLERİ ARGE ANONİM ŞİRKETİ, ARNİL-NET BİLGİSAYAR İLETİŞİM HİZMETLERİ YAZILIM TURİZM SANAYİ VE TİCARET LİMİTED ŞİRKETİ İş Ortaklığı",2.9069905919390044e-05,0.0,5,1,1,1,0.0,0.0,-10.439254526732693
firm_bicm_pb_mobs_fdr0.05,"PRESTİJ BİLGİ SİSTEMLERİ ARGE YAZILIM İNŞAAT MOBİLYA SANAYİ VE TİCARET A.Ş., ARNİL-NET BİLGİSAYAR İLETİŞİM HİZMETLERİ YAZILIM TURİZM SANAYİ VE TİCARET LİMİTED ŞİRKETİ İş Ortaklığı",2.9069905919390044e-05,0.0,5,1,1,1,0.0,0.0,-10.439254526732693
firm_bicm_pb_mobs_fdr0.05,TAYKA TEKNOLOJİ SANAYİ VE TİCARET ANONİM ŞİRKETİ,2.9069905919390044e-05,0.0,5,1,1,1,0.0,0.0,-10.439254526732693
firm_bicm_pb_mobs_fdr0.05,MARKAM TEKNOLOJİ BİLİŞİM VE İLETİŞİM HİZMETLERİ LİMİTED ŞİRKETİ,2.900493098680889e-05,0.44897959183673464,7,1,1,1,0.0,0.0,-10.441477524887324
firm_bicm_pb_mobs_fdr0.05,TEKNOPORTSOFT ARGE YAZILIM BİLİŞİM VE DANIŞMANLIK HİZMETLERİ SANAYİ TİCARET LİMİTED ŞİRKETİ,2.854894051290485e-05,0.31999999999999984,5,1,1,1,0.0,0.0,-10.457219005433084
firm_bicm_pb_mobs_fdr0.05,MCA YAZILIM BİLİŞİMVE DANIŞMANLIK HİZ LTD ŞTİ,2.854894051290485e-05,0.31999999999999984,5,1,1,1,0.0,0.0,-10.457219005433084
firm_bicm_pb_mobs_fdr0.05,EBİMTES BİLGİ TEKNO. SAN.VE TİC.LTD.Ş Tİ.,2.854894051290485e-05,0.31999999999999984,5,1,1,1,0.0,0.0,-10.457219005433084
firm_bicm_pb_mobs_fdr0.05,SEKTÖRSOFT YAZILIM ARGE ANONİM ŞİRKETİ,2.8373989578663192e-05,0.625,4,1,1,1,0.0,0.0,-10.463324965981316
firm_bicm_pb_mobs_fdr0.05,PSEUDONYM_484,2.8373989578663192e-05,0.625,4,1,1,1,0.0,0.0,-10.463324965981316
firm_bicm_pb_mobs_fdr0.05,ANT TEKNİK CİHAZLARPAZARLAMA VE DIŞTİC.LTD.ŞTİ.,2.8336957258399292e-05,0.5,2,1,1,1,0.0,0.0,-10.46462222555559
firm_bicm_pb_mobs_fdr0.05,SOLVENT YAZILIM VE BİLGİSAYAR HİZMETLERİ DANIŞMANLIK İÇ VE DIŞ TİCARET SANAYİ LİMİTED ŞİRKETİ,2.811808837198156e-05,0.0,3,1,9,10,2.1972245773362196,2.302585092994046,-10.472323862318477
firm_bicm_pb_mobs_fdr0.05,SENIOR DANIŞMANLIK TEKNOLOJİ MÜHENDİSLİK SANAYİ VE TİCARET LİMİTED ŞİRKETİ,2.807819590587208e-05,0.375,4,1,1,1,0.0,0.0,-10.473734026008827
firm_bicm_pb_mobs_fdr0.05,LOTUS LİFE AJAN.REK.TANT.BASI.YAY.ORG.AMBL.İTH.İHR.SAN.TİC.LTD.ŞTİ.,2.807819590587208e-05,0.375,4,1,1,1,0.0,0.0,-10.473734026008827
firm_bicm_pb_mobs_fdr0.05,BİLGİSER ELEKTRONİK HİZMETLER MAĞAZACILIK OTOMOTİV TURİZM İNŞAAT ORGANİZASYON DANIŞMANLIK İTHALAT VE İHRACAT TİCARET LİMİTED ŞİRKETİ,2.8051508263046037e-05,0.375,4,1,1,1,0.0,0.0,-10.474678522149377
firm_bicm_pb_mobs_fdr0.05,ADONİS ELEKTRONİK HİZMETLER MAĞAZACILIK OTOMOTİV İNŞAAT ORGANİZASYON TEKSTİL OPTİK LİMİTED ŞİRKETİ,2.8051508263046037e-05,0.375,4,1,1,1,0.0,0.0,-10.474678522149377
firm_bicm_pb_mobs_fdr0.05,TATAROĞLU MÜHENDİSLİK PROJE İNŞAAT SANAYİ VE TİCARET LİMİTED ŞİRKETİ,2.8051508263046037e-05,0.375,4,1,1,1,0.0,0.0,-10.474678522149377
firm_bicm_pb_mobs_fdr0.05,ENTEGRES BİLİŞİM TEKNOLOJİLERİ LİMİTED ŞİRKETİ,2.741377332041724e-05,0.5,2,9,37,51,3.6109179126442243,3.9318256327243257,-10.497517958216832
firm_bicm_pb_mobs_fdr0.05,İNOOSTER BİLGİ TEKNOLOJİLERİ ANONİM ŞİRKETİ,2.7376943625986465e-05,0.65625,8,1,1,1,0.0,0.0,-10.498853022298169
firm_bicm_pb_mobs_fdr0.05,OSAK BİLGİSAYAR VE YAZILIM SANAYİ VE TİCARET LİMİTED ŞİRKETİ,2.728012923232726e-05,0.0,3,1,1,1,0.0,0.0,-10.502371036325881
firm_bicm_pb_mobs_fdr0.05,YENİ ANADOLU BİLGİSA EML GIDA MAD TEM İNŞ MALZ TİC SAN LTD ŞTİ,2.728012923232726e-05,0.0,3,1,1,1,0.0,0.0,-10.502371036325881
firm_bicm_pb_mobs_fdr0.05,RAST MOBİLE BİLGİ TEKNOLOJİLERİ YAZILIM HİZMETLERİ TİCARET LİMİTED ŞİRKETİ,2.6717239336500656e-05,0.0,3,2,2,3,0.6931471805599453,1.0986122886681098,-10.523074026793022
firm_bicm_pb_mobs_fdr0.05,PROMC PROFESYONEL MAKİNE CİHAZ VE BİLGİ TEKNHOLOJİLERİ LİMİTED ŞİRKETİ,2.6717239336500656e-05,0.0,3,1,1,1,0.0,0.0,-10.523074026793022
firm_bicm_pb_mobs_fdr0.05,LTS BİLGİSAYAR ELEKTRONİK REKLAMCILIK BİLİŞİM VE DANIŞMANLIK HİZMETLERİ İTHALAT İHRACAT SANAYİ VE TİCARET LİMİTED ŞİRKETİ,2.664593183272448e-05,0.4444444444444444,3,1,1,1,0.0,0.0,-10.52572755858809
firm_bicm_pb_mobs_fdr0.05,İRİS BİLGİSAYAR VE BÜRO MALZEMELERİSAN.TİC.LTD.ŞTİ.,2.664593183272448e-05,0.4444444444444444,3,1,1,2,0.0,0.6931471805599453,-10.52572755858809
firm_bicm_pb_mobs_fdr0.05,ALTUS YAZILIM DESTEK VE DANIŞMANLIK HİZME LTD ŞTİ,2.5176770209789885e-05,0.6122448979591837,7,1,1,2,0.0,0.6931471805599453,-10.582026839930736
firm_bicm_pb_mobs_fdr0.05,DELTOİD ELEKTRONİK SİSTEMLERİ TEKNOLOJİ VE İNŞAAT SANAYİ TİCARET LİMİTED ŞİRKETİ,2.5135063258287435e-05,0.5,2,2,2,2,0.6931471805599453,0.6931471805599453,-10.583672278088152
firm_bicm_pb_mobs_fdr0.05,EŞKOM BİLGİSAYAR SAN AYİ TİCARET A.Ş.,2.3955762121247933e-05,0.0,5,2,6,6,1.791759469228055,1.791759469228055,-10.63135580704469
firm_bicm_pb_mobs_fdr0.05,OAK SERBEST MUHASEBECİ MALİ MÜŞAVİRLİK LİMİTED ŞİRKETİ,2.374548465819294e-05,0.44897959183673464,7,1,1,2,0.0,0.6931471805599453,-10.640102215704173
firm_bicm_pb_mobs_fdr0.05,ORİON BT BİLİŞİM HİZMETLERİ LİMİTED ŞİRKETİ,2.374548465819294e-05,0.44897959183673464,7,1,1,1,0.0,0.0,-10.640102215704173
firm_bicm_pb_mobs_fdr0.05,B2M SİSTEM MÜHENDİSLİĞİ İNŞAAT VE TİCARET LTD.ŞTİ.,2.2467715984053696e-05,0.6666666666666667,3,2,2,2,0.6931471805599453,0.6931471805599453,-10.694961222466468
firm_bicm_pb_mobs_fdr0.05,3 ARTI BİLGİ TEKN.MÜ H.YÖN.EĞT.DANŞ.S AN.VE TİC.LTD.ŞT,2.2331908906112307e-05,0.0,5,1,1,1,0.0,0.0,-10.70097281858768
firm_bicm_pb_mobs_fdr0.05,İDEAL BİLGİ YÖNETİMİ SOSYAL SAĞLIK HİZMETLER EĞİTİM TERCÜME ORGANİZASYON SANAYİ VE TİCARET LİMİTED ŞİRKETİ,2.1850847342773972e-05,0.625,4,1,1,3,0.0,1.0986122886681098,-10.722562880709566
firm_bicm_pb_mobs_fdr0.05,KİDA TEKNOLOJİ BİLGİSAYAR GÜVENLİK SİSTEM LERİ VE REKLAMCILIK TİCARET SANAYİ LİMİTED ŞİRKETİ,2.184508304761878e-05,0.0,3,1,1,1,0.0,0.0,-10.722824429607657
firm_bicm_pb_mobs_fdr0.05,MİRON YAZILIM VE BİL Gİ TEKNOLOJİLERİ TİC.LTD.ŞTİ.,2.1824429001026116e-05,0.40625,8,1,1,1,0.0,0.0,-10.72376214757947
firm_bicm_pb_mobs_fdr0.05,T2 YAZILIM LTD.ŞTİ.,2.1824429001026116e-05,0.40625,8,1,1,1,0.0,0.0,-10.72376214757947
firm_bicm_pb_mobs_fdr0.05,HELEZON BİLGİSAYAR Y AZILIM DAN.VE EL EK.TİC.LTD.ŞTİ.,2.169403614152202e-05,0.56,5,2,2,2,0.6931471805599453,0.6931471805599453,-10.729702522184295
firm_bicm_pb_mobs_fdr0.05,SİBEL ELEKTRİK TİC. VE SAN.LTD.ŞTİ.,2.1542907073320005e-05,0.625,4,1,1,1,0.0,0.0,-10.7366320310916
firm_bicm_pb_mobs_fdr0.05,DENGE BİLGİ SİSTEMLERİ SANAYİ VE TİCARET LİMİTED ŞİRKETİ,2.0407152320167604e-05,0.5,6,1,1,1,0.0,0.0,-10.790303958690998
firm_bicm_pb_mobs_fdr0.05,IT SERVİS TEKNOLOJİ HİZMETLERİ EĞİTİM DANIŞMANLIK TURİZM VE İNŞAAT SANAYİ VE TİCARET ANONİM ŞİRKETİ,2.0407152320167604e-05,0.5,6,1,1,1,0.0,0.0,-10.790303958690998
firm_bicm_pb_mobs_fdr0.05,EVA YAZILIM BİLİŞİM İLETİŞİM EĞİTİM ULAŞTIRMA MAKİNA MALZEME İNŞAAT SANAYİ TİCARET LİMİTED ŞİRKETİ,2.0407152320167604e-05,0.5,6,1,1,1,0.0,0.0,-10.790303958690998
firm_bicm_pb_mobs_fdr0.05,FENET BİLGİ TEKNOLOJİLERİ LİMİTED ŞİRKETİ,1.9727885348068732e-05,0.5714285714285714,7,1,1,1,0.0,0.0,-10.823836865065628
firm_bicm_pb_mobs_fdr0.05,SİBER ÇAĞ BİLGİ VE GÜVENLİK SİSTEMLERİ ANONİM ŞİRKETİ,1.8483782876420953e-05,0.6666666666666667,6,1,1,1,0.0,0.0,-10.888330695053831
firm_bicm_pb_mobs_fdr0.05,DDI TEKNOLOJİ VE BİLİŞİM ÇÖZÜMLERİ ARAŞTIRMA GELİŞETİRME HİZM.LTD.ŞTİ.,1.8483782876420953e-05,0.6666666666666667,6,1,1,1,0.0,0.0,-10.888330695053831
firm_bicm_pb_mobs_fdr0.05,PSEUDONYM_320,1.8483782876420953e-05,0.6666666666666667,6,1,1,1,0.0,0.0,-10.888330695053831
firm_bicm_pb_mobs_fdr0.05,PSEUDONYM_226,1.725982274417305e-05,0.31999999999999984,5,1,1,4,0.0,1.3862943611198906,-10.956117599496228
firm_bicm_pb_mobs_fdr0.05,MBM TURİZM OTOMASYON TEMİZLİK İNŞAAT YEMEK KIRTASİYE BİLGİSAYAR TAAHHÜT SANAYİ VE TİCARET LİMİTED ŞİRKETİ,1.725982274417305e-05,0.31999999999999984,5,1,1,1,0.0,0.0,-10.956117599496228
firm_bicm_pb_mobs_fdr0.05,ETA ELEKTRONİK YAZILIM İMALAT SANAYİ TİCARET LİMİTED ŞİRKETİ,1.725982274417305e-05,0.31999999999999984,5,1,1,2,0.0,0.6931471805599453,-10.956117599496228
firm_bicm_pb_mobs_fdr0.05,AKTEL BİLGİSAYAR EĞİTİM ÖĞRETİM İNŞAAT NAKLİYE TURİZM MAKİNE MADENCİLİK TARIM GIDA İTHALAT İHRACAT SANAYİ TİCARET LİMİTED ŞİRKETİ,1.725982274417305e-05,0.31999999999999984,5,1,1,1,0.0,0.0,-10.956117599496228
firm_bicm_pb_mobs_fdr0.05,TROİS YAZILIM VE MÜHENDİSLİK LİMİTED ŞİRKETİ,1.6619634395883364e-05,0.6666666666666667,3,1,1,1,0.0,0.0,-10.99349247511923
firm_bicm_pb_mobs_fdr0.05,TRUST BİLGİ TEKNOLOJİLERİ ARGE TİCARET ANONİM ŞİRKETİ,1.639602957770831e-05,0.4444444444444444,3,1,1,1,0.0,0.0,-11.006883035580142
firm_bicm_pb_mobs_fdr0.05,NETCORE BİLİŞİM HİZMETLERİ ANONİM ŞİRKETİ - ANKARA,1.639602957770831e-05,0.4444444444444444,3,1,1,1,0.0,0.0,-11.006883035580142
firm_bicm_pb_mobs_fdr0.05,ENOVAS MÜHENDİSLİK DANIŞMANLIK BİLGİSAYAR SANAYİ VE TİCARET LİMİTED ŞİRKETİ,1.570700829436504e-05,0.4444444444444444,3,1,1,1,0.0,0.0,-11.04930995693346
firm_bicm_pb_mobs_fdr0.05,COMPECTA BİLİŞİM VE İLETİŞİM HİZMETLERİ SANAYİ VE TİCARET LİMİTED ŞİRKETİ,1.570700829436504e-05,0.4444444444444444,3,1,1,1,0.0,0.0,-11.04930995693346
firm_bicm_pb_mobs_fdr0.05,ALSİN ALARM İZLEME HİZMETLERİ ANONİM ŞİRKETİ,1.5454009617531037e-05,0.24489795918367352,7,1,1,1,0.0,0.0,-11.065351692568077
firm_bicm_pb_mobs_fdr0.05,ORTADOĞU AZS İLETİŞİM İNŞAAT BİLGİSAYAR ELEKTRİK MADENCİLİK SANAYİ VE TİCARET LİMİTED ŞİRKETİ,1.5454009617531037e-05,0.24489795918367352,7,1,1,1,0.0,0.0,-11.065351692568077
firm_bicm_pb_mobs_fdr0.05,PROAKTİF MEDİKAL PAZARLAMA BİLİŞİM TEMİZLİK İNŞAAT SANAYİ VE TİCARET LİMİTED ŞİRKETİ,1.5454009617531037e-05,0.24489795918367352,7,2,2,2,0.6931471805599453,0.6931471805599453,-11.065351692568077
firm_bicm_pb_mobs_fdr0.05,DİYARBAKIR DEMİRCİOĞLU BİLGİSAYAR SİSTEMLERİ ELEKTRİK ELEKTRONİK NAKLİYAT GIDA TEMİZLİK İTHALAT İHRACAT SANAYİ TİCARET LİMİTED ŞİRKETİ,1.5454009617531037e-05,0.24489795918367352,7,2,2,2,0.6931471805599453,0.6931471805599453,-11.065351692568077
firm_bicm_pb_mobs_fdr0.05,PSEUDONYM_196,1.5454009617531037e-05,0.24489795918367352,7,1,1,2,0.0,0.6931471805599453,-11.065351692568077
firm_bicm_pb_mobs_fdr0.05,PSEUDONYM_554,1.4528478621827847e-05,0.5,2,1,1,1,0.0,0.0,-11.126331559270486
firm_bicm_pb_mobs_fdr0.05,F.I.T. BİLGİ İŞLEM SİSTEMLERİ SERVİSLERİ SANAYİ VE TİCARET ANONİM ŞİRKETİ,1.4041138714484037e-05,0.4444444444444444,6,1,1,1,0.0,0.0,-11.16000030509026
firm_bicm_pb_mobs_fdr0.05,MAKRON TEKNOLOJİ VE GÜVENLİK SİSTEMLERİ ELEKTRİK ELEKTRONİK TİCARET LİMİTED ŞİRKETİ,1.3499467557372421e-05,0.0,4,1,1,1,0.0,0.0,-11.198802911193583
firm_bicm_pb_mobs_fdr0.05,NETİN HABERLEŞME TEKNOLOJİLERİ VE İLETİŞİM HİZMETLERİ SANAYİ VE TİCARET ANONİM ŞİRKETİ,1.3499467557372421e-05,0.0,4,1,1,1,0.0,0.0,-11.198802911193583
firm_bicm_pb_mobs_fdr0.05,PARTA BİLGİ TEKNOLOJYAZILIM VE DANIŞLTD.ŞTİ.,1.3499467557372421e-05,0.0,4,1,1,1,0.0,0.0,-11.198802911193583
firm_bicm_pb_mobs_fdr0.05,REDDLYNE YAZILIM SANAYİ VE TİCARET ANONİM ŞİRKETİ,1.28125444336097e-05,0.375,4,1,1,1,0.0,0.0,-11.250280319139357
firm_bicm_pb_mobs_fdr0.05,CEREBRUM TEKNOLOJİ YAZILIM SANAYİ VE TİCARET ANONİM ŞİRKETİ,1.28125444336097e-05,0.375,4,1,1,1,0.0,0.0,-11.250280319139357
firm_bicm_pb_mobs_fdr0.05,E-İMZA BİLİŞİM İLETİ ŞİM BİL GÜV HİZ ME PA SA TLTDŞTİ,1.28125444336097e-05,0.375,4,1,1,1,0.0,0.0,-11.250280319139357
firm_bicm_pb_mobs_fdr0.05,ELFCAN TEKNOLOJİ ANONİM ŞİRKETİ,1.2626093940138075e-05,0.0,3,2,2,2,0.6931471805599453,0.6931471805599453,-11.26472242381813
firm_bicm_pb_mobs_fdr0.05,MYSİS BİLGİ TEKNOLOJİLERİ SAN.VE DIŞ TİC. LTD.ŞTİ.,1.2554773641369004e-05,0.75,4,1,1,1,0.0,0.0,-11.270302383385788
firm_bicm_pb_mobs_fdr0.05,PROVİT BİLİŞİM TEKNOLOJİLERİ TİCARETLTD.ŞTİ.,1.2357460568705775e-05,0.21875,8,2,2,2,0.6931471805599453,0.6931471805599453,-11.28590399406067
firm_bicm_pb_mobs_fdr0.05,DEDİCA TEKNOLOJİ ANONİM ŞİRKETİ,1.2131159390264011e-05,0.0,38,2,3,3,1.0986122886681098,1.0986122886681098,-11.304102612951155
firm_bicm_pb_mobs_fdr0.05,THSNET BİLİŞİM TEKNOLOJİ VE DANIŞMANLIK LİMİTED ŞİRKETİ,1.0861031970898127e-05,0.375,4,1,1,1,0.0,0.0,-11.41288652812052
firm_bicm_pb_mobs_fdr0.05,PAYTEN TEKNOLOJİ ANONİM ŞİRKETİ,1.0861031970898127e-05,0.375,4,1,1,1,0.0,0.0,-11.41288652812052
firm_bicm_pb_mobs_fdr0.05,FORENDA BİLİŞİM TEKNOLOJİLERİ EĞİTİM VE DANIŞMANLIK TİCARET LİMİTED ŞİRKETİ,9.015917179258407e-06,0.375,4,1,1,1,0.0,0.0,-11.595543809157563
firm_bicm_pb_mobs_fdr0.05,DİJİTEK BİLGİ TEKNOLOJİLERİ BİLGİSAYAR YAZILIM EĞİTİM VE DANIŞMANLIK HİZMETLERİ SANAYİ VE TİCARET LİMİTED ŞİRKETİ,9.015917179258407e-06,0.375,4,1,1,1,0.0,0.0,-11.595543809157563
firm_bicm_pb_mobs_fdr0.05,PSEUDONYM_146,8.576177495952713e-06,0.0,5,3,2,4,0.6931471805599453,1.3862943611198906,-11.644483373860757
firm_bicm_pb_mobs_fdr0.05,PSEUDONYM_264,8.576177495952713e-06,0.0,5,1,1,1,0.0,0.0,-11.644483373860757
firm_bicm_pb_mobs_fdr0.05,PSEUDONYM_420,8.576177495952713e-06,0.0,5,1,1,1,0.0,0.0,-11.644483373860757
firm_bicm_pb_mobs_fdr0.05,PSEUDONYM_535,8.576177495952713e-06,0.0,5,1,1,1,0.0,0.0,-11.644483373860757
firm_bicm_pb_mobs_fdr0.05,EDM BİLİŞİM SİSTEMLERİ VE DANIŞMANLIK HİZMETLERİ ANONİM ŞİRKETİ,8.569771446825844e-06,0.5,2,1,1,1,0.0,0.0,-11.645214317433167
firm_bicm_pb_mobs_fdr0.05,"MEKANSAL PLANLAMA MİMARLIK MÜHENDİSLİK PROJE BİLİŞİM İNŞAAT TAAHHÜT SANAYİ VE TİCARET LİMİTED ŞİRKETİ, HÜNER MÜH.TİC.LTD.ŞTİ. İş Ortaklığı",8.361556988606772e-06,0.0,3,1,1,1,0.0,0.0,-11.669267683146417
firm_bicm_pb_mobs_fdr0.05,PLATO BİLGİSAYAR ÜRÜNLERİ PAZ SANAYİ TİCARET LİMİTED ŞİRKETİ,6.455556306164447e-06,0.6666666666666667,3,2,2,2,0.6931471805599453,0.6931471805599453,-11.921395506902202
firm_bicm_pb_mobs_fdr0.05,SEZİN BİLGİ TEKNOLOJİLERİ HİZMET YÖNETİMİ DANIŞMANLIK SANAYİ VE TİCARET LİMİTED ŞİRKETİ,5.900206786612413e-06,0.0,5,2,2,3,0.6931471805599453,1.0986122886681098,-12.008646682846438
firm_bicm_pb_mobs_fdr0.05,TBM ENDÜSTRİ OTOMASYON SANAYİ VE TİCARET ANONİM ŞİRKETİ,5.220193462937471e-06,0.5,6,1,2,2,0.6931471805599453,0.6931471805599453,-12.127021013441295
firm_bicm_pb_mobs_fdr0.05,PSEUDONYM_037,4.920856377221592e-06,0.0,10,1,1,1,0.0,0.0,-12.183926899952086
firm_bicm_pb_mobs_fdr0.05,TEKSOFT BİLİŞİM GIDA ORGANİZASYON SANAYİ VE TİCARET LİMİTED ŞİRKETİ,4.920856377221592e-06,0.0,10,1,1,1,0.0,0.0,-12.183926899952086
firm_bicm_pb_mobs_fdr0.05,İLİM TEKNOLOJİ ANONİM ŞİRKETİ,4.920856377221592e-06,0.0,10,1,1,1,0.0,0.0,-12.183926899952086
firm_bicm_pb_mobs_fdr0.05,DEFNE GRUP OTOMOTİV TAAHHÜT SANAYİ VE TİCARET LİMİTED ŞİRKETİ,4.920856377221592e-06,0.0,10,2,1,2,0.0,0.6931471805599453,-12.183926899952086
firm_bicm_pb_mobs_fdr0.05,ESTEPETA ORGANİZASYON SANAYİ VE TİCARET LİMİTED ŞİRKETİ,4.920856377221592e-06,0.0,10,1,1,1,0.0,0.0,-12.183926899952086
firm_bicm_pb_mobs_fdr0.05,LUKA ENDÜSTRİYEL MAKİNA SANAYİ VE TİCARET LİMİTED ŞİRKETİ,4.920856377221592e-06,0.0,10,1,1,1,0.0,0.0,-12.183926899952086
firm_bicm_pb_mobs_fdr0.05,KARMASİS BİLİŞİM ÇÖZ UMLERİ TİCARET L TD.ŞTİ.,4.900086970664808e-06,0.5714285714285714,7,1,1,1,0.0,0.0,-12.18799807759825
firm_bicm_pb_mobs_fdr0.05,OKDATEK TEKNOLOJİ ANONİM ŞİRKETİ,4.900086970664808e-06,0.5714285714285714,7,1,1,1,0.0,0.0,-12.18799807759825
firm_bicm_pb_mobs_fdr0.05,PSEUDONYM_698,4.900086970664808e-06,0.5714285714285714,7,1,1,1,0.0,0.0,-12.18799807759825
firm_bicm_pb_mobs_fdr0.05,YÖNTEM FİLO YÖNETİMİ ARAÇ İZLEME SİSTEMLERİ İLETİŞİM BİLGİSAYAR SANAYİ VE TİCARET ANONİM ŞİRKETİ,4.900086970664808e-06,0.5714285714285714,7,1,1,1,0.0,0.0,-12.18799807759825
firm_bicm_pb_mobs_fdr0.05,TREND TEKNOLOJİ SİST EMLERİ İTH.İHR.L TD.ŞTİ.,4.731884073805799e-06,0.5,2,1,1,1,0.0,0.0,-12.22159416127634
firm_bicm_pb_mobs_fdr0.05,ART1 SİSTEM YAZILIM BİLİŞİM EĞİTİM DANIŞMANLIK SANAYİ VE TİCARET LİMİTED ŞİRKETİ,4.487335344744103e-06,0.19753086419753085,9,1,1,1,0.0,0.0,-12.272545220978778
firm_bicm_pb_mobs_fdr0.05,ARD GRUP BİLİŞİM MEDİKAL DANIŞMANLIK TİCLTD ŞTİ,4.487335344744103e-06,0.19753086419753085,9,3,2,3,0.6931471805599453,1.0986122886681098,-12.272545220978778
firm_bicm_pb_mobs_fdr0.05,MAVİNCİ BİLİŞİM ENDÜSTRİYELUYGULAMALAR EĞİTİM VE DANIŞMANLIK HİZMETLERİ SANAYİ TİCARET LİMİTED ŞİRKETİ,4.487335344744103e-06,0.19753086419753085,9,1,1,1,0.0,0.0,-12.272545220978778
firm_bicm_pb_mobs_fdr0.05,SOLVEKA YAZILIM TELEKOMİNİKASYON BİLGİ VE İLETİŞİM EĞİTİM TEKNOLOJİLERİ VE HİZMETLERİ ELEKTRONİK SANAYİ VE TİCARET LİMİTED ŞİRKETİ,4.487335344744103e-06,0.19753086419753085,9,1,1,1,0.0,0.0,-12.272545220978778
firm_bicm_pb_mobs_fdr0.05,NETSİS İLETİŞİM VE BİLGİ TEKNO İNŞ TUR SAN TİC LTD Ş,4.487335344744103e-06,0.19753086419753085,9,1,1,1,0.0,0.0,-12.272545220978778
firm_bicm_pb_mobs_fdr0.05,ARESS TURUZM REKLAMCILIK DANIŞMANLIK İNŞAAT EĞİTİM İTHALAT İHRACAT TİCARET LİMİTED ŞİRKETİ,4.487335344744103e-06,0.19753086419753085,9,1,1,1,0.0,0.0,-12.272545220978778
firm_bicm_pb_mobs_fdr0.05,SİBERNETİK TEKNOLOJİ BİLİŞİM ÇÖZÜMLERİ SANAYİ VE TİCARET LİMİTED ŞİRKETİ,3.231652642971415e-06,0.5,6,1,1,1,0.0,0.0,-12.585063262235844
firm_bicm_pb_mobs_fdr0.05,ARTI SİSTEM TURİZM TAŞIMACILIK NAKLİYE OTOMOTİV İNŞAAT EMLAK SANAYİ VE TİCARET LİMİTED ŞİRKETİ.,3.231652642971415e-06,0.5,6,1,1,1,0.0,0.0,-12.585063262235844
firm_bicm_pb_mobs_fdr0.05,DEVRAN BİLGİSAYAR İL ET.İNŞ.VE GIDA S AN.TİC.LTD.ŞTİ.,3.231652642971415e-06,0.5,6,1,2,2,0.6931471805599453,0.6931471805599453,-12.585063262235844
firm_bicm_pb_mobs_fdr0.05,KALE YAZILIM SANAYİ VE TİCARET LTD.Ş Tİ.,3.231652642971415e-06,0.5,6,1,1,1,0.0,0.0,-12.585063262235844
firm_bicm_pb_mobs_fdr0.05,DATAPRİME BİLGİ TEKNOLOJİLERİ ANONİM ŞİRKETİ,3.1595127287492697e-06,0.44897959183673464,7,2,3,3,1.0986122886681098,1.0986122886681098,-12.606365075318488
firm_bicm_pb_mobs_fdr0.05,LİNGOSOFT BİLGİ TEKNOLOJİLERİ DANIŞMANLIK VE DİL HİZMETLERİ TİCARET LİMİTED ŞİRKETİ,1.977641698765542e-06,0.625,4,1,1,1,0.0,0.0,-13.041359945647372
firm_bicm_pb_mobs_fdr0.05,KML BİLGİSAYAR VE YAZILIM TEKNOLOJİLERİSAN TİC LTD,1.977641698765542e-06,0.625,4,1,1,1,0.0,0.0,-13.041359945647372
firm_bicm_pb_mobs_fdr0.05,HAYAT ORMANCILIK SANAYİ VE TİCARET LİMİTED ŞİRKETİ,1.9110753697548628e-06,0.0,4,1,3,3,1.0986122886681098,1.0986122886681098,-13.072534273724099
firm_bicm_pb_mobs_fdr0.05,KEYLESS İNŞAAT TELEKOMÜNİKASYON EMLAK OTOMOTİV TİCARET LİMİTED ŞİRKETİ,1.9021065969586719e-06,0.09500000000000008,20,3,1,3,0.0,1.0986122886681098,-13.076809810161697
firm_bicm_pb_mobs_fdr0.05,NORM SİSTEM TEKNOLOJİ ANONİM ŞİRKETİ,1.9021065969586719e-06,0.09500000000000008,20,1,1,2,0.0,0.6931471805599453,-13.076809810161697
firm_bicm_pb_mobs_fdr0.05,NETWAY TEKNOLOJİ BİLİŞİM DANIŞMANLIK SANAYİ VE TİCARET LİMİTED ŞİRKETİ,1.9021065969586719e-06,0.09500000000000008,20,2,1,2,0.0,0.6931471805599453,-13.076809810161697
firm_bicm_pb_mobs_fdr0.05,AYDO YAZILIM BİLGİSAYAR TEKNOLOJİLERİ VE TİCARET LİMİTED ŞİRKETİ,1.9021065969586719e-06,0.09500000000000008,20,2,1,4,0.0,1.3862943611198906,-13.076809810161697
firm_bicm_pb_mobs_fdr0.05,ITSTACK BİLGİ SİSTEMLERİ SANAYİ VE TİCARET LİMİTED ŞİRKETİ,1.9021065969586719e-06,0.09500000000000008,20,1,1,1,0.0,0.0,-13.076809810161697
firm_bicm_pb_mobs_fdr0.05,INFOPRO BİLİŞİM TİCARET ANONİM ŞİRKETİ,1.9021065969586719e-06,0.09500000000000008,20,1,1,2,0.0,0.6931471805599453,-13.076809810161697
firm_bicm_pb_mobs_fdr0.05,BYGO BİLİŞİM YAZILIM DANIŞMANLIK EĞİTİM SANAYİ VE TİCARET LİMİTED ŞİRKETİ,1.9021065969586719e-06,0.09500000000000008,20,1,1,1,0.0,0.0,-13.076809810161697
firm_bicm_pb_mobs_fdr0.05,CYBERSYS BİLİŞİM İLETİŞİM ELEKTRONİK İTHALAT İHRACAT SANAYİ VE TİCARET LİMİTED ŞİRKETİ,1.9021065969586719e-06,0.09500000000000008,20,1,1,1,0.0,0.0,-13.076809810161697
firm_bicm_pb_mobs_fdr0.05,İNTERİVA BİLGİ TEKNOLOJİLERİ SANAYİ VE TİCARET LİMİTED ŞİRKETİ,1.9021065969586719e-06,0.09500000000000008,20,1,1,3,0.0,1.0986122886681098,-13.076809810161697
firm_bicm_pb_mobs_fdr0.05,İNFİNİTUM BİLGİ SİSTEMLERİ SANAYİ TİCARET LİMİTED ŞİRKETİ,1.9021065969586719e-06,0.09500000000000008,20,2,1,5,0.0,1.6094379124341003,-13.076809810161697
firm_bicm_pb_mobs_fdr0.05,SARENTE BİLGİ TEKNOLOJİLERİ ANONİM ŞİRKETİ,1.9021065969586719e-06,0.09500000000000008,20,2,1,2,0.0,0.6931471805599453,-13.076809810161697
firm_bicm_pb_mobs_fdr0.05,GRANDTEAM BİLİŞİM TEKNOLOJİLERİ SANAYİ TİCARET LİMİTED ŞİRKETİ,1.9021065969586719e-06,0.09500000000000008,20,1,1,1,0.0,0.0,-13.076809810161697
firm_bicm_pb_mobs_fdr0.05,MEG POİNT BİLİŞİM TEKNOLOJİLERİ ANONİM ŞİRKETİ,1.9021065969586719e-06,0.09500000000000008,20,1,1,1,0.0,0.0,-13.076809810161697
firm_bicm_pb_mobs_fdr0.05,PSEUDONYM_362,1.5288602958038901e-06,0.0,4,3,3,3,1.0986122886681098,1.0986122886681098,-13.273204969186251
firm_bicm_pb_mobs_fdr0.05,MİYA DONANIM EĞİTİM YAZILIM DANIŞMANLIK HİZMETLERİ SANAYİ VE TİCARET LTD.ŞTİ.,1.0607650052490417e-06,0.56,5,1,1,1,0.0,0.0,-13.59087009380372
firm_bicm_pb_mobs_fdr0.05,TURKNET İLETİŞİM HİZMETLERİ ANONİM ŞİRKETİ,1.0607650052490417e-06,0.56,5,1,1,2,0.0,0.6931471805599453,-13.59087009380372
firm_bicm_pb_mobs_fdr0.05,ZİRVE ELEKTROMEKANİK İNŞAAT TAAHHÜT SANAYİ VE TİCARET LİMİTED ŞİRKETİ,1.0607650052490417e-06,0.56,5,1,1,1,0.0,0.0,-13.59087009380372
firm_bicm_pb_mobs_fdr0.05,PSEUDONYM_267,8.579916756567389e-07,0.0,8,2,2,2,0.6931471805599453,0.6931471805599453,-13.767578654726625
firm_bicm_pb_mobs_fdr0.05,TURCASOFT YAZILIM SA N.VE TİC.LTD.ŞTİ,7.644301479019451e-07,0.0,3,2,7,9,1.9459101490553132,2.1972245773362196,-13.86099163408837
firm_bicm_pb_mobs_fdr0.05,AYN MEDYA İLETİŞİM REKLAM ORGANİZASYON İNSAN KAYNAKLARI EĞİTİM DANIŞMANLIK HİZMETLERİ LİMİTED ŞİRKETİ,6.339937357303496e-07,0.0,4,2,2,2,0.6931471805599453,0.6931471805599453,-14.007759703350532
firm_bicm_pb_mobs_fdr0.05,EKSPERCE BİLGİSAYARVE BİLGİ İŞLEM SAN.VE TİC.LTD.ŞT,3.8221507395097253e-07,0.0,2,1,2,2,0.6931471805599453,0.6931471805599453,-14.37181725785436
firm_bicm_pb_mobs_fdr0.05,BRAVOMED MEDİKAL SAĞLIK ÜRÜNLERİ KARA VE DENİZ ARAÇLARI TARIM SANAYİ TİCARET LİMİTED ŞİRKETİ,3.8221507395097253e-07,0.0,2,1,2,2,0.6931471805599453,0.6931471805599453,-14.37181725785436
firm_bicm_pb_mobs_fdr0.05,PEGAS GRUP TEMZ.BİLG PEYZAJ VE ÇEV.DÜZ.YE M.ÜR.HİZ.NAK.SAN.LTD,3.8221507395097253e-07,0.0,2,1,2,3,0.6931471805599453,1.0986122886681098,-14.37181725785436
firm_bicm_pb_mobs_fdr0.05,BEY BİLGİSAYAR ELEKTRONİK YAZILIM İLETİŞİM SİSTEMLERİ KIRTASİYE İNŞAAT SANAYİ VE TİCARET LİMİTED ŞİRKETİ,0.0,0.0,1,1,1,1,0.0,0.0,-15.47042954652247
firm_bicm_pb_mobs_fdr0.05,SADTEK ELEKTRONİK SA NAYİ VE TİCARET LİMİ TED ŞİRKETİ,0.0,0.0,1,1,1,1,0.0,0.0,-15.47042954652247
firm_bicm_pb_mobs_fdr0.05,AYDIN GÜVENLİK SİSTEMLERİ TELEKOMÜNİKASYON İNŞAAT TAAHHÜT SERVİS HİZMETLERİ TİC.LTD.ŞTİ.,0.0,0.0,1,1,2,2,0.6931471805599453,0.6931471805599453,-15.47042954652247
firm_bicm_pb_mobs_fdr0.05,YAŞAROĞULLARI DAYANIKLI TÜKETİM MALLARI OTOMOTİV İNŞAAT TURİZM İLETİŞİM SANAYİ VE TİCARET LİMİTED ŞİRKETİ,0.0,0.0,1,1,1,1,0.0,0.0,-15.47042954652247
firm_bicm_pb_mobs_fdr0.05,AYCAN ALARM GÜVENLİK SİSTEMLERİ BİLGİSAYAR İNŞAAT İTHALAT İHRACAT PAZARLAMA SANAYİ VE TİCARET ANONİM ŞİRKETİ,0.0,0.0,1,1,2,2,0.6931471805599453,0.6931471805599453,-15.47042954652247
firm_bicm_pb_mobs_fdr0.05,PSEUDONYM_408,0.0,0.0,2,1,1,1,0.0,0.0,-15.47042954652247
firm_bicm_pb_mobs_fdr0.05,PSEUDONYM_182,0.0,0.0,1,1,1,1,0.0,0.0,-15.47042954652247
firm_bicm_pb_mobs_fdr0.05,APAZ MEDİKAL ÜRÜN VE BİLİŞİM PROĞRAMLAMA SANAYİ TİCARET LİMİTED ŞİRKETİ,0.0,0.0,1,1,3,4,1.0986122886681098,1.3862943611198906,-15.47042954652247
firm_bicm_pb_mobs_fdr0.05,PSEUDONYM_658,0.0,0.0,2,1,1,1,0.0,0.0,-15.47042954652247
firm_bicm_pb_mobs_fdr0.05,AORT SAĞLIK HİZMETLERİ VE BİLGİ İŞLEM SİSTEMLERİ TURİZM İNŞAAT SANAYİ TİCARET LİMİTED ŞİRKETİ,0.0,0.0,2,1,1,1,0.0,0.0,-15.47042954652247
firm_bicm_pb_mobs_fdr0.05,AOG BİLİŞİM İLETİŞİM GÜVENLİK SİSTEMLERİ SANAYİ VE TİCARET LİMİTED ŞİRKETİ,0.0,0.4444444444444444,3,1,1,1,0.0,0.0,-15.47042954652247
firm_bicm_pb_mobs_fdr0.05,PSEUDONYM_032,0.0,0.0,5,1,1,1,0.0,0.0,-15.47042954652247
firm_bicm_pb_mobs_fdr0.05,VENGO BİLGİSAYAR İLETİŞİM TEKNOLOJİLERİ MEDİKAL ÜRNLER SANAYİ VE TİCARET LİMİTED ŞİRKETİ,0.0,0.0,5,1,1,1,0.0,0.0,-15.47042954652247
firm_bicm_pb_mobs_fdr0.05,2 B TEMİZLİK VE GIDA MADDELERİ TEKSTİL TİCARET VE SANAYİ LİMİTED ŞİRKETİ,0.0,0.0,5,1,1,1,0.0,0.0,-15.47042954652247
firm_bicm_pb_mobs_fdr0.05,VELORA TEKNOLOJİ VE BİLİŞİM LİMİTED ŞİRKETİ,0.0,0.0,1,1,1,1,0.0,0.0,-15.47042954652247
firm_bicm_pb_mobs_fdr0.05,GÖZDE EĞİTİM TEM.İNŞ GIDA TUR.VE SOS. HİZ.LTD.ŞTİ.,0.0,0.0,1,1,1,2,0.0,0.6931471805599453,-15.47042954652247
firm_bicm_pb_mobs_fdr0.05,BAKIRKÖY YAPI İNŞAAT ULAŞIM HİZMETLERİ ANONİM ŞİRKETİ,0.0,0.0,1,1,2,2,0.6931471805599453,0.6931471805599453,-15.47042954652247
firm_bicm_pb_mobs_fdr0.05,PSEUDONYM_433,0.0,0.0,1,1,1,1,0.0,0.0,-15.47042954652247
firm_bicm_pb_mobs_fdr0.05,BABAOĞLU İLET.TELEKO SİS.İTH.İHR.SAN.VE T İC.LİTD ŞİRKETİ.,0.0,0.0,1,1,1,1,0.0,0.0,-15.47042954652247
firm_bicm_pb_mobs_fdr0.05,AÇILIM OTOMASYON YAZILIM DONANIM BİLGİSAYAR İNTERNET HİZMETLERİ TURİZM TEMİZLİK VE MALZEMELERİ YEMEKÇİLİK İNŞAAT TAAHHÜT GIDA TIBBİ MALZEMELER VE ÜRÜNLERİ KIRTASİYE RESTORAN İTHALAT İHRACAT VE TİCARET PAZARLAMA LİMİTED ŞİRKETİ,0.0,0.0,1,2,3,3,1.0986122886681098,1.0986122886681098,-15.47042954652247
firm_bicm_pb_mobs_fdr0.05,BARIŞ SAĞL.TEM.DAĞ.HİZ.BİL. İŞL.OTO.S.İÇ.DŞ TC.LTD.Ş,0.0,0.0,3,1,1,1,0.0,0.0,-15.47042954652247
firm_bicm_pb_mobs_fdr0.05,ANTASYA YAZILIM BİLGİSAYAR VE ELEKRONİK SİSTEMLERİ İLETİŞİM ENERJİ İNŞAAT MEDİKAL TİCARET LTD ŞTİ,0.0,0.0,1,1,1,1,0.0,0.0,-15.47042954652247
firm_bicm_pb_mobs_fdr0.05,ARGE GRUP BİLİŞİM İN Ş MAK.ELEK.TEKS. SAN.VE TİC.LTD.Ş,0.0,0.0,4,1,1,1,0.0,0.0,-15.47042954652247
firm_bicm_pb_mobs_fdr0.05,BOM BİLİŞİM SANAYİ VE TİCARET ANONİM ŞİRKETİ,0.0,0.0,4,1,1,1,0.0,0.0,-15.47042954652247
firm_bicm_pb_mobs_fdr0.05,ANSA OTOMASYON BİLGİ SAYAR MÜHENDİSLİ K SAN.TİC.LTD.ŞT,0.0,0.0,4,2,2,2,0.6931471805599453,0.6931471805599453,-15.47042954652247
firm_bicm_pb_mobs_fdr0.05,GRID BİLİŞİM VE BİLGİ TEKNOLOJİSİ DANIŞMAN.SAN.TİC.LTD.ŞTİ.,0.0,0.0,3,1,1,1,0.0,0.0,-15.47042954652247
firm_bicm_pb_mobs_fdr0.05,ANOVA ARGE TEKNOLOJİLERİ SANAYİ VE TİCARET ANONİM ŞİRKETİ,0.0,0.0,3,1,1,1,0.0,0.0,-15.47042954652247
firm_bicm_pb_mobs_fdr0.05,MAKSİMUM DONAN.YAZL.BİL.İLTŞ.VE REKLSAN.TİC.LTD.ŞTİ.,0.0,0.0,1,1,1,1,0.0,0.0,-15.47042954652247
firm_bicm_pb_mobs_fdr0.05,ATILGAN SİNYALİZASYON ELEKTR.ELEKTRO.İNŞ.İTH.İHR.SAN.VE TİC.LTD.ŞTİ,0.0,0.0,1,1,1,1,0.0,0.0,-15.47042954652247
firm_bicm_pb_mobs_fdr0.05,VEKTRA BİLGİ İŞLEM BİL.KUR.ELK.REK.MATBAEĞİ.SAN TİC.LTD.ŞTİ,0.0,0.0,5,2,2,2,0.6931471805599453,0.6931471805599453,-15.47042954652247
firm_bicm_pb_mobs_fdr0.05,APRO BİLGİ TEKNOLOJİLERİ ANONİM ŞİRKETİ,0.0,0.0,5,1,1,1,0.0,0.0,-15.47042954652247
firm_bicm_pb_mobs_fdr0.05,PROSİSTEM BİLGİSAYAR SİSTEM VE SERVİS HİZMETLERİ LTD.Ş,0.0,0.0,2,1,1,1,0.0,0.0,-15.47042954652247
firm_bicm_pb_mobs_fdr0.05,FBN FİNANS VE YÖNETİM DANIŞMANLIĞI LİMİTED ŞİRKETİ,0.0,0.0,6,1,1,1,0.0,0.0,-15.47042954652247
firm_bicm_pb_mobs_fdr0.05,GOODTECH PARTNERS TEKNOLOJİ LİMİTED ŞİRKETİ,0.0,0.0,6,1,1,1,0.0,0.0,-15.47042954652247
firm_bicm_pb_mobs_fdr0.05,REHBER BİLGİSAYAR YAZILIM DANIŞMANLIK LİMİTED ŞİRKETİ,0.0,0.0,6,1,1,1,0.0,0.0,-15.47042954652247
firm_bicm_pb_mobs_fdr0.05,"RENİS DIŞ TİCARET LİMİTED ŞİRKETİ, LTS BİLİŞİM TEKNOLOJİ ANONİM ŞİRKETİ İş Ortaklığı",0.0,0.0,6,1,1,1,0.0,0.0,-15.47042954652247
firm_bicm_pb_mobs_fdr0.05,TEKYAZ TEKNOLOJİK YAZILIMLAR VE MAKİNA TİC.A.Ş.,0.0,0.0,6,2,2,3,0.6931471805599453,1.0986122886681098,-15.47042954652247
firm_bicm_pb_mobs_fdr0.05,LOG YAZILIM EĞİTİM DANIŞMANLIK VE ARGE SANAYİ TİCARET LİMİTED ŞİRKETİ,0.0,0.0,2,1,2,2,0.6931471805599453,0.6931471805599453,-15.47042954652247
firm_bicm_pb_mobs_fdr0.05,ANKON MİMARLIK MÜHENDİSLİK İNŞAAT SAN VE TİC.LTD.ŞTİ,0.0,0.0,1,1,1,1,0.0,0.0,-15.47042954652247
firm_bicm_pb_mobs_fdr0.05,ANKATUR ORGANİZASYON SEYAHAT TURİZM OTOMOTİV SANAYİ VE TİCARET LİMİTED ŞİRKETİ,0.0,0.0,2,1,1,1,0.0,0.0,-15.47042954652247
firm_bicm_pb_mobs_fdr0.05,ÇÖZÜM SERVİS EKİPMANLARI TİC.LTD.ŞTİ.,0.0,0.0,1,1,1,1,0.0,0.0,-15.47042954652247
firm_bicm_pb_mobs_fdr0.05,BALKAN ELEKTRİK ELEKTRONİK VE FOTOĞRAFÇILIK SANAYİ VE TİCARET LİMİTED ŞİRKETİ,0.0,0.0,1,1,1,1,0.0,0.0,-15.47042954652247
firm_bicm_pb_mobs_fdr0.05,2 EN BİLİŞİM VE İLETİŞİM HİZMETLERİ SANAYİ TİCARET LİMİTED ŞİRKETİ.,0.0,0.0,2,1,1,1,0.0,0.0,-15.47042954652247
firm_bicm_pb_mobs_fdr0.05,AKGİZ BİLGİSAYAR OTOMASYON SANAYİ VE TİCARET ANONİM ŞİRKETİ,0.0,0.0,5,1,1,1,0.0,0.0,-15.47042954652247
firm_bicm_pb_mobs_fdr0.05,FAZİLET TİCARETTURİZM SANAYİLTD ŞTİ,0.0,0.0,5,2,2,2,0.6931471805599453,0.6931471805599453,-15.47042954652247
firm_bicm_pb_mobs_fdr0.05,ANKARA BİLGİ TEKNOLOJİLERİ REKLAMCILIK TURİZM SANAYİ VE TİCARET LİMİTED ŞİRKETİ,0.0,0.0,1,1,1,1,0.0,0.0,-15.47042954652247
firm_bicm_pb_mobs_fdr0.05,TEKNOKOLİK BİLGİSAYAR TEMİZLİK HAZIR YEMEK İNŞAAT GIDA PAZARLAMA SANAYİ DIŞ TİCARET LİMİTED ŞİRKETİ,0.0,0.0,1,1,1,1,0.0,0.0,-15.47042954652247
firm_bicm_pb_mobs_fdr0.05,"BARLA BİLGİSAYAR MÜHENDİSLİK MÜŞAVİRLİK GIDA İNŞAAT MEDİKAL SANAYİ VE TİCARET LİMİTED ŞİRKETİ, TEKNOKOLİK BİLGİSAYAR TEMİZLİK HAZIR YEMEK İNŞAAT GIDA PAZARLAMA SANAYİ DIŞ TİCARET LİMİTED ŞİRKETİ Ortak Girişimi",0.0,0.0,1,1,1,1,0.0,0.0,-15.47042954652247
firm_bicm_pb_mobs_fdr0.05,TOKAT YAPAR HARİTA MİM.MÜH.İNŞ.TAAH.SAN.TİC.LTD.ŞTİ.,0.0,0.5,2,1,1,1,0.0,0.0,-15.47042954652247
firm_bicm_pb_mobs_fdr0.05,ELEKTROVİSİON GÜVENLİK OTOMASYON SİSTEMLERİ ELEKTRİK TELEKOMÜNİKASYON İNŞAAT SANAYİ VE TİCARET LİMİTED ŞİRKETİ,0.0,0.4444444444444444,3,1,2,4,0.6931471805599453,1.3862943611198906,-15.47042954652247
firm_bicm_pb_mobs_fdr0.05,ONAT TEMİZLİK BİLGİ İŞLEM İNŞAAT GID .SAN.TİC.LTD.ŞTİ,0.0,0.0,3,1,1,1,0.0,0.0,-15.47042954652247
firm_bicm_pb_mobs_fdr0.05,PSEUDONYM_113,0.0,0.0,3,1,1,2,0.0,0.6931471805599453,-15.47042954652247
firm_bicm_pb_mobs_fdr0.05,ESİM BİLG.MAKİNLR.VE PRĞ.İTH-İHR.TİC. VE SAN.LTD.ŞTİ.,0.0,0.0,1,1,3,3,1.0986122886681098,1.0986122886681098,-15.47042954652247
firm_bicm_pb_mobs_fdr0.05,BAYBORA OTOMASYON Bİ LİŞİM HİZM.TURZ.TAŞ. GIDA SAN.LTD.ŞTİ.,0.0,0.0,1,1,1,1,0.0,0.0,-15.47042954652247
firm_bicm_pb_mobs_fdr0.05,ANKARA TEKNOBİL BİLGİSAY.GÜ.SİS.MÜ.KIR.EL.ELK.SA.VE Tİ.LT.ŞT,0.0,0.0,1,1,1,1,0.0,0.0,-15.47042954652247
firm_bicm_pb_mobs_fdr0.05,ARKSOFT BİLİŞİM TEKNOLOJİ TİCARET SANAYİ ANONİM ŞİRKETİ,0.0,0.0,3,2,1,2,0.0,0.6931471805599453,-15.47042954652247
firm_bicm_pb_mobs_fdr0.05,ANKARA EGS ELEKTRİK ELEKTRONİK MİMARLIK MÜHENDİSLİK İNŞAAT SANAYİ VE TİCARET LİMİTED ŞİRKETİ,0.0,0.0,3,1,1,1,0.0,0.0,-15.47042954652247
firm_bicm_pb_mobs_fdr0.05,BMM MEDİKAL TURİZM TEMİZLİK İNŞAAT GIDA HAYVANCILIK SOSYAL HİZMETLER SANAYİ VE TİCARET LİMİTED ŞİRKETİ,0.0,0.0,2,1,1,1,0.0,0.0,-15.47042954652247
firm_bicm_pb_mobs_fdr0.05,ARGETE YAZILIM BİLİŞİM SANAYİ VE TİCARET LİMİTED ŞİRKETİ LİMİTED ŞİRKETİ,0.0,0.0,1,1,1,1,0.0,0.0,-15.47042954652247
firm_bicm_pb_mobs_fdr0.05,AGMLAB ARAŞTIRMA GELİŞTİRME MERKEZ LARATUVARI BİLİŞİM TEKNOLOJİLERİ ANONİM ŞİRKETİ,0.0,0.0,2,1,1,1,0.0,0.0,-15.47042954652247
firm_bicm_pb_mobs_fdr0.05,REO-TEK ELEKTRONİK Y AZILIM TASARIM E ĞT.SAN VE TİC.LT,0.0,0.0,1,2,3,3,1.0986122886681098,1.0986122886681098,-15.47042954652247
firm_bicm_pb_mobs_fdr0.05,GÖKKUŞAĞI BİLGİSAYARSANAYİ VE TİC.LTD.ŞTİ.,0.0,0.24489795918367352,7,1,2,2,0.6931471805599453,0.6931471805599453,-15.47042954652247
firm_bicm_pb_mobs_fdr0.05,ANKARA DESTEK SOSYAL HİZMETLER SANAYİ VE TİCARET LİMİTED ŞİRKETİ,0.0,0.0,2,1,1,1,0.0,0.0,-15.47042954652247
firm_bicm_pb_mobs_fdr0.05,UNİCON KALİTE ENFORMASYON SİS.DANIŞMANLIK TAAHHÜT TİCARET LİMİTED ŞİRKETİ,0.0,0.0,1,1,1,1,0.0,0.0,-15.47042954652247
firm_bicm_pb_mobs_fdr0.05,SGE MÜHENDİSLİK ELEKTRİK OTOMASYON BİLGİ İŞLEM SANAYİ VE TİCARET LİMİTED ŞİRKETİ,0.0,0.6666666666666667,3,1,1,1,0.0,0.0,-15.47042954652247
firm_bicm_pb_mobs_fdr0.05,PSEUDONYM_610,0.0,0.0,1,3,1,11,0.0,2.3978952727983707,-15.47042954652247
firm_bicm_pb_mobs_fdr0.05,BETİMAR ARAŞTIRMA DANIŞMANLIK TELEKOMÜNİKASYON REKLAMCILIK TURİZM SANAYİ VE TİCARET LTD.ŞTİ.,0.0,0.0,2,2,2,2,0.6931471805599453,0.6931471805599453,-15.47042954652247
firm_bicm_pb_mobs_fdr0.05,AEC BİLİŞİM TEKNOLOJİ SANAYİ VE TİCARET LİMİTED ŞİRKETİ,0.0,0.0,2,1,1,1,0.0,0.0,-15.47042954652247
firm_bicm_pb_mobs_fdr0.05,MAYEB ORGANİZASYON İNŞAAT TAAHHÜT GIDA ULAŞIM TEMİZLİK EĞİTİM BİLİŞİM AKARYAKIT REKLAM TURİZM SAĞLIK HİZMETLERİ SANAYİ VE TİCARET ANONİM ŞİRKETİ,0.0,0.0,6,1,1,1,0.0,0.0,-15.47042954652247
firm_bicm_pb_mobs_fdr0.05,REMO BİLİŞİM TEKNOLOJİLERİ TİCARET LİMİTED ŞİRKETİ,0.0,0.0,6,1,1,1,0.0,0.0,-15.47042954652247
firm_bicm_pb_mobs_fdr0.05,ATA BİLİŞİM SANAYİ V E TİC.LTD.ŞTİ.,0.0,0.0,4,1,2,3,0.6931471805599453,1.0986122886681098,-15.47042954652247
firm_bicm_pb_mobs_fdr0.05,TÜRKELİ SOSYAL HİZMETLER İNŞ.GID.TEMZ.VE TİC.LTD.ŞTİ.,0.0,0.0,4,1,1,1,0.0,0.0,-15.47042954652247
firm_bicm_pb_mobs_fdr0.05,ÖZAKKAYA İNŞ GIDA TE MİZLİK SANAYİ VE TİC.LTD.ŞTİ.,0.0,0.0,4,1,1,2,0.0,0.6931471805599453,-15.47042954652247
firm_bicm_pb_mobs_fdr0.05,ANKA AKTİF BİLGİS.EL K.ELEKT.YAZ.KR.İNŞ.D T.M.T.M.İ.İ.D.TT.L.,0.0,0.0,1,1,1,1,0.0,0.0,-15.47042954652247
firm_bicm_pb_mobs_fdr0.05,PSEUDONYM_530,0.0,0.0,2,1,1,1,0.0,0.0,-15.47042954652247
firm_bicm_pb_mobs_fdr0.05,BELSOFT BİLİŞİM SİSTEMLERİ SANAYİ VE TİCARET LİMİTED ŞİRKETİ,0.0,0.0,2,6,16,18,2.772588722239781,2.8903717578961645,-15.47042954652247
firm_bicm_pb_mobs_fdr0.05,PSEUDONYM_568,0.0,0.0,2,1,1,1,0.0,0.0,-15.47042954652247
firm_bicm_pb_mobs_fdr0.05,BELGE ELEKTRONİK SANTİC.LTD.ŞTİ.,0.0,0.0,2,1,1,1,0.0,0.0,-15.47042954652247
firm_bicm_pb_mobs_fdr0.05,LACİTEK İLERİ TEKNOLOJİLER ARAŞTIRMA GELİŞTİRME DANIŞMANLIK SANAYİ İÇ VE DIŞ TİCARET LİMİTED ŞİRKETİ,0.0,0.0,3,1,1,1,0.0,0.0,-15.47042954652247
firm_bicm_pb_mobs_fdr0.05,PSEUDONYM_376,0.0,0.0,3,1,1,1,0.0,0.0,-15.47042954652247
firm_bicm_pb_mobs_fdr0.05,VİAVİZYON LED TEKNOLOJİLERİ TRAFİK YÖNETİM SİSTEMLERİ SANAYİ VE TİCARET LİMİTED ŞİRKETİ,0.0,0.5,2,1,1,1,0.0,0.0,-15.47042954652247
firm_bicm_pb_mobs_fdr0.05,PSEUDONYM_357,0.0,0.0,1,1,1,1,0.0,0.0,-15.47042954652247
firm_bicm_pb_mobs_fdr0.05,TEKNOWITH BİLİŞİM VE TİCARET LİMİTED ŞİRKETİ,0.0,0.0,1,1,1,1,0.0,0.0,-15.47042954652247
firm_bicm_pb_mobs_fdr0.05,BERA ARGE YAZILIM VE DANIŞMANLIK HİZMETLERİ SANAYİ VE TİCARET LİMİTED ŞİRKETİ,0.0,0.0,1,1,1,1,0.0,0.0,-15.47042954652247
firm_bicm_pb_mobs_fdr0.05,PSEUDONYM_457,0.0,0.0,1,2,1,2,0.0,0.6931471805599453,-15.47042954652247
firm_bicm_pb_mobs_fdr0.05,EMSA GRUP DEMİR ÇELİ K İNŞ.MAK.VE MAD.SAN TİC.LTD.ŞTİ.,0.0,0.0,1,1,1,1,0.0,0.0,-15.47042954652247
firm_bicm_pb_mobs_fdr0.05,LİDER KIRTASİYE MALZEMELERİ VE BÜRO MAK.SAN.TİC.LTD.ŞTİ.,0.0,0.0,2,1,1,1,0.0,0.0,-15.47042954652247
firm_bicm_pb_mobs_fdr0.05,PSEUDONYM_567,0.0,0.0,2,1,1,1,0.0,0.0,-15.47042954652247
firm_bicm_pb_mobs_fdr0.05,DEMİR TEMİZLİK İLAÇLAMA BİLGİ SİSTEM MEDİKAL PETROL GIDA KUYUMCULUK ORGANİZASYON REKLAM NAKLİYAT İNŞAAT SANAYİ VE TİCARET LİMİTED ŞİRKETİ,0.0,0.0,3,1,1,2,0.0,0.6931471805599453,-15.47042954652247
firm_bicm_pb_mobs_fdr0.05,MSD TEMİZLİK BİLGİ SİSTEM MEDİKAL SAĞLIK TURİZM İNŞAAT PETROL GIDA SANAYİ VE TİCARET LİMİTED ŞİRKETİ,0.0,0.0,3,1,1,2,0.0,0.6931471805599453,-15.47042954652247
firm_bicm_pb_mobs_fdr0.05,ZALOĞLU TUR.İNŞ.TEM. BİL.SS.OTMS MED. GD.PZ.SA.Tİ.LT.Ş,0.0,0.0,3,1,1,1,0.0,0.0,-15.47042954652247
firm_bicm_pb_mobs_fdr0.05,BULUTANKA REKLAM TANITIM ORGANİZASYON İLETİŞİM TURİZM EĞİTİM İNŞAAT TAAHHÜT EMLAK NAKLİYAT GIDA VE TEKSTİL SANAYİ TİCARET LİMİTED ŞİRKETİ,0.0,0.0,3,1,1,2,0.0,0.6931471805599453,-15.47042954652247
firm_bicm_pb_mobs_fdr0.05,MST GLOBAL DANIŞMANLIK TİCARET LİMİTED ŞİRKETİ,0.0,0.0,3,1,1,1,0.0,0.0,-15.47042954652247
firm_bicm_pb_mobs_fdr0.05,UNİTY ORGANİZASYON YÖNETİMİ LİMİTED ŞİRKETİ,0.0,0.0,3,1,1,1,0.0,0.0,-15.47042954652247
firm_bicm_pb_mobs_fdr0.05,BKS REKLAM TANITIM ORGANİZASYON İLETİŞİM TURİZM EĞİTİM EMLAK İNŞAAT TAAHHÜT SANAYİ VE TİCARET LİMİTED ŞİRKETİ,0.0,0.0,3,1,1,2,0.0,0.6931471805599453,-15.47042954652247
firm_bicm_pb_mobs_fdr0.05,ASİS ELEKTRONİK VE BİLİŞİM SİSTEMLERİ ANONİM ŞİRKETİ,0.0,0.0,1,1,1,1,0.0,0.0,-15.47042954652247
firm_bicm_pb_mobs_fdr0.05,PROPOİNT BİLİŞİM ELEKTRİK SANAYİ VE DIŞ TİCARET LTD.ŞTİ.,0.0,0.0,3,1,1,1,0.0,0.0,-15.47042954652247
firm_bicm_pb_mobs_fdr0.05,UFUK TUNÇ TEKNOLOJİ HABERLEŞME OTOMOTİV MEDİKAL TEKSTİL İNŞAAT TURİZM GIDA SANAYİ VE TİCARET LİMİTED ŞİRKETİ,0.0,0.0,3,1,1,1,0.0,0.0,-15.47042954652247
firm_bicm_pb_mobs_fdr0.05,AST SAVUNMA SANAYİ ANONİM ŞİRKETİ,0.0,0.0,3,1,1,1,0.0,0.0,-15.47042954652247
firm_bicm_pb_mobs_fdr0.05,KEYDATA BİLGİ İŞLEM TEKNOLOJİ SİSTEMLERİ ANONİM ŞİRKETİ,0.0,0.16528925619834722,11,2,3,4,1.0986122886681098,1.3862943611198906,-15.47042954652247
firm_bicm_pb_mobs_fdr0.05,EFA BİLİŞİM YAZIL.DA NIŞ.BİLGİ.EĞİTİM SAN.VE TİC.LTD.Ş,0.0,0.0,2,2,2,2,0.6931471805599453,0.6931471805599453,-15.47042954652247
firm_bicm_pb_mobs_fdr0.05,TEKOFARK GÖRÜNTÜLEME VE OFİS SİSTEMLERİ PAZARLAMA TİCARET LİMİTED ŞİRKETİ,0.0,0.0,2,1,1,1,0.0,0.0,-15.47042954652247
firm_bicm_pb_mobs_fdr0.05,BFM MİMARLIK MÜH.İNŞDEK.ELE.VE GÜ.SİSN.VE TC.LTD.ŞTİ,0.0,0.0,2,1,1,1,0.0,0.0,-15.47042954652247
firm_bicm_pb_mobs_fdr0.05,BEYKOZ GALERİ OTOMOTİV İNŞAAT TAAHHÜT İTHALAT İHRACAT SANAYİ VE TİCARET LİMİTED ŞİRKETİ,0.0,0.4444444444444444,3,1,1,1,0.0,0.0,-15.47042954652247
firm_bicm_pb_mobs_fdr0.05,PSEUDONYM_377,0.0,0.0,1,1,1,2,0.0,0.6931471805599453,-15.47042954652247
firm_bicm_pb_mobs_fdr0.05,PSEUDONYM_183,0.0,0.0,1,1,1,1,0.0,0.0,-15.47042954652247
firm_bicm_pb_mobs_fdr0.05,"ALTİVA YAZILIM VE BİLGİ SİSTEMLERİ ELEKTRONİK TIBBİ MALZEME TURİZM İNŞAAT MAKİNA SANAYİ TİCARET LİMİTED ŞIRKETİ, METASOFT BİLGİSAYAR BİLGİ İŞLEM HİZMETLERİ SANAYİ VE TİCARET LİMİTED ŞİRKETİ Ortak Girişimi",0.0,0.0,1,1,1,1,0.0,0.0,-15.47042954652247
firm_bicm_pb_mobs_fdr0.05,ÜNİ-PA ÜNİVERSİTE PAZARLAMA VE BİLGİSAYAR İNTERNET TİCARET ANONİM ŞİRKETİ,0.0,0.4444444444444444,3,2,3,3,1.0986122886681098,1.0986122886681098,-15.47042954652247
firm_bicm_pb_mobs_fdr0.05,ŞAHİNOĞLU BİLGİSAYARİNŞAAT KIRTASİYESAN.VE TİC.LTD.Ş,0.0,0.4444444444444444,3,3,3,4,1.0986122886681098,1.3862943611198906,-15.47042954652247
firm_bicm_pb_mobs_fdr0.05,ÖZBAŞLAR DAYANIKLI TÜK.MAL.SAN.VE TİC.LTD.ŞTİ.,0.0,0.4444444444444444,3,1,1,1,0.0,0.0,-15.47042954652247
firm_bicm_pb_mobs_fdr0.05,ACON BİLGİ TEKNOLOJİLERİ İNŞAAT SANAYİ VE TİCARET ANONİM ŞİRKETİ,0.0,0.4444444444444444,3,1,1,1,0.0,0.0,-15.47042954652247
firm_bicm_pb_mobs_fdr0.05,PSEUDONYM_447,0.0,0.0,2,1,1,2,0.0,0.6931471805599453,-15.47042954652247
firm_bicm_pb_mobs_fdr0.05,İNTAÇ EĞİTİM DANIŞMANLIK ORGANİZASYON ARAŞTIRMA İNŞAAT SANAYİ VE TİCARET LİMİTED ŞİRKETİ,0.0,0.0,1,1,1,1,0.0,0.0,-15.47042954652247
firm_bicm_pb_mobs_fdr0.05,ALİMA FİLM YAPIM ENERJİ TARIM İNŞAAT SANAYİ VE TİCARET ANONİM ŞİRKETİ,0.0,0.0,1,1,1,1,0.0,0.0,-15.47042954652247
firm_bicm_pb_mobs_fdr0.05,BONİ TEKNOLOJİ ANONİM ŞİRKETİ,0.0,0.0,2,1,1,1,0.0,0.0,-15.47042954652247
firm_bicm_pb_mobs_fdr0.05,KENTİM BİLİŞİM ANONİM ŞİRKETİ,0.0,0.0,3,1,1,1,0.0,0.0,-15.47042954652247
firm_bicm_pb_mobs_fdr0.05,BODÜSAN MOBİLYA DEKORASYON İNŞAAT NAKLİYE TURİZM KIRTASİYE İTHALAT İHRACAT TİCARET LİMİTED ŞİRKETİ,0.0,0.0,3,1,1,1,0.0,0.0,-15.47042954652247
firm_bicm_pb_mobs_fdr0.05,ARMY BASKI TEKNOLOJİLERİ SANAYİ VE TİCARET LİMİTED ŞİRKETİ,0.0,0.0,2,1,1,1,0.0,0.0,-15.47042954652247
firm_bicm_pb_mobs_fdr0.05,KARBEL İZMİR KARABAĞ LAR BEL İNŞ TEM TA T UR SA VE TİC LTD ŞTİ,0.0,0.0,1,1,1,1,0.0,0.0,-15.47042954652247
firm_bicm_pb_mobs_fdr0.05,PSEUDONYM_678,0.0,0.0,2,1,2,2,0.6931471805599453,0.6931471805599453,-15.47042954652247
firm_bicm_pb_mobs_fdr0.05,AIRCOM TEKNOLOJİ ANONİM.ŞİRKETİ,0.0,0.0,2,1,1,1,0.0,0.0,-15.47042954652247
firm_bicm_pb_mobs_fdr0.05,İSTAR ELEKTRONİK VE BİLİŞİM HİZMETLERİ TİCARET LİMİTED ŞİRKETİ,0.0,0.5,2,1,1,1,0.0,0.0,-15.47042954652247
firm_bicm_pb_mobs_fdr0.05,"BOĞAZİÇİ HİZMET GRUPİNŞ.MÜH.EĞİT.DANIŞ.TEM.TAAH.VE TİC.LT.ŞT, AKSİYONER BİLGİ YÖNETİMİ YAZIMIL SİSTEM ORG.EĞİTİM VE DANIŞMANLIK SANAYİ TİCARET LTD ŞTİ Ortak Girişimi",0.0,0.0,2,1,1,1,0.0,0.0,-15.47042954652247
firm_bicm_pb_mobs_fdr0.05,"BOĞAZİÇİ HİZMET GRUPİNŞ.MÜH.EĞİT.DANIŞ.TEM.TAAH.VE TİC.LT.ŞT, ASAL BİLİM KÜLTÜR SANAT SPOR SAĞLIK VE REHABİLİTASYON MERK.ORG.LTD.ŞTİ. İş Ortaklığı",0.0,0.0,2,1,1,1,0.0,0.0,-15.47042954652247
firm_bicm_pb_mobs_fdr0.05,ETHA MÜHENDİSLİK GÜVENLİK SİSTEMLERİ ELEKTRİK MAKİNA İNŞAAT NAKLİYAT SANAYİ VE TİCARET LİMİTED ŞİRKETİ.,0.0,0.0,2,1,1,1,0.0,0.0,-15.47042954652247
firm_bicm_pb_mobs_fdr0.05,TERVELLİ ENDÜSTRİYEL ÜRÜNLER DIŞ TİCARET LİMİTED ŞİRKETİ,0.0,0.0,2,1,1,1,0.0,0.0,-15.47042954652247
firm_bicm_pb_mobs_fdr0.05,KPM İLERİ TEKNOLOJİLERİ VE DANIŞMANLIK LİMİTED ŞİRKETİ,0.0,0.0,2,1,1,1,0.0,0.0,-15.47042954652247
firm_bicm_pb_mobs_fdr0.05,YE-PA YENİMAHALLE GIYAY.TEM.ÇE.DÜZ.İNŞ.TUR.SAN.TİC.LTD.ŞTİ.,0.0,0.0,1,1,1,1,0.0,0.0,-15.47042954652247
firm_bicm_pb_mobs_fdr0.05,7K BİLİŞİM TEKNOLOJİLERİ VE DANIŞMANLIK İNŞAAT TAAHHÜT İTHALAT İHRACAT SANAYİ VE TİCARET LİMİTED ŞİRKETİ,0.0,0.0,2,2,5,5,1.6094379124341003,1.6094379124341003,-15.47042954652247
firm_bicm_pb_mobs_fdr0.05,ALYAMİN ENERJİ BİLİŞİM SİSTEMLERİ TAAHHÜT SANAYİ VE DIŞ TİCARET LİMİTED ŞİRKETİ,0.0,0.0,3,1,2,4,0.6931471805599453,1.3862943611198906,-15.47042954652247
firm_bicm_pb_mobs_fdr0.05,ROKHSİS BİLİŞİM ANONİM ŞİRKETİ,0.0,0.0,6,1,1,1,0.0,0.0,-15.47042954652247
firm_bicm_pb_mobs_fdr0.05,SETAP TEKNOLOJİ SİSTEMLERİ SANAYİ VE TİCARET ANONİM ŞİRKETİ,0.0,0.0,6,1,1,1,0.0,0.0,-15.47042954652247
firm_bicm_pb_mobs_fdr0.05,ICON SYSTEMS TEKNOLOJİ SİSTEM YAPI VE SANAYİ ANONİM ŞİRKETİ,0.0,0.0,1,1,1,1,0.0,0.0,-15.47042954652247
firm_bicm_pb_mobs_fdr0.05,BULUT FİLO YÖNETİMİ ANONİM ŞİRKETİ,0.0,0.0,1,1,1,1,0.0,0.0,-15.47042954652247
firm_bicm_pb_mobs_fdr0.05,BULUT BİLİŞİM TEKNOLOJİLERİ LİMİTED ŞİRKETİ,0.0,0.0,3,2,2,3,0.6931471805599453,1.0986122886681098,-15.47042954652247
firm_bicm_pb_mobs_fdr0.05,WALNUT LAB TEKNOLOJİ VE DİJİTAL ÇÖZÜMLER ANONİM ŞİRKETİ,0.0,0.31999999999999984,5,1,1,1,0.0,0.0,-15.47042954652247
firm_bicm_pb_mobs_fdr0.05,YDK BİLİŞİM REKLAM İNŞAAT SANAYİ VE TİCARET LİMİTED ŞİRKETİ,0.0,0.31999999999999984,5,1,1,1,0.0,0.0,-15.47042954652247
firm_bicm_pb_mobs_fdr0.05,PROCEN DANIŞMANLIK BİLGİ TEKNOLOJİLERİ EĞİTİM VE BELGELENDİRME HİZMETLERİ TİCARET LİMİTED ŞİRKETİ,0.0,0.0,2,1,1,1,0.0,0.0,-15.47042954652247
firm_bicm_pb_mobs_fdr0.05,INTERACT MEDİKAL TEKNOLOJİLERİ ANONİM ŞİRKETİ,0.0,0.0,1,1,1,1,0.0,0.0,-15.47042954652247
firm_bicm_pb_mobs_fdr0.05,PSEUDONYM_397,0.0,0.0,1,1,1,1,0.0,0.0,-15.47042954652247
firm_bicm_pb_mobs_fdr0.05,PROBEL BİLGİSAYAR YAZILIM DONANIM SANAYİ VE TİCARET ANONİM ŞİRKETİ,0.0,0.0,3,7,71,210,4.2626798770413155,5.3471075307174685,-15.47042954652247
firm_bicm_pb_mobs_fdr0.05,EKSPRES ELEKTRONİK E GİTİM ÖĞR. GIDA SAN.TİC.LTD.ŞTİ.,0.0,0.29166666666666663,12,2,2,2,0.6931471805599453,0.6931471805599453,-15.47042954652247
firm_bicm_pb_mobs_fdr0.05,PSEUDONYM_099,0.0,0.0,1,1,1,1,0.0,0.0,-15.47042954652247
firm_bicm_pb_mobs_fdr0.05,AHMERA TEMİZLİK YEMEK TAŞIMACILIK MÜHENDİSLİK PEYZAJ BİLGİSAYAR VE ÖZEL SAĞLIK HİZMETLERİ TİCARET VE SANAYİ LİMİTED ŞİRKETİ,0.0,0.0,1,1,1,1,0.0,0.0,-15.47042954652247
firm_bicm_pb_mobs_fdr0.05,ARŞİVİST DİZAYN ARŞİV KÜTÜPHANE BELGE BİLGİ YÖNETİMİ VE BİLİŞİM SİSTEMLERİ LİMİTED ŞİRKETİ,0.0,0.0,6,1,3,3,1.0986122886681098,1.0986122886681098,-15.47042954652247
firm_bicm_pb_mobs_fdr0.05,ALTERNATİF BİLGİSAYAR YAZILIM YATIRIM VE YÖNETİM DANIŞMANLIĞI HİZMETLERİ LİMİTED ŞİRKETİ,0.0,0.0,1,1,1,1,0.0,0.0,-15.47042954652247
firm_bicm_pb_mobs_fdr0.05,BAŞKENT IMG GÜVENLİK SİSTEMLERİ ELEKTRİK ELEKTRONİK SANAYİ TİCARET LİMİTED ŞİRKETİ,0.0,0.0,1,1,1,1,0.0,0.0,-15.47042954652247
firm_bicm_pb_mobs_fdr0.05,E KAMPÜS EĞİTİM YAZILIM VE DANIŞMANLIK ANONİM ŞİRKETİ,0.0,0.0,6,1,1,1,0.0,0.0,-15.47042954652247
firm_bicm_pb_mobs_fdr0.05,ENARTEC TEKNOLOJİ VE MÜHENDİSLİK ANONİM ŞİRKETİ,0.0,0.0,6,1,1,1,0.0,0.0,-15.47042954652247
firm_bicm_pb_mobs_fdr0.05,NEXTDATA BİLGİ İLETİŞİM DANIŞMANLIK VE SATIŞ HİZMETLERİ SANAYİ VE TİCARET ANONİM ŞİRKETİ,0.0,0.0,6,1,1,2,0.0,0.6931471805599453,-15.47042954652247
firm_bicm_pb_mobs_fdr0.05,DÜNYAM SANAL MAĞAZACILIK BİLİŞİM İNŞAAT TEKSTİL SAN.VE DIŞ TİC.LTD.ŞTİ.,0.0,0.0,1,1,1,1,0.0,0.0,-15.47042954652247
firm_bicm_pb_mobs_fdr0.05,SEBİL BİLGİSAYAR MÜHENDİSLİK İNŞAAT SANAYİ VE TİCARET ANONİM ŞİRKETİ.,0.0,0.0,2,1,1,1,0.0,0.0,-15.47042954652247
firm_bicm_pb_mobs_fdr0.05,BİLDES BİLİŞİM DESTEK HİZMETLERİ DANIŞMANLIK ORGANİZASYON TURİZM İÇ VE DIŞ TİCARET LİMİTED ŞİRKETİ,0.0,0.0,2,1,1,1,0.0,0.0,-15.47042954652247
firm_bicm_pb_mobs_fdr0.05,MEVA MEDİKAL İNŞAAT TURİZM GIDA TEKSTİL SANAYİ VE TİCARET LİMİTED ŞİRKETİ,0.0,0.0,1,1,1,1,0.0,0.0,-15.47042954652247
firm_bicm_pb_mobs_fdr0.05,TEMİKAN BİLİŞİM GÜVENLİK SİSTEMLERİ İNŞAAT SANAYİ VE TİCARET LTD ŞTİ,0.0,0.0,1,1,1,1,0.0,0.0,-15.47042954652247
firm_bicm_pb_mobs_fdr0.05,LİNK BİLGİSAYAR SİSTEMLERİ YAZILIMI VE DONANIMI SANAYİ VE TİCARET ANONİM ŞİRKETİ,0.0,0.0,3,1,1,1,0.0,0.0,-15.47042954652247
firm_bicm_pb_mobs_fdr0.05,DMV BİLİŞİM VE REKLAMCILIK TİCARET LİMİTED ŞİRKETİ,0.0,0.625,4,1,1,1,0.0,0.0,-15.47042954652247
firm_bicm_pb_mobs_fdr0.05,PSEUDONYM_595,0.0,0.625,4,1,1,1,0.0,0.0,-15.47042954652247
firm_bicm_pb_mobs_fdr0.05,PSEUDONYM_092,0.0,0.0,1,1,1,1,0.0,0.0,-15.47042954652247
firm_bicm_pb_mobs_fdr0.05,ARPHIS SOSYAL HİZMETLER LTD.ŞTİ.,0.0,0.0,1,1,1,1,0.0,0.0,-15.47042954652247
firm_bicm_pb_mobs_fdr0.05,AGM BİLGİ TEKNOL.REKBAS.YAY.İNŞ.TURZ.SANVE TİC.LTD.ŞTİ.,0.0,0.0,1,1,1,1,0.0,0.0,-15.47042954652247
firm_bicm_pb_mobs_fdr0.05,TELESKOP YAZILIM TEKNOLOJİLERİ ANONİM ŞİRKETİ,0.0,0.0,4,1,2,2,0.6931471805599453,0.6931471805599453,-15.47042954652247
firm_bicm_pb_mobs_fdr0.05,UÇBEYİ SİBER GÜVENLİK VE BİLİŞİM SİSTEMLERİ ANONİM ŞİRKETİ,0.0,0.0,4,2,2,2,0.6931471805599453,0.6931471805599453,-15.47042954652247
firm_bicm_pb_mobs_fdr0.05,RDS TEKNOLOJİ DANIŞMANLIK SANAYİ VE TİCARET LİMİTED ŞİRKETİ,0.0,0.0,3,1,1,1,0.0,0.0,-15.47042954652247
firm_bicm_pb_mobs_fdr0.05,SİGNUM TEKNOLOJİ TAN ITIM VE EĞİTİM L TD.ŞTİ.,0.0,0.0,3,1,1,1,0.0,0.0,-15.47042954652247
firm_bicm_pb_mobs_fdr0.05,GALAKSİTY AKILLI ŞEHİR TEKNOLOJİLERİ ANONİM ŞİRKETİ,0.0,0.0,9,1,3,3,1.0986122886681098,1.0986122886681098,-15.47042954652247
firm_bicm_pb_mobs_fdr0.05,HİV-VA PEYZAJ UYGULAMA TASARIM İNŞAAT NAKLİYAT ÖZEL EĞİTİM VE SOSYAL HİZMETLER TEMİZLİK SANAYİ TİCARET LİMİTED ŞİRKETİ,0.0,0.5,2,1,1,1,0.0,0.0,-15.47042954652247
firm_bicm_pb_mobs_fdr0.05,ALTERNATİF BİLGİSAYAR YAZILIM YATIRIM VE YÖNETİM DANIŞMANLIK HİZMETLERİ LİMİTED ŞİRKETİ,0.0,0.0,1,1,1,1,0.0,0.0,-15.47042954652247
firm_bicm_pb_mobs_fdr0.05,ELİS DANIŞMANLIK BİL GİSAYAR YAZ.TURZ SAN.VE TİC.LTD.Ş,0.0,0.0,6,1,1,1,0.0,0.0,-15.47042954652247
firm_bicm_pb_mobs_fdr0.05,KPMG YÖNETİM DANIŞMANLIĞI ANONİM ŞİRKETİ,0.0,0.0,6,1,1,1,0.0,0.0,-15.47042954652247
firm_bicm_pb_mobs_fdr0.05,STS-E TEKNOLOJİ BİLG İSAYAR DAN.HİZ.S AN.VE TİC.LTD.ŞT,0.0,0.0,6,1,1,1,0.0,0.0,-15.47042954652247
firm_bicm_pb_mobs_fdr0.05,İLKE BİLGİSAYAR TELK .YAZ.SER.TİC.SAN .LTD.ŞTİ.,0.0,0.0,6,1,1,1,0.0,0.0,-15.47042954652247
firm_bicm_pb_mobs_fdr0.05,BİLGİ UZMANLARI E İŞ ÇÖZÜMLERİ SANAYİ VE TİCARET LİMİTED ŞİRKETİ,0.0,0.0,6,1,1,1,0.0,0.0,-15.47042954652247
firm_bicm_pb_mobs_fdr0.05,GE MEDİCAL SYSTEMS TÜRKİYE LTD.ŞTİ,0.0,0.0,4,2,2,3,0.6931471805599453,1.0986122886681098,-15.47042954652247
firm_bicm_pb_mobs_fdr0.05,KARAHAN TIP SANAYİ VE TİCARET LİMİTED ŞİRKETİ,0.0,0.0,4,1,1,1,0.0,0.0,-15.47042954652247
firm_bicm_pb_mobs_fdr0.05,ÇÖZÜM ECZA DEPOSU MEDİKAL LİMİTED ŞİRKETİ,0.0,0.0,4,1,1,1,0.0,0.0,-15.47042954652247
firm_bicm_pb_mobs_fdr0.05,CAN-MED MEDİKAL GEREÇLER SAN.VE TİC.LTD.ŞTİ.,0.0,0.0,1,1,1,1,0.0,0.0,-15.47042954652247
firm_bicm_pb_mobs_fdr0.05,BİLGECOM BİLİŞİM TEKNOLOJİLERİ SANAYİ VE TİCARET LİMİTED ŞİRKETİ,0.0,0.0,1,1,1,1,0.0,0.0,-15.47042954652247
firm_bicm_pb_mobs_fdr0.05,ÖZGÜRTEM TOPLU TEMİZLİK YEMEK İLAÇLAMA ÖZEL GÜVENLİK TOPLU TAŞIMACILIK HAYVANCILIK İNŞAAT TAAHHÜT TURİZM TİCARET LİMİTED ŞİRKETİ,0.0,0.0,1,1,1,1,0.0,0.0,-15.47042954652247
firm_bicm_pb_mobs_fdr0.05,BİLGE İLETİŞİM ORGANİZASYON REHBERLİK İNŞAAT TAAHHÜT TİCARET VE SANAYİ LİMİTED ŞİRKETİ,0.0,0.0,1,1,1,1,0.0,0.0,-15.47042954652247
firm_bicm_pb_mobs_fdr0.05,ITM ÜREME SAĞLIĞI ÜRÜNLERİ LİMİTED ŞİRKETİ,0.0,0.0,1,1,1,1,0.0,0.0,-15.47042954652247
firm_bicm_pb_mobs_fdr0.05,ALNİS GIDA TEKNOLOJİ VE LOJİSTİK TİCARET ANONİM ŞİRKETİ,0.0,0.0,1,1,1,1,0.0,0.0,-15.47042954652247
firm_bicm_pb_mobs_fdr0.05,BİLDEM BİLGİ ÖLÇME LİMİTED ŞİRKETİ,0.0,0.0,3,1,1,1,0.0,0.0,-15.47042954652247
firm_bicm_pb_mobs_fdr0.05,PSEUDONYM_126,0.0,0.33999999999999986,10,2,1,5,0.0,1.6094379124341003,-15.47042954652247
firm_bicm_pb_mobs_fdr0.05,PSEUDONYM_157,0.0,0.33999999999999986,10,1,1,1,0.0,0.0,-15.47042954652247
firm_bicm_pb_mobs_fdr0.05,İŞBAY İNŞ.TEMİZL.TUR SAĞ.HİZM.ELEK.GI BİL.TİC.LTD.ŞTİ.,0.0,0.33999999999999986,10,1,1,1,0.0,0.0,-15.47042954652247
firm_bicm_pb_mobs_fdr0.05,A.Z.M.HARİTA JEOLOJİ İNŞAAT TURİZM MEDİKAL SANAYİ VE TİCARET LİMİTED ŞİRKETİ,0.0,0.33999999999999986,10,2,1,2,0.0,0.6931471805599453,-15.47042954652247
firm_bicm_pb_mobs_fdr0.05,HASAN ATALAY İNŞAAT MÜTEAHHİTLİK NAKLİYE TEMİZLİK SANAYİ VE TİCARET LİMİTED ŞİRKETİ,0.0,0.0,2,1,1,1,0.0,0.0,-15.47042954652247
firm_bicm_pb_mobs_fdr0.05,ABM BİLGİSAYAR HİZME TLERİ SANAYİ VE TİCARAT LİMİTED,0.0,0.0,2,1,1,1,0.0,0.0,-15.47042954652247
firm_bicm_pb_mobs_fdr0.05,ABH AVRUPA BİLİŞİM HİZMETLERİ SANAYİ TİCARET LİMİTED ŞİRKETİ.,0.0,0.0,1,1,5,6,1.6094379124341003,1.791759469228055,-15.47042954652247
firm_bicm_pb_mobs_fdr0.05,EMİTURK ELEKTRONİK SAN.VE TİC.LTD.ŞT,0.0,0.0,19,2,7,7,1.9459101490553132,1.9459101490553132,-15.47042954652247
firm_bicm_pb_mobs_fdr0.05,TEKTEM SOSYAL HİZ.TU RZ.İNŞ.GIDA SAN. VE TİC.LTD.ŞTİ.,0.0,0.0,6,1,1,1,0.0,0.0,-15.47042954652247
firm_bicm_pb_mobs_fdr0.05,İZMİRCOMP BİLGİSAYAR YAZILIM SANAYİ VE TİCARET ANONİM ŞİRKETİ,0.0,0.0,6,3,1,7,0.0,1.9459101490553132,-15.47042954652247
firm_bicm_pb_mobs_fdr0.05,GÜVEN GİRİŞİM GRUBU BİLGİSAYAR GIDA TEKSTİL İNŞAAT TURİZM SANAYİ VE TİCARET LİMİTED ŞİRKETİ,0.0,0.5,2,1,1,1,0.0,0.0,-15.47042954652247
firm_bicm_pb_mobs_fdr0.05,BİLGE SİBER GÜVENLİK TEKNOLOJİLERİ VE SAN VE TİCARET LİMİTED ŞİRKETİ,0.0,0.4444444444444444,3,1,1,1,0.0,0.0,-15.47042954652247
firm_bicm_pb_mobs_fdr0.05,D.E.S.P.R.O.BİLGİSAYAR ELEKTRONİK T.S.H.S.VE T.L.Ş.,0.0,0.31999999999999984,5,1,1,1,0.0,0.0,-15.47042954652247
firm_bicm_pb_mobs_fdr0.05,PSİKOTEK DANIŞMANLIK VE TİC.LTD.ŞTİ.,0.0,0.31999999999999984,5,1,1,1,0.0,0.0,-15.47042954652247
firm_bicm_pb_mobs_fdr0.05,SİGMA MERKEZİ YÖNETİM SİSTEMLERİ DANIŞMANLIĞI TİCARET LİMİTED ŞİRKETİ,0.0,0.31999999999999984,5,1,2,2,0.6931471805599453,0.6931471805599453,-15.47042954652247
firm_bicm_pb_mobs_fdr0.05,İDEAKTİF DANIŞMANLIK VE YAZILIM SANAYİ TİCARET LİMİTED ŞİRKETİ,0.0,0.0,2,1,1,2,0.0,0.6931471805599453,-15.47042954652247
firm_bicm_pb_mobs_fdr0.05,PRO7 BİLİŞİM GÜVENLİK SİSTEMLERİ TELEKOMÜNİKASYON İLETİŞİM VE TİCARET LİMİTED ŞİRKETİ,0.0,0.0,6,1,1,1,0.0,0.0,-15.47042954652247
firm_bicm_pb_mobs_fdr0.05,PSEUDONYM_024,0.0,0.0,6,1,1,1,0.0,0.0,-15.47042954652247
firm_bicm_pb_mobs_fdr0.05,PSEUDONYM_361,0.0,0.0,6,1,1,1,0.0,0.0,-15.47042954652247
firm_bicm_pb_mobs_fdr0.05,ELİT ELEKTRONİK GÜVENLİK SİSTEMLERİ İNŞAAT TAŞIMACILIK TURİZM SANAYİ VE TİCARET LİMİTED ŞİRKETİ,0.0,0.0,2,1,1,1,0.0,0.0,-15.47042954652247
firm_bicm_pb_mobs_fdr0.05,MOOR YAZILIM DANIŞMANLIK VE REKLAMCILIK HİZMETLERİ LİMİTED ŞİRKETİ,0.0,0.0,2,2,1,2,0.0,0.6931471805599453,-15.47042954652247
firm_bicm_pb_mobs_fdr0.05,KILIÇASLAN METAL BÜRO MOBİLYALARI İNŞAAT GIDA SANAYİ VE TİCARET LİMİTED ŞİRKETİ,0.0,0.0,2,1,1,1,0.0,0.0,-15.47042954652247
firm_bicm_pb_mobs_fdr0.05,ANLAŞ OTOMASYON BİLGİSAYAR MÜHENDİSLİK SANAYİ VE TİCARET LİMİTED ŞİRKETİ,0.0,0.0,2,1,1,1,0.0,0.0,-15.47042954652247
firm_bicm_pb_mobs_fdr0.05,TOPRAK TIBBİ ÜRÜNLER VETERİNER VE LABORATUVAR ÜRÜNLERİ SANAYİ TİCARET LİMİTED ŞİRKETİ,0.0,0.0,5,1,1,1,0.0,0.0,-15.47042954652247
firm_bicm_pb_mobs_fdr0.05,ASAY İLETİŞİM HİZMETLERİ SANAYİ VE TİCARET ANONİM ŞİRKETİ,0.0,0.0,5,1,1,1,0.0,0.0,-15.47042954652247
firm_bicm_pb_mobs_fdr0.05,ASA BİLGİ VE GÜVENLİK SİSTEMLERİ ELEKTRİK ELEKTRONİK İNŞAAT İNSAN KAYNAKLARI GIDA SANAYİ VE TİCARET LİMİTED ŞİRKETİ,0.0,0.0,1,1,1,1,0.0,0.0,-15.47042954652247
firm_bicm_pb_mobs_fdr0.05,KGN İNŞAAT SANAYİ VE TİCARET LİMİTED ŞİRKETİ,0.0,0.0,2,1,1,1,0.0,0.0,-15.47042954652247
firm_bicm_pb_mobs_fdr0.05,AS-DAB MÜTEAHHİTLİK TEMİZLİK OTOMASYON GÜVENLİK NAKLİYE OTOMATİV MADEN GIDA TARIM SARRAFİYE TURİZM YEMEK SANAYİ VE TİCARET LİMİTED ŞİRKETİ,0.0,0.0,2,1,1,1,0.0,0.0,-15.47042954652247
firm_bicm_pb_mobs_fdr0.05,AS&amp;G MÜH.MİM.İNŞ.TAH DAN.MED.ÖZ.SAĞ.H.MOB Ö.EĞ.RH.ET.H.TŞ.LT.Ş,0.0,0.0,1,1,1,1,0.0,0.0,-15.47042954652247
firm_bicm_pb_mobs_fdr0.05,ETİYA BİLGİ TEKNOLOJİLERİ YAZILIM SANAYİ VE TİCARET ANONİM ŞİRKETİ,0.0,0.0,4,1,1,1,0.0,0.0,-15.47042954652247
firm_bicm_pb_mobs_fdr0.05,YUCHISOFT BİLİŞİM SİSTEM VE ÇÖZÜMLERİ SANAYİ VE TİCARET LİMİTED ŞİRKETİ,0.0,0.0,4,1,1,1,0.0,0.0,-15.47042954652247
firm_bicm_pb_mobs_fdr0.05,ASOS EĞİTİM BİLİŞİM DANIŞMANLIK OTOMASYON YAYINCILIK REKLAM SANAYİ VE TİCARET LİMİTED ŞİRKETİ,0.0,0.0,4,1,1,1,0.0,0.0,-15.47042954652247
firm_bicm_pb_mobs_fdr0.05,ENS YAZILIM VE BİLİŞİM TEKNOLOJİLERİ TİCARET LİMİTED ŞİRKETİ,0.0,0.0,5,2,1,2,0.0,0.6931471805599453,-15.47042954652247
firm_bicm_pb_mobs_fdr0.05,DR.NET BİLİŞİM BİLGİSAYAR ELEKTRONİK GÜVENLİK NETWORK SİSTEMLERİ OTOMOTİV İNŞAAT SANAYİ VE TİCARET LİMİTED ŞİRKETİ,0.0,0.5,2,2,1,2,0.0,0.6931471805599453,-15.47042954652247
firm_bicm_pb_mobs_fdr0.05,BİLTEK HABERLEŞME ELEKTROMEKANİK ELEKTRİK İLETİŞİM İNŞAAT SANAYİ VE TİCERET LİMİTED ŞİRKETİ,0.0,0.0,1,1,2,2,0.6931471805599453,0.6931471805599453,-15.47042954652247
firm_bicm_pb_mobs_fdr0.05,BİLMED BİLGİSAYAR VE YAZILIM ANONİM ŞİRKETİ,0.0,0.0,1,1,6,13,1.791759469228055,2.5649493574615367,-15.47042954652247
firm_bicm_pb_mobs_fdr0.05,PSEUDONYM_647,0.0,0.0,1,1,1,1,0.0,0.0,-15.47042954652247
firm_bicm_pb_mobs_fdr0.05,BİLKA BİLGİSAYAR PAZ.VE TİC.LTD.ŞTİ,0.0,0.0,1,1,1,1,0.0,0.0,-15.47042954652247
firm_bicm_pb_mobs_fdr0.05,C2E TEKNOLOJİ SERVİSLERİ TİCARET LİMİTED ŞİRKETİ,0.0,0.0,1,1,1,1,0.0,0.0,-15.47042954652247
firm_bicm_pb_mobs_fdr0.05,PSEUDONYM_444,0.0,0.0,1,1,1,1,0.0,0.0,-15.47042954652247
firm_bicm_pb_mobs_fdr0.05,BİRİKİM OTOMASYON Sİ ST.TİC.VE SAN.LT D.ŞTİ,0.0,0.0,1,1,1,1,0.0,0.0,-15.47042954652247
firm_bicm_pb_mobs_fdr0.05,HEDEF SERVİS HİZMETLERİ TAŞIMACILIK OTOMOTİV GIDA MOBİLYA TEKSTİL İNŞAAT SANAYİ VE TİCARET LİMİTED ŞİRKETİ,0.0,0.0,1,1,1,1,0.0,0.0,-15.47042954652247
firm_bicm_pb_mobs_fdr0.05,BİRAY SAĞLIK SOSYAL HİZMETLER TURİZM NAKLİYE BİLİŞİM GIDA MAKİNA TEKSİL İNŞAAT İMALAT İHRACAT İTHALAT PAZARLAMA SANAYİ VE TİCARET LİMİTED ŞİRKETİ,0.0,0.0,1,1,1,1,0.0,0.0,-15.47042954652247
firm_bicm_pb_mobs_fdr0.05,SOSMART TEKNOLOJİ ANONİM ŞİRKETİ,0.0,0.0,2,1,2,2,0.6931471805599453,0.6931471805599453,-15.47042954652247
firm_bicm_pb_mobs_fdr0.05,CANON EURASİA GÖRÜNTÜLEME VE OFİS SİSTEMLERİ ANONİM ŞİRKETİ,0.0,0.0,1,1,1,1,0.0,0.0,-15.47042954652247
firm_bicm_pb_mobs_fdr0.05,PSEUDONYM_116,0.0,0.0,1,1,1,1,0.0,0.0,-15.47042954652247
firm_bicm_pb_mobs_fdr0.05,CANCAN TIBBİ MALZEME TEMİZLİK YEMEK YAPIMI İNŞAAT ELETRONİK SANAYİ VE TİCARET LİMİTED ŞİRKETİ,0.0,0.0,1,1,1,1,0.0,0.0,-15.47042954652247
firm_bicm_pb_mobs_fdr0.05,KAYACI BİLGİSAYAR GÜVENLİK OTOMASYON SİSTEMLERİ ELEKTRONİK GIDA İNŞAAT TAAHÜT İTHALAT İHRACAT SANAYİ VE TİCARET LİMİTED ŞİRKETİ,0.0,0.0,4,1,3,5,1.0986122886681098,1.6094379124341003,-15.47042954652247
firm_bicm_pb_mobs_fdr0.05,"CAN EROĞLU BİLGİ SİSTEMLERİ İNŞAAT SANAYİ VE TİCARET LİMİTED ŞİRKETİ, ELEKTROTEL TELEKOM ELEKTRONİK TURİZM İNŞAAT GIDA SANAYİ VE TİCARET LİMİTED ŞİRKETİ Ortak Girişimi",0.0,0.0,4,1,1,1,0.0,0.0,-15.47042954652247
firm_bicm_pb_mobs_fdr0.05,YUNTAŞ BETON ELEMANLARI ASFALT İNŞAAT SANAYİ VE TİCARET ANONİM ŞİRKETİ,0.0,0.0,6,2,1,2,0.0,0.6931471805599453,-15.47042954652247
firm_bicm_pb_mobs_fdr0.05,YUNTAŞ TAAHHÜT İNŞAAT SANAYİ VE TİCARET ANONİM ŞİRKETİ,0.0,0.0,6,2,1,2,0.0,0.6931471805599453,-15.47042954652247
firm_bicm_pb_mobs_fdr0.05,BELTUR TURİZM TAŞIMACILIK OTOMOTİV GIDA ÜRÜNLERİ TEMİZLİK HİZMETLERİ İLETİŞİM SANAYİ VE DIŞ TİCARET LİMİTED ŞİRKETİ,0.0,0.0,2,1,1,1,0.0,0.0,-15.47042954652247
firm_bicm_pb_mobs_fdr0.05,BEESYSTEM YAZILIM BİLİŞİM ELEKTRONİK SANAYİ VE TİCARET LİMİTED ŞİRKETİ,0.0,0.0,7,1,1,1,0.0,0.0,-15.47042954652247
firm_bicm_pb_mobs_fdr0.05,BGS TEKNOLOJİ LİMİTED ŞİRKETİ,0.0,0.0,7,1,1,1,0.0,0.0,-15.47042954652247
firm_bicm_pb_mobs_fdr0.05,ERAL BİLGİSAYAR YAZILIM SANAYİ VE TİCARET LİMİTED ŞİRKETİ.,0.0,0.0,7,1,2,2,0.6931471805599453,0.6931471805599453,-15.47042954652247
firm_bicm_pb_mobs_fdr0.05,PSEUDONYM_663,0.0,0.0,7,1,1,1,0.0,0.0,-15.47042954652247
firm_bicm_pb_mobs_fdr0.05,AS BİLİŞİM TEKNOLOJİ ÜRÜNLERİ ELEKRONİK PAZARLAMA VE TİCARET LTD.ŞTİ.,0.0,0.0,7,1,1,1,0.0,0.0,-15.47042954652247
firm_bicm_pb_mobs_fdr0.05,BEYAZ 1 BİLİŞİM TEKNOLOJİLERİ TİCARET LİMİTED ŞİRKETİ,0.0,0.0,3,1,1,1,0.0,0.0,-15.47042954652247
firm_bicm_pb_mobs_fdr0.05,BSS BİLİŞİM SAVUNMASANAYİ DANIŞMANLIK LTD.ŞTİ.,0.0,0.0,3,1,1,1,0.0,0.0,-15.47042954652247
firm_bicm_pb_mobs_fdr0.05,PSEUDONYM_166,0.0,0.0,3,1,1,1,0.0,0.0,-15.47042954652247
firm_bicm_pb_mobs_fdr0.05,TONSES ELEKTRONİK SANAYİ VE TİCARET LİMİTED ŞİRKETİ,0.0,0.0,2,1,1,3,0.0,1.0986122886681098,-15.47042954652247
firm_bicm_pb_mobs_fdr0.05,ROYAL SOSYAL HİZMETLER İNŞAAT OTOMASYON ÖZEL SAĞLIK TAAHÜT VE TİCARET LİMİTED ŞİRKETİ,0.0,0.0,1,1,1,1,0.0,0.0,-15.47042954652247
firm_bicm_pb_mobs_fdr0.05,SİSTEM BİLGİSAYAR VE TEKNİK HİZ.SAN.A.Ş.,0.0,0.5,2,1,1,1,0.0,0.0,-15.47042954652247
firm_bicm_pb_mobs_fdr0.05,PSEUDONYM_515,0.0,0.0,5,1,1,1,0.0,0.0,-15.47042954652247
firm_bicm_pb_mobs_fdr0.05,PSEUDONYM_598,0.0,0.0,3,1,1,1,0.0,0.0,-15.47042954652247
firm_bicm_pb_mobs_fdr0.05,ADM ARGE VE DANIŞMANLIK HİZMETLERİ SANAYİ TİCARET LİMİTED ŞİRKETİ,0.0,0.0,6,1,1,2,0.0,0.6931471805599453,-15.47042954652247
firm_bicm_pb_mobs_fdr0.05,PSEUDONYM_399,0.0,0.0,1,1,2,2,0.6931471805599453,0.6931471805599453,-15.47042954652247
firm_bicm_pb_mobs_fdr0.05,CORVUS İLETİŞİM GÜVE NLİK TE.EL.SAN.V E TİC.LTD.ŞTİ.,0.0,0.0,1,2,2,2,0.6931471805599453,0.6931471805599453,-15.47042954652247
firm_bicm_pb_mobs_fdr0.05,CİHANTAŞ BÜRO DONANIMLARI SAN.VE TİC.LTD.ŞTİ.,0.0,0.5,2,1,1,1,0.0,0.0,-15.47042954652247
firm_bicm_pb_mobs_fdr0.05,SENSORMATİC GÜVENLİK HİZMETLERİ TİCARET ANONİM ŞİRKETİ,0.0,0.0,2,2,2,2,0.6931471805599453,0.6931471805599453,-15.47042954652247
firm_bicm_pb_mobs_fdr0.05,M.N.A TABLDOT TEM.Hİ Z.İNŞ.BİL.OTO.TU R.NAK.SAN.TİC.LT,0.0,0.0,2,1,1,2,0.0,0.6931471805599453,-15.47042954652247
firm_bicm_pb_mobs_fdr0.05,M.N.A TABLDOT TEMİZLİK HİZMETLERİ İNŞAAT BİLGİSAYAR OTOMASYON TURİZM NAKLİYE SANAYİ TİCARET LİMİTED ŞİRKETİ,0.0,0.0,2,1,1,1,0.0,0.0,-15.47042954652247
firm_bicm_pb_mobs_fdr0.05,ALDEMİRLER HAYVAN ÜRÜNLERİ GIDA MADDELERİ DAYANIKLI TÜKETİM ZİRAİ VE ORMAN ÜRÜNLERİ MADEN TEMİZLİK AKARYAKIT ÖZEL GÜVENLİK TAŞIMACILIK ACENTE İTHALAT İHRACAT TİCARET TURİZM SANAYİ LİMİTED ŞİRKETİ,0.0,0.0,2,1,1,1,0.0,0.0,-15.47042954652247
firm_bicm_pb_mobs_fdr0.05,BOR YAZILIM SANAYİ TİCARET ANONİM ŞİRKETİ,0.0,0.0,2,1,1,1,0.0,0.0,-15.47042954652247
firm_bicm_pb_mobs_fdr0.05,ALCHEMY SMART BİLGİ TEKNOLOJİLERİ SANAYİ VE TİCARET LİMİTED ŞİRKETİ,0.0,0.0,2,1,1,1,0.0,0.0,-15.47042954652247
firm_bicm_pb_mobs_fdr0.05,DNZ CATERING TEMİZLİK LİMİTED ŞİRKETİ,0.0,0.0,1,1,1,1,0.0,0.0,-15.47042954652247
firm_bicm_pb_mobs_fdr0.05,ALBASOFT BİLİŞİM TEKNOLOJİLERİ ARGE MİMARLIK İNŞAAT ELEKTRİK ELEKTRONİK MAKİNA GIDA EĞİTİM DANIŞMANLIK SANAYİ VE TİCARET LİMİTED ŞİRKETİ,0.0,0.0,1,1,1,1,0.0,0.0,-15.47042954652247
firm_bicm_pb_mobs_fdr0.05,MARKAJ REKLAMCILIK TURİZM ÖZEL SAĞLIK HİZMETLERİ SANAYİ VE TİCARET LİMİTED ŞİRKETİ,0.0,0.0,1,1,1,1,0.0,0.0,-15.47042954652247
firm_bicm_pb_mobs_fdr0.05,PSEUDONYM_347,0.0,0.0,5,1,1,1,0.0,0.0,-15.47042954652247
firm_bicm_pb_mobs_fdr0.05,PSEUDONYM_584,0.0,0.0,5,1,1,1,0.0,0.0,-15.47042954652247
firm_bicm_pb_mobs_fdr0.05,PSEUDONYM_650,0.0,0.0,5,1,1,1,0.0,0.0,-15.47042954652247
firm_bicm_pb_mobs_fdr0.05,AKVA EĞİTİM İNŞAAT ELEKTRONİK KIRTASİYE TEMİZLİK MOBİLYA TAŞIMACILIK SANAYİ VE TİCARET LİMİTED ŞİRKETİ.,0.0,0.0,5,1,1,1,0.0,0.0,-15.47042954652247
firm_bicm_pb_mobs_fdr0.05,3E5 İLETİŞİM TANITIM VE TİCARET LİMİTED ŞİRKETİ,0.0,0.5,2,1,1,2,0.0,0.6931471805599453,-15.47042954652247
firm_bicm_pb_mobs_fdr0.05,KİKSOFTNET BİLİŞİM SİSTEMLERİ VE DANIŞMANLIK HİZMETLERİ TİCARET LİMİTED ŞİRKETİ,0.0,0.0,3,1,1,1,0.0,0.0,-15.47042954652247
firm_bicm_pb_mobs_fdr0.05,3BAY BİLİŞİM SANAYİ VE TİCARET LİMİTED ŞİRKETİ,0.0,0.0,3,1,1,1,0.0,0.0,-15.47042954652247
firm_bicm_pb_mobs_fdr0.05,EMAY KIRTASİYE İNŞAAT NAKLİYE MADENCİLİK SANAYİ VE TİCARET LİMİTED ŞİRKETİ,0.0,0.0,1,1,1,1,0.0,0.0,-15.47042954652247
firm_bicm_pb_mobs_fdr0.05,3B DİJİTAL OFİS TEKNOLOJİ TİCARET VE SANAYİ LİMİTED ŞİRKETİ,0.0,0.0,1,1,1,1,0.0,0.0,-15.47042954652247
firm_bicm_pb_mobs_fdr0.05,ALMERA BİLİŞİM SANAY İ VE TİC.LTD.ŞTİ,0.0,0.0,1,1,2,2,0.6931471805599453,0.6931471805599453,-15.47042954652247
firm_bicm_pb_mobs_fdr0.05,DE BİLİŞİM HİZMETLERİ ANONİM ŞİRKETİ,0.0,0.0,3,1,1,3,0.0,1.0986122886681098,-15.47042954652247
firm_bicm_pb_mobs_fdr0.05,ENOSİM MÜHENDİSLİK VE DANIŞMANLIK ENERJİ OTOMASYON SİSTEMLERİ TAAHHÜT SANAYİ TİCARET LİMİTED ŞİRKETİ,0.0,0.24489795918367352,7,1,1,1,0.0,0.0,-15.47042954652247
firm_bicm_pb_mobs_fdr0.05,TEKNOSİM GÜVENLİK SİSTEMLERİ MÜHENDİSLİK OTOMASYON ELEKTRONİK EĞİTİM DANIŞMANLIK İNŞAAT SANAYİ VE TİCARET LİMİTED ŞİRKETİ.,0.0,0.0,1,1,1,1,0.0,0.0,-15.47042954652247
firm_bicm_pb_mobs_fdr0.05,PSEUDONYM_597,0.0,0.0,1,1,1,1,0.0,0.0,-15.47042954652247
firm_bicm_pb_mobs_fdr0.05,ÇÖZÜM MARKET BİLGİSAYAR SİST.SAN.VEDAN.TİC.LTD.ŞTİ.,0.0,0.0,1,1,2,2,0.6931471805599453,0.6931471805599453,-15.47042954652247
firm_bicm_pb_mobs_fdr0.05,SADAM SIFIR ATIK EĞİTİM PROJE VE DANIŞMANLIK MERKEZİ LİMİTED ŞİRKETİ,0.0,0.0,1,1,1,1,0.0,0.0,-15.47042954652247
firm_bicm_pb_mobs_fdr0.05,ROBİT ROBOT OTOM.TEK DONANIM AR-GE DANŞMA TAAH.SAN.VE T.LDT.ŞT,0.0,0.0,1,1,1,1,0.0,0.0,-15.47042954652247
firm_bicm_pb_mobs_fdr0.05,PUKASOFT YAZILIM SANAYİ VE TİCARET LİMİTED ŞİRKETİ,0.0,0.0,1,1,1,1,0.0,0.0,-15.47042954652247
firm_bicm_pb_mobs_fdr0.05,DBMASTER BİLGİ TEKNOLOJİLERİ ANONİM ŞİRKETİ,0.0,0.5,2,1,1,1,0.0,0.0,-15.47042954652247
firm_bicm_pb_mobs_fdr0.05,VERİ YAZILIM PROJE DANIŞMANLIK HİZMETLERİ SANAYİ VE TİCARET ANONİM ŞİRKETİ,0.0,0.0,2,1,1,3,0.0,1.0986122886681098,-15.47042954652247
firm_bicm_pb_mobs_fdr0.05,ARY DANIŞMANLIK YAZILIM VE TİCARET ANONİM ŞİRKETİ,0.0,0.0,2,1,1,1,0.0,0.0,-15.47042954652247
firm_bicm_pb_mobs_fdr0.05,KR OTOMASYON VE ENDÜSTRİYEL BİL.HİZMETLESAN VE TİC.LTD.ŞTİ.,0.0,0.5,2,1,1,1,0.0,0.0,-15.47042954652247
firm_bicm_pb_mobs_fdr0.05,GEOMATİK HİZMETLER SANAYİ DIŞ TİCARET LİMİTED ŞİRKETİ,0.0,0.0,9,1,2,2,0.6931471805599453,0.6931471805599453,-15.47042954652247
firm_bicm_pb_mobs_fdr0.05,MAPİSSO YAZILIM MÜHENDİSLİK DANIŞMANLIK HİZMETLERİ SANAYİ VE TİCARET LİMİTED ŞİRKETİ,0.0,0.0,9,1,2,3,0.6931471805599453,1.0986122886681098,-15.47042954652247
firm_bicm_pb_mobs_fdr0.05,SENKRON YAZILIM HİZMETLERİ ANONİM ŞİRKETİ,0.0,0.09972299168975085,19,3,4,8,1.3862943611198906,2.0794415416798357,-15.47042954652247
firm_bicm_pb_mobs_fdr0.05,AS MÜHENDİSLİK MEDİKAL ÖZEL SAĞLIK VE ERİŞİM HİZMETLERİ İNŞAAT SANAYİ VE TİCARET LİMİTED ŞİRKETİ,0.0,0.0,1,1,1,1,0.0,0.0,-15.47042954652247
firm_bicm_pb_mobs_fdr0.05,PSEUDONYM_588,0.0,0.0,2,3,14,24,2.6390573296152584,3.1780538303479458,-15.47042954652247
firm_bicm_pb_mobs_fdr0.05,SAĞLIK.NET BİLİŞİM T EKNO MTB VE TANT HİZ TİC LTD ŞTİ,0.0,0.0,2,1,1,1,0.0,0.0,-15.47042954652247
firm_bicm_pb_mobs_fdr0.05,ARTEM GRUP SOSYAL HİZM.BİLGİ VERİ OTOMASİNŞ.SAN.VE TİC.LTD.Ş,0.0,0.0,2,1,1,1,0.0,0.0,-15.47042954652247
firm_bicm_pb_mobs_fdr0.05,AC-YT BİLGİSAYAR TURİZM İNŞAAT GIDATİC.VE SAN.LTD,0.0,0.0,6,1,1,1,0.0,0.0,-15.47042954652247
firm_bicm_pb_mobs_fdr0.05,STRATEJİ BİLGİ TEKNO LOJİLERİ YAZILIM VE DANŞ.HİZ.LTD.ŞTİ.,0.0,0.5,2,1,1,1,0.0,0.0,-15.47042954652247
firm_bicm_pb_mobs_fdr0.05,MALİ HİZMETLER DERNEĞİ İKTİSADİ İŞLETMESİ,0.0,0.0,5,1,1,1,0.0,0.0,-15.47042954652247
firm_bicm_pb_mobs_fdr0.05,PSEUDONYM_221,0.0,0.0,5,2,2,2,0.6931471805599453,0.6931471805599453,-15.47042954652247
firm_bicm_pb_mobs_fdr0.05,SBI BİLİŞİM ANONİM ŞİRKETİ,0.0,0.0,2,1,1,1,0.0,0.0,-15.47042954652247
firm_bicm_pb_mobs_fdr0.05,362 YAZILIM BİLİŞİM TEKNOLOJİLERİ VE TASARIM HİZMETLERİ TİCARET PAZARLAMA LİMİTED ŞİRKETİ,0.0,0.0,1,1,1,1,0.0,0.0,-15.47042954652247
firm_bicm_pb_mobs_fdr0.05,360 AKADEMİ EĞİTİM BİLİŞİM TİCARET LİMİTED ŞİRKETİ,0.0,0.0,1,1,1,1,0.0,0.0,-15.47042954652247
firm_bicm_pb_mobs_fdr0.05,KERİMOĞLU İNŞAAT TEMİZLİK GIDA TEKSTİL ELEKTİRİK ELEKTRONİK MADEN-ENERJİ ÜRÜNLERİ ORMAN VE AHŞAP ÜRÜNLERİ TİCARET VE SANAYİ LİMİTED ŞİRKETİ.,0.0,0.0,5,1,1,1,0.0,0.0,-15.47042954652247
firm_bicm_pb_mobs_fdr0.05,AKTEK BİLGİ İLETİŞİMTEKNOLOJİSİ SANVE TİC A.Ş.,0.0,0.375,4,1,2,2,0.6931471805599453,0.6931471805599453,-15.47042954652247
firm_bicm_pb_mobs_fdr0.05,İMZATEK BİLGİ GÜVENLİĞİ TEKNOLOJİLERİ LTD.ŞTİ.,0.0,0.0,1,1,1,1,0.0,0.0,-15.47042954652247
firm_bicm_pb_mobs_fdr0.05,İNTERNETTE REKLAM REKLAM HİZMETLERİ A.Ş.,0.0,0.0,1,1,1,1,0.0,0.0,-15.47042954652247
firm_bicm_pb_mobs_fdr0.05,SOLVAYTECH MÜHENDİSLİK SANAYİ VE TİCARET LİMİTED ŞİRKETİ,0.0,0.0,1,1,1,1,0.0,0.0,-15.47042954652247
firm_bicm_pb_mobs_fdr0.05,DELPHİSONİC ELEKTRONİK ANONİM ŞİRKETİ,0.0,0.0,1,1,1,1,0.0,0.0,-15.47042954652247
firm_bicm_pb_mobs_fdr0.05,DEKON KONGRE VE TURİZM HİZM.A.Ş.,0.0,0.0,1,1,1,1,0.0,0.0,-15.47042954652247
firm_bicm_pb_mobs_fdr0.05,PRESTİJ BİLGİSAYAR S TIBBİ MALZ. ELKT SAN. VE TİC. LTD,0.0,0.0,1,1,6,6,1.791759469228055,1.791759469228055,-15.47042954652247
firm_bicm_pb_mobs_fdr0.05,PLUXEE ÇALIŞAN DENEYİMİ DANIŞMANLIK VE PAZARLAMA HİZMETLERİ ANONİM ŞİRKETİ,0.0,0.0,1,1,1,1,0.0,0.0,-15.47042954652247
firm_bicm_pb_mobs_fdr0.05,PSEUDONYM_519,0.0,0.0,1,1,1,1,0.0,0.0,-15.47042954652247
firm_bicm_pb_mobs_fdr0.05,TAHA BİLGİ TEKNOLOJİLERİ VE DANIŞMANLIK HİZMETLERİ SANAYİ VE TİCARET LİMİTED ŞİRKETİ,0.0,0.0,2,1,1,1,0.0,0.0,-15.47042954652247
firm_bicm_pb_mobs_fdr0.05,PSEUDONYM_605,0.0,0.0,1,1,1,1,0.0,0.0,-15.47042954652247
firm_bicm_pb_mobs_fdr0.05,PSEUDONYM_329,0.0,0.0,1,1,1,1,0.0,0.0,-15.47042954652247
firm_bicm_pb_mobs_fdr0.05,MAKROMED TURİZM ORGANİZASYON MEDİKAL SANAYİ İÇ VE DIŞ TİCARET LİMİTED ŞİRKETİ,0.0,0.0,3,1,1,1,0.0,0.0,-15.47042954652247
firm_bicm_pb_mobs_fdr0.05,YAPI BİLGİSAYAR MİM. MÜH.İNŞ.TAAH.TUR SAN.VE TİC.LTD.Ş,0.0,0.4444444444444444,3,1,1,1,0.0,0.0,-15.47042954652247
firm_bicm_pb_mobs_fdr0.05,FEBRİCS BİLİŞİM ENERJİ İNŞAAT TEKSTİL GIDA İÇ VE DIŞ TİCARET LİMİTED ŞİRKETİ,0.0,0.0,2,1,1,1,0.0,0.0,-15.47042954652247
firm_bicm_pb_mobs_fdr0.05,KUANTUM MAKİNE ÇELİK KONSTRÜKSİYON MÜHENDİSLİK İNŞAAT TELEKOMÜNİKASYON SANAYİ VE TİCARET LİMİTED ŞİRKETİ,0.0,0.0,2,1,1,1,0.0,0.0,-15.47042954652247
firm_bicm_pb_mobs_fdr0.05,PSEUDONYM_301,0.0,0.4444444444444444,3,1,1,1,0.0,0.0,-15.47042954652247
firm_bicm_pb_mobs_fdr0.05,GÜNPAK TEMİZLİK HİZMETLERİ BİLGİ İŞLEM OTOMASYON İNŞAAT SANAYİ VE TİCARET LİMİTED ŞİRKETİ,0.0,0.0,1,1,1,1,0.0,0.0,-15.47042954652247
firm_bicm_pb_mobs_fdr0.05,DESCOM BİLİŞİM TEKNOLOJİLERİ SANAYİ VE TİCARET LTD.ŞTİ.,0.0,0.0,1,1,1,1,0.0,0.0,-15.47042954652247
firm_bicm_pb_mobs_fdr0.05,DENGE BİLİŞİM HİZMETLERİ TİCARET LTD.ŞTİ.,0.0,0.0,1,1,1,1,0.0,0.0,-15.47042954652247
firm_bicm_pb_mobs_fdr0.05,DEN-BİL BİLGİSAYAR TELEKOMÜNİKASYON İNŞAAT SANAYİ VE TİCARET LİMİTED ŞİRKETİ,0.0,0.0,1,1,1,1,0.0,0.0,-15.47042954652247
firm_bicm_pb_mobs_fdr0.05,PSEUDONYM_296,0.0,0.0,1,1,1,1,0.0,0.0,-15.47042954652247
firm_bicm_pb_mobs_fdr0.05,PSEUDONYM_638,0.0,0.0,1,1,1,1,0.0,0.0,-15.47042954652247
firm_bicm_pb_mobs_fdr0.05,DELTA PROSES OTOMASYON KONTROL VE ELEKTRONİK SİSTEMLERİ SANAYİ VE TİCARET LİMİTED ŞİRKETİ,0.0,0.0,1,1,1,1,0.0,0.0,-15.47042954652247
firm_bicm_pb_mobs_fdr0.05,STARTECH BT BİLGİ SİSTEMLERİ SANAYİ VE TİCARET LİMİTED ŞİRKETİ,0.0,0.0,1,1,2,4,0.6931471805599453,1.3862943611198906,-15.47042954652247
firm_bicm_pb_mobs_fdr0.05,SD OTO KİRALAMA SOSYAL HİZMETLER İNŞAAT GIDA SANAYİ VE TİCARET LİMİTED ŞİRKETİ,0.0,0.0,1,1,1,1,0.0,0.0,-15.47042954652247
firm_bicm_pb_mobs_fdr0.05,PSEUDONYM_219,0.0,0.0,2,1,1,1,0.0,0.0,-15.47042954652247
firm_bicm_pb_mobs_fdr0.05,PSEUDONYM_679,0.0,0.0,2,1,1,1,0.0,0.0,-15.47042954652247
firm_bicm_pb_mobs_fdr0.05,DONBAY YAZILIM HİZMETLERİ SANAYİ VE TİCARET LİMİTED ŞİRKETİ,0.0,0.0,2,1,1,1,0.0,0.0,-15.47042954652247
firm_bicm_pb_mobs_fdr0.05,ERATIP SAĞLIK ÜRÜNLERİ SAN.VE DIŞ TİC.LTD.ŞTİ.,0.0,0.0,1,1,1,1,0.0,0.0,-15.47042954652247
firm_bicm_pb_mobs_fdr0.05,PSEUDONYM_100,0.0,0.0,1,1,1,1,0.0,0.0,-15.47042954652247
firm_bicm_pb_mobs_fdr0.05,3M BİLİŞİM TEKNOLOJİLERİ LİMİTED ŞİRKETİ,0.0,0.0,1,1,1,1,0.0,0.0,-15.47042954652247
firm_bicm_pb_mobs_fdr0.05,PSEUDONYM_216,0.0,0.0,2,1,1,1,0.0,0.0,-15.47042954652247
firm_bicm_pb_mobs_fdr0.05,TRTEK TEKNOLOJİK ÜRÜNLER BİLGİSAYAR YAZILIM DONANIM SAN.VE TİC.LTD.ŞTİ.,0.0,0.0,1,4,59,148,4.07753744390572,4.997212273764115,-15.47042954652247
firm_bicm_pb_mobs_fdr0.05,KUVARS YAPI MARKET İNŞAAT ELEKTRİK TESİSAT LTD.ŞTİ.,0.0,0.0,2,1,1,1,0.0,0.0,-15.47042954652247
firm_bicm_pb_mobs_fdr0.05,DNB BİLİŞİM SANAYİ TİCARET LİMİTED ŞİRKETİ,0.0,0.0,2,1,1,1,0.0,0.0,-15.47042954652247
firm_bicm_pb_mobs_fdr0.05,DETAY DANIŞMANLIK BİLGİSAYAR HİZMETLERİ SANAYİ VE DIŞ TİCARET ANONİM ŞİRKETİ,0.0,0.31999999999999984,5,1,1,1,0.0,0.0,-15.47042954652247
firm_bicm_pb_mobs_fdr0.05,YUVALI BÜRO MAKİNA SİST.SAN.TİC.PAZ.VE OTO KİRALAMA LTD.ŞTİ.,0.0,0.0,1,1,1,1,0.0,0.0,-15.47042954652247
firm_bicm_pb_mobs_fdr0.05,YONCA TEKNOLOJİ MÜHENDİSLİK VE ELEKTRONİK HİZ.LTD.ŞT,0.0,0.0,12,1,1,2,0.0,0.6931471805599453,-15.47042954652247
firm_bicm_pb_mobs_fdr0.05,PSEUDONYM_547,0.0,0.0,2,1,1,1,0.0,0.0,-15.47042954652247
firm_bicm_pb_mobs_fdr0.05,VETA BİLGİSAYAR VE YAZILIM HİZMETLERİ SANAYİ VE TİCARET LİMİTED ŞİRKETİ,0.0,0.0,2,1,11,11,2.3978952727983707,2.3978952727983707,-15.47042954652247
firm_bicm_pb_mobs_fdr0.05,DİJİTEK BİLGİSAYAR V E TEKNOLOJİ TİC. SAN.LTD.ŞTİ.,0.0,0.0,2,2,2,2,0.6931471805599453,0.6931471805599453,-15.47042954652247
firm_bicm_pb_mobs_fdr0.05,PSEUDONYM_177,0.0,0.375,4,1,1,1,0.0,0.0,-15.47042954652247
firm_bicm_pb_mobs_fdr0.05,ELSA MÜHENDİSLİK MÜŞAVİRLİK VE ORMANCILIK SANAYİ TİCARET LİMİTED ŞİRKETİ,0.0,0.0,2,1,2,3,0.6931471805599453,1.0986122886681098,-15.47042954652247
firm_bicm_pb_mobs_fdr0.05,DÖRT MEVSİM ORMANCILIK MÜHENDİSLİK İNŞAAT SANAYİ VE TİCARET LİMİTED ŞİRKETİ,0.0,0.0,2,1,2,4,0.6931471805599453,1.3862943611198906,-15.47042954652247
firm_bicm_pb_mobs_fdr0.05,PSEUDONYM_697,0.0,0.0,1,1,1,1,0.0,0.0,-15.47042954652247
firm_bicm_pb_mobs_fdr0.05,PSEUDONYM_316,0.0,0.0,3,1,1,1,0.0,0.0,-15.47042954652247
firm_bicm_pb_mobs_fdr0.05,DRAMA MÜHENDİSLİK EĞİTİM DANIŞMANLIK HİZİNŞ.ELEK.SAN.TİC.LTD,0.0,0.0,1,1,1,1,0.0,0.0,-15.47042954652247
firm_bicm_pb_mobs_fdr0.05,DOĞADAN GRUP ISITMA ENERJİ SİSTEMLERİ MADENCİLİK BİLGİSAYAR SİSTEMLERİ SAĞLIK VE EĞİTİM SANAYİ VE TİCARET LİMİTED ŞİRKETİ,0.0,0.0,1,1,1,1,0.0,0.0,-15.47042954652247
firm_bicm_pb_mobs_fdr0.05,ELAZIĞ ZEMİN HARİTA MÜHENDİSLİK MÜTEAHHİTLİK SANAYİ VE TİCARET LİMİTED ŞİRKETİ,0.0,0.0,4,1,1,1,0.0,0.0,-15.47042954652247
firm_bicm_pb_mobs_fdr0.05,E MEKTEP EĞİTİM LİMİTED ŞİRKETİ,0.0,0.0,2,1,1,2,0.0,0.6931471805599453,-15.47042954652247
firm_bicm_pb_mobs_fdr0.05,GİLBO ELEKTRONİK MAKİNE ENERJİ GIDA İNŞAAT SANAYİ İÇ VE DIŞ TİCARET LİMİTED ŞİRKETİ,0.0,0.0,4,2,2,2,0.6931471805599453,0.6931471805599453,-15.47042954652247
firm_bicm_pb_mobs_fdr0.05,BİTE BİLİŞİM TEKNOLOJİLERİ SANAYİ VE TİCARET ANONİM ŞİRKETİ,0.0,0.0,5,1,1,1,0.0,0.0,-15.47042954652247
firm_bicm_pb_mobs_fdr0.05,DİGİTAL DREAM INFORMATİON TEKNOLOJİ BİLİŞİM VE TİCARET LİMİTED ŞİRKETİ,0.0,0.0,5,1,1,1,0.0,0.0,-15.47042954652247
firm_bicm_pb_mobs_fdr0.05,QBITWISE TEKNOLOJİ VE BİLİŞİM ANONİM ŞİRKETİ,0.0,0.0,5,1,1,1,0.0,0.0,-15.47042954652247
firm_bicm_pb_mobs_fdr0.05,TÜRKOM HABERLEŞME TE K.ELEK.ELEKT.PR.MÜ.İ N.SA.TİC.LTD.ŞTİ.,0.0,0.0,5,1,2,2,0.6931471805599453,0.6931471805599453,-15.47042954652247
firm_bicm_pb_mobs_fdr0.05,ZXCORE BİLGİ TEKNOLOJİLERİ ANONİM ŞİRKETİ,0.0,0.0,5,1,1,1,0.0,0.0,-15.47042954652247
firm_bicm_pb_mobs_fdr0.05,AKSİYON BİLGİ DANIŞMANLIK VE ORGANİZASYON SANAYİ TİCARET ANONİM ŞİRKETİ,0.0,0.0,5,1,1,1,0.0,0.0,-15.47042954652247
firm_bicm_pb_mobs_fdr0.05,ANKET ANKARA KÜLTÜR TURİZM ETKİNLİKLERİ TEKSTİL TEMİZLİK ORGANİZASYON HİZMETLERİ RESTORASYON VE İNŞAAT TİCARET ANONİM ŞİRKETİ,0.0,0.0,4,1,1,1,0.0,0.0,-15.47042954652247
firm_bicm_pb_mobs_fdr0.05,DBM DİJİTAL BASKI MERK.MATB.YAY.REKL.VE TANIT. DIŞ TİC.LTD.Ş,0.0,0.0,4,1,1,1,0.0,0.0,-15.47042954652247
firm_bicm_pb_mobs_fdr0.05,GRA-DA GRAFİK MÜHENDİSLİK İNŞAAT DANIŞMANLIK YAYINCILIK REKLAM TASARIM TANITIM ORGANİZASYON HİZMETLERİ TİCARET LİMİTED ŞİRKETİ,0.0,0.0,4,1,1,1,0.0,0.0,-15.47042954652247
firm_bicm_pb_mobs_fdr0.05,INTERPRESS MEDYA HİZMETLERİ TİCARETLİMİTED ŞİRKETİ,0.0,0.0,4,1,1,1,0.0,0.0,-15.47042954652247
firm_bicm_pb_mobs_fdr0.05,HORİZON BİLGİ TEKNOLOJİLERİ HABERLEŞME KIRTASİYE İNŞAAT GIDA DANIŞMANLIK İTHALAT İHRACAT SANAYİ VE TİCARET LİMİTED ŞİRKETİ,0.0,0.0,12,1,1,1,0.0,0.0,-15.47042954652247
firm_bicm_pb_mobs_fdr0.05,ORGANİK İNSAN KAYNAKLARI DANIŞMANLIK HİZMETLERİ LİMİTED ŞİRKETİ,0.0,0.0,12,1,1,1,0.0,0.0,-15.47042954652247
firm_bicm_pb_mobs_fdr0.05,KIVILCIM MED.TIBBİ ÜR.GIDA.SAĞ.TEM.HİZ.SAN.VE TİC.LTD.ŞTİ.,0.0,0.0,1,1,1,1,0.0,0.0,-15.47042954652247
firm_bicm_pb_mobs_fdr0.05,MBS BİLGİ TEKNOLOJİLERİ SANAYİ VE TİCARET LİMİTED ŞİRKETİ,0.0,0.0,1,1,1,1,0.0,0.0,-15.47042954652247
firm_bicm_pb_mobs_fdr0.05,SAVAŞ MEDİKAL LABORATUAR MALZEMELERİ SANAYİ TİCARET ANONİM ŞİRKETİ,0.0,0.0,1,1,1,1,0.0,0.0,-15.47042954652247
firm_bicm_pb_mobs_fdr0.05,ERHAN REKLAM VE MATBAACILIK TANITIM HİZMETLERİ SANAYİ VE TİCARET LİMİTED ŞİRKETİ,0.0,0.0,1,1,1,1,0.0,0.0,-15.47042954652247
firm_bicm_pb_mobs_fdr0.05,KALİTE BİLİŞİM YÖNETİM STRATESTLERİEĞ.DA.ELK.PA.L.Ş,0.0,0.0,1,1,1,1,0.0,0.0,-15.47042954652247
firm_bicm_pb_mobs_fdr0.05,EFABRİKA BİLİŞİM TİCARET ANONİM ŞİRKETİ,0.0,0.0,1,1,1,1,0.0,0.0,-15.47042954652247
firm_bicm_pb_mobs_fdr0.05,TSM DANIŞMANLIK ORGANİZASYON VE PAZARLAMA A.Ş.,0.0,0.0,4,1,1,5,0.0,1.6094379124341003,-15.47042954652247
firm_bicm_pb_mobs_fdr0.05,PSEUDONYM_193,0.0,0.0,3,1,1,1,0.0,0.0,-15.47042954652247
firm_bicm_pb_mobs_fdr0.05,PİKAN TEKNOLOJİ VE PROJE YÖNETİMİ ANONİM ŞİRKETİ,0.0,0.0,3,1,1,1,0.0,0.0,-15.47042954652247
firm_bicm_pb_mobs_fdr0.05,TECHNOPC TEKNOLOJİ SANAYİ VE TİCARET ANONİM ŞİRKETİ,0.0,0.0,3,1,1,1,0.0,0.0,-15.47042954652247
firm_bicm_pb_mobs_fdr0.05,ELEKTROLİNE BÜRO MAKİNALARI SANAYİ VE TİCARET LİMİTED ŞİRKETİ,0.0,0.0,2,1,1,1,0.0,0.0,-15.47042954652247
firm_bicm_pb_mobs_fdr0.05,PSEUDONYM_192,0.0,0.0,2,1,1,1,0.0,0.0,-15.47042954652247
firm_bicm_pb_mobs_fdr0.05,ECO NORM TEKNİK SERVİS HİZMETLERİ PAZARLAMA ÇEVRE VE İŞ GÜVENLİĞİ TEKNOLOJİLERİ TELEKOMİNİKASYON ELEKTRONİK SANAYİ TİCARET LİMİTED ŞİRKETİ,0.0,0.0,1,1,1,1,0.0,0.0,-15.47042954652247
firm_bicm_pb_mobs_fdr0.05,MESS TÜRKİYE METAL SANAYİCİLERİ SENDİKASI İKTİSADİ İŞLETMESİ,0.0,0.0,1,1,1,1,0.0,0.0,-15.47042954652247
firm_bicm_pb_mobs_fdr0.05,EB TAŞIMACILIK MED.TUR.ORG.TEKS.İNŞ.SAN.VE TİC.LTD.ŞTİ,0.0,0.0,1,1,1,1,0.0,0.0,-15.47042954652247
firm_bicm_pb_mobs_fdr0.05,TOYİSTAN EĞLENCE VE OYUNCAK SANAYİ LİMİTED ŞİRKETİ,0.0,0.0,2,1,1,1,0.0,0.0,-15.47042954652247
firm_bicm_pb_mobs_fdr0.05,A-TEM ALTERNATİF İNŞAAT TEMİZLİK GÜVENLİK TEL.REK.PAZ.SANAYİ TİCARET LTD.ŞTİ.,0.0,0.0,4,1,1,1,0.0,0.0,-15.47042954652247
firm_bicm_pb_mobs_fdr0.05,4 YÜZ PRODÜKSİYON SANAYİ VE DIŞ TİC.LTD.ŞTİ.,0.0,0.0,1,1,1,1,0.0,0.0,-15.47042954652247
firm_bicm_pb_mobs_fdr0.05,PSEUDONYM_233,0.0,0.0,1,1,1,1,0.0,0.0,-15.47042954652247
firm_bicm_pb_mobs_fdr0.05,AKSAN BİLİŞİM GÖRÜNTÜLEME PROJE İNŞAAT DANIŞMANLIK SANAYİ VE TİCARET LİMİTED ŞİRKETİ,0.0,0.0,4,1,1,1,0.0,0.0,-15.47042954652247
firm_bicm_pb_mobs_fdr0.05,SERBÜLENT TAÇ BİLGİSAYAR SANAYİ VE TİCARET LİMİTED ŞİRKETİ,0.0,0.0,3,1,1,1,0.0,0.0,-15.47042954652247
firm_bicm_pb_mobs_fdr0.05,YILDIRIM MEDYA YAZILIM TEKNOLOJİLERİ RESTORASYON İNŞAAT TURİZM SANAYİ VETİCARET LİMİTED ŞİRKETİ.,0.0,0.0,3,2,3,3,1.0986122886681098,1.0986122886681098,-15.47042954652247
firm_bicm_pb_mobs_fdr0.05,AKROPOL PROJE MİMARLIK MÜHENDİSLİK SANAYİ VE TİCARET LİMİTED ŞİRKETİ,0.0,0.0,3,1,1,1,0.0,0.0,-15.47042954652247
firm_bicm_pb_mobs_fdr0.05,AKPINAR BİLİŞİM HİZMETLERİ SAN VE TİC LTD ŞTİ,0.0,0.0,1,1,1,1,0.0,0.0,-15.47042954652247
firm_bicm_pb_mobs_fdr0.05,DENGE ELEKTRONİK SAN AYİ VE TİCARET L TD.ŞTİ.,0.0,0.0,3,2,2,2,0.6931471805599453,0.6931471805599453,-15.47042954652247
firm_bicm_pb_mobs_fdr0.05,AKKOR YAPI MALZEMELERİ İNŞAAT ELEKTRİK ELEKTRONİK ISITMA SİSTEMLERİ SANAYİ VE TİCARET LİMİTED ŞİRKETİ,0.0,0.0,3,1,1,1,0.0,0.0,-15.47042954652247
firm_bicm_pb_mobs_fdr0.05,ALİN BİLİŞİM KIRTASİYE GIDA TEMİZLİK TURİZM TAŞIMACILIK İNŞAAT SANAYİ VE TİCARET LİMİTED ŞİRKETİ,0.0,0.0,1,1,1,1,0.0,0.0,-15.47042954652247
firm_bicm_pb_mobs_fdr0.05,"AKINCILAR TESİS YÖNE DAN.SOS.HİZM.İNŞ.TAŞ GID.SAN.VE TİC.LTD.Ş, AYS GRUP TEMİZLİK TURİZM SOSYAL HİZMETLER OTOPARK İŞLETMECİLİĞİ DANIŞMANLIK TAŞIMACILIK TİCARET LİMİTED ŞİRKETİ. İş Ortaklığı",0.0,0.0,1,1,1,1,0.0,0.0,-15.47042954652247
firm_bicm_pb_mobs_fdr0.05,PRODROM BİLİŞİM TEKNOLOJİLERİ LTD.ŞTİ,0.0,0.0,4,2,2,2,0.6931471805599453,0.6931471805599453,-15.47042954652247
firm_bicm_pb_mobs_fdr0.05,EL-KA BÜRO MAKİNALARI BİLGİSAYAR SATIŞ VE SERVİS TİCARET LİMİTED ŞİRKETİ,0.0,0.0,1,1,1,2,0.0,0.6931471805599453,-15.47042954652247
firm_bicm_pb_mobs_fdr0.05,PSEUDONYM_564,0.0,0.0,1,1,1,1,0.0,0.0,-15.47042954652247
firm_bicm_pb_mobs_fdr0.05,TELSAN İLETİŞİM ELEKTRİK BİLİŞİM YAZILIM PERSONEL SERVİS VE TELEKOMÜNİKASYON HİZMETLERİ İNŞAAT TAAHHÜT TİCARET LİMİTED ŞİRKETİ,0.0,0.0,1,1,1,1,0.0,0.0,-15.47042954652247
firm_bicm_pb_mobs_fdr0.05,EMAK ELEKTRONİK PETROL NAKLİYE TEKSTİL İNŞAAT GIDA TEMİZLİK SANAYİ VE TİCARET LİMİTED ŞİRKETİ,0.0,0.0,1,1,1,1,0.0,0.0,-15.47042954652247
firm_bicm_pb_mobs_fdr0.05,PSEUDONYM_074,0.0,0.0,1,1,1,1,0.0,0.0,-15.47042954652247
firm_bicm_pb_mobs_fdr0.05,KONEVİ KATI ATIK YÖNETİMİ ENERJİ İNŞAAT VE HİZMET İŞLERİ SANAYİ TİCARET LİMİTED ŞİRKETİ,0.0,0.0,2,1,1,1,0.0,0.0,-15.47042954652247
firm_bicm_pb_mobs_fdr0.05,TOPRAKKALE AYAKKABI MAKİNA NAKLİYAT SANAYİ VE TİCARET LİMİTED ŞİRKETİ,0.0,0.0,2,1,1,1,0.0,0.0,-15.47042954652247
firm_bicm_pb_mobs_fdr0.05,ADALI GRUP BİLGİ İŞLEM TEKNİK VE SOSYAL HİZMETLER TEMİZLİK TAŞIMACILIK İNŞAAT PEYZAJ GIDA SANAYİ TAAHHÜT TİCARET LİMİTED ŞİRKETİ,0.0,0.0,2,1,1,1,0.0,0.0,-15.47042954652247
firm_bicm_pb_mobs_fdr0.05,JEO İNTERNET TEKNOLO JİLERİ BİL MÜH EN Tİ LTD ŞTİ,0.0,0.0,1,1,1,1,0.0,0.0,-15.47042954652247
firm_bicm_pb_mobs_fdr0.05,PLUS BİLGİSAYAR İLETİŞİM SİSTEMLERİELEK.SN.TC.LT.ŞT,0.0,0.0,1,1,2,2,0.6931471805599453,0.6931471805599453,-15.47042954652247
firm_bicm_pb_mobs_fdr0.05,AKFA TEKNOLOJİ SES VE GÖRÜNTÜ SİSTEMLERİ SANAYİ VE TİCARET A.Ş.,0.0,0.0,1,1,1,1,0.0,0.0,-15.47042954652247
firm_bicm_pb_mobs_fdr0.05,PSEUDONYM_232,0.0,0.0,1,1,1,1,0.0,0.0,-15.47042954652247
firm_bicm_pb_mobs_fdr0.05,PSEUDONYM_148,0.0,0.0,1,1,1,1,0.0,0.0,-15.47042954652247
firm_bicm_pb_mobs_fdr0.05,PSEUDONYM_328,0.0,0.0,2,1,1,1,0.0,0.0,-15.47042954652247
firm_bicm_pb_mobs_fdr0.05,YAHYA KAPTAN MÜHENDİSLİK SANAYİ TİCARET LİMİTED ŞİRKETİ,0.0,0.0,2,1,1,1,0.0,0.0,-15.47042954652247
firm_bicm_pb_mobs_fdr0.05,PSEUDONYM_138,0.0,0.0,2,1,1,1,0.0,0.0,-15.47042954652247
firm_bicm_pb_mobs_fdr0.05,PSEUDONYM_571,0.0,0.0,1,1,1,1,0.0,0.0,-15.47042954652247
firm_bicm_pb_mobs_fdr0.05,PSEUDONYM_078,0.0,0.0,1,1,1,1,0.0,0.0,-15.47042954652247
firm_bicm_pb_mobs_fdr0.05,USANMAZ ENERJİ İNŞAAT BİLİŞİM MÜHENDİSLİK SANAYİ VE TİCARET LİMİTED ŞİRKETİ,0.0,0.31999999999999984,5,1,1,1,0.0,0.0,-15.47042954652247
firm_bicm_pb_mobs_fdr0.05,YEDİYİRMİDÖRT BİLİŞİM ENERJİ İNŞAAT ELEKTRİK MÜHENDİSLİK SANAYİ VE TİCARET LİMİTED ŞİRKETİ,0.0,0.31999999999999984,5,1,1,1,0.0,0.0,-15.47042954652247
firm_bicm_pb_mobs_fdr0.05,ARİON BİLİŞİM SİSTEM LERİ TİC.A.Ş.,0.0,0.31999999999999984,5,1,1,1,0.0,0.0,-15.47042954652247
firm_bicm_pb_mobs_fdr0.05,GÜR GRUP BİLGİSAYAR DANIŞMANLIK SOSYAL HİZMETLER TEKNİK DESTEK SAĞLIK HİZMETLERİ TEMİZLİK TURİZM GIDA İNŞAAT TAAHHÜT SANAYİ TİCARET LİMİTED ŞİRKETİ,0.0,0.0,3,1,1,6,0.0,1.791759469228055,-15.47042954652247
firm_bicm_pb_mobs_fdr0.05,NABU BİLİŞİM İTHALAT İHRACAT LİMİTED ŞİRKETİ,0.0,0.0,3,1,1,1,0.0,0.0,-15.47042954652247
firm_bicm_pb_mobs_fdr0.05,ARÇAM TEMİZLİK MEDİKAL GIDA İNŞAAT TURİZM BİLGİSAYAR KRTASİYE SANAYİ TİCARAT LİMİTED ŞİRKETİ,0.0,0.0,3,1,1,1,0.0,0.0,-15.47042954652247
firm_bicm_pb_mobs_fdr0.05,TECHRESTA BİLİŞİM VE TİCARET LİMİTED ŞİRKETİ,0.0,0.0,2,1,1,1,0.0,0.0,-15.47042954652247
firm_bicm_pb_mobs_fdr0.05,LİNEER BİLİŞİM TEKNO LOJİLERİ CBS OTOM.Bİ LG.TİC.LTD.ŞTİ.,0.0,0.33999999999999986,10,2,2,2,0.6931471805599453,0.6931471805599453,-15.47042954652247
firm_bicm_pb_mobs_fdr0.05,"PEHLİVANOĞLU YAPI NA K TURZ GIDA EMLA K SAN V TİC L ŞT, ÖZ ER-KA İNŞAAT TURİZM ELEKTRİK TAAHHÜT TİCARET VE SANAYİ LİMİTED ŞİRKETİ Ortak Girişimi",0.0,0.33999999999999986,10,1,1,1,0.0,0.0,-15.47042954652247
firm_bicm_pb_mobs_fdr0.05,PSEUDONYM_684,0.0,0.0,1,1,1,1,0.0,0.0,-15.47042954652247
firm_bicm_pb_mobs_fdr0.05,MYRONET TELEKOMİNİKASYON VE BİLGİ TEKNOLOJİLERİ TİCARET LİMİTED ŞİRKETİ,0.0,0.0,1,1,1,1,0.0,0.0,-15.47042954652247
firm_bicm_pb_mobs_fdr0.05,GEOTECMAPS BİLGİ TEKNOLOJİLERİ SANAYİ VE TİCARET LİMİTED ŞİRKETİ,0.0,0.0,1,1,2,2,0.6931471805599453,0.6931471805599453,-15.47042954652247
firm_bicm_pb_mobs_fdr0.05,MEHAZ TEKNOLOJİ YAZILIM BİLİŞİM VE GIDA TİCARET LİMİTED ŞİRKETİ,0.0,0.5,2,2,2,3,0.6931471805599453,1.0986122886681098,-15.47042954652247
firm_bicm_pb_mobs_fdr0.05,PSEUDONYM_302,0.0,0.0,2,1,1,2,0.0,0.6931471805599453,-15.47042954652247
firm_bicm_pb_mobs_fdr0.05,AKDENİZ TEMİZLİK GIDA ELEKTRONİK MAKİNE TEKNİK SERVİS HİZMETLERİ SANAYİ VE TİCARET LİMİTED ŞİRMETİ,0.0,0.0,1,1,1,1,0.0,0.0,-15.47042954652247
firm_bicm_pb_mobs_fdr0.05,MAKROEM BİLGİSAYAR ELEKTRONİK PAZARLAMA İTHALAT İHRACAT MEDİKAL VE İNŞAAT SANAYİ TİCARET LİMİTED ŞİRKETİ,0.0,0.0,4,1,1,1,0.0,0.0,-15.47042954652247
firm_bicm_pb_mobs_fdr0.05,PSEUDONYM_360,0.0,0.0,4,1,1,1,0.0,0.0,-15.47042954652247
firm_bicm_pb_mobs_fdr0.05,AKDAMAR SAĞLIK ÜRÜNLERİ ELEKTRİK İNŞAAT TEMİZLİK SANAYİ VE TİCARET LİMİTED ŞİRKETİ,0.0,0.0,4,1,1,1,0.0,0.0,-15.47042954652247
firm_bicm_pb_mobs_fdr0.05,CONVERGE BİLİŞİM VE TEKNOLOJİ HİZMETLERİ TİCARET LİMİTED ŞİRKETİ,0.0,0.0,6,2,1,3,0.0,1.0986122886681098,-15.47042954652247
firm_bicm_pb_mobs_fdr0.05,ARTİST FİLM PRODÜKSİ YON SANAYİ TİCARET L TD.ŞTİ.,0.0,0.6111111111111112,6,1,1,1,0.0,0.0,-15.47042954652247
firm_bicm_pb_mobs_fdr0.05,ELSA TEKNOLOJİK ÜRÜNLER SANAYİ VE TİCARET LİMİTED ŞİRKETİ,0.0,0.6111111111111112,6,1,1,1,0.0,0.0,-15.47042954652247
firm_bicm_pb_mobs_fdr0.05,ARCEON ELEKTRONİK Sİ STEMLERİ VE TEKN SAN.VE TİC.LTD.Ş,0.0,0.6111111111111112,6,1,1,1,0.0,0.0,-15.47042954652247
firm_bicm_pb_mobs_fdr0.05,ARBE BİLGİSAYAR YAZILIM TİCARET LİMİTED ŞİRKETİ,0.0,0.0,1,1,2,2,0.6931471805599453,0.6931471805599453,-15.47042954652247
firm_bicm_pb_mobs_fdr0.05,ARAL İKLİMLENDİRME TEMİZLİK İNŞAAT TARIM İZOLASYON BİLGİSAYAR SANAYİ VE TİCARET LİMİTED ŞİRKETİ,0.0,0.0,1,1,1,1,0.0,0.0,-15.47042954652247
firm_bicm_pb_mobs_fdr0.05,PSEUDONYM_475,0.0,0.0,3,1,1,1,0.0,0.0,-15.47042954652247
firm_bicm_pb_mobs_fdr0.05,PSEUDONYM_577,0.0,0.0,3,1,1,1,0.0,0.0,-15.47042954652247
firm_bicm_pb_mobs_fdr0.05,PİRAMİD FOTOGRAMETRİK HİZ.VE BİL.TEK.MÜH.MÜŞ.TİC.LTD,0.0,0.0,3,1,1,1,0.0,0.0,-15.47042954652247
firm_bicm_pb_mobs_fdr0.05,EMAK ORMANCILIK MÜHENDİSLİK MÜŞAVİRLİK VE ORGANİZASYON HİZMETLERİ TİCARET LİMİTED ŞİRKETİ,0.0,0.0,3,1,1,1,0.0,0.0,-15.47042954652247
firm_bicm_pb_mobs_fdr0.05,PSEUDONYM_322,0.0,0.0,1,1,1,1,0.0,0.0,-15.47042954652247
firm_bicm_pb_mobs_fdr0.05,NETFİKS BİLGİ TEKNOLOJİLERİ SANAYİ VE TİCARET LİMİTED ŞİRKETİ,0.0,0.0,4,2,2,3,0.6931471805599453,1.0986122886681098,-15.47042954652247
firm_bicm_pb_mobs_fdr0.05,PSEUDONYM_198,0.0,0.0,4,1,1,1,0.0,0.0,-15.47042954652247
firm_bicm_pb_mobs_fdr0.05,RAMİB NAKLİYE İNŞAAT BİLGİSAYAR ELEKTRİK OTOMOTİV TEKSTİL SANAYİ VE TİCARET LİMİTED ŞİRKETİ,0.0,0.0,4,2,1,2,0.0,0.6931471805599453,-15.47042954652247
firm_bicm_pb_mobs_fdr0.05,ERBİL COMPUTER İNŞAAT TURİZM SANAYİ VE TİCARET LİMİTED ŞİRKETİ.,0.0,0.0,4,1,1,1,0.0,0.0,-15.47042954652247
firm_bicm_pb_mobs_fdr0.05,PSEUDONYM_295,0.0,0.0,1,1,1,1,0.0,0.0,-15.47042954652247
firm_bicm_pb_mobs_fdr0.05,PARS SAVUNMA SANAYİ LİMİTED ŞİRKETİ,0.0,0.0,2,1,1,1,0.0,0.0,-15.47042954652247
firm_bicm_pb_mobs_fdr0.05,SİSTEMTECH BİLİŞİM HİZMETLERİ SAN.VE TİC.LTD.ŞTİ.,0.0,0.0,2,1,1,1,0.0,0.0,-15.47042954652247
firm_bicm_pb_mobs_fdr0.05,OBSS BİLİŞİM BİLGİSA HİZM.DAN.SAN.VE TİC.LTD.ŞTİ.,0.0,0.0,1,1,1,1,0.0,0.0,-15.47042954652247
firm_bicm_pb_mobs_fdr0.05,N.C.S.BİLGİSAYAR BİL İŞİM DANIŞ.SAN.V E TİC.LTD.ŞTİ.,0.0,0.0,1,1,1,1,0.0,0.0,-15.47042954652247
firm_bicm_pb_mobs_fdr0.05,PSEUDONYM_513,0.0,0.0,1,2,2,2,0.6931471805599453,0.6931471805599453,-15.47042954652247
firm_bicm_pb_mobs_fdr0.05,ZİRVE TRAFİK İNŞAAT SANAYİ VE TİCARET ANONİM ŞİRKETİ,0.0,0.0,2,1,1,1,0.0,0.0,-15.47042954652247
firm_bicm_pb_mobs_fdr0.05,PSEUDONYM_273,0.0,0.0,5,1,1,1,0.0,0.0,-15.47042954652247
firm_bicm_pb_mobs_fdr0.05,PSEUDONYM_337,0.0,0.0,2,2,2,2,0.6931471805599453,0.6931471805599453,-15.47042954652247
firm_bicm_pb_mobs_fdr0.05,AKELSAN ELEKRONİK SİSTEMLER SANAYİ VE TİCARET ANONİM ŞİRKETİ,0.0,0.31999999999999984,5,2,2,3,0.6931471805599453,1.0986122886681098,-15.47042954652247
firm_bicm_pb_mobs_fdr0.05,FAMAL KABLO VE ELEKT RİK SAN.VE TİC.L TD.ŞTİ.,0.0,0.0,1,1,1,1,0.0,0.0,-15.47042954652247
firm_bicm_pb_mobs_fdr0.05,MEDYASOFT BİLGİ SİSTEMLERİ SAN.VE TİC.A.Ş.,0.0,0.0,1,1,1,1,0.0,0.0,-15.47042954652247
firm_bicm_pb_mobs_fdr0.05,F.I.T.BİLGİ İŞLEM Sİ STEMLERİ SERV.SA N.VE TİC.LTD.ŞTİ,0.0,0.0,1,1,1,1,0.0,0.0,-15.47042954652247
firm_bicm_pb_mobs_fdr0.05,VAŞA TURİZM TEM.İNŞ.TAAH.MED.BİLG.SAN.VE TİC.LTD.ŞTİ,0.0,0.0,5,1,1,1,0.0,0.0,-15.47042954652247
firm_bicm_pb_mobs_fdr0.05,AYBÜ MÜHENDİSLİK ORMANCILIK SANAYİ VE TİCARET LİMİTED ŞİRKETİ,0.0,0.0,2,1,1,1,0.0,0.0,-15.47042954652247
firm_bicm_pb_mobs_fdr0.05,IG ANALİZ DANIŞMANLIK ARAŞTIRMA BİLGİSAYAR YAZILIM REKLAM EĞİTİM SANAYİ VE TİCARET ANONİM ŞİRKETİ,0.0,0.0,4,2,1,3,0.0,1.0986122886681098,-15.47042954652247
firm_bicm_pb_mobs_fdr0.05,LİNGOSOFT BİLGİ TEKNOLOJİSİ HİZMETLERİ TİCARET LİMİTED ŞİRKETİ,0.0,0.0,4,1,1,1,0.0,0.0,-15.47042954652247
firm_bicm_pb_mobs_fdr0.05,VENDROPS TEKNOLOJİ ANONİM ŞİRKETİ,0.0,0.0,4,2,1,2,0.0,0.6931471805599453,-15.47042954652247
firm_bicm_pb_mobs_fdr0.05,EYLÜL GROUP MADEN İŞLETMECİLİĞİ İNŞAAT LOJİSTİK ENDÜSTRİYEL TEMİZLİK TAAHHÜT TURİZM TİCARET ANONİM ŞİRKETİ,0.0,0.0,4,1,1,2,0.0,0.6931471805599453,-15.47042954652247
firm_bicm_pb_mobs_fdr0.05,EXPER BİLGİSAYAR SİS TEMLERİ SANAYİ VE Tİ C.ARET A.Ş.,0.0,0.0,1,1,1,2,0.0,0.6931471805599453,-15.47042954652247
firm_bicm_pb_mobs_fdr0.05,ESENGÜL DAYANIKLI TÜKETİM MALLARI TİCARET LİMİTED ŞİRKETİ,0.0,0.0,2,1,1,1,0.0,0.0,-15.47042954652247
firm_bicm_pb_mobs_fdr0.05,PSEUDONYM_424,0.0,0.4444444444444444,3,1,1,1,0.0,0.0,-15.47042954652247
firm_bicm_pb_mobs_fdr0.05,TÜRKAY ET GIDA TEMİZLİK KÖMÜR TURİZM İNŞAAT PAZARLAMA SANAYİ VE TİCARET LİMİTED ŞİRKETİ,0.0,0.4444444444444444,3,1,1,1,0.0,0.0,-15.47042954652247
firm_bicm_pb_mobs_fdr0.05,ERNST YOUNG KURUMSAL FİNANSMAN DANIŞM ANLIK A.Ş,0.0,0.0,1,1,1,1,0.0,0.0,-15.47042954652247
firm_bicm_pb_mobs_fdr0.05,ERLAB YAZILIM VE BİLİŞİM HİZMETLERİ HAYVANCILIK GIDA İNŞAAT TAAHHÜT SANAYİ TİCARET LİMİTED ŞİRKETİ,0.0,0.0,2,1,1,1,0.0,0.0,-15.47042954652247
firm_bicm_pb_mobs_fdr0.05,FİZ BİLİŞİM ANONİM ŞİRKETİ,0.0,0.0,6,1,1,1,0.0,0.0,-15.47042954652247
firm_bicm_pb_mobs_fdr0.05,RAVZA GÜVENLİK SİSTEMLERİ ELEKTRONİK BİLİŞİM İNŞAAT TAAHHÜT ANONİM ŞİRKETİ,0.0,0.4444444444444444,3,1,1,1,0.0,0.0,-15.47042954652247
firm_bicm_pb_mobs_fdr0.05,OREED BİLİŞİM TEKNOLOJİLERİ İNŞAAT OTOMOTİV PAZARLAMA SANAYİ VE TİCARET LİMİTED ŞİRKETİ,0.0,0.0,1,1,1,1,0.0,0.0,-15.47042954652247
firm_bicm_pb_mobs_fdr0.05,KENTBİS YAZILIM İŞLE TİM MÜH.LTD.ŞTİ.,0.0,0.0,3,1,1,1,0.0,0.0,-15.47042954652247
firm_bicm_pb_mobs_fdr0.05,PSEUDONYM_209,0.0,0.0,3,1,1,2,0.0,0.6931471805599453,-15.47042954652247
firm_bicm_pb_mobs_fdr0.05,FİBERKON İLETİŞİM OTOMOTİV GIDA İNŞAAT TAAHHÜT SANAYİ TİCARET LİMİTED ŞİRKETİ,0.0,0.0,3,1,1,4,0.0,1.3862943611198906,-15.47042954652247
firm_bicm_pb_mobs_fdr0.05,KUN TURİZM TATİL HİZMETLERİ LTD.ŞTİ.,0.0,0.625,4,1,1,1,0.0,0.0,-15.47042954652247
firm_bicm_pb_mobs_fdr0.05,PSEUDONYM_652,0.0,0.0,1,1,1,1,0.0,0.0,-15.47042954652247
firm_bicm_pb_mobs_fdr0.05,FORMAKSAN MÜH.BİL.EĞDA.MAK.KA.İM.SANVE TİC.LTD.ŞTİ.,0.0,0.0,1,1,1,1,0.0,0.0,-15.47042954652247
firm_bicm_pb_mobs_fdr0.05,PSEUDONYM_371,0.0,0.0,1,1,1,1,0.0,0.0,-15.47042954652247
firm_bicm_pb_mobs_fdr0.05,FOKUS GÜVENLİK TELEKOMÜNİKASYON MADENCİLİK İNŞAAT İTHALAT İHRACAT SANAYİ VE TİCARET LİMİTED ŞİRKETİ,0.0,0.0,1,2,3,3,1.0986122886681098,1.0986122886681098,-15.47042954652247
firm_bicm_pb_mobs_fdr0.05,FEROFEN BİLİŞİM ANONİM ŞİRKETİ,0.0,0.0,1,2,1,2,0.0,0.6931471805599453,-15.47042954652247
firm_bicm_pb_mobs_fdr0.05,KODPİT TEKNOLOJİ ANONİM ŞİRKETİ,0.0,0.0,1,2,1,3,0.0,1.0986122886681098,-15.47042954652247
firm_bicm_pb_mobs_fdr0.05,PSEUDONYM_065,0.0,0.0,1,1,1,1,0.0,0.0,-15.47042954652247
firm_bicm_pb_mobs_fdr0.05,PSEUDONYM_150,0.0,0.0,1,1,1,1,0.0,0.0,-15.47042954652247
firm_bicm_pb_mobs_fdr0.05,PSEUDONYM_578,0.0,0.0,1,1,1,1,0.0,0.0,-15.47042954652247
firm_bicm_pb_mobs_fdr0.05,TETO GAMES BİLİŞİM ELEKTRONİK SPOR ANONİM ŞİRKETİ,0.0,0.0,3,1,1,1,0.0,0.0,-15.47042954652247
firm_bicm_pb_mobs_fdr0.05,VESPRİME TURİZM ORGANİZASYON VE DANIŞMANLIK HİZMETLERİ LİMİTED ŞİRKETİ,0.0,0.0,3,1,1,1,0.0,0.0,-15.47042954652247
firm_bicm_pb_mobs_fdr0.05,Nedsense Nedgraphics B.V.,0.0,0.0,2,1,1,1,0.0,0.0,-15.47042954652247
firm_bicm_pb_mobs_fdr0.05,PSEUDONYM_280,0.0,0.0,2,2,1,2,0.0,0.6931471805599453,-15.47042954652247
firm_bicm_pb_mobs_fdr0.05,GEOMATİCS HARİTA MÜH ENDİSLİK VE MÜŞA VİRLİK LTD.ŞTİ.,0.0,0.0,2,1,1,1,0.0,0.0,-15.47042954652247
firm_bicm_pb_mobs_fdr0.05,GEO TEKNİK GEODEZİ V E ELEKTRONİK ALE T.SAN.VE TİC.LTD,0.0,0.0,1,1,1,1,0.0,0.0,-15.47042954652247
firm_bicm_pb_mobs_fdr0.05,GENÇ DATA BİLGİSAYAR SİS EĞT SER TİC VE PAZ LTD ŞTİ,0.0,0.0,1,1,1,1,0.0,0.0,-15.47042954652247
firm_bicm_pb_mobs_fdr0.05,OĞULCAN İNŞ TURZ ELE K GIDA NAK İTH SAN TİC LTD ŞTİ.,0.0,0.0,2,1,1,1,0.0,0.0,-15.47042954652247
firm_bicm_pb_mobs_fdr0.05,GENÇ BİLGİ SİSTEMLER İ YAZL.BİLŞ.DANŞM.OR GN.SERV.ÖZ EĞT LTD.Ş,0.0,0.0,1,1,1,1,0.0,0.0,-15.47042954652247
firm_bicm_pb_mobs_fdr0.05,PSEUDONYM_016,0.0,0.0,1,1,1,1,0.0,0.0,-15.47042954652247
firm_bicm_pb_mobs_fdr0.05,GİSELE BİLGİ TEKNOLOJİLERİ LİMİTED ŞİRKETİ,0.0,0.0,1,1,1,1,0.0,0.0,-15.47042954652247
firm_bicm_pb_mobs_fdr0.05,GENPRO BİLGİSAYAR VEYAZILIM HİZM.LTD.ŞTİ.,0.0,0.0,1,2,4,5,1.3862943611198906,1.6094379124341003,-15.47042954652247
firm_bicm_pb_mobs_fdr0.05,İNFOLOJİ TEKNOLOJİ VE İNOVASYON A.Ş.,0.0,0.0,1,1,1,1,0.0,0.0,-15.47042954652247
firm_bicm_pb_mobs_fdr0.05,M.B.İ.S BİLGİSAYAR OTOMASYON DANIŞMANLIK VE EĞİTİM HİZMETLERİ SANAYİ TİCARET ANONİM ŞİRKETİ,0.0,0.0,6,2,2,2,0.6931471805599453,0.6931471805599453,-15.47042954652247
firm_bicm_pb_mobs_fdr0.05,PLATFORM İSTANBUL TEKNOLOJİ ANONİM ŞİRKETİ,0.0,0.0,6,1,1,1,0.0,0.0,-15.47042954652247
firm_bicm_pb_mobs_fdr0.05,SMOD BİLİŞİM YAZILIM VE DANIŞMANLIK PAZARLAMA SANAYİ VE TİCARET LTD.ŞTİ.,0.0,0.0,6,2,1,2,0.0,0.6931471805599453,-15.47042954652247
firm_bicm_pb_mobs_fdr0.05,PSEUDONYM_600,0.0,0.0,2,1,1,1,0.0,0.0,-15.47042954652247
firm_bicm_pb_mobs_fdr0.05,ÖNER ELEKTRİK ELEKTR ONİK İNŞ.TURİZM DIŞ TİC.LTD.ŞTİ.,0.0,0.0,2,1,1,1,0.0,0.0,-15.47042954652247
firm_bicm_pb_mobs_fdr0.05,GÜLSA TIBBİ CİHAZLAR VE MALZEME SANAYİ TİCARET ANONİM ŞİRKETİ.,0.0,0.0,2,2,2,2,0.6931471805599453,0.6931471805599453,-15.47042954652247
firm_bicm_pb_mobs_fdr0.05,GÜNKA HARİTA TAAHHÜT TİCARET ANONİM ŞİRKETİ,0.0,0.0,3,1,1,1,0.0,0.0,-15.47042954652247
firm_bicm_pb_mobs_fdr0.05,TEKNİK MÜHENDİSLİK H ARİTA İNŞAAT TİCARET VE SANAYİ LTD.ŞTİ.,0.0,0.0,3,1,1,1,0.0,0.0,-15.47042954652247
firm_bicm_pb_mobs_fdr0.05,GÜLDEM HARİTA İNŞAATTÜKETİM MADD.TİCSAN.LTD.ŞTİ.,0.0,0.0,3,1,1,2,0.0,0.6931471805599453,-15.47042954652247
firm_bicm_pb_mobs_fdr0.05,SUR PEYZAJ OTOMASYON TEMİZLİK SANAYİ VE TİCARET LİMİTED ŞİRKETİ,0.0,0.0,3,1,1,1,0.0,0.0,-15.47042954652247
firm_bicm_pb_mobs_fdr0.05,ÇELİKLER İNŞAAT NAKLİYAT GIDA TEMİZLİK SANAYİ VE.TİC.LTD.ŞTİ,0.0,0.0,3,1,1,1,0.0,0.0,-15.47042954652247
firm_bicm_pb_mobs_fdr0.05,ÇEVRE KATI ATIK YÖNETİMİ PEYZAJ İNŞAAT OTOMASYON TEMİZLİK HİZMETLERİ TAAHÜT SANAYİ VE TİCARET LİMİTED ŞİRKETİ.,0.0,0.0,3,1,1,1,0.0,0.0,-15.47042954652247
firm_bicm_pb_mobs_fdr0.05,GÖKÇELİK TEKSTİL DANIŞMANLIK YAPI PETROL TARIM SAN.VE TİC.LTD.ŞTİ,0.0,0.0,3,1,1,1,0.0,0.0,-15.47042954652247
firm_bicm_pb_mobs_fdr0.05,NEUTECH YAPAY ZEKA BİLİŞİM ANONİM ŞİRKETİ,0.0,0.0,2,1,1,1,0.0,0.0,-15.47042954652247
firm_bicm_pb_mobs_fdr0.05,NİTRO TEKNOLOJİ ELEKTRİK İNŞAAT ARAŞTIRMA VE DANIŞMANLIK SANAYİ TİCARET LİMİTED ŞİRKETİ,0.0,0.0,2,1,1,1,0.0,0.0,-15.47042954652247
firm_bicm_pb_mobs_fdr0.05,GRİSOFT BİLİŞİM HİZMETLERİ LİMİTED ŞİRKETİ,0.0,0.0,2,1,2,4,0.6931471805599453,1.3862943611198906,-15.47042954652247
firm_bicm_pb_mobs_fdr0.05,KYN ELEKTRİK MÜHENDİSLİK İNŞAAT SANAYİ TİCARET LİMİTED ŞİRKETİ,0.0,0.0,1,1,1,1,0.0,0.0,-15.47042954652247
firm_bicm_pb_mobs_fdr0.05,GRUP OFİS BÜRO MAKİNALARI OTOMOTİV İNŞAAT SANAYİ VE TİCARET LİMİTED ŞİRKETİ,0.0,0.0,1,1,1,1,0.0,0.0,-15.47042954652247
firm_bicm_pb_mobs_fdr0.05,PSEUDONYM_017,0.0,0.0,3,1,1,1,0.0,0.0,-15.47042954652247
firm_bicm_pb_mobs_fdr0.05,PSEUDONYM_611,0.0,0.0,3,1,1,1,0.0,0.0,-15.47042954652247
firm_bicm_pb_mobs_fdr0.05,HTH BİLİŞİM SANAYİ VE TİCARET LİMİTED ŞİRKETİ,0.0,0.0,3,1,1,1,0.0,0.0,-15.47042954652247
firm_bicm_pb_mobs_fdr0.05,TEOGEN TEKNOLOJİ VE ENDÜSTRİYEL YAZILIM SİSTEMLERİ SANAYİ TİCARET LİMİTED ŞİRKETİ,0.0,0.0,1,1,1,1,0.0,0.0,-15.47042954652247
firm_bicm_pb_mobs_fdr0.05,PSEUDONYM_010,0.0,0.0,2,1,1,1,0.0,0.0,-15.47042954652247
firm_bicm_pb_mobs_fdr0.05,HDH TEKNOLOJİ SANAYİ LİMİTED ŞİRKETİ,0.0,0.0,1,1,2,2,0.6931471805599453,0.6931471805599453,-15.47042954652247
firm_bicm_pb_mobs_fdr0.05,PSEUDONYM_011,0.0,0.0,1,2,2,2,0.6931471805599453,0.6931471805599453,-15.47042954652247
firm_bicm_pb_mobs_fdr0.05,PARDUS ORMANCILIK MÜHENDİSLİK SANAYİ VE TİCARET LİMİTED ŞİRKETİ,0.0,0.0,1,1,1,1,0.0,0.0,-15.47042954652247
firm_bicm_pb_mobs_fdr0.05,PSEUDONYM_389,0.0,0.0,1,1,1,1,0.0,0.0,-15.47042954652247
firm_bicm_pb_mobs_fdr0.05,HAVSAN ORMAN ÜRÜNLERİ MÜHENDİSLİK TARIM İNŞAAT GIDA MADENCİLİK TEMİZLİK NAKLİYE TURİZM SANAYİ VE TİCARET LİMİTED ŞİRKETİ,0.0,0.0,1,1,1,1,0.0,0.0,-15.47042954652247
firm_bicm_pb_mobs_fdr0.05,HAVELSAN TEKNOLOJİ RADAR (HTR) SANAYİ VE TİCARET ANONİM ŞİRKETİ,0.0,0.0,1,1,1,1,0.0,0.0,-15.47042954652247
firm_bicm_pb_mobs_fdr0.05,METOD ARAÇ TAKİP VE ARAÇ İÇİ İZLEME ÇÖZÜMLERİ İLETİŞİM BİLGİSAYAR SANAYİ VE TİCARET ANONİM ŞİRKETİ,0.0,0.0,2,1,1,1,0.0,0.0,-15.47042954652247
firm_bicm_pb_mobs_fdr0.05,HASVET MEDİKAL YAZILIM SAĞLIK HİZMETLERİ SANAYİ VE TİCARET ANONİM ŞİRKETİ,0.0,0.0,2,1,1,1,0.0,0.0,-15.47042954652247
firm_bicm_pb_mobs_fdr0.05,PSEUDONYM_001,0.0,0.0,1,1,1,1,0.0,0.0,-15.47042954652247
firm_bicm_pb_mobs_fdr0.05,GİRİŞİMPARK BİLİŞİM HİZMETLERİ SANAYİ VE TİCARET ANONİM ŞİRKETİ,0.0,0.0,1,2,2,2,0.6931471805599453,0.6931471805599453,-15.47042954652247
firm_bicm_pb_mobs_fdr0.05,GÜNCEL MEVZUATI ARAŞTIRMA VE EĞİTİM DERNEĞİ İKTİSADİ İŞLETMESİ,0.0,0.0,1,1,2,2,0.6931471805599453,0.6931471805599453,-15.47042954652247
firm_bicm_pb_mobs_fdr0.05,KUMRAL İNŞAAT MOBİLYA GIDA EMLAK SANAYİ VE TİCARET LİMİTED ŞİRKETİ,0.0,0.0,2,1,1,1,0.0,0.0,-15.47042954652247
firm_bicm_pb_mobs_fdr0.05,KANT YAZILIM ANONİM ŞİRKETİ,0.0,0.0,1,3,2,3,0.6931471805599453,1.0986122886681098,-15.47042954652247
firm_bicm_pb_mobs_fdr0.05,KALİTE BİLGİSAYAR İLETİŞİM ELEKTRİK ELEKTRONİK SANAYİ VE TİCARET LİMİTED ŞİRKETİ,0.0,0.0,1,1,1,1,0.0,0.0,-15.47042954652247
firm_bicm_pb_mobs_fdr0.05,ORİON NET BİLİŞİM TE NOLOJ.TURZM.T.G.T.H. KO.MOB.S.TİC LTD ŞTİ,0.0,0.0,1,1,1,1,0.0,0.0,-15.47042954652247
firm_bicm_pb_mobs_fdr0.05,KALE BÜRO MAKİNALARI TİC.LTD.ŞTİ.,0.0,0.0,1,1,1,1,0.0,0.0,-15.47042954652247
firm_bicm_pb_mobs_fdr0.05,SÜMERLER KURUMSAL TEMİZLİK VE SAĞLIK HİZ SAN TİC LTD ŞTİ,0.0,0.0,1,1,1,1,0.0,0.0,-15.47042954652247
firm_bicm_pb_mobs_fdr0.05,ITSS BİLİŞİM HİZMETLERİ TİCARET ANONİM ŞİRKETİ,0.0,0.6666666666666667,3,1,1,1,0.0,0.0,-15.47042954652247
firm_bicm_pb_mobs_fdr0.05,MOSAŞ AKILLI ULAŞIM TEKNOLOJİLERİ ANONİM ŞİRKETİ,0.0,0.0,1,1,1,1,0.0,0.0,-15.47042954652247
firm_bicm_pb_mobs_fdr0.05,SSL BİLİŞİM EĞİTİM DANIŞMANLIK ANONİM ŞİRKETİ,0.0,0.0,1,1,1,1,0.0,0.0,-15.47042954652247
firm_bicm_pb_mobs_fdr0.05,PSEUDONYM_692,0.0,0.0,1,1,1,1,0.0,0.0,-15.47042954652247
firm_bicm_pb_mobs_fdr0.05,IMIS GLOBAL LIMITED,0.0,0.5,2,1,1,1,0.0,0.0,-15.47042954652247
firm_bicm_pb_mobs_fdr0.05,PSEUDONYM_206,0.0,0.0,1,1,1,1,0.0,0.0,-15.47042954652247
firm_bicm_pb_mobs_fdr0.05,HİLAL TEKSTİL İNŞAATGIDA VE İHT.MAD.SAN.TİC.LTD.ŞTİ.,0.0,0.0,1,1,1,2,0.0,0.6931471805599453,-15.47042954652247
firm_bicm_pb_mobs_fdr0.05,MEKANSAL YAZILIM DANIŞMANLIK TİCARET LİMİTED ŞİRKETİ,0.0,0.0,2,1,1,1,0.0,0.0,-15.47042954652247
firm_bicm_pb_mobs_fdr0.05,HİDROMOD ARGE VE YAZILIM LİMİTED ŞİRKETİ,0.0,0.0,2,1,1,1,0.0,0.0,-15.47042954652247
firm_bicm_pb_mobs_fdr0.05,PSEUDONYM_125,0.0,0.0,2,1,1,2,0.0,0.6931471805599453,-15.47042954652247
firm_bicm_pb_mobs_fdr0.05,PSEUDONYM_502,0.0,0.0,3,1,1,2,0.0,0.6931471805599453,-15.47042954652247
firm_bicm_pb_mobs_fdr0.05,LİNECOM GÜVENLİK SİSTEMLERİ HABERLEŞME TARIM TURİZM VE TİCARET LİMİTED ŞİRKETİ,0.0,0.0,3,1,1,1,0.0,0.0,-15.47042954652247
firm_bicm_pb_mobs_fdr0.05,RKSOFT MÜHENDİSLİK B İLGİS.PRG.DAN.EĞT.İT H.İHR.LTD.ŞTİ.,0.0,0.0,3,1,2,2,0.6931471805599453,0.6931471805599453,-15.47042954652247
firm_bicm_pb_mobs_fdr0.05,ROLVA BİLGİSAYAR TİC .VE PAZ.LTD.ŞTİ.,0.0,0.0,3,1,1,1,0.0,0.0,-15.47042954652247
firm_bicm_pb_mobs_fdr0.05,TRAMON MOBİL SİSTEMLER İLETİŞİM TURİZM MEDİKAL İNŞAAT SANAYİ TİCARET LİMİTED ŞİRKETİ,0.0,0.0,2,1,1,1,0.0,0.0,-15.47042954652247
firm_bicm_pb_mobs_fdr0.05,KERVAN EKE OTOMOSYON TEMİZLİK İNŞAAT TEKSTİL YEMEK TURİZM TAAHHÜT SANAYİ TİCARET LİMİTED ŞİRKETİ,0.0,0.0,1,1,1,1,0.0,0.0,-15.47042954652247
firm_bicm_pb_mobs_fdr0.05,KEBİR EĞİTİM SAĞLIK SAN.VE TİC.LTD.ŞTİ.,0.0,0.0,1,1,1,1,0.0,0.0,-15.47042954652247
firm_bicm_pb_mobs_fdr0.05,VEYSEL MÜTEAHİTLİK YEMEKÇİLİK TEMİZLİK NAKLİYAT TURİZM OTOMOTİV TEKSTİL GIDA İNŞAAT ELEKTRİK BİLGİSAYAR HAYVAN SU ÜRÜNLERİ MEDİKAL SANAYİ VE TİCARET LİMİTED ŞİRKETİ,0.0,0.0,1,2,2,2,0.6931471805599453,0.6931471805599453,-15.47042954652247
firm_bicm_pb_mobs_fdr0.05,KAYI HİZMET TİCARET LİMİTED ŞİRKETİ,0.0,0.0,1,1,1,1,0.0,0.0,-15.47042954652247
firm_bicm_pb_mobs_fdr0.05,KARYA TEKNOLOJİ VE DANIŞMANLIK HİZMETLERİ A.Ş,0.0,0.0,1,1,1,2,0.0,0.6931471805599453,-15.47042954652247
firm_bicm_pb_mobs_fdr0.05,TEKNİK DESTEK GRUBU BİLM.ÖLÇ.ARAŞ.DAN.EĞ .TER.BİL.MÜH.MAK.LTD,0.0,0.0,1,1,1,1,0.0,0.0,-15.47042954652247
firm_bicm_pb_mobs_fdr0.05,KARFO ENDÜSTRİYEL VE LAB CİHAZLARI SA N DIŞ TC LTD.ŞTİ,0.0,0.0,1,1,1,1,0.0,0.0,-15.47042954652247
firm_bicm_pb_mobs_fdr0.05,SED OTOMOTİV GIDA MADENCİLİK MEDİKAL MÜTEAHHİTLİK İNŞAAT TURİZM NAKLİYAT TİCARET VE SANAYİ LİMİTED ŞİRKETİ,0.0,0.0,1,1,1,1,0.0,0.0,-15.47042954652247
firm_bicm_pb_mobs_fdr0.05,KARAELMAS SOSYAL HİZ ORG.TEM.YEM.SAN.TİC. LTD.ŞTİ.,0.0,0.0,1,1,1,1,0.0,0.0,-15.47042954652247
firm_bicm_pb_mobs_fdr0.05,MEDİFARM DIŞ TİC.VE PAZ.LTD.ŞTİ.,0.0,0.0,1,1,1,1,0.0,0.0,-15.47042954652247
firm_bicm_pb_mobs_fdr0.05,PSEUDONYM_124,0.0,0.0,2,1,1,1,0.0,0.0,-15.47042954652247
firm_bicm_pb_mobs_fdr0.05,APPS AKADEMİ YAZILIM SANAYİ TİCARET LİMİTED ŞİRKETİ,0.0,0.0,2,1,1,2,0.0,0.6931471805599453,-15.47042954652247
firm_bicm_pb_mobs_fdr0.05,AYBEST BİLGİSAYAR SİSTEMLERİ MADENCİLİK TEKSTİL GIDA TEMİZLİK GÜVENLİK MEDİKAL SANAYİ VE DIŞ TİCARET LİMİTED ŞİRKETİ,0.0,0.0,2,1,1,1,0.0,0.0,-15.47042954652247
firm_bicm_pb_mobs_fdr0.05,KUZEYTEK GRUP ENDÜSTRİYEL HIRDAVAT SANAYİ VE TİCARET LİMİTED ŞİRKETİ,0.0,0.0,1,1,1,1,0.0,0.0,-15.47042954652247
firm_bicm_pb_mobs_fdr0.05,PSEUDONYM_493,0.0,0.0,1,1,1,1,0.0,0.0,-15.47042954652247
firm_bicm_pb_mobs_fdr0.05,KUTAY İNOVASYON İNŞAAT SANAYİ VE TİCARET LİMİTED ŞİRKETİ,0.0,0.0,1,1,1,1,0.0,0.0,-15.47042954652247
firm_bicm_pb_mobs_fdr0.05,PSEUDONYM_382,0.0,0.0,1,1,2,2,0.6931471805599453,0.6931471805599453,-15.47042954652247
firm_bicm_pb_mobs_fdr0.05,KULVAR MEDİKAL SAĞLIK HİZMETLERİ BİLİŞİM TURİZM MADENCİLİK OTOMOTİV ENERJİ İNŞAAT SANAYİ VE TİCARET LİMİTED ŞİRKETİ,0.0,0.0,1,1,1,2,0.0,0.6931471805599453,-15.47042954652247
firm_bicm_pb_mobs_fdr0.05,TEKNOPOLİTEN KURUMSAL BİLGİ TEKNOLOJİLERİ ELEKT.OTOM.EML.DAN.SAN. VE TİC.LTD.ŞTİ.,0.0,0.0,2,1,1,1,0.0,0.0,-15.47042954652247
firm_bicm_pb_mobs_fdr0.05,TEKNİKALPARK KOPYALAMA BASKI SİSTEMLERİ BİLGİSAYAR VE BÜRO MAKİNALARI KIRTASİYE DAYANIKLI TÜKETİM MALLARI İNŞAAT TAŞIMACILIK LİMİTED ŞİRKETİ,0.0,0.0,1,1,1,1,0.0,0.0,-15.47042954652247
firm_bicm_pb_mobs_fdr0.05,İNTEGRAL KURUMSAL TE KNOLOJİ ÇÖZÜMLERİ SA N. VE TİC. LTD. ŞTİ.,0.0,0.5,2,2,2,2,0.6931471805599453,0.6931471805599453,-15.47042954652247
firm_bicm_pb_mobs_fdr0.05,MEDİSABA MEDİKAL SAĞLIK İNŞAAT TEMİZLİK ELEKTRONİK SANAYİ TİCARET LİMİTED ŞİRKETİ.,0.0,0.0,2,1,1,1,0.0,0.0,-15.47042954652247
firm_bicm_pb_mobs_fdr0.05,PSEUDONYM_574,0.0,0.0,2,1,1,1,0.0,0.0,-15.47042954652247
firm_bicm_pb_mobs_fdr0.05,KOCAMAN SAĞLIK ARAÇVE GEREÇLERİ TİCLTD.ŞTİ.,0.0,0.0,2,1,1,1,0.0,0.0,-15.47042954652247
firm_bicm_pb_mobs_fdr0.05,PSEUDONYM_214,0.0,0.4444444444444444,3,2,1,3,0.0,1.0986122886681098,-15.47042954652247
firm_bicm_pb_mobs_fdr0.05,KOBİT BİLİŞİM YAZILIM DANIŞMANLIK SANAYİ VE TİCARET LİMİTED ŞİRKETİ.,0.0,0.4444444444444444,3,1,1,1,0.0,0.0,-15.47042954652247
firm_bicm_pb_mobs_fdr0.05,ŞHN LİDER İNŞAAT ORMANCILIK PEYZAJ TARIM HAYVANCILIK SANAYİ VE TİCARET LİMİTED ŞİRKETİ,0.0,0.0,1,1,1,1,0.0,0.0,-15.47042954652247
firm_bicm_pb_mobs_fdr0.05,LİKARBA MÜHENDİSLİK ENERJİ ÇEVRE MADENCİLİK İNŞAAT İŞ SAĞLIĞI VE GÜVENLİĞİ ORMANCILIK LİMİTED ŞİRKETİ,0.0,0.0,1,2,2,4,0.6931471805599453,1.3862943611198906,-15.47042954652247
firm_bicm_pb_mobs_fdr0.05,LUNA ICT YAZILIM BİLGİSAYAR TİCARET LİMİTED ŞİRKETİ,0.0,0.0,1,1,1,1,0.0,0.0,-15.47042954652247
firm_bicm_pb_mobs_fdr0.05,YEDİDENİZ DIŞ TİCARET VE DANIŞMANLIK LİMİTED ŞİRKETİ,0.0,0.0,1,1,1,1,0.0,0.0,-15.47042954652247
firm_bicm_pb_mobs_fdr0.05,LUKSTOR BİLİŞİM SİSTEMLERİ LİMİTED ŞİRKETİ,0.0,0.0,1,1,1,1,0.0,0.0,-15.47042954652247
firm_bicm_pb_mobs_fdr0.05,AKADEMİ İLERİ TEKNOLOJİ SAVUNMA SANAYİ TİCARET LİMİTED ŞİRKETİ,0.0,0.0,1,1,2,2,0.6931471805599453,0.6931471805599453,-15.47042954652247
firm_bicm_pb_mobs_fdr0.05,LOGO YAZILIM SANAYİ VE TİÇARET ANONİM ŞİRKETİ,0.0,0.6666666666666667,3,1,1,2,0.0,0.6931471805599453,-15.47042954652247
firm_bicm_pb_mobs_fdr0.05,PSEUDONYM_052,0.0,0.0,1,1,1,1,0.0,0.0,-15.47042954652247
firm_bicm_pb_mobs_fdr0.05,KENT TEKNOLOJİ YAZILIM VE İNŞAAT SAN.TİCARET LTD.ŞTİ.,0.0,0.2777777777777777,6,2,3,4,1.0986122886681098,1.3862943611198906,-15.47042954652247
firm_bicm_pb_mobs_fdr0.05,SUMAY ASANSÖR MÜHEN.İNŞ. MAK. SAN VETİC. LTD. ŞTİ.,0.0,0.0,1,1,1,1,0.0,0.0,-15.47042954652247
firm_bicm_pb_mobs_fdr0.05,WORKCUBE E-İŞ SİSTEM LERİ SAN.VE TİC. ANONİM ŞİRKETİ,0.0,0.0,1,1,1,1,0.0,0.0,-15.47042954652247
firm_bicm_pb_mobs_fdr0.05,WDR BİLGİ TEKNOLOJİLERİ VE SAVUNMA SANAYİ TİCARET LİMİTED ŞİRKETİ,0.0,0.0,2,1,1,1,0.0,0.0,-15.47042954652247
firm_bicm_pb_mobs_fdr0.05,MDA TECH TEKNOLOJİ LİMİTED ŞİRKETİ,0.0,0.0,2,1,1,1,0.0,0.0,-15.47042954652247
firm_bicm_pb_mobs_fdr0.05,MARSER SPOR MAL.KIR.BİLG.TEKS.İNŞ.İTH.İHR.SAN.VE TİC.LTD.ŞTİ,0.0,0.0,1,1,1,1,0.0,0.0,-15.47042954652247
firm_bicm_pb_mobs_fdr0.05,PSEUDONYM_464,0.0,0.0,2,1,1,1,0.0,0.0,-15.47042954652247
firm_bicm_pb_mobs_fdr0.05,SIEMENS SANAYİ VE TİCARET A.Ş,0.0,0.0,2,1,1,1,0.0,0.0,-15.47042954652247
firm_bicm_pb_mobs_fdr0.05,MANAS ENERJİ YÖNETİM İ SANAYİ VE TİCARET A.Ş.,0.0,0.0,2,1,1,1,0.0,0.0,-15.47042954652247
firm_bicm_pb_mobs_fdr0.05,PROYAPI MÜHENDİSLİK VE MÜŞAVİRLİK ANONİM ŞİRKETİ,0.0,0.0,2,1,1,1,0.0,0.0,-15.47042954652247
firm_bicm_pb_mobs_fdr0.05,İKİSEL ELEKTRONİK İNŞAAT SANAYİ VE TİCARET LİMİTED ŞİRKETİ,0.0,0.0,2,1,1,1,0.0,0.0,-15.47042954652247
firm_bicm_pb_mobs_fdr0.05,ÖZTÜRK ORMAN MÜHENDİSLİK TİCARET VE SANAYİ LİMİTED ŞİRKETİ,0.0,0.0,1,1,1,1,0.0,0.0,-15.47042954652247
firm_bicm_pb_mobs_fdr0.05,LİYA ORMANCILIK İNŞAAT HAFRİYAT PEYZAJ SANAYİ VE TİCARET LİMİTED ŞİRKETİ,0.0,0.0,1,1,2,2,0.6931471805599453,0.6931471805599453,-15.47042954652247
firm_bicm_pb_mobs_fdr0.05,PRODES BİLGİSAYAR VEPROGRAM DESTEK HİZMETLERİ LTD.ŞT,0.0,0.0,1,1,1,1,0.0,0.0,-15.47042954652247
firm_bicm_pb_mobs_fdr0.05,İPEKNET BİLİŞİM ÇÖZÜMLERİ SANAYİ VE TİCARET ANONİM ŞİRKETİ,0.0,0.0,1,1,1,1,0.0,0.0,-15.47042954652247
firm_bicm_pb_mobs_fdr0.05,WTECHIN YAZILIM BİLİŞİM VE DANIŞMANLIK ANONİM ŞİRKETİ,0.0,0.0,1,1,1,1,0.0,0.0,-15.47042954652247
firm_bicm_pb_mobs_fdr0.05,LİNNO GIDA TEKSTİL REKLAM SANAYİ VE TİCARET LİMİTED ŞİRKETİ,0.0,0.0,1,1,1,1,0.0,0.0,-15.47042954652247
firm_bicm_pb_mobs_fdr0.05,MOBİLSERVİS ÇAĞRI TAKİP VE BİLGİLENDİRME SİSTEMLERİ ANONİM ŞİRKETİ,0.0,0.0,1,1,1,1,0.0,0.0,-15.47042954652247
firm_bicm_pb_mobs_fdr0.05,PROTEZ SAĞLIK ÇÖZÜML ERİ BİLİŞİM İNŞAAT T ARIM SAN VE TİC A.Ş.,0.0,0.0,1,3,3,3,1.0986122886681098,1.0986122886681098,-15.47042954652247
firm_bicm_pb_mobs_fdr0.05,METASOFT BİLGİSAYAR BİLGİ İŞLEM HİZMETLERİ SANAYİ VE TİCARET LİMİTED ŞİRKETİ,0.0,0.0,1,3,85,140,4.442651256490317,4.941642422609304,-15.47042954652247
firm_bicm_pb_mobs_fdr0.05,MERSİN ÇİZGİ TEKNOLOJİ BÜRO MAKİNALARI GÜVENLİK SANAYİ VE TİCARET LİMİTED ŞİRKETİ,0.0,0.0,1,1,1,2,0.0,0.6931471805599453,-15.47042954652247
firm_bicm_pb_mobs_fdr0.05,PSEUDONYM_594,0.0,0.0,1,1,1,1,0.0,0.0,-15.47042954652247
firm_bicm_pb_mobs_fdr0.05,VİTAMİN YAZILIM BİLİŞİM HİZMETLERİ TAAHHÜT EĞİTİM SAĞLIK SANAYİ TİCARET LİMİTED ŞİRKETİ,0.0,0.0,1,1,2,2,0.6931471805599453,0.6931471805599453,-15.47042954652247
firm_bicm_pb_mobs_fdr0.05,PSEUDONYM_059,0.0,0.0,2,1,2,2,0.6931471805599453,0.6931471805599453,-15.47042954652247
firm_bicm_pb_mobs_fdr0.05,PSEUDONYM_455,0.0,0.0,2,1,1,1,0.0,0.0,-15.47042954652247
firm_bicm_pb_mobs_fdr0.05,TRANSTEK LOJİSTİK VE BİLİŞİM HİZMETLERİ LİMİTED ŞİRKETİ,0.0,0.0,2,1,1,1,0.0,0.0,-15.47042954652247
firm_bicm_pb_mobs_fdr0.05,UZAY GÖK BİLİŞİM İNŞAAT LOJİSTİK OTOMOTİV PETROL LİMİTED ŞİRKETİ,0.0,0.0,2,1,1,1,0.0,0.0,-15.47042954652247
firm_bicm_pb_mobs_fdr0.05,TELİX ELEKTRONİK OTOMASYON SANAYİ VE TİCARET LİMİTED ŞİRKETİ,0.0,0.0,2,1,1,1,0.0,0.0,-15.47042954652247
firm_bicm_pb_mobs_fdr0.05,VADORA VERİ ARŞİV DÖ KÜMAN RAP.SİS.Bİ L.EĞ.YAZ.DN.T.L.,0.0,0.0,1,1,1,1,0.0,0.0,-15.47042954652247
firm_bicm_pb_mobs_fdr0.05,TECHNOTEAM ELEKTRONİK VE GÜVENLİK SİSTEMLERİ SAN.TİC.LTD.ŞTİ,0.0,0.0,1,1,1,2,0.0,0.6931471805599453,-15.47042954652247
firm_bicm_pb_mobs_fdr0.05,SİTE TELEKOM ANONİM ŞİRKETİ,0.0,0.0,1,1,1,2,0.0,0.6931471805599453,-15.47042954652247
firm_bicm_pb_mobs_fdr0.05,YILDIRIM BİLGİSAYAR VE KURS HİZMETLERİ PAZARLAMA VE DIŞ TİCARET LİMİTED ŞİRKETİ,0.0,0.0,1,1,2,2,0.6931471805599453,0.6931471805599453,-15.47042954652247
firm_bicm_pb_mobs_fdr0.05,MİNOVA TEK.ELKTRONİK SAN.VE TİC.LTD.Ş Tİ.,0.0,0.0,2,1,1,1,0.0,0.0,-15.47042954652247
firm_bicm_pb_mobs_fdr0.05,MİKROLİNK BİLİŞİM SANAYİ TİCARET ANONİM ŞİRKETİ,0.0,0.0,1,1,1,1,0.0,0.0,-15.47042954652247
firm_bicm_pb_mobs_fdr0.05,MİCROCENT ELEKTRONİK VE BİLGİ İŞLEM SİSTEMLERİ İNŞAAT SANAYİ VE DIŞ TİCARET LİMİTED ŞİRKETİ,0.0,0.0,1,1,1,1,0.0,0.0,-15.47042954652247
firm_bicm_pb_mobs_fdr0.05,ÇAĞRI NAK.TAA.TUR.TE K.GÜV.SİS.VE TEM HİZ.TİC.SN.LTD.Ş,0.0,0.0,1,1,1,1,0.0,0.0,-15.47042954652247
firm_bicm_pb_mobs_fdr0.05,PSEUDONYM_582,0.0,0.0,1,1,1,1,0.0,0.0,-15.47042954652247
firm_bicm_pb_mobs_fdr0.05,PSEUDONYM_364,0.0,0.0,1,1,1,1,0.0,0.0,-15.47042954652247
firm_bicm_pb_mobs_fdr0.05,PSEUDONYM_372,0.0,0.0,1,1,1,1,0.0,0.0,-15.47042954652247
firm_bicm_pb_mobs_fdr0.05,PSEUDONYM_508,0.0,0.0,2,1,1,1,0.0,0.0,-15.47042954652247
firm_bicm_pb_mobs_fdr0.05,İPEK HIRDAVAT DEMİRÇELİK ELEK TAAHTİC VE SAN LTD Ş,0.0,0.0,2,1,1,1,0.0,0.0,-15.47042954652247
firm_bicm_pb_mobs_fdr0.05,PSEUDONYM_269,0.0,0.0,1,1,11,12,2.3978952727983707,2.4849066497880004,-15.47042954652247
firm_bicm_pb_mobs_fdr0.05,PSEUDONYM_231,0.0,0.0,1,1,1,1,0.0,0.0,-15.47042954652247
firm_bicm_pb_mobs_fdr0.05,PSEUDONYM_286,0.0,0.0,1,1,1,1,0.0,0.0,-15.47042954652247
firm_bicm_pb_mobs_fdr0.05,PSEUDONYM_229,0.0,0.0,1,1,1,1,0.0,0.0,-15.47042954652247
firm_bicm_pb_mobs_fdr0.05,TALHA TEKNOLOJİ SANAYİ TİCARET LİMİTED ŞİRKETİ,0.0,0.0,2,1,1,1,0.0,0.0,-15.47042954652247
firm_bicm_pb_mobs_fdr0.05,PSEUDONYM_309,0.0,0.0,3,1,1,1,0.0,0.0,-15.47042954652247
firm_bicm_pb_mobs_fdr0.05,İMS YAZILIM OTOMASYON SİSTEMLERİ ELEKT.TAŞIMACILIK MEDİKAL SAN.VE TİC.LTD.ŞTİ.,0.0,0.0,2,1,1,1,0.0,0.0,-15.47042954652247
firm_bicm_pb_mobs_fdr0.05,AİDATA BİLİŞİM KURUMSAL TİCARET VE SANAYİ ANONİM ŞİRKETİ,0.0,0.0,6,1,1,1,0.0,0.0,-15.47042954652247
firm_bicm_pb_mobs_fdr0.05,FALEZ MEDİKAL TİCARET LTD.ŞTİ.,0.0,0.0,6,1,1,1,0.0,0.0,-15.47042954652247
firm_bicm_pb_mobs_fdr0.05,PSEUDONYM_435,0.0,0.0,6,1,1,1,0.0,0.0,-15.47042954652247
firm_bicm_pb_mobs_fdr0.05,PSEUDONYM_596,0.0,0.0,6,1,1,1,0.0,0.0,-15.47042954652247
firm_bicm_pb_mobs_fdr0.05,REMAP TEKNOLOJİ ÇÖZÜMLERİ ANONİM ŞİRKETİ,0.0,0.24489795918367352,7,1,1,1,0.0,0.0,-15.47042954652247
firm_bicm_pb_mobs_fdr0.05,İNOSYS TEKNOLOJİ VE MÜHENDİSLİK LİMİTED ŞİRKETİ,0.0,0.24489795918367352,7,1,1,1,0.0,0.0,-15.47042954652247
firm_bicm_pb_mobs_fdr0.05,ADATECH OTOMASYON VE BİLİŞİM SİSTEMLERİ İNŞAAT SANAYİ DIŞ TİCARET LİMİTED ŞİRKETİ,0.0,0.24489795918367352,7,1,1,1,0.0,0.0,-15.47042954652247
firm_bicm_pb_mobs_fdr0.05,SİSOFT SAĞLIK BİLGİ SİSTEMLERİ LİMİTED ŞİRKETİ,0.0,0.0,1,3,90,149,4.499809670330265,5.003946305945459,-15.47042954652247
firm_bicm_pb_mobs_fdr0.05,MODÜL PLANLAMA HARİTA İNŞ. VE TİC. LTD.ŞTİ.,0.0,0.0,1,1,1,1,0.0,0.0,-15.47042954652247
firm_bicm_pb_mobs_fdr0.05,PIXELATE İNTERAKTİF MEDYA HİZMETLERİ LİMİTED ŞİRKETİ,0.0,0.0,3,1,1,1,0.0,0.0,-15.47042954652247
firm_bicm_pb_mobs_fdr0.05,VAKIF GLOBAL BİLİŞİM VE TEKNOLOJİ SANAYİ TİCARET LİMİTED ŞİRKETİ,0.0,0.0,3,1,1,1,0.0,0.0,-15.47042954652247
firm_bicm_pb_mobs_fdr0.05,İHLAS GAZETECİLİK ANONİM ŞİRKETİ,0.0,0.0,3,1,1,1,0.0,0.0,-15.47042954652247
firm_bicm_pb_mobs_fdr0.05,NGTECH BİLGİ VE İLETİŞİM TEKNOLOJİLERİ LİMİTED ŞİRKETİ,0.0,0.0,3,1,1,1,0.0,0.0,-15.47042954652247
firm_bicm_pb_mobs_fdr0.05,MOBİLTURK İLETİŞİM EĞİTİM DANIŞMANLIK HİZMETLERİ İNTERNET TELEKOMÜNİKASYON LİMİTED ŞİRKETİ,0.0,0.0,3,1,1,1,0.0,0.0,-15.47042954652247
firm_bicm_pb_mobs_fdr0.05,ONİKS BİLGİ SİSTEMLERİ EĞİTİM DANIŞMANLIK SANAYİ VE TİCARET LİMİTED ŞİRKETİ,0.0,0.0,1,1,1,1,0.0,0.0,-15.47042954652247
firm_bicm_pb_mobs_fdr0.05,ÜNİTAŞ ARGE DANIŞMANLIK SANAYİ VE TİCARET ANONİM ŞİRKETİ,0.0,0.0,1,1,1,1,0.0,0.0,-15.47042954652247
firm_bicm_pb_mobs_fdr0.05,ONLİNE BLT TURİZM ORGANİZASYON İNŞAAT MEDİKAL TAŞIMACILIK İTHALAT İHRACAT SANAYİ VE TİCARET LİMİTED ŞİRKETİ,0.0,0.0,1,1,1,2,0.0,0.6931471805599453,-15.47042954652247
firm_bicm_pb_mobs_fdr0.05,PSEUDONYM_217,0.0,0.0,1,1,1,1,0.0,0.0,-15.47042954652247
firm_bicm_pb_mobs_fdr0.05,PSEUDONYM_432,0.0,0.0,1,1,1,1,0.0,0.0,-15.47042954652247
firm_bicm_pb_mobs_fdr0.05,OKSİTED ÖZEL SAĞLIKHİZMET.DANIŞ.BİLGİSAOTOM.TURZ.SAN.TİC.LT,0.0,0.0,1,1,1,1,0.0,0.0,-15.47042954652247
firm_bicm_pb_mobs_fdr0.05,"ÇEKİNO BİLGİ TEKNOLOJİLERİ ANONİM ŞİRKETİ, BİMTAŞ BOĞAZİÇİ PEYZAJ İNŞAAT MÜŞAVİRLİK TEKNİK HİZMETLER SANAYİ TİCARET ANONİM ŞİRKETİ İş Ortaklığı",0.0,0.0,4,1,1,1,0.0,0.0,-15.47042954652247
firm_bicm_pb_mobs_fdr0.05,NOES TİCARET İTHALAT VE İHRACAT LİMİTED ŞİRKETİ,0.0,0.0,2,1,1,2,0.0,0.6931471805599453,-15.47042954652247
firm_bicm_pb_mobs_fdr0.05,WID TİCARET VE SANAYİ LİMİTED ŞİRKETİ,0.0,0.0,2,1,1,1,0.0,0.0,-15.47042954652247
firm_bicm_pb_mobs_fdr0.05,NERGİZOĞLU İNŞAAT SANAYİ TİCARET LİMİTED ŞİRKETİ,0.0,0.0,2,1,2,3,0.6931471805599453,1.0986122886681098,-15.47042954652247
firm_bicm_pb_mobs_fdr0.05,İDEKS DANIŞMANLIK EĞİTİM VE BİLİŞİM TEKNOLOJİLERİ MEDYA REKLAM TİCARET LTD.ŞTİ.,0.0,0.5,2,1,1,1,0.0,0.0,-15.47042954652247
firm_bicm_pb_mobs_fdr0.05,PSEUDONYM_163,0.0,0.0,2,2,2,2,0.6931471805599453,0.6931471805599453,-15.47042954652247
firm_bicm_pb_mobs_fdr0.05,NAS GRUP BİLGİ VE İLETİŞİM TEKNOLOJİLERİ ÖZEL EĞİTİM İNŞAAT SANAYİ TİCARET LİMİTED ŞİRKETİ,0.0,0.0,2,1,1,1,0.0,0.0,-15.47042954652247
firm_bicm_pb_mobs_fdr0.05,NAR YAZILIM OTOMASYON TEK.EĞİTİM VEDAN.LTD.ŞTİ.,0.0,0.0,1,1,1,2,0.0,0.6931471805599453,-15.47042954652247
firm_bicm_pb_mobs_fdr0.05,MİRAY BİO MEDİKAL ÜRÜNLER TİCARET LİMİTED ŞİRKETİ,0.0,0.0,1,1,1,1,0.0,0.0,-15.47042954652247
firm_bicm_pb_mobs_fdr0.05,VERİFONE ELEKTRONİK VE DANIŞMANLIK LTD ŞTİ,0.0,0.0,2,1,1,1,0.0,0.0,-15.47042954652247
firm_bicm_pb_mobs_fdr0.05,ADEKS BİLGİSAYAR VE ELEKTRONİK HİZM. TİC.LTD.ŞTİ.,0.0,0.0,1,1,2,2,0.6931471805599453,0.6931471805599453,-15.47042954652247
firm_bicm_pb_mobs_fdr0.05,ÖLMEZ İNŞAAT SAN.TİC LTD.ŞTİ.,0.0,0.0,1,2,1,2,0.0,0.6931471805599453,-15.47042954652247
firm_bicm_pb_mobs_fdr0.05,YEDİTEPE ANKARA ÇAĞRI HİZMETLERİ SOSYAL EĞİTİM HİZMETLERİ İNŞAAT TEMİZLİK OTO KİRALAMA PETROL SANAYİ VE TİCARET LTD.ŞTİ.,0.0,0.0,1,1,1,1,0.0,0.0,-15.47042954652247
firm_bicm_pb_mobs_fdr0.05,VİS TEKNOLOJİ VE BİLİŞİM HİZMETLERİ SANAYİ TİC.LTD.ŞTİ.,0.0,0.0,1,1,1,1,0.0,0.0,-15.47042954652247
firm_bicm_pb_mobs_fdr0.05,SHARKUTERİ MEDYA REKLAM BİL.YAZ.HİZ.VE TİC.LTD.ŞTİ.,0.0,0.0,1,1,1,1,0.0,0.0,-15.47042954652247
firm_bicm_pb_mobs_fdr0.05,TOYA YAZILIM DANIŞMANLIK BİLİŞİM HİZMETLERİ İNŞAAT TARIM HAYVANCILIK YENİLENEBİLİR ENERJİ SANAYİ TİCARET LİMİTED ŞİRKETİ,0.0,0.0,1,1,1,1,0.0,0.0,-15.47042954652247
firm_bicm_pb_mobs_fdr0.05,TULEN TEKNOLOJİ VE SAVUNMA LİMİTED ŞİRKETİ,0.0,0.0,1,2,3,3,1.0986122886681098,1.0986122886681098,-15.47042954652247
firm_bicm_pb_mobs_fdr0.05,PSEUDONYM_070,0.0,0.0,1,1,1,1,0.0,0.0,-15.47042954652247
firm_bicm_pb_mobs_fdr0.05,PSEUDONYM_696,0.0,0.0,1,2,2,2,0.6931471805599453,0.6931471805599453,-15.47042954652247
firm_bicm_pb_mobs_fdr0.05,TEKNOMAKER BİLİŞİM VE EĞİTİM HİZMETLERİ SANAYİ TİCARET LİMİTED ŞİRKETİ,0.0,0.0,1,1,1,1,0.0,0.0,-15.47042954652247
firm_bicm_pb_mobs_fdr0.05,ZEMİN BİLGİSAYAR YAZ ILIM TAN.İLET.ME D.ELK.İN.SA.Tİ.L,0.0,0.0,1,1,1,1,0.0,0.0,-15.47042954652247
firm_bicm_pb_mobs_fdr0.05,PSEUDONYM_363,0.0,0.0,1,1,1,1,0.0,0.0,-15.47042954652247
firm_bicm_pb_mobs_fdr0.05,PSEUDONYM_009,0.0,0.0,1,1,1,1,0.0,0.0,-15.47042954652247
firm_bicm_pb_mobs_fdr0.05,PSEUDONYM_288,0.0,0.0,1,1,1,1,0.0,0.0,-15.47042954652247
firm_bicm_pb_mobs_fdr0.05,PSEUDONYM_261,0.0,0.0,1,1,1,1,0.0,0.0,-15.47042954652247
firm_bicm_pb_mobs_fdr0.05,UMUT ÖZEL EĞİTİM SAĞHİZMETLERİ TİCVE SAN LTD ŞTİ,0.0,0.0,1,1,1,1,0.0,0.0,-15.47042954652247
firm_bicm_pb_mobs_fdr0.05,PSEUDONYM_529,0.0,0.0,1,1,1,1,0.0,0.0,-15.47042954652247
firm_bicm_pb_mobs_fdr0.05,PSEUDONYM_511,0.0,0.0,1,1,1,1,0.0,0.0,-15.47042954652247
firm_bicm_pb_mobs_fdr0.05,PSEUDONYM_656,0.0,0.0,2,1,1,2,0.0,0.6931471805599453,-15.47042954652247
firm_bicm_pb_mobs_fdr0.05,PSEUDONYM_416,0.0,0.0,2,1,1,1,0.0,0.0,-15.47042954652247
firm_bicm_pb_mobs_fdr0.05,PSEUDONYM_476,0.0,0.0,1,1,1,1,0.0,0.0,-15.47042954652247
firm_bicm_pb_mobs_fdr0.05,PSEUDONYM_387,0.0,0.0,1,1,1,1,0.0,0.0,-15.47042954652247
firm_bicm_pb_mobs_fdr0.05,PSEUDONYM_374,0.0,0.0,1,1,1,1,0.0,0.0,-15.47042954652247
firm_bicm_pb_mobs_fdr0.05,PSEUDONYM_461,0.0,0.0,2,1,1,1,0.0,0.0,-15.47042954652247
firm_bicm_pb_mobs_fdr0.05,ÖZGÜN ÖDÜL KİT.KIR.RMED.TIB.ÜR.E.EL.BİL.T.S.ML.LTD.Ş,0.0,0.0,2,1,1,1,0.0,0.0,-15.47042954652247
firm_bicm_pb_mobs_fdr0.05,ROBOCOMBO TEKNOLOJİ ÜRÜNLERİ SANAYİ VE TİCARET LİMİTED ŞİRKETİ,0.0,0.0,2,1,1,1,0.0,0.0,-15.47042954652247
firm_bicm_pb_mobs_fdr0.05,PBS BİLGİSAYAR ELEKTRONİK GÜVENLİK SİSTEMLERİ SANAYİ VE DIŞ TİCARET LİMİTED ŞİRKETİ,0.0,0.0,2,1,1,1,0.0,0.0,-15.47042954652247
firm_bicm_pb_mobs_fdr0.05,TEKEKİP BİLGİ TEKNOLOJİLERİ REKLAM DANIŞMANLIK VE ORGANİZASYON HİZMETLERİ SANAYİ VE TİCARET LİMİTED ŞİRKETİ,0.0,0.0,1,1,6,6,1.791759469228055,1.791759469228055,-15.47042954652247
firm_bicm_pb_mobs_fdr0.05,OVERTECH BİLGİ TEKNOLOJİLERİ ANONİM ŞİRKETİ,0.0,0.0,1,1,1,4,0.0,1.3862943611198906,-15.47042954652247
firm_bicm_pb_mobs_fdr0.05,VİTAMİN YAZILIM BİLİ HİZ.TAAH.EĞİT.SAĞLIK SAN.TİC.LTD.ŞTİ.,0.0,0.0,1,1,1,1,0.0,0.0,-15.47042954652247
firm_bicm_pb_mobs_fdr0.05,ORTA KARADENİZ SAĞLI K GID.İNŞ.NAK.BİL.TE HZ.TC.LTD.ŞTİ.,0.0,0.0,1,1,1,1,0.0,0.0,-15.47042954652247
firm_bicm_pb_mobs_fdr0.05,İMONTECH BİLİŞİM LİMİTED ŞİRKETİ,0.0,0.0,1,1,1,1,0.0,0.0,-15.47042954652247
firm_disparity_a0.05,NETCAD YAZILIM ANONİM ŞİRKETİ,0.14940152373650195,0.6005509641873278,33,6,92,112,4.5217885770490405,4.718498871295094,-1.901112096146376
firm_disparity_a0.05,SENTİM BİLİŞİM TEKNO LOJİLERİ SANAYİ VE TİC.A.Ş.,0.12213698341204876,0.7629757785467128,34,7,57,78,4.04305126783455,4.356708826689592,-2.1026050632407616
firm_disparity_a0.05,FORTE BİLGİ İLETİŞİM TEKNOLOJİLERİ VE SAVUNMA SANAYİ ANONİM ŞİRKETİ,0.10594243040411074,0.7215363511659809,27,10,48,82,3.871201010907891,4.406719247264253,-2.2448513878676066
firm_disparity_a0.05,İŞ YAZILIM DONANIM ELEKT DAN TEL KI TU ME İN İT İH S V T L Ş,0.09869754715530832,0.7328,25,5,41,46,3.713572066704308,3.828641396489095,-2.315686539237455
firm_disparity_a0.05,C.B.K.SOFT YAZILIM DONANIM ELEKTRONİK VE BİLGİSAYAR SİSTEMLERİ SANAYİ TİCARET ANONİM ŞİRKETİ,0.090658965358836,0.8195266272189349,26,2,72,82,4.276666119016055,4.406719247264253,-2.4006410341804854
firm_disparity_a0.05,FONET BİLGİ TEKNOLOJİLERİ ANONİM ŞİRKETİ,0.054623435891990146,0.2145328719723184,17,4,115,208,4.74493212836325,5.337538079701318,-2.907276638944024
firm_disparity_a0.05,AKGÜN BİLGİSAYAR PROGRAM VE HİZ.SAN.TİC.LTD.ŞİRKETİ,0.05070475059452132,0.2901234567901234,18,8,110,166,4.700480365792417,5.111987788356544,-2.981718844879479
firm_disparity_a0.05,PROMET BİLGİ SİSTEMLERİ VE DAN.SAN.TİC.LTD.ŞTİ.,0.04868189000465268,0.7674858223062382,23,11,31,56,3.4339872044851463,4.02535169073515,-3.0224306595020534
firm_disparity_a0.05,IND YAZILIM BİLİŞİM TEKNOLOJİLERİ SANAYİ VE TİCARET A.Ş.,0.04770577696456952,0.421875,16,7,28,54,3.332204510175204,3.9889840465642745,-3.0426848923939462
firm_disparity_a0.05,DESTEK BİLGİSAYAR VE İLETİŞİM HİZ.TİC.A.Ş.,0.04693474298985101,0.7334593572778828,23,8,27,66,3.295836866004329,4.189654742026425,-3.058978909604276
firm_disparity_a0.05,RENİS DIŞ TİCARET LİMİTED ŞİRKETİ,0.043997546587513356,0.485207100591716,13,4,14,16,2.6390573296152584,2.772588722239781,-3.1236020128980213
firm_disparity_a0.05,SİSOFT SAĞLIK BİLGİ SİSTEMLERİ LİMİTED ŞİRKETİ,0.03869633014140788,0.2721893491124261,13,3,90,149,4.499809670330265,5.003946305945459,-3.251988462000982
firm_disparity_a0.05,ELİPS ELEKTRONİK SAN .VE TİC.LTD.ŞTİ.,0.03463736957045954,0.4800000000000001,10,6,32,34,3.4657359027997265,3.5263605246161616,-3.362797500664594
firm_disparity_a0.05,BARİKAT İNTERNET GÜVENLİĞİ BİLİŞİM TİCARET ANONİM ŞİRKETİ,0.03425285401927357,0.585,20,7,32,54,3.4657359027997265,3.9889840465642745,-3.373960478492042
firm_disparity_a0.05,UNİVERSAL YAZILIM ANONİM ŞİRKETİ,0.03217288218157744,0.2901234567901234,18,7,45,79,3.8066624897703196,4.3694478524670215,-3.4366048288843127
firm_disparity_a0.05,BİSOFT BİLGİ TEKNOLOJİLERİ ANONİM ŞİRKETİ,0.03190350559089227,0.611111111111111,12,5,16,20,2.772588722239781,2.995732273553991,-3.445012637529825
firm_disparity_a0.05,TEKNOSER BİLGİSAYARTEKNİK HİZM.SAN.VE DIŞ TİC.A.Ş.,0.031588994918872196,0.6859504132231404,22,9,36,66,3.58351893845611,4.189654742026425,-3.4549194702653616
firm_disparity_a0.05,KOÇ SİSTEM BİLGİ VE İLETİŞİM HİZMELERİ ANONİM ŞİRKETİ,0.029174912611691525,0.5868055555555555,24,8,32,63,3.4657359027997265,4.143134726391533,-3.534416850303232
firm_disparity_a0.05,NATEK BİLİŞİM BİLGİSAYAR EĞİT.DAN.YAZ.TİC.SAN.LTD.ŞTİ.,0.028336908657626836,0.650887573964497,13,6,16,19,2.772588722239781,2.9444389791664403,-3.5635600205089495
firm_disparity_a0.05,ULUSAL CAD VE GIS ÇÖZÜMLERİ MÜH.BİLG.EĞT.TİC.A.Ş.,0.027703423750846785,0.4355555555555557,15,5,32,34,3.4657359027997265,3.5263605246161616,-3.5861684730968793
firm_disparity_a0.05,İŞLEM COĞRAFİ BİLGİ SİSTEMLERİ MÜHENDİSLİK VE EĞİTİM ANONİM ŞİRKETİ,0.0274302489043605,0.4027777777777778,12,3,27,27,3.295836866004329,3.295836866004329,-3.5960777939706596
firm_disparity_a0.05,NETCOM BİLGİSAYAR YAZ.İNT.VE TELEKO.HİZ.SAN.TİC.A.Ş.,0.027349954634654977,0.65625,8,5,16,19,2.772588722239781,2.9444389791664403,-3.5990092115545647
firm_disparity_a0.05,PROBEL BİLGİSAYAR YAZILIM DONANIM SANAYİ VE TİCARET ANONİM ŞİRKETİ,0.026914302952442792,0.4800000000000001,10,7,71,210,4.2626798770413155,5.3471075307174685,-3.615065723184301
firm_disparity_a0.05,BEYAZ BİLGİSAYAR DANIŞMANLIK HİZ.LTD.ŞTİ,0.026048788868091036,0.33999999999999986,10,7,18,31,2.8903717578961645,3.4339872044851463,-3.6477512488820207
firm_disparity_a0.05,PROTA BİLGİSAYAR MÜHENDİSLİK DANIŞMANLIK HİZ.A.Ş.,0.025647373885490526,0.49382716049382713,9,2,10,12,2.302585092994046,2.4849066497880004,-3.663280827010517
firm_disparity_a0.05,YÖNSİS BİLGİSAYAR SİSTEMLERİ SANAYİVE TİCARET A.Ş.,0.024996193282993903,0.7777777777777778,6,4,13,18,2.5649493574615367,2.8903717578961645,-3.6889975994978106
firm_disparity_a0.05,KARDELEN BİLGİSAYAR İNŞAAT REKLAM ORMAN ÜRÜNLERİ TEKSTİL İTHALAT VE İHRACAT SANAYİ VE TİCARET LİMİTED ŞİRKETİ,0.02415785519095489,0.41666666666666663,12,6,83,142,4.418840607796598,4.955827057601261,-3.7231103656293847
firm_disparity_a0.05,PROLİZ BİLGİSAYAR YAZILIM VE DONANIM HİZMETLERİ SANAYİ VE TİCARET LİMİTED ŞİRKETİ,0.02333127611779644,0.5619834710743802,11,3,28,30,3.332204510175204,3.4011973816621555,-3.7579239251602097
firm_disparity_a0.05,INNOSA BİLİŞİM TEKNOLOJİLERİ YAPI SANAYİ VE TİCARET ANONİM ŞİRKETİ,0.022879335805639136,0.7272727272727273,11,6,20,50,2.995732273553991,3.912023005428146,-3.7774838492826235
firm_disparity_a0.05,BAŞARSOFT BİLGİ TEKNOLOJİLERİ ANONİM ŞİRKETİ,0.022795248451648004,0.65625,8,4,17,20,2.833213344056216,2.995732273553991,-3.781165735336168
firm_disparity_a0.05,APHEL BİLİŞİM HİZMETLERİ DANIŞMANLIK TİCARET LİMİTED ŞİRKETİ,0.0224297917457599,0.17999999999999994,10,6,22,28,3.091042453358316,3.332204510175204,-3.7973271746155275
firm_disparity_a0.05,PRODAY BİLİŞİM TEKNOLOJİLERİ TİCARET ANONİM ŞİRKETİ,0.022069259139896324,0.5408163265306122,14,4,20,30,2.995732273553991,3.4011973816621555,-3.8135309659861862
firm_disparity_a0.05,VENTURA YAZILIM ANONİM ŞİRKETİ,0.022025781704714507,0.29166666666666663,12,3,45,104,3.8066624897703196,4.6443908991413725,-3.8155028778334135
firm_disparity_a0.05,DATA MARKET BİLGİ HİZMETLERİ ANONİM ŞİRKETİ,0.02095040763576956,0.13265306122448983,14,3,21,27,3.044522437723423,3.295836866004329,-3.8655564486183493
firm_disparity_a0.05,GENTEL TELEKOMÜNİKASYON ANONİM ŞİRKETİ,0.02036584003854017,0.31404958677685935,11,5,17,22,2.833213344056216,3.091042453358316,-3.8938543940060386
firm_disparity_a0.05,BİLGİBİM BİLGİSAYAR TEKNOLOJİLERİ İLETİŞİM ELEKTRONİK SANAYİ VE TİCARET LİMİTED ŞİRKETİ,0.020247580503257586,0.7407407407407407,9,6,18,22,2.8903717578961645,3.091042453358316,-3.8996778335991973
firm_disparity_a0.05,EMSAL BİLİŞİM MEDİKAL ELEKT.OTOMASYON SİST.SAN.TİC.LTD.ŞTİ.,0.019800096221925224,0.4800000000000001,10,3,8,10,2.0794415416798357,2.302585092994046,-3.922025388956291
firm_disparity_a0.05,ÜNİVERSAL BİLGİ TEKNOLOJİLERİ LTD.ŞTİ.,0.01840963157613772,0.5800000000000001,10,6,24,34,3.1780538303479458,3.5263605246161616,-3.994834948775975
firm_disparity_a0.05,BİLGE ADAM BİLGİSAYAR VE EĞİTİM HİZMSAN TİC AŞ,0.018214803491068937,0.4600000000000001,10,6,18,45,2.8903717578961645,3.8066624897703196,-4.005473793835302
firm_disparity_a0.05,ARMAKOM BİLİŞİM TEKNOJİLERİ ANONİM ŞİRKETİ,0.017556321439884497,0.49382716049382713,9,6,12,14,2.4849066497880004,2.6390573296152584,-4.042292597981653
firm_disparity_a0.05,ALTO TEKNOLOJİ BİLİŞİM ÇÖZÜMLERİ SANAYİ VE DIŞ TİCARET LİMİTED ŞİRKETİ,0.017365410605191218,0.6446280991735538,11,9,30,63,3.4011973816621555,4.143134726391533,-4.053225813282404
firm_disparity_a0.05,İSBAK İSTANBUL BİLİŞİM VE AKILLI KENT TEKNOLOJİLERİ A.Ş.,0.01694070874363321,0.44897959183673464,7,8,14,19,2.6390573296152584,2.9444389791664403,-4.077985386186516
firm_disparity_a0.05,VADİ KURUMSAL BİLGİSİSTEMLERİ LTD.ŞTİ.,0.016874995030635106,0.37037037037037035,9,6,15,45,2.70805020110221,3.8066624897703196,-4.081871774597108
firm_disparity_a0.05,ALKAYA ELEKTRONİK SANAYİ VE TİC.LTD.ŞTİ.,0.016567098431978067,0.44897959183673464,7,2,3,5,1.0986122886681098,1.6094379124341003,-4.1002850708238405
firm_disparity_a0.05,İNNOVA BİLİŞİM ÇÖZÜMLERİ A.Ş.,0.016513636170029263,0.6875,8,9,20,30,2.995732273553991,3.4011973816621555,-4.103517136335675
firm_disparity_a0.05,PSEUDONYM_034,0.01643111013811369,0.19753086419753085,9,7,18,69,2.8903717578961645,4.23410650459726,-4.108526853464238
firm_disparity_a0.05,BİZNET BİLİŞİM SİSTEMLERİ VE DANIŞMANLIK SAN.TİC.A.Ş,0.01629378523930743,0.4591836734693877,14,6,19,23,2.9444389791664403,3.1354942159291497,-4.116919151891819
firm_disparity_a0.05,TRTEK TEKNOLOJİK ÜRÜNLER BİLGİSAYAR YAZILIM DONANIM SAN.VE TİC.LTD.ŞTİ.,0.016237899915493847,0.4600000000000001,10,4,59,148,4.07753744390572,4.997212273764115,-4.120354722296003
firm_disparity_a0.05,CSIT BİLİŞİM ANONİM ŞİRKETİ,0.016076722811529578,0.16528925619834722,11,8,12,16,2.4849066497880004,2.772588722239781,-4.130329768608272
firm_disparity_a0.05,4 S BİLGİ TEKNOLOJİLERİ ANONİM ŞİRKETİ,0.0158133301141656,0.37037037037037035,9,5,17,19,2.833213344056216,2.9444389791664403,-4.146848059912636
firm_disparity_a0.05,PSEUDONYM_170,0.015659652659132835,0.21875,8,3,3,10,1.0986122886681098,2.302585092994046,-4.156613282682417
firm_disparity_a0.05,PERCOM BİLİŞİM SİSTEMLERİ OTOMOTİV İNŞAAT VE DANIŞMANLIK DIŞ TİCARET LİMİTED ŞİRKETİ,0.015218689738732742,0.0,10,3,7,11,1.9459101490553132,2.3978952727983707,-4.185174953568769
firm_disparity_a0.05,PSEUDONYM_379,0.015147016160685336,0.0,4,3,5,5,1.6094379124341003,1.6094379124341003,-4.189895389420275
firm_disparity_a0.05,ENTEGRES BİLİŞİM TEKNOLOJİLERİ LİMİTED ŞİRKETİ,0.014674831276256038,0.1527777777777779,12,9,37,51,3.6109179126442243,3.9318256327243257,-4.221563268145482
firm_disparity_a0.05,İSTTELKOM İSTANBUL ELEKTRONİK HABERLEŞME VE ALTYAPI HİZMETLERİ SANAYİ VE TİCARET ANONİM ŞİRKETİ,0.014529813294024993,0.40625,8,6,16,34,2.772588722239781,3.5263605246161616,-4.23149392833606
firm_disparity_a0.05,BELSİS BİLGİSAYAR YAZILIM İLETİŞİM HİZM.TİC.VE SAN.LTD.ŞTİ.,0.01329423475093126,0.2777777777777777,6,6,27,28,3.295836866004329,3.332204510175204,-4.320360634691705
firm_disparity_a0.05,MEGA BİLGİSAYAR TİCARET LTD.ŞTİ.,0.013255565970634047,0.7160493827160495,9,5,16,22,2.772588722239781,3.091042453358316,-4.323273373866432
firm_disparity_a0.05,ÖZGÜR ENTEGRASYON BİLİŞİM OTOMOTİV İTHALAT İHRACAT SANAYİ VE TİCARET LİMİTED ŞİRKETİ,0.01319516066305929,0.44897959183673464,7,3,6,8,1.791759469228055,2.0794415416798357,-4.327840470755733
firm_disparity_a0.05,İNFOTÜRK BİLGİSAYAR.ELEKTRONİK HİZMETLERİ SAN.VE TİC.LTD.ŞTİ,0.012810937287927917,0.7160493827160495,9,7,18,29,2.8903717578961645,3.367295829986474,-4.357389395729037
firm_disparity_a0.05,PROMETUS BİLG.SİST.SAN.VE TİC.LTD.ŞTİ.,0.012647463986693062,0.7755102040816326,7,1,12,12,2.4849066497880004,2.4849066497880004,-4.370231096880468
firm_disparity_a0.05,TÜRK TELEKOMÜNİKASYON ANONİM ŞİRKETİ,0.012586137146380716,0.53125,8,8,25,32,3.2188758248682006,3.4657359027997265,-4.3750915061055515
firm_disparity_a0.05,QUEEN BİLGİSAYAR SİSTEMLERİ SANAYİ TİC.LTD.ŞTİ.,0.012284904343600196,0.44897959183673464,7,4,9,13,2.1972245773362196,2.5649493574615367,-4.399314606169553
firm_disparity_a0.05,SHK BİLİŞİM TEKNOLOJİLERİ LİMİTED ŞİRKETİ,0.011967204138060298,0.375,4,3,9,11,2.1972245773362196,2.3978952727983707,-4.425514062061163
firm_disparity_a0.05,PARAMETRE ARAŞTIRMA BİLİŞİM PLANLAMA LTD.ŞTİ.,0.011923595966091166,0.0,4,4,12,15,2.4849066497880004,2.70805020110221,-4.429164430027188
firm_disparity_a0.05,SAMPAŞ BİLİŞİM VE İLETİŞİM SİSTEMLERİ SANAYİ VE TİCARET A.Ş.,0.01115851308511684,0.2777777777777777,6,4,17,20,2.833213344056216,2.995732273553991,-4.495476103031811
firm_disparity_a0.05,İNSPİRİT BİLGİ TEKNOLOJİLERİ YAZILIM DANIŞMANLIK TİC.LTD.ŞTİ,0.01109366645508282,0.56,5,5,13,25,2.5649493574615367,3.2188758248682006,-4.501304012226375
firm_disparity_a0.05,İMKA BİLGİ İŞLEM DANIŞMANLIK ARŞİV KÜTÜPHANE VE DOKÜMANTASYON HİZMETLERİ SANAYİ TİCARET LİMİTED ŞİRKETİ,0.010998849685714442,0.0,4,2,7,10,1.9459101490553132,2.302585092994046,-4.509887011766963
firm_disparity_a0.05,BİLİŞİM İNOVASYON SA N.VE TİC.LTD.ŞTİ.,0.01097524355617797,0.31999999999999984,5,4,13,13,2.5649493574615367,2.5649493574615367,-4.512035387605703
firm_disparity_a0.05,MİA TEKNOLOJİ YAZILI M TASAR.MÜH.İTH. İHR.PAZ.LTD.ŞTİ.,0.010887557808153722,0.0,6,7,17,24,2.833213344056216,3.1780538303479458,-4.520056260393096
firm_disparity_a0.05,NORMDATA DESTEK VE D ANIŞMANLIK HİZME TLERİ LTD.ŞTİ,0.010887557808153722,0.0,6,4,12,14,2.4849066497880004,2.6390573296152584,-4.520056260393096
firm_disparity_a0.05,BARIŞ TELEKOM GÜVENLİK SİSTEMLERİ TİCARET LİMİTED ŞİRKETİ,0.010877318725575522,0.0,5,1,6,7,1.791759469228055,1.9459101490553132,-4.52099706798895
firm_disparity_a0.05,ART TELEKOM SANAYİ VE TİCARET LTD.ŞTİ,0.010786500952853438,0.2777777777777777,6,2,2,2,0.6931471805599453,0.6931471805599453,-4.529380737404592
firm_disparity_a0.05,FUJİTSU TECHNOLOGY SOLUTIONS BİLİŞİM LİMİTED ŞİRKETİ,0.010106418088187635,0.5,6,7,11,14,2.3978952727983707,2.6390573296152584,-4.594500179008561
firm_disparity_a0.05,ARKENOM TEKNOLOJİ HİZMETLERİ SANAYİ VE TİCARET ANONİM ŞİRKETİ,0.009942949378660082,0.6666666666666667,6,3,5,8,1.6094379124341003,2.0794415416798357,-4.610805772563051
firm_disparity_a0.05,MOBİSİS TEKNOLOJİ ANONİM ŞİRKETİ,0.00992674018738744,0.375,4,2,2,2,0.6931471805599453,0.6931471805599453,-4.612437182334422
firm_disparity_a0.05,OLGU BİLGİSAYAR SİST EMLERİ SANAYİ Tİ CARET LTD.ŞTİ.,0.009649904656999074,0.6666666666666667,6,3,22,25,3.091042453358316,3.2188758248682006,-4.6407188264168635
firm_disparity_a0.05,DOCUART BİLGİSAYAR V E İLET.ELK.SER.İ .T.G.P.S.VE T.LT,0.009582692772068635,0.7407407407407407,9,2,3,4,1.0986122886681098,1.3862943611198906,-4.647707606327945
firm_disparity_a0.05,SERVUS BİLİŞİM TEKNO LOJİLERİ A.Ş.,0.00920800362198067,0.6666666666666667,6,2,2,2,0.6931471805599453,0.6931471805599453,-4.687589553805506
firm_disparity_a0.05,EG YAZILIM DONANIM DANIŞMANLIK HİZMETLERİ LTD.ŞTİ.,0.009058945340759789,0.375,4,4,9,16,2.1972245773362196,2.772588722239781,-4.703908389015251
firm_disparity_a0.05,TEOSOFT YAZILIM DONANIM BİLGİSAYAR EĞİTİM DANIŞMANLIK SANAYİ VE TİCARET LİMİTED ŞİRKETİ,0.008757942399472118,0.31999999999999984,5,4,3,5,1.0986122886681098,1.6094379124341003,-4.737696865636786
firm_disparity_a0.05,EPİTEL İLETİŞİM SANAYİ VE TİCARET LİMİTED ŞİRKETİ,0.008713459274049045,0.0,4,5,5,6,1.6094379124341003,1.791759469228055,-4.742788486548974
firm_disparity_a0.05,PLATOBİLGİSAYAR ÜRÜNLERİ PAZARLAMA SAN.VE TİC.LTD.ŞT,0.008708339732759944,0.0,5,4,6,7,1.791759469228055,1.9459101490553132,-4.743376145723574
firm_disparity_a0.05,TGAR BİLGİSAYAR ELEKTRONİK İLET.SİS.SAN.VE TİC.A.Ş.,0.008706633218996911,0.0,3,3,10,10,2.302585092994046,2.302585092994046,-4.743572108883128
firm_disparity_a0.05,MOBESE MOBİL ELEKTRONİK SİSTEM ENTEGRASYONU SANAYİ VE TİCARET ANONİM ŞİRKETİ,0.00869639413641871,0.0,5,1,4,9,1.3862943611198906,2.1972245773362196,-4.74474869495866
firm_disparity_a0.05,SUPERONLİNE İLETİŞİM HİZMETLERİ ANONİM ŞİRKETİ,0.008201262623942695,0.37037037037037035,9,6,14,18,2.6390573296152584,2.8903717578961645,-4.803363123750185
firm_disparity_a0.05,İNTRON BİLİŞİM YAZILIM TANITIM VE TASARIM HİZMETLERİ SANAYİ TİCARET LİMİTED ŞİRKETİ,0.00804280868814836,0.375,4,8,19,25,2.9444389791664403,3.2188758248682006,-4.822870833684589
firm_disparity_a0.05,BEYAZNET BİLİŞİM ANONİM ŞİRKETİ,0.007818874525327306,0.0,5,3,3,4,1.0986122886681098,1.3862943611198906,-4.851105535490046
firm_disparity_a0.05,VBT BİLGİ TEKNOLOJİLERİ ANONİM ŞİRKETİ,0.0077018367198437125,0.0,7,7,7,21,1.9459101490553132,3.044522437723423,-4.866185663503519
firm_disparity_a0.05,DOSBİL BİLGİSAYAR KİM.TEKS.DAY.TÜK.MAL.TMAL.GI. Tİ.VE SA.LT,0.007651318725400873,0.375,4,4,11,11,2.3978952727983707,2.3978952727983707,-4.872765752188537
firm_disparity_a0.05,PROBİM TEKNOLOJİ GIDA SANAYİ VE TİCARET LTD.ŞTİ.,0.007434130282189753,0.2777777777777777,6,5,11,14,2.3978952727983707,2.6390573296152584,-4.901558913050779
firm_disparity_a0.05,PİKSELSOFT YAZILIM BİLİŞİM SANAYİ VE TİCARET LİMİTED ŞİRKETİ,0.007349586756487896,0.5,6,4,8,8,2.0794415416798357,2.0794415416798357,-4.9129951017847295
firm_disparity_a0.05,ALSAY İLETİŞİM ELEKTRONİK GIDA İNŞ.SAN.TİC.LTD.ŞTİ.,0.007302894391074456,0.0,6,4,5,9,1.6094379124341003,2.1972245773362196,-4.919367686128064
firm_disparity_a0.05,PANATES BİLİŞİM VE TEKNOLOJİ SAN.TİC.LTD.ŞTİ.,0.007205952901111312,0.0,8,2,43,150,3.7612001156935624,5.0106352940962555,-4.9327293997533115
firm_disparity_a0.05,DATASEC BİLİŞİM ÇÖZÜ MLERİ YAZ.İNŞ.SA N.TİC.LTD.ŞTİ.,0.007069060090821062,0.24489795918367352,7,1,2,2,0.6931471805599453,0.6931471805599453,-4.951907055485034
firm_disparity_a0.05,HAVELSAN HAVA ELEKTRONİK SANAYİ VE TİCARET ANONİM ŞİRKETİ,0.007046656521763724,0.375,4,4,8,9,2.0794415416798357,2.1972245773362196,-4.955080947443058
firm_disparity_a0.05,ERGUVAN BİLİŞİM SAN. VE TİC.A.Ş.,0.006719196934588556,0.4444444444444444,3,3,14,25,2.6390573296152584,3.2188758248682006,-5.002659655506211
firm_disparity_a0.05,BİGATEK BİLİŞİM SİSTEMLERİ TİCARET ANONİM ŞİRKETİ,0.006711218292842195,0.0,7,2,3,5,1.0986122886681098,1.6094379124341003,-5.003847649903293
firm_disparity_a0.05,EŞKOM BİLGİSAYAR SAN AYİ TİCARET A.Ş.,0.006709743227058766,0.0,2,2,6,6,1.791759469228055,1.791759469228055,-5.004067437174448
firm_disparity_a0.05,EXABİLTEKNOLOJİ SİSTEMLERİ PAZARLAMA BİLİŞİM SANAYİ VE TİCARET LİMİTED ŞİRKETİ.,0.006627268556808612,0.31999999999999984,5,2,2,3,0.6931471805599453,1.0986122886681098,-5.016433800937018
firm_disparity_a0.05,LTS BİLİŞİM TEKNOLOJİLERİ TİCARET LİMİTED ŞİRKETİ,0.006572268495062005,0.72,5,5,7,10,1.9459101490553132,2.302585092994046,-5.024766406832003
firm_disparity_a0.05,İNFOLİNE BİLGİ TEKNOLOJİLERİ TİCARET ANONİM ŞİRKETİ,0.006559554486140263,0.0,5,3,3,3,1.0986122886681098,1.0986122886681098,-5.026702522009298
firm_disparity_a0.05,LDAP BİLGİ TEKNOLOJİLERİ DANIŞMANLIK VE DIŞ TİCARET LİMİTED ŞİRKETİ,0.006542773767470434,0.0,4,3,3,4,1.0986122886681098,1.3862943611198906,-5.029263676362214
firm_disparity_a0.05,4 TEK BİLİŞİM YAZBİL.KIR.ELK.İNŞ.SAN.TİC.LTD.ŞTİ.,0.006542773767470434,0.0,4,3,7,7,1.9459101490553132,1.9459101490553132,-5.029263676362214
firm_disparity_a0.05,REİN YAZILIM TEKNOLOJİ LİMİTED ŞİRKETİ,0.006542773767470434,0.0,4,1,2,3,0.6931471805599453,1.0986122886681098,-5.029263676362214
firm_disparity_a0.05,BİMTAŞ BOĞAZİÇİ PEYZAJ İNŞAAT MÜŞAVİRLİK TEKNİK HİZMETLER SANAYİ TİCARET ANONİM ŞİRKETİ,0.006539360739944367,0.0,3,3,3,4,1.0986122886681098,1.3862943611198906,-5.029785392821158
firm_disparity_a0.05,SERVUS BİLGİSAYAR A.Ş. .,0.006466309945929612,0.7160493827160495,9,7,16,21,2.772588722239781,3.044522437723423,-5.041017720588835
firm_disparity_a0.05,ENTEGRES BİLGİ VE İLETİŞİM TEKNOLOJİLERİ SANAYİ VE TİCARET ANONİM ŞİRKETİ,0.006342110923968406,0.0,5,3,11,12,2.3978952727983707,2.4849066497880004,-5.060409083382437
firm_disparity_a0.05,LN BİLGİSAYAR VE DANHİZ.SAN.TİC.A.Ş.,0.0062936811277154005,0.75,4,5,10,17,2.302585092994046,2.833213344056216,-5.068073580131381
firm_disparity_a0.05,İNFRASİS BİLGİ TEKNOLOJİLERİ TİCARET LİMİTED ŞİRKETİ,0.006059219423229381,0.2777777777777777,6,5,10,13,2.302585092994046,2.5649493574615367,-5.106033485555194
firm_disparity_a0.05,BİLGİTÜRK BİLG.TEKN.SAN.VE TİC.A.Ş.,0.005904364953494535,0.6666666666666667,3,6,14,27,2.6390573296152584,3.295836866004329,-5.131918876522594
firm_disparity_a0.05,BVF BİLGİ TEKNOLOJİLERİ YAPI VE DANIŞMANLIK LİMİTED ŞİRKETİ,0.005839426941787632,0.44897959183673464,7,6,18,24,2.8903717578961645,3.1780538303479458,-5.142976504068798
firm_disparity_a0.05,MOS BİLİŞİM TEKNOLOJ İLERİ YAZILIM DANIŞM ANLIK HİZ.LTD.ŞTİ.,0.00583853232329537,0.4444444444444444,3,2,3,3,1.0986122886681098,1.0986122886681098,-5.143129696550664
firm_disparity_a0.05,NEX TEKNOLOJİ ANONİM ŞİRKETİ,0.00582756535334002,0.31999999999999984,5,5,9,12,2.1972245773362196,2.4849066497880004,-5.145009565805594
firm_disparity_a0.05,TURKCELL DİJİTAL İŞ SERVİSLERİ ANONİM ŞİRKETİ,0.005779994420737325,0.375,4,3,4,4,1.3862943611198906,1.3862943611198906,-5.1532049500234605
firm_disparity_a0.05,EMT ELEKTRONİK MÜHENDİSLİK SAN.VE TİC.LTD.ŞTİ.,0.005581161556219781,0.0,5,4,4,15,1.3862943611198906,2.70805020110221,-5.188205490145032
firm_disparity_a0.05,PRESTİJ BİLGİ SİSTEMLERİ ARGE YAZILIM İNŞAAT MOBİLYA SANAYİ VE TİCARET A.Ş.,0.00556636180520125,0.0,4,1,47,76,3.8501476017100584,4.330733340286331,-5.190860338933132
firm_disparity_a0.05,BİMSER ÇÖZÜM YAZILIM TİCARET ANONİM ŞİRKETİ,0.005555926916283342,0.31999999999999984,5,3,17,17,2.833213344056216,2.833213344056216,-5.192736444011916
firm_disparity_a0.05,AIMS ANALİTİK BİLGİ YÖNETİMİ ÇÖZÜMLERİ YAZILIM EĞİTİM DANIŞMANLIK TİCARET LİMİTED ŞİRKETİ.,0.005467126813782592,0.4444444444444444,3,2,9,9,2.1972245773362196,2.1972245773362196,-5.208846004848343
firm_disparity_a0.05,KURALKAN BİLİŞİM OTOMOTİV SANAYİ VE DIŞ TİCARET ANONİM ŞİRKETİ,0.005381100564143805,0.53125,8,4,5,5,1.6094379124341003,1.6094379124341003,-5.224703806977088
firm_disparity_a0.05,BMB SOFT BİLGİSAYAR YAZILIM İLETİŞİM SİS.SAN.VE TİC.L,0.005340984800165491,0.4444444444444444,3,2,15,18,2.70805020110221,2.8903717578961645,-5.232185479795621
firm_disparity_a0.05,KUZEY MÜHENDİSLİK İNŞAAT SANAYİ VE TİCARET LİMİTED ŞİRKETİ,0.005245937567649545,0.375,4,2,2,2,0.6931471805599453,0.6931471805599453,-5.250138660799101
firm_disparity_a0.05,CADBİM BİLGİSAYAR ÖZEL EĞİTİM DANIŞMANLIK PAZARLAMA SANAYİ VE TİCARET LİMİTED ŞİRKETİ,0.005207064809959423,0.6666666666666667,3,3,7,12,1.9459101490553132,2.4849066497880004,-5.25757510637302
firm_disparity_a0.05,MS TEDARİK TEKNOLOJİ SANAYİ VE TİCARET LİMİTED ŞİRKETİ,0.005084582804860826,0.625,4,4,9,10,2.1972245773362196,2.302585092994046,-5.281374498636722
firm_disparity_a0.05,GBA BİLİŞİM YAZILIM DANIŞMANLIK LİMİTED ŞİRKETİ,0.004898782963596356,0.0,5,1,4,4,1.3862943611198906,1.3862943611198906,-5.318594317340336
firm_disparity_a0.05,KODA BİLİŞİM SANAYİ VE TİCARET ANONİM ŞİRKETİ,0.004891915733099524,0.4444444444444444,3,1,11,11,2.3978952727983707,2.3978952727983707,-5.319996880137729
firm_disparity_a0.05,MONAD YAZILIM BİLGİSAYAR EĞİ.DAN.SAN.VE TİC.LTD.ŞTİ.,0.004708574681835232,0.31999999999999984,5,1,20,37,2.995732273553991,3.6109179126442243,-5.358188835078315
firm_disparity_a0.05,LİTERA BİLİŞİM TEKNOLOJİLERİ SANAYİ VE Tİ CARET LİMİTED ŞİRKETİ,0.0046068207538539786,0.0,4,3,12,14,2.4849066497880004,2.6390573296152584,-5.380032102289062
firm_disparity_a0.05,METASOFT BİLGİSAYAR BİLGİ İŞLEM HİZMETLERİ SANAYİ VE TİCARET LİMİTED ŞİRKETİ,0.0045948996659309176,0.2777777777777777,6,3,85,140,4.442651256490317,4.941642422609304,-5.382622679619896
firm_disparity_a0.05,ELSA BİLİŞİM ANONİM ŞİRKETİ,0.004577386828124213,0.0,3,1,6,7,1.791759469228055,1.9459101490553132,-5.386440615618967
firm_disparity_a0.05,PİRİ1513 COĞRAFİ BİLGİ SİSTEMLERİ MÜHENDİSLİK VE EĞİTİM LİMİTED ŞİRKETİ,0.00457626586075877,0.0,4,1,2,4,0.6931471805599453,1.3862943611198906,-5.386685492383763
firm_disparity_a0.05,CEIBA TELE ICU SAĞLIK HİZMETLERİ VE TİCARET ANONİM ŞİRKETİ,0.004526373389030894,0.375,4,3,15,15,2.70805020110221,2.70805020110221,-5.397645746415428
firm_disparity_a0.05,ALTAR ELEKTRONİK TEK NOLOJİ SAN.VE Tİ C.LTD.ŞTİ.,0.004471240247725666,0.4444444444444444,3,2,5,5,1.6094379124341003,1.6094379124341003,-5.4098986344465
firm_disparity_a0.05,EKS-PA BİLGİSAYAR PAZARLAMA VE TİCARET A.Ş.,0.004460219939690677,0.375,4,4,6,10,1.791759469228055,2.302585092994046,-5.4123659148620815
firm_disparity_a0.05,NSC BİLİŞİM HİZMETLERİ TİCARET ANONİM ŞİRKETİ,0.004442410286691592,0.375,4,5,7,8,1.9459101490553132,2.0794415416798357,-5.416366140205686
firm_disparity_a0.05,ÇÖZÜMEVİ YÖNETİM DANIŞMANLIĞI VE BİLGİSAYAR YAZILIM TİCARET ANONİM ŞİRKETİ,0.004429676821014556,0.0,5,3,5,13,1.6094379124341003,2.5649493574615367,-5.419236045673402
firm_disparity_a0.05,BTSECTOR BİLİŞİM TEKNOLOJİ ANONİM ŞİRKETİ,0.0043669687196027235,0.0,5,2,2,2,0.6931471805599453,0.6931471805599453,-5.4334907976694895
firm_disparity_a0.05,XLOOP BİLİŞİM TEKNOLOJİLERİ SANAYİ VE TİCARET LİMİTED ŞİRKETİ,0.00436526220583969,0.0,3,2,2,3,0.6931471805599453,1.0986122886681098,-5.433881575321981
firm_disparity_a0.05,METOD ARAŞTIRMA DAN. VE MÜH.İNŞAAT SA N.TİC.LTD.ŞTİ.,0.00436526220583969,0.0,3,3,3,5,1.0986122886681098,1.6094379124341003,-5.433881575321981
firm_disparity_a0.05,ESEN ENTEGRE HİZMET YÖNETİMİ SANAYİ VE TİCARET LİMİTED ŞİRKETİ,0.00436526220583969,0.0,3,1,2,2,0.6931471805599453,0.6931471805599453,-5.433881575321981
firm_disparity_a0.05,TREO BİLGİ TEKNOLOJİLERİ LTD.ŞTİ.,0.00436526220583969,0.0,3,2,3,3,1.0986122886681098,1.0986122886681098,-5.433881575321981
firm_disparity_a0.05,BEYAZ WEB TEKNOLOJİLERİ LİMİTED ŞİRKETİ,0.00436526220583969,0.0,4,3,7,9,1.9459101490553132,2.1972245773362196,-5.433881575321981
firm_disparity_a0.05,EVREN BİLGİSAYAR MEDKIR.PVC.DOĞ.İNŞ.GID.SN.T.LTD.ŞTİ,0.00436526220583969,0.0,3,5,12,19,2.4849066497880004,2.9444389791664403,-5.433881575321981
firm_disparity_a0.05,KORTEKS BİLİŞİM HİZMETLERİ A.Ş.,0.00436526220583969,0.0,3,2,5,14,1.6094379124341003,2.6390573296152584,-5.433881575321981
firm_disparity_a0.05,UNITURK BİLİŞİM TEKNOLOJİLERİ LİMİTED ŞİRKETİ,0.00436526220583969,0.0,3,3,3,3,1.0986122886681098,1.0986122886681098,-5.433881575321981
firm_disparity_a0.05,ÖZGÜR YAZILIM BİLİŞİM EĞİTİM TİCARET AN ONİM ŞİRKETİ,0.00436526220583969,0.0,3,2,2,2,0.6931471805599453,0.6931471805599453,-5.433881575321981
firm_disparity_a0.05,İNOVERA BİLGİSAYAR YAZILIM DONANIM ARAŞTIRMA GELİŞTİRME DANIŞMANLIK SANAYİ TİCARET LİMİTED ŞİRKETİ,0.00436526220583969,0.0,3,4,6,9,1.791759469228055,2.1972245773362196,-5.433881575321981
firm_disparity_a0.05,SPEKSKO BİLİŞİM YAZILIM SAN.VE TİC.LTD.ŞTİ.,0.00436526220583969,0.0,3,4,8,9,2.0794415416798357,2.1972245773362196,-5.433881575321981
firm_disparity_a0.05,SMARTSİS YAZILIM DONANIMLARI BİLGİ TEKNOLOJİLERİ TURİZM ORGANİZASYON VE BİLGİSAYAR MALZEMELERİ İTHALAT İHRACAT SANAYİ VE TİCARET ANONİM ŞİRKETİ,0.00436526220583969,0.0,3,3,3,3,1.0986122886681098,1.0986122886681098,-5.433881575321981
firm_disparity_a0.05,PRİZMA PERSONEL DESTEK HİZMETLERİ LİMİTED ŞİRKETİ,0.004361849178313623,0.0,3,3,4,4,1.3862943611198906,1.3862943611198906,-5.434663589047074
firm_disparity_a0.05,MMM GRUP BİLİŞİM VETURİZM SAN.TİC.LTD.ŞTİ.,0.004361849178313623,0.0,2,2,9,9,2.1972245773362196,2.1972245773362196,-5.434663589047074
firm_disparity_a0.05,GÖKDOĞAN LOJİSTİK OTOMOTİV SANAYİ VE TİCARET ANONİM ŞİRKETİ,0.004361849178313623,0.0,2,3,3,3,1.0986122886681098,1.0986122886681098,-5.434663589047074
firm_disparity_a0.05,ARTI VE ARTI TEKNOLOJİ HİZM.SAN.TİC.AŞ,0.004221481285574129,0.56,5,4,9,12,2.1972245773362196,2.4849066497880004,-5.467367094785255
firm_disparity_a0.05,BALDEM BİLİŞİM LİMİTED ŞİRKETİ,0.004212615550788785,0.0,5,1,13,15,2.5649493574615367,2.70805020110221,-5.469469025729238
firm_disparity_a0.05,YONCA BİLİŞİM TEKNOLOJİLERİ LTD.ŞTİ.,0.004180165847681277,0.0,5,4,6,12,1.791759469228055,2.4849066497880004,-5.477200257241733
firm_disparity_a0.05,EDULINE BİLİŞİM SAN.VE TİC.LTD.ŞTİ.,0.0037648070614683137,0.0,3,5,6,8,1.791759469228055,2.0794415416798357,-5.581832049748295
firm_disparity_a0.05,PSEUDONYM_164,0.003740938190933827,0.0,3,1,10,12,2.302585092994046,2.4849066497880004,-5.588190785495946
firm_disparity_a0.05,ENFO BİLİŞİM ANONİM ŞİRKETİ,0.0034894211518385998,0.5,2,2,7,7,1.9459101490553132,1.9459101490553132,-5.657774918718318
firm_disparity_a0.05,KAREL ELEKTRONİK SANAYİ VE TİCARET A.Ş.,0.0034879848209729454,0.375,4,3,11,13,2.3978952727983707,2.5649493574615367,-5.658186527182488
firm_disparity_a0.05,SERVO ARŞİV BİLİŞİM YÖNETİM HİZMETLERİ LİMİTED ŞİRKETİ,0.003369536236971011,0.0,4,3,8,20,2.0794415416798357,2.995732273553991,-5.692726964485512
firm_disparity_a0.05,MEDYASOFT DANIŞMANLIK VE EĞİTİM ANONİM ŞİRKETİ,0.003156994739613047,0.375,4,2,6,6,1.791759469228055,1.791759469228055,-5.757864497146069
firm_disparity_a0.05,KALİTTE PROFESYONELBİLGİ TEKNOLOJİLBAS.YAY.LTD.ŞTİ.,0.0031200726535863554,0.5,2,1,2,5,0.6931471805599453,1.6094379124341003,-5.769625555011517
firm_disparity_a0.05,DONAN BİLİŞİM ELEKTRONİK TEKSTİL SAĞLIK HİZMETLERİ İNŞAAT SANAYİ VE DIŞ TİCARET LİMİTED ŞİRKETİ,0.0031095102314554713,0.4444444444444444,3,3,5,5,1.6094379124341003,1.6094379124341003,-5.773015682341837
firm_disparity_a0.05,İSTANBUL UYGULAMALIGAZ.VE EN.TEK.ARMÜH.SAN.VE Tİ.AŞ,0.003101979025871576,0.0,4,3,5,7,1.6094379124341003,1.9459101490553132,-5.7754399450078795
firm_disparity_a0.05,ÜNİBEL ÖZEL EĞİTİM BİLGİ TEKNOLOJİLERİ KÜLTÜR TANITIM VE YAYINCILIK SANAYİ VE TİCARET ANONİM ŞİRKETİ,0.0030545571957541436,0.0,4,5,7,31,1.9459101490553132,3.4339872044851463,-5.790841341001761
firm_disparity_a0.05,BİLGİ SİSTEMLERİ SAN .VE DIŞ TİC.LTD. ŞTİ.,0.003047542518053957,0.0,3,4,7,7,1.9459101490553132,1.9459101490553132,-5.793139802167409
firm_disparity_a0.05,İZMİR İNOVASYON VE TEKNOLOJİ ANONİM ŞİRKETİ,0.003039525838379061,0.0,3,5,7,9,1.9459101490553132,2.1972245773362196,-5.795773068950355
firm_disparity_a0.05,GEOSYS COĞRAFİ BİLGİ SİSTEMLERİ VE ŞEHİR PLANLAMA ELEKTRONİK BİLİŞİM MÜHENDİSLİK VE MÜŞAVİRLİK İNŞAAT REKLAMCILIK SANAYİ VE TİCARET LİMİTED ŞİRKETİ,0.002893736210270916,0.44897959183673464,7,1,2,2,0.6931471805599453,0.6931471805599453,-5.844911985559475
firm_disparity_a0.05,ARNİL-NET BİLGİSAYAR İLETİŞİM HİZMETLERİ YAZILIM TURİZM SANAYİ VE TİCARET LİMİTED ŞİRKETİ,0.0028530648599408926,0.0,4,2,17,43,2.833213344056216,3.7612001156935624,-5.859062451010973
firm_disparity_a0.05,ARVENTO MOBİL SİSTEMLER ANONİM ŞİRKETİ,0.0027749973379993143,0.0,3,2,4,4,1.3862943611198906,1.3862943611198906,-5.886798058073827
firm_disparity_a0.05,GOMAP MÜHENDİSLİK MÜŞAVİRLİK DANIŞMANLIK VE ARAŞTIRMA TİCARET LİMİTED ŞİRKETİ,0.002571157281391243,0.0,3,4,17,18,2.833213344056216,2.8903717578961645,-5.963067375308486
firm_disparity_a0.05,PROBİL BİLGİ İŞLEM D ESTEK VE DANIŞ.S AN.VE TİC.A.Ş.,0.002503807549479246,0.375,4,5,9,10,2.1972245773362196,2.302585092994046,-5.989601960256026
firm_disparity_a0.05,SENEKA YAZILIM DONANIM BİLİŞİM TİCARET TAAHHÜT VE SANAYİ LİMİTED ŞİRKETİ,0.002428471456680131,0.375,4,2,14,16,2.6390573296152584,2.772588722239781,-6.020141955903475
firm_disparity_a0.05,BGS BİLGİ SİSTEMLERİSANAYİ VE TİCARET LTD.ŞTİ.,0.00242573873938521,0.0,3,3,5,7,1.6094379124341003,1.9459101490553132,-6.021267476684288
firm_disparity_a0.05,PROLİNE BİLİŞİM SİSTEMLERİ VE TİCARET ANONİM ŞİRKETİ.,0.002412827253356551,0.375,4,5,7,8,1.9459101490553132,2.0794415416798357,-6.026602513765714
firm_disparity_a0.05,TEKNORİTMA YAZILIM HİZMETLERİ ANONİM ŞİRKETİ,0.00241211724003012,0.0,5,1,19,49,2.9444389791664403,3.8918202981106265,-6.026896719139378
firm_disparity_a0.05,BİSAR BİLGİ TEKNOLOJ İLERİ SANAYİ VE TİCA RET A.Ş.,0.002370111104525144,0.0,3,2,4,7,1.3862943611198906,1.9459101490553132,-6.044458503050781
firm_disparity_a0.05,ODAKENT ÇEVRE BİLİŞİM ANONİM ŞİRKETİ,0.002236919007683014,0.0,3,2,8,9,2.0794415416798357,2.1972245773362196,-6.102274432731035
firm_disparity_a0.05,GÜNEY BİLİŞİM BİLGİ TEKNOLOJİLERİ TURİZM SANAYİ VE TİCARET LİMİTED ŞİRKETİ,0.0022225014699289005,0.0,3,1,3,3,1.0986122886681098,1.0986122886681098,-6.108738085515447
firm_disparity_a0.05,ADALYA İLETİŞİM TEKNOLOJİ GÜVENLİK SİSTEMLERİ VE BİLGİSAYAR TİCARET LİMİTED ŞİRKETİ,0.0021843376166828785,0.0,2,2,3,3,1.0986122886681098,1.0986122886681098,-6.1260520979275475
firm_disparity_a0.05,ADEO BİLİŞİM DANIŞMANLIK HİZMETLERİ SANAYİ VE TİCARET ANONİM ŞİRKETİ,0.0021843376166828785,0.0,2,6,7,11,1.9459101490553132,2.3978952727983707,-6.1260520979275475
firm_disparity_a0.05,DBI BİLGİ VE İLETİŞİM TEKNOLOJİLERİ ANONİM ŞİRKETİ,0.0021843376166828785,0.0,3,2,7,7,1.9459101490553132,1.9459101490553132,-6.1260520979275475
firm_disparity_a0.05,DONAN TEKNOLOJİ ÇÖZÜMLERİ PROJE ARGE VE DANIŞMANLIK TİCARET LİMİTED ŞİRKETİ,0.0021843376166828785,0.0,3,1,4,4,1.3862943611198906,1.3862943611198906,-6.1260520979275475
firm_disparity_a0.05,EKİN SOFTWARE TEKNOLOJİ SANAYİ VE TİCARET ANONİM ŞİRKETİ,0.0021843376166828785,0.0,2,1,6,6,1.791759469228055,1.791759469228055,-6.1260520979275475
firm_disparity_a0.05,SPECTRUM YAZILIM BİLİŞİM SANAYİ VE TİCARET LİMİTED ŞİRKETİ,0.0021843376166828785,0.0,2,4,2,4,0.6931471805599453,1.3862943611198906,-6.1260520979275475
firm_disparity_a0.05,BONİTA İNTERNET TEKNOLOJİ TİCARET LİMİTED ŞİRKETİ,0.0021843376166828785,0.0,2,6,3,11,1.0986122886681098,2.3978952727983707,-6.1260520979275475
firm_disparity_a0.05,N2MOBİL TAKİP SİSTEMLERİ ANONİM ŞİRKETİ,0.0021843376166828785,0.0,2,2,4,4,1.3862943611198906,1.3862943611198906,-6.1260520979275475
firm_disparity_a0.05,BİLGİPA BİLGİSAYAR PAZARLAMA ASANSÖR İNŞAAT MATBAACILIK YAYINCILIK KIRTASİYE SANAYİ TİCARET LİMİTED ŞİRKETİ,0.0021843376166828785,0.0,2,2,2,3,0.6931471805599453,1.0986122886681098,-6.1260520979275475
firm_disparity_a0.05,İŞLEM HARİTA MÜHENDİSLİK MÜŞ.DAN.VE.ARA.TİC.LTD.ŞTİ.,0.0021843376166828785,0.0,2,3,6,6,1.791759469228055,1.791759469228055,-6.1260520979275475
firm_disparity_a0.05,NEBULA MÜHENDİSLİK İNŞAAT HARİTA SANVE DIŞ TİC LTD Ş,0.0021843376166828785,0.0,2,1,2,2,0.6931471805599453,0.6931471805599453,-6.1260520979275475
firm_disparity_a0.05,FİDES TEKNOLOJİ VE GÜVENLİK SİS.TİC.LTD.ŞTİ.,0.0021843376166828785,0.0,2,1,6,8,1.791759469228055,2.0794415416798357,-6.1260520979275475
firm_disparity_a0.05,DİJİTAL DÜNYA İLETİŞİM BİLGİSAYAR İŞLEM MERKEZİ SES VE GÖRÜNTÜ SİSTEMLERİ ELEKTRİKLİ VE ELEKTRONİK CİHAZLAR SANAYİ VE TİCARET LİMİTED ŞİRKETİ,0.0021843376166828785,0.0,2,4,9,10,2.1972245773362196,2.302585092994046,-6.1260520979275475
firm_disparity_a0.05,MTA GÜVENLİK SİSTEMLERİ VE BİLİŞİM TEKNOLOJİLERİ TİCARET SANAYİ LİMİTED ŞİRKETİ,0.0021843376166828785,0.0,3,1,3,3,1.0986122886681098,1.0986122886681098,-6.1260520979275475
firm_disparity_a0.05,SAYSİS BİLGİSAYAR SİSTEMLERİ TİCARETLİMİTED ŞİRKETİ,0.0021843376166828785,0.4444444444444444,3,2,15,15,2.70805020110221,2.70805020110221,-6.1260520979275475
firm_disparity_a0.05,SÜRAT BİLİŞİM TEKNOLOJİLERİ SANAYİ TİCARET ANONİM ŞİRKETİ,0.0021843376166828785,0.0,3,6,6,8,1.791759469228055,2.0794415416798357,-6.1260520979275475
firm_disparity_a0.05,ODAKENT ALTYAPI VE ÇEVRE ÇÖZÜMLERİ MÜHENDİSLİK MÜŞAVİRLİK ARAŞTIRMA VE GELİŞTİRME TİC LİMİTED ŞİRKETİ,0.0021843376166828785,0.0,3,3,3,3,1.0986122886681098,1.0986122886681098,-6.1260520979275475
firm_disparity_a0.05,"ENTEGRES BİLİŞİM TEKNOLOJİLERİ LİMİTED ŞİRKETİ, NETRA TELEKOMÜNİKASY ON VE İLETİŞİM HİZ.S AN.TİC.LTD.ŞTİ.",0.0021843376166828785,0.0,2,2,2,2,0.6931471805599453,0.6931471805599453,-6.1260520979275475
firm_disparity_a0.05,FASTSOFT BİLİŞİM TEKNOLOJİ ANONİM ŞİRKETİ,0.0021843376166828785,0.0,2,1,9,10,2.1972245773362196,2.302585092994046,-6.1260520979275475
firm_disparity_a0.05,PİTON BİLGİSAYAR TEKEĞİTİM DANIŞMANLIK LTD.ŞTİ.,0.0021843376166828785,0.0,2,4,5,7,1.6094379124341003,1.9459101490553132,-6.1260520979275475
firm_disparity_a0.05,KOZHAN BİLİŞİM TEKNOLOJİLERİ SANAYİ VE TİCARET LİMİTED ŞİRKETİ,0.0021843376166828785,0.0,2,3,4,4,1.3862943611198906,1.3862943611198906,-6.1260520979275475
firm_disparity_a0.05,ADA MÜHENDİSLİK VE Y AZILIM HİZ.TİC.L TD.ŞTİ.,0.0021843376166828785,0.4444444444444444,3,6,10,10,2.302585092994046,2.302585092994046,-6.1260520979275475
firm_disparity_a0.05,PSEUDONYM_411,0.0021843376166828785,0.0,2,2,3,3,1.0986122886681098,1.0986122886681098,-6.1260520979275475
firm_disparity_a0.05,DDI TEKNOLOJİ VE BİL İŞİM ÇÖZÜMLERİ L TD.ŞTİ.,0.002184337616682878,0.0,2,1,3,3,1.0986122886681098,1.0986122886681098,-6.1260520979275475
firm_disparity_a0.05,DICIWALL DİJİTAL MEDYA ANONİM ŞİRKETİ,0.002179218075393778,0.0,4,1,3,3,1.0986122886681098,1.0986122886681098,-6.128397681489267
firm_disparity_a0.05,ATIKNAKİT GERİ DÖNÜŞÜM LİMİTED ŞİRKETİ,0.002179218075393778,0.0,4,4,8,9,2.0794415416798357,2.1972245773362196,-6.128397681489267
firm_disparity_a0.05,INNOVERA BİLİŞİM TEKNOLOJİLERİ ANONİM ŞİRKETİ,0.002115033611930281,0.625,4,5,9,9,2.1972245773362196,2.1972245773362196,-6.158281231060077
firm_disparity_a0.05,VERİFY VERİ İLETİŞİM İ.VE ENFORMASYON TEK.LTD.ŞTİ.,0.001853385231199295,0.31999999999999984,5,3,6,6,1.791759469228055,1.791759469228055,-6.290281185763367
firm_disparity_a0.05,PSEUDONYM_509,0.0017886366126749667,0.5,2,2,4,4,1.3862943611198906,1.3862943611198906,-6.325824688821167
firm_disparity_a0.05,HORİZON BİLGİ TEKNOLOJİLERİ TİC.LTD.ŞTİ,0.001718304942204855,0.0,3,2,3,3,1.0986122886681098,1.0986122886681098,-6.365920527097242
firm_disparity_a0.05,SOLUS BİLİŞİM TEKNOLOJİ TİCARET ANONİM ŞİRKETİ,0.0016636212816173114,0.56,5,5,8,13,2.0794415416798357,2.5649493574615367,-6.398245797852717
firm_disparity_a0.05,APAZ MEDİKAL ÜRÜN VE BİLİŞİM YAZILIM SANAYİ VE TİCARET ANONİM ŞİRKETİ,0.0016607809499702866,0.0,3,1,5,7,1.6094379124341003,1.9459101490553132,-6.399953698919641
firm_disparity_a0.05,KRİZMA BİLGİSAYAR YAZILIM SİSTEMLERİ SAN.LTD.ŞTİ.,0.0013754234255587902,0.0,2,2,3,4,1.0986122886681098,1.3862943611198906,-6.588373482329453
firm_disparity_a0.05,COMPRO BİLİŞİM TEKNOLOJİLERİ ANONİM ŞİRKETİ,0.0013243525734165922,0.4444444444444444,3,4,6,12,1.791759469228055,2.4849066497880004,-6.626187487987308
firm_disparity_a0.05,TRİO ENTEGRASYON BİLİŞİM TEKNOLOJİLERİ TİCARET ANONİM ŞİRKETİ.,0.0013172192103396165,0.375,4,5,10,12,2.302585092994046,2.4849066497880004,-6.631584861696219
firm_disparity_a0.05,ROBİT TEKNOLOJİ LİMİTED ŞİRKETİ,0.001307196781236189,0.4444444444444444,3,6,8,22,2.0794415416798357,3.091042453358316,-6.639217771237179
firm_disparity_a0.05,AXPART BİLİŞİM ANONİM ŞİRKETİ,0.001299701345703516,0.0,3,3,4,12,1.3862943611198906,2.4849066497880004,-6.6449644881168615
firm_disparity_a0.05,MEHAZ TEKNOLOJİ YAZILIM BİLİŞİM VE GIDA TİCARET LİMİTED ŞİRKETİ,0.001299701345703516,0.0,3,2,2,3,0.6931471805599453,1.0986122886681098,-6.6449644881168615
firm_disparity_a0.05,BULUT BİLİŞİM TEKNOLOJİLERİ LİMİTED ŞİRKETİ,0.0012869333339819186,0.0,2,2,2,3,0.6931471805599453,1.0986122886681098,-6.654830355351553
firm_disparity_a0.05,MAİNTY TEKNOLOJİ ANONİM ŞİRKETİ,0.001266665784623778,0.375,4,3,3,3,1.0986122886681098,1.0986122886681098,-6.670693799727917
firm_disparity_a0.05,GLOBAL FORTE BİLİŞİM TEKNOLOJİLERİ VE DANIŞMANLIK ANONİM ŞİRKETİ,0.001185788738587772,0.5,2,1,2,2,0.6931471805599453,0.6931471805599453,-6.736627813337298
firm_disparity_a0.05,BİLİŞİM BİLGİSAYAR ELEKTRONİK ENDÜSTRİ VE OFİS OTOMASYON SİSTEMLERİ SANAYİ TİCARET LİMİTED ŞİRKETİ,0.0011614019221249437,0.4444444444444444,3,2,3,7,1.0986122886681098,1.9459101490553132,-6.757393041385904
firm_disparity_a0.05,PSEUDONYM_456,0.0011118048335306602,0.5,2,3,4,4,1.3862943611198906,1.3862943611198906,-6.801003450278376
firm_disparity_a0.05,NODA BİLİŞİM TEKNOLOJİLERİ BİLGİSAYAR ULUSLARARASI İÇ VE DIŞ TİCARET LİMİTED ŞİRKETİ,0.0010904622945784057,0.0,4,3,9,10,2.1972245773362196,2.302585092994046,-6.82037138254823
firm_disparity_a0.05,VERİ KURTARMA HİZMETLERİ TİC LTD ŞTİ,0.0010904622945784057,0.0,4,3,3,6,1.0986122886681098,1.791759469228055,-6.82037138254823
firm_disparity_a0.05,BİLTAM MÜMESSİLLİK DIŞ TİC.VE SAN.A.Ş.,0.001021920037130627,0.375,4,3,4,5,1.3862943611198906,1.6094379124341003,-6.885237425552833
firm_disparity_a0.05,BETA BİLGİ TEKNOLOJİLERİ İNŞAAT SANAYİ VE TİCARET LİMİTED ŞİRKETİ,0.0010066034786783216,0.4444444444444444,3,3,3,4,1.0986122886681098,1.3862943611198906,-6.900326207437855
firm_disparity_a0.05,NETAŞ TELEKOMÜNİKASYON ANONİM ŞİRKETİ,0.0009585952197533815,0.2777777777777777,6,3,7,7,1.9459101490553132,1.9459101490553132,-6.949151942098078
firm_disparity_a0.05,MOBİLİZ BİLGİ VE İLE TİŞİM TEKNOLOJİL ERİ A.Ş.,0.000950348765038607,0.4444444444444444,3,1,5,5,1.6094379124341003,1.6094379124341003,-6.957784086938023
firm_disparity_a0.05,MEKANSAL PLANLAMA MİMARLIK MÜHENDİSLİK PROJE BİLİŞİM İNŞAAT TAAHHÜT SANAYİ VE TİCARET LİMİTED ŞİRKETİ,0.0009286355620727095,0.0,2,2,4,5,1.3862943611198906,1.6094379124341003,-6.980875779972246
firm_disparity_a0.05,TIPPLUS YAZILIM VE BİLİŞİM TEKNOLOJİLERİ ANONİM ŞİRKETİ,0.0009061432279166747,0.5,2,1,8,10,2.0794415416798357,2.302585092994046,-7.0053719834926
firm_disparity_a0.05,ORDİNATRUM BİLİŞİM TEKNOLOJİLERİ VE DANIŞMANLIK ANONİM ŞİRKETİ,0.0008883004699556479,0.4444444444444444,3,1,6,10,1.791759469228055,2.302585092994046,-7.02524041632282
firm_disparity_a0.05,KORUDATA YAZILIM VE BİLGİ TEKNOLOJİLERİ ANONİM ŞİRKETİ,0.0008781433182672701,0.0,3,3,4,5,1.3862943611198906,1.6094379124341003,-7.036729556590685
firm_disparity_a0.05,ENTEGRE ENFORMASYON SİSTEMLERİ EĞİTİM DANIŞMANLIK TİCARET ANONİM ŞİRKETİ,0.0008403472270886087,0.0,4,2,14,19,2.6390573296152584,2.9444389791664403,-7.080680538802888
firm_disparity_a0.05,BİLİŞİM SANAYİ VE TİCARET LTD.ŞTİ.,0.0007628267054276132,0.4444444444444444,3,3,6,9,1.791759469228055,2.1972245773362196,-7.177361754060961
firm_disparity_a0.05,MİMAR BİLGİ İLETİŞİMVE SAVUNMA TEKNOLOJİLERİ SAVE Tİ LTD ŞTİ,0.000759619765827049,0.625,4,3,6,6,1.791759469228055,1.791759469228055,-7.181569919992644
firm_disparity_a0.05,BELMAP YAZILIM MÜHENDİSLİK DANIŞMANLIK HİZMETLERİ TİC LTD ŞTİ.,0.0007355407625538692,0.5,2,3,8,9,2.0794415416798357,2.1972245773362196,-7.213745229991689
firm_disparity_a0.05,BARBAROS TEKNOLOJİ ORGANİZASYON İLETİŞİM SANAYİ VE TİCARET LİMİTED ŞİRKETİ,0.000701771649398742,0.0,2,5,5,7,1.6094379124341003,1.9459101490553132,-7.2606873700271946
firm_disparity_a0.05,İNFOPARK BİLGİ TEKNOLOJİLERİ SANAYİ VE TİCARET ANONİM ŞİRKETİ,0.0006861460740281196,0.0,4,5,14,22,2.6390573296152584,3.091042453358316,-7.283177239673059
firm_disparity_a0.05,BİLFO BİLGİSAYAR VE BİLİŞİM SİS.LTD. ŞTİ.,0.0006346932694906053,0.0,5,2,18,34,2.8903717578961645,3.5263605246161616,-7.361025257784718
firm_disparity_a0.05,MERGEN YAZILIM ANONİM ŞİRKETİ,0.0005048516278506149,0.5,2,3,18,25,2.8903717578961645,3.2188758248682006,-7.589557290577289
firm_disparity_a0.05,İSNET İSTANBUL NET TELEKOMÜNİKASYON ELEKTRONİK SERVİS HİZMETLERİ TİCARET VE SANAYİ ANONİM ŞİRKETİ,0.000498087422635924,0.0,4,2,3,3,1.0986122886681098,1.0986122886681098,-7.603023348001955
firm_disparity_a0.05,MATRİS BİLİŞİM TEKNOLOJİLERİ TİCARET ANONİM ŞİRKETİ,0.000498087422635924,0.0,4,2,2,2,0.6931471805599453,0.6931471805599453,-7.603023348001955
firm_disparity_a0.05,ORAN TEKNOLOJİ YAZILIM DANIŞMANLIK VE EĞİTİM LTD ŞTİ,0.00048166383421992866,0.375,4,4,4,6,1.3862943611198906,1.791759469228055,-7.636494215840669
firm_disparity_a0.05,ALTUS BİLİŞİM HİZMETLERİ ANONİM ŞİRKETİ,0.000480989376073983,0.0,3,2,4,8,1.3862943611198906,2.0794415416798357,-7.63789298486656
firm_disparity_a0.05,ERSEL İNŞAAT İMAR PLANLAMA MÜH.VE TİC.LTD.ŞTİ.,0.0004687598023627166,0.5,2,1,6,6,1.791759469228055,1.791759469228055,-7.663601480543546
firm_disparity_a0.05,ZEG TEKNOLOJİ BİLİŞİM SİSTEMLERİ YAZILIM DONANIM DANIŞMANLIK HİZMETLERİ ANONİM ŞİRKETİ,0.00039349526870020217,0.5,2,4,5,5,1.6094379124341003,1.6094379124341003,-7.838275456984323
firm_disparity_a0.05,INCOTECH ÇÖZÜM SİSTEMLERİ DIŞ TİCARET LİMİTED ŞİRKETİ,0.00039270518357709003,0.0,3,3,7,9,1.9459101490553132,2.1972245773362196,-7.840280986626744
firm_disparity_a0.05,PROTEZ SAĞLIK ÇÖZÜML ERİ BİLİŞİM İNŞAAT T ARIM SAN VE TİC A.Ş.,0.00039242319610200397,0.5,2,3,3,3,1.0986122886681098,1.0986122886681098,-7.8409977506887065
firm_disparity_a0.05,TURMAP BİLİŞİM TEKNO LOJİLERİ TİCARET LTD.ŞTİ.,0.00035543368548383495,0.0,3,2,6,6,1.791759469228055,1.791759469228055,-7.939774133890012
firm_disparity_a0.05,YORDAM BİLİŞİM TEKNOLOJİ DANIŞMANLIK EĞİTİM VE ELEKTRONİK SİSTEMLERİ SANAYİ TİCARET ANONİM ŞİRKETİ,0.00034410198859295785,0.4444444444444444,3,2,6,6,1.791759469228055,1.791759469228055,-7.972095872610097
firm_disparity_a0.05,ŞAMPİYON SOSYAL HİZMETLER ÇEVRE TEMİZLİK DAĞITIM GIDA TİCARET LİMİTED ŞİRKETİ,0.0003123288993355037,0.0,3,3,4,4,1.3862943611198906,1.3862943611198906,-8.068725567957783
firm_disparity_a0.05,DELTOİD ELEKTRONİK SİSTEMLERİ TEKNOLOJİ VE İNŞAAT SANAYİ TİCARET LİMİTED ŞİRKETİ,0.0003114912935473022,0.0,3,2,2,2,0.6931471805599453,0.6931471805599453,-8.071403651179237
firm_disparity_a0.05,ESRİ BİLGİ SİSTEMLERİ MÜHENDİSLİK VE EĞİTİM LİMİTED ŞİRKETİ,0.0002732190097162195,0.0,2,1,4,4,1.3862943611198906,1.3862943611198906,-8.202118739644186
firm_disparity_a0.05,GGS BİLİŞİM TEKNOLOJİLERİ SANAYİ TİCARET ANONİM ŞİRKETİ,0.00026131815314494027,0.5,2,1,2,2,0.6931471805599453,0.6931471805599453,-8.246512031380535
firm_disparity_a0.05,TEKNOTEK TEKNOLOJİ SANAYİ TİCARET LİMİTED ŞİRKETİ,0.00022302555761769582,0.0,2,3,3,3,1.0986122886681098,1.0986122886681098,-8.404405659206107
firm_disparity_a0.05,ATOS BİLİŞİM DANIŞMANLIK VE MÜŞTERİ HİZMETLERİ SANAYİ VE TİCARET ANONİM ŞİRKETİ,0.00020343417056671565,0.4444444444444444,3,1,3,3,1.0986122886681098,1.0986122886681098,-8.495982597690569
firm_disparity_a0.05,SALDEM BİLİŞİM TEKNOLOJİLERİ ENERJİ İNŞAAT YAZILIM TELEKOMİNİKASYON OTOMOTİV TURİZM GIDA TAAHHÜT SANAYİ TİCARET İTHALAT VE İHRACAT LİMİTED ŞİRKETİ,0.0001408276196178511,0.0,4,4,4,4,1.3862943611198906,1.3862943611198906,-8.861933378036728
firm_disparity_a0.05,ALGAN YAZILIM VE BİLİŞİM MAKİNA ELEKTRONİK HAYVANCILIK TİCARET LİMİTED ŞİRKETİ,0.00013051038034399525,0.0,2,2,3,3,1.0986122886681098,1.0986122886681098,-8.93754122365512
firm_disparity_a0.05,MOZAİK YAZILIM VE BİLİŞİM SİSTEMLERİ SAN VE TİC. LTD. ŞTİ.,0.00012250026817816272,0.0,2,4,6,7,1.791759469228055,1.9459101490553132,-9.000456137694126
firm_disparity_a0.05,KRESİS KURUMSAL BİLİŞİM HİZMETLERİ SANAYİ VE TİCARET LİMİTED ŞİRKETİ,0.0001152093790193417,0.5,2,2,2,2,0.6931471805599453,0.6931471805599453,-9.061380547923799
firm_disparity_a0.05,BİLBEST BİLİŞİM SAĞ.EĞİT.DIŞ TİC.VESAN.LTD.ŞTİ.,9.42413932798229e-05,0.0,2,1,11,29,2.3978952727983707,3.367295829986474,-9.260637844870798
firm_disparity_a0.05,EGESOFT BİLGİ TEKNOLOJİ SAN.TİC.LTD.ŞTİ.,7.767013537275461e-05,0.0,3,2,22,28,3.091042453358316,3.332204510175204,-9.45211398706599
firm_disparity_a0.05,GES BİLİŞİM TEKNOLOJİLERİ VE DANIŞMANLIK İÇ VE DIŞ TİCARET LİMİTED ŞİRKETİ,5.865709649050666e-05,0.0,3,4,6,6,1.791759469228055,1.791759469228055,-9.729360254297527
firm_disparity_a0.05,MDS AP TECH YAZILIM ÜRÜNLERİ VE BİLİŞİM HİZMETLERİ TİCARET LİMİTED ŞİRKETİ,4.6474435526922546e-05,0.0,3,3,7,8,1.9459101490553132,2.0794415416798357,-9.958414970602556
firm_disparity_a0.05,JFORCE BİLİŞİM TEKNOLOJİLERİ ANONİMŞİRKETİ,3.37485874781733e-05,0.0,3,4,7,12,1.9459101490553132,2.4849066497880004,-10.271603572127912
firm_disparity_a0.05,ASELSAN ELEKTRONİK SANAYİ VE TİC.A.Ş.,3.071724773460298e-05,0.0,3,1,3,4,1.0986122886681098,1.3862943611198906,-10.363287271482848
firm_disparity_a0.05,DOĞUMAK BÜRO SİSTEMLERİ İNŞAAT TİCARET VE SANAYİ LİMİTED ŞİRKETİ,3.071724773460298e-05,0.0,2,2,4,4,1.3862943611198906,1.3862943611198906,-10.363287271482848
firm_disparity_a0.05,DİGİTOLİA DİJİTAL ANADOLU TEKNOLOJİ SANAYİ VE TİCARET LİMİTED ŞİRKETİ,3.071724773460298e-05,0.0,3,3,9,9,2.1972245773362196,2.1972245773362196,-10.363287271482848
firm_disparity_a0.05,SİSTAŞ SAYISAL İLETİŞİM SAN TİC A.Ş.,2.0478165156401985e-05,0.0,4,3,5,6,1.6094379124341003,1.791759469228055,-10.755329359258871
firm_disparity_a0.05,PARABOL YAZILIM ELEKTRONİK DANIŞMANLIK EĞİTİM SANAYİ VE TİCARET LİMİTED ŞİRKETİ,1.0239082578200993e-05,0.0,3,3,5,9,1.6094379124341003,2.1972245773362196,-11.409255826665536
firm_disparity_a0.05,SİMURG AJANS BİLİŞİM ARAŞTIRMA SANAYİ TİCARET LİMİTED ŞİRKETİ,1.0239082578200993e-05,0.0,3,3,4,5,1.3862943611198906,1.6094379124341003,-11.409255826665536
firm_disparity_a0.05,KOÇ BİLGİ VE SAVUNMA TEKNOLOJİLERİ ANONİM ŞİRKETİ,4.209400615482631e-06,0.0,3,4,3,5,1.0986122886681098,1.6094379124341003,-12.193619015497143
firm_disparity_a0.05,İSTANBUL DİJİTAL MEDYA TİCARET ANONİM ŞİRKETİ,3.4130275260669976e-06,0.0,2,3,3,3,1.0986122886681098,1.0986122886681098,-12.364767271692973
firm_disparity_a0.05,TEKNOMAK2000 ELEKTRONİK OFİS MALZ.SAN.VE TİC.LTD.ŞTİ,3.4130275260669976e-06,0.0,2,2,3,7,1.0986122886681098,1.9459101490553132,-12.364767271692973
firm_disparity_a0.05,PRIMEIT BİLİŞİM VE YAZILIM HİZMETLERİ ANONİM ŞİRKETİ,3.4130275260669976e-06,0.0,2,3,4,4,1.3862943611198906,1.3862943611198906,-12.364767271692973
firm_disparity_a0.05,OTEK YAZILIM BİLİŞİM ÇÖZÜMLERİ ANONİM ŞİRKETİ,3.4130275260669976e-06,0.0,2,2,3,3,1.0986122886681098,1.0986122886681098,-12.364767271692973
firm_disparity_a0.05,PRODES GRUP BİLGİSAYAR YAZILIM BİLİŞİM İNŞAAT HİZMETLERİ OTOMOTİV SANAYİ VE TİCARET ANONİM ŞİRKETİ,3.4130275260669976e-06,0.0,2,2,4,5,1.3862943611198906,1.6094379124341003,-12.364767271692973
firm_disparity_a0.05,YALÇINLAR ELEKTRONİK SANAYİ VE TİC.LT D.ŞTİ.,3.4130275260669976e-06,0.0,2,2,4,4,1.3862943611198906,1.3862943611198906,-12.364767271692973
firm_disparity_a0.05,ANKA COĞRAFİ BİLGİ T EKNOLOJİLERİ SANAYİ TİC.LTD.ŞTİ.,3.4130275260669976e-06,0.0,2,2,6,6,1.791759469228055,1.791759469228055,-12.364767271692973
firm_disparity_a0.05,MEBA ELEKTRONİK İLETİŞİM SİSTEMLERİTİC.LTD.ŞTİ.,3.4130275260669976e-06,0.0,2,2,2,2,0.6931471805599453,0.6931471805599453,-12.364767271692973
firm_disparity_a0.05,MAKBİM BİLGİSAYAR ELEKTRONİK TEMİZLİK İNŞAAT TURİZM VE NAKLİYAT SANAYİ VE TİCARET LİMİTED ŞİRKETİ,3.4130275260669976e-06,0.0,2,2,2,2,0.6931471805599453,0.6931471805599453,-12.364767271692973
firm_disparity_a0.05,BOĞAZİÇİ HİZMET GRUP İNŞ.MÜH.EĞİT.DANIŞ.T EM.TAAH.VE TİC.LT.ŞT,3.4130275260669976e-06,0.0,2,1,2,3,0.6931471805599453,1.0986122886681098,-12.364767271692973
firm_disparity_a0.05,E-KALİTE YAZILIM DONANIM MÜHENDİSLİK TASARIM VE İNTERNET HİZMETLERİ SANAYİ TİCARET LİMİTED ŞİRKETİ,1.7065137630334988e-06,0.0,3,2,3,3,1.0986122886681098,1.0986122886681098,-12.875592895458963
firm_disparity_a0.05,METSİS BİLİŞİM SANAYİ VE TİCARET LİMİTED ŞİRKETİ,1.7065137630334988e-06,0.0,3,1,2,2,0.6931471805599453,0.6931471805599453,-12.875592895458963
firm_disparity_a0.05,ASA BİLGİ VE GÜVENLİK SİSTEMLERİ ELEKTRİK ELEKTRONİK İNŞAAT İNSAN KAYNAKLARI GIDA SANAYİ VE TİCARET LİMİTED ŞİRKETİ,0.0,0.0,1,1,1,1,0.0,0.0,-13.974205184127072
firm_disparity_a0.05,AS&amp;G MÜH.MİM.İNŞ.TAH DAN.MED.ÖZ.SAĞ.H.MOB Ö.EĞ.RH.ET.H.TŞ.LT.Ş,0.0,0.0,1,1,1,1,0.0,0.0,-13.974205184127072
firm_disparity_a0.05,AS MÜHENDİSLİK MEDİKAL ÖZEL SAĞLIK VE ERİŞİM HİZMETLERİ İNŞAAT SANAYİ VE TİCARET LİMİTED ŞİRKETİ,0.0,0.0,1,1,1,1,0.0,0.0,-13.974205184127072
firm_disparity_a0.05,KR OTOMASYON VE ENDÜSTRİYEL BİL.HİZMETLESAN VE TİC.LTD.ŞTİ.,0.0,0.0,1,1,1,1,0.0,0.0,-13.974205184127072
firm_disparity_a0.05,AYRO TEKNOLOJİ YAZIL IM DANIŞMANLIK VE EĞ İT.TİC.LTD.ŞTİ.,0.0,0.0,1,2,2,2,0.6931471805599453,0.6931471805599453,-13.974205184127072
firm_disparity_a0.05,AYDIN GÜVENLİK SİSTEMLERİ TELEKOMÜNİKASYON İNŞAAT TAAHHÜT SERVİS HİZMETLERİ TİC.LTD.ŞTİ.,0.0,0.0,1,1,2,2,0.6931471805599453,0.6931471805599453,-13.974205184127072
firm_disparity_a0.05,AYDIN ARAS ELEKT.SAN VE TİC.LTD.ŞTİ.,0.0,0.0,1,1,2,2,0.6931471805599453,0.6931471805599453,-13.974205184127072
firm_disparity_a0.05,AYATEK TEKNOLOJİ YAZILIM BİLGİS.ELK.TELKİNŞ.SAN.VE TİC.LTD.Ş,0.0,0.0,1,1,1,1,0.0,0.0,-13.974205184127072
firm_disparity_a0.05,AY ELEKTRONİK BİLGİS AYAR VE MÜH.HİZ. TİC.LTD.ŞTİ.,0.0,0.0,1,2,9,17,2.1972245773362196,2.833213344056216,-13.974205184127072
firm_disparity_a0.05,AVKOM TEKNOLOJİ BİLG İSAYAR VE ELEKT.SİST SAN.VE TİC.A.Ş.,0.0,0.0,1,2,2,2,0.6931471805599453,0.6931471805599453,-13.974205184127072
firm_disparity_a0.05,ATILGAN SİNYALİZASYON ELEKTR.ELEKTRO.İNŞ.İTH.İHR.SAN.VE TİC.LTD.ŞTİ,0.0,0.0,1,1,1,1,0.0,0.0,-13.974205184127072
firm_disparity_a0.05,MYSİS BİLGİ TEKNOLOJİLERİ SAN.VE DIŞ TİC. LTD.ŞTİ.,0.0,0.0,2,1,1,1,0.0,0.0,-13.974205184127072
firm_disparity_a0.05,LACİTEK BİLİŞİM ANONİM ŞİRKETİ,0.0,0.0,2,2,2,2,0.6931471805599453,0.6931471805599453,-13.974205184127072
firm_disparity_a0.05,AÇILIM OTOMASYON YAZILIM DONANIM BİLGİSAYAR İNTERNET HİZMETLERİ TURİZM TEMİZLİK VE MALZEMELERİ YEMEKÇİLİK İNŞAAT TAAHHÜT GIDA TIBBİ MALZEMELER VE ÜRÜNLERİ KIRTASİYE RESTORAN İTHALAT İHRACAT VE TİCARET PAZARLAMA LİMİTED ŞİRKETİ,0.0,0.0,1,2,3,3,1.0986122886681098,1.0986122886681098,-13.974205184127072
firm_disparity_a0.05,BEY BİLGİSAYAR ELEKTRONİK YAZILIM İLETİŞİM SİSTEMLERİ KIRTASİYE İNŞAAT SANAYİ VE TİCARET LİMİTED ŞİRKETİ,0.0,0.0,2,1,1,1,0.0,0.0,-13.974205184127072
firm_disparity_a0.05,AYS ELEKTRONİK BELGE YÖNETİM SİSTEMLERİ TİCARET LİMİTED ŞİRKETİ,0.0,0.0,2,1,2,2,0.6931471805599453,0.6931471805599453,-13.974205184127072
firm_disparity_a0.05,SADTEK ELEKTRONİK SA NAYİ VE TİCARET LİMİ TED ŞİRKETİ,0.0,0.0,1,1,1,1,0.0,0.0,-13.974205184127072
firm_disparity_a0.05,ANTE GRUP ELEKTRİK ELEKTRONİK BİLİŞİM İNŞAAT DANIŞMANLIK SANAYİ VE TİCARET LİMİTED ŞİRKETİ.,0.0,0.0,1,2,2,2,0.6931471805599453,0.6931471805599453,-13.974205184127072
firm_disparity_a0.05,ANTASYA YAZILIM BİLGİSAYAR VE ELEKRONİK SİSTEMLERİ İLETİŞİM ENERJİ İNŞAAT MEDİKAL TİCARET LTD ŞTİ,0.0,0.0,1,1,1,1,0.0,0.0,-13.974205184127072
firm_disparity_a0.05,ANLAŞ OTOMASYON BİLGİSAYAR MÜHENDİSLİK SANAYİ VE TİCARET LİMİTED ŞİRKETİ,0.0,0.0,1,1,1,1,0.0,0.0,-13.974205184127072
firm_disparity_a0.05,ANKAREF BİLİŞİM TEKN OLOJİLERİ MÜH İM SAN TİC LTD ŞTİ,0.0,0.0,1,4,9,12,2.1972245773362196,2.4849066497880004,-13.974205184127072
firm_disparity_a0.05,ANKARA EGS ELEKTRİK ELEKTRONİK MİMARLIK MÜHENDİSLİK İNŞAAT SANAYİ VE TİCARET LİMİTED ŞİRKETİ,0.0,0.0,1,1,1,1,0.0,0.0,-13.974205184127072
firm_disparity_a0.05,ANKARA DESTEK SOSYAL HİZMETLER SANAYİ VE TİCARET LİMİTED ŞİRKETİ,0.0,0.0,1,1,1,1,0.0,0.0,-13.974205184127072
firm_disparity_a0.05,UNİCON KALİTE ENFORMASYON SİS.DANIŞMANLIK TAAHHÜT TİCARET LİMİTED ŞİRKETİ,0.0,0.0,1,1,1,1,0.0,0.0,-13.974205184127072
firm_disparity_a0.05,ANKARA BİLGİ TEKNOLOJİLERİ REKLAMCILTRZ.SA.VE Tİ.LTD,0.0,0.0,1,3,5,5,1.6094379124341003,1.6094379124341003,-13.974205184127072
firm_disparity_a0.05,İNFO KENT ANALİZ BİLGİ Sİ.Bİ.YA.EN.TU.MAİN.SAN.VE TİC.LTD.ŞT,0.0,0.0,1,1,3,3,1.0986122886681098,1.0986122886681098,-13.974205184127072
firm_disparity_a0.05,MACELLAN BİLİŞİM DANIŞMANLIK TİCARET LİMİTED ŞİRKETİ,0.0,0.0,1,2,5,6,1.6094379124341003,1.791759469228055,-13.974205184127072
firm_disparity_a0.05,BAYLAN OTOMASYON SİSTEMLERİ BİLİŞİM MOBİL SANAYİ TİCARET LİMİTED ŞİRKETİ,0.0,0.0,2,1,2,2,0.6931471805599453,0.6931471805599453,-13.974205184127072
firm_disparity_a0.05,SOİTRON SİBER GÜVENLİK SERVİSLERİ ANONİM ŞİRKETİ,0.0,0.0,1,1,2,2,0.6931471805599453,0.6931471805599453,-13.974205184127072
firm_disparity_a0.05,MAY SİBER TEKNOLOJİ BİLİŞİM BİLGİSAYAR EĞİTİM DANIŞMANLIK YAZILIM TİCARET SANAYİ ANONİM ŞİRKETİ,0.0,0.0,3,2,2,2,0.6931471805599453,0.6931471805599453,-13.974205184127072
firm_disparity_a0.05,BARİKATSİSTEM BİLİŞİM TEKNOLOJİLERİ TİCARET ANONİM ŞİRKETİ,0.0,0.5,2,3,3,3,1.0986122886681098,1.0986122886681098,-13.974205184127072
firm_disparity_a0.05,TOKAT YAPAR HARİTA MİM.MÜH.İNŞ.TAAH.SAN.TİC.LTD.ŞTİ.,0.0,0.0,2,1,1,1,0.0,0.0,-13.974205184127072
firm_disparity_a0.05,GÜLÜMSER ELEKTRİK ELEKTRONİK GÜVENLİK SİSTEMLERİ BİLGİSAYAR İNŞAAT DANIŞMANLIK TEKNİK HİZMETLER TAAHHÜT TİCARET LTD.ŞTİ.,0.0,0.0,1,1,5,5,1.6094379124341003,1.6094379124341003,-13.974205184127072
firm_disparity_a0.05,ELEKTROVİSİON GÜVENLİK OTOMASYON SİSTEMLERİ ELEKTRİK TELEKOMÜNİKASYON İNŞAAT SANAYİ VE TİCARET LİMİTED ŞİRKETİ,0.0,0.0,1,1,2,4,0.6931471805599453,1.3862943611198906,-13.974205184127072
firm_disparity_a0.05,BARIŞ SAĞL.TEM.DAĞ.HİZ.BİL. İŞL.OTO.S.İÇ.DŞ TC.LTD.Ş,0.0,0.0,1,1,1,1,0.0,0.0,-13.974205184127072
firm_disparity_a0.05,VELORA TEKNOLOJİ VE BİLİŞİM LİMİTED ŞİRKETİ,0.0,0.0,1,1,1,1,0.0,0.0,-13.974205184127072
firm_disparity_a0.05,BES TEKNOLOJİ ELEKTRİK ELEKTRONİK GÜVENLİK SİSTEMLERİ SAN.VE TİC.LTD.ŞTİ.,0.0,0.0,3,1,2,9,0.6931471805599453,2.1972245773362196,-13.974205184127072
firm_disparity_a0.05,BERA ARGE YAZILIM VE DANIŞMANLIK HİZMETLERİ SANAYİ VE TİCARET LİMİTED ŞİRKETİ,0.0,0.0,1,1,1,1,0.0,0.0,-13.974205184127072
firm_disparity_a0.05,PSEUDONYM_457,0.0,0.0,1,2,1,2,0.0,0.6931471805599453,-13.974205184127072
firm_disparity_a0.05,EMSA GRUP DEMİR ÇELİ K İNŞ.MAK.VE MAD.SAN TİC.LTD.ŞTİ.,0.0,0.0,1,1,1,1,0.0,0.0,-13.974205184127072
firm_disparity_a0.05,DURU BİLİŞİM TEKNOLOJİLERİ İLETİŞİM YAYINCILIK EĞİTİM İNŞAAT EMLAK ELEKTRONİK İTHALAT İHRACAT İÇ VE DIŞ TİCARET LİMİTED ŞİRKETİ,0.0,0.0,1,2,3,3,1.0986122886681098,1.0986122886681098,-13.974205184127072
firm_disparity_a0.05,BELSOFT BİLİŞİM SİSTEMLERİ SANAYİ VE TİCARET LİMİTED ŞİRKETİ,0.0,0.0,1,6,16,18,2.772588722239781,2.8903717578961645,-13.974205184127072
firm_disparity_a0.05,BELBİM İSTANBUL BELEDİYELERİ BİLGİ İŞLEM ENERJİ SANAYİ VE TİCARET ANONİM ŞİRKETİ,0.0,0.0,1,2,3,4,1.0986122886681098,1.3862943611198906,-13.974205184127072
firm_disparity_a0.05,EYÖNTEM EĞİTİM VE DANIŞMANLIK ANONİM ŞİRKETİ,0.0,0.0,1,2,3,3,1.0986122886681098,1.0986122886681098,-13.974205184127072
firm_disparity_a0.05,BEKAD BİLİŞİM EĞİTİM KÜLTÜR ARAŞTIRMA DERNEĞİ-İKTİSADİ İŞLETMESİ,0.0,0.0,1,1,2,2,0.6931471805599453,0.6931471805599453,-13.974205184127072
firm_disparity_a0.05,MC TEK BİLGİSAYAR MÜHENDİSLİK ARAŞTIRMA GELİŞTİRME PROJE DANIŞMANLIK HİZMETLERİ TELEKOMÜNİKASYON VE ÜRETİM PAZARLAMA İÇ VE DIŞ TİCARET LİMİTED ŞİRKETİ,0.0,0.0,1,3,4,6,1.3862943611198906,1.791759469228055,-13.974205184127072
firm_disparity_a0.05,BAŞAR BİLGİSAYAR SİSTEMLERİ VE İLETİŞİM TEKNOLOJİLERİ SANAYİ VE TİCARET LTD ŞTİ,0.0,0.0,1,2,3,3,1.0986122886681098,1.0986122886681098,-13.974205184127072
firm_disparity_a0.05,ALTUS YAZILIM DESTEK VE DANIŞMANLIK HİZME LTD ŞTİ,0.0,0.0,1,1,1,2,0.0,0.6931471805599453,-13.974205184127072
firm_disparity_a0.05,SEREL BİLGİ İŞLEM MALZEMELERİ SANAYİVE TİC.LTD.ŞTİ.,0.0,0.0,1,1,3,3,1.0986122886681098,1.0986122886681098,-13.974205184127072
firm_disparity_a0.05,PSEUDONYM_072,0.0,0.0,1,1,2,2,0.6931471805599453,0.6931471805599453,-13.974205184127072
firm_disparity_a0.05,BEYKOZ GALERİ OTOMOTİV İNŞAAT TAAHHÜT İTHALAT İHRACAT SANAYİ VE TİCARET LİMİTED ŞİRKETİ,0.0,0.0,1,1,1,1,0.0,0.0,-13.974205184127072
firm_disparity_a0.05,PSEUDONYM_377,0.0,0.0,1,1,1,2,0.0,0.6931471805599453,-13.974205184127072
firm_disparity_a0.05,LİVATECH BİLİŞİM TEKNOLOJİLERİ VE DANIŞMANLIK LİMİTED ŞİRKETİ,0.0,0.0,2,2,4,5,1.3862943611198906,1.6094379124341003,-13.974205184127072
firm_disparity_a0.05,DABNET BİLİŞİM TEKNOLOJİLERİ VE HİZMETLERİ LİMİTED ŞİRKETİ,0.0,0.0,1,1,2,2,0.6931471805599453,0.6931471805599453,-13.974205184127072
firm_disparity_a0.05,BEYAZ BİLGİSAYAR YAZILIM MÜH.SAN.VETİC.LTD.ŞTİ.,0.0,0.0,1,2,3,3,1.0986122886681098,1.0986122886681098,-13.974205184127072
firm_disparity_a0.05,NORMATÜRK ULUSLARARASI NORMALİZASYON VEBELGELENDİRME LTD ŞT,0.0,0.0,2,1,3,3,1.0986122886681098,1.0986122886681098,-13.974205184127072
firm_disparity_a0.05,MOREUM BİLİŞİM TEKNOLOJİLERİ A.Ş.,0.0,0.0,1,1,3,4,1.0986122886681098,1.3862943611198906,-13.974205184127072
firm_disparity_a0.05,OFİS MARMARA BÜRO MAKİNELERİ SANAYİ TİCARET LİMİTED ŞİRKETİ,0.0,0.0,1,1,2,3,0.6931471805599453,1.0986122886681098,-13.974205184127072
firm_disparity_a0.05,BODÜSAN MOBİLYA DEKORASYON İNŞAAT NAKLİYE TURİZM KIRTASİYE İTHALAT İHRACAT TİCARET LİMİTED ŞİRKETİ,0.0,0.0,1,1,1,1,0.0,0.0,-13.974205184127072
firm_disparity_a0.05,BNTPRO BİLGİ VE İLETİŞİM HİZMETLERİ ANONİM ŞİRKETİ,0.0,0.0,2,3,4,4,1.3862943611198906,1.3862943611198906,-13.974205184127072
firm_disparity_a0.05,BNK TEKNOLOJİ VE BİLİŞİM SİSTEMLERİ TİCARET LTD.ŞTİ,0.0,0.0,1,1,1,1,0.0,0.0,-13.974205184127072
firm_disparity_a0.05,BMM MEDİKAL TURİZM TEMİZLİK İNŞAAT GIDA HAYVANCILIK SOSYAL HİZMETLER SANAYİ VE TİCARET LİMİTED ŞİRKETİ,0.0,0.0,1,1,1,1,0.0,0.0,-13.974205184127072
firm_disparity_a0.05,TROİS YAZILIM VE MÜHENDİSLİK LİMİTED ŞİRKETİ,0.0,0.0,1,1,1,1,0.0,0.0,-13.974205184127072
firm_disparity_a0.05,ANKA BİLİŞİM VE DANIŞMANLIK HİZT.SANTİC.LTD.ŞTİ.,0.0,0.0,1,2,2,2,0.6931471805599453,0.6931471805599453,-13.974205184127072
firm_disparity_a0.05,ANKA AKTİF BİLGİS.EL K.ELEKT.YAZ.KR.İNŞ.D T.M.T.M.İ.İ.D.TT.L.,0.0,0.0,1,1,1,1,0.0,0.0,-13.974205184127072
firm_disparity_a0.05,PSEUDONYM_357,0.0,0.0,1,1,1,1,0.0,0.0,-13.974205184127072
firm_disparity_a0.05,ANALİTİK BİLİŞİM YAZILIM DANIŞMANLIK EĞİTİM HİZMETLERİ TİCARET LİMİTED ŞİRKETİ.,0.0,0.0,1,1,2,2,0.6931471805599453,0.6931471805599453,-13.974205184127072
firm_disparity_a0.05,BEYAZ BİLGİSAYAR YAZ ILIM TASARIM SAN .VE TİC.LTD.ŞTİ.,0.0,0.0,2,2,6,7,1.791759469228055,1.9459101490553132,-13.974205184127072
firm_disparity_a0.05,ANADEĞER KENT EKİPMANLARI İLAÇLAMA BİLİŞİM HİZMETLERİ TEMİZLİK VE İNŞAAT SANAYİ TİCARET LİMİTED ŞİRKETİ,0.0,0.0,2,1,1,1,0.0,0.0,-13.974205184127072
firm_disparity_a0.05,ALYAMİN ENERJİ BİLİŞİM SİSTEMLERİ TAAHHÜT SANAYİ VE DIŞ TİCARET LİMİTED ŞİRKETİ,0.0,0.0,1,1,2,4,0.6931471805599453,1.3862943611198906,-13.974205184127072
firm_disparity_a0.05,ALTİVA YAZILIM VE BİLGİ SİSTEMLERİ ELEKTRONİK TIBBİ MALZEME TURİZM İNŞAAT MAKİNA BANAYİ TİCARET LİMİTED ŞIRKETİ,0.0,0.0,1,1,8,8,2.0794415416798357,2.0794415416798357,-13.974205184127072
firm_disparity_a0.05,WALNUT LAB TEKNOLOJİ VE DİJİTAL ÇÖZÜMLER ANONİM ŞİRKETİ,0.0,0.0,1,1,1,1,0.0,0.0,-13.974205184127072
firm_disparity_a0.05,UZMAN BİLİŞİM DANIŞMANLIK ANONİM ŞİRKETİ,0.0,0.0,2,2,5,8,1.6094379124341003,2.0794415416798357,-13.974205184127072
firm_disparity_a0.05,PROBİLİŞİM BİLGİSAYAR VE İLETİŞİM SİST.TİC. LTD. ŞTİ.,0.0,0.0,2,4,3,4,1.0986122886681098,1.3862943611198906,-13.974205184127072
firm_disparity_a0.05,BTECH SAVUNMA HAVACILIK MEDİKAL VE İLERİ TEKNOLOJİLER SANAYİ TİCARET ANONİM ŞİRKETİ,0.0,0.0,1,1,2,2,0.6931471805599453,0.6931471805599453,-13.974205184127072
firm_disparity_a0.05,BSD BİLGİSAYAR SAN.V E TİC.LTD.ŞTİ.,0.0,0.0,1,3,3,3,1.0986122886681098,1.0986122886681098,-13.974205184127072
firm_disparity_a0.05,BRONTO BİLİŞİM İLETİŞİM DANIŞMANLIK SANAYİ VE TİCARET LİMİTED ŞİRKETİ,0.0,0.0,1,2,2,2,0.6931471805599453,0.6931471805599453,-13.974205184127072
firm_disparity_a0.05,BG-TEK BİLİŞİM GÜVENLİK TEKNOLOJİLERİ ULUSLAR ARASI EĞİTİM DANIŞMANLIĞI BİLGİSAYAR ELEKTRONİK GÜVENLİK SİSTEMLERİ İTHALAT İHRACAT SANAYİ VE TİCARET LİMİTED ŞİRKETİ,0.0,0.0,1,1,2,2,0.6931471805599453,0.6931471805599453,-13.974205184127072
firm_disparity_a0.05,ATOS BİLİŞİM VE DANIŞMANLIK ANONİM ŞİRKETİ,0.0,0.0,1,3,2,3,0.6931471805599453,1.0986122886681098,-13.974205184127072
firm_disparity_a0.05,ALTERNATİF BİLGİSAYAR YAZILIM YATIRIM VE YÖNETİM DANIŞMANLIĞI HİZMETLERİ LİMİTED ŞİRKETİ,0.0,0.0,1,1,1,1,0.0,0.0,-13.974205184127072
firm_disparity_a0.05,SUTED BİLİŞİM TEKNOLOJİLERİ YAZILIM DANIŞMANLIK HİZMETLERİ SANAYİ VE TİCARET LİMİTED ŞİRKETİ,0.0,0.0,2,2,5,6,1.6094379124341003,1.791759469228055,-13.974205184127072
firm_disparity_a0.05,MERSİN BÜYÜKŞEHİR İMAR İNŞAAT ELEKTRİK ÜRETİM ÖZEL GÜVENLİK HİZMETLERİ SANAYİ VE TİCARET ANONİM ŞİRKETİ,0.0,0.0,2,4,2,4,0.6931471805599453,1.3862943611198906,-13.974205184127072
firm_disparity_a0.05,GOLİVE BİLİŞİM HİZMETLERİ SANAYİ VE TİCARET LİMİTED ŞİRKETİ,0.0,0.0,2,1,1,1,0.0,0.0,-13.974205184127072
firm_disparity_a0.05,ALPDATA BİLGİSAYAR YAZILIM DONA.SİS.VE MED.PAZ.VE TİC.LTD.ŞT,0.0,0.0,1,3,11,14,2.3978952727983707,2.6390573296152584,-13.974205184127072
firm_disparity_a0.05,BRAIN BİLGİ TEKNOLOJİLERİ ANONİM ŞİRKETİ,0.0,0.0,1,2,2,2,0.6931471805599453,0.6931471805599453,-13.974205184127072
firm_disparity_a0.05,"BOĞAZİÇİ HİZMET GRUPİNŞ.MÜH.EĞİT.DANIŞ.TEM.TAAH.VE TİC.LT.ŞT, ASAL BİLİM KÜLTÜR SANAT SPOR SAĞLIK VE REHABİLİTASYON MERK.ORG.LTD.ŞTİ. İş Ortaklığı",0.0,0.0,1,1,1,1,0.0,0.0,-13.974205184127072
firm_disparity_a0.05,"BOĞAZİÇİ HİZMET GRUPİNŞ.MÜH.EĞİT.DANIŞ.TEM.TAAH.VE TİC.LT.ŞT, AKSİYONER BİLGİ YÖNETİMİ YAZIMIL SİSTEM ORG.EĞİTİM VE DANIŞMANLIK SANAYİ TİCARET LTD ŞTİ Ortak Girişimi",0.0,0.0,1,1,1,1,0.0,0.0,-13.974205184127072
firm_disparity_a0.05,ALANGOYA BİLGİ TEKNOLOJİLERİ YAZILIM BİLGİSAYAR EĞİTİM DANIŞMANLIK HİZMETLERİ SANAYİ VE TİCARET LİMİTED ŞİRKETİ,0.0,0.0,2,2,2,2,0.6931471805599453,0.6931471805599453,-13.974205184127072
firm_disparity_a0.05,HİV-VA PEYZAJ UYGULAMA TASARIM İNŞAAT NAKLİYAT ÖZEL EĞİTİM VE SOSYAL HİZMETLER TEMİZLİK SANAYİ TİCARET LİMİTED ŞİRKETİ,0.0,0.0,2,1,1,1,0.0,0.0,-13.974205184127072
firm_disparity_a0.05,GÜLTAŞ YAZILIM HARİTA SANAYİ TİCARET LİMİTED ŞİRKETİ,0.0,0.0,1,3,5,7,1.6094379124341003,1.9459101490553132,-13.974205184127072
firm_disparity_a0.05,BİLGE ADAM YAZILIM VE TEKNOLOJİ ANONİM ŞİRKETİ,0.0,0.0,2,4,3,6,1.0986122886681098,1.791759469228055,-13.974205184127072
firm_disparity_a0.05,BİLDES BİLİŞİM DESTEK HİZMETLERİ DANIŞMANLIK ORGANİZASYON TURİZM İÇ VE DIŞ TİCARET LİMİTED ŞİRKETİ,0.0,0.0,1,1,1,1,0.0,0.0,-13.974205184127072
firm_disparity_a0.05,TEKOBEL TEKNOLOJİ HİZM.İMAL.İTH.İHRASAN.TİC.LTD.ŞTİ.,0.0,0.0,1,3,4,15,1.3862943611198906,2.70805020110221,-13.974205184127072
firm_disparity_a0.05,PSEUDONYM_595,0.0,0.0,2,1,1,1,0.0,0.0,-13.974205184127072
firm_disparity_a0.05,LİNK BİLGİSAYAR SİSTEMLERİ YAZILIMI VE DONANIMI SANAYİ VE TİCARET ANONİM ŞİRKETİ,0.0,0.0,1,1,1,1,0.0,0.0,-13.974205184127072
firm_disparity_a0.05,KENTBT AKILLI ŞEHİR VE YAŞAM TEKNOLOJİLERİ ANONİM ŞİRKETİ,0.0,0.0,1,1,2,3,0.6931471805599453,1.0986122886681098,-13.974205184127072
firm_disparity_a0.05,DMV BİLİŞİM VE REKLAMCILIK TİCARET LİMİTED ŞİRKETİ,0.0,0.0,2,1,1,1,0.0,0.0,-13.974205184127072
firm_disparity_a0.05,VK BİLGİ TEKNOLOJİLERİ ANONİM ŞİRKETİ,0.0,0.0,1,3,3,4,1.0986122886681098,1.3862943611198906,-13.974205184127072
firm_disparity_a0.05,YDK BİLİŞİM REKLAM İNŞAAT SANAYİ VE TİCARET LİMİTED ŞİRKETİ,0.0,0.0,1,1,1,1,0.0,0.0,-13.974205184127072
firm_disparity_a0.05,BİLGİKENT BİLİŞİM TEKNOLOJİLERİ TİCARET LİMİTED ŞİRKETİ,0.0,0.0,2,4,8,9,2.0794415416798357,2.1972245773362196,-13.974205184127072
firm_disparity_a0.05,BİOPEST ÇEVRE SAĞLIĞI VE VEKTÖR KONTROLHİZ.LTD.ŞTİ.,0.0,0.0,1,1,6,11,1.791759469228055,2.3978952727983707,-13.974205184127072
firm_disparity_a0.05,ALNİS GIDA TEKNOLOJİ VE LOJİSTİK TİCARET ANONİM ŞİRKETİ,0.0,0.0,1,1,1,1,0.0,0.0,-13.974205184127072
firm_disparity_a0.05,İSTANBUL ÇEKİRDEK ARAŞTIRMA GELİŞTİRME VE YAZILIM DANIŞMANLIK TİCARET LİMİTED ŞİRKETİ,0.0,0.0,1,1,1,1,0.0,0.0,-13.974205184127072
firm_disparity_a0.05,PROMER BİLGİ TEKNOLOJİLERİ SANAYİ VE TİCARET ANONİM ŞİRKETİ,0.0,0.0,1,1,5,6,1.6094379124341003,1.791759469228055,-13.974205184127072
firm_disparity_a0.05,ALKAN GÜVENLİK TEMİZ İNŞ.GI.TA.SOS.Hİ SAN.VE TİC.LTD.Ş,0.0,0.0,1,2,2,2,0.6931471805599453,0.6931471805599453,-13.974205184127072
firm_disparity_a0.05,TREND TEKNOLOJİ SİST EMLERİ İTH.İHR.L TD.ŞTİ.,0.0,0.0,2,1,1,1,0.0,0.0,-13.974205184127072
firm_disparity_a0.05,BİRİM BİLGİ TEKNOLOJ İLERİ TİCARET A. Ş.,0.0,0.0,1,2,8,8,2.0794415416798357,2.0794415416798357,-13.974205184127072
firm_disparity_a0.05,BİMTAŞ BOĞAZİÇİ PEYZAJ İNŞAAT MÜŞAVİRLİK TEKNİK HİZMETLERİ SANAYİ TİCARET ANONİM ŞİRKETİ,0.0,0.0,1,2,2,2,0.6931471805599453,0.6931471805599453,-13.974205184127072
firm_disparity_a0.05,"MEKANSAL PLANLAMA MİMARLIK MÜHENDİSLİK PROJE BİLİŞİM İNŞAAT TAAHHÜT SANAYİ VE TİCARET LİMİTED ŞİRKETİ, HÜNER MÜH.TİC.LTD.ŞTİ. İş Ortaklığı",0.0,0.0,1,1,1,1,0.0,0.0,-13.974205184127072
firm_disparity_a0.05,MOOR YAZILIM DANIŞMANLIK VE REKLAMCILIK HİZMETLERİ LİMİTED ŞİRKETİ,0.0,0.0,1,2,1,2,0.0,0.6931471805599453,-13.974205184127072
firm_disparity_a0.05,ELİT ELEKTRONİK GÜVENLİK SİSTEMLERİ İNŞAAT TAŞIMACILIK TURİZM SANAYİ VE TİCARET LİMİTED ŞİRKETİ,0.0,0.0,1,1,1,1,0.0,0.0,-13.974205184127072
firm_disparity_a0.05,SİSTEMAR TEKNOLOJİ VE BİLGİSAYAR SİSTEMLERİ SANAYİ VE TİCARET LİMİTED ŞİRKETİ,0.0,0.0,1,1,1,1,0.0,0.0,-13.974205184127072
firm_disparity_a0.05,PSEUDONYM_367,0.0,0.0,1,1,2,2,0.6931471805599453,0.6931471805599453,-13.974205184127072
firm_disparity_a0.05,BİLİŞİM BİLİŞİM VE YAZILIM SİSTEMLERİ SANAYİ VE TİCARET ANONİM ŞİRKETİ,0.0,0.0,2,2,5,13,1.6094379124341003,2.5649493574615367,-13.974205184127072
firm_disparity_a0.05,KENT YAZILIM BİLİŞİMVE İLETİŞİM TEKNSAN.VE TİC.LTD.Ş,0.0,0.0,2,1,3,5,1.0986122886681098,1.6094379124341003,-13.974205184127072
firm_disparity_a0.05,BİLİCİSOFT BİLİŞİM VE SAVUNMA TEKNOLOJİLERİ SANAYİ TİC.LTD.ŞTİ.,0.0,0.0,1,3,3,6,1.0986122886681098,1.791759469228055,-13.974205184127072
firm_disparity_a0.05,BİLMED BİLGİSAYAR VE YAZILIM ANONİM ŞİRKETİ,0.0,0.0,1,1,6,13,1.791759469228055,2.5649493574615367,-13.974205184127072
firm_disparity_a0.05,GÜVEN GİRİŞİM GRUBU BİLGİSAYAR GIDA TEKSTİL İNŞAAT TURİZM SANAYİ VE TİCARET LİMİTED ŞİRKETİ,0.0,0.0,1,1,1,1,0.0,0.0,-13.974205184127072
firm_disparity_a0.05,TURCOM İLETİŞİM SİST EMLERİ SANAYİ VE TİCARET A.Ş.,0.0,0.5,2,4,6,7,1.791759469228055,1.9459101490553132,-13.974205184127072
firm_disparity_a0.05,SYBASE YAZILIM ÜRÜNLERİ VE BİLİŞİM HİZMETLERİ LİMİTED ŞİRKETİ,0.0,0.0,2,1,3,4,1.0986122886681098,1.3862943611198906,-13.974205184127072
firm_disparity_a0.05,BİVENT YAZILIM ANONİM ŞİRKETİ,0.0,0.0,1,1,2,2,0.6931471805599453,0.6931471805599453,-13.974205184127072
firm_disparity_a0.05,ECO FİLO BİLGİ TEKNOLOJİLERİ TİCARET LİMİTED ŞİRKETİ,0.0,0.0,3,1,1,1,0.0,0.0,-13.974205184127072
firm_disparity_a0.05,AKTİF TELEKOMÜNİKASYON VE OTOMASYON SİSTEMLERİ SANAYİ VE TİCARET LİMİTED ŞİRKETİ,0.0,0.0,2,1,1,1,0.0,0.0,-13.974205184127072
firm_disparity_a0.05,AKSİYONER BİLGİ YÖNETİMİ YAZIMIL SİSTEM ORG.EĞİTİM VE DANIŞMANLIK SANAYİ TİCARET LTD ŞTİ,0.0,0.0,1,2,2,2,0.6931471805599453,0.6931471805599453,-13.974205184127072
firm_disparity_a0.05,AKPINAR BİLİŞİM HİZMETLERİ SAN VE TİC LTD ŞTİ,0.0,0.0,1,1,1,1,0.0,0.0,-13.974205184127072
firm_disparity_a0.05,"AKINCILAR TESİS YÖNE DAN.SOS.HİZM.İNŞ.TAŞ GID.SAN.VE TİC.LTD.Ş, AYS GRUP TEMİZLİK TURİZM SOSYAL HİZMETLER OTOPARK İŞLETMECİLİĞİ DANIŞMANLIK TAŞIMACILIK TİCARET LİMİTED ŞİRKETİ. İş Ortaklığı",0.0,0.0,1,1,1,1,0.0,0.0,-13.974205184127072
firm_disparity_a0.05,İFOKS BİLİŞİM SAVUNMA TEKNOLOJİLERİ SANAYİ VE TİCARET ANONİM ŞİRKETİ,0.0,0.0,1,3,3,4,1.0986122886681098,1.3862943611198906,-13.974205184127072
firm_disparity_a0.05,PSEUDONYM_340,0.0,0.0,1,1,1,1,0.0,0.0,-13.974205184127072
firm_disparity_a0.05,ON İLAÇLAMA SAĞLIK HİZMETLERİ İNŞAAT ELETRONİK GIDA ÜRÜNLERİ BİLGİSAYAR TEMİZLİK HİZMETLERİ İNSAN KAYNAKLARI VE TAAHHÜT SANAYİ TİCARET LİMİTED ŞİRKETİ,0.0,0.0,2,4,6,13,1.791759469228055,2.5649493574615367,-13.974205184127072
firm_disparity_a0.05,MARKAJ REKLAMCILIK TURİZM ÖZEL SAĞLIK HİZMETLERİ SANAYİ VE TİCARET LİMİTED ŞİRKETİ,0.0,0.0,1,1,1,1,0.0,0.0,-13.974205184127072
firm_disparity_a0.05,CEREN TANITIM ORGANİ ZASYON VE TİC.LT D.ŞTİ.,0.0,0.0,1,1,3,3,1.0986122886681098,1.0986122886681098,-13.974205184127072
firm_disparity_a0.05,CENTER ON DİGİTAL BİLİŞİM HİZMETLERİ ANONİM ŞİRKETİ,0.0,0.0,1,1,1,1,0.0,0.0,-13.974205184127072
firm_disparity_a0.05,CAN EROĞLU BİLGİ SİSTEMLERİ İNŞAAT SANAYİ VE TİCARET LİMİTED ŞİRKETİ,0.0,0.0,1,2,4,7,1.3862943611198906,1.9459101490553132,-13.974205184127072
firm_disparity_a0.05,C2E TEKNOLOJİ SERVİSLERİ TİCARET LİMİTED ŞİRKETİ,0.0,0.0,1,1,1,1,0.0,0.0,-13.974205184127072
firm_disparity_a0.05,MCH İNTERAKTİF TASAR IM VE GELİŞT.HİZMETL ERİ LTD.ŞTİ.,0.0,0.0,1,1,1,1,0.0,0.0,-13.974205184127072
firm_disparity_a0.05,M.B.İ.S BİLGİSAYAR OTOMASYON DANIŞMANLIK VE EĞİTİM HİZMETLERİ SANAYİ TİCARET ANONİM ŞİRKETİ,0.0,0.0,1,2,2,2,0.6931471805599453,0.6931471805599453,-13.974205184127072
firm_disparity_a0.05,ETİQA BİLİŞİM HİZMETLERİ ANONİM ŞİRKETİ,0.0,0.0,1,2,2,3,0.6931471805599453,1.0986122886681098,-13.974205184127072
firm_disparity_a0.05,BİZTEK SİBER GÜVENLİK VE BİLİŞİM TEKNOLOJİLERİ DANIŞMANLIK TİCARET ANONİM ŞİRKETİ,0.0,0.0,1,2,2,2,0.6931471805599453,0.6931471805599453,-13.974205184127072
firm_disparity_a0.05,PROYA PROFESYONEL YA ZILIM ÇÖZÜM VE D ANI.TİC.LTD.ŞTİ.,0.0,0.0,2,1,2,2,0.6931471805599453,0.6931471805599453,-13.974205184127072
firm_disparity_a0.05,DBMASTER BİLGİ TEKNOLOJİLERİ ANONİM ŞİRKETİ,0.0,0.0,1,1,1,1,0.0,0.0,-13.974205184127072
firm_disparity_a0.05,İLKEM TEKNOLOJİ SANAYİ VE TİCARET LİMİTED ŞİRKETİ,0.0,0.0,1,4,4,5,1.3862943611198906,1.6094379124341003,-13.974205184127072
firm_disparity_a0.05,PSEUDONYM_120,0.0,0.0,1,1,1,1,0.0,0.0,-13.974205184127072
firm_disparity_a0.05,DATAKEY BİLİŞİM VE DANIŞMANLIK HİZMETLERİ LİMİTED ŞİRKETİ,0.0,0.0,1,3,3,3,1.0986122886681098,1.0986122886681098,-13.974205184127072
firm_disparity_a0.05,ORATECH BİLİŞİM DANIŞMANLIK PAZARLAMA HİKMETLERİ SANAYİ VE TİCARET LİMİTED ŞİRKETİ,0.0,0.0,2,2,2,3,0.6931471805599453,1.0986122886681098,-13.974205184127072
firm_disparity_a0.05,DATACORE BİLGİ SİSTEMLERİ SANAYİ VE TİCARET ANONİM ŞİRKETİ,0.0,0.0,2,3,5,6,1.6094379124341003,1.791759469228055,-13.974205184127072
firm_disparity_a0.05,VİA GRUP EĞİTİM DANIŞMANLIK ORGANİZASYON TURZM VE YAYINCILIK LTD ŞTİ.,0.0,0.0,1,1,2,3,0.6931471805599453,1.0986122886681098,-13.974205184127072
firm_disparity_a0.05,VERİ SECURITY BİLİŞİM VE DANIŞMANLIK HİZMETLERİ ANONİM ŞİRKETİ,0.0,0.0,1,1,1,1,0.0,0.0,-13.974205184127072
firm_disparity_a0.05,SBI BİLİŞİM ANONİM ŞİRKETİ,0.0,0.0,2,1,1,1,0.0,0.0,-13.974205184127072
firm_disparity_a0.05,DARENDELİ TEKNOLOJİ SANAYİ VE TİCARET ANONİM ŞİRKETİ,0.0,0.0,1,1,2,2,0.6931471805599453,0.6931471805599453,-13.974205184127072
firm_disparity_a0.05,İNTER BİLGİSAYAR ELE KTRİK ELEKT.SAN. DIŞ.TİC.LTD.ŞTİ.,0.0,0.0,2,2,2,2,0.6931471805599453,0.6931471805599453,-13.974205184127072
firm_disparity_a0.05,ÇEKİNO SAVUNMA ELEKTRONİK VE BİLİŞİM ANONİM ŞİRKETİ,0.0,0.0,1,2,4,4,1.3862943611198906,1.3862943611198906,-13.974205184127072
firm_disparity_a0.05,ZERODAY BİLGİ TEKNOLOJİLERİ SANAYİ VE TİCARET ANONİM ŞİRKETİ,0.0,0.0,1,1,1,1,0.0,0.0,-13.974205184127072
firm_disparity_a0.05,SEBİL BİLGİSAYAR MÜHENDİSLİK İNŞAAT SANAYİ VE TİCARET ANONİM ŞİRKETİ.,0.0,0.0,1,1,1,1,0.0,0.0,-13.974205184127072
firm_disparity_a0.05,DELTA PROSES OTOMASYON KONTROL VE ELEKTRONİK SİSTEMLERİ SANAYİ VE TİCARET LİMİTED ŞİRKETİ,0.0,0.0,1,1,1,1,0.0,0.0,-13.974205184127072
firm_disparity_a0.05,NETIX BİLİŞİM TEKNOLOJİLERİ YAZILIM DANIŞMANLIK EĞİTİM VE İLETİŞİM HİZMETLERİ SANAYİ TİCARET LİMİTED ŞİRKETİ,0.0,0.0,1,1,2,2,0.6931471805599453,0.6931471805599453,-13.974205184127072
firm_disparity_a0.05,DEKON KONGRE VE TURİZM HİZM.A.Ş.,0.0,0.0,1,1,1,1,0.0,0.0,-13.974205184127072
firm_disparity_a0.05,VERİDATA BİLGİ TEKNOLOJİLERİ LİMİTED ŞİRKETİ,0.0,0.0,1,4,4,12,1.3862943611198906,2.4849066497880004,-13.974205184127072
firm_disparity_a0.05,DEDİCA TEKNOLOJİ ANONİM ŞİRKETİ,0.0,0.0,1,2,3,3,1.0986122886681098,1.0986122886681098,-13.974205184127072
firm_disparity_a0.05,DDS İLETİŞİM VE BİLİ ŞİM TİC VE SAN L TD ŞTİ.,0.0,0.0,1,1,1,1,0.0,0.0,-13.974205184127072
firm_disparity_a0.05,PSEUDONYM_554,0.0,0.0,1,1,1,1,0.0,0.0,-13.974205184127072
firm_disparity_a0.05,EKSPRES ELEKTRONİK E GİTİM ÖĞR. GIDA SAN.TİC.LTD.ŞTİ.,0.0,0.0,1,2,2,2,0.6931471805599453,0.6931471805599453,-13.974205184127072
firm_disparity_a0.05,DUGAN BİLGİSAYAR VE ELK.HİZM.KIRT.SA N.VE TİC.LTD.ŞTİ,0.0,0.0,1,3,3,3,1.0986122886681098,1.0986122886681098,-13.974205184127072
firm_disparity_a0.05,AKFA BİLİŞİM VE YAZILIM SİSTEMLERİ SANAYİ VE TİCARET A.Ş.,0.0,0.0,1,2,2,2,0.6931471805599453,0.6931471805599453,-13.974205184127072
firm_disparity_a0.05,AKELSAN ELEKRONİK SİSTEMLER SANAYİ VE TİCARET ANONİM ŞİRKETİ,0.0,0.0,1,2,2,3,0.6931471805599453,1.0986122886681098,-13.974205184127072
firm_disparity_a0.05,AK TEKNİK VE ELEKTRONİK SAN.TİC.LTD.ŞTİ.,0.0,0.0,1,1,1,1,0.0,0.0,-13.974205184127072
firm_disparity_a0.05,TAŞPINAR YAZILIM VE BİLGİ TEKNOLOJİLERİ GIDA İNŞAAT SANAYİ PAZARLAMA TURİZM TİCARET LİMİTED ŞİRKETİ.,0.0,0.0,1,4,7,7,1.9459101490553132,1.9459101490553132,-13.974205184127072
firm_disparity_a0.05,UITSEC TEKNOLOJİ ANONİM ŞİRKETİ,0.0,0.0,1,1,2,2,0.6931471805599453,0.6931471805599453,-13.974205184127072
firm_disparity_a0.05,DETAY DANIŞMANLIK BİLGİS.HİZM.SAN.VEDIŞ TİC.A.Ş.,0.0,0.0,1,2,2,2,0.6931471805599453,0.6931471805599453,-13.974205184127072
firm_disparity_a0.05,DESTEL BİLİŞİM ÇÖZÜMLERİ A.Ş.,0.0,0.0,1,2,3,3,1.0986122886681098,1.0986122886681098,-13.974205184127072
firm_disparity_a0.05,MOBİLİON BİLİŞİM TEKN.VE REK.PAZ.LTD.ŞTİ,0.0,0.0,1,4,9,10,2.1972245773362196,2.302585092994046,-13.974205184127072
firm_disparity_a0.05,YAZILIM 3D BİLGİSAYAR TEKNOLOJİLERİ SANAYİ VE TİCARET ANONİM ŞİRKETİ,0.0,0.0,2,3,6,18,1.791759469228055,2.8903717578961645,-13.974205184127072
firm_disparity_a0.05,DERTA PROJE MÜHENDİSLİK ELEKTRİK İNŞAAT TAAHHÜT SANAYİ VE TİCARET LİMİTED ŞİRKETİ,0.0,0.0,2,1,1,1,0.0,0.0,-13.974205184127072
firm_disparity_a0.05,DENEYİM TEKN.ÜRÜN.ELBİLG.YAZ.TANIT.HİZ.TİC.LTD.ŞTİ.,0.0,0.0,1,1,1,1,0.0,0.0,-13.974205184127072
firm_disparity_a0.05,DENEYSAN EĞİTİM CİHA ZLARI SAN.VE TİC.LTD ŞTİ.,0.0,0.0,1,1,1,1,0.0,0.0,-13.974205184127072
firm_disparity_a0.05,NKT TEKNOLOJİ DAĞITIM TİCARET LİMİTED ŞİRKETİ,0.0,0.0,1,2,3,3,1.0986122886681098,1.0986122886681098,-13.974205184127072
firm_disparity_a0.05,DEN-BİL BİLGİSAYAR TELEKOMÜNİKASYON İNŞAAT SANAYİ VE TİCARET LİMİTED ŞİRKETİ,0.0,0.0,1,1,1,1,0.0,0.0,-13.974205184127072
firm_disparity_a0.05,DEM ÇE İNŞ METAL ELEMAD GID TAAH SAN VETİC LTD ŞTİ.,0.0,0.0,1,2,2,2,0.6931471805599453,0.6931471805599453,-13.974205184127072
firm_disparity_a0.05,ELFANET BİLİŞİM ANONİM ŞİRKETİ,0.0,0.0,2,3,4,9,1.3862943611198906,2.1972245773362196,-13.974205184127072
firm_disparity_a0.05,BİLGE SİBER GÜVENLİK TEKNOLOJİLERİ VE SAN VE TİCARET LİMİTED ŞİRKETİ,0.0,0.0,2,1,1,1,0.0,0.0,-13.974205184127072
firm_disparity_a0.05,MERİT İLETİŞİM TEKNOLOJİLERİ TİCARET VE SANAYİ ANONİM ŞİRKETİ,0.0,0.0,1,1,2,2,0.6931471805599453,0.6931471805599453,-13.974205184127072
firm_disparity_a0.05,EGE BİMTES BİLGİ İŞLEM MAKİNALARI TEKNİK SERVİS SANAYİ VE TİCARET LİMİTED ŞİRKETİ,0.0,0.0,1,1,2,2,0.6931471805599453,0.6931471805599453,-13.974205184127072
firm_disparity_a0.05,EFOR BİLİŞİM TEKNOLO JİLERİ SANAYİ VE TİC ARET LİMİTED ŞİRKETİ,0.0,0.0,2,3,3,3,1.0986122886681098,1.0986122886681098,-13.974205184127072
firm_disparity_a0.05,PSEUDONYM_198,0.0,0.0,1,1,1,1,0.0,0.0,-13.974205184127072
firm_disparity_a0.05,EDUSANO BİLİŞİM YAZILIM TANITIM VE TASARIM HİZMETLERİ SANAYİ VE TİCARET LİMİTED ŞİRKETİ,0.0,0.0,2,5,4,10,1.3862943611198906,2.302585092994046,-13.974205184127072
firm_disparity_a0.05,E MEKTEP EĞİTİM LİMİTED ŞİRKETİ,0.0,0.0,1,1,1,2,0.0,0.6931471805599453,-13.974205184127072
firm_disparity_a0.05,DİYARBAKIR DEMİRCİOĞLU BİLGİSAYAR SİSTEMLERİ ELEKTRİK ELEKTRONİK NAKLİYAT GIDA TEMİZLİK İTHALAT İHRACAT SANAYİ TİCARET LİMİTED ŞİRKETİ,0.0,0.0,1,2,2,2,0.6931471805599453,0.6931471805599453,-13.974205184127072
firm_disparity_a0.05,DİJİTEK VİTAMİN YAZILIM BİLİŞİM HİZMETLERİ TAAHHÜT EĞİTİM SAĞLIK SANAYİ VE TİCARET LİMİTED ŞİRKETİ,0.0,0.0,1,1,1,1,0.0,0.0,-13.974205184127072
firm_disparity_a0.05,TRUVA YEREL YÖNETİM YAZILIMLARI SANAYİ T İC.LTD.ŞTİ.,0.0,0.0,1,1,1,1,0.0,0.0,-13.974205184127072
firm_disparity_a0.05,DİJİTAL ARŞİV BELGE BİLGİ TEKNOLOJİLERİ SANAYİ VE TİCARET ANONİM ŞİRKETİ,0.0,0.0,1,1,2,2,0.6931471805599453,0.6931471805599453,-13.974205184127072
firm_disparity_a0.05,SPİDYA YAZILIM ANONİM ŞİRKETİ,0.0,0.0,1,2,2,2,0.6931471805599453,0.6931471805599453,-13.974205184127072
firm_disparity_a0.05,DRAMA MÜHENDİSLİK EĞİTİM DANIŞMANLIK HİZİNŞ.ELEK.SAN.TİC.LTD,0.0,0.0,1,1,1,1,0.0,0.0,-13.974205184127072
firm_disparity_a0.05,GISLAND BİLİŞİM TİCARET LİMİTED ŞİRKETİ,0.0,0.0,1,1,2,2,0.6931471805599453,0.6931471805599453,-13.974205184127072
firm_disparity_a0.05,DOĞADAN GRUP ISITMA ENERJİ SİSTEMLERİ MADENCİLİK BİLGİSAYAR SİSTEMLERİ SAĞLIK VE EĞİTİM SANAYİ VE TİCARET LİMİTED ŞİRKETİ,0.0,0.0,1,1,1,1,0.0,0.0,-13.974205184127072
firm_disparity_a0.05,DONBAY YAZILIM HİZMETLERİ SANAYİ VE TİCARET LİMİTED ŞİRKETİ,0.0,0.0,1,1,1,1,0.0,0.0,-13.974205184127072
firm_disparity_a0.05,ERATIP SAĞLIK ÜRÜNLERİ SAN.VE DIŞ TİC.LTD.ŞTİ.,0.0,0.0,1,1,1,1,0.0,0.0,-13.974205184127072
firm_disparity_a0.05,SHARKUTERİ MEDYA REKLAM BİL.YAZ.HİZ.VE TİC.LTD.ŞTİ.,0.0,0.0,1,1,1,1,0.0,0.0,-13.974205184127072
firm_disparity_a0.05,ACON BİLGİ TEKNOLOJİLERİ İNŞAAT SANAYİ VE TİCARET ANONİM ŞİRKETİ,0.0,0.0,1,1,1,1,0.0,0.0,-13.974205184127072
firm_disparity_a0.05,ABİSENA BİLGİ TEKNOLOJİLERİ ANONİM ŞİRKETİ,0.0,0.0,1,1,12,16,2.4849066497880004,2.772588722239781,-13.974205184127072
firm_disparity_a0.05,PSEUDONYM_684,0.0,0.0,1,1,1,1,0.0,0.0,-13.974205184127072
firm_disparity_a0.05,MYRONET TELEKOMİNİKASYON VE BİLGİ TEKNOLOJİLERİ TİCARET LİMİTED ŞİRKETİ,0.0,0.0,1,1,1,1,0.0,0.0,-13.974205184127072
firm_disparity_a0.05,ELTEM-TEK ELEKTRİK TESİSLERİ MÜHENDİSLİK MÜTEAHHİTLİK DANIŞMANLIK VE TİCARET ANONİM ŞİRKETİ,0.0,0.0,1,1,1,1,0.0,0.0,-13.974205184127072
firm_disparity_a0.05,GEOTECMAPS BİLGİ TEKNOLOJİLERİ SANAYİ VE TİCARET LİMİTED ŞİRKETİ,0.0,0.0,1,1,2,2,0.6931471805599453,0.6931471805599453,-13.974205184127072
firm_disparity_a0.05,ELFCAN TEKNOLOJİ ANONİM ŞİRKETİ,0.0,0.0,1,2,2,2,0.6931471805599453,0.6931471805599453,-13.974205184127072
firm_disparity_a0.05,ELEMENT BİLGİSAYAR YAZILIM DON.MÜŞ.VE D.H.S.VE T.LTD,0.0,0.0,1,1,5,6,1.6094379124341003,1.791759469228055,-13.974205184127072
firm_disparity_a0.05,ELEKTROSER BÜRO MAKİNALARI TEKNİK SERVİS SANAYİ VE TİCARET LTD.ŞTİ.,0.0,0.0,1,1,2,2,0.6931471805599453,0.6931471805599453,-13.974205184127072
firm_disparity_a0.05,PLUSTECH GÜVENLİK SİSTEMLERİ ANONİM ŞİRKETİ,0.0,0.0,1,1,4,4,1.3862943611198906,1.3862943611198906,-13.974205184127072
firm_disparity_a0.05,ELECTROER MÜHENDİSLİK ELEKTRİK ELEKTRONİK TAAHHÜT TİCARET SANAYİ LİMİTED ŞİRKETİ,0.0,0.0,1,1,2,2,0.6931471805599453,0.6931471805599453,-13.974205184127072
firm_disparity_a0.05,SAYKOM ELEK HABERLEŞ GÜVE SİS İTH İHR SAN VE TİC LTD ŞTİ,0.0,0.0,1,2,6,13,1.791759469228055,2.5649493574615367,-13.974205184127072
firm_disparity_a0.05,PSEUDONYM_602,0.0,0.0,1,1,3,3,1.0986122886681098,1.0986122886681098,-13.974205184127072
firm_disparity_a0.05,EKSTREM BİR BİLGİSAYAR DANIŞMANLIK İÇ VE DIŞ TİCARET LİMİTED ŞİRKETİ,0.0,0.0,1,1,3,4,1.0986122886681098,1.3862943611198906,-13.974205184127072
firm_disparity_a0.05,PSEUDONYM_511,0.0,0.0,1,1,1,1,0.0,0.0,-13.974205184127072
firm_disparity_a0.05,PSEUDONYM_685,0.0,0.0,1,1,1,1,0.0,0.0,-13.974205184127072
firm_disparity_a0.05,N.C.S.BİLGİSAYAR BİL İŞİM DANIŞ.SAN.V E TİC.LTD.ŞTİ.,0.0,0.0,1,1,1,1,0.0,0.0,-13.974205184127072
firm_disparity_a0.05,PSEUDONYM_484,0.0,0.0,1,1,1,1,0.0,0.0,-13.974205184127072
firm_disparity_a0.05,ENS YAZILIM VE BİLİŞİM TEKNOLOJİLERİ TİCARET LİMİTED ŞİRKETİ,0.0,0.0,1,2,1,2,0.0,0.6931471805599453,-13.974205184127072
firm_disparity_a0.05,ENORM TEKNOLOJİ VE YAZILIM ANONİM ŞİRKETİ,0.0,0.0,2,2,3,3,1.0986122886681098,1.0986122886681098,-13.974205184127072
firm_disparity_a0.05,EMİTURK ELEKTRONİK SAN.VE TİC.LTD.ŞT,0.0,0.0,1,2,7,7,1.9459101490553132,1.9459101490553132,-13.974205184127072
firm_disparity_a0.05,MART YAZILIM EĞİTİM DANIŞMANLIK SANAYİ VE TİCARET LİMİTED ŞİRKETİ,0.0,0.0,1,1,1,3,0.0,1.0986122886681098,-13.974205184127072
firm_disparity_a0.05,ORYAZ ORDU YAZILIM DONANIM ARGE ALTYAPI SANAYİ VE TİCARET ANONİM ŞİRKETİ,0.0,0.0,1,2,1,2,0.0,0.6931471805599453,-13.974205184127072
firm_disparity_a0.05,AGMLAB ARAŞTIRMA GELİŞTİRME MERKEZ LARATUVARI BİLİŞİM TEKNOLOJİLERİ ANONİM ŞİRKETİ,0.0,0.0,2,1,1,1,0.0,0.0,-13.974205184127072
firm_disparity_a0.05,BARLA BİLGİSAYAR MÜHENDİSLİK MÜŞAVİRLİK GIDA İNŞAAT MEDİKAL SANAYİ VE TİCARET LİMİTED ŞİRKETİ,0.0,0.0,1,1,8,15,2.0794415416798357,2.70805020110221,-13.974205184127072
firm_disparity_a0.05,AGERSOFT BİLİŞİM TEKNOLOJİLERİ DIŞ TİCARET SANAYİ LİMİTED ŞİRKETİ,0.0,0.0,1,1,4,4,1.3862943611198906,1.3862943611198906,-13.974205184127072
firm_disparity_a0.05,B2M SİSTEM MÜHENDİSLİĞİ İNŞAAT VE TİCARET LTD.ŞTİ.,0.0,0.0,1,2,2,2,0.6931471805599453,0.6931471805599453,-13.974205184127072
firm_disparity_a0.05,PSEUDONYM_480,0.0,0.0,1,1,1,1,0.0,0.0,-13.974205184127072
firm_disparity_a0.05,PSEUDONYM_074,0.0,0.0,1,1,1,1,0.0,0.0,-13.974205184127072
firm_disparity_a0.05,VETA BİLGİSAYAR VE YAZILIM HİZMETLERİ SANAYİ VE TİCARET LİMİTED ŞİRKETİ,0.0,0.0,1,1,11,11,2.3978952727983707,2.3978952727983707,-13.974205184127072
firm_disparity_a0.05,JEO İNTERNET TEKNOLO JİLERİ BİL MÜH EN Tİ LTD ŞTİ,0.0,0.0,1,1,1,1,0.0,0.0,-13.974205184127072
firm_disparity_a0.05,PSEUDONYM_442,0.0,0.0,1,4,12,12,2.4849066497880004,2.4849066497880004,-13.974205184127072
firm_disparity_a0.05,PSEUDONYM_374,0.0,0.0,1,1,1,1,0.0,0.0,-13.974205184127072
firm_disparity_a0.05,PSEUDONYM_310,0.0,0.0,1,1,2,3,0.6931471805599453,1.0986122886681098,-13.974205184127072
firm_disparity_a0.05,GİRİŞİM BİLİŞİM TEKN MEDİKAL LOJ.SAN.VE D IŞ TİC.LTD.ŞTİ.,0.0,0.0,2,3,2,8,0.6931471805599453,2.0794415416798357,-13.974205184127072
firm_disparity_a0.05,ESENGÜL DAYANIKLI TÜKETİM MALLARI TİCARET LİMİTED ŞİRKETİ,0.0,0.0,2,1,1,1,0.0,0.0,-13.974205184127072
firm_disparity_a0.05,TÜRKAY ET GIDA TEMİZLİK KÖMÜR TURİZM İNŞAAT PAZARLAMA SANAYİ VE TİCARET LİMİTED ŞİRKETİ,0.0,0.0,1,1,1,1,0.0,0.0,-13.974205184127072
firm_disparity_a0.05,PSEUDONYM_424,0.0,0.0,1,1,1,1,0.0,0.0,-13.974205184127072
firm_disparity_a0.05,ERNST YOUNG KURUMSAL FİNANSMAN DANIŞM ANLIK A.Ş,0.0,0.0,2,1,1,1,0.0,0.0,-13.974205184127072
firm_disparity_a0.05,PSEUDONYM_307,0.0,0.0,1,3,2,4,0.6931471805599453,1.3862943611198906,-13.974205184127072
firm_disparity_a0.05,ERBİL COMPUTER İNŞAAT TURİZM SANAYİ VE TİCARET LİMİTED ŞİRKETİ.,0.0,0.0,1,1,1,1,0.0,0.0,-13.974205184127072
firm_disparity_a0.05,ERBAY GES ENERJİ ELKBİL.ELK.TAH.İT.İH.SAVE TİC.LTD.ŞTİ.,0.0,0.0,1,1,1,1,0.0,0.0,-13.974205184127072
firm_disparity_a0.05,PBS BİLGİSAYAR ELEKTGÜV.SİST.SAN.VEDIŞ TİC.LTD.ŞTİ.,0.0,0.0,1,2,2,2,0.6931471805599453,0.6931471805599453,-13.974205184127072
firm_disparity_a0.05,KRİPTEK KRİPTO VE BİLİŞİM TEKNOLOJİLERİ SANAYİ TİCARET ANONİM ŞİRKETİ,0.0,0.0,1,1,1,1,0.0,0.0,-13.974205184127072
firm_disparity_a0.05,PSEUDONYM_261,0.0,0.0,1,1,1,1,0.0,0.0,-13.974205184127072
firm_disparity_a0.05,ENTERPRİSECODİNG YAZILIM VE DANIŞMANLIK TİCARET LİMİTED ŞİRKETİ,0.0,0.0,1,1,1,1,0.0,0.0,-13.974205184127072
firm_disparity_a0.05,ESİM BİLG.MAKİNLR.VE PRĞ.İTH-İHR.TİC. VE SAN.LTD.ŞTİ.,0.0,0.0,1,1,3,3,1.0986122886681098,1.0986122886681098,-13.974205184127072
firm_disparity_a0.05,OBSS BİLİŞİM BİLGİSA HİZM.DAN.SAN.VE TİC.LTD.ŞTİ.,0.0,0.0,1,1,1,1,0.0,0.0,-13.974205184127072
firm_disparity_a0.05,PSEUDONYM_219,0.0,0.0,2,1,1,1,0.0,0.0,-13.974205184127072
firm_disparity_a0.05,FEROFEN BİLİŞİM ANONİM ŞİRKETİ,0.0,0.0,1,2,1,2,0.0,0.6931471805599453,-13.974205184127072
firm_disparity_a0.05,PSEUDONYM_065,0.0,0.0,1,1,1,1,0.0,0.0,-13.974205184127072
firm_disparity_a0.05,PSEUDONYM_216,0.0,0.0,1,1,1,1,0.0,0.0,-13.974205184127072
firm_disparity_a0.05,F.I.T. BİLGİ İŞLEM SİSTEMLERİ SERVİSLERİ SANAYİ VE TİCARET ANONİM ŞİRKETİ,0.0,0.0,1,1,1,1,0.0,0.0,-13.974205184127072
firm_disparity_a0.05,NETOVA TEKNOLOJİ BİLİŞİM İLETİŞİM ELEKTRONİK VE OFİS OTOMASYON SİSTEMLERİ SAN.VE TİC. LTD.ŞTİ.,0.0,0.0,1,3,4,4,1.3862943611198906,1.3862943611198906,-13.974205184127072
firm_disparity_a0.05,EXPER BİLGİSAYAR SİS TEMLERİ SANAYİ VE Tİ C.ARET A.Ş.,0.0,0.0,1,1,1,2,0.0,0.6931471805599453,-13.974205184127072
firm_disparity_a0.05,UYUMSOFT BİLGİ SİSTEMLERİ VE TEKNOLOJİLERİ TİCARET ANONİM ŞİRKETİ,0.0,0.0,1,4,5,12,1.6094379124341003,2.4849066497880004,-13.974205184127072
firm_disparity_a0.05,NETSERVİS BİLGİSAYAR SİSTEMLERİ TİCARET A.Ş.,0.0,0.0,1,2,2,2,0.6931471805599453,0.6931471805599453,-13.974205184127072
firm_disparity_a0.05,MORTEN BİLGİ VE İLETİŞİM HİZMETLERİ ANONİM ŞİRKETİ,0.0,0.0,1,1,2,3,0.6931471805599453,1.0986122886681098,-13.974205184127072
firm_disparity_a0.05,STM SAVUNMA TEKNOLOJİLERİ MÜH.VE TİC.A.Ş.,0.0,0.0,1,3,4,7,1.3862943611198906,1.9459101490553132,-13.974205184127072
firm_disparity_a0.05,PSEUDONYM_048,0.0,0.0,1,4,4,8,1.3862943611198906,2.0794415416798357,-13.974205184127072
firm_disparity_a0.05,EVATECH BİLGİ TEKNOLOJİLERİ DANIŞMANLIK MEDİKAL SANAYİ VE TİCARET LİMİTED ŞİRKETİ,0.0,0.0,1,2,2,2,0.6931471805599453,0.6931471805599453,-13.974205184127072
firm_disparity_a0.05,ESİSTEM BİLGİSAYAR SARF MALZEMELERİ İHRACAT İTHALAT VE TİCARET ANONİM ŞİRKETİ,0.0,0.0,1,1,1,1,0.0,0.0,-13.974205184127072
firm_disparity_a0.05,SİBERUS BİLGİ TEKNOLOJİLERİ YAZILIM DANIŞMANLIK EĞİTİM BİLGİSAYAR TİCARET LİMİTED ŞİRKETİ,0.0,0.0,2,2,2,2,0.6931471805599453,0.6931471805599453,-13.974205184127072
firm_disparity_a0.05,ESTEP BİLİŞİM ARAŞTIRMA AJANS EĞİTİM DANIŞMANLIK HİZMETLERİ SANAYİ VE TİCARET LİMİTED ŞİRKETİ,0.0,0.0,2,3,4,7,1.3862943611198906,1.9459101490553132,-13.974205184127072
firm_disparity_a0.05,KURUMSOFT KURUMSAL BİLİŞİM TEKNOLOJİLERİ VE DANIŞMANLIK HİZMETLERİ ANONİM ŞİRKETİ,0.0,0.0,1,2,2,4,0.6931471805599453,1.3862943611198906,-13.974205184127072
firm_disparity_a0.05,GALAKSİTY AKILLI ŞEHİR TEKNOLOJİLERİ ANONİM ŞİRKETİ,0.0,0.0,1,1,3,3,1.0986122886681098,1.0986122886681098,-13.974205184127072
firm_disparity_a0.05,FİGESFİZİK VE GEOMETRİDE BİLG.SİMİLAS.HİZ.TİC.A.Ş.,0.0,0.0,1,1,1,1,0.0,0.0,-13.974205184127072
firm_disparity_a0.05,OREED BİLİŞİM TEKNOLOJİLERİ İNŞAAT OTOMOTİV PAZARLAMA SANAYİ VE TİCARET LİMİTED ŞİRKETİ,0.0,0.0,1,1,1,1,0.0,0.0,-13.974205184127072
firm_disparity_a0.05,PSEUDONYM_214,0.0,0.0,1,2,1,3,0.0,1.0986122886681098,-13.974205184127072
firm_disparity_a0.05,PSEUDONYM_622,0.0,0.0,1,1,1,1,0.0,0.0,-13.974205184127072
firm_disparity_a0.05,FİDELTUS İLERİ TEKNO LOJİ ÜRÜNLERİ SA N VE TİC. A.Ş,0.0,0.0,1,1,4,4,1.3862943611198906,1.3862943611198906,-13.974205184127072
firm_disparity_a0.05,FİBERKON İLETİŞİM OTOMOTİV GIDA İNŞAAT TAAHHÜT SANAYİ TİCARET LİMİTED ŞİRKETİ,0.0,0.0,1,1,1,4,0.0,1.3862943611198906,-13.974205184127072
firm_disparity_a0.05,GATE ELEKTRONİK SANAYİ VE TİC.A.Ş.,0.0,0.0,1,2,2,3,0.6931471805599453,1.0986122886681098,-13.974205184127072
firm_disparity_a0.05,FUJİMED TIBBİ ÜRÜNLER PAZARLAMA TİCARET ANONİM ŞİRKETİ,0.0,0.0,1,1,1,1,0.0,0.0,-13.974205184127072
firm_disparity_a0.05,FSB TEKNOLOJİ BİLİŞİM GRAFİK TASARIM REKLAM DANIŞMANLIK TİCARET ANONİM ŞİRKETİ,0.0,0.0,1,1,1,1,0.0,0.0,-13.974205184127072
firm_disparity_a0.05,FPİCT BİLİŞİM SİSTEMLERİ FİNANSAL DANIŞMANLIK VE TİCARET LİMİTED ŞİRKETİ,0.0,0.0,1,3,5,13,1.6094379124341003,2.5649493574615367,-13.974205184127072
firm_disparity_a0.05,İNOKAS BİLGİ SİSTEMLERİ VE DANIŞMANLIK HİZMETLERİ TİCARET LİMİTED ŞİRKETİ,0.0,0.5,2,6,4,11,1.3862943611198906,2.3978952727983707,-13.974205184127072
firm_disparity_a0.05,SİGNUM TEKNOLOJİ TAN ITIM VE EĞİTİM L TD.ŞTİ.,0.0,0.0,2,1,1,1,0.0,0.0,-13.974205184127072
firm_disparity_a0.05,RDS TEKNOLOJİ DANIŞMANLIK SANAYİ VE TİCARET LİMİTED ŞİRKETİ,0.0,0.0,2,1,1,1,0.0,0.0,-13.974205184127072
firm_disparity_a0.05,PSEUDONYM_248,0.0,0.0,1,1,1,1,0.0,0.0,-13.974205184127072
firm_disparity_a0.05,ARKSOFT BİLİŞİM TEKNOLOJİ TİCARET SANAYİ ANONİM ŞİRKETİ,0.0,0.0,1,2,1,2,0.0,0.6931471805599453,-13.974205184127072
firm_disparity_a0.05,ŞEHİR BİLİŞİM MÜHENDİSLİK İNŞAAT SANAYİ VE TİCARET LİMİTED ŞİRKETİ,0.0,0.0,1,2,2,2,0.6931471805599453,0.6931471805599453,-13.974205184127072
firm_disparity_a0.05,GEOLAB BİLGİ TEKNOLOJİLERİ LİMİTED ŞİRKETİ,0.0,0.0,1,1,5,6,1.6094379124341003,1.791759469228055,-13.974205184127072
firm_disparity_a0.05,4D SİSTEM TİCARET LTD.ŞTİ.,0.0,0.0,1,2,2,2,0.6931471805599453,0.6931471805599453,-13.974205184127072
firm_disparity_a0.05,GEO TEKNİK GEODEZİ V E ELEKTRONİK ALE T.SAN.VE TİC.LTD,0.0,0.0,1,1,1,1,0.0,0.0,-13.974205184127072
firm_disparity_a0.05,GENÇ DATA BİLGİSAYAR SİS EĞT SER TİC VE PAZ LTD ŞTİ,0.0,0.0,1,1,1,1,0.0,0.0,-13.974205184127072
firm_disparity_a0.05,ÜNİ-PA ÜNİVERSİTE PA ZARLAMA VE BİLG İNTER TİC A Ş,0.0,0.0,2,2,3,3,1.0986122886681098,1.0986122886681098,-13.974205184127072
firm_disparity_a0.05,SYMPRO BİLİŞİM TEKNOLOJİLERİ TİCARET LİMİTED ŞİRKETİ,0.0,0.0,1,1,1,1,0.0,0.0,-13.974205184127072
firm_disparity_a0.05,PSEUDONYM_016,0.0,0.0,1,1,1,1,0.0,0.0,-13.974205184127072
firm_disparity_a0.05,GİSELE BİLGİ TEKNOLOJİLERİ LİMİTED ŞİRKETİ,0.0,0.0,1,1,1,1,0.0,0.0,-13.974205184127072
firm_disparity_a0.05,GEMİNİ BÜRO SİS.VE DON.LTD.ŞTİ.,0.0,0.0,1,2,3,3,1.0986122886681098,1.0986122886681098,-13.974205184127072
firm_disparity_a0.05,İNFOLOJİ TEKNOLOJİ VE İNOVASYON A.Ş.,0.0,0.0,1,1,1,1,0.0,0.0,-13.974205184127072
firm_disparity_a0.05,GELİŞİM YÖNETİM SİSTEMLERİ A.Ş.,0.0,0.0,1,1,2,2,0.6931471805599453,0.6931471805599453,-13.974205184127072
firm_disparity_a0.05,GE MEDİCAL SYSTEMS TÜRKİYE LTD.ŞTİ,0.0,0.0,1,2,2,3,0.6931471805599453,1.0986122886681098,-13.974205184127072
firm_disparity_a0.05,GCA YAZILIM DANIŞMANLIK BİLGİ TEK.JEO.HİZ.TİC.LTD.ŞT,0.0,0.0,1,2,3,6,1.0986122886681098,1.791759469228055,-13.974205184127072
firm_disparity_a0.05,İNTER-SAN BİLGİSAYAR YAZILIM DONANIM ELEKTRONİK MÜHENDİSLİK İNŞAAT TAAHHÜT SANAYİ TURİZM İÇ VE DIŞ TİCARET LİMİTED ŞİRKETİ,0.0,0.0,1,3,3,5,1.0986122886681098,1.6094379124341003,-13.974205184127072
firm_disparity_a0.05,HUGOTEK BİLİŞİM ÇÖZÜMLERİ ANONİM ŞİRKETİ,0.0,0.0,1,1,2,2,0.6931471805599453,0.6931471805599453,-13.974205184127072
firm_disparity_a0.05,TEOGEN TEKNOLOJİ VE ENDÜSTRİYEL YAZILIM SİSTEMLERİ SANAYİ TİCARET LİMİTED ŞİRKETİ,0.0,0.0,1,1,1,1,0.0,0.0,-13.974205184127072
firm_disparity_a0.05,HOLYUM YAZILIM DONANIM MÜHENDİSLİK DANIŞMANLIK SANAYİ VE TİCARET LİMİTED ŞİRKETİ,0.0,0.0,1,2,2,5,0.6931471805599453,1.6094379124341003,-13.974205184127072
firm_disparity_a0.05,TMARKA MULTİMEDYA GRAFİK İLETİŞİM BİLİŞİM DANIŞMANLIK VE REKLAM HİZMETLERİ LİMİTED ŞİRKETİ,0.0,0.0,1,1,2,2,0.6931471805599453,0.6931471805599453,-13.974205184127072
firm_disparity_a0.05,HDH TEKNOLOJİ SANAYİ LİMİTED ŞİRKETİ,0.0,0.0,1,1,2,2,0.6931471805599453,0.6931471805599453,-13.974205184127072
firm_disparity_a0.05,HAVELSAN TEKNOLOJİ RADAR (HTR) SANAYİ VE TİCARET ANONİM ŞİRKETİ,0.0,0.0,1,1,1,1,0.0,0.0,-13.974205184127072
firm_disparity_a0.05,EDM BİLİŞİM SİSTEMLERİ VE DANIŞMANLIK HİZMETLERİ ANONİM ŞİRKETİ,0.0,0.0,2,1,1,1,0.0,0.0,-13.974205184127072
firm_disparity_a0.05,HASVET MEDİKAL YAZILIM SAĞLIK HİZMETLERİ SANAYİ VE TİCARET ANONİM ŞİRKETİ,0.0,0.0,1,1,1,1,0.0,0.0,-13.974205184127072
firm_disparity_a0.05,GÜNKA HARİTA TAAHHÜT TİCARET ANONİM ŞİRKETİ,0.0,0.0,1,1,1,1,0.0,0.0,-13.974205184127072
firm_disparity_a0.05,PSEUDONYM_588,0.0,0.0,1,3,14,24,2.6390573296152584,3.1780538303479458,-13.974205184127072
firm_disparity_a0.05,3E5 İLETİŞİM TANITIM VE TİCARET LİMİTED ŞİRKETİ,0.0,0.0,2,1,1,2,0.0,0.6931471805599453,-13.974205184127072
firm_disparity_a0.05,ŞAH BİLG.BÜRO MAK.MEEĞİT.GEREÇ.SAN.TİC.LTD.ŞTİ.,0.0,0.0,1,1,3,3,1.0986122886681098,1.0986122886681098,-13.974205184127072
firm_disparity_a0.05,GÜLDEM HARİTA İNŞAATTÜKETİM MADD.TİCSAN.LTD.ŞTİ.,0.0,0.0,1,1,1,2,0.0,0.6931471805599453,-13.974205184127072
firm_disparity_a0.05,PSEUDONYM_082,0.0,0.0,1,1,2,3,0.6931471805599453,1.0986122886681098,-13.974205184127072
firm_disparity_a0.05,İNTERSİS YAZILIM VE BİLİŞİM TEKNOLOJİLERİ SANAYİ VE TİCARET ANONİM ŞİRKETİ,0.0,0.0,1,2,3,3,1.0986122886681098,1.0986122886681098,-13.974205184127072
firm_disparity_a0.05,ARTEK GRUP BİLİŞİM BÜRO MALZEMELERİ TİCARET LİMİTED ŞİRKETİ,0.0,0.0,1,3,4,4,1.3862943611198906,1.3862943611198906,-13.974205184127072
firm_disparity_a0.05,ITM TEKNOLOJİ İLETİŞİM SİSTEMLER ANONİM ŞİRKETİ,0.0,0.0,1,2,2,2,0.6931471805599453,0.6931471805599453,-13.974205184127072
firm_disparity_a0.05,ISSD BİLİŞİM ELEKTRO NİK EĞT.SAN.VE TİC.L TD.ŞTİ.,0.0,0.0,1,1,3,3,1.0986122886681098,1.0986122886681098,-13.974205184127072
firm_disparity_a0.05,İTECH ROBOTİK OTOMASYON YENİLENEBİLİR ENERJİ EĞİTİM MEDİKAL TAAHHÜT SANAYİ VE TİCARET LİMİTED ŞİRKETİ,0.0,0.0,1,1,1,1,0.0,0.0,-13.974205184127072
firm_disparity_a0.05,SSL BİLİŞİM EĞİTİM DANIŞMANLIK ANONİM ŞİRKETİ,0.0,0.0,1,1,1,1,0.0,0.0,-13.974205184127072
firm_disparity_a0.05,PROVİT BİLİŞİM TEKNOLOJİLERİ TİCARETLTD.ŞTİ.,0.0,0.0,2,2,2,2,0.6931471805599453,0.6931471805599453,-13.974205184127072
firm_disparity_a0.05,TOYİSTAN EĞLENCE VE OYUNCAK SANAYİ LİMİTED ŞİRKETİ,0.0,0.0,1,1,1,1,0.0,0.0,-13.974205184127072
firm_disparity_a0.05,PSEUDONYM_692,0.0,0.0,1,1,1,1,0.0,0.0,-13.974205184127072
firm_disparity_a0.05,SOLENT BİLİŞİM TEKNOLOJİLERİ YAZILIM VE DONANIM ANONİM ŞİRKETİ,0.0,0.0,2,2,2,2,0.6931471805599453,0.6931471805599453,-13.974205184127072
firm_disparity_a0.05,PD ANADOLU ARAŞ DANEĞ VE BİL HİZ TİC LTD ŞTİ,0.0,0.0,2,2,3,3,1.0986122886681098,1.0986122886681098,-13.974205184127072
firm_disparity_a0.05,IMIS GLOBAL LIMITED,0.0,0.0,2,1,1,1,0.0,0.0,-13.974205184127072
firm_disparity_a0.05,REMM ENERJİ MÜHENDİSLİK DANIŞMANLIK HAYVANCILIK SANAYİ VE TİCARET LİMİTED ŞİRKETİ,0.0,0.0,1,1,1,2,0.0,0.6931471805599453,-13.974205184127072
firm_disparity_a0.05,IBSS TEKNOLOJİ VE YAZILIM ANONİM ŞİRKETİ,0.0,0.0,1,2,3,4,1.0986122886681098,1.3862943611198906,-13.974205184127072
firm_disparity_a0.05,GSA ELEKTRONİK PAZARLAMA VE TİC.LTD.ŞTİ.,0.0,0.0,1,1,1,1,0.0,0.0,-13.974205184127072
firm_disparity_a0.05,HİDROMOD ARGE VE YAZILIM LİMİTED ŞİRKETİ,0.0,0.0,1,1,1,1,0.0,0.0,-13.974205184127072
firm_disparity_a0.05,TUGA TEKNOLOJİ BİLİŞİM VE DANIŞMANLIK HİZMETLERİ LTD. ŞTİ.,0.0,0.0,1,3,4,5,1.3862943611198906,1.6094379124341003,-13.974205184127072
firm_disparity_a0.05,HYPERNET BİLİŞİM SANAYİ VE TİCARET LİMİTED ŞİRKETİ,0.0,0.0,1,3,7,7,1.9459101490553132,1.9459101490553132,-13.974205184127072
firm_disparity_a0.05,PSEUDONYM_269,0.0,0.0,1,1,11,12,2.3978952727983707,2.4849066497880004,-13.974205184127072
firm_disparity_a0.05,KOBİT BİLİŞİM YAZILIM DANIŞMANLIK SANAYİ VE TİCARET LİMİTED ŞİRKETİ.,0.0,0.0,1,1,1,1,0.0,0.0,-13.974205184127072
firm_disparity_a0.05,KEYM KENTSEL YENİLEME MERKEZİ VE GAYRİMENKUL YATIRIMLARI İNŞAAT SANAYİ VE TİC.A.Ş.,0.0,0.0,1,2,2,2,0.6931471805599453,0.6931471805599453,-13.974205184127072
firm_disparity_a0.05,KENTİM BİLİŞİM ANONİM ŞİRKETİ,0.0,0.0,1,1,1,1,0.0,0.0,-13.974205184127072
firm_disparity_a0.05,KENTBİS YAZILIM İŞLE TİM MÜH.LTD.ŞTİ.,0.0,0.0,1,1,1,1,0.0,0.0,-13.974205184127072
firm_disparity_a0.05,KAYNAK BİLİŞİM KURUM SAL TİCARET VE SANAY İ A.Ş.,0.0,0.0,1,2,2,3,0.6931471805599453,1.0986122886681098,-13.974205184127072
firm_disparity_a0.05,UNITEDWIT BİLİŞİM MÜHENDİSLİK DANIŞMANLIK İÇ VE DIŞ TİCARET SANAYİ LİMİTED ŞİRKETİ,0.0,0.0,1,2,2,2,0.6931471805599453,0.6931471805599453,-13.974205184127072
firm_disparity_a0.05,KARYA TEKNOLOJİ VE DANIŞMANLIK HİZMETLERİ A.Ş,0.0,0.0,1,1,1,2,0.0,0.6931471805599453,-13.974205184127072
firm_disparity_a0.05,SİSTEK DATA İLETİŞİMSİSTEMLERİ SAN.VE TİC.LTD.ŞTİ.,0.0,0.0,1,2,3,3,1.0986122886681098,1.0986122886681098,-13.974205184127072
firm_disparity_a0.05,KARDELEN GLOBAL BİLGİ TEKNOLOJİLERİ ANONİM ŞİRKETİ,0.0,0.0,1,1,3,4,1.0986122886681098,1.3862943611198906,-13.974205184127072
firm_disparity_a0.05,KAPİTTA BİLGİSAYAR İLETİŞİM ELEKT.EĞİT.VE DAN.PAZ.LTD.ŞTİ.,0.0,0.0,1,2,5,5,1.6094379124341003,1.6094379124341003,-13.974205184127072
firm_disparity_a0.05,KANT YAZILIM ANONİM ŞİRKETİ,0.0,0.0,1,3,2,3,0.6931471805599453,1.0986122886681098,-13.974205184127072
firm_disparity_a0.05,ARK BİLİŞİM MEDİKAL SANAYİ VE TİCARET LİMİTED ŞİRKETİ,0.0,0.0,1,1,3,6,1.0986122886681098,1.791759469228055,-13.974205184127072
firm_disparity_a0.05,ARGETE YAZILIM BİLİŞİM SANAYİ VE TİCARET LİMİTED ŞİRKETİ LİMİTED ŞİRKETİ,0.0,0.0,1,1,1,1,0.0,0.0,-13.974205184127072
firm_disparity_a0.05,ITSS BİLİŞİM HİZMETLERİ TİCARET ANONİM ŞİRKETİ,0.0,0.0,2,1,1,1,0.0,0.0,-13.974205184127072
firm_disparity_a0.05,TEKNO SERHATOĞLU BİLGİSAYAR SANAYİ VE TİCARET LİMİTED ŞİRKETİ,0.0,0.0,1,2,3,4,1.0986122886681098,1.3862943611198906,-13.974205184127072
firm_disparity_a0.05,SADAM SIFIR ATIK EĞİTİM PROJE VE DANIŞMANLIK MERKEZİ LİMİTED ŞİRKETİ,0.0,0.0,1,1,1,1,0.0,0.0,-13.974205184127072
firm_disparity_a0.05,ROBİT ROBOT OTOM.TEK DONANIM AR-GE DANŞMA TAAH.SAN.VE T.LDT.ŞT,0.0,0.5,2,1,1,1,0.0,0.0,-13.974205184127072
firm_disparity_a0.05,TEKNOMED BİLİŞ TEK SAĞ VE MED HİZM SANATİC LTD ŞTİ.,0.0,0.0,1,1,2,2,0.6931471805599453,0.6931471805599453,-13.974205184127072
firm_disparity_a0.05,SİBERA İLETİŞİM TEKNOLOJİLERİ SAN VETİC.LTD.ŞTİ.,0.0,0.0,1,2,2,3,0.6931471805599453,1.0986122886681098,-13.974205184127072
firm_disparity_a0.05,RAMİB NAKLİYE İNŞAAT BİLGİSAYAR ELEKTRİK OTOMOTİV TEKSTİL SANAYİ VE TİCARET LİMİTED ŞİRKETİ,0.0,0.0,1,2,1,2,0.0,0.6931471805599453,-13.974205184127072
firm_disparity_a0.05,LOGO YAZILIM SANAYİ VE TİÇARET ANONİM ŞİRKETİ,0.0,0.0,1,1,1,2,0.0,0.6931471805599453,-13.974205184127072
firm_disparity_a0.05,THSNET BİLİŞİM TEKNOLOJİ VE DANIŞMANLIK LİMİTED ŞİRKETİ,0.0,0.0,1,1,1,1,0.0,0.0,-13.974205184127072
firm_disparity_a0.05,PSEUDONYM_114,0.0,0.0,1,2,2,2,0.6931471805599453,0.6931471805599453,-13.974205184127072
firm_disparity_a0.05,PAYTEN TEKNOLOJİ ANONİM ŞİRKETİ,0.0,0.0,1,1,1,1,0.0,0.0,-13.974205184127072
firm_disparity_a0.05,KUZEYTEK GRUP ENDÜSTRİYEL HIRDAVAT SANAYİ VE TİCARET LİMİTED ŞİRKETİ,0.0,0.0,1,1,1,1,0.0,0.0,-13.974205184127072
firm_disparity_a0.05,OSEM İNŞAAT TEKNOLOJİ SANAYİ VE TİCARET LİMİTED ŞİRKETİ,0.0,0.0,1,1,1,1,0.0,0.0,-13.974205184127072
firm_disparity_a0.05,EMPATİK İNSAN KAYNAK LARI EĞİTİM VE D ANŞ.LTD.ŞTİ.,0.0,0.0,1,1,2,4,0.6931471805599453,1.3862943611198906,-13.974205184127072
firm_disparity_a0.05,İRİS BİLGİSAYAR VE BÜRO MALZEMELERİSAN.TİC.LTD.ŞTİ.,0.0,0.0,1,1,1,2,0.0,0.6931471805599453,-13.974205184127072
firm_disparity_a0.05,LTS BİLGİSAYAR ELEKTRONİK REKLAMCILIK BİLİŞİM VE DANIŞMANLIK HİZMETLERİ İTHALAT İHRACAT SANAYİ VE TİCARET LİMİTED ŞİRKETİ,0.0,0.0,1,1,1,1,0.0,0.0,-13.974205184127072
firm_disparity_a0.05,APAZ MEDİKAL ÜRÜN VE BİLİŞİM PROĞRAMLAMA SANAYİ TİCARET LİMİTED ŞİRKETİ,0.0,0.0,1,1,3,4,1.0986122886681098,1.3862943611198906,-13.974205184127072
firm_disparity_a0.05,TEKNİKALPARK KOPYALAMA BASKI SİSTEMLERİ BİLGİSAYAR VE BÜRO MAKİNALARI KIRTASİYE DAYANIKLI TÜKETİM MALLARI İNŞAAT TAŞIMACILIK LİMİTED ŞİRKETİ,0.0,0.0,1,1,1,1,0.0,0.0,-13.974205184127072
firm_disparity_a0.05,ŞAHİNOĞLU BİLGİSAYARİNŞAAT KIRTASİYESAN.VE TİC.LTD.Ş,0.0,0.0,1,3,3,4,1.0986122886681098,1.3862943611198906,-13.974205184127072
firm_disparity_a0.05,R2 TEKNOLOJİ BİLİŞİM ÇÖZÜMLERİ HİZMETLERİ SANAYİ TİCARET LİMİTED ŞİRKETİ,0.0,0.0,1,3,3,3,1.0986122886681098,1.0986122886681098,-13.974205184127072
firm_disparity_a0.05,SOLVENT YAZILIM VE BİLGİSAYAR HİZMETLERİ DANIŞMANLIK İÇ VE DIŞ TİCARET SANAYİ LİMİTED ŞİRKETİ,0.0,0.0,1,1,9,10,2.1972245773362196,2.302585092994046,-13.974205184127072
firm_disparity_a0.05,LİNEER BİLİŞİM TEKNO LOJİLERİ CBS OTOM.Bİ LG.TİC.LTD.ŞTİ.,0.0,0.0,1,2,2,2,0.6931471805599453,0.6931471805599453,-13.974205184127072
firm_disparity_a0.05,LUNA ICT YAZILIM BİLGİSAYAR TİCARET LİMİTED ŞİRKETİ,0.0,0.0,1,1,1,1,0.0,0.0,-13.974205184127072
firm_disparity_a0.05,SZR BİLİŞİM TEKNOLOJİLERİ TİCARET LİMİTED ŞİRKETİ,0.0,0.0,1,1,1,1,0.0,0.0,-13.974205184127072
firm_disparity_a0.05,LST YAZILIM ELEKTRON İK VE İLETİŞİM T EK.TİC.LTD.ŞTİ.,0.0,0.5,2,7,10,10,2.302585092994046,2.302585092994046,-13.974205184127072
firm_disparity_a0.05,BİLİŞİM KÜPÜ BİLGİSAYAR SANAYİ VE TİCARET LİMİTED ŞİRKETİ,0.0,0.0,1,3,3,3,1.0986122886681098,1.0986122886681098,-13.974205184127072
firm_disparity_a0.05,ABH AVRUPA BİLİŞİM HİZMETLERİ SANAYİ TİCARET LİMİTED ŞİRKETİ.,0.0,0.0,1,1,5,6,1.6094379124341003,1.791759469228055,-13.974205184127072
firm_disparity_a0.05,YE-PA YENİMAHALLE GIYAY.TEM.ÇE.DÜZ.İNŞ.TUR.SAN.TİC.LTD.ŞTİ.,0.0,0.0,1,1,1,1,0.0,0.0,-13.974205184127072
firm_disparity_a0.05,A VE G ARAŞTIRMA LTDŞTİ.,0.0,0.0,1,1,2,2,0.6931471805599453,0.6931471805599453,-13.974205184127072
firm_disparity_a0.05,5M BİLİŞİM YAZILIM ELEKTRONİK REKLAM SİNEMA GIDA EĞİTİM YÖNETİM DANIŞMANLIĞI SANAYİ VE TİCARET LİMİTED ŞİRKETİ,0.0,0.0,1,2,4,4,1.3862943611198906,1.3862943611198906,-13.974205184127072
firm_disparity_a0.05,360 AKADEMİ EĞİTİM BİLİŞİM TİCARET LİMİTED ŞİRKETİ,0.0,0.0,1,1,1,1,0.0,0.0,-13.974205184127072
firm_disparity_a0.05,TUNA BİLGİ TEKNOLOJİLERİ SANAYİ VE TİCARET LİMİTED ŞİRKETİ,0.0,0.0,1,1,1,1,0.0,0.0,-13.974205184127072
firm_disparity_a0.05,VİS TEKNOLOJİ VE BİLİŞİM HİZMETLERİ SANAYİ TİC.LTD.ŞTİ.,0.0,0.0,1,1,1,1,0.0,0.0,-13.974205184127072
firm_disparity_a0.05,SAVAŞ MEDİKAL LABORATUAR MALZEMELERİ SANAYİ TİCARET ANONİM ŞİRKETİ,0.0,0.0,1,1,1,1,0.0,0.0,-13.974205184127072
firm_disparity_a0.05,METOD ARAÇ TAKİP VE ARAÇ İÇİ İZLEME ÇÖZÜMLERİ İLETİŞİM BİLGİSAYAR SANAYİ VE TİCARET ANONİM ŞİRKETİ,0.0,0.0,1,1,1,1,0.0,0.0,-13.974205184127072
firm_disparity_a0.05,POLARNEXT MÜHENDİSLİK LİMİTED ŞİRKETİ,0.0,0.0,1,2,3,4,1.0986122886681098,1.3862943611198906,-13.974205184127072
firm_disparity_a0.05,MERSİN ÇİZGİ TEKNOLOJİ BÜRO MAKİNALARI GÜVENLİK SANAYİ VE TİCARET LİMİTED ŞİRKETİ,0.0,0.0,1,1,1,2,0.0,0.6931471805599453,-13.974205184127072
firm_disparity_a0.05,MERKEZ COĞRAFYA BİLİŞİM SİSTEMLERİ VE MÜHENDİSLİK LİMİTED ŞİRKETİ,0.0,0.0,1,3,9,9,2.1972245773362196,2.1972245773362196,-13.974205184127072
firm_disparity_a0.05,MEKSEM MÜHENDİSLİK DANIŞMANLIK ENERJİ SİSTEMLERİ SANAYİ TİCARET LİMİTED ŞİRKETİ,0.0,0.0,1,1,1,1,0.0,0.0,-13.974205184127072
firm_disparity_a0.05,MEKANSAL YAZILIM DANIŞMANLIK TİCARET LİMİTED ŞİRKETİ,0.0,0.0,1,1,1,1,0.0,0.0,-13.974205184127072
firm_disparity_a0.05,ASİST BİLGİ TEKNOLOJİLERİ VE ELKTRONİK HABERLEŞME LİMİTED ŞİRKETİ.,0.0,0.0,1,4,4,4,1.3862943611198906,1.3862943611198906,-13.974205184127072
firm_disparity_a0.05,MEDOC TEKNOLOJİ YAZILIM DANIŞMANLIK BİLİŞİM PAZARLAMA İTHALAT İHRACAT TİCARET LİMİTED ŞİRKETİ,0.0,0.0,1,2,2,2,0.6931471805599453,0.6931471805599453,-13.974205184127072
firm_disparity_a0.05,PSEUDONYM_455,0.0,0.0,1,1,1,1,0.0,0.0,-13.974205184127072
firm_disparity_a0.05,PSEUDONYM_059,0.0,0.0,1,1,2,2,0.6931471805599453,0.6931471805599453,-13.974205184127072
firm_disparity_a0.05,ASİS ELEKTRONİK VE BİLİŞİM SİSTEMLERİ ANONİM ŞİRKETİ,0.0,0.0,1,1,1,1,0.0,0.0,-13.974205184127072
firm_disparity_a0.05,MDA TECH TEKNOLOJİ LİMİTED ŞİRKETİ,0.0,0.0,1,1,1,1,0.0,0.0,-13.974205184127072
firm_disparity_a0.05,İKİSEL ELEKTRONİK İNŞAAT SANAYİ VE TİCARET LİMİTED ŞİRKETİ,0.0,0.0,1,1,1,1,0.0,0.0,-13.974205184127072
firm_disparity_a0.05,PROYAPI MÜHENDİSLİK VE MÜŞAVİRLİK ANONİM ŞİRKETİ,0.0,0.0,1,1,1,1,0.0,0.0,-13.974205184127072
firm_disparity_a0.05,ASIR DİGİTAL BİLGİ SİSTEMLERİ ANONİM ŞİRKETİ,0.0,0.0,1,3,4,4,1.3862943611198906,1.3862943611198906,-13.974205184127072
firm_disparity_a0.05,LİV TEKNOLOJİ PAZARLAMA LİMİTED ŞİRKETİ,0.0,0.0,1,2,3,3,1.0986122886681098,1.0986122886681098,-13.974205184127072
firm_disparity_a0.05,MİKROLİNK BİLİŞİM SANAYİ TİCARET ANONİM ŞİRKETİ,0.0,0.0,1,1,1,1,0.0,0.0,-13.974205184127072
firm_disparity_a0.05,ÇAĞRI NAK.TAA.TUR.TE K.GÜV.SİS.VE TEM HİZ.TİC.SN.LTD.Ş,0.0,0.0,1,1,1,1,0.0,0.0,-13.974205184127072
firm_disparity_a0.05,PSEUDONYM_582,0.0,0.0,1,1,1,1,0.0,0.0,-13.974205184127072
firm_disparity_a0.05,PSEUDONYM_364,0.0,0.0,1,1,1,1,0.0,0.0,-13.974205184127072
firm_disparity_a0.05,PSEUDONYM_372,0.0,0.0,1,1,1,1,0.0,0.0,-13.974205184127072
firm_disparity_a0.05,MOTTO BİLGİ İŞLEM HİZMETLERİ VE TİCARET ANONİM ŞİRKETİ,0.0,0.0,1,2,3,3,1.0986122886681098,1.0986122886681098,-13.974205184127072
firm_disparity_a0.05,MOSK BİLİŞİM TEKNOLOJİLERİ SANAYİ VE TİCARET LİMİTED ŞİRKETİ,0.0,0.0,1,2,3,3,1.0986122886681098,1.0986122886681098,-13.974205184127072
firm_disparity_a0.05,MOR YAZILIM HİZMETLERİ VE BİLGİSAYARSİSTEML.LTD.ŞTİ.,0.0,0.0,1,2,2,2,0.6931471805599453,0.6931471805599453,-13.974205184127072
firm_disparity_a0.05,MODÜL PLANLAMA HARİTA İNŞ. VE TİC. LTD.ŞTİ.,0.0,0.0,1,1,1,1,0.0,0.0,-13.974205184127072
firm_disparity_a0.05,VODAFONE NET İLETİŞİM HİZMETLERİ ANONİM ŞİRKETİ,0.0,0.0,2,3,10,11,2.302585092994046,2.3978952727983707,-13.974205184127072
firm_disparity_a0.05,V.E.B. BİLGİ İŞLEM OTOMASYON ÖZEL EĞİTİM HİZMETLERİ DANIŞMANLIK İNŞAAT YEMEKÇİLİK LOKANTA KAFETERYA GIDA TİCARET VE SANAYİ LİMİTED ŞİRKETİ,0.0,0.0,1,3,3,4,1.0986122886681098,1.3862943611198906,-13.974205184127072
firm_disparity_a0.05,MOBİLSERVİS ÇAĞRI TAKİP VE BİLGİLENDİRME SİSTEMLERİ ANONİM ŞİRKETİ,0.0,0.0,1,1,1,1,0.0,0.0,-13.974205184127072
firm_disparity_a0.05,MLG BİLİŞİM ANONİM ŞİRKETİ,0.0,0.0,1,3,3,3,1.0986122886681098,1.0986122886681098,-13.974205184127072
firm_disparity_a0.05,METİS BİLİŞİM YAZILIM DANIŞMANLIK EĞT.VE YAY HİZ TİC LTD ŞTİ,0.0,0.0,1,1,2,3,0.6931471805599453,1.0986122886681098,-13.974205184127072
firm_disparity_a0.05,PSEUDONYM_391,0.0,0.0,2,4,4,4,1.3862943611198906,1.3862943611198906,-13.974205184127072
firm_disparity_a0.05,ÖZBAŞLAR DAYANIKLI TÜK.MAL.SAN.VE TİC.LTD.ŞTİ.,0.0,0.0,1,1,1,1,0.0,0.0,-13.974205184127072
firm_disparity_a0.05,NEXTNORMAL TEKNOLOJİ VE YAZILIM GELİŞTİRME TİCARET LİMİTED ŞİRKETİ,0.0,0.0,1,1,2,2,0.6931471805599453,0.6931471805599453,-13.974205184127072
firm_disparity_a0.05,WDR BİLGİ TEKNOLOJİLERİ VE SAVUNMA SANAYİ TİCARET LİMİTED ŞİRKETİ,0.0,0.0,1,1,1,1,0.0,0.0,-13.974205184127072
firm_disparity_a0.05,NETİKET BİLİŞİM İLE. DAN.EĞİT.HİZM.SA N.VE TİC.LTD.ŞTİ,0.0,0.0,1,1,2,2,0.6931471805599453,0.6931471805599453,-13.974205184127072
firm_disparity_a0.05,NETİKET BİLGİ TEKNOLOJİLERİ LİMİTED ŞİRKETİ,0.0,0.0,1,2,3,3,1.0986122886681098,1.0986122886681098,-13.974205184127072
firm_disparity_a0.05,NETFİKS BİLGİ TEKNOLOJİLERİ SANAYİ VE TİCARET LİMİTED ŞİRKETİ,0.0,0.0,1,2,2,3,0.6931471805599453,1.0986122886681098,-13.974205184127072
firm_disparity_a0.05,ÇANKAYA GROUP GÜVENLİK SİSTEMLERİ TİCARET LİMİTED ŞİRKETİ,0.0,0.0,1,1,1,1,0.0,0.0,-13.974205184127072
firm_disparity_a0.05,UÇBEYİ SİBER GÜVENLİK VE BİLİŞİM SİSTEMLERİ ANONİM ŞİRKETİ,0.0,0.0,1,2,2,2,0.6931471805599453,0.6931471805599453,-13.974205184127072
firm_disparity_a0.05,UVMSYSTEMS TR BİLİŞİM TEKNOLOJİLERİ LİMİTED ŞİRKETİ,0.0,0.0,1,1,1,1,0.0,0.0,-13.974205184127072
firm_disparity_a0.05,TERACİTY YAZILIM TEKNOLOJİLERİ SANAYİ VE TİCARET ANONİM ŞİRKETİ,0.0,0.0,1,3,7,11,1.9459101490553132,2.3978952727983707,-13.974205184127072
firm_disparity_a0.05,PSEUDONYM_690,0.0,0.0,1,1,1,1,0.0,0.0,-13.974205184127072
firm_disparity_a0.05,PSEUDONYM_468,0.0,0.0,1,3,5,6,1.6094379124341003,1.791759469228055,-13.974205184127072
firm_disparity_a0.05,İDEKS DANIŞMANLIK EĞİTİM VE BİLİŞİM TEKNOLOJİLERİ MEDYA REKLAM TİCARET LTD.ŞTİ.,0.0,0.0,2,1,1,1,0.0,0.0,-13.974205184127072
firm_disparity_a0.05,UTARİT BİLİŞİM HİZMETLERİ SANAYİ VE TİCARET A.Ş.,0.0,0.0,1,3,4,4,1.3862943611198906,1.3862943611198906,-13.974205184127072
firm_disparity_a0.05,NAR YAZILIM OTOMASYON TEK.EĞİTİM VEDAN.LTD.ŞTİ.,0.0,0.0,1,1,1,2,0.0,0.6931471805599453,-13.974205184127072
firm_disparity_a0.05,MİRSOFT BİLİŞİM YAZILIM TEKNOLOJİLERİ TİCARET LİMİTED ŞİRKETİ,0.0,0.0,1,1,1,1,0.0,0.0,-13.974205184127072
firm_disparity_a0.05,MİNOVA TEK.ELKTRONİK SAN.VE TİC.LTD.Ş Tİ.,0.0,0.0,1,1,1,1,0.0,0.0,-13.974205184127072
firm_disparity_a0.05,PVA TEKNOLOJİ LİMİTED ŞİRKETİ,0.0,0.0,1,3,3,3,1.0986122886681098,1.0986122886681098,-13.974205184127072
firm_disparity_a0.05,PLATO BİLGİSAYAR ÜRÜNLERİ PAZ SANAYİ TİCARET LİMİTED ŞİRKETİ,0.0,0.0,1,2,2,2,0.6931471805599453,0.6931471805599453,-13.974205184127072
firm_disparity_a0.05,ÖZKARDEŞLER ELK ELKTRONİK GIDA MADL İTHİHR.SAN TİC LTD.ŞTİ.,0.0,0.0,1,2,5,5,1.6094379124341003,1.6094379124341003,-13.974205184127072
firm_disparity_a0.05,SECUVVORLD GÜVENLİK TEKNOLOJİLERİ DIŞ TİCARET LİMİTED ŞİRKETİ,0.0,0.0,1,1,1,1,0.0,0.0,-13.974205184127072
firm_disparity_a0.05,PSEUDONYM_209,0.0,0.0,1,1,1,2,0.0,0.6931471805599453,-13.974205184127072
firm_disparity_a0.05,PROTEC BİLİŞİM SANAYİ VE TİCARET LİMİTED ŞİRKETİ,0.0,0.0,1,3,3,3,1.0986122886681098,1.0986122886681098,-13.974205184127072
firm_disparity_a0.05,PEGAS GRUP TEMZ.BİLG PEYZAJ VE ÇEV.DÜZ.YE M.ÜR.HİZ.NAK.SAN.LTD,0.0,0.0,1,1,2,3,0.6931471805599453,1.0986122886681098,-13.974205184127072
firm_disparity_a0.05,VERİFONE ELEKTRONİK VE DANIŞMANLIK LTD ŞTİ,0.0,0.0,1,1,1,1,0.0,0.0,-13.974205184127072
firm_disparity_a0.05,TRNETWORK BİLİŞİM DANIŞMANLIK VE DESTEK HİZMETLERİ SANAYİ VE TİCARET LİMİTED ŞİRKETİ,0.0,0.0,1,4,4,5,1.3862943611198906,1.6094379124341003,-13.974205184127072
firm_disparity_a0.05,TEKEKİP BİLGİ TEKNOLOJİLERİ REKLAM DANIŞMANLIK VE ORGANİZASYON HİZMETLERİ SANAYİ VE TİCARET LİMİTED ŞİRKETİ,0.0,0.0,1,1,6,6,1.791759469228055,1.791759469228055,-13.974205184127072
firm_disparity_a0.05,OVERTECH BİLGİ TEKNOLOJİLERİ ANONİM ŞİRKETİ,0.0,0.0,1,1,1,4,0.0,1.3862943611198906,-13.974205184127072
firm_disparity_a0.05,PSEUDONYM_113,0.0,0.0,1,1,1,2,0.0,0.6931471805599453,-13.974205184127072
firm_disparity_a0.05,ONAT TEMİZLİK BİLGİ İŞLEM İNŞAAT GID .SAN.TİC.LTD.ŞTİ,0.0,0.0,1,1,1,1,0.0,0.0,-13.974205184127072
firm_disparity_a0.05,USSAL YAZILIM TİCARET LİMİTED ŞİRKETİ,0.0,0.0,1,1,2,3,0.6931471805599453,1.0986122886681098,-13.974205184127072
firm_disparity_a0.05,NOKTASAL YAZILIM İNŞAAT SANAYİ TİCARET LİMİTED ŞİRKETİ,0.0,0.0,1,1,2,3,0.6931471805599453,1.0986122886681098,-13.974205184127072
firm_disparity_a0.05,SİBEL ELEKTRİK TİC. VE SAN.LTD.ŞTİ.,0.0,0.0,2,1,1,1,0.0,0.0,-13.974205184127072
firm_disparity_a0.05,VİZYON ELEKTRONİK BİLŞ.SİS.VE DANŞ.SAN.TİC.LTD.ŞTİ.,0.0,0.0,1,2,2,2,0.6931471805599453,0.6931471805599453,-13.974205184127072
firm_disparity_a0.05,PSEUDONYM_124,0.0,0.0,1,1,1,1,0.0,0.0,-13.974205184127072
firm_disparity_a0.05,URBAN HACKS BİLGİ TEKNOLOJİLERİ LİMİTED ŞİRKETİ,0.0,0.0,1,1,1,1,0.0,0.0,-13.974205184127072
firm_disparity_a0.05,SODER BİLGİ TEKNOLOJİLERİ ANONİM ŞİRKETİ,0.0,0.0,1,2,8,9,2.0794415416798357,2.1972245773362196,-13.974205184127072
firm_disparity_a0.05,PROFELİS BİLİŞİM VE DANIŞMANLIK TİCARET VE SANAYİ LİMİTED ŞİRKETİ,0.0,0.0,1,3,4,6,1.3862943611198906,1.791759469228055,-13.974205184127072
firm_disparity_a0.05,TELESKOP YAZILIM TEKNOLOJİLERİ ANONİM ŞİRKETİ,0.0,0.5,2,1,2,2,0.6931471805599453,0.6931471805599453,-13.974205184127072
firm_disparity_a0.05,PROCEN DANIŞMANLIK BİLGİ TEKNOLOJİLERİ EĞİTİM VE BELGELENDİRME HİZMETLERİ TİCARET LİMİTED ŞİRKETİ,0.0,0.0,1,1,1,1,0.0,0.0,-13.974205184127072
firm_disparity_a0.05,İNFOTELİCA BİLGİ TEKNOLOJİLERİ SANAYİ VE TİCARET LİMİTED ŞİRKETİ,0.0,0.0,1,3,5,16,1.6094379124341003,2.772588722239781,-13.974205184127072
firm_disparity_a0.05,PRODİGİ BİLİŞİM TEKNOLOJİLERİ SAN.VETİC.LTD.ŞTİ.,0.0,0.0,1,5,5,11,1.6094379124341003,2.3978952727983707,-13.974205184127072
firm_disparity_a0.05,İNTERNETTE REKLAM REKLAM HİZMETLERİ A.Ş.,0.0,0.0,1,1,1,1,0.0,0.0,-13.974205184127072
firm_disparity_a0.05,SEPRASOFT BİLGİSAYARYAZILIM MED.İNŞ.TA TEM O İTİHVETİCLTDŞTİ,0.0,0.0,1,1,1,1,0.0,0.0,-13.974205184127072
firm_disparity_a0.05,VİAVİZYON LED TEKNOLOJİLERİ TRAFİK YÖNETİM SİSTEMLERİ SANAYİ VE TİCARET LİMİTED ŞİRKETİ,0.0,0.0,1,1,1,1,0.0,0.0,-13.974205184127072
firm_disparity_a0.05,RESET BİLGİ TEKNOLOJİLERİ SANAYİ VE TİCARET ANONİM ŞİRKETİ,0.0,0.0,1,5,7,7,1.9459101490553132,1.9459101490553132,-13.974205184127072
firm_disparity_a0.05,POZİTİFİK ÖLÇME DEĞERLENDİRME VE ARAŞTIRMA HİZ.LTD.ŞTİ.,0.0,0.0,1,1,1,1,0.0,0.0,-13.974205184127072
firm_disparity_a0.05,PLUXEE ÇALIŞAN DENEYİMİ DANIŞMANLIK VE PAZARLAMA HİZMETLERİ ANONİM ŞİRKETİ,0.0,0.0,1,1,1,1,0.0,0.0,-13.974205184127072
firm_disparity_a0.05,PRODES GRUP BİLGİSAYAR YAZILIM BİLİŞİM İNŞAAT HİZMETLERİ SANAYİ VE TİCARET LİMİTED ŞİRKETİ,0.0,0.0,1,2,2,3,0.6931471805599453,1.0986122886681098,-13.974205184127072
firm_disparity_a0.05,SİSTEM BİLGİSAYAR VE TEKNİK HİZ.SAN.A.Ş.,0.0,0.0,1,1,1,1,0.0,0.0,-13.974205184127072
firm_disparity_a0.05,ÇEKİNO BİLGİ TEKNOLOJİLERİ ANONİM ŞİRKETİ,0.0,0.0,1,4,4,4,1.3862943611198906,1.3862943611198906,-13.974205184127072
firm_disparity_a0.05,4 YÜZ PRODÜKSİYON SANAYİ VE DIŞ TİC.LTD.ŞTİ.,0.0,0.0,1,1,1,1,0.0,0.0,-13.974205184127072
firm_disparity_a0.05,PSEUDONYM_447,0.0,0.0,1,1,1,2,0.0,0.6931471805599453,-13.974205184127072
firm_disparity_a0.05,KPM İLERİ TEKNOLOJİLERİ VE DANIŞMANLIK LİMİTED ŞİRKETİ,0.0,0.0,1,1,1,1,0.0,0.0,-13.974205184127072
firm_disparity_a0.05,ALİN BİLİŞİM KIRTASİYE GIDA TEMİZLİK TURİZM TAŞIMACILIK İNŞAAT SANAYİ VE TİCARET LİMİTED ŞİRKETİ,0.0,0.0,1,1,1,1,0.0,0.0,-13.974205184127072
firm_disparity_a0.05,3M BİLİŞİM TEKNOLOJİLERİ LİMİTED ŞİRKETİ,0.0,0.0,1,1,1,1,0.0,0.0,-13.974205184127072
firm_disparity_a0.05,PSEUDONYM_679,0.0,0.0,1,1,1,1,0.0,0.0,-13.974205184127072
firm_disparity_a0.05,ROYAL SOSYAL HİZMETLER İNŞAAT OTOMASYON ÖZEL SAĞLIK TAAHÜT VE TİCARET LİMİTED ŞİRKETİ,0.0,0.0,1,1,1,1,0.0,0.0,-13.974205184127072
firm_disparity_a0.05,TCHEALTH BİLGİ TEKNOLOJİLERİ ANONİM ŞİRKETİ,0.0,0.0,1,3,3,4,1.0986122886681098,1.3862943611198906,-13.974205184127072
firm_disparity_a0.05,SİTE TELEKOM ANONİM ŞİRKETİ,0.0,0.0,1,1,1,2,0.0,0.6931471805599453,-13.974205184127072
firm_disparity_a0.05,TEKNİK MÜHENDİSLİK H ARİTA İNŞAAT TİCARET VE SANAYİ LTD.ŞTİ.,0.0,0.0,1,1,1,1,0.0,0.0,-13.974205184127072
firm_disparity_a0.05,İ SİSTEM BİLGİ TEKNO LOJİLERİ SAN.VE TİC. A.Ş.,0.0,0.0,1,3,4,4,1.3862943611198906,1.3862943611198906,-13.974205184127072
firm_disparity_a0.05,TEKNOPOLİTEN KURUMSAL BİLGİ TEKNOLOJİLERİ ELEKT.OTOM.EML.DAN.SAN. VE TİC.LTD.ŞTİ.,0.0,0.0,1,1,1,1,0.0,0.0,-13.974205184127072
firm_disparity_a0.05,TOYA YAZILIM DANIŞMANLIK BİLİŞİM HİZMETLERİ İNŞAAT TARIM HAYVANCILIK YENİLENEBİLİR ENERJİ SANAYİ TİCARET LİMİTED ŞİRKETİ,0.0,0.0,1,1,1,1,0.0,0.0,-13.974205184127072
firm_disparity_a0.05,RENKLAM MEDYA İLETİŞİM VE TİC.LTD.ŞTİ.,0.0,0.0,2,1,2,2,0.6931471805599453,0.6931471805599453,-13.974205184127072
firm_disparity_a0.05,VEKTORA BİLİŞİM TEKNOLOJİLERİ A.Ş.,0.0,0.0,1,1,2,2,0.6931471805599453,0.6931471805599453,-13.974205184127072
firm_disparity_a0.05,TOPSAKAL BİLGİ TEKNOLOJİLERİ EMLAK İNŞAAT TURİZM OTOMOTİV SANAYİ VE TİCARET LİMİTED ŞİRKETİ,0.0,0.0,1,2,2,2,0.6931471805599453,0.6931471805599453,-13.974205184127072
firm_disparity_a0.05,TETRA SİBER GÜVENLİK DANIŞMANLIK ANONİM ŞİRKETİ,0.0,0.0,1,1,3,3,1.0986122886681098,1.0986122886681098,-13.974205184127072
firm_disparity_a0.05,TEKNOWITH BİLİŞİM VE TİCARET LİMİTED ŞİRKETİ,0.0,0.0,1,1,1,1,0.0,0.0,-13.974205184127072
firm_disparity_a0.05,VADORA YAZILIM BİLİŞİM EĞİTİM DANIŞMANLIK TİCARET A.Ş.,0.0,0.0,1,1,12,15,2.4849066497880004,2.70805020110221,-13.974205184127072
firm_disparity_a0.05,ÜLKEM İNŞAAT MADENCİLİK VE ELEKTRONİK SANAYİ TİCARET ANONİM ŞİRKETİ,0.0,0.0,1,3,3,3,1.0986122886681098,1.0986122886681098,-13.974205184127072
firm_disparity_a0.05,YORDAM BİLGİ TEKNOLOJİ DANIŞMANLIK EĞİTİM VE ELEKTRONİK SİSTEMLERİ SANAYİ TİCARET LİMİTED ŞİRKETİ,0.0,0.0,1,2,2,3,0.6931471805599453,1.0986122886681098,-13.974205184127072
firm_disparity_a0.05,PİRİREİS BİLİŞİM TEK NOLOJİLERİ YAZIL IM MÜH.B.E.T.L.Ş,0.0,0.0,1,1,3,3,1.0986122886681098,1.0986122886681098,-13.974205184127072
firm_disparity_a0.05,SEKTÖRSOFT YAZILIM ARGE ANONİM ŞİRKETİ,0.0,0.0,1,1,1,1,0.0,0.0,-13.974205184127072
firm_disparity_a0.05,İDEAL BİLGİ YÖNETİMİ SOSYAL SAĞLIK HİZMETLER EĞİTİM TERCÜME ORGANİZASYON SANAYİ VE TİCARET LİMİTED ŞİRKETİ,0.0,0.0,1,1,1,3,0.0,1.0986122886681098,-13.974205184127072
firm_disparity_a0.05,PİKSEL BİLGİ VE İLİTEŞİM SİSTEMLERİ DIŞ TİCARET YAPI ELEMANLARI SANAYİ LTD.ŞTİ.,0.0,0.0,1,3,3,4,1.0986122886681098,1.3862943611198906,-13.974205184127072
firm_disparity_a0.05,PUKASOFT YAZILIM SANAYİ VE TİCARET LİMİTED ŞİRKETİ,0.0,0.0,1,1,1,1,0.0,0.0,-13.974205184127072
firm_disparity_a0.05,32 BİT BİLGİSAYAR Hİ Z.SAN.VE TİC.LTD .ŞTİ.,0.0,0.0,1,1,1,1,0.0,0.0,-13.974205184127072
firm_disparity_a0.05,24 EĞİTİM YAZILIM TEKNOLOJİ BİLİŞİM DANIŞMANLIK SANAYİ VE TİCARET ANONİM ŞİRKETİ,0.0,0.0,1,2,2,2,0.6931471805599453,0.6931471805599453,-13.974205184127072
firm_disparity_a0.05,2 EN BİLİŞİM VE İLETİŞİM HİZMETLERİ SANAYİ TİCARET LİMİTED ŞİRKETİ.,0.0,0.0,1,1,1,1,0.0,0.0,-13.974205184127072
firm_disparity_a0.05,TÜRK TELEKOMÜNİKASYAN ANONİM ŞİRKETİ,0.0,0.0,1,1,1,1,0.0,0.0,-13.974205184127072
firm_disparity_a0.01,NETCAD YAZILIM ANONİM ŞİRKETİ,0.1397927273604468,0.40816326530612257,21,6,92,112,4.5217885770490405,4.718498871295094,-1.9675577739230417
firm_disparity_a0.01,C.B.K.SOFT YAZILIM DONANIM ELEKTRONİK VE BİLGİSAYAR SİSTEMLERİ SANAYİ TİCARET ANONİM ŞİRKETİ,0.12987252962160137,0.5987654320987654,18,2,72,82,4.276666119016055,4.406719247264253,-2.041162349473465
firm_disparity_a0.01,SENTİM BİLİŞİM TEKNO LOJİLERİ SANAYİ VE TİC.A.Ş.,0.11965278075847081,0.5925925925925926,18,7,57,78,4.04305126783455,4.356708826689592,-2.1231183488385086
firm_disparity_a0.01,FORTE BİLGİ İLETİŞİM TEKNOLOJİLERİ VE SAVUNMA SANAYİ ANONİM ŞİRKETİ,0.11930534397237086,0.6755555555555556,15,10,48,82,3.871201010907891,4.406719247264253,-2.1260261563340603
firm_disparity_a0.01,INNOSA BİLİŞİM TEKNOLOJİLERİ YAPI SANAYİ VE TİCARET ANONİM ŞİRKETİ,0.09535161722729057,0.44897959183673464,7,6,20,50,2.995732273553991,3.912023005428146,-2.3501301840013764
firm_disparity_a0.01,UNİVERSAL YAZILIM ANONİM ŞİRKETİ,0.0843466324258642,0.5625,8,7,45,79,3.8066624897703196,4.3694478524670215,-2.472759572957819
firm_disparity_a0.01,İŞ YAZILIM DONANIM ELEKT DAN TEL KI TU ME İN İT İH S V T L Ş,0.06249616026526793,0.6419753086419753,9,5,41,46,3.713572066704308,3.828641396489095,-2.772568074092971
firm_disparity_a0.01,ÜNİVERSAL BİLGİ TEKNOLOJİLERİ LTD.ŞTİ.,0.055544548821859774,0.31999999999999984,5,6,24,34,3.1780538303479458,3.5263605246161616,-2.8904775400672658
firm_disparity_a0.01,FONET BİLGİ TEKNOLOJİLERİ ANONİM ŞİRKETİ,0.0516009520601832,0.31404958677685935,11,4,115,208,4.74493212836325,5.337538079701318,-2.9641157390727635
firm_disparity_a0.01,AKGÜN BİLGİSAYAR PROGRAM VE HİZ.SAN.TİC.LTD.ŞİRKETİ,0.0475552138522828,0.17999999999999994,10,8,110,166,4.700480365792417,5.111987788356544,-3.0457559719142018
firm_disparity_a0.01,KOÇ SİSTEM BİLGİ VE İLETİŞİM HİZMELERİ ANONİM ŞİRKETİ,0.0394155731895353,0.2777777777777777,12,8,32,63,3.4657359027997265,4.143134726391533,-3.2334641324962745
firm_disparity_a0.01,EMSAL BİLİŞİM MEDİKAL ELEKT.OTOMASYON SİST.SAN.TİC.LTD.ŞTİ.,0.03665083749117361,0.4444444444444444,3,3,8,10,2.0794415416798357,2.302585092994046,-3.306179033116302
firm_disparity_a0.01,APHEL BİLİŞİM HİZMETLERİ DANIŞMANLIK TİCARET LİMİTED ŞİRKETİ,0.03533768299251421,0.0,7,6,22,28,3.091042453358316,3.332204510175204,-3.342660210002966
firm_disparity_a0.01,NETCOM BİLGİSAYAR YAZ.İNT.VE TELEKO.HİZ.SAN.TİC.A.Ş.,0.033261074223997836,0.625,4,5,16,19,2.772588722239781,2.9444389791664403,-3.4032132777791735
firm_disparity_a0.01,YÖNSİS BİLGİSAYAR SİSTEMLERİ SANAYİVE TİCARET A.Ş.,0.03298593027847434,0.625,4,4,13,18,2.5649493574615367,2.8903717578961645,-3.4115186470711656
firm_disparity_a0.01,LTS BİLİŞİM TEKNOLOJİLERİ TİCARET LİMİTED ŞİRKETİ,0.03198414840148457,0.31999999999999984,5,5,7,10,1.9459101490553132,2.302585092994046,-3.442354474236628
firm_disparity_a0.01,BARİKAT İNTERNET GÜVENLİĞİ BİLİŞİM TİCARET ANONİM ŞİRKETİ,0.030730237773662447,0.5800000000000001,10,7,32,54,3.4657359027997265,3.9889840465642745,-3.4823412343693785
firm_disparity_a0.01,İSBAK İSTANBUL BİLİŞİM VE AKILLI KENT TEKNOLOJİLERİ A.Ş.,0.0291122554027716,0.375,4,8,14,19,2.6390573296152584,2.9444389791664403,-3.5364198378432
firm_disparity_a0.01,BEYAZ BİLGİSAYAR DANIŞMANLIK HİZ.LTD.ŞTİ,0.028841962698197512,0.5,2,7,18,31,2.8903717578961645,3.4339872044851463,-3.5457460552149995
firm_disparity_a0.01,ALTO TEKNOLOJİ BİLİŞİM ÇÖZÜMLERİ SANAYİ VE DIŞ TİCARET LİMİTED ŞİRKETİ,0.02864670212686344,0.48,5,9,30,63,3.4011973816621555,4.143134726391533,-3.5525378803065673
firm_disparity_a0.01,SİSOFT SAĞLIK BİLGİ SİSTEMLERİ LİMİTED ŞİRKETİ,0.028119840241227243,0.17999999999999994,10,3,90,149,4.499809670330265,5.003946305945459,-3.5710974674018066
firm_disparity_a0.01,TEKNOSER BİLGİSAYARTEKNİK HİZM.SAN.VE DIŞ TİC.A.Ş.,0.027553668222243345,0.6599999999999999,10,9,36,66,3.58351893845611,4.189654742026425,-3.5914334303227964
firm_disparity_a0.01,PROMET BİLGİ SİSTEMLERİ VE DAN.SAN.TİC.LTD.ŞTİ.,0.0271263642123346,0.31999999999999984,10,11,31,56,3.4339872044851463,4.02535169073515,-3.6070600683302643
firm_disparity_a0.01,DESTEK BİLGİSAYAR VE İLETİŞİM HİZ.TİC.A.Ş.,0.025735896257508106,0.5714285714285714,7,8,27,66,3.295836866004329,4.189654742026425,-3.65966919747185
firm_disparity_a0.01,VENTURA YAZILIM ANONİM ŞİRKETİ,0.02467133997379816,0.0,8,3,45,104,3.8066624897703196,4.6443908991413725,-3.701905111606665
firm_disparity_a0.01,İNOKAS BİLGİ SİSTEMLERİ VE DANIŞMANLIK HİZMETLERİ TİCARET LİMİTED ŞİRKETİ,0.024652840379130906,0.5,2,6,4,11,1.3862943611198906,2.3978952727983707,-3.7026550783726435
firm_disparity_a0.01,GENTEL TELEKOMÜNİKASYON ANONİM ŞİRKETİ,0.024626163041529193,0.0,6,5,17,22,2.833213344056216,3.091042453358316,-3.7037375591433768
firm_disparity_a0.01,MOBİLİZ BİLGİ VE İLE TİŞİM TEKNOLOJİL ERİ A.Ş.,0.024461066477873203,0.0,2,1,5,5,1.6094379124341003,1.6094379124341003,-3.7104628392263197
firm_disparity_a0.01,PROLİZ BİLGİSAYAR YAZILIM VE DONANIM HİZMETLERİ SANAYİ VE TİCARET LİMİTED ŞİRKETİ,0.023236206345603926,0.5,6,3,28,30,3.332204510175204,3.4011973816621555,-3.7618228356214707
firm_disparity_a0.01,PROBEL BİLGİSAYAR YAZILIM DONANIM SANAYİ VE TİCARET ANONİM ŞİRKETİ,0.02233951132587507,0.31999999999999984,5,7,71,210,4.2626798770413155,5.3471075307174685,-3.8011687368638243
firm_disparity_a0.01,BAŞARSOFT BİLGİ TEKNOLOJİLERİ ANONİM ŞİRKETİ,0.02153681985614759,0.0,4,4,17,20,2.833213344056216,2.995732273553991,-3.8377530768403507
firm_disparity_a0.01,BİLGİBİM BİLGİSAYAR TEKNOLOJİLERİ İLETİŞİM ELEKTRONİK SANAYİ VE TİCARET LİMİTED ŞİRKETİ,0.02071932501181123,0.0,4,6,18,22,2.8903717578961645,3.091042453358316,-3.8764408620677306
firm_disparity_a0.01,DOSBİL BİLGİSAYAR KİM.TEKS.DAY.TÜK.MAL.TMAL.GI. Tİ.VE SA.LT,0.020615016429880836,0.0,4,4,11,11,2.3978952727983707,2.3978952727983707,-3.8814866865916655
firm_disparity_a0.01,ULUSAL CAD VE GIS ÇÖZÜMLERİ MÜH.BİLG.EĞT.TİC.A.Ş.,0.020140374942295723,0.375,4,5,32,34,3.4657359027997265,3.5263605246161616,-3.904774082493595
firm_disparity_a0.01,BELSİS BİLGİSAYAR YAZILIM İLETİŞİM HİZM.TİC.VE SAN.LTD.ŞTİ.,0.019832450214987852,0.0,6,6,27,28,3.295836866004329,3.332204510175204,-3.920177136567254
firm_disparity_a0.01,İSTTELKOM İSTANBUL ELEKTRONİK HABERLEŞME VE ALTYAPI HİZMETLERİ SANAYİ VE TİCARET ANONİM ŞİRKETİ,0.01897750553212738,0.0,7,6,16,34,2.772588722239781,3.5263605246161616,-3.964230623505475
firm_disparity_a0.01,OLGU BİLGİSAYAR SİST EMLERİ SANAYİ Tİ CARET LTD.ŞTİ.,0.018031070792175235,0.5,2,3,22,25,3.091042453358316,3.2188758248682006,-4.0153743713682
firm_disparity_a0.01,İŞLEM COĞRAFİ BİLGİ SİSTEMLERİ MÜHENDİSLİK VE EĞİTİM ANONİM ŞİRKETİ,0.016151491121479115,0.0,6,3,27,27,3.295836866004329,3.295836866004329,-4.125425320847631
firm_disparity_a0.01,PROBİL BİLGİ İŞLEM D ESTEK VE DANIŞ.S AN.VE TİC.A.Ş.,0.015856951715910683,0.375,4,5,9,10,2.1972245773362196,2.302585092994046,-4.143823799439912
firm_disparity_a0.01,DATA MARKET BİLGİ HİZMETLERİ ANONİM ŞİRKETİ,0.0157157901805582,0.5,6,3,21,27,3.044522437723423,3.295836866004329,-4.152762941672959
firm_disparity_a0.01,CADBİM BİLGİSAYAR ÖZEL EĞİTİM DANIŞMANLIK PAZARLAMA SANAYİ VE TİCARET LİMİTED ŞİRKETİ,0.01568315311928142,0.5,2,3,7,12,1.9459101490553132,2.4849066497880004,-4.154841126985517
firm_disparity_a0.01,BİZNET BİLİŞİM SİSTEMLERİ VE DANIŞMANLIK SAN.TİC.A.Ş,0.015534418895763433,0.0,6,6,19,23,2.9444389791664403,3.1354942159291497,-4.1643669464973065
firm_disparity_a0.01,PSEUDONYM_034,0.015524158381301239,0.0,4,7,18,69,2.8903717578961645,4.23410650459726,-4.165027448502825
firm_disparity_a0.01,ELİPS ELEKTRONİK SAN .VE TİC.LTD.ŞTİ.,0.015513897866839045,0.0,4,6,32,34,3.4657359027997265,3.5263605246161616,-4.165688387059602
firm_disparity_a0.01,PROBİM TEKNOLOJİ GIDA SANAYİ VE TİCARET LTD.ŞTİ.,0.01548311632345246,0.0,4,5,11,14,2.3978952727983707,2.6390573296152584,-4.167673827817705
firm_disparity_a0.01,DONAN BİLİŞİM ELEKTRONİK TEKSTİL SAĞLIK HİZMETLERİ İNŞAAT SANAYİ VE DIŞ TİCARET LİMİTED ŞİRKETİ,0.015442074265603678,0.0,2,3,5,5,1.6094379124341003,1.6094379124341003,-4.17032722904281
firm_disparity_a0.01,YORDAM BİLİŞİM TEKNOLOJİ DANIŞMANLIK EĞİTİM VE ELEKTRONİK SİSTEMLERİ SANAYİ TİCARET ANONİM ŞİRKETİ,0.015442074265603678,0.0,2,2,6,6,1.791759469228055,1.791759469228055,-4.17032722904281
firm_disparity_a0.01,MEKANSAL PLANLAMA MİMARLIK MÜHENDİSLİK PROJE BİLİŞİM İNŞAAT TAAHHÜT SANAYİ VE TİCARET LİMİTED ŞİRKETİ,0.015108876273342056,0.0,2,2,4,5,1.3862943611198906,1.6094379124341003,-4.192133380296025
firm_disparity_a0.01,KAREL ELEKTRONİK SANAYİ VE TİCARET A.Ş.,0.01473711473711474,0.4444444444444444,3,3,11,13,2.3978952727983707,2.5649493574615367,-4.217038097553386
firm_disparity_a0.01,NATEK BİLİŞİM BİLGİSAYAR EĞİT.DAN.YAZ.TİC.SAN.LTD.ŞTİ.,0.014480918537541196,0.0,4,6,16,19,2.772588722239781,2.9444389791664403,-4.234569244805709
firm_disparity_a0.01,TÜRK TELEKOMÜNİKASYON ANONİM ŞİRKETİ,0.01402187220052825,0.0,5,8,25,32,3.2188758248682006,3.4657359027997265,-4.266771060028296
firm_disparity_a0.01,İNFOTÜRK BİLGİSAYAR.ELEKTRONİK HİZMETLERİ SAN.VE TİC.LTD.ŞTİ,0.013732476833101684,0.0,5,7,18,29,2.8903717578961645,3.367295829986474,-4.287618163808148
firm_disparity_a0.01,4 S BİLGİ TEKNOLOJİLERİ ANONİM ŞİRKETİ,0.013159651951322475,0.2777777777777777,6,5,17,19,2.833213344056216,2.9444389791664403,-4.330210029387296
firm_disparity_a0.01,ARMAKOM BİLİŞİM TEKNOJİLERİ ANONİM ŞİRKETİ,0.012488052163922509,0.0,4,6,12,14,2.4849066497880004,2.6390573296152584,-4.382572189769716
firm_disparity_a0.01,PİRİ1513 COĞRAFİ BİLGİ SİSTEMLERİ MÜHENDİSLİK VE EĞİTİM LİMİTED ŞİRKETİ,0.012446004042642698,0.0,4,1,2,4,0.6931471805599453,1.3862943611198906,-4.385943551797943
firm_disparity_a0.01,RENİS DIŞ TİCARET LİMİTED ŞİRKETİ,0.012446004042642698,0.0,4,4,14,16,2.6390573296152584,2.772588722239781,-4.385943551797943
firm_disparity_a0.01,ERGUVAN BİLİŞİM SAN. VE TİC.A.Ş.,0.012425483013718309,0.0,3,3,14,25,2.6390573296152584,3.2188758248682006,-4.387593036708018
firm_disparity_a0.01,VERİFY VERİ İLETİŞİM İ.VE ENFORMASYON TEK.LTD.ŞTİ.,0.012394701470331723,0.0,2,3,6,6,1.791759469228055,1.791759469228055,-4.390072376821061
firm_disparity_a0.01,MOBESE MOBİL ELEKTRONİK SİSTEM ENTEGRASYONU SANAYİ VE TİCARET ANONİM ŞİRKETİ,0.012394701470331723,0.0,3,1,4,9,1.3862943611198906,2.1972245773362196,-4.390072376821061
firm_disparity_a0.01,PRODAY BİLİŞİM TEKNOLOJİLERİ TİCARET ANONİM ŞİRKETİ,0.010966819088126672,0.31999999999999984,5,4,20,30,2.995732273553991,3.4011973816621555,-4.5124133226365615
firm_disparity_a0.01,AXPART BİLİŞİM ANONİM ŞİRKETİ,0.009826054964110187,0.0,2,3,4,12,1.3862943611198906,2.4849066497880004,-4.622195780235589
firm_disparity_a0.01,İNNOVA BİLİŞİM ÇÖZÜMLERİ A.Ş.,0.009357589189521964,0.0,4,9,20,30,2.995732273553991,3.4011973816621555,-4.671019491507952
firm_disparity_a0.01,BİLGE ADAM BİLGİSAYAR VE EĞİTİM HİZMSAN TİC AŞ,0.009357589189521964,0.0,4,6,18,45,2.8903717578961645,3.8066624897703196,-4.671019491507952
firm_disparity_a0.01,DICIWALL DİJİTAL MEDYA ANONİM ŞİRKETİ,0.009357589189521964,0.0,4,1,3,3,1.0986122886681098,1.0986122886681098,-4.671019491507952
firm_disparity_a0.01,VERİ KURTARMA HİZMETLERİ TİC LTD ŞTİ,0.009357589189521964,0.0,4,3,3,6,1.0986122886681098,1.791759469228055,-4.671019491507952
firm_disparity_a0.01,REİN YAZILIM TEKNOLOJİ LİMİTED ŞİRKETİ,0.009357589189521964,0.0,4,1,2,3,0.6931471805599453,1.0986122886681098,-4.671019491507952
firm_disparity_a0.01,ÜNİBEL ÖZEL EĞİTİM BİLGİ TEKNOLOJİLERİ KÜLTÜR TANITIM VE YAYINCILIK SANAYİ VE TİCARET ANONİM ŞİRKETİ,0.009347328675059767,0.0,3,5,7,31,1.9459101490553132,3.4339872044851463,-4.672115982845881
firm_disparity_a0.01,KRESİS KURUMSAL BİLİŞİM HİZMETLERİ SANAYİ VE TİCARET LİMİTED ŞİRKETİ,0.009326807646135377,0.0,2,2,2,2,0.6931471805599453,0.6931471805599453,-4.674312579006422
firm_disparity_a0.01,PROLİNE BİLİŞİM SİSTEMLERİ VE TİCARET ANONİM ŞİRKETİ.,0.008645885328866213,0.375,4,5,7,8,1.9459101490553132,2.0794415416798357,-4.750078556132846
firm_disparity_a0.01,ENTEGRES BİLİŞİM TEKNOLOJİLERİ LİMİTED ŞİRKETİ,0.008555351272035466,0.2777777777777777,6,9,37,51,3.6109179126442243,3.9318256327243257,-4.760598836991659
firm_disparity_a0.01,SERVUS BİLGİSAYAR A.Ş. .,0.007931194289991205,0.0,5,7,16,21,2.772588722239781,3.044522437723423,-4.83630501426844
firm_disparity_a0.01,AIMS ANALİTİK BİLGİ YÖNETİMİ ÇÖZÜMLERİ YAZILIM EĞİTİM DANIŞMANLIK TİCARET LİMİTED ŞİRKETİ.,0.0071437854246953125,0.4444444444444444,3,2,9,9,2.1972245773362196,2.1972245773362196,-4.940794586654106
firm_disparity_a0.01,METASOFT BİLGİSAYAR BİLGİ İŞLEM HİZMETLERİ SANAYİ VE TİCARET LİMİTED ŞİRKETİ,0.007034237257095617,0.0,5,3,85,140,4.442651256490317,4.941642422609304,-4.95623695456315
firm_disparity_a0.01,İNFRASİS BİLGİ TEKNOLOJİLERİ TİCARET LİMİTED ŞİRKETİ,0.006559274409491421,0.0,4,5,10,13,2.302585092994046,2.5649493574615367,-5.026093458245259
firm_disparity_a0.01,PSEUDONYM_379,0.006453027815803694,0.0,4,3,5,5,1.6094379124341003,1.6094379124341003,-5.042411129857538
firm_disparity_a0.01,ERSEL İNŞAAT İMAR PLANLAMA MÜH.VE TİC.LTD.ŞTİ.,0.006347911570000407,0.0,2,1,6,6,1.791759469228055,1.791759469228055,-5.0588215528643055
firm_disparity_a0.01,ALSAY İLETİŞİM ELEKTRONİK GIDA İNŞ.SAN.TİC.LTD.ŞTİ.,0.006248653307476837,0.0,3,4,5,9,1.6094379124341003,2.1972245773362196,-5.074568628043273
firm_disparity_a0.01,İSTANBUL UYGULAMALIGAZ.VE EN.TEK.ARMÜH.SAN.VE Tİ.AŞ,0.006248653307476837,0.0,3,3,5,7,1.6094379124341003,1.9459101490553132,-5.074568628043273
firm_disparity_a0.01,SMARTSİS YAZILIM DONANIMLARI BİLGİ TEKNOLOJİLERİ TURİZM ORGANİZASYON VE BİLGİSAYAR MALZEMELERİ İTHALAT İHRACAT SANAYİ VE TİCARET ANONİM ŞİRKETİ,0.006248653307476837,0.0,3,3,3,3,1.0986122886681098,1.0986122886681098,-5.074568628043273
firm_disparity_a0.01,E-KALİTE YAZILIM DONANIM MÜHENDİSLİK TASARIM VE İNTERNET HİZMETLERİ SANAYİ TİCARET LİMİTED ŞİRKETİ,0.006248653307476837,0.0,3,2,3,3,1.0986122886681098,1.0986122886681098,-5.074568628043273
firm_disparity_a0.01,NORMDATA DESTEK VE D ANIŞMANLIK HİZME TLERİ LTD.ŞTİ,0.006248653307476837,0.0,3,4,12,14,2.4849066497880004,2.6390573296152584,-5.074568628043273
firm_disparity_a0.01,ÖZGÜR YAZILIM BİLİŞİM EĞİTİM TİCARET AN ONİM ŞİRKETİ,0.006248653307476837,0.0,3,2,2,2,0.6931471805599453,0.6931471805599453,-5.074568628043273
firm_disparity_a0.01,SUPERONLİNE İLETİŞİM HİZMETLERİ ANONİM ŞİRKETİ,0.006248653307476837,0.0,3,6,14,18,2.6390573296152584,2.8903717578961645,-5.074568628043273
firm_disparity_a0.01,TREO BİLGİ TEKNOLOJİLERİ LTD.ŞTİ.,0.006248653307476837,0.0,3,2,3,3,1.0986122886681098,1.0986122886681098,-5.074568628043273
firm_disparity_a0.01,LİVATECH BİLİŞİM TEKNOLOJİLERİ VE DANIŞMANLIK LİMİTED ŞİRKETİ,0.006238392793014642,0.0,2,2,4,5,1.3862943611198906,1.6094379124341003,-5.076210664537017
firm_disparity_a0.01,INCOTECH ÇÖZÜM SİSTEMLERİ DIŞ TİCARET LİMİTED ŞİRKETİ,0.006234154395818455,0.0,3,3,7,9,1.9459101490553132,2.1972245773362196,-5.0768897421067125
firm_disparity_a0.01,İNTRON BİLİŞİM YAZILIM TANITIM VE TASARIM HİZMETLERİ SANAYİ TİCARET LİMİTED ŞİRKETİ,0.006228132278552447,0.0,3,8,19,25,2.9444389791664403,3.2188758248682006,-5.077855401749895
firm_disparity_a0.01,ALTAR ELEKTRONİK TEK NOLOJİ SAN.VE Tİ C.LTD.ŞTİ.,0.006210384031512485,0.0,2,2,5,5,1.6094379124341003,1.6094379124341003,-5.0807068078463065
firm_disparity_a0.01,BİSOFT BİLGİ TEKNOLOJİLERİ ANONİM ŞİRKETİ,0.005924103463119074,0.4444444444444444,3,5,16,20,2.772588722239781,2.995732273553991,-5.12786029517381
firm_disparity_a0.01,MEGA BİLGİSAYAR TİCARET LTD.ŞTİ.,0.0058402848318814685,0.0,4,5,16,22,2.772588722239781,3.091042453358316,-5.1420976704782495
firm_disparity_a0.01,ARTI VE ARTI TEKNOLOJİ HİZM.SAN.TİC.AŞ,0.00539942472715582,0.0,4,4,9,12,2.1972245773362196,2.4849066497880004,-5.220513165344076
firm_disparity_a0.01,KODA BİLİŞİM SANAYİ VE TİCARET ANONİM ŞİRKETİ,0.004316940451394232,0.5,2,1,11,11,2.3978952727983707,2.3978952727983707,-5.444020660868074
firm_disparity_a0.01,NEX TEKNOLOJİ ANONİM ŞİRKETİ,0.004137061981738318,0.4444444444444444,3,5,9,12,2.1972245773362196,2.4849066497880004,-5.486530104973388
firm_disparity_a0.01,BGS BİLGİ SİSTEMLERİSANAYİ VE TİCARET LTD.ŞTİ.,0.004058153739564771,0.4444444444444444,3,3,5,7,1.6094379124341003,1.9459101490553132,-5.505763766118589
firm_disparity_a0.01,BALDEM BİLİŞİM LİMİTED ŞİRKETİ,0.0039104286403205965,0.0,2,1,13,15,2.5649493574615367,2.70805020110221,-5.542797201732999
firm_disparity_a0.01,KARDELEN BİLGİSAYAR İNŞAAT REKLAM ORMAN ÜRÜNLERİ TEKSTİL İTHALAT VE İHRACAT SANAYİ VE TİCARET LİMİTED ŞİRKETİ,0.0038747354123504626,0.0,4,6,83,142,4.418840607796598,4.955827057601261,-5.55195474718815
firm_disparity_a0.01,ENORM TEKNOLOJİ VE YAZILIM ANONİM ŞİRKETİ,0.003565040179686039,0.5,2,2,3,3,1.0986122886681098,1.0986122886681098,-5.635141942896804
firm_disparity_a0.01,PRESTİJ BİLGİ SİSTEMLERİ ARGE YAZILIM İNŞAAT MOBİLYA SANAYİ VE TİCARET A.Ş.,0.003290826820238585,0.0,3,1,47,76,3.8501476017100584,4.330733340286331,-5.715058689632061
firm_disparity_a0.01,TRTEK TEKNOLOJİK ÜRÜNLER BİLGİSAYAR YAZILIM DONANIM SAN.VE TİC.LTD.ŞTİ.,0.0032586244621058535,0.0,4,4,59,148,4.07753744390572,4.997212273764115,-5.724876991965937
firm_disparity_a0.01,TEKNORİTMA YAZILIM HİZMETLERİ ANONİM ŞİRKETİ,0.0031715250202645163,0.0,3,1,19,49,2.9444389791664403,3.8918202981106265,-5.751926435249027
firm_disparity_a0.01,ADEO BİLİŞİM DANIŞMANLIK HİZMETLERİ SANAYİ VE TİCARET ANONİM ŞİRKETİ,0.003129456910969516,0.0,2,6,7,11,1.9459101490553132,2.3978952727983707,-5.765257798352949
firm_disparity_a0.01,ADA MÜHENDİSLİK VE Y AZILIM HİZ.TİC.L TD.ŞTİ.,0.003129456910969516,0.4444444444444444,3,6,10,10,2.302585092994046,2.302585092994046,-5.765257798352949
firm_disparity_a0.01,İZMİR İNOVASYON VE TEKNOLOJİ ANONİM ŞİRKETİ,0.003129456910969516,0.0,2,5,7,9,1.9459101490553132,2.1972245773362196,-5.765257798352949
firm_disparity_a0.01,CEIBA TELE ICU SAĞLIK HİZMETLERİ VE TİCARET ANONİM ŞİRKETİ,0.003129456910969516,0.0,2,3,15,15,2.70805020110221,2.70805020110221,-5.765257798352949
firm_disparity_a0.01,BVF BİLGİ TEKNOLOJİLERİ YAPI VE DANIŞMANLIK LİMİTED ŞİRKETİ,0.003129456910969516,0.0,2,6,18,24,2.8903717578961645,3.1780538303479458,-5.765257798352949
firm_disparity_a0.01,BEYAZ WEB TEKNOLOJİLERİ LİMİTED ŞİRKETİ,0.003129456910969516,0.0,2,3,7,9,1.9459101490553132,2.1972245773362196,-5.765257798352949
firm_disparity_a0.01,PİKSELSOFT YAZILIM BİLİŞİM SANAYİ VE TİCARET LİMİTED ŞİRKETİ,0.003129456910969516,0.0,2,4,8,8,2.0794415416798357,2.0794415416798357,-5.765257798352949
firm_disparity_a0.01,EŞKOM BİLGİSAYAR SAN AYİ TİCARET A.Ş.,0.003129456910969516,0.0,2,2,6,6,1.791759469228055,1.791759469228055,-5.765257798352949
firm_disparity_a0.01,PİTON BİLGİSAYAR TEKEĞİTİM DANIŞMANLIK LTD.ŞTİ.,0.003129456910969516,0.0,2,4,5,7,1.6094379124341003,1.9459101490553132,-5.765257798352949
firm_disparity_a0.01,ESTEP BİLİŞİM ARAŞTIRMA AJANS EĞİTİM DANIŞMANLIK HİZMETLERİ SANAYİ VE TİCARET LİMİTED ŞİRKETİ,0.003129456910969516,0.0,2,3,4,7,1.3862943611198906,1.9459101490553132,-5.765257798352949
firm_disparity_a0.01,MONAD YAZILIM BİLGİSAYAR EĞİ.DAN.SAN.VE TİC.LTD.ŞTİ.,0.003129456910969516,0.0,2,1,20,37,2.995732273553991,3.6109179126442243,-5.765257798352949
firm_disparity_a0.01,LİTERA BİLİŞİM TEKNOLOJİLERİ SANAYİ VE Tİ CARET LİMİTED ŞİRKETİ,0.003129456910969516,0.0,2,3,12,14,2.4849066497880004,2.6390573296152584,-5.765257798352949
firm_disparity_a0.01,VADİ KURUMSAL BİLGİSİSTEMLERİ LTD.ŞTİ.,0.003129456910969516,0.0,2,6,15,45,2.70805020110221,3.8066624897703196,-5.765257798352949
firm_disparity_a0.01,SHK BİLİŞİM TEKNOLOJİLERİ LİMİTED ŞİRKETİ,0.003129456910969516,0.0,2,3,9,11,2.1972245773362196,2.3978952727983707,-5.765257798352949
firm_disparity_a0.01,İNSPİRİT BİLGİ TEKNOLOJİLERİ YAZILIM DANIŞMANLIK TİC.LTD.ŞTİ,0.003129456910969516,0.0,2,5,13,25,2.5649493574615367,3.2188758248682006,-5.765257798352949
firm_disparity_a0.01,GOMAP MÜHENDİSLİK MÜŞAVİRLİK DANIŞMANLIK VE ARAŞTIRMA TİCARET LİMİTED ŞİRKETİ,0.003129456910969516,0.0,2,4,17,18,2.833213344056216,2.8903717578961645,-5.765257798352949
firm_disparity_a0.01,HORİZON BİLGİ TEKNOLOJİLERİ TİC.LTD.ŞTİ,0.003129456910969516,0.0,2,2,3,3,1.0986122886681098,1.0986122886681098,-5.765257798352949
firm_disparity_a0.01,SERVO ARŞİV BİLİŞİM YÖNETİM HİZMETLERİ LİMİTED ŞİRKETİ,0.003129456910969516,0.0,2,3,8,20,2.0794415416798357,2.995732273553991,-5.765257798352949
firm_disparity_a0.01,SENEKA YAZILIM DONANIM BİLİŞİM TİCARET TAAHHÜT VE SANAYİ LİMİTED ŞİRKETİ,0.003129456910969516,0.0,3,2,14,16,2.6390573296152584,2.772588722239781,-5.765257798352949
firm_disparity_a0.01,YAZILIM 3D BİLGİSAYAR TEKNOLOJİLERİ SANAYİ VE TİCARET ANONİM ŞİRKETİ,0.003129456910969516,0.0,2,3,6,18,1.791759469228055,2.8903717578961645,-5.765257798352949
firm_disparity_a0.01,MDS AP TECH YAZILIM ÜRÜNLERİ VE BİLİŞİM HİZMETLERİ TİCARET LİMİTED ŞİRKETİ,0.003129456910969516,0.0,2,3,7,8,1.9459101490553132,2.0794415416798357,-5.765257798352949
firm_disparity_a0.01,BİLİŞİM İNOVASYON SA N.VE TİC.LTD.ŞTİ.,0.003129456910969516,0.0,2,4,13,13,2.5649493574615367,2.5649493574615367,-5.765257798352949
firm_disparity_a0.01,ELFANET BİLİŞİM ANONİM ŞİRKETİ,0.0030986753675829306,0.0,2,3,4,9,1.3862943611198906,2.1972245773362196,-5.775126299493703
firm_disparity_a0.01,ENTEGRE ENFORMASYON SİSTEMLERİ EĞİTİM DANIŞMANLIK TİCARET ANONİM ŞİRKETİ,0.002692021061969665,0.0,2,2,14,19,2.6390573296152584,2.9444389791664403,-5.9155591299094805
firm_disparity_a0.01,KURALKAN BİLİŞİM OTOMOTİV SANAYİ VE DIŞ TİCARET ANONİM ŞİRKETİ,0.0022699678161863033,0.0,3,4,5,5,1.6094379124341003,1.6094379124341003,-6.085732118313936
firm_disparity_a0.01,ORDİNATRUM BİLİŞİM TEKNOLOJİLERİ VE DANIŞMANLIK ANONİM ŞİRKETİ,0.0011179607818263275,0.0,2,1,6,10,1.791759469228055,2.302585092994046,-6.791670538784638
firm_disparity_a0.01,ALKAYA ELEKTRONİK SANAYİ VE TİC.LTD.ŞTİ.,0.000982304158574666,0.0,2,2,3,5,1.0986122886681098,1.6094379124341003,-6.92040047776844
firm_disparity_a0.01,INNOVERA BİLİŞİM TEKNOLOJİLERİ ANONİM ŞİRKETİ,0.0005684691459001179,0.0,2,5,9,9,2.1972245773362196,2.1972245773362196,-7.463579309245627
firm_disparity_a0.01,BİLFO BİLGİSAYAR VE BİLİŞİM SİS.LTD. ŞTİ.,0.0005445379394959222,0.0,3,2,18,34,2.8903717578961645,3.5263605246161616,-7.506195740461705
firm_disparity_a0.01,EGESOFT BİLGİ TEKNOLOJİ SAN.TİC.LTD.ŞTİ.,0.00032713940276965546,0.0,3,2,22,28,3.091042453358316,3.332204510175204,-8.009563689809257
firm_disparity_a0.01,IND YAZILIM BİLİŞİM TEKNOLOJİLERİ SANAYİ VE TİCARET A.Ş.,0.00019494977478170757,0.0,5,7,28,54,3.332204510175204,3.9889840465642745,-8.516793111394898
firm_disparity_a0.01,DOĞUMAK BÜRO SİSTEMLERİ İNŞAAT TİCARET VE SANAYİ LİMİTED ŞİRKETİ,9.234463015975621e-05,0.0,2,2,4,4,1.3862943611198906,1.3862943611198906,-9.235915778358104
firm_disparity_a0.01,ASELSAN ELEKTRONİK SANAYİ VE TİC.A.Ş.,9.234463015975621e-05,0.0,3,1,3,4,1.0986122886681098,1.3862943611198906,-9.235915778358104
firm_disparity_a0.01,DİGİTOLİA DİJİTAL ANADOLU TEKNOLOJİ SANAYİ VE TİCARET LİMİTED ŞİRKETİ,9.234463015975621e-05,0.0,3,3,9,9,2.1972245773362196,2.1972245773362196,-9.235915778358104
firm_disparity_a0.01,MİA TEKNOLOJİ YAZILI M TASAR.MÜH.İTH. İHR.PAZ.LTD.ŞTİ.,6.156308677317081e-05,0.0,4,7,17,24,2.833213344056216,3.1780538303479458,-9.615405400063008
firm_disparity_a0.01,BEYAZ BİLGİSAYAR YAZ ILIM TASARIM SAN .VE TİC.LTD.ŞTİ.,6.156308677317081e-05,0.0,2,2,6,7,1.791759469228055,1.9459101490553132,-9.615405400063008
firm_disparity_a0.01,İŞLEM HARİTA MÜHENDİSLİK MÜŞ.DAN.VE.ARA.TİC.LTD.ŞTİ.,6.156308677317081e-05,0.0,2,3,6,6,1.791759469228055,1.791759469228055,-9.615405400063008
firm_disparity_a0.01,CSIT BİLİŞİM ANONİM ŞİRKETİ,3.0781543386585404e-05,0.0,3,8,12,16,2.4849066497880004,2.772588722239781,-10.23444460846923
firm_disparity_a0.01,PARABOL YAZILIM ELEKTRONİK DANIŞMANLIK EĞİTİM SANAYİ VE TİCARET LİMİTED ŞİRKETİ,3.0781543386585404e-05,0.0,3,3,5,9,1.6094379124341003,2.1972245773362196,-10.23444460846923
firm_disparity_a0.01,PARAMETRE ARAŞTIRMA BİLİŞİM PLANLAMA LTD.ŞTİ.,2.052102892439027e-05,0.0,2,4,12,15,2.4849066497880004,2.70805020110221,-10.570916845090444
firm_disparity_a0.01,BARBAROS TEKNOLOJİ ORGANİZASYON İLETİŞİM SANAYİ VE TİCARET LİMİTED ŞİRKETİ,2.052102892439027e-05,0.0,2,5,5,7,1.6094379124341003,1.9459101490553132,-10.570916845090444
firm_disparity_a0.01,MOZAİK YAZILIM VE BİLİŞİM SİSTEMLERİ SAN VE TİC. LTD. ŞTİ.,2.052102892439027e-05,0.0,2,4,6,7,1.791759469228055,1.9459101490553132,-10.570916845090444
firm_disparity_a0.01,BİSAR BİLGİ TEKNOLOJ İLERİ SANAYİ VE TİCA RET A.Ş.,1.0260514462195135e-05,0.0,2,2,4,7,1.3862943611198906,1.9459101490553132,-11.081742468856435
firm_disparity_a0.01,DELTOİD ELEKTRONİK SİSTEMLERİ TEKNOLOJİ VE İNŞAAT SANAYİ TİCARET LİMİTED ŞİRKETİ,1.0260514462195135e-05,0.0,2,2,2,2,0.6931471805599453,0.6931471805599453,-11.081742468856435
firm_disparity_a0.01,SPEKSKO BİLİŞİM YAZILIM SAN.VE TİC.LTD.ŞTİ.,1.0260514462195135e-05,0.0,2,4,8,9,2.0794415416798357,2.1972245773362196,-11.081742468856435
firm_disparity_a0.01,PANATES BİLİŞİM VE TEKNOLOJİ SAN.TİC.LTD.ŞTİ.,1.0260514462195135e-05,0.0,2,2,43,150,3.7612001156935624,5.0106352940962555,-11.081742468856435
firm_disparity_a0.01,İSTANBUL DİJİTAL MEDYA TİCARET ANONİM ŞİRKETİ,1.0260514462195135e-05,0.0,2,3,3,3,1.0986122886681098,1.0986122886681098,-11.081742468856435
firm_disparity_a0.01,OTEK YAZILIM BİLİŞİM ÇÖZÜMLERİ ANONİM ŞİRKETİ,1.0260514462195135e-05,0.0,2,2,3,3,1.0986122886681098,1.0986122886681098,-11.081742468856435
firm_disparity_a0.01,TEKNOMAK2000 ELEKTRONİK OFİS MALZ.SAN.VE TİC.LTD.ŞTİ,1.0260514462195135e-05,0.0,2,2,3,7,1.0986122886681098,1.9459101490553132,-11.081742468856435
firm_disparity_a0.01,PD ANADOLU ARAŞ DANEĞ VE BİL HİZ TİC LTD ŞTİ,1.0260514462195135e-05,0.0,2,2,3,3,1.0986122886681098,1.0986122886681098,-11.081742468856435
firm_disparity_a0.01,PRODES GRUP BİLGİSAYAR YAZILIM BİLİŞİM İNŞAAT HİZMETLERİ OTOMOTİV SANAYİ VE TİCARET ANONİM ŞİRKETİ,1.0260514462195135e-05,0.0,2,2,4,5,1.3862943611198906,1.6094379124341003,-11.081742468856435
firm_disparity_a0.01,YALÇINLAR ELEKTRONİK SANAYİ VE TİC.LT D.ŞTİ.,1.0260514462195135e-05,0.0,2,2,4,4,1.3862943611198906,1.3862943611198906,-11.081742468856435
firm_disparity_a0.01,PLATOBİLGİSAYAR ÜRÜNLERİ PAZARLAMA SAN.VE TİC.LTD.ŞT,1.0260514462195135e-05,0.0,2,4,6,7,1.791759469228055,1.9459101490553132,-11.081742468856435
firm_disparity_a0.01,YE-PA YENİMAHALLE GIYAY.TEM.ÇE.DÜZ.İNŞ.TUR.SAN.TİC.LTD.ŞTİ.,0.0,0.0,1,1,1,1,0.0,0.0,-12.180354757524544
firm_disparity_a0.01,SİBEL ELEKTRİK TİC. VE SAN.LTD.ŞTİ.,0.0,0.0,1,1,1,1,0.0,0.0,-12.180354757524544
firm_disparity_a0.01,TEKNOPOLİTEN KURUMSAL BİLGİ TEKNOLOJİLERİ ELEKT.OTOM.EML.DAN.SAN. VE TİC.LTD.ŞTİ.,0.0,0.0,1,1,1,1,0.0,0.0,-12.180354757524544
firm_disparity_a0.01,TOYA YAZILIM DANIŞMANLIK BİLİŞİM HİZMETLERİ İNŞAAT TARIM HAYVANCILIK YENİLENEBİLİR ENERJİ SANAYİ TİCARET LİMİTED ŞİRKETİ,0.0,0.0,1,1,1,1,0.0,0.0,-12.180354757524544
firm_disparity_a0.01,SHARKUTERİ MEDYA REKLAM BİL.YAZ.HİZ.VE TİC.LTD.ŞTİ.,0.0,0.0,1,1,1,1,0.0,0.0,-12.180354757524544
firm_disparity_a0.01,VİS TEKNOLOJİ VE BİLİŞİM HİZMETLERİ SANAYİ TİC.LTD.ŞTİ.,0.0,0.0,1,1,1,1,0.0,0.0,-12.180354757524544
firm_disparity_a0.01,SADAM SIFIR ATIK EĞİTİM PROJE VE DANIŞMANLIK MERKEZİ LİMİTED ŞİRKETİ,0.0,0.0,1,1,1,1,0.0,0.0,-12.180354757524544
firm_disparity_a0.01,ROBİT ROBOT OTOM.TEK DONANIM AR-GE DANŞMA TAAH.SAN.VE T.LDT.ŞT,0.0,0.0,1,1,1,1,0.0,0.0,-12.180354757524544
firm_disparity_a0.01,PROMETUS BİLG.SİST.SAN.VE TİC.LTD.ŞTİ.,0.0,0.0,1,1,12,12,2.4849066497880004,2.4849066497880004,-12.180354757524544
firm_disparity_a0.01,EDM BİLİŞİM SİSTEMLERİ VE DANIŞMANLIK HİZMETLERİ ANONİM ŞİRKETİ,0.0,0.0,1,1,1,1,0.0,0.0,-12.180354757524544
firm_disparity_a0.01,EYÖNTEM EĞİTİM VE DANIŞMANLIK ANONİM ŞİRKETİ,0.0,0.0,1,2,3,3,1.0986122886681098,1.0986122886681098,-12.180354757524544
firm_disparity_a0.01,BEKAD BİLİŞİM EĞİTİM KÜLTÜR ARAŞTIRMA DERNEĞİ-İKTİSADİ İŞLETMESİ,0.0,0.0,1,1,2,2,0.6931471805599453,0.6931471805599453,-12.180354757524544
firm_disparity_a0.01,ODAKENT ALTYAPI VE ÇEVRE ÇÖZÜMLERİ MÜHENDİSLİK MÜŞAVİRLİK ARAŞTIRMA VE GELİŞTİRME TİC LİMİTED ŞİRKETİ,0.0,0.0,1,3,3,3,1.0986122886681098,1.0986122886681098,-12.180354757524544
firm_disparity_a0.01,MTA GÜVENLİK SİSTEMLERİ VE BİLİŞİM TEKNOLOJİLERİ TİCARET SANAYİ LİMİTED ŞİRKETİ,0.0,0.0,2,1,3,3,1.0986122886681098,1.0986122886681098,-12.180354757524544
firm_disparity_a0.01,MC TEK BİLGİSAYAR MÜHENDİSLİK ARAŞTIRMA GELİŞTİRME PROJE DANIŞMANLIK HİZMETLERİ TELEKOMÜNİKASYON VE ÜRETİM PAZARLAMA İÇ VE DIŞ TİCARET LİMİTED ŞİRKETİ,0.0,0.0,1,3,4,6,1.3862943611198906,1.791759469228055,-12.180354757524544
firm_disparity_a0.01,BAŞAR BİLGİSAYAR SİSTEMLERİ VE İLETİŞİM TEKNOLOJİLERİ SANAYİ VE TİCARET LTD ŞTİ,0.0,0.0,1,2,3,3,1.0986122886681098,1.0986122886681098,-12.180354757524544
firm_disparity_a0.01,SOİTRON SİBER GÜVENLİK SERVİSLERİ ANONİM ŞİRKETİ,0.0,0.0,1,1,2,2,0.6931471805599453,0.6931471805599453,-12.180354757524544
firm_disparity_a0.01,JFORCE BİLİŞİM TEKNOLOJİLERİ ANONİMŞİRKETİ,0.0,0.0,1,4,7,12,1.9459101490553132,2.4849066497880004,-12.180354757524544
firm_disparity_a0.01,TOKAT YAPAR HARİTA MİM.MÜH.İNŞ.TAAH.SAN.TİC.LTD.ŞTİ.,0.0,0.0,2,1,1,1,0.0,0.0,-12.180354757524544
firm_disparity_a0.01,BARIŞ TELEKOM GÜVENLİK SİSTEMLERİ TİCARET LİMİTED ŞİRKETİ,0.0,0.0,2,1,6,7,1.791759469228055,1.9459101490553132,-12.180354757524544
firm_disparity_a0.01,PSEUDONYM_509,0.0,0.0,1,2,4,4,1.3862943611198906,1.3862943611198906,-12.180354757524544
firm_disparity_a0.01,A VE G ARAŞTIRMA LTDŞTİ.,0.0,0.0,1,1,2,2,0.6931471805599453,0.6931471805599453,-12.180354757524544
firm_disparity_a0.01,ÇEKİNO BİLGİ TEKNOLOJİLERİ ANONİM ŞİRKETİ,0.0,0.0,1,4,4,4,1.3862943611198906,1.3862943611198906,-12.180354757524544
firm_disparity_a0.01,4 YÜZ PRODÜKSİYON SANAYİ VE DIŞ TİC.LTD.ŞTİ.,0.0,0.0,1,1,1,1,0.0,0.0,-12.180354757524544
firm_disparity_a0.01,ŞAMPİYON SOSYAL HİZMETLER ÇEVRE TEMİZLİK DAĞITIM GIDA TİCARET LİMİTED ŞİRKETİ,0.0,0.0,1,3,4,4,1.3862943611198906,1.3862943611198906,-12.180354757524544
firm_disparity_a0.01,EMT ELEKTRONİK MÜHENDİSLİK SAN.VE TİC.LTD.ŞTİ.,0.0,0.0,1,4,4,15,1.3862943611198906,2.70805020110221,-12.180354757524544
firm_disparity_a0.01,VK BİLGİ TEKNOLOJİLERİ ANONİM ŞİRKETİ,0.0,0.0,1,3,3,4,1.0986122886681098,1.3862943611198906,-12.180354757524544
firm_disparity_a0.01,BULUT BİLİŞİM TEKNOLOJİLERİ LİMİTED ŞİRKETİ,0.0,0.0,1,2,2,3,0.6931471805599453,1.0986122886681098,-12.180354757524544
firm_disparity_a0.01,BSD BİLGİSAYAR SAN.V E TİC.LTD.ŞTİ.,0.0,0.0,1,3,3,3,1.0986122886681098,1.0986122886681098,-12.180354757524544
firm_disparity_a0.01,OFİS MARMARA BÜRO MAKİNELERİ SANAYİ TİCARET LİMİTED ŞİRKETİ,0.0,0.0,1,1,2,3,0.6931471805599453,1.0986122886681098,-12.180354757524544
firm_disparity_a0.01,BONİTA İNTERNET TEKNOLOJİ TİCARET LİMİTED ŞİRKETİ,0.0,0.0,1,6,3,11,1.0986122886681098,2.3978952727983707,-12.180354757524544
firm_disparity_a0.01,SOLUS BİLİŞİM TEKNOLOJİ TİCARET ANONİM ŞİRKETİ,0.0,0.0,2,5,8,13,2.0794415416798357,2.5649493574615367,-12.180354757524544
firm_disparity_a0.01,BNTPRO BİLGİ VE İLETİŞİM HİZMETLERİ ANONİM ŞİRKETİ,0.0,0.0,2,3,4,4,1.3862943611198906,1.3862943611198906,-12.180354757524544
firm_disparity_a0.01,KRİZMA BİLGİSAYAR YAZILIM SİSTEMLERİ SAN.LTD.ŞTİ.,0.0,0.0,1,2,3,4,1.0986122886681098,1.3862943611198906,-12.180354757524544
firm_disparity_a0.01,BMB SOFT BİLGİSAYAR YAZILIM İLETİŞİM SİS.SAN.VE TİC.L,0.0,0.0,1,2,15,18,2.70805020110221,2.8903717578961645,-12.180354757524544
firm_disparity_a0.01,TROİS YAZILIM VE MÜHENDİSLİK LİMİTED ŞİRKETİ,0.0,0.0,1,1,1,1,0.0,0.0,-12.180354757524544
firm_disparity_a0.01,DABNET BİLİŞİM TEKNOLOJİLERİ VE HİZMETLERİ LİMİTED ŞİRKETİ,0.0,0.0,1,1,2,2,0.6931471805599453,0.6931471805599453,-12.180354757524544
firm_disparity_a0.01,BES TEKNOLOJİ ELEKTRİK ELEKTRONİK GÜVENLİK SİSTEMLERİ SAN.VE TİC.LTD.ŞTİ.,0.0,0.0,1,1,2,9,0.6931471805599453,2.1972245773362196,-12.180354757524544
firm_disparity_a0.01,PSEUDONYM_457,0.0,0.0,1,2,1,2,0.0,0.6931471805599453,-12.180354757524544
firm_disparity_a0.01,EMSA GRUP DEMİR ÇELİ K İNŞ.MAK.VE MAD.SAN TİC.LTD.ŞTİ.,0.0,0.0,1,1,1,1,0.0,0.0,-12.180354757524544
firm_disparity_a0.01,ELSA BİLİŞİM ANONİM ŞİRKETİ,0.0,0.0,1,1,6,7,1.791759469228055,1.9459101490553132,-12.180354757524544
firm_disparity_a0.01,DURU BİLİŞİM TEKNOLOJİLERİ İLETİŞİM YAYINCILIK EĞİTİM İNŞAAT EMLAK ELEKTRONİK İTHALAT İHRACAT İÇ VE DIŞ TİCARET LİMİTED ŞİRKETİ,0.0,0.0,1,2,3,3,1.0986122886681098,1.0986122886681098,-12.180354757524544
firm_disparity_a0.01,BİLGİ SİSTEMLERİ SAN .VE DIŞ TİC.LTD. ŞTİ.,0.0,0.0,1,4,7,7,1.9459101490553132,1.9459101490553132,-12.180354757524544
firm_disparity_a0.01,LDAP BİLGİ TEKNOLOJİLERİ DANIŞMANLIK VE DIŞ TİCARET LİMİTED ŞİRKETİ,0.0,0.0,1,3,3,4,1.0986122886681098,1.3862943611198906,-12.180354757524544
firm_disparity_a0.01,GÜLTAŞ YAZILIM HARİTA SANAYİ TİCARET LİMİTED ŞİRKETİ,0.0,0.0,1,3,5,7,1.6094379124341003,1.9459101490553132,-12.180354757524544
firm_disparity_a0.01,BİLGE ADAM YAZILIM VE TEKNOLOJİ ANONİM ŞİRKETİ,0.0,0.0,1,4,3,6,1.0986122886681098,1.791759469228055,-12.180354757524544
firm_disparity_a0.01,GBA BİLİŞİM YAZILIM DANIŞMANLIK LİMİTED ŞİRKETİ,0.0,0.0,2,1,4,4,1.3862943611198906,1.3862943611198906,-12.180354757524544
firm_disparity_a0.01,AÇILIM OTOMASYON YAZILIM DONANIM BİLGİSAYAR İNTERNET HİZMETLERİ TURİZM TEMİZLİK VE MALZEMELERİ YEMEKÇİLİK İNŞAAT TAAHHÜT GIDA TIBBİ MALZEMELER VE ÜRÜNLERİ KIRTASİYE RESTORAN İTHALAT İHRACAT VE TİCARET PAZARLAMA LİMİTED ŞİRKETİ,0.0,0.0,1,2,3,3,1.0986122886681098,1.0986122886681098,-12.180354757524544
firm_disparity_a0.01,SADTEK ELEKTRONİK SA NAYİ VE TİCARET LİMİ TED ŞİRKETİ,0.0,0.0,1,1,1,1,0.0,0.0,-12.180354757524544
firm_disparity_a0.01,AYRO TEKNOLOJİ YAZIL IM DANIŞMANLIK VE EĞ İT.TİC.LTD.ŞTİ.,0.0,0.0,1,2,2,2,0.6931471805599453,0.6931471805599453,-12.180354757524544
firm_disparity_a0.01,ATILGAN SİNYALİZASYON ELEKTR.ELEKTRO.İNŞ.İTH.İHR.SAN.VE TİC.LTD.ŞTİ,0.0,0.0,1,1,1,1,0.0,0.0,-12.180354757524544
firm_disparity_a0.01,ATIKNAKİT GERİ DÖNÜŞÜM LİMİTED ŞİRKETİ,0.0,0.0,1,4,8,9,2.0794415416798357,2.1972245773362196,-12.180354757524544
firm_disparity_a0.01,BİLDES BİLİŞİM DESTEK HİZMETLERİ DANIŞMANLIK ORGANİZASYON TURİZM İÇ VE DIŞ TİCARET LİMİTED ŞİRKETİ,0.0,0.0,1,1,1,1,0.0,0.0,-12.180354757524544
firm_disparity_a0.01,BİLBEST BİLİŞİM SAĞ.EĞİT.DIŞ TİC.VESAN.LTD.ŞTİ.,0.0,0.0,1,1,11,29,2.3978952727983707,3.367295829986474,-12.180354757524544
firm_disparity_a0.01,NETAŞ TELEKOMÜNİKASYON ANONİM ŞİRKETİ,0.0,0.0,1,3,7,7,1.9459101490553132,1.9459101490553132,-12.180354757524544
firm_disparity_a0.01,EKS-PA BİLGİSAYAR PAZARLAMA VE TİCARET A.Ş.,0.0,0.0,1,4,6,10,1.791759469228055,2.302585092994046,-12.180354757524544
firm_disparity_a0.01,BİVENT YAZILIM ANONİM ŞİRKETİ,0.0,0.0,1,1,2,2,0.6931471805599453,0.6931471805599453,-12.180354757524544
firm_disparity_a0.01,ROBİT TEKNOLOJİ LİMİTED ŞİRKETİ,0.0,0.0,1,6,8,22,2.0794415416798357,3.091042453358316,-12.180354757524544
firm_disparity_a0.01,ASİST BİLGİ TEKNOLOJİLERİ VE ELKTRONİK HABERLEŞME LİMİTED ŞİRKETİ.,0.0,0.0,1,4,4,4,1.3862943611198906,1.3862943611198906,-12.180354757524544
firm_disparity_a0.01,SİSTEM BİLGİSAYAR VE TEKNİK HİZ.SAN.A.Ş.,0.0,0.0,1,1,1,1,0.0,0.0,-12.180354757524544
firm_disparity_a0.01,ROYAL SOSYAL HİZMETLER İNŞAAT OTOMASYON ÖZEL SAĞLIK TAAHÜT VE TİCARET LİMİTED ŞİRKETİ,0.0,0.0,1,1,1,1,0.0,0.0,-12.180354757524544
firm_disparity_a0.01,ASA BİLGİ VE GÜVENLİK SİSTEMLERİ ELEKTRİK ELEKTRONİK İNŞAAT İNSAN KAYNAKLARI GIDA SANAYİ VE TİCARET LİMİTED ŞİRKETİ,0.0,0.0,1,1,1,1,0.0,0.0,-12.180354757524544
firm_disparity_a0.01,TIPPLUS YAZILIM VE BİLİŞİM TEKNOLOJİLERİ ANONİM ŞİRKETİ,0.0,0.0,1,1,8,10,2.0794415416798357,2.302585092994046,-12.180354757524544
firm_disparity_a0.01,ARTEK GRUP BİLİŞİM BÜRO MALZEMELERİ TİCARET LİMİTED ŞİRKETİ,0.0,0.0,1,3,4,4,1.3862943611198906,1.3862943611198906,-12.180354757524544
firm_disparity_a0.01,ENTEGRES BİLGİ VE İLETİŞİM TEKNOLOJİLERİ SANAYİ VE TİCARET ANONİM ŞİRKETİ,0.0,0.0,1,3,11,12,2.3978952727983707,2.4849066497880004,-12.180354757524544
firm_disparity_a0.01,NEBULA MÜHENDİSLİK İNŞAAT HARİTA SANVE DIŞ TİC LTD Ş,0.0,0.0,1,1,2,2,0.6931471805599453,0.6931471805599453,-12.180354757524544
firm_disparity_a0.01,BİMTAŞ BOĞAZİÇİ PEYZAJ İNŞAAT MÜŞAVİRLİK TEKNİK HİZMETLERİ SANAYİ TİCARET ANONİM ŞİRKETİ,0.0,0.0,1,2,2,2,0.6931471805599453,0.6931471805599453,-12.180354757524544
firm_disparity_a0.01,PSEUDONYM_367,0.0,0.0,1,1,2,2,0.6931471805599453,0.6931471805599453,-12.180354757524544
firm_disparity_a0.01,BİLTAM MÜMESSİLLİK DIŞ TİC.VE SAN.A.Ş.,0.0,0.0,1,3,4,5,1.3862943611198906,1.6094379124341003,-12.180354757524544
firm_disparity_a0.01,BİOPEST ÇEVRE SAĞLIĞI VE VEKTÖR KONTROLHİZ.LTD.ŞTİ.,0.0,0.0,1,1,6,11,1.791759469228055,2.3978952727983707,-12.180354757524544
firm_disparity_a0.01,DATACORE BİLGİ SİSTEMLERİ SANAYİ VE TİCARET ANONİM ŞİRKETİ,0.0,0.0,2,3,5,6,1.6094379124341003,1.791759469228055,-12.180354757524544
firm_disparity_a0.01,İNFOPARK BİLGİ TEKNOLOJİLERİ SANAYİ VE TİCARET ANONİM ŞİRKETİ,0.0,0.0,2,5,14,22,2.6390573296152584,3.091042453358316,-12.180354757524544
firm_disparity_a0.01,SBI BİLİŞİM ANONİM ŞİRKETİ,0.0,0.0,2,1,1,1,0.0,0.0,-12.180354757524544
firm_disparity_a0.01,DARENDELİ TEKNOLOJİ SANAYİ VE TİCARET ANONİM ŞİRKETİ,0.0,0.0,1,1,2,2,0.6931471805599453,0.6931471805599453,-12.180354757524544
firm_disparity_a0.01,ÇEKİNO SAVUNMA ELEKTRONİK VE BİLİŞİM ANONİM ŞİRKETİ,0.0,0.0,1,2,4,4,1.3862943611198906,1.3862943611198906,-12.180354757524544
firm_disparity_a0.01,SEBİL BİLGİSAYAR MÜHENDİSLİK İNŞAAT SANAYİ VE TİCARET ANONİM ŞİRKETİ.,0.0,0.0,1,1,1,1,0.0,0.0,-12.180354757524544
firm_disparity_a0.01,COMPRO BİLİŞİM TEKNOLOJİLERİ ANONİM ŞİRKETİ,0.0,0.0,2,4,6,12,1.791759469228055,2.4849066497880004,-12.180354757524544
firm_disparity_a0.01,MARKAJ REKLAMCILIK TURİZM ÖZEL SAĞLIK HİZMETLERİ SANAYİ VE TİCARET LİMİTED ŞİRKETİ,0.0,0.0,1,1,1,1,0.0,0.0,-12.180354757524544
firm_disparity_a0.01,CEREN TANITIM ORGANİ ZASYON VE TİC.LT D.ŞTİ.,0.0,0.0,1,1,3,3,1.0986122886681098,1.0986122886681098,-12.180354757524544
firm_disparity_a0.01,C2E TEKNOLOJİ SERVİSLERİ TİCARET LİMİTED ŞİRKETİ,0.0,0.0,1,1,1,1,0.0,0.0,-12.180354757524544
firm_disparity_a0.01,PROTEZ SAĞLIK ÇÖZÜML ERİ BİLİŞİM İNŞAAT T ARIM SAN VE TİC A.Ş.,0.0,0.0,1,3,3,3,1.0986122886681098,1.0986122886681098,-12.180354757524544
firm_disparity_a0.01,MCH İNTERAKTİF TASAR IM VE GELİŞT.HİZMETL ERİ LTD.ŞTİ.,0.0,0.0,1,1,1,1,0.0,0.0,-12.180354757524544
firm_disparity_a0.01,M.B.İ.S BİLGİSAYAR OTOMASYON DANIŞMANLIK VE EĞİTİM HİZMETLERİ SANAYİ TİCARET ANONİM ŞİRKETİ,0.0,0.0,1,2,2,2,0.6931471805599453,0.6931471805599453,-12.180354757524544
firm_disparity_a0.01,TURCOM İLETİŞİM SİST EMLERİ SANAYİ VE TİCARET A.Ş.,0.0,0.0,2,4,6,7,1.791759469228055,1.9459101490553132,-12.180354757524544
firm_disparity_a0.01,STM SAVUNMA TEKNOLOJİLERİ MÜH.VE TİC.A.Ş.,0.0,0.0,1,3,4,7,1.3862943611198906,1.9459101490553132,-12.180354757524544
firm_disparity_a0.01,DENEYSAN EĞİTİM CİHA ZLARI SAN.VE TİC.LTD ŞTİ.,0.0,0.0,1,1,1,1,0.0,0.0,-12.180354757524544
firm_disparity_a0.01,NKT TEKNOLOJİ DAĞITIM TİCARET LİMİTED ŞİRKETİ,0.0,0.0,1,2,3,3,1.0986122886681098,1.0986122886681098,-12.180354757524544
firm_disparity_a0.01,DEN-BİL BİLGİSAYAR TELEKOMÜNİKASYON İNŞAAT SANAYİ VE TİCARET LİMİTED ŞİRKETİ,0.0,0.0,1,1,1,1,0.0,0.0,-12.180354757524544
firm_disparity_a0.01,MERİT İLETİŞİM TEKNOLOJİLERİ TİCARET VE SANAYİ ANONİM ŞİRKETİ,0.0,0.0,1,1,2,2,0.6931471805599453,0.6931471805599453,-12.180354757524544
firm_disparity_a0.01,DELTA PROSES OTOMASYON KONTROL VE ELEKTRONİK SİSTEMLERİ SANAYİ VE TİCARET LİMİTED ŞİRKETİ,0.0,0.0,1,1,1,1,0.0,0.0,-12.180354757524544
firm_disparity_a0.01,NETIX BİLİŞİM TEKNOLOJİLERİ YAZILIM DANIŞMANLIK EĞİTİM VE İLETİŞİM HİZMETLERİ SANAYİ TİCARET LİMİTED ŞİRKETİ,0.0,0.0,1,1,2,2,0.6931471805599453,0.6931471805599453,-12.180354757524544
firm_disparity_a0.01,DEKON KONGRE VE TURİZM HİZM.A.Ş.,0.0,0.0,1,1,1,1,0.0,0.0,-12.180354757524544
firm_disparity_a0.01,VERİDATA BİLGİ TEKNOLOJİLERİ LİMİTED ŞİRKETİ,0.0,0.0,1,4,4,12,1.3862943611198906,2.4849066497880004,-12.180354757524544
firm_disparity_a0.01,DEDİCA TEKNOLOJİ ANONİM ŞİRKETİ,0.0,0.0,1,2,3,3,1.0986122886681098,1.0986122886681098,-12.180354757524544
firm_disparity_a0.01,DDS İLETİŞİM VE BİLİ ŞİM TİC VE SAN L TD ŞTİ.,0.0,0.0,1,1,1,1,0.0,0.0,-12.180354757524544
firm_disparity_a0.01,İLKEM TEKNOLOJİ SANAYİ VE TİCARET LİMİTED ŞİRKETİ,0.0,0.0,1,4,4,5,1.3862943611198906,1.6094379124341003,-12.180354757524544
firm_disparity_a0.01,DBI BİLGİ VE İLETİŞİM TEKNOLOJİLERİ ANONİM ŞİRKETİ,0.0,0.0,1,2,7,7,1.9459101490553132,1.9459101490553132,-12.180354757524544
firm_disparity_a0.01,DATAKEY BİLİŞİM VE DANIŞMANLIK HİZMETLERİ LİMİTED ŞİRKETİ,0.0,0.0,1,3,3,3,1.0986122886681098,1.0986122886681098,-12.180354757524544
firm_disparity_a0.01,ORATECH BİLİŞİM DANIŞMANLIK PAZARLAMA HİKMETLERİ SANAYİ VE TİCARET LİMİTED ŞİRKETİ,0.0,0.0,2,2,2,3,0.6931471805599453,1.0986122886681098,-12.180354757524544
firm_disparity_a0.01,LACİTEK BİLİŞİM ANONİM ŞİRKETİ,0.0,0.0,1,2,2,2,0.6931471805599453,0.6931471805599453,-12.180354757524544
firm_disparity_a0.01,DESTEL BİLİŞİM ÇÖZÜMLERİ A.Ş.,0.0,0.0,1,2,3,3,1.0986122886681098,1.0986122886681098,-12.180354757524544
firm_disparity_a0.01,MOBİLİON BİLİŞİM TEKN.VE REK.PAZ.LTD.ŞTİ,0.0,0.0,1,4,9,10,2.1972245773362196,2.302585092994046,-12.180354757524544
firm_disparity_a0.01,DERTA PROJE MÜHENDİSLİK ELEKTRİK İNŞAAT TAAHHÜT SANAYİ VE TİCARET LİMİTED ŞİRKETİ,0.0,0.0,1,1,1,1,0.0,0.0,-12.180354757524544
firm_disparity_a0.01,ARKENOM TEKNOLOJİ HİZMETLERİ SANAYİ VE TİCARET ANONİM ŞİRKETİ,0.0,0.0,1,3,5,8,1.6094379124341003,2.0794415416798357,-12.180354757524544
firm_disparity_a0.01,ARK BİLİŞİM MEDİKAL SANAYİ VE TİCARET LİMİTED ŞİRKETİ,0.0,0.0,1,1,3,6,1.0986122886681098,1.791759469228055,-12.180354757524544
firm_disparity_a0.01,QUEEN BİLGİSAYAR SİSTEMLERİ SANAYİ TİC.LTD.ŞTİ.,0.0,0.0,1,4,9,13,2.1972245773362196,2.5649493574615367,-12.180354757524544
firm_disparity_a0.01,METOD ARAŞTIRMA DAN. VE MÜH.İNŞAAT SA N.TİC.LTD.ŞTİ.,0.0,0.0,1,3,3,5,1.0986122886681098,1.6094379124341003,-12.180354757524544
firm_disparity_a0.01,MEDYASOFT DANIŞMANLIK VE EĞİTİM ANONİM ŞİRKETİ,0.0,0.0,1,2,6,6,1.791759469228055,1.791759469228055,-12.180354757524544
firm_disparity_a0.01,EMPATİK İNSAN KAYNAK LARI EĞİTİM VE D ANŞ.LTD.ŞTİ.,0.0,0.0,1,1,2,4,0.6931471805599453,1.3862943611198906,-12.180354757524544
firm_disparity_a0.01,APAZ MEDİKAL ÜRÜN VE BİLİŞİM YAZILIM SANAYİ VE TİCARET ANONİM ŞİRKETİ,0.0,0.0,1,1,5,7,1.6094379124341003,1.9459101490553132,-12.180354757524544
firm_disparity_a0.01,ANTE GRUP ELEKTRİK ELEKTRONİK BİLİŞİM İNŞAAT DANIŞMANLIK SANAYİ VE TİCARET LİMİTED ŞİRKETİ.,0.0,0.0,1,2,2,2,0.6931471805599453,0.6931471805599453,-12.180354757524544
firm_disparity_a0.01,ANLAŞ OTOMASYON BİLGİSAYAR MÜHENDİSLİK SANAYİ VE TİCARET LİMİTED ŞİRKETİ,0.0,0.0,1,1,1,1,0.0,0.0,-12.180354757524544
firm_disparity_a0.01,ANKAREF BİLİŞİM TEKN OLOJİLERİ MÜH İM SAN TİC LTD ŞTİ,0.0,0.0,1,4,9,12,2.1972245773362196,2.4849066497880004,-12.180354757524544
firm_disparity_a0.01,UNİCON KALİTE ENFORMASYON SİS.DANIŞMANLIK TAAHHÜT TİCARET LİMİTED ŞİRKETİ,0.0,0.0,1,1,1,1,0.0,0.0,-12.180354757524544
firm_disparity_a0.01,DENEYİM TEKN.ÜRÜN.ELBİLG.YAZ.TANIT.HİZ.TİC.LTD.ŞTİ.,0.0,0.0,1,1,1,1,0.0,0.0,-12.180354757524544
firm_disparity_a0.01,EKİN SOFTWARE TEKNOLOJİ SANAYİ VE TİCARET ANONİM ŞİRKETİ,0.0,0.0,1,1,6,6,1.791759469228055,1.791759469228055,-12.180354757524544
firm_disparity_a0.01,EGE BİMTES BİLGİ İŞLEM MAKİNALARI TEKNİK SERVİS SANAYİ VE TİCARET LİMİTED ŞİRKETİ,0.0,0.0,1,1,2,2,0.6931471805599453,0.6931471805599453,-12.180354757524544
firm_disparity_a0.01,KORUDATA YAZILIM VE BİLGİ TEKNOLOJİLERİ ANONİM ŞİRKETİ,0.0,0.0,1,3,4,5,1.3862943611198906,1.6094379124341003,-12.180354757524544
firm_disparity_a0.01,EDUSANO BİLİŞİM YAZILIM TANITIM VE TASARIM HİZMETLERİ SANAYİ VE TİCARET LİMİTED ŞİRKETİ,0.0,0.0,1,5,4,10,1.3862943611198906,2.302585092994046,-12.180354757524544
firm_disparity_a0.01,EDULINE BİLİŞİM SAN.VE TİC.LTD.ŞTİ.,0.0,0.0,1,5,6,8,1.791759469228055,2.0794415416798357,-12.180354757524544
firm_disparity_a0.01,SİGNUM TEKNOLOJİ TAN ITIM VE EĞİTİM L TD.ŞTİ.,0.0,0.0,1,1,1,1,0.0,0.0,-12.180354757524544
firm_disparity_a0.01,RDS TEKNOLOJİ DANIŞMANLIK SANAYİ VE TİCARET LİMİTED ŞİRKETİ,0.0,0.0,1,1,1,1,0.0,0.0,-12.180354757524544
firm_disparity_a0.01,DİYARBAKIR DEMİRCİOĞLU BİLGİSAYAR SİSTEMLERİ ELEKTRİK ELEKTRONİK NAKLİYAT GIDA TEMİZLİK İTHALAT İHRACAT SANAYİ TİCARET LİMİTED ŞİRKETİ,0.0,0.0,1,2,2,2,0.6931471805599453,0.6931471805599453,-12.180354757524544
firm_disparity_a0.01,DİJİTEK VİTAMİN YAZILIM BİLİŞİM HİZMETLERİ TAAHHÜT EĞİTİM SAĞLIK SANAYİ VE TİCARET LİMİTED ŞİRKETİ,0.0,0.0,1,1,1,1,0.0,0.0,-12.180354757524544
firm_disparity_a0.01,N2MOBİL TAKİP SİSTEMLERİ ANONİM ŞİRKETİ,0.0,0.0,1,2,4,4,1.3862943611198906,1.3862943611198906,-12.180354757524544
firm_disparity_a0.01,DİJİTAL ARŞİV BELGE BİLGİ TEKNOLOJİLERİ SANAYİ VE TİCARET ANONİM ŞİRKETİ,0.0,0.0,1,1,2,2,0.6931471805599453,0.6931471805599453,-12.180354757524544
firm_disparity_a0.01,GISLAND BİLİŞİM TİCARET LİMİTED ŞİRKETİ,0.0,0.0,1,1,2,2,0.6931471805599453,0.6931471805599453,-12.180354757524544
firm_disparity_a0.01,DOĞADAN GRUP ISITMA ENERJİ SİSTEMLERİ MADENCİLİK BİLGİSAYAR SİSTEMLERİ SAĞLIK VE EĞİTİM SANAYİ VE TİCARET LİMİTED ŞİRKETİ,0.0,0.0,1,1,1,1,0.0,0.0,-12.180354757524544
firm_disparity_a0.01,DONBAY YAZILIM HİZMETLERİ SANAYİ VE TİCARET LİMİTED ŞİRKETİ,0.0,0.0,1,1,1,1,0.0,0.0,-12.180354757524544
firm_disparity_a0.01,MYSİS BİLGİ TEKNOLOJİLERİ SAN.VE DIŞ TİC. LTD.ŞTİ.,0.0,0.0,1,1,1,1,0.0,0.0,-12.180354757524544
firm_disparity_a0.01,ATOS BİLİŞİM VE DANIŞMANLIK ANONİM ŞİRKETİ,0.0,0.0,1,3,2,3,0.6931471805599453,1.0986122886681098,-12.180354757524544
firm_disparity_a0.01,ALTERNATİF BİLGİSAYAR YAZILIM YATIRIM VE YÖNETİM DANIŞMANLIĞI HİZMETLERİ LİMİTED ŞİRKETİ,0.0,0.0,1,1,1,1,0.0,0.0,-12.180354757524544
firm_disparity_a0.01,EXPER BİLGİSAYAR SİS TEMLERİ SANAYİ VE Tİ C.ARET A.Ş.,0.0,0.0,1,1,1,2,0.0,0.6931471805599453,-12.180354757524544
firm_disparity_a0.01,ESİSTEM BİLGİSAYAR SARF MALZEMELERİ İHRACAT İTHALAT VE TİCARET ANONİM ŞİRKETİ,0.0,0.0,1,1,1,1,0.0,0.0,-12.180354757524544
firm_disparity_a0.01,SİBERUS BİLGİ TEKNOLOJİLERİ YAZILIM DANIŞMANLIK EĞİTİM BİLGİSAYAR TİCARET LİMİTED ŞİRKETİ,0.0,0.0,1,2,2,2,0.6931471805599453,0.6931471805599453,-12.180354757524544
firm_disparity_a0.01,ERNST YOUNG KURUMSAL FİNANSMAN DANIŞM ANLIK A.Ş,0.0,0.0,1,1,1,1,0.0,0.0,-12.180354757524544
firm_disparity_a0.01,ERBAY GES ENERJİ ELKBİL.ELK.TAH.İT.İH.SAVE TİC.LTD.ŞTİ.,0.0,0.0,1,1,1,1,0.0,0.0,-12.180354757524544
firm_disparity_a0.01,ENTERPRİSECODİNG YAZILIM VE DANIŞMANLIK TİCARET LİMİTED ŞİRKETİ,0.0,0.0,1,1,1,1,0.0,0.0,-12.180354757524544
firm_disparity_a0.01,"ENTEGRES BİLİŞİM TEKNOLOJİLERİ LİMİTED ŞİRKETİ, NETRA TELEKOMÜNİKASY ON VE İLETİŞİM HİZ.S AN.TİC.LTD.ŞTİ.",0.0,0.0,1,2,2,2,0.6931471805599453,0.6931471805599453,-12.180354757524544
firm_disparity_a0.01,EMİTURK ELEKTRONİK SAN.VE TİC.LTD.ŞT,0.0,0.0,1,2,7,7,1.9459101490553132,1.9459101490553132,-12.180354757524544
firm_disparity_a0.01,PSEUDONYM_684,0.0,0.0,1,1,1,1,0.0,0.0,-12.180354757524544
firm_disparity_a0.01,MYRONET TELEKOMİNİKASYON VE BİLGİ TEKNOLOJİLERİ TİCARET LİMİTED ŞİRKETİ,0.0,0.0,1,1,1,1,0.0,0.0,-12.180354757524544
firm_disparity_a0.01,ELTEM-TEK ELEKTRİK TESİSLERİ MÜHENDİSLİK MÜTEAHHİTLİK DANIŞMANLIK VE TİCARET ANONİM ŞİRKETİ,0.0,0.0,1,1,1,1,0.0,0.0,-12.180354757524544
firm_disparity_a0.01,PLUSTECH GÜVENLİK SİSTEMLERİ ANONİM ŞİRKETİ,0.0,0.0,1,1,4,4,1.3862943611198906,1.3862943611198906,-12.180354757524544
firm_disparity_a0.01,ELECTROER MÜHENDİSLİK ELEKTRİK ELEKTRONİK TAAHHÜT TİCARET SANAYİ LİMİTED ŞİRKETİ,0.0,0.0,1,1,2,2,0.6931471805599453,0.6931471805599453,-12.180354757524544
firm_disparity_a0.01,SAYKOM ELEK HABERLEŞ GÜVE SİS İTH İHR SAN VE TİC LTD ŞTİ,0.0,0.0,1,2,6,13,1.791759469228055,2.5649493574615367,-12.180354757524544
firm_disparity_a0.01,ÖZGÜR ENTEGRASYON BİLİŞİM OTOMOTİV İTHALAT İHRACAT SANAYİ VE TİCARET LİMİTED ŞİRKETİ,0.0,0.0,1,3,6,8,1.791759469228055,2.0794415416798357,-12.180354757524544
firm_disparity_a0.01,TRİO ENTEGRASYON BİLİŞİM TEKNOLOJİLERİ TİCARET ANONİM ŞİRKETİ.,0.0,0.0,1,5,10,12,2.302585092994046,2.4849066497880004,-12.180354757524544
firm_disparity_a0.01,FEROFEN BİLİŞİM ANONİM ŞİRKETİ,0.0,0.0,1,2,1,2,0.0,0.6931471805599453,-12.180354757524544
firm_disparity_a0.01,FASTSOFT BİLİŞİM TEKNOLOJİ ANONİM ŞİRKETİ,0.0,0.0,1,1,9,10,2.1972245773362196,2.302585092994046,-12.180354757524544
firm_disparity_a0.01,TEOSOFT YAZILIM DONANIM BİLGİSAYAR EĞİTİM DANIŞMANLIK SANAYİ VE TİCARET LİMİTED ŞİRKETİ,0.0,0.0,1,4,3,5,1.0986122886681098,1.6094379124341003,-12.180354757524544
firm_disparity_a0.01,NETOVA TEKNOLOJİ BİLİŞİM İLETİŞİM ELEKTRONİK VE OFİS OTOMASYON SİSTEMLERİ SAN.VE TİC. LTD.ŞTİ.,0.0,0.0,1,3,4,4,1.3862943611198906,1.3862943611198906,-12.180354757524544
firm_disparity_a0.01,ANKARA BİLGİ TEKNOLOJİLERİ REKLAMCILTRZ.SA.VE Tİ.LTD,0.0,0.0,1,3,5,5,1.6094379124341003,1.6094379124341003,-12.180354757524544
firm_disparity_a0.01,İNFO KENT ANALİZ BİLGİ Sİ.Bİ.YA.EN.TU.MAİN.SAN.VE TİC.LTD.ŞT,0.0,0.0,1,1,3,3,1.0986122886681098,1.0986122886681098,-12.180354757524544
firm_disparity_a0.01,ANKA COĞRAFİ BİLGİ T EKNOLOJİLERİ SANAYİ TİC.LTD.ŞTİ.,0.0,0.0,1,2,6,6,1.791759469228055,1.791759469228055,-12.180354757524544
firm_disparity_a0.01,ANKA AKTİF BİLGİS.EL K.ELEKT.YAZ.KR.İNŞ.D T.M.T.M.İ.İ.D.TT.L.,0.0,0.0,1,1,1,1,0.0,0.0,-12.180354757524544
firm_disparity_a0.01,PSEUDONYM_357,0.0,0.0,1,1,1,1,0.0,0.0,-12.180354757524544
firm_disparity_a0.01,ANALİTİK BİLİŞİM YAZILIM DANIŞMANLIK EĞİTİM HİZMETLERİ TİCARET LİMİTED ŞİRKETİ.,0.0,0.0,1,1,2,2,0.6931471805599453,0.6931471805599453,-12.180354757524544
firm_disparity_a0.01,2 EN BİLİŞİM VE İLETİŞİM HİZMETLERİ SANAYİ TİCARET LİMİTED ŞİRKETİ.,0.0,0.0,1,1,1,1,0.0,0.0,-12.180354757524544
firm_disparity_a0.01,ANADEĞER KENT EKİPMANLARI İLAÇLAMA BİLİŞİM HİZMETLERİ TEMİZLİK VE İNŞAAT SANAYİ TİCARET LİMİTED ŞİRKETİ,0.0,0.0,1,1,1,1,0.0,0.0,-12.180354757524544
firm_disparity_a0.01,ALYAMİN ENERJİ BİLİŞİM SİSTEMLERİ TAAHHÜT SANAYİ VE DIŞ TİCARET LİMİTED ŞİRKETİ,0.0,0.0,1,1,2,4,0.6931471805599453,1.3862943611198906,-12.180354757524544
firm_disparity_a0.01,BG-TEK BİLİŞİM GÜVENLİK TEKNOLOJİLERİ ULUSLAR ARASI EĞİTİM DANIŞMANLIĞI BİLGİSAYAR ELEKTRONİK GÜVENLİK SİSTEMLERİ İTHALAT İHRACAT SANAYİ VE TİCARET LİMİTED ŞİRKETİ,0.0,0.0,1,1,2,2,0.6931471805599453,0.6931471805599453,-12.180354757524544
firm_disparity_a0.01,KURUMSOFT KURUMSAL BİLİŞİM TEKNOLOJİLERİ VE DANIŞMANLIK HİZMETLERİ ANONİM ŞİRKETİ,0.0,0.0,1,2,2,4,0.6931471805599453,1.3862943611198906,-12.180354757524544
firm_disparity_a0.01,GALAKSİTY AKILLI ŞEHİR TEKNOLOJİLERİ ANONİM ŞİRKETİ,0.0,0.0,1,1,3,3,1.0986122886681098,1.0986122886681098,-12.180354757524544
firm_disparity_a0.01,FİGESFİZİK VE GEOMETRİDE BİLG.SİMİLAS.HİZ.TİC.A.Ş.,0.0,0.0,1,1,1,1,0.0,0.0,-12.180354757524544
firm_disparity_a0.01,FİDES TEKNOLOJİ VE GÜVENLİK SİS.TİC.LTD.ŞTİ.,0.0,0.0,1,1,6,8,1.791759469228055,2.0794415416798357,-12.180354757524544
firm_disparity_a0.01,GOLİVE BİLİŞİM HİZMETLERİ SANAYİ VE TİCARET LİMİTED ŞİRKETİ,0.0,0.0,1,1,1,1,0.0,0.0,-12.180354757524544
firm_disparity_a0.01,BİMSER ÇÖZÜM YAZILIM TİCARET ANONİM ŞİRKETİ,0.0,0.0,1,3,17,17,2.833213344056216,2.833213344056216,-12.180354757524544
firm_disparity_a0.01,ALPDATA BİLGİSAYAR YAZILIM DONA.SİS.VE MED.PAZ.VE TİC.LTD.ŞT,0.0,0.0,1,3,11,14,2.3978952727983707,2.6390573296152584,-12.180354757524544
firm_disparity_a0.01,24 EĞİTİM YAZILIM TEKNOLOJİ BİLİŞİM DANIŞMANLIK SANAYİ VE TİCARET ANONİM ŞİRKETİ,0.0,0.0,1,2,2,2,0.6931471805599453,0.6931471805599453,-12.180354757524544
firm_disparity_a0.01,ALNİS GIDA TEKNOLOJİ VE LOJİSTİK TİCARET ANONİM ŞİRKETİ,0.0,0.0,1,1,1,1,0.0,0.0,-12.180354757524544
firm_disparity_a0.01,PROMER BİLGİ TEKNOLOJİLERİ SANAYİ VE TİCARET ANONİM ŞİRKETİ,0.0,0.0,1,1,5,6,1.6094379124341003,1.791759469228055,-12.180354757524544
firm_disparity_a0.01,ALKAN GÜVENLİK TEMİZ İNŞ.GI.TA.SOS.Hİ SAN.VE TİC.LTD.Ş,0.0,0.0,1,2,2,2,0.6931471805599453,0.6931471805599453,-12.180354757524544
firm_disparity_a0.01,ALGAN YAZILIM VE BİLİŞİM MAKİNA ELEKTRONİK HAYVANCILIK TİCARET LİMİTED ŞİRKETİ,0.0,0.0,1,2,3,3,1.0986122886681098,1.0986122886681098,-12.180354757524544
firm_disparity_a0.01,FİDELTUS İLERİ TEKNO LOJİ ÜRÜNLERİ SA N VE TİC. A.Ş,0.0,0.0,1,1,4,4,1.3862943611198906,1.3862943611198906,-12.180354757524544
firm_disparity_a0.01,FUJİTSU TECHNOLOGY SOLUTIONS BİLİŞİM LİMİTED ŞİRKETİ,0.0,0.0,1,7,11,14,2.3978952727983707,2.6390573296152584,-12.180354757524544
firm_disparity_a0.01,FSB TEKNOLOJİ BİLİŞİM GRAFİK TASARIM REKLAM DANIŞMANLIK TİCARET ANONİM ŞİRKETİ,0.0,0.0,1,1,1,1,0.0,0.0,-12.180354757524544
firm_disparity_a0.01,FPİCT BİLİŞİM SİSTEMLERİ FİNANSAL DANIŞMANLIK VE TİCARET LİMİTED ŞİRKETİ,0.0,0.0,1,3,5,13,1.6094379124341003,2.5649493574615367,-12.180354757524544
firm_disparity_a0.01,HİDROMOD ARGE VE YAZILIM LİMİTED ŞİRKETİ,0.0,0.0,1,1,1,1,0.0,0.0,-12.180354757524544
firm_disparity_a0.01,ÜNİ-PA ÜNİVERSİTE PA ZARLAMA VE BİLG İNTER TİC A Ş,0.0,0.0,1,2,3,3,1.0986122886681098,1.0986122886681098,-12.180354757524544
firm_disparity_a0.01,TEOGEN TEKNOLOJİ VE ENDÜSTRİYEL YAZILIM SİSTEMLERİ SANAYİ TİCARET LİMİTED ŞİRKETİ,0.0,0.0,1,1,1,1,0.0,0.0,-12.180354757524544
firm_disparity_a0.01,HOLYUM YAZILIM DONANIM MÜHENDİSLİK DANIŞMANLIK SANAYİ VE TİCARET LİMİTED ŞİRKETİ,0.0,0.0,1,2,2,5,0.6931471805599453,1.6094379124341003,-12.180354757524544
firm_disparity_a0.01,HAVELSAN TEKNOLOJİ RADAR (HTR) SANAYİ VE TİCARET ANONİM ŞİRKETİ,0.0,0.0,1,1,1,1,0.0,0.0,-12.180354757524544
firm_disparity_a0.01,32 BİT BİLGİSAYAR Hİ Z.SAN.VE TİC.LTD .ŞTİ.,0.0,0.0,1,1,1,1,0.0,0.0,-12.180354757524544
firm_disparity_a0.01,HASVET MEDİKAL YAZILIM SAĞLIK HİZMETLERİ SANAYİ VE TİCARET ANONİM ŞİRKETİ,0.0,0.0,1,1,1,1,0.0,0.0,-12.180354757524544
firm_disparity_a0.01,PSEUDONYM_082,0.0,0.0,1,1,2,3,0.6931471805599453,1.0986122886681098,-12.180354757524544
firm_disparity_a0.01,360 AKADEMİ EĞİTİM BİLİŞİM TİCARET LİMİTED ŞİRKETİ,0.0,0.0,1,1,1,1,0.0,0.0,-12.180354757524544
firm_disparity_a0.01,GEO TEKNİK GEODEZİ V E ELEKTRONİK ALE T.SAN.VE TİC.LTD,0.0,0.0,1,1,1,1,0.0,0.0,-12.180354757524544
firm_disparity_a0.01,GENÇ DATA BİLGİSAYAR SİS EĞT SER TİC VE PAZ LTD ŞTİ,0.0,0.0,1,1,1,1,0.0,0.0,-12.180354757524544
firm_disparity_a0.01,PSEUDONYM_016,0.0,0.0,1,1,1,1,0.0,0.0,-12.180354757524544
firm_disparity_a0.01,GİSELE BİLGİ TEKNOLOJİLERİ LİMİTED ŞİRKETİ,0.0,0.0,1,1,1,1,0.0,0.0,-12.180354757524544
firm_disparity_a0.01,İNFOLOJİ TEKNOLOJİ VE İNOVASYON A.Ş.,0.0,0.0,1,1,1,1,0.0,0.0,-12.180354757524544
firm_disparity_a0.01,GELİŞİM YÖNETİM SİSTEMLERİ A.Ş.,0.0,0.0,1,1,2,2,0.6931471805599453,0.6931471805599453,-12.180354757524544
firm_disparity_a0.01,GE MEDİCAL SYSTEMS TÜRKİYE LTD.ŞTİ,0.0,0.0,1,2,2,3,0.6931471805599453,1.0986122886681098,-12.180354757524544
firm_disparity_a0.01,SİSTEK DATA İLETİŞİMSİSTEMLERİ SAN.VE TİC.LTD.ŞTİ.,0.0,0.0,1,2,3,3,1.0986122886681098,1.0986122886681098,-12.180354757524544
firm_disparity_a0.01,AKTİF TELEKOMÜNİKASYON VE OTOMASYON SİSTEMLERİ SANAYİ VE TİCARET LİMİTED ŞİRKETİ,0.0,0.0,1,1,1,1,0.0,0.0,-12.180354757524544
firm_disparity_a0.01,PROTA BİLGİSAYAR MÜHENDİSLİK DANIŞMANLIK HİZ.A.Ş.,0.0,0.0,2,2,10,12,2.302585092994046,2.4849066497880004,-12.180354757524544
firm_disparity_a0.01,AKPINAR BİLİŞİM HİZMETLERİ SAN VE TİC LTD ŞTİ,0.0,0.0,1,1,1,1,0.0,0.0,-12.180354757524544
firm_disparity_a0.01,EKSPRES ELEKTRONİK E GİTİM ÖĞR. GIDA SAN.TİC.LTD.ŞTİ.,0.0,0.0,1,2,2,2,0.6931471805599453,0.6931471805599453,-12.180354757524544
firm_disparity_a0.01,DUGAN BİLGİSAYAR VE ELK.HİZM.KIRT.SA N.VE TİC.LTD.ŞTİ,0.0,0.0,1,3,3,3,1.0986122886681098,1.0986122886681098,-12.180354757524544
firm_disparity_a0.01,AKELSAN ELEKRONİK SİSTEMLER SANAYİ VE TİCARET ANONİM ŞİRKETİ,0.0,0.0,1,2,2,3,0.6931471805599453,1.0986122886681098,-12.180354757524544
firm_disparity_a0.01,AK TEKNİK VE ELEKTRONİK SAN.TİC.LTD.ŞTİ.,0.0,0.0,1,1,1,1,0.0,0.0,-12.180354757524544
firm_disparity_a0.01,ISSD BİLİŞİM ELEKTRO NİK EĞT.SAN.VE TİC.L TD.ŞTİ.,0.0,0.0,1,1,3,3,1.0986122886681098,1.0986122886681098,-12.180354757524544
firm_disparity_a0.01,SSL BİLİŞİM EĞİTİM DANIŞMANLIK ANONİM ŞİRKETİ,0.0,0.0,1,1,1,1,0.0,0.0,-12.180354757524544
firm_disparity_a0.01,PSEUDONYM_692,0.0,0.0,1,1,1,1,0.0,0.0,-12.180354757524544
firm_disparity_a0.01,SEKTÖRSOFT YAZILIM ARGE ANONİM ŞİRKETİ,0.0,0.0,1,1,1,1,0.0,0.0,-12.180354757524544
firm_disparity_a0.01,IMIS GLOBAL LIMITED,0.0,0.0,1,1,1,1,0.0,0.0,-12.180354757524544
firm_disparity_a0.01,PSEUDONYM_411,0.0,0.0,1,2,3,3,1.0986122886681098,1.0986122886681098,-12.180354757524544
firm_disparity_a0.01,IBSS TEKNOLOJİ VE YAZILIM ANONİM ŞİRKETİ,0.0,0.0,1,2,3,4,1.0986122886681098,1.3862943611198906,-12.180354757524544
firm_disparity_a0.01,JEO İNTERNET TEKNOLO JİLERİ BİL MÜH EN Tİ LTD ŞTİ,0.0,0.0,1,1,1,1,0.0,0.0,-12.180354757524544
firm_disparity_a0.01,MERGEN YAZILIM ANONİM ŞİRKETİ,0.0,0.0,1,3,18,25,2.8903717578961645,3.2188758248682006,-12.180354757524544
firm_disparity_a0.01,MEKANSAL YAZILIM DANIŞMANLIK TİCARET LİMİTED ŞİRKETİ,0.0,0.0,1,1,1,1,0.0,0.0,-12.180354757524544
firm_disparity_a0.01,MEHAZ TEKNOLOJİ YAZILIM BİLİŞİM VE GIDA TİCARET LİMİTED ŞİRKETİ,0.0,0.0,1,2,2,3,0.6931471805599453,1.0986122886681098,-12.180354757524544
firm_disparity_a0.01,SYBASE YAZILIM ÜRÜNLERİ VE BİLİŞİM HİZMETLERİ LİMİTED ŞİRKETİ,0.0,0.0,1,1,3,4,1.0986122886681098,1.3862943611198906,-12.180354757524544
firm_disparity_a0.01,LİV TEKNOLOJİ PAZARLAMA LİMİTED ŞİRKETİ,0.0,0.0,1,2,3,3,1.0986122886681098,1.0986122886681098,-12.180354757524544
firm_disparity_a0.01,R2 TEKNOLOJİ BİLİŞİM ÇÖZÜMLERİ HİZMETLERİ SANAYİ TİCARET LİMİTED ŞİRKETİ,0.0,0.0,1,3,3,3,1.0986122886681098,1.0986122886681098,-12.180354757524544
firm_disparity_a0.01,ÇÖZÜMEVİ YÖNETİM DANIŞMANLIĞI VE BİLGİSAYAR YAZILIM TİCARET ANONİM ŞİRKETİ,0.0,0.0,1,3,5,13,1.6094379124341003,2.5649493574615367,-12.180354757524544
firm_disparity_a0.01,LİNEER BİLİŞİM TEKNO LOJİLERİ CBS OTOM.Bİ LG.TİC.LTD.ŞTİ.,0.0,0.0,1,2,2,2,0.6931471805599453,0.6931471805599453,-12.180354757524544
firm_disparity_a0.01,LUNA ICT YAZILIM BİLGİSAYAR TİCARET LİMİTED ŞİRKETİ,0.0,0.0,1,1,1,1,0.0,0.0,-12.180354757524544
firm_disparity_a0.01,SZR BİLİŞİM TEKNOLOJİLERİ TİCARET LİMİTED ŞİRKETİ,0.0,0.0,1,1,1,1,0.0,0.0,-12.180354757524544
firm_disparity_a0.01,LST YAZILIM ELEKTRON İK VE İLETİŞİM T EK.TİC.LTD.ŞTİ.,0.0,0.0,1,7,10,10,2.302585092994046,2.302585092994046,-12.180354757524544
firm_disparity_a0.01,KUZEYTEK GRUP ENDÜSTRİYEL HIRDAVAT SANAYİ VE TİCARET LİMİTED ŞİRKETİ,0.0,0.0,1,1,1,1,0.0,0.0,-12.180354757524544
firm_disparity_a0.01,KOÇ BİLGİ VE SAVUNMA TEKNOLOJİLERİ ANONİM ŞİRKETİ,0.0,0.0,1,4,3,5,1.0986122886681098,1.6094379124341003,-12.180354757524544
firm_disparity_a0.01,KORTEKS BİLİŞİM HİZMETLERİ A.Ş.,0.0,0.0,1,2,5,14,1.6094379124341003,2.6390573296152584,-12.180354757524544
firm_disparity_a0.01,UNITEDWIT BİLİŞİM MÜHENDİSLİK DANIŞMANLIK İÇ VE DIŞ TİCARET SANAYİ LİMİTED ŞİRKETİ,0.0,0.0,1,2,2,2,0.6931471805599453,0.6931471805599453,-12.180354757524544
firm_disparity_a0.01,KARYA TEKNOLOJİ VE DANIŞMANLIK HİZMETLERİ A.Ş,0.0,0.0,1,1,1,2,0.0,0.6931471805599453,-12.180354757524544
firm_disparity_a0.01,UVMSYSTEMS TR BİLİŞİM TEKNOLOJİLERİ LİMİTED ŞİRKETİ,0.0,0.0,1,1,1,1,0.0,0.0,-12.180354757524544
firm_disparity_a0.01,TGAR BİLGİSAYAR ELEKTRONİK İLET.SİS.SAN.VE TİC.A.Ş.,0.0,0.0,1,3,10,10,2.302585092994046,2.302585092994046,-12.180354757524544
firm_disparity_a0.01,TERACİTY YAZILIM TEKNOLOJİLERİ SANAYİ VE TİCARET ANONİM ŞİRKETİ,0.0,0.0,1,3,7,11,1.9459101490553132,2.3978952727983707,-12.180354757524544
firm_disparity_a0.01,PSEUDONYM_690,0.0,0.0,1,1,1,1,0.0,0.0,-12.180354757524544
firm_disparity_a0.01,MİNOVA TEK.ELKTRONİK SAN.VE TİC.LTD.Ş Tİ.,0.0,0.0,1,1,1,1,0.0,0.0,-12.180354757524544
firm_disparity_a0.01,TURKCELL DİJİTAL İŞ SERVİSLERİ ANONİM ŞİRKETİ,0.0,0.0,1,3,4,4,1.3862943611198906,1.3862943611198906,-12.180354757524544
firm_disparity_a0.01,MİKROLİNK BİLİŞİM SANAYİ TİCARET ANONİM ŞİRKETİ,0.0,0.0,1,1,1,1,0.0,0.0,-12.180354757524544
firm_disparity_a0.01,ÇAĞRI NAK.TAA.TUR.TE K.GÜV.SİS.VE TEM HİZ.TİC.SN.LTD.Ş,0.0,0.0,1,1,1,1,0.0,0.0,-12.180354757524544
firm_disparity_a0.01,PSEUDONYM_364,0.0,0.0,1,1,1,1,0.0,0.0,-12.180354757524544
firm_disparity_a0.01,MS TEDARİK TEKNOLOJİ SANAYİ VE TİCARET LİMİTED ŞİRKETİ,0.0,0.0,1,4,9,10,2.1972245773362196,2.302585092994046,-12.180354757524544
firm_disparity_a0.01,MOR YAZILIM HİZMETLERİ VE BİLGİSAYARSİSTEML.LTD.ŞTİ.,0.0,0.0,1,2,2,2,0.6931471805599453,0.6931471805599453,-12.180354757524544
firm_disparity_a0.01,MODÜL PLANLAMA HARİTA İNŞ. VE TİC. LTD.ŞTİ.,0.0,0.0,1,1,1,1,0.0,0.0,-12.180354757524544
firm_disparity_a0.01,MLG BİLİŞİM ANONİM ŞİRKETİ,0.0,0.0,1,3,3,3,1.0986122886681098,1.0986122886681098,-12.180354757524544
firm_disparity_a0.01,METİS BİLİŞİM YAZILIM DANIŞMANLIK EĞT.VE YAY HİZ TİC LTD ŞTİ,0.0,0.0,1,1,2,3,0.6931471805599453,1.0986122886681098,-12.180354757524544
firm_disparity_a0.01,METOD ARAÇ TAKİP VE ARAÇ İÇİ İZLEME ÇÖZÜMLERİ İLETİŞİM BİLGİSAYAR SANAYİ VE TİCARET ANONİM ŞİRKETİ,0.0,0.0,1,1,1,1,0.0,0.0,-12.180354757524544
firm_disparity_a0.01,MERKEZ COĞRAFYA BİLİŞİM SİSTEMLERİ VE MÜHENDİSLİK LİMİTED ŞİRKETİ,0.0,0.0,1,3,9,9,2.1972245773362196,2.1972245773362196,-12.180354757524544
firm_disparity_a0.01,PLUXEE ÇALIŞAN DENEYİMİ DANIŞMANLIK VE PAZARLAMA HİZMETLERİ ANONİM ŞİRKETİ,0.0,0.0,1,1,1,1,0.0,0.0,-12.180354757524544
firm_disparity_a0.01,İMKA BİLGİ İŞLEM DANIŞMANLIK ARŞİV KÜTÜPHANE VE DOKÜMANTASYON HİZMETLERİ SANAYİ TİCARET LİMİTED ŞİRKETİ,0.0,0.0,1,2,7,10,1.9459101490553132,2.302585092994046,-12.180354757524544
firm_disparity_a0.01,PRODES GRUP BİLGİSAYAR YAZILIM BİLİŞİM İNŞAAT HİZMETLERİ SANAYİ VE TİCARET LİMİTED ŞİRKETİ,0.0,0.0,1,2,2,3,0.6931471805599453,1.0986122886681098,-12.180354757524544
firm_disparity_a0.01,ABİSENA BİLGİ TEKNOLOJİLERİ ANONİM ŞİRKETİ,0.0,0.0,1,1,12,16,2.4849066497880004,2.772588722239781,-12.180354757524544
firm_disparity_a0.01,PVA TEKNOLOJİ LİMİTED ŞİRKETİ,0.0,0.0,1,3,3,3,1.0986122886681098,1.0986122886681098,-12.180354757524544
firm_disparity_a0.01,PLATO BİLGİSAYAR ÜRÜNLERİ PAZ SANAYİ TİCARET LİMİTED ŞİRKETİ,0.0,0.0,1,2,2,2,0.6931471805599453,0.6931471805599453,-12.180354757524544
firm_disparity_a0.01,PERCOM BİLİŞİM SİSTEMLERİ OTOMOTİV İNŞAAT VE DANIŞMANLIK DIŞ TİCARET LİMİTED ŞİRKETİ,0.0,0.0,1,3,7,11,1.9459101490553132,2.3978952727983707,-12.180354757524544
firm_disparity_a0.01,SOLENT BİLİŞİM TEKNOLOJİLERİ YAZILIM VE DONANIM ANONİM ŞİRKETİ,0.0,0.0,1,2,2,2,0.6931471805599453,0.6931471805599453,-12.180354757524544
firm_disparity_a0.01,VERİFONE ELEKTRONİK VE DANIŞMANLIK LTD ŞTİ,0.0,0.0,1,1,1,1,0.0,0.0,-12.180354757524544
firm_disparity_a0.01,TRNETWORK BİLİŞİM DANIŞMANLIK VE DESTEK HİZMETLERİ SANAYİ VE TİCARET LİMİTED ŞİRKETİ,0.0,0.0,1,4,4,5,1.3862943611198906,1.6094379124341003,-12.180354757524544
firm_disparity_a0.01,OVERTECH BİLGİ TEKNOLOJİLERİ ANONİM ŞİRKETİ,0.0,0.0,1,1,1,4,0.0,1.3862943611198906,-12.180354757524544
firm_disparity_a0.01,ORAN TEKNOLOJİ YAZILIM DANIŞMANLIK VE EĞİTİM LTD ŞTİ,0.0,0.0,1,4,4,6,1.3862943611198906,1.791759469228055,-12.180354757524544
firm_disparity_a0.01,NSC BİLİŞİM HİZMETLERİ TİCARET ANONİM ŞİRKETİ,0.0,0.0,1,5,7,8,1.9459101490553132,2.0794415416798357,-12.180354757524544
firm_disparity_a0.01,NODA BİLİŞİM TEKNOLOJİLERİ BİLGİSAYAR ULUSLARARASI İÇ VE DIŞ TİCARET LİMİTED ŞİRKETİ,0.0,0.0,1,3,9,10,2.1972245773362196,2.302585092994046,-12.180354757524544
firm_disparity_a0.01,ÇANKAYA GROUP GÜVENLİK SİSTEMLERİ TİCARET LİMİTED ŞİRKETİ,0.0,0.0,1,1,1,1,0.0,0.0,-12.180354757524544
firm_disparity_a0.01,UÇBEYİ SİBER GÜVENLİK VE BİLİŞİM SİSTEMLERİ ANONİM ŞİRKETİ,0.0,0.0,1,2,2,2,0.6931471805599453,0.6931471805599453,-12.180354757524544
firm_disparity_a0.01,POZİTİFİK ÖLÇME DEĞERLENDİRME VE ARAŞTIRMA HİZ.LTD.ŞTİ.,0.0,0.0,1,1,1,1,0.0,0.0,-12.180354757524544
firm_disparity_a0.01,VODAFONE NET İLETİŞİM HİZMETLERİ ANONİM ŞİRKETİ,0.0,0.0,1,3,10,11,2.302585092994046,2.3978952727983707,-12.180354757524544
firm_disparity_a0.01,VBT BİLGİ TEKNOLOJİLERİ ANONİM ŞİRKETİ,0.0,0.0,1,7,7,21,1.9459101490553132,3.044522437723423,-12.180354757524544
firm_disparity_a0.01,VADORA YAZILIM BİLİŞİM EĞİTİM DANIŞMANLIK TİCARET A.Ş.,0.0,0.0,1,1,12,15,2.4849066497880004,2.70805020110221,-12.180354757524544
firm_disparity_a0.01,ÜLKEM İNŞAAT MADENCİLİK VE ELEKTRONİK SANAYİ TİCARET ANONİM ŞİRKETİ,0.0,0.0,1,3,3,3,1.0986122886681098,1.0986122886681098,-12.180354757524544
firm_disparity_a0.01,TCHEALTH BİLGİ TEKNOLOJİLERİ ANONİM ŞİRKETİ,0.0,0.0,1,3,3,4,1.0986122886681098,1.3862943611198906,-12.180354757524544
firm_disparity_a0.01,SİTE TELEKOM ANONİM ŞİRKETİ,0.0,0.0,1,1,1,2,0.0,0.6931471805599453,-12.180354757524544
firm_disparity_a0.01,PSEUDONYM_374,0.0,0.0,1,1,1,1,0.0,0.0,-12.180354757524544
firm_disparity_a0.01,PSEUDONYM_310,0.0,0.0,1,1,2,3,0.6931471805599453,1.0986122886681098,-12.180354757524544
firm_disparity_a0.01,PSEUDONYM_307,0.0,0.0,1,3,2,4,0.6931471805599453,1.3862943611198906,-12.180354757524544
firm_disparity_a0.01,SÜRAT BİLİŞİM TEKNOLOJİLERİ SANAYİ TİCARET ANONİM ŞİRKETİ,0.0,0.0,2,6,6,8,1.791759469228055,2.0794415416798357,-12.180354757524544
firm_disparity_a0.01,PSEUDONYM_219,0.0,0.0,2,1,1,1,0.0,0.0,-12.180354757524544
firm_disparity_a0.01,VİZYON ELEKTRONİK BİLŞ.SİS.VE DANŞ.SAN.TİC.LTD.ŞTİ.,0.0,0.0,1,2,2,2,0.6931471805599453,0.6931471805599453,-12.180354757524544
firm_disparity_a0.01,PSEUDONYM_164,0.0,0.0,1,1,10,12,2.302585092994046,2.4849066497880004,-12.180354757524544
firm_disparity_a0.01,SAYSİS BİLGİSAYAR SİSTEMLERİ TİCARETLİMİTED ŞİRKETİ,0.0,0.0,2,2,15,15,2.70805020110221,2.70805020110221,-12.180354757524544
firm_disparity_a0.01,TELESKOP YAZILIM TEKNOLOJİLERİ ANONİM ŞİRKETİ,0.0,0.0,1,1,2,2,0.6931471805599453,0.6931471805599453,-12.180354757524544
firm_disparity_a0.01,SODER BİLGİ TEKNOLOJİLERİ ANONİM ŞİRKETİ,0.0,0.0,1,2,8,9,2.0794415416798357,2.1972245773362196,-12.180354757524544
firm_disparity_a0.01,İNTERNETTE REKLAM REKLAM HİZMETLERİ A.Ş.,0.0,0.0,1,1,1,1,0.0,0.0,-12.180354757524544
firm_disparity_a0.01,İDEKS DANIŞMANLIK EĞİTİM VE BİLİŞİM TEKNOLOJİLERİ MEDYA REKLAM TİCARET LTD.ŞTİ.,0.0,0.0,1,1,1,1,0.0,0.0,-12.180354757524544
firm_disparity_a0.01,RESET BİLGİ TEKNOLOJİLERİ SANAYİ VE TİCARET ANONİM ŞİRKETİ,0.0,0.0,1,5,7,7,1.9459101490553132,1.9459101490553132,-12.180354757524544
firm_disparity_a0.01,TAŞPINAR YAZILIM VE BİLGİ TEKNOLOJİLERİ GIDA İNŞAAT SANAYİ PAZARLAMA TURİZM TİCARET LİMİTED ŞİRKETİ.,0.0,0.0,1,4,7,7,1.9459101490553132,1.9459101490553132,-12.180354757524544
firm_disparity_a0.01,PROYA PROFESYONEL YA ZILIM ÇÖZÜM VE D ANI.TİC.LTD.ŞTİ.,0.0,0.0,2,1,2,2,0.6931471805599453,0.6931471805599453,-12.180354757524544
firm_disparity_a0.01,AGMLAB ARAŞTIRMA GELİŞTİRME MERKEZ LARATUVARI BİLİŞİM TEKNOLOJİLERİ ANONİM ŞİRKETİ,0.0,0.0,2,1,1,1,0.0,0.0,-12.180354757524544
firm_disparity_a0.01,BARLA BİLGİSAYAR MÜHENDİSLİK MÜŞAVİRLİK GIDA İNŞAAT MEDİKAL SANAYİ VE TİCARET LİMİTED ŞİRKETİ,0.0,0.0,1,1,8,15,2.0794415416798357,2.70805020110221,-12.180354757524544
firm_disparity_a0.01,AGERSOFT BİLİŞİM TEKNOLOJİLERİ DIŞ TİCARET SANAYİ LİMİTED ŞİRKETİ,0.0,0.0,1,1,4,4,1.3862943611198906,1.3862943611198906,-12.180354757524544
firm_disparity_a0.01,3M BİLİŞİM TEKNOLOJİLERİ LİMİTED ŞİRKETİ,0.0,0.0,1,1,1,1,0.0,0.0,-12.180354757524544
firm_disparity_a0.01,PUKASOFT YAZILIM SANAYİ VE TİCARET LİMİTED ŞİRKETİ,0.0,0.0,1,1,1,1,0.0,0.0,-12.180354757524544
firm_disparity_a0.01,PSEUDONYM_622,0.0,0.0,1,1,1,1,0.0,0.0,-12.180354757524544
firm_disparity_a0.01,PSEUDONYM_602,0.0,0.0,1,1,3,3,1.0986122886681098,1.0986122886681098,-12.180354757524544
firm_disparity_a0.01,PSEUDONYM_511,0.0,0.0,1,1,1,1,0.0,0.0,-12.180354757524544
firm_disparity_a0.01,PSEUDONYM_484,0.0,0.0,1,1,1,1,0.0,0.0,-12.180354757524544
firm_disparity_a0.01,B2M SİSTEM MÜHENDİSLİĞİ İNŞAAT VE TİCARET LTD.ŞTİ.,0.0,0.0,1,2,2,2,0.6931471805599453,0.6931471805599453,-12.180354757524544
firm_raw,NETCAD YAZILIM ANONİM ŞİRKETİ,0.07513180083527028,0.8243158861340679,330,6,92,112,4.5217885770490405,4.718498871295094,-2.5885089377137014
firm_raw,SENTİM BİLİŞİM TEKNO LOJİLERİ SANAYİ VE TİC.A.Ş.,0.0641258272190103,0.796759002770083,380,7,57,78,4.04305126783455,4.356708826689592,-2.7469052335831505
firm_raw,C.B.K.SOFT YAZILIM DONANIM ELEKTRONİK VE BİLGİSAYAR SİSTEMLERİ SANAYİ TİCARET ANONİM ŞİRKETİ,0.05638016894236615,0.7973379615178114,283,2,72,82,4.276666119016055,4.406719247264253,-2.8756345644905412
firm_raw,FORTE BİLGİ İLETİŞİM TEKNOLOJİLERİ VE SAVUNMA SANAYİ ANONİM ŞİRKETİ,0.038450390068670695,0.7152931598041211,289,10,48,82,3.871201010907891,4.406719247264253,-3.2583816986819683
firm_raw,UNİVERSAL YAZILIM ANONİM ŞİRKETİ,0.0336457247837641,0.6835970893017244,219,7,45,79,3.8066624897703196,4.3694478524670215,-3.391863864091678
firm_raw,FONET BİLGİ TEKNOLOJİLERİ ANONİM ŞİRKETİ,0.03312899319539153,0.7046934093868188,127,4,115,208,4.74493212836325,5.337538079701318,-3.4073409517763067
firm_raw,KOÇ SİSTEM BİLGİ VE İLETİŞİM HİZMELERİ ANONİM ŞİRKETİ,0.03311025589088337,0.6801713627364347,299,8,32,63,3.4657359027997265,4.143134726391533,-3.4079066949622887
firm_raw,TEKNOSER BİLGİSAYARTEKNİK HİZM.SAN.VE DIŞ TİC.A.Ş.,0.030504284421554246,0.7376547481737793,255,9,36,66,3.58351893845611,4.189654742026425,-3.4898821582111106
firm_raw,IND YAZILIM BİLİŞİM TEKNOLOJİLERİ SANAYİ VE TİCARET A.Ş.,0.03031855866630642,0.7796045223188144,149,7,28,54,3.332204510175204,3.9889840465642745,-3.4959892459470328
firm_raw,ENTEGRES BİLİŞİM TEKNOLOJİLERİ LİMİTED ŞİRKETİ,0.028169963639289,0.6942618293969646,111,9,37,51,3.6109179126442243,3.9318256327243257,-3.5694925186167445
firm_raw,İŞ YAZILIM DONANIM ELEKT DAN TEL KI TU ME İN İT İH S V T L Ş,0.027832032867162695,0.825950008288972,233,5,41,46,3.713572066704308,3.828641396489095,-3.5815611124345805
firm_raw,BEYAZ BİLGİSAYAR DANIŞMANLIK HİZ.LTD.ŞTİ,0.02690061555792253,0.8580140343060816,268,7,18,31,2.8903717578961645,3.4339872044851463,-3.6155993349438145
firm_raw,PROMET BİLGİ SİSTEMLERİ VE DAN.SAN.TİC.LTD.ŞTİ.,0.025901006172468877,0.6611608754906871,293,11,31,56,3.4339872044851463,4.02535169073515,-3.653466426724762
firm_raw,BARİKAT İNTERNET GÜVENLİĞİ BİLİŞİM TİCARET ANONİM ŞİRKETİ,0.021098167583783734,0.6743667296786389,230,7,32,54,3.4657359027997265,3.9889840465642745,-3.85856044901949
firm_raw,İŞLEM COĞRAFİ BİLGİ SİSTEMLERİ MÜHENDİSLİK VE EĞİTİM ANONİM ŞİRKETİ,0.020613642354381106,0.717975260079706,139,3,27,27,3.295836866004329,3.295836866004329,-3.8817933315155053
firm_raw,GOMAP MÜHENDİSLİK MÜŞAVİRLİK DANIŞMANLIK VE ARAŞTIRMA TİCARET LİMİTED ŞİRKETİ,0.020385871513926786,0.6850321395775941,99,4,17,18,2.833213344056216,2.8903717578961645,-3.8929042514928147
firm_raw,ELİPS ELEKTRONİK SAN .VE TİC.LTD.ŞTİ.,0.019057700736098377,0.8367354084240748,169,6,32,34,3.4657359027997265,3.5263605246161616,-3.960274458546852
firm_raw,BAŞARSOFT BİLGİ TEKNOLOJİLERİ ANONİM ŞİRKETİ,0.018073487621552278,0.8158746675916291,186,4,17,20,2.833213344056216,2.995732273553991,-4.013299103667803
firm_raw,ALTO TEKNOLOJİ BİLİŞİM ÇÖZÜMLERİ SANAYİ VE DIŞ TİCARET LİMİTED ŞİRKETİ,0.017462742038085982,0.6204088025687211,113,9,30,63,3.4011973816621555,4.143134726391533,-4.047675258237523
firm_raw,ULUSAL CAD VE GIS ÇÖZÜMLERİ MÜH.BİLG.EĞT.TİC.A.Ş.,0.01729749049198721,0.7798865784499055,115,5,32,34,3.4657359027997265,3.5263605246161616,-4.057183310760192
firm_raw,DATA MARKET BİLGİ HİZMETLERİ ANONİM ŞİRKETİ,0.017092518450268105,0.7322167703736191,191,3,21,27,3.044522437723423,3.295836866004329,-4.069103766893372
firm_raw,SENEKA YAZILIM DONANIM BİLİŞİM TİCARET TAAHHÜT VE SANAYİ LİMİTED ŞİRKETİ,0.016991041738129587,0.8148832119284566,171,2,14,16,2.6390573296152584,2.772588722239781,-4.07505830487379
firm_raw,İNNOVA BİLİŞİM ÇÖZÜMLERİ A.Ş.,0.01658218205143683,0.759506006259253,231,9,20,30,2.995732273553991,3.4011973816621555,-4.099415540513277
firm_raw,APHEL BİLİŞİM HİZMETLERİ DANIŞMANLIK TİCARET LİMİTED ŞİRKETİ,0.016452111642598573,0.7587004277951208,186,6,22,28,3.091042453358316,3.332204510175204,-4.107290365815349
firm_raw,TÜRK TELEKOMÜNİKASYON ANONİM ŞİRKETİ,0.01641435277996233,0.864384,125,8,25,32,3.2188758248682006,3.4657359027997265,-4.109588055036472
firm_raw,KARDELEN BİLGİSAYAR İNŞAAT REKLAM ORMAN ÜRÜNLERİ TEKSTİL İTHALAT VE İHRACAT SANAYİ VE TİCARET LİMİTED ŞİRKETİ,0.016208057383479645,0.42685467072584526,79,6,83,142,4.418840607796598,4.955827057601261,-4.122235547387872
firm_raw,RENİS DIŞ TİCARET LİMİTED ŞİRKETİ,0.01541752448778253,0.6905756825834719,157,4,14,16,2.6390573296152584,2.772588722239781,-4.172238642622185
firm_raw,DESTEK BİLGİSAYAR VE İLETİŞİM HİZ.TİC.A.Ş.,0.014858052534666573,0.49339405183561025,231,8,27,66,3.295836866004329,4.189654742026425,-4.209201037229458
firm_raw,METASOFT BİLGİSAYAR BİLGİ İŞLEM HİZMETLERİ SANAYİ VE TİCARET LİMİTED ŞİRKETİ,0.014696135009689205,0.5225921521997621,58,3,85,140,4.442651256490317,4.941642422609304,-4.220158343899068
firm_raw,AKGÜN BİLGİSAYAR PROGRAM VE HİZ.SAN.TİC.LTD.ŞİRKETİ,0.014124434422317943,0.3717948717948718,78,8,110,166,4.700480365792417,5.111987788356544,-4.259836141354583
firm_raw,SİSOFT SAĞLIK BİLGİ SİSTEMLERİ LİMİTED ŞİRKETİ,0.013506661676029902,0.5653820449988862,67,3,90,149,4.499809670330265,5.003946305945459,-4.304558765343616
firm_raw,PROBEL BİLGİSAYAR YAZILIM DONANIM SANAYİ VE TİCARET ANONİM ŞİRKETİ,0.013442836610671543,0.7152970144659896,114,7,71,210,4.2626798770413155,5.3471075307174685,-4.309295352334371
firm_raw,VENTURA YAZILIM ANONİM ŞİRKETİ,0.013196643310515585,0.42465054586266704,99,3,45,104,3.8066624897703196,4.6443908991413725,-4.327778967000905
firm_raw,BİLGE ADAM BİLGİSAYAR VE EĞİTİM HİZMSAN TİC AŞ,0.011504689958297388,0.7303674483161663,117,6,18,45,2.8903717578961645,3.8066624897703196,-4.4649846640235795
firm_raw,SUPERONLİNE İLETİŞİM HİZMETLERİ ANONİM ŞİRKETİ,0.011092733910028447,0.7119553703834476,119,6,14,18,2.6390573296152584,2.8903717578961645,-4.50144855918167
firm_raw,BİMSER ÇÖZÜM YAZILIM TİCARET ANONİM ŞİRKETİ,0.010991609722921205,0.8115816231632463,127,3,17,17,2.833213344056216,2.833213344056216,-4.510606470017662
firm_raw,NATEK BİLİŞİM BİLGİSAYAR EĞİT.DAN.YAZ.TİC.SAN.LTD.ŞTİ.,0.010884222265068869,0.4698042482299041,147,6,16,19,2.772588722239781,2.9444389791664403,-4.520424293751939
firm_raw,CSIT BİLİŞİM ANONİM ŞİRKETİ,0.010687699123078436,0.5945862015423633,139,8,12,16,2.4849066497880004,2.772588722239781,-4.538644762374138
firm_raw,PSEUDONYM_034,0.01041730210540527,0.8036483769031888,118,7,18,69,2.8903717578961645,4.23410650459726,-4.564269697505924
firm_raw,BİSOFT BİLGİ TEKNOLOJİLERİ ANONİM ŞİRKETİ,0.010241486727314892,0.5678745267712277,172,5,16,20,2.772588722239781,2.995732273553991,-4.581290687680305
firm_raw,PERCOM BİLİŞİM SİSTEMLERİ OTOMOTİV İNŞAAT VE DANIŞMANLIK DIŞ TİCARET LİMİTED ŞİRKETİ,0.009999324435646929,0.5291950113378685,84,3,7,11,1.9459101490553132,2.3978952727983707,-4.605219519761395
firm_raw,İNSPİRİT BİLGİ TEKNOLOJİLERİ YAZILIM DANIŞMANLIK TİC.LTD.ŞTİ,0.009992605833927973,0.816732570239334,155,5,13,25,2.5649493574615367,3.2188758248682006,-4.605891638900978
firm_raw,ARMAKOM BİLİŞİM TEKNOJİLERİ ANONİM ŞİRKETİ,0.009737701575592622,0.7493608006428519,117,6,12,14,2.4849066497880004,2.6390573296152584,-4.6317314524509925
firm_raw,İSTTELKOM İSTANBUL ELEKTRONİK HABERLEŞME VE ALTYAPI HİZMETLERİ SANAYİ VE TİCARET ANONİM ŞİRKETİ,0.00930073887152862,0.6610278098167373,153,6,16,34,2.772588722239781,3.5263605246161616,-4.677641839607304
firm_raw,MİA TEKNOLOJİ YAZILI M TASAR.MÜH.İTH. İHR.PAZ.LTD.ŞTİ.,0.009112212968430672,0.5903295038505239,89,7,17,24,2.833213344056216,3.1780538303479458,-4.69811968160708
firm_raw,PROBİM TEKNOLOJİ GIDA SANAYİ VE TİCARET LTD.ŞTİ.,0.008742730976040187,0.689845422116528,145,5,11,14,2.3978952727983707,2.6390573296152584,-4.739511825078888
firm_raw,İNFOPARK BİLGİ TEKNOLOJİLERİ SANAYİ VE TİCARET ANONİM ŞİRKETİ,0.0086971257610402,0.6137204142011834,104,5,14,22,2.6390573296152584,3.091042453358316,-4.744741726510482
firm_raw,TRTEK TEKNOLOJİK ÜRÜNLER BİLGİSAYAR YAZILIM DONANIM SAN.VE TİC.LTD.ŞTİ.,0.008687485270268046,0.6220958729536319,101,4,59,148,4.07753744390572,4.997212273764115,-4.745850786659044
firm_raw,İSBAK İSTANBUL BİLİŞİM VE AKILLI KENT TEKNOLOJİLERİ A.Ş.,0.00844583569383586,0.79144571994639,131,8,14,19,2.6390573296152584,2.9444389791664403,-4.774060199263451
firm_raw,BİLGİTÜRK BİLG.TEKN.SAN.VE TİC.A.Ş.,0.008181374452753186,0.47828673408685307,82,6,14,27,2.6390573296152584,3.295836866004329,-4.8058728418836
firm_raw,SAMPAŞ BİLİŞİM VE İLETİŞİM SİSTEMLERİ SANAYİ VE TİCARET A.Ş.,0.008168960368776764,0.6518786781349026,47,4,17,20,2.833213344056216,2.995732273553991,-4.807391319611638
firm_raw,PROTA BİLGİSAYAR MÜHENDİSLİK DANIŞMANLIK HİZ.A.Ş.,0.007875529154876095,0.6971207286026748,167,2,10,12,2.302585092994046,2.4849066497880004,-4.843971762646968
firm_raw,PRODAY BİLİŞİM TEKNOLOJİLERİ TİCARET ANONİM ŞİRKETİ,0.0077519384407548665,0.41267781622452904,204,4,20,30,2.995732273553991,3.4011973816621555,-4.859788836978233
firm_raw,PROLİZ BİLGİSAYAR YAZILIM VE DONANIM HİZMETLERİ SANAYİ VE TİCARET LİMİTED ŞİRKETİ,0.007698127429491145,0.5470085470085471,78,3,28,30,3.332204510175204,3.4011973816621555,-4.8667544978213195
firm_raw,VADİ KURUMSAL BİLGİSİSTEMLERİ LTD.ŞTİ.,0.007480511632666888,0.632396694214876,110,6,15,45,2.70805020110221,3.8066624897703196,-4.8954297277344105
firm_raw,ÜNİVERSAL BİLGİ TEKNOLOJİLERİ LTD.ŞTİ.,0.0073088531661405,0.8084473527662106,82,6,24,34,3.1780538303479458,3.5263605246161616,-4.918643969477357
firm_raw,BİZNET BİLİŞİM SİSTEMLERİ VE DANIŞMANLIK SAN.TİC.A.Ş,0.007275860243082509,0.7580017301038062,136,6,19,23,2.9444389791664403,3.1354942159291497,-4.923168179713365
firm_raw,TGAR BİLGİSAYAR ELEKTRONİK İLET.SİS.SAN.VE TİC.A.Ş.,0.007228357811659861,0.7665777777777778,75,3,10,10,2.302585092994046,2.302585092994046,-4.929718192600455
firm_raw,BİLİŞİM İNOVASYON SA N.VE TİC.LTD.ŞTİ.,0.007214961007541387,0.45184,125,4,13,13,2.5649493574615367,2.5649493574615367,-4.931573232992152
firm_raw,BVF BİLGİ TEKNOLOJİLERİ YAPI VE DANIŞMANLIK LİMİTED ŞİRKETİ,0.007156424839095674,0.7192982456140351,114,6,18,24,2.8903717578961645,3.1780538303479458,-4.939719282126133
firm_raw,GENTEL TELEKOMÜNİKASYON ANONİM ŞİRKETİ,0.00664267108054649,0.7727864583333333,96,5,17,22,2.833213344056216,3.091042453358316,-5.0142136910282185
firm_raw,NORMDATA DESTEK VE D ANIŞMANLIK HİZME TLERİ LTD.ŞTİ,0.006586843270774336,0.7220746094165161,97,4,12,14,2.4849066497880004,2.6390573296152584,-5.022653396617663
firm_raw,BİLGİ BİRİKİM SİSTEMLERİ ELEKTRONİK VE BİLGİSAYAR ENDÜSTRİSİ MÜHENDİSLİK HİZMETLERİ SANAYİ VE TİCARET LİMİTED ŞİRKETİ.,0.006512775552385364,0.6797746838133703,97,6,6,11,1.791759469228055,2.3978952727983707,-5.033961580142956
firm_raw,LTS BİLİŞİM TEKNOLOJİLERİ TİCARET LİMİTED ŞİRKETİ,0.006430120891872234,0.7165289256198347,110,5,7,10,1.9459101490553132,2.302585092994046,-5.046733598661671
firm_raw,KAREL ELEKTRONİK SANAYİ VE TİCARET A.Ş.,0.0064274149698471715,0.45794141359849494,61,3,11,13,2.3978952727983707,2.5649493574615367,-5.047154495074555
firm_raw,İNTRON BİLİŞİM YAZILIM TANITIM VE TASARIM HİZMETLERİ SANAYİ TİCARET LİMİTED ŞİRKETİ,0.006279449058266057,0.6386159169550173,85,8,19,25,2.9444389791664403,3.2188758248682006,-5.0704440108856
firm_raw,PSEUDONYM_442,0.006238597939926097,0.3698224852071006,26,4,12,12,2.4849066497880004,2.4849066497880004,-5.076970599890606
firm_raw,SPEKSKO BİLİŞİM YAZILIM SAN.VE TİC.LTD.ŞTİ.,0.006119964973853494,0.6196952160493827,144,4,8,9,2.0794415416798357,2.1972245773362196,-5.096169128393864
firm_raw,NODA BİLİŞİM TEKNOLOJİLERİ BİLGİSAYAR ULUSLARARASI İÇ VE DIŞ TİCARET LİMİTED ŞİRKETİ,0.0056358520175132255,0.66455078125,64,3,9,10,2.1972245773362196,2.302585092994046,-5.178574606841008
firm_raw,4 S BİLGİ TEKNOLOJİLERİ ANONİM ŞİRKETİ,0.005579302657027172,0.4233287046220987,142,5,17,19,2.833213344056216,2.9444389791664403,-5.188658819427743
firm_raw,ENTEGRES BİLGİ VE İLETİŞİM TEKNOLOJİLERİ SANAYİ VE TİCARET ANONİM ŞİRKETİ,0.005530318241805574,0.6841165972635337,41,3,11,12,2.3978952727983707,2.4849066497880004,-5.197476964723042
firm_raw,PANATES BİLİŞİM VE TEKNOLOJİ SAN.TİC.LTD.ŞTİ.,0.005348172427025536,0.5940289319790706,57,2,43,150,3.7612001156935624,5.0106352940962555,-5.230966304474166
firm_raw,MOBİLİON BİLİŞİM TEKN.VE REK.PAZ.LTD.ŞTİ,0.005247871360452832,0.8232248520710059,52,4,9,10,2.1972245773362196,2.302585092994046,-5.249898014122349
firm_raw,INNOSA BİLİŞİM TEKNOLOJİLERİ YAPI SANAYİ VE TİCARET ANONİM ŞİRKETİ,0.005163911900286927,0.6603822314049587,88,6,20,50,2.995732273553991,3.912023005428146,-5.266025576288638
firm_raw,PLUSTECH GÜVENLİK SİSTEMLERİ ANONİM ŞİRKETİ,0.0051383451324007205,0.4591836734693877,14,1,4,4,1.3862943611198906,1.3862943611198906,-5.270988744224677
firm_raw,NETCOM BİLGİSAYAR YAZ.İNT.VE TELEKO.HİZ.SAN.TİC.A.Ş.,0.00493399068826574,0.7618801652892562,88,5,16,19,2.772588722239781,2.9444389791664403,-5.311570213444008
firm_raw,ÖZKARDEŞLER ELK ELKTRONİK GIDA MADL İTHİHR.SAN TİC LTD.ŞTİ.,0.004913193289446791,0.19753086419753085,9,2,5,5,1.6094379124341003,1.6094379124341003,-5.315794093089622
firm_raw,BELSİS BİLGİSAYAR YAZILIM İLETİŞİM HİZM.TİC.VE SAN.LTD.ŞTİ.,0.004855960024977315,0.7664359861591695,68,6,27,28,3.295836866004329,3.332204510175204,-5.327510929161846
firm_raw,BMB SOFT BİLGİSAYAR YAZILIM İLETİŞİM SİS.SAN.VE TİC.L,0.004837196273010035,0.2351716961498439,31,2,15,18,2.70805020110221,2.8903717578961645,-5.331382334781599
firm_raw,ARTI VE ARTI TEKNOLOJİ HİZM.SAN.TİC.AŞ,0.004791480730440318,0.7949105568153187,126,4,9,12,2.1972245773362196,2.4849066497880004,-5.340877752606241
firm_raw,MİMAR BİLGİ İLETİŞİM VE SAVUNMA TEKNOLOJİLERİ SAN. VE TİC. LTD. ŞTİ,0.0047202511776661855,0.5066666666666667,15,3,3,3,1.0986122886681098,1.0986122886681098,-5.355854658080224
firm_raw,YÖNSİS BİLGİSAYAR SİSTEMLERİ SANAYİVE TİCARET A.Ş.,0.004627201891573589,0.5845333333333333,75,4,13,18,2.5649493574615367,2.8903717578961645,-5.37576355318991
firm_raw,ADA MÜHENDİSLİK VE Y AZILIM HİZ.TİC.L TD.ŞTİ.,0.004619383710512914,0.4809804601688056,93,6,10,10,2.302585092994046,2.302585092994046,-5.377454528669666
firm_raw,SHK BİLİŞİM TEKNOLOJİLERİ LİMİTED ŞİRKETİ,0.004618779302784015,0.7140740740740741,45,3,9,11,2.1972245773362196,2.3978952727983707,-5.377585373705383
firm_raw,PROBİL BİLGİ İŞLEM D ESTEK VE DANIŞ.S AN.VE TİC.A.Ş.,0.0046173087724144714,0.5400191326530612,112,5,9,10,2.1972245773362196,2.302585092994046,-5.3779037925731386
firm_raw,BİGATEK BİLİŞİM SİSTEMLERİ TİCARET ANONİM ŞİRKETİ,0.004547613592442023,0.4349030470914128,38,2,3,5,1.0986122886681098,1.6094379124341003,-5.393112596091196
firm_raw,PROMETUS BİLG.SİST.SAN.VE TİC.LTD.ŞTİ.,0.004502044031801739,0.759514335271911,99,1,12,12,2.4849066497880004,2.4849066497880004,-5.403183277744889
firm_raw,DİGİTOLİA DİJİTAL ANADOLU TEKNOLOJİ SANAYİ VE TİCARET LİMİTED ŞİRKETİ,0.004467976626724294,0.6393819855358317,78,3,9,9,2.1972245773362196,2.1972245773362196,-5.410778842115163
firm_raw,İNFOTÜRK BİLGİSAYAR.ELEKTRONİK HİZMETLERİ SAN.VE TİC.LTD.ŞTİ,0.0043715127244466,0.5164666051092643,57,7,18,29,2.8903717578961645,3.367295829986474,-5.43260448163359
firm_raw,MS TEDARİK TEKNOLOJİ SANAYİ VE TİCARET LİMİTED ŞİRKETİ,0.004325241978287058,0.7589889640441438,53,4,9,10,2.1972245773362196,2.302585092994046,-5.443245058535237
firm_raw,VBT BİLGİ TEKNOLOJİLERİ ANONİM ŞİRKETİ,0.004253158970901754,0.5294189453125,128,7,7,21,1.9459101490553132,3.044522437723423,-5.46005043792716
firm_raw,EKİN TEKNOLOJİ SAN.VE TİC.A.Ş.,0.004251931851636248,0.16528925619834722,22,1,6,7,1.791759469228055,1.9459101490553132,-5.460338986683393
firm_raw,QUEEN BİLGİSAYAR SİSTEMLERİ SANAYİ TİC.LTD.ŞTİ.,0.004004716309393284,0.7620408163265306,70,4,9,13,2.1972245773362196,2.5649493574615367,-5.5202370300729875
firm_raw,VODAFONE NET İLETİŞİM HİZMETLERİ ANONİM ŞİRKETİ,0.003994832418931531,0.8337950138504155,76,3,10,11,2.302585092994046,2.3978952727983707,-5.522708030754241
firm_raw,PİRİREİS BİLİŞİM TEK NOLOJİLERİ YAZIL IM MÜH.B.E.T.L.Ş,0.00393818022905958,0.0,8,1,3,3,1.0986122886681098,1.0986122886681098,-5.536990259362431
firm_raw,ELECTROER MÜHENDİSLİK ELEKTRİK ELEKTRONİK TAAHHÜT TİCARET SANAYİ LİMİTED ŞİRKETİ,0.003938180229059579,0.0,3,1,2,2,0.6931471805599453,0.6931471805599453,-5.536990259362431
firm_raw,FUJİTSU TECHNOLOGY SOLUTIONS BİLİŞİM LİMİTED ŞİRKETİ,0.0038951985067579727,0.41795085381091224,98,7,11,14,2.3978952727983707,2.6390573296152584,-5.547963852049994
firm_raw,ROBİT TEKNOLOJİ LİMİTED ŞİRKETİ,0.0038925634381598,0.49701009704930876,101,6,8,22,2.0794415416798357,3.091042453358316,-5.548640540782502
firm_raw,PRESTİJ BİLGİ SİSTEMLERİ ARGE YAZILIM İNŞAAT MOBİLYA SANAYİ VE TİCARET A.Ş.,0.003891889918428165,0.3025000000000001,40,1,47,76,3.8501476017100584,4.330733340286331,-5.5488135749491745
firm_raw,SERVUS BİLGİSAYAR A.Ş. .,0.0038126351110407382,0.3237847222222223,144,7,16,21,2.772588722239781,3.044522437723423,-5.569386901213217
firm_raw,ODAKENT ÇEVRE BİLİŞİM ANONİM ŞİRKETİ,0.00378312581788521,0.599537037037037,72,2,8,9,2.0794415416798357,2.1972245773362196,-5.577156504800444
firm_raw,4 TEK BİLİŞİM YAZBİL.KIR.ELK.İNŞ.SAN.TİC.LTD.ŞTİ.,0.0036434233439163206,0.68375,40,3,7,7,1.9459101490553132,1.9459101490553132,-5.614781542899913
firm_raw,BİLGİKENT BİLİŞİM TEKNOLOJİLERİ TİCARET LİMİTED ŞİRKETİ,0.003620716749666587,0.5910952569692165,87,4,8,9,2.0794415416798357,2.1972245773362196,-5.621032944623214
firm_raw,PİKSELSOFT YAZILIM BİLİŞİM SANAYİ VE TİCARET LİMİTED ŞİRKETİ,0.0036154543107662436,0.7728052126200274,108,4,8,8,2.0794415416798357,2.0794415416798357,-5.622487353241907
firm_raw,SİSTAŞ SAYISAL İLETİŞİM SAN TİC A.Ş.,0.003549960220563358,0.5147855060391504,49,3,5,6,1.6094379124341003,1.791759469228055,-5.640767546904961
firm_raw,DOSBİL BİLGİSAYAR KİM.TEKS.DAY.TÜK.MAL.TMAL.GI. Tİ.VE SA.LT,0.0035363949417672423,0.6493055555555556,48,4,11,11,2.3978952727983707,2.3978952727983707,-5.644595917731972
firm_raw,PSEUDONYM_482,0.0033471123162841085,0.16528925619834722,11,2,7,13,1.9459101490553132,2.5649493574615367,-5.69960285492667
firm_raw,PSEUDONYM_379,0.0032238834515779928,0.3203125,48,3,5,5,1.6094379124341003,1.6094379124341003,-5.737112079121344
firm_raw,HAVELSAN HAVA ELEKTRONİK SANAYİ VE TİCARET ANONİM ŞİRKETİ,0.0031624303383191135,0.703923900118906,58,4,8,9,2.0794415416798357,2.1972245773362196,-5.756356828057551
firm_raw,MOZAİK YAZILIM VE BİLİŞİM SİSTEMLERİ SAN VE TİC. LTD. ŞTİ.,0.003122730458670043,0.5190082644628099,55,4,6,7,1.791759469228055,1.9459101490553132,-5.768989155776071
firm_raw,NEX TEKNOLOJİ ANONİM ŞİRKETİ,0.003115187150636116,0.5827263267429761,62,5,9,12,2.1972245773362196,2.4849066497880004,-5.771407549688166
firm_raw,ADEO BİLİŞİM DANIŞMANLIK HİZMETLERİ SANAYİ VE TİCARET ANONİM ŞİRKETİ,0.0031042734313187015,0.8149176750644713,71,6,7,11,1.9459101490553132,2.3978952727983707,-5.774916886498627
firm_raw,TEOSOFT YAZILIM DONANIM BİLGİSAYAR EĞİTİM DANIŞMANLIK SANAYİ VE TİCARET LİMİTED ŞİRKETİ,0.0030885472737592376,0.20557851239669422,44,4,3,5,1.0986122886681098,1.6094379124341003,-5.779995433609982
firm_raw,MEGA BİLGİSAYAR TİCARET LTD.ŞTİ.,0.0030752506618627086,0.7148760330578512,44,5,16,22,2.772588722239781,3.091042453358316,-5.784309606932604
firm_raw,PARABOL YAZILIM ELEKTRONİK DANIŞMANLIK EĞİTİM SANAYİ VE TİCARET LİMİTED ŞİRKETİ,0.0030277813036680354,0.5026699893200428,53,3,5,9,1.6094379124341003,2.1972245773362196,-5.799864983619121
firm_raw,FASTSOFT BİLİŞİM TEKNOLOJİ ANONİM ŞİRKETİ,0.0029800743716931807,0.3177226813590449,33,1,9,10,2.1972245773362196,2.302585092994046,-5.815745871272113
firm_raw,MERGEN YAZILIM ANONİM ŞİRKETİ,0.0029436004648195854,0.6599999999999999,20,3,18,25,2.8903717578961645,3.2188758248682006,-5.828059890755174
firm_raw,SÜRAT BİLİŞİM TEKNOLOJİLERİ SANAYİ TİCARET ANONİM ŞİRKETİ,0.002916917343774379,0.6777759974363082,79,6,6,8,1.791759469228055,2.0794415416798357,-5.83716544998769
firm_raw,ALERTA ELEKTRONİK VE MÜHENDİSLİK TAAHHÜT TİCARET ANONİM ŞİRKETİ,0.0029079033406054257,0.5562130177514792,13,1,3,3,1.0986122886681098,1.0986122886681098,-5.840260290791216
firm_raw,PRODİGİ BİLİŞİM TEKNOLOJİLERİ SAN.VETİC.LTD.ŞTİ.,0.0029065945636665173,0.7069895108322715,101,5,5,11,1.6094379124341003,2.3978952727983707,-5.84071043969417
firm_raw,Y.D YAZILIM EĞİTİM DANIŞMANLIK VE BİLGİ SİST.TİC.LTD.ŞTİ,0.0028957031947810055,0.6650415512465374,95,3,5,8,1.6094379124341003,2.0794415416798357,-5.844464365472565
firm_raw,PARAMETRE ARAŞTIRMA BİLİŞİM PLANLAMA LTD.ŞTİ.,0.002858090305313908,0.7874688501245996,53,4,12,15,2.4849066497880004,2.70805020110221,-5.857537842193662
firm_raw,SİMURG AJANS BİLİŞİM ARAŞTIRMA SANAYİ TİCARET LİMİTED ŞİRKETİ,0.002825373394181855,0.5429362880886426,38,3,4,5,1.3862943611198906,1.6094379124341003,-5.869050249486091
firm_raw,KAPİTTA BİLGİSAYAR İLETİŞİM ELEKT.EĞİT.VE DAN.PAZ.LTD.ŞTİ.,0.0027972855741951797,0.41666666666666663,12,2,5,5,1.6094379124341003,1.6094379124341003,-5.879040623480086
firm_raw,INCOTECH ÇÖZÜM SİSTEMLERİ DIŞ TİCARET LİMİTED ŞİRKETİ,0.002793178522839226,0.6261337868480725,84,3,7,9,1.9459101490553132,2.1972245773362196,-5.880509834005835
firm_raw,MACELLAN BİLİŞİM DANIŞMANLIK TİCARET LİMİTED ŞİRKETİ,0.002778856004805673,0.7161599333610995,98,2,5,6,1.6094379124341003,1.791759469228055,-5.88565036667752
firm_raw,EMSAL BİLİŞİM MEDİKAL ELEKT.OTOMASYON SİST.SAN.TİC.LTD.ŞTİ.,0.0027671091859790406,0.27692307692307694,65,3,8,10,2.0794415416798357,2.302585092994046,-5.8898862621591315
firm_raw,NETAŞ TELEKOMÜNİKASYON ANONİM ŞİRKETİ,0.0027469380200491997,0.21364660883819397,121,3,7,7,1.9459101490553132,1.9459101490553132,-5.897202094582557
firm_raw,EDANOVA BİLİŞİM TEKNOLOJİLERİ ANONİM ŞİRKETİ,0.002710790442177823,0.4012345679012346,18,3,5,6,1.6094379124341003,1.791759469228055,-5.910447785621965
firm_raw,INNOVERA BİLİŞİM TEKNOLOJİLERİ ANONİM ŞİRKETİ,0.00269337933936508,0.43410430839002256,105,5,9,9,2.1972245773362196,2.1972245773362196,-5.916890954343726
firm_raw,PRODES GRUP BİLGİSAYAR YAZILIM BİLİŞİM İNŞAAT HİZMETLERİ OTOMOTİV SANAYİ VE TİCARET ANONİM ŞİRKETİ,0.0026768499413125026,0.5363321799307958,68,2,4,5,1.3862943611198906,1.6094379124341003,-5.9230464935593385
firm_raw,YONCA BİLİŞİM TEKNOLOJİLERİ LTD.ŞTİ.,0.002675188589583873,0.6775147928994083,78,4,6,12,1.791759469228055,2.4849066497880004,-5.923667280812971
firm_raw,İNFOTELİCA BİLGİ TEKNOLOJİLERİ SANAYİ VE TİCARET LİMİTED ŞİRKETİ,0.0026264805457774975,0.6897679952409279,82,3,5,16,1.6094379124341003,2.772588722239781,-5.94204114173849
firm_raw,PSEUDONYM_164,0.002572911116678673,0.3310657596371882,21,1,10,12,2.302585092994046,2.4849066497880004,-5.962646463609439
firm_raw,EPİTEL İLETİŞİM SANAYİ VE TİCARET LİMİTED ŞİRKETİ,0.002569534855262501,0.6574092441975798,71,5,5,6,1.6094379124341003,1.791759469228055,-5.9639594662698965
firm_raw,MONAD YAZILIM BİLGİSAYAR EĞİ.DAN.SAN.VE TİC.LTD.ŞTİ.,0.0025323021049843473,0.35434007134363843,29,1,20,37,2.995732273553991,3.6109179126442243,-5.978554503983629
firm_raw,BELMAP YAZILIM MÜHENDİSLİK DANIŞMANLIK HİZMETLERİ TİC LTD ŞTİ.,0.002526927553899559,0.7523629489603024,23,3,8,9,2.0794415416798357,2.1972245773362196,-5.980679003681168
firm_raw,LN BİLGİSAYAR VE DANHİZ.SAN.TİC.A.Ş.,0.0025066748172555653,0.3975869544726176,103,5,10,17,2.302585092994046,2.833213344056216,-5.988725479363552
firm_raw,BİLİŞİM SANAYİ VE TİCARET LTD.ŞTİ.,0.002485777487121294,0.5955555555555556,15,3,6,9,1.791759469228055,2.1972245773362196,-5.9970964863827545
firm_raw,BALDEM BİLİŞİM LİMİTED ŞİRKETİ,0.0024765484560168526,0.742283950617284,36,1,13,15,2.5649493574615367,2.70805020110221,-6.000815856708669
firm_raw,ALSAY İLETİŞİM ELEKTRONİK GIDA İNŞ.SAN.TİC.LTD.ŞTİ.,0.0023965842493993148,0.6655124653739612,76,4,5,9,1.6094379124341003,2.1972245773362196,-6.033634746636544
firm_raw,TRİO ENTEGRASYON BİLİŞİM TEKNOLOJİLERİ TİCARET ANONİM ŞİRKETİ.,0.002367504802391468,0.3725925925925926,90,5,10,12,2.302585092994046,2.4849066497880004,-6.045841732358178
firm_raw,KEYM KENTSEL YENİLEME MERKEZİ VE GAYRİMENKUL YATIRIMLARI İNŞAAT SANAYİ VE TİC.A.Ş.,0.002365095002903065,0.24489795918367352,7,2,2,2,0.6931471805599453,0.6931471805599453,-6.046860036977699
firm_raw,PSEUDONYM_545,0.002365095002903064,0.31404958677685935,11,1,2,2,0.6931471805599453,0.6931471805599453,-6.0468600369777
firm_raw,İLKEM GÜVENLİK SİSTEMLERİ BİLİŞİM İNŞAAT GIDA TEMİZLİK TAAHHÜT SANAYİ VE TİCARET LİMİTED ŞİRKETİ.,0.002365095002903064,0.24489795918367352,7,1,2,2,0.6931471805599453,0.6931471805599453,-6.0468600369777
firm_raw,GEST ÖLÇÜM VE OTOMASYON TEKNOLOJİLERİ SANAYİ TİCARET ANONİM ŞİRKETİ,0.002365095002903064,0.5625,16,2,2,2,0.6931471805599453,0.6931471805599453,-6.0468600369777
firm_raw,ASELSANNET ELEKTRONİK VE HABERLEŞME SİSTEMLERİ SANAYİ TİCARET İNŞAAT VE TAAHHÜT LTD.ŞTİ.,0.002365095002903064,0.0,5,2,2,2,0.6931471805599453,0.6931471805599453,-6.0468600369777
firm_raw,PROMER BİLGİSAYAR İM VE YAZ.HİZM.SAN. VE TİC.LTD.ŞTİ.,0.002335124512681468,0.21875,8,1,4,4,1.3862943611198906,1.3862943611198906,-6.059612025410296
firm_raw,BİLGİBİM BİLGİSAYAR TEKNOLOJİLERİ İLETİŞİM ELEKTRONİK SANAYİ VE TİCARET LİMİTED ŞİRKETİ,0.0022951411492967014,0.7575,40,6,18,22,2.8903717578961645,3.091042453358316,-6.076881535555248
firm_raw,SAYSİS BİLGİSAYAR SİSTEMLERİ TİCARETLİMİTED ŞİRKETİ,0.00225941127793486,0.566732412886259,39,2,15,15,2.70805020110221,2.70805020110221,-6.092570341731391
firm_raw,ESTEP BİLİŞİM ARAŞTIRMA AJANS EĞİTİM DANIŞMANLIK HİZMETLERİ SANAYİ VE TİCARET LİMİTED ŞİRKETİ,0.002248008187094967,0.6062886320881484,61,3,4,7,1.3862943611198906,1.9459101490553132,-6.097629641515208
firm_raw,AVEZ ELEKTRONİK İLET İŞİM EĞİTİM DANI ŞMANLIĞI TİC.AŞ.,0.0022388960605448922,0.671280276816609,17,3,5,7,1.6094379124341003,1.9459101490553132,-6.101690971305324
firm_raw,ENFO BİLİŞİM ANONİM ŞİRKETİ,0.0022316853570056618,0.6758494031221304,33,2,7,7,1.9459101490553132,1.9459101490553132,-6.104916557103179
firm_raw,MOBİLİZ BİLGİ VE İLE TİŞİM TEKNOLOJİL ERİ A.Ş.,0.0022062423253345637,0.5111111111111111,30,1,5,5,1.6094379124341003,1.6094379124341003,-6.116381917863793
firm_raw,ÜNİBEL ÖZEL EĞİTİM BİLGİ TEKNOLOJİLERİ KÜLTÜR TANITIM VE YAYINCILIK SANAYİ VE TİCARET ANONİM ŞİRKETİ,0.0021874568147897486,0.3642659279778393,38,5,7,31,1.9459101490553132,3.4339872044851463,-6.124932374402564
firm_raw,EG YAZILIM DONANIM DANIŞMANLIK HİZMETLERİ LTD.ŞTİ.,0.0021855931714301544,0.39322916666666663,48,4,9,16,2.1972245773362196,2.772588722239781,-6.125784634570369
firm_raw,BEYAZ BİLGİSAYAR YAZ ILIM TASARIM SAN .VE TİC.LTD.ŞTİ.,0.002180477882565688,0.7377173091458806,63,2,6,7,1.791759469228055,1.9459101490553132,-6.128127640057377
firm_raw,SODER BİLGİ TEKNOLOJİLERİ ANONİM ŞİRKETİ,0.002165676548020446,0.3705103969754252,23,2,8,9,2.0794415416798357,2.1972245773362196,-6.134938327907509
firm_raw,YAZILIM 3D BİLGİSAYAR TEKNOLOJİLERİ SANAYİ VE TİCARET ANONİM ŞİRKETİ,0.0021417130827009532,0.6043903220637719,79,3,6,18,1.791759469228055,2.8903717578961645,-6.146064177669923
firm_raw,ANKA AKTİF BİLGİSAYAR ELEKTRİK ELEKTRONİK YAZILIM KIRTASİYE İNŞAAT VE DAYANIKLI TÜKETİM MALLARI TIBBİ MALZEMELER İTHALAT İHRACAT DANIŞMANLIK TİCARET LİMİTED ŞİRKETİ,0.0020988444844223762,0.531358024691358,45,4,5,5,1.6094379124341003,1.6094379124341003,-6.166281506823389
firm_raw,MDS AP TECH YAZILIM ÜRÜNLERİ VE BİLİŞİM HİZMETLERİ TİCARET LİMİTED ŞİRKETİ,0.0020797646040701164,0.7395918367346939,70,3,7,8,1.9459101490553132,2.0794415416798357,-6.175412941913239
firm_raw,GÜLTAŞ YAZILIM HARİTA SANAYİ TİCARET LİMİTED ŞİRKETİ,0.002052503294401957,0.7836949375410913,39,3,5,7,1.6094379124341003,1.9459101490553132,-6.188606326963691
firm_raw,ÇÖZÜMEVİ YÖNETİM DANIŞMANLIĞI VE BİLGİSAYAR YAZILIM TİCARET ANONİM ŞİRKETİ,0.002043862530223423,0.36831987697039603,51,3,5,13,1.6094379124341003,2.5649493574615367,-6.19282470423261
firm_raw,PROLİNE BİLİŞİM SİSTEMLERİ VE TİCARET ANONİM ŞİRKETİ.,0.0020168000350990873,0.7370988928504411,73,5,7,8,1.9459101490553132,2.0794415416798357,-6.2061528084036475
firm_raw,DİJİTAL DÜNYA İLETİŞİM BİLGİSAYAR İŞLEM MERKEZİ SES VE GÖRÜNTÜ SİSTEMLERİ ELEKTRİKLİ VE ELEKTRONİK CİHAZLAR SANAYİ VE TİCARET LİMİTED ŞİRKETİ,0.002007354984342044,0.7781065088757396,26,4,9,10,2.1972245773362196,2.302585092994046,-6.2108465702823885
firm_raw,İNSPİRE BİLİŞİM TEKNOLOJİLERİ VE DANIŞMANLIK LTD ŞTİ.,0.0020039567966564126,0.31887755102040827,28,2,3,3,1.0986122886681098,1.0986122886681098,-6.212540719201379
firm_raw,ENTEGRE ENFORMASYON SİSTEMLERİ EĞİTİM DANIŞMANLIK TİCARET ANONİM ŞİRKETİ,0.0019991136740107026,0.6545948392937981,47,2,14,19,2.6390573296152584,2.9444389791664403,-6.214960204004265
firm_raw,ASIR DİGİTAL BİLGİ SİSTEMLERİ ANONİM ŞİRKETİ,0.001960267153618684,0.6618106139438085,31,3,4,4,1.3862943611198906,1.3862943611198906,-6.234581550180149
firm_raw,FİDES TEKNOLOJİ VE GÜVENLİK SİS.TİC.LTD.ŞTİ.,0.0019310787679453208,0.7083333333333333,24,1,6,8,1.791759469228055,2.0794415416798357,-6.249582118054581
firm_raw,NSC BİLİŞİM HİZMETLERİ TİCARET ANONİM ŞİRKETİ,0.001914927326061102,0.5527840765936004,63,5,7,8,1.9459101490553132,2.0794415416798357,-6.257980443965276
firm_raw,ZENİ SOSYAL HİZMETLER BİLGİSAYAR TAŞIMACILIK TEMİZLİK OTOMOTİV SANAYİ TİCARET LİMİTED ŞİRKETİ.,0.0019095251619810506,0.44628099173553715,11,2,3,3,1.0986122886681098,1.0986122886681098,-6.260805241973032
firm_raw,İNFRASİS BİLGİ TEKNOLOJİLERİ TİCARET LİMİTED ŞİRKETİ,0.0018870212024914546,0.6380670611439843,78,5,10,13,2.302585092994046,2.5649493574615367,-6.2726592063877336
firm_raw,GES BİLİŞİM TEKNOLOJİLERİ VE DANIŞMANLIK İÇ VE DIŞ TİCARET LİMİTED ŞİRKETİ,0.0018869337326341193,0.65875,40,4,6,6,1.791759469228055,1.791759469228055,-6.272705556390362
firm_raw,ARVENTO MOBİL SİSTEMLER ANONİM ŞİRKETİ,0.001885023627226892,0.6555555555555556,30,2,4,4,1.3862943611198906,1.3862943611198906,-6.2737182513049445
firm_raw,STM SAVUNMA TEKNOLOJİLERİ MÜH.VE TİC.A.Ş.,0.001875513615677996,0.410913872452334,78,3,4,7,1.3862943611198906,1.9459101490553132,-6.278775566026273
firm_raw,İNOVERA BİLGİSAYAR YAZILIM DONANIM ARAŞTIRMA GELİŞTİRME DANIŞMANLIK SANAYİ TİCARET LİMİTED ŞİRKETİ,0.0018692191381956065,0.6373966942148761,44,4,6,9,1.791759469228055,2.1972245773362196,-6.282137018624349
firm_raw,ARTEKA BİLİŞİM TİCARET LİMİTED ŞİRKETİ,0.001868908403136894,0.44444444444444453,15,3,3,3,1.0986122886681098,1.0986122886681098,-6.2823032541320645
firm_raw,MMM GRUP BİLİŞİM VETURİZM SAN.TİC.LTD.ŞTİ.,0.0018410123895035034,0.7100591715976331,26,2,9,9,2.1972245773362196,2.1972245773362196,-6.2973406635290035
firm_raw,BARIŞ TELEKOM GÜVENLİK SİSTEMLERİ TİCARET LİMİTED ŞİRKETİ,0.0018292912953692887,0.3011747953008187,53,1,6,7,1.791759469228055,1.9459101490553132,-6.303727039770768
firm_raw,MEDYASOFT DANIŞMANLIK VE EĞİTİM ANONİM ŞİRKETİ,0.0018266627993921713,0.7950617283950617,45,2,6,6,1.791759469228055,1.791759469228055,-6.305164822818345
firm_raw,GEOLAB BİLGİ TEKNOLOJİLERİ LİMİTED ŞİRKETİ,0.0017970410127655624,0.630859375,64,1,5,6,1.6094379124341003,1.791759469228055,-6.321512443196437
firm_raw,DB TEKNOLOJİ TİCARET A.Ş.,0.0017931652359195166,0.7812379853902345,51,2,6,9,1.791759469228055,2.1972245773362196,-6.323671307982481
firm_raw,ÖZGÜR ENTEGRASYON BİLİŞİM OTOMOTİV İTHALAT İHRACAT SANAYİ VE TİCARET LİMİTED ŞİRKETİ,0.0017860067361679566,0.325831024930748,76,3,6,8,1.791759469228055,2.0794415416798357,-6.3276709930787955
firm_raw,AIMS ANALİTİK BİLGİ YÖNETİMİ ÇÖZÜMLERİ YAZILIM EĞİTİM DANIŞMANLIK TİCARET LİMİTED ŞİRKETİ.,0.0017840163072553325,0.5770374776918501,41,2,9,9,2.1972245773362196,2.1972245773362196,-6.328785958391169
firm_raw,GÜLÜMSER ELEKTRİK ELEKTRONİK GÜVENLİK SİSTEMLERİ BİLGİSAYAR İNŞAAT DANIŞMANLIK TEKNİK HİZMETLER TAAHHÜT TİCARET LTD.ŞTİ.,0.0017589339818016225,0.5714285714285714,7,1,5,5,1.6094379124341003,1.6094379124341003,-6.342943743442024
firm_raw,JFORCE BİLİŞİM TEKNOLOJİLERİ ANONİMŞİRKETİ,0.0017554251833299336,0.5459515505702706,103,4,7,12,1.9459101490553132,2.4849066497880004,-6.344940372476928
firm_raw,ATIKNAKİT GERİ DÖNÜŞÜM LİMİTED ŞİRKETİ,0.0017478482818428075,0.6670249932813759,61,4,8,9,2.0794415416798357,2.1972245773362196,-6.349265541585576
firm_raw,SİNERJİSOFT BİLİŞİM SİSTEMLERİ YAZILIM BİLGİSAYAR DONANIMLARI ELEKTRONİK SANAYİ VE TİCARET ANONİM ŞİRKETİ,0.001740843620665697,0.778162245290273,51,4,3,5,1.0986122886681098,1.6094379124341003,-6.353280765087185
firm_raw,MERKEZ COĞRAFYA BİLİŞİM SİSTEMLERİ VE MÜHENDİSLİK LİMİTED ŞİRKETİ,0.001712138465715543,0.7514177693761814,46,3,9,9,2.1972245773362196,2.1972245773362196,-6.369905691408692
firm_raw,İZMİR İNOVASYON VE TEKNOLOJİ ANONİM ŞİRKETİ,0.0016706431047146164,0.444526627218935,52,5,7,9,1.9459101490553132,2.1972245773362196,-6.394437556971999
firm_raw,DESTEL BİLİŞİM ÇÖZÜMLERİ A.Ş.,0.0016380495739867292,0.49382716049382713,18,2,3,3,1.0986122886681098,1.0986122886681098,-6.41413778172346
firm_raw,TURKCELL DİJİTAL İŞ SERVİSLERİ ANONİM ŞİRKETİ,0.0016103652123284475,0.19556360344047086,47,3,4,4,1.3862943611198906,1.3862943611198906,-6.431181126033527
firm_raw,CAZ BİLİŞİM HİZMETLERİ TİCARET ANONİM ŞİRKETİ,0.0016058720144388875,0.24489795918367352,14,2,5,7,1.6094379124341003,1.9459101490553132,-6.433974882441707
firm_raw,KODA BİLİŞİM SANAYİ VE TİCARET ANONİM ŞİRKETİ,0.0016012739856919567,0.6239669421487603,66,1,11,11,2.3978952727983707,2.3978952727983707,-6.436841923362388
firm_raw,ANKA COĞRAFİ BİLGİ T EKNOLOJİLERİ SANAYİ TİC.LTD.ŞTİ.,0.0016009952145141812,0.762912572436382,63,2,6,6,1.791759469228055,1.791759469228055,-6.4370160120697
firm_raw,TEKNOTEK TEKNOLOJİ SANAYİ TİCARET LİMİTED ŞİRKETİ,0.001600250993829121,0.64,10,3,3,3,1.0986122886681098,1.0986122886681098,-6.437480916001796
firm_raw,ERGUVAN BİLİŞİM SAN. VE TİC.A.Ş.,0.001598410949409912,0.36111111111111116,24,3,14,25,2.6390573296152584,3.2188758248682006,-6.438631293885615
firm_raw,DOCUART BİLGİSAYAR V E İLET.ELK.SER.İ .T.G.P.S.VE T.LT,0.0015972429751294277,0.5599999999999999,85,2,3,4,1.0986122886681098,1.3862943611198906,-6.439362187257009
firm_raw,VETA BİLGİSAYAR VE YAZILIM HİZMETLERİ SANAYİ VE TİCARET LİMİTED ŞİRKETİ,0.0015958781648978363,0.0,4,1,11,11,2.3978952727983707,2.3978952727983707,-6.440216933749156
firm_raw,PSEUDONYM_588,0.001584643552473893,0.19753086419753085,9,3,14,24,2.6390573296152584,3.1780538303479458,-6.447280788568718
firm_raw,İSTANBUL DİJİTAL MEDYA TİCARET ANONİM ŞİRKETİ,0.0015778234346690348,0.4994054696789536,29,3,3,3,1.0986122886681098,1.0986122886681098,-6.451593461217657
firm_raw,PSEUDONYM_048,0.0015778234346690344,0.0,11,4,4,8,1.3862943611198906,2.0794415416798357,-6.451593461217657
firm_raw,BOĞAZİÇİ HİZMET GRUP İNŞ.MÜH.EĞİT.DANIŞ.T EM.TAAH.VE TİC.LT.ŞT,0.0015774589570911486,0.5562130177514792,13,1,2,3,0.6931471805599453,1.0986122886681098,-6.451824461449684
firm_raw,MEBA ELEKTRONİK İLETİŞİM SİSTEMLERİTİC.LTD.ŞTİ.,0.0015774589570911482,0.3377777777777776,15,2,2,2,0.6931471805599453,0.6931471805599453,-6.451824461449685
firm_raw,MAKBİM BİLGİSAYAR ELEKTRONİK TEMİZLİK İNŞAAT TURİZM VE NAKLİYAT SANAYİ VE TİCARET LİMİTED ŞİRKETİ,0.0015774589570911482,0.1527777777777779,12,2,2,2,0.6931471805599453,0.6931471805599453,-6.451824461449685
firm_raw,FMB HIRDAVAT MAKİNA ELEKTRİK İNŞAAT YEDEK PARÇA TAAHHÜT TİCARET VE SANAYİ LİMİTED ŞİRKETİ,0.0015774589570911482,0.33999999999999986,10,2,2,3,0.6931471805599453,1.0986122886681098,-6.451824461449685
firm_raw,OTEK YAZILIM BİLİŞİM ÇÖZÜMLERİ ANONİM ŞİRKETİ,0.0015774589570911482,0.5246913580246914,18,2,3,3,1.0986122886681098,1.0986122886681098,-6.451824461449685
firm_raw,UYUM ORMANCILIK ÇEVRE PROJE DANIŞMANLIK BİLİŞİM TURİZM SANAYİ VE TİCARET LİMİTED ŞİRKETİ,0.0015774589570911482,0.6115702479338844,11,1,2,2,0.6931471805599453,0.6931471805599453,-6.451824461449685
firm_raw,ECOLARIUM DİJİTAL TEKNOLOJİLER ANONİM ŞİRKETİ,0.0015774589570911482,0.375,4,2,2,2,0.6931471805599453,0.6931471805599453,-6.451824461449685
firm_raw,GATE ELEKTRONİK SANAYİ VE TİC.A.Ş.,0.0015774589570911482,0.625,4,2,2,3,0.6931471805599453,1.0986122886681098,-6.451824461449685
firm_raw,EGESOFT BİLGİ TEKNOLOJİ SAN.TİC.LTD.ŞTİ.,0.0015747644166723069,0.43388429752066116,22,2,22,28,3.091042453358316,3.332204510175204,-6.45353387682654
firm_raw,TURCOM İLETİŞİM SİST EMLERİ SANAYİ VE TİCARET A.Ş.,0.0015638300533608374,0.8086785009861932,39,4,6,7,1.791759469228055,1.9459101490553132,-6.460500777459097
firm_raw,TURMAP BİLİŞİM TEKNO LOJİLERİ TİCARET LTD.ŞTİ.,0.0015536418527250023,0.7327999999999999,25,2,6,6,1.791759469228055,1.791759469228055,-6.467036230667944
firm_raw,SOLUS BİLİŞİM TEKNOLOJİ TİCARET ANONİM ŞİRKETİ,0.0015326748451558508,0.2714647567473143,107,5,8,13,2.0794415416798357,2.5649493574615367,-6.480621909827877
firm_raw,SERVO ARŞİV BİLİŞİM YÖNETİM HİZMETLERİ LİMİTED ŞİRKETİ,0.0015274102406177795,0.6661796932067202,37,3,8,20,2.0794415416798357,2.995732273553991,-6.484062325768051
firm_raw,ANKARA BİLGİ TEKNOLOJİLERİ REKLAMCILTRZ.SA.VE Tİ.LTD,0.0015267460158364654,0.4652777777777777,24,3,5,5,1.6094379124341003,1.6094379124341003,-6.484497238377669
firm_raw,EKS-PA BİLGİSAYAR PAZARLAMA VE TİCARET A.Ş.,0.00152556342052586,0.6755234350090339,97,4,6,10,1.791759469228055,2.302585092994046,-6.485272031495509
firm_raw,EMT ELEKTRONİK MÜHENDİSLİK SAN.VE TİC.LTD.ŞTİ.,0.0014958476551770639,0.2828837067520197,81,4,4,15,1.3862943611198906,2.70805020110221,-6.504940417031903
firm_raw,COMPRO BİLİŞİM TEKNOLOJİLERİ ANONİM ŞİRKETİ,0.0014640482292842506,0.47174963243016166,69,4,6,12,1.791759469228055,2.4849066497880004,-6.52642545228554
firm_raw,PSEUDONYM_468,0.001459519881444386,0.6260330578512396,44,3,5,6,1.6094379124341003,1.791759469228055,-6.529522891315726
firm_raw,PRİZMA PERSONEL DESTEK HİZMETLERİ LİMİTED ŞİRKETİ,0.0014581845085882969,0.6319444444444444,24,3,4,4,1.3862943611198906,1.3862943611198906,-6.530438135615905
firm_raw,NETOVA TEKNOLOJİ BİLİŞİM İLETİŞİM ELEKTRONİK VE OFİS OTOMASYON SİSTEMLERİ SAN.VE TİC. LTD.ŞTİ.,0.001446020304205674,0.33673469387755106,14,3,4,4,1.3862943611198906,1.3862943611198906,-6.538814093827363
firm_raw,SMARTSİS YAZILIM DONANIMLARI BİLGİ TEKNOLOJİLERİ TURİZM ORGANİZASYON VE BİLGİSAYAR MALZEMELERİ İTHALAT İHRACAT SANAYİ VE TİCARET ANONİM ŞİRKETİ,0.0014442671172777656,0.6003244997295836,43,3,3,3,1.0986122886681098,1.0986122886681098,-6.540027098508726
firm_raw,DÖRT US BİLİŞİM SANAYİ VE TİCARET ANONİM ŞİRKETİ,0.0014392037864347851,0.6592797783933518,19,4,4,5,1.3862943611198906,1.6094379124341003,-6.543538627688758
firm_raw,BİLİŞİM KÜPÜ BİLGİSAYAR SANAYİ VE TİCARET LİMİTED ŞİRKETİ,0.001437594171754848,0.62,10,3,3,3,1.0986122886681098,1.0986122886681098,-6.544657518181594
firm_raw,ASELSAN ELEKTRONİK SANAYİ VE TİC.A.Ş.,0.0014327124700422495,0.5640138408304498,34,1,3,4,1.0986122886681098,1.3862943611198906,-6.548058608878033
firm_raw,ITSEC BİLİŞİM SİSTEMLERİ VE DANIŞMANLIK HİZMETLERİ LİMİTED ŞİRKETİ,0.0014163582758450319,0.11072664359861584,17,3,3,7,1.0986122886681098,1.9459101490553132,-6.559537637172639
firm_raw,KM BİLİŞİM ELKT.KIR.TEM.OY.EĞ.SAN.VETİC.LTD.ŞTİ,0.0014163582758450319,0.11072664359861584,17,1,4,6,1.3862943611198906,1.791759469228055,-6.559537637172639
firm_raw,BGS BİLGİ SİSTEMLERİSANAYİ VE TİCARET LTD.ŞTİ.,0.0014140200410546239,0.6506666666666667,75,3,5,7,1.6094379124341003,1.9459101490553132,-6.5611896666871266
firm_raw,GCA YAZILIM DANIŞMANLIK BİLGİ TEK.JEO.HİZ.TİC.LTD.ŞT,0.001383753490527907,0.5406427221172023,23,2,3,6,1.0986122886681098,1.791759469228055,-6.58282386121983
firm_raw,ARNİL-NET BİLGİSAYAR İLETİŞİM HİZMETLERİ YAZILIM TURİZM SANAYİ VE TİCARET LİMİTED ŞİRKETİ,0.001354775156749267,0.3875739644970414,26,2,17,43,2.833213344056216,3.7612001156935624,-6.603985267552021
firm_raw,ARKENOM TEKNOLOJİ HİZMETLERİ SANAYİ VE TİCARET ANONİM ŞİRKETİ,0.001353942072408323,0.5522222222222222,60,3,5,8,1.6094379124341003,2.0794415416798357,-6.60460029836865
firm_raw,ELSA BİLİŞİM ANONİM ŞİRKETİ,0.001353523416561591,0.625,20,1,6,7,1.791759469228055,1.9459101490553132,-6.604909517082705
firm_raw,UYUMSOFT BİLGİ SİSTEMLERİ VE TEKNOLOJİLERİ TİCARET ANONİM ŞİRKETİ,0.0013174165141804025,0.76,50,4,5,12,1.6094379124341003,2.4849066497880004,-6.631944325542286
firm_raw,ELEMENT BİLGİSAYAR YAZILIM DON.MÜŞ.VE D.H.S.VE T.LTD,0.0013114606937683901,0.7257584770969661,41,1,5,6,1.6094379124341003,1.791759469228055,-6.636474780564158
firm_raw,İMKA BİLGİ İŞLEM DANIŞMANLIK ARŞİV KÜTÜPHANE VE DOKÜMANTASYON HİZMETLERİ SANAYİ TİCARET LİMİTED ŞİRKETİ,0.0012941744155911285,0.6688757396449704,65,2,7,10,1.9459101490553132,2.302585092994046,-6.64974149925716
firm_raw,BİLFO BİLGİSAYAR VE BİLİŞİM SİS.LTD. ŞTİ.,0.001293033705123033,0.29072315558802053,37,2,18,34,2.8903717578961645,3.5263605246161616,-6.650623183150971
firm_raw,OLGU BİLGİSAYAR SİST EMLERİ SANAYİ Tİ CARET LTD.ŞTİ.,0.001283488486446409,0.6729678638941399,23,3,22,25,3.091042453358316,3.2188758248682006,-6.65803155112264
firm_raw,BARBAROS TEKNOLOJİ ORGANİZASYON İLETİŞİM SANAYİ VE TİCARET LİMİTED ŞİRKETİ,0.001279264265283248,0.3567224988682661,47,5,5,7,1.6094379124341003,1.9459101490553132,-6.661327713264136
firm_raw,LİTERA BİLİŞİM TEKNOLOJİLERİ SANAYİ VE Tİ CARET LİMİTED ŞİRKETİ,0.001258415851138625,0.6266666666666667,30,3,12,14,2.4849066497880004,2.6390573296152584,-6.677756804489335
firm_raw,EDULINE BİLİŞİM SAN.VE TİC.LTD.ŞTİ.,0.001252267942826254,0.7168367346938775,28,5,6,8,1.791759469228055,2.0794415416798357,-6.682653500953834
firm_raw,TREO BİLGİ TEKNOLOJİLERİ LTD.ŞTİ.,0.0012452015238294362,0.2448347107438016,44,2,3,3,1.0986122886681098,1.0986122886681098,-6.688311553495629
firm_raw,DONAN TEKNOLOJİ ÇÖZÜMLERİ PROJE ARGE VE DANIŞMANLIK TİCARET LİMİTED ŞİRKETİ,0.0012418162433748912,0.546712802768166,17,1,4,4,1.3862943611198906,1.3862943611198906,-6.691033517561907
firm_raw,PLATO ŞEHİRCİLİK AKILLI KENT BİLİŞİM TEKNOLOJİLERİ TİC.SAN.A.Ş.,0.0012318852201167667,0.6725206611570249,44,3,5,5,1.6094379124341003,1.6094379124341003,-6.699061659764559
firm_raw,BSD BİLGİSAYAR SAN.V E TİC.LTD.ŞTİ.,0.0012270222683912315,0.756198347107438,22,3,3,3,1.0986122886681098,1.0986122886681098,-6.703016454623204
firm_raw,TECHPLUS BİLGİ TEKNOLOJİLERİ LTD.ŞTİ.,0.001213791056139516,0.37037037037037035,18,2,2,2,0.6931471805599453,0.6931471805599453,-6.7138565841745415
firm_raw,LST YAZILIM ELEKTRON İK VE İLETİŞİM T EK.TİC.LTD.ŞTİ.,0.0011934557928654776,0.3962130177514792,65,7,10,10,2.302585092994046,2.302585092994046,-6.730749466041141
firm_raw,APRON TEKNOLOJİ ANONİM ŞİRKETİ,0.0011873880000735403,0.5800000000000001,10,2,2,2,0.6931471805599453,0.6931471805599453,-6.7358458752889065
firm_raw,KUZEY MÜHENDİSLİK İNŞAAT SANAYİ VE TİCARET LİMİTED ŞİRKETİ,0.0011849014324506436,0.375,32,2,2,2,0.6931471805599453,0.6931471805599453,-6.737941898246714
firm_raw,TEKOBEL TEKNOLOJİ HİZM.İMAL.İTH.İHRASAN.TİC.LTD.ŞTİ.,0.0011832764566073045,0.0,5,3,4,15,1.3862943611198906,2.70805020110221,-6.739314030002666
firm_raw,SİBERA İLETİŞİM TEKNOLOJİLERİ SAN VETİC.LTD.ŞTİ.,0.0011568460403295663,0.17999999999999994,10,2,2,3,0.6931471805599453,1.0986122886681098,-6.7619003893074
firm_raw,ASİST BİLGİ TEKNOLOJİLERİ VE ELKTRONİK HABERLEŞME LİMİTED ŞİRKETİ.,0.0011492016288242447,0.5557479224376731,76,4,4,4,1.3862943611198906,1.3862943611198906,-6.768529247474438
firm_raw,İNFOLİNE BİLGİ TEKNOLOJİLERİ TİCARET ANONİM ŞİRKETİ,0.001143218218192023,0.09280190362879237,41,3,3,3,1.0986122886681098,1.0986122886681098,-6.77374859946598
firm_raw,TUGA TEKNOLOJİ BİLİŞİM VE DANIŞMANLIK HİZMETLERİ LTD. ŞTİ.,0.0011431000105517266,0.24,15,3,4,5,1.3862943611198906,1.6094379124341003,-6.773851987347539
firm_raw,KOZHAN BİLİŞİM TEKNOLOJİLERİ SANAYİ VE TİCARET LİMİTED ŞİRKETİ,0.0011178954093813687,0.5777777777777777,15,3,4,4,1.3862943611198906,1.3862943611198906,-6.796144453914706
firm_raw,RESET BİLGİ TEKNOLOJİLERİ SANAYİ VE TİCARET ANONİM ŞİRKETİ,0.0011080210697746813,0.578875171467764,27,5,7,7,1.9459101490553132,1.9459101490553132,-6.805015216006133
firm_raw,CADBİM BİLGİSAYAR ÖZEL EĞİTİM DANIŞMANLIK PAZARLAMA SANAYİ VE TİCARET LİMİTED ŞİRKETİ,0.001103420188829516,0.7086167800453516,42,3,7,12,1.9459101490553132,2.4849066497880004,-6.809175515896796
firm_raw,METOD IT AKADEMİ EĞİTİM DANIŞMANLIK BİLİŞİM HİZMETLERİ LİMİTED ŞİRKETİ,0.0010993511170609305,0.672125311498754,53,3,3,5,1.0986122886681098,1.6094379124341003,-6.8128694111400625
firm_raw,PD ANADOLU ARAŞ DANEĞ VE BİL HİZ TİC LTD ŞTİ,0.0010944080891270645,0.5924556213017751,52,2,3,3,1.0986122886681098,1.0986122886681098,-6.817375115474742
firm_raw,BİLİŞİM BİLİŞİM VE YAZILIM SİSTEMLERİ SANAYİ VE TİCARET ANONİM ŞİRKETİ,0.0010923932956156705,0.65625,8,2,5,13,1.6094379124341003,2.5649493574615367,-6.819217494341398
firm_raw,DICIWALL DİJİTAL MEDYA ANONİM ŞİRKETİ,0.001071991228525296,0.23319615912208502,54,1,3,3,1.0986122886681098,1.0986122886681098,-6.838067412899932
firm_raw,GBA BİLİŞİM YAZILIM DANIŞMANLIK LİMİTED ŞİRKETİ,0.0010571087038675358,0.46712018140589573,42,1,4,4,1.3862943611198906,1.3862943611198906,-6.8520453567464745
firm_raw,ISSD BİLİŞİM ELEKTRO NİK EĞT.SAN.VE TİC.L TD.ŞTİ.,0.0010414781118345407,0.42449464922711055,58,1,3,3,1.0986122886681098,1.0986122886681098,-6.86693934788172
firm_raw,TEKNORİTMA YAZILIM HİZMETLERİ ANONİM ŞİRKETİ,0.0010270327333282599,0.34444444444444433,30,1,19,49,2.9444389791664403,3.8918202981106265,-6.8809040494755305
firm_raw,PLATOBİLGİSAYAR ÜRÜNLERİ PAZARLAMA SAN.VE TİC.LTD.ŞT,0.001026780993020063,0.2371428571428571,70,4,6,7,1.791759469228055,1.9459101490553132,-6.881149150225773
firm_raw,ALKAYA ELEKTRONİK SANAYİ VE TİC.LTD.ŞTİ.,0.0010145583009948662,0.28400000000000014,50,2,3,5,1.0986122886681098,1.6094379124341003,-6.893122324994997
firm_raw,EKİN SOFTWARE TEKNOLOJİ SANAYİ VE TİCARET ANONİM ŞİRKETİ,0.0010138723149351369,0.484375,16,1,6,6,1.791759469228055,1.791759469228055,-6.8937985747434976
firm_raw,ARTEK GRUP BİLİŞİM BÜRO MALZEMELERİ TİCARET LİMİTED ŞİRKETİ,0.0010122021229669472,0.800734618916437,33,3,4,4,1.3862943611198906,1.3862943611198906,-6.895446976117575
firm_raw,ANKAREF BİLİŞİM TEKN OLOJİLERİ MÜH İM SAN TİC LTD ŞTİ,0.0010072813274588492,0.5080309339678761,41,4,9,12,2.1972245773362196,2.4849066497880004,-6.900319427330525
firm_raw,TRNETWORK BİLİŞİM DANIŞMANLIK VE DESTEK HİZMETLERİ SANAYİ VE TİCARET LİMİTED ŞİRKETİ,0.0009988103494277172,0.685,20,4,4,5,1.3862943611198906,1.6094379124341003,-6.908763198545786
firm_raw,DATACORE BİLGİ SİSTEMLERİ SANAYİ VE TİCARET ANONİM ŞİRKETİ,0.0009986827181270202,0.41169060216679265,63,3,5,6,1.6094379124341003,1.791759469228055,-6.908890966715425
firm_raw,CEREN TANITIM ORGANİ ZASYON VE TİC.LT D.ŞTİ.,0.0009700485737079431,0.5659722222222222,24,1,3,3,1.0986122886681098,1.0986122886681098,-6.937976563744984
firm_raw,FOURAS TEKNOLOJİ ANONİM ŞİRKETİ,0.0009514224730335145,0.40625,8,2,2,2,0.6931471805599453,0.6931471805599453,-6.957360828073941
firm_raw,İŞLEM HARİTA MÜHENDİSLİK MÜŞ.DAN.VE.ARA.TİC.LTD.ŞTİ.,0.0009377587385118375,0.6439909297052154,21,3,6,6,1.791759469228055,1.791759469228055,-6.971823534924221
firm_raw,POLARNEXT MÜHENDİSLİK LİMİTED ŞİRKETİ,0.0009369690914730354,0.37037037037037035,9,2,3,4,1.0986122886681098,1.3862943611198906,-6.972665783684239
firm_raw,EVREN BİLGİSAYAR MEDKIR.PVC.DOĞ.İNŞ.GID.SN.T.LTD.ŞTİ,0.0009326739499171599,0.1527777777777779,12,5,12,19,2.4849066497880004,2.9444389791664403,-6.97725950757617
firm_raw,E-KALİTE YAZILIM DONANIM MÜHENDİSLİK TASARIM VE İNTERNET HİZMETLERİ SANAYİ TİCARET LİMİTED ŞİRKETİ,0.0009255919899414404,0.3788429752066115,55,2,3,3,1.0986122886681098,1.0986122886681098,-6.984880166511538
firm_raw,VERİFY VERİ İLETİŞİM İ.VE ENFORMASYON TEK.LTD.ŞTİ.,0.000924026443673576,0.7365289256198346,55,3,6,6,1.791759469228055,1.791759469228055,-6.986572665001236
firm_raw,EDUSANO BİLİŞİM YAZILIM TANITIM VE TASARIM HİZMETLERİ SANAYİ VE TİCARET LİMİTED ŞİRKETİ,0.0009038310536178566,0.3765432098765432,18,5,4,10,1.3862943611198906,2.302585092994046,-7.008666493690377
firm_raw,MİMAR BİLGİ İLETİŞİMVE SAVUNMA TEKNOLOJİLERİ SAVE Tİ LTD ŞTİ,0.0009030559165291795,0.32638888888888884,48,3,6,6,1.791759469228055,1.791759469228055,-7.00952430142619
firm_raw,ELFANET BİLİŞİM ANONİM ŞİRKETİ,0.0008874533994381366,0.4366729678638942,46,3,4,9,1.3862943611198906,2.1972245773362196,-7.026949216487133
firm_raw,UTARİT BİLİŞİM HİZMETLERİ SANAYİ VE TİCARET A.Ş.,0.0008857915916524121,0.4600000000000001,10,3,4,4,1.3862943611198906,1.3862943611198906,-7.028823144543318
firm_raw,PİTON BİLGİSAYAR TEKEĞİTİM DANIŞMANLIK LTD.ŞTİ.,0.0008807860116056694,0.08493827160493828,45,4,5,7,1.6094379124341003,1.9459101490553132,-7.034488970822078
firm_raw,V.E.B. BİLGİ İŞLEM OTOMASYON ÖZEL EĞİTİM HİZMETLERİ DANIŞMANLIK İNŞAAT YEMEKÇİLİK LOKANTA KAFETERYA GIDA TİCARET VE SANAYİ LİMİTED ŞİRKETİ,0.0008728286002821969,0.5950413223140496,11,3,3,4,1.0986122886681098,1.3862943611198906,-7.043562586312699
firm_raw,KODGEN PAZARLAMA VE DIŞ TİCARET.LİMİTED ŞİRKETİ,0.0008656050668183228,0.726948245092207,41,3,4,6,1.3862943611198906,1.791759469228055,-7.051871285102153
firm_raw,ART TELEKOM SANAYİ VE TİCARET LTD.ŞTİ,0.0008644576578984778,0.2735802469135803,45,2,2,2,0.6931471805599453,0.6931471805599453,-7.053197442118738
firm_raw,LETTRA TEKNOLOJİ ANONİM ŞİRKETİ,0.0008625144771043079,0.5897740784780025,58,3,3,3,1.0986122886681098,1.0986122886681098,-7.055447358666255
firm_raw,VENDEKA BİLGİ TEKNOLOJİLERİ TİCARET LTD.ŞTİ.,0.0008610693867153092,0.6816,25,3,3,3,1.0986122886681098,1.0986122886681098,-7.057123848260245
firm_raw,MOTTO BİLGİ İŞLEM HİZMETLERİ VE TİCARET ANONİM ŞİRKETİ,0.0008567678171182652,0.5619834710743802,11,2,3,3,1.0986122886681098,1.0986122886681098,-7.06213091888594
firm_raw,ADALYA İLETİŞİM TEKNOLOJİ GÜVENLİK SİSTEMLERİ VE BİLGİSAYAR TİCARET LİMİTED ŞİRKETİ,0.0008503379933155711,0.6799999999999999,10,2,3,3,1.0986122886681098,1.0986122886681098,-7.0696623579286255
firm_raw,ZİRVEDEKİ BEYİNLER BİLİŞİM EĞİTİM ÖĞRETİM HİZMETLERİ İNŞAAT TURİZM BASIM YAYIN DAĞITIM SANAYİ VE TİCARET LİMİTED ŞİRKETİ,0.0008490327654844154,0.3950617283950618,45,3,3,6,1.0986122886681098,1.791759469228055,-7.071198159575579
firm_raw,İNFOLİNE BİLGİ TEKNOLOJİLERİ BİLGİSAYAR YAZILIM DESTEK EĞİTİM DONANIM GÜVENLİK TASARIM VE DANIŞMANLIK SANAYİ VE TİCARET LİMİTED ŞİRKETİ,0.0008490327654844154,0.3950617283950618,45,2,2,2,0.6931471805599453,0.6931471805599453,-7.071198159575579
firm_raw,TİGA BİLGİ TEKNOLOJİLERİ ANONİM ŞİRKETİ,0.0008450992902209525,0.7352537722908093,27,3,3,3,1.0986122886681098,1.0986122886681098,-7.07584081567013
firm_raw,QUASER ULUSLARARASI BELGELENDİRME VE GÖZETİM HİZMETLERİ LİMİTED ŞİRKETİ,0.0008361842447665833,0.6703397612488522,33,1,2,2,0.6931471805599453,0.6931471805599453,-7.086443663480135
firm_raw,ODAKENT ALTYAPI VE ÇEVRE ÇÖZÜMLERİ MÜHENDİSLİK MÜŞAVİRLİK ARAŞTIRMA VE GELİŞTİRME TİC LİMİTED ŞİRKETİ,0.0008330598284710723,0.5619834710743802,11,3,3,3,1.0986122886681098,1.0986122886681098,-7.090186361061749
firm_raw,İNTER-SAN BİLGİSAYAR YAZILIM DONANIM ELEKTRONİK MÜHENDİSLİK İNŞAAT TAAHHÜT SANAYİ TURİZM İÇ VE DIŞ TİCARET LİMİTED ŞİRKETİ,0.0008268865022678285,0.6394557823129252,21,3,3,5,1.0986122886681098,1.6094379124341003,-7.097622745407309
firm_raw,TEKNOMAK2000 ELEKTRONİK OFİS MALZ.SAN.VE TİC.LTD.ŞTİ,0.0008196709851563837,0.5,16,2,3,7,1.0986122886681098,1.9459101490553132,-7.106385228916152
firm_raw,BİLBEST BİLİŞİM SAĞ.EĞİT.DIŞ TİC.VESAN.LTD.ŞTİ.,0.0008152567486075096,0.17999999999999994,10,1,11,29,2.3978952727983707,3.367295829986474,-7.111783954892815
firm_raw,ÇEKİNO BİLGİ TEKNOLOJİLERİ ANONİM ŞİRKETİ,0.0008126516235488819,0.4994054696789536,29,4,4,4,1.3862943611198906,1.3862943611198906,-7.114983820667038
firm_raw,BİMTAŞ BOĞAZİÇİ PEYZAJ İNŞAAT MÜŞAVİRLİK TEKNİK HİZMETLER SANAYİ TİCARET ANONİM ŞİRKETİ,0.0008097073073644777,0.5086505190311418,34,3,3,4,1.0986122886681098,1.3862943611198906,-7.1186126823695925
firm_raw,İSTANBUL UYGULAMALIGAZ.VE EN.TEK.ARMÜH.SAN.VE Tİ.AŞ,0.000807034225940452,0.5566355881769491,71,3,5,7,1.6094379124341003,1.9459101490553132,-7.121918691797175
firm_raw,PSEUDONYM_269,0.0008036933017083888,0.0,6,1,11,12,2.3978952727983707,2.4849066497880004,-7.126066101144575
firm_raw,MTA GÜVENLİK SİSTEMLERİ VE BİLİŞİM TEKNOLOJİLERİ TİCARET SANAYİ LİMİTED ŞİRKETİ,0.0008013086180484096,0.6,10,1,3,3,1.0986122886681098,1.0986122886681098,-7.12903699354386
firm_raw,TURCASOFT YAZILIM SA N.VE TİC.LTD.ŞTİ,0.0007968922228168195,0.31999999999999984,5,2,7,9,1.9459101490553132,2.1972245773362196,-7.134562456178321
firm_raw,LİVATECH BİLİŞİM TEKNOLOJİLERİ VE DANIŞMANLIK LİMİTED ŞİRKETİ,0.0007895563640404552,0.0,4,2,4,5,1.3862943611198906,1.6094379124341003,-7.143808549751331
firm_raw,PSEUDONYM_344,0.0007890939561234606,0.0,5,2,3,3,1.0986122886681098,1.0986122886681098,-7.144394241450831
firm_raw,ARMASİS BİLGİ TEKNOLOJİLERİ İLETİŞİM SANVE TİC.LTD.ŞTİ,0.0007890939561234606,0.56,5,2,2,2,0.6931471805599453,0.6931471805599453,-7.144394241450831
firm_raw,LOKUS BİLİŞİM TEKNOLOJİLERİ SAN VE TİC LTD ŞTİ.,0.0007890939561234604,0.31999999999999984,5,1,2,2,0.6931471805599453,0.6931471805599453,-7.144394241450831
firm_raw,NKT TEKNOLOJİ DAĞITIM TİCARET LİMİTED ŞİRKETİ,0.0007890939561234604,0.5277777777777778,12,2,3,3,1.0986122886681098,1.0986122886681098,-7.144394241450831
firm_raw,KADIOĞLU BİLGİ İŞLEM AŞ,0.0007890939561234604,0.0,2,2,2,2,0.6931471805599453,0.6931471805599453,-7.144394241450831
firm_raw,TMARKA MULTİMEDYA GRAFİK İLETİŞİM BİLİŞİM DANIŞMANLIK VE REKLAM HİZMETLERİ LİMİTED ŞİRKETİ,0.0007890939561234604,0.6122448979591837,7,1,2,2,0.6931471805599453,0.6931471805599453,-7.144394241450831
firm_raw,SPİDYA YAZILIM ANONİM ŞİRKETİ,0.0007890939561234604,0.6111111111111112,6,2,2,2,0.6931471805599453,0.6931471805599453,-7.144394241450831
firm_raw,MEDDATA BİLİŞİM İLET İŞİM SİS.PRO.DAN .MED.TİC.VE S.LT,0.0007890939561234603,0.0,2,2,2,2,0.6931471805599453,0.6931471805599453,-7.144394241450832
firm_raw,UNİCOM UNİVERSAL BİL GİSAYAR HİZ.TİC. LTD.ŞTİ.,0.0007890939561234603,0.0,2,1,4,5,1.3862943611198906,1.6094379124341003,-7.144394241450832
firm_raw,ER-MA SOSYAL HİZMETLER ÖZEL GÜVENLİK GIDA İNŞAAT NAKLİYAT TAAHHÜT VE TİCARET LİMİTED ŞİRKETİ,0.0007890939561234603,0.0,5,2,2,2,0.6931471805599453,0.6931471805599453,-7.144394241450832
firm_raw,İLTELİS İLERİ TEKNOLOJİ ELEKTRONİK VE İLETİŞİM SİSTEMLERİ MÜHENDİSLİK BİLGİSAYAR SANAYİ VE TİCARET LİMİTED ŞİRKETİ,0.0007890939561234603,0.31999999999999984,5,2,2,2,0.6931471805599453,0.6931471805599453,-7.144394241450832
firm_raw,UNITEDWIT BİLİŞİM MÜHENDİSLİK DANIŞMANLIK İÇ VE DIŞ TİCARET SANAYİ LİMİTED ŞİRKETİ,0.0007890939561234603,0.3571428571428572,14,2,2,2,0.6931471805599453,0.6931471805599453,-7.144394241450832
firm_raw,PEGAS GRUP TEMZ.BİLG PEYZAJ VE ÇEV.DÜZ.YE M.ÜR.HİZ.NAK.SAN.LTD,0.0007890939561234603,0.0,3,1,2,3,0.6931471805599453,1.0986122886681098,-7.144394241450832
firm_raw,GISLAND BİLİŞİM TİCARET LİMİTED ŞİRKETİ,0.0007890939561234603,0.1527777777777779,12,1,2,2,0.6931471805599453,0.6931471805599453,-7.144394241450832
firm_raw,ANALİTİK BİLİŞİM YAZILIM DANIŞMANLIK EĞİTİM HİZMETLERİ TİCARET LİMİTED ŞİRKETİ.,0.0007890939561234603,0.37037037037037035,9,1,2,2,0.6931471805599453,0.6931471805599453,-7.144394241450832
firm_raw,ISSD BİLİŞİM ELEKTRONİK EĞİTİM SANAYİ VE TİCARET ANONİM ŞİRKETİ,0.0007890939561234603,0.0,3,2,3,3,1.0986122886681098,1.0986122886681098,-7.144394241450832
firm_raw,SECURİTAS TEKNOLOJİ HİZMETLERİ TİCARET ANONİM ŞİRKETİ,0.0007890939561234603,0.0,3,1,2,2,0.6931471805599453,0.6931471805599453,-7.144394241450832
firm_raw,GELİŞİM YÖNETİM SİSTEMLERİ A.Ş.,0.0007890939561234603,0.33203125,32,1,2,2,0.6931471805599453,0.6931471805599453,-7.144394241450832
firm_raw,HOLYUM YAZILIM DONANIM MÜHENDİSLİK DANIŞMANLIK SANAYİ VE TİCARET LİMİTED ŞİRKETİ,0.0007890939561234603,0.44290657439446357,17,2,2,5,0.6931471805599453,1.6094379124341003,-7.144394241450832
firm_raw,AYDIN ARAS ELEKT.SAN VE TİC.LTD.ŞTİ.,0.0007890939561234603,0.0,5,1,2,2,0.6931471805599453,0.6931471805599453,-7.144394241450832
firm_raw,A VE G ARAŞTIRMA LTDŞTİ.,0.0007890939561234603,0.7474048442906575,17,1,2,2,0.6931471805599453,0.6931471805599453,-7.144394241450832
firm_raw,PSEUDONYM_602,0.0007890939561234603,0.0,4,1,3,3,1.0986122886681098,1.0986122886681098,-7.144394241450832
firm_raw,DURANOĞULLARI OR.ÜR.GID.KO.MO.İ.NA.TTİC SAN.LTD.ŞTİ.,0.0007890939561234603,0.0,4,1,2,2,0.6931471805599453,0.6931471805599453,-7.144394241450832
firm_raw,METEK GÜVENLİK SİSTEMLERİ BİLİŞİM İÇ VE DIŞ TİC.LTD.ŞTİ.,0.0007890939561234603,0.0,2,2,3,3,1.0986122886681098,1.0986122886681098,-7.144394241450832
firm_raw,TEKBİZ TEKNOLOJİ ÜRÜNLERİ VE ELEKTRONİK SANAYİ TİCARET LİMİTED ŞİRKETİ,0.0007890939561234603,0.0,4,1,2,4,0.6931471805599453,1.3862943611198906,-7.144394241450832
firm_raw,ESİM BİLG.MAKİNLR.VE PRĞ.İTH-İHR.TİC. VE SAN.LTD.ŞTİ.,0.0007890939561234603,0.0,2,1,3,3,1.0986122886681098,1.0986122886681098,-7.144394241450832
firm_raw,BEYAZ BİLGİSAYAR YAZILIM MÜH.SAN.VETİC.LTD.ŞTİ.,0.0007890939561234603,0.0,3,2,3,3,1.0986122886681098,1.0986122886681098,-7.144394241450832
firm_raw,BİLBAN BİGİSAYR.EĞT. LTD.ŞTİ.,0.0007890939561234603,0.4444444444444444,3,2,2,2,0.6931471805599453,0.6931471805599453,-7.144394241450832
firm_raw,FERAM TURİZM ORGANİZASYON NAKLİYE SERVİS TAŞIMACILIĞI İNŞAAT TEMİZLİK PERSONEL HİZMETLERİ SANAYİ VE TİCARET LİMİTED ŞİRKETİ,0.0007890939561234603,0.375,4,3,2,4,0.6931471805599453,1.3862943611198906,-7.144394241450832
firm_raw,MERİT İLETİŞİM TEKNOLOJİLERİ TİCARET VE SANAYİ ANONİM ŞİRKETİ,0.0007890939561234603,0.37869822485207094,13,1,2,2,0.6931471805599453,0.6931471805599453,-7.144394241450832
firm_raw,AYRO TEKNOLOJİ YAZIL IM DANIŞMANLIK VE EĞ İT.TİC.LTD.ŞTİ.,0.0007890939561234603,0.09972299168975085,19,2,2,2,0.6931471805599453,0.6931471805599453,-7.144394241450832
firm_raw,ATOS BİLİŞİM VE DANIŞMANLIK ANONİM ŞİRKETİ,0.0007890939561234603,0.44628099173553715,11,3,2,3,0.6931471805599453,1.0986122886681098,-7.144394241450832
firm_raw,NETIX BİLİŞİM TEKNOLOJİLERİ YAZILIM DANIŞMANLIK EĞİTİM VE İLETİŞİM HİZMETLERİ SANAYİ TİCARET LİMİTED ŞİRKETİ,0.0007890939561234601,0.37037037037037035,9,1,2,2,0.6931471805599453,0.6931471805599453,-7.144394241450832
firm_raw,VEYSEL MÜTEAHİTLİK YEMEKÇİLİK TEMİZLİK NAKLİYAT TURİZM OTOMOTİV TEKSTİL GIDA İNŞAAT ELEKTRİK BİLGİSAYAR HAYVAN SU ÜRÜNLERİ MEDİKAL SANAYİ VE TİCARET LİMİTED ŞİRKETİ,0.0007890939561234601,0.0,2,2,2,2,0.6931471805599453,0.6931471805599453,-7.144394241450832
firm_raw,MSM BİLİŞİM TEKNOLOJİLERİ BİLGİSAYAR ELEKTRONİK İLETİŞİM KIRTASİYE SANAYİ VE TİCARET LİMİTED ŞİRKETİ,0.0007810294610371777,0.4750000000000001,20,2,2,2,0.6931471805599453,0.6931471805599453,-7.1546643823379545
firm_raw,KORTEKS BİLİŞİM HİZMETLERİ A.Ş.,0.0007722357555979421,0.41975308641975306,36,2,5,14,1.6094379124341003,2.6390573296152584,-7.165984710960816
firm_raw,SCT BİLİŞİM SİSTEMLERİ LTD.ŞTİ.,0.0007626435401998468,0.45120000000000005,25,3,4,8,1.3862943611198906,2.0794415416798357,-7.178480889595645
firm_raw,KUZENLER ELEKTRONİK TUR.GIDA MOB.SAN VETİC.LTD.ŞTİ.,0.0007615928875993743,0.5342058298631767,41,2,2,2,0.6931471805599453,0.6931471805599453,-7.17985915555769
firm_raw,İ SİSTEM BİLGİ TEKNO LOJİLERİ SAN.VE TİC. A.Ş.,0.0007562958261298073,0.7257977285018928,43,3,4,4,1.3862943611198906,1.3862943611198906,-7.186837020637073
firm_raw,ZEG TEKNOLOJİ BİLİŞİM SİSTEMLERİ YAZILIM DONANIM DANIŞMANLIK HİZMETLERİ ANONİM ŞİRKETİ,0.0007457598053218762,0.5864197530864197,18,4,5,5,1.6094379124341003,1.6094379124341003,-7.200862649637941
firm_raw,UZMAN BİLİŞİM DANIŞMANLIK ANONİM ŞİRKETİ,0.0007430485838207761,0.7178819444444444,48,2,5,8,1.6094379124341003,2.0794415416798357,-7.204503898491305
firm_raw,MİL YAZILIM BİLİŞİMVE OYUN TEK.TİC.LTD.ŞTİ.,0.0007421620696281428,0.5438957475994513,54,2,2,5,0.6931471805599453,1.6094379124341003,-7.20569739490808
firm_raw,DEMTAŞ BİLGİ SİSTEMLERİ VE TEKNOLOJİLERİ TİC.A.Ş.,0.0007399549360987452,0.5408144117095139,73,1,2,4,0.6931471805599453,1.3862943611198906,-7.208675017475378
firm_raw,CEIBA TELE ICU SAĞLIK HİZMETLERİ VE TİCARET ANONİM ŞİRKETİ,0.0007390960272050599,0.5595567867036011,19,3,15,15,2.70805020110221,2.70805020110221,-7.209836163920728
firm_raw,İOTA BİLGİ TEKNOLOJİLERİ MÜHENDİSLİK SANAYİ VE TİCARET ANONİM ŞİRKETİ,0.0007301692348217959,0.5555555555555556,24,3,3,3,1.0986122886681098,1.0986122886681098,-7.221984668992022
firm_raw,PROMİS PROSES KONT.VE YÖN.BİLGİ.SİSTLTD.ŞTİ.,0.0007237643889403493,0.6994459833795015,38,2,3,4,1.0986122886681098,1.3862943611198906,-7.230792886901858
firm_raw,SUTED BİLİŞİM TEKNOLOJİLERİ YAZILIM DANIŞMANLIK HİZMETLERİ SANAYİ VE TİCARET LİMİTED ŞİRKETİ,0.0007114067971190095,0.6755555555555556,15,2,5,6,1.6094379124341003,1.791759469228055,-7.248010009952967
firm_raw,PRODEA BİLGİ TEKNOLOJİLERİ DANIŞMANLIK A.Ş.,0.0007090995028102424,0.3099173553719007,22,2,2,2,0.6931471805599453,0.6931471805599453,-7.251257731523916
firm_raw,SUPERCOM BİLİŞİM TEKNOLOJİLERİ SANAYİ VE TİCARET ANONİM ŞİRKETİ,0.0007019784628617187,0.31141868512110726,51,2,3,5,1.0986122886681098,1.6094379124341003,-7.261348260406299
firm_raw,PROFELİS BİLİŞİM VE DANIŞMANLIK TİCARET VE SANAYİ LİMİTED ŞİRKETİ,0.0006915846180967985,0.7476543209876543,45,3,4,6,1.3862943611198906,1.791759469228055,-7.276261571129033
firm_raw,SALDEM BİLİŞİM TEKNOLOJİLERİ ENERJİ İNŞAAT YAZILIM TELEKOMİNİKASYON OTOMOTİV TURİZM GIDA TAAHHÜT SANAYİ TİCARET İTHALAT VE İHRACAT LİMİTED ŞİRKETİ,0.000684256960973303,0.5867346938775511,28,4,4,4,1.3862943611198906,1.3862943611198906,-7.286910741487317
firm_raw,EFOR ETKİLEŞİM MERKEZİ YÖNETİM SİSTEMLERİ ANONİM ŞİRKETİ,0.0006709613506095082,0.6264201381153931,67,2,2,2,0.6931471805599453,0.6931471805599453,-7.306527450743607
firm_raw,ANKABETA BİLİŞİM TEKNOLOJİLERİ ANONİM ŞİRKETİ,0.000670003690862415,0.69140625,32,3,3,3,1.0986122886681098,1.0986122886681098,-7.307955377134866
firm_raw,CFN TEKNOLOJİ ANONİM ŞİRKETİ,0.0006645898511392376,0.34630102040816324,56,3,4,4,1.3862943611198906,1.3862943611198906,-7.3160662979635065
firm_raw,ÇEKİNO SAVUNMA ELEKTRONİK VE BİLİŞİM ANONİM ŞİRKETİ,0.0006626675439428287,0.5688888888888889,30,2,4,4,1.3862943611198906,1.3862943611198906,-7.318962165498346
firm_raw,BAŞARAN İLERİ TEKNOLOJİ ÜRÜNLERİ İNŞAAT MEDİKAL TİCARET VE SANAYİ LTD.ŞTİ.,0.0006589228616673893,0.17999999999999994,10,2,2,2,0.6931471805599453,0.6931471805599453,-7.324627551418879
firm_raw,ALTAR ELEKTRONİK TEK NOLOJİ SAN.VE Tİ C.LTD.ŞTİ.,0.0006575639934954,0.43478260869565233,46,2,5,5,1.6094379124341003,1.6094379124341003,-7.326691366248278
firm_raw,F1 TEKNOLOJİ BİLGİSAYAR GÜVENLİK SİSTEMLERİ SANAYİ VE TİCARET ANONİM ŞİRKETİ,0.0006501794431344295,0.6047985513807153,47,2,3,5,1.0986122886681098,1.6094379124341003,-7.337981916098169
firm_raw,GNSS HARİTA TEKNİK DANIŞMANLIK SANAYİ VE TİCARET ANONİM ŞİRKETİ,0.0006295914184058078,0.5804988662131518,21,3,4,4,1.3862943611198906,1.3862943611198906,-7.370150077427214
firm_raw,VERİDATA BİLGİ TEKNOLOJİLERİ LİMİTED ŞİRKETİ,0.0006292066053159134,0.23431594860166283,63,4,4,12,1.3862943611198906,2.4849066497880004,-7.37076129814174
firm_raw,VİA GRUP EĞİTİM DANIŞMANLIK ORGANİZASYON TURZM VE YAYINCILIK LTD ŞTİ.,0.0006286411434540548,0.48,5,1,2,3,0.6931471805599453,1.0986122886681098,-7.37166013203969
firm_raw,İNOKAS BİLGİ SİSTEMLERİ VE DANIŞMANLIK HİZMETLERİ TİCARET LİMİTED ŞİRKETİ,0.0006269360505868856,0.3778124303853865,67,6,4,11,1.3862943611198906,2.3978952727983707,-7.3743753758336865
firm_raw,DONAN BİLİŞİM ELEKTRONİK TEKSTİL SAĞLIK HİZMETLERİ İNŞAAT SANAYİ VE DIŞ TİCARET LİMİTED ŞİRKETİ,0.0006250769554619173,0.5900000000000001,20,3,5,5,1.6094379124341003,1.6094379124341003,-7.377344283395253
firm_raw,GRUPTECHS BİLGİ TEKNOLOJİLERİ YAPI VE DANIŞMANLIK LİMİTED ŞİRKETİ,0.0006250384366548708,0.65625,8,2,2,2,0.6931471805599453,0.6931471805599453,-7.377405889836096
firm_raw,BEYAZNET BİLİŞİM ANONİM ŞİRKETİ,0.0006238967212222165,0.5543111111111111,75,3,3,4,1.0986122886681098,1.3862943611198906,-7.379233659120742
firm_raw,VK BİLGİ TEKNOLOJİLERİ ANONİM ŞİRKETİ,0.0006189119668352321,0.3744855967078189,54,3,3,4,1.0986122886681098,1.3862943611198906,-7.387253106836504
firm_raw,ALGAN YAZILIM VE BİLİŞİM MAKİNA ELEKTRONİK HAYVANCILIK TİCARET LİMİTED ŞİRKETİ,0.000618873914894103,0.49382716049382713,9,2,3,3,1.0986122886681098,1.0986122886681098,-7.3873145726202925
firm_raw,ŞAH BİLG.BÜRO MAK.MEEĞİT.GEREÇ.SAN.TİC.LTD.ŞTİ.,0.0006167592562926207,0.31999999999999984,10,1,3,3,1.0986122886681098,1.0986122886681098,-7.390736360140533
firm_raw,BİSAR BİLGİ TEKNOLOJ İLERİ SANAYİ VE TİCA RET A.Ş.,0.0006153393377232335,0.6301234567901235,45,2,4,7,1.3862943611198906,1.9459101490553132,-7.3930405576947615
firm_raw,PSEUDONYM_170,0.0006126159187921621,0.11745106205747591,49,3,3,10,1.0986122886681098,2.302585092994046,-7.397474946100661
firm_raw,SPECTRUM YAZILIM BİLİŞİM SANAYİ VE TİCARET LİMİTED ŞİRKETİ,0.0006086446527564188,0.5866666666666667,15,4,2,4,0.6931471805599453,1.3862943611198906,-7.403976580997185
firm_raw,MEBITECH BİLİŞİM ANONİM ŞİRKETİ.,0.0006080827500254849,0.454467107153117,59,1,2,2,0.6931471805599453,0.6931471805599453,-7.4048999340815715
firm_raw,BELBİM İSTANBUL BELEDİYELERİ BİLGİ İŞLEM ENERJİ SANAYİ VE TİCARET ANONİM ŞİRKETİ,0.0006060004834147852,0.7091358024691358,45,2,3,4,1.0986122886681098,1.3862943611198906,-7.408329095555188
firm_raw,BEYAZ WEB TEKNOLOJİLERİ LİMİTED ŞİRKETİ,0.0006037802203191098,0.5580715850986121,37,3,7,9,1.9459101490553132,2.1972245773362196,-7.411998515755701
firm_raw,SAYKOM ELEK HABERLEŞ GÜVE SİS İTH İHR SAN VE TİC LTD ŞTİ,0.0006015109177594812,0.0,15,2,6,13,1.791759469228055,2.5649493574615367,-7.415762949330278
firm_raw,CYBERWİSE SİBER GÜVENLİK TİCARET ANONİM ŞİRKETİ,0.0005995945005590215,0.6285714285714286,35,1,4,5,1.3862943611198906,1.6094379124341003,-7.418953073081641
firm_raw,DOĞUMAK BÜRO SİSTEMLERİ İNŞAAT TİCARET VE SANAYİ LİMİTED ŞİRKETİ,0.0005788345574137052,0.4591836734693877,14,2,4,4,1.3862943611198906,1.3862943611198906,-7.454179071826456
firm_raw,DOĞRU BİLGİ TEKNOLOJ İLERİ SANAYİ VE TİC. LTD.ŞT.,0.0005780649398903458,0.54,20,3,2,5,0.6931471805599453,1.6094379124341003,-7.455509135932006
firm_raw,ADATA ELEKTRONİK GÜV ENLİK SİS.SANAYİ TİC.LMT.ŞTİ,0.000575548577057523,0.7604166666666666,24,3,2,5,0.6931471805599453,1.6094379124341003,-7.459870340102649
firm_raw,PSEUDONYM_111,0.0005753481701343892,0.5123966942148761,11,2,2,2,0.6931471805599453,0.6931471805599453,-7.460218492061294
firm_raw,VERİ KURTARMA HİZMETLERİ TİC LTD ŞTİ,0.000554345393938047,0.1542503283918184,73,3,3,6,1.0986122886681098,1.791759469228055,-7.4973939188230965
firm_raw,MOBESE MOBİL ELEKTRONİK SİSTEM ENTEGRASYONU SANAYİ VE TİCARET ANONİM ŞİRKETİ,0.0005496599137353578,0.6245674740484428,34,1,4,9,1.3862943611198906,2.1972245773362196,-7.5058793163391835
firm_raw,UNITURK BİLİŞİM TEKNOLOJİLERİ LİMİTED ŞİRKETİ,0.0005466770292217505,0.45679012345679015,18,3,3,3,1.0986122886681098,1.0986122886681098,-7.511319068332336
firm_raw,ÜLKEM İNŞAAT MADENCİLİK VE ELEKTRONİK SANAYİ TİCARET ANONİM ŞİRKETİ,0.0005463580766542438,0.27126654064272204,46,3,3,3,1.0986122886681098,1.0986122886681098,-7.511902482815715
firm_raw,ELEKTROTEL TELEKOM ELEKTRONİK TURİZM İNŞAAT GIDA SANAYİ VE TİCARET LİMİTED ŞİRKETİ,0.0005455599322118232,0.33999999999999986,10,2,7,13,1.9459101490553132,2.5649493574615367,-7.513363908031956
firm_raw,PRIMEIT BİLİŞİM VE YAZILIM HİZMETLERİ ANONİM ŞİRKETİ,0.0005394844074492149,0.6303854875283448,21,3,4,4,1.3862943611198906,1.3862943611198906,-7.524558930808688
firm_raw,ATLANTİS DOĞU BİLGİSAYAR İNŞ.MEDİKAL SANTİC LTD ŞTİ,0.0005394586836816583,0.7377777777777779,15,5,3,5,1.0986122886681098,1.6094379124341003,-7.524606597976615
firm_raw,FİDELTUS İLERİ TEKNO LOJİ ÜRÜNLERİ SA N VE TİC. A.Ş,0.000528719785980608,0.6757369614512472,21,1,4,4,1.3862943611198906,1.3862943611198906,-7.544707351634304
firm_raw,FGA MİMARLIK BİLGİSAYAR ELEKT.İNŞ.TURZ.SAN.VE TİC.LT,0.0005210853566372435,0.30680507497116494,51,2,2,3,0.6931471805599453,1.0986122886681098,-7.559247029207683
firm_raw,OYAK TEKNOLOJİ BİLİŞ İM VE KART HİZMETLER İ A.Ş.,0.0005177013003027053,0.42500000000000004,60,5,6,12,1.791759469228055,2.4849066497880004,-7.565760168990797
firm_raw,GABİM BİLGİSAYAR SANTİC.LTD.ŞTİ.,0.0005168752600730607,0.6199999999999999,20,2,2,4,0.6931471805599453,1.3862943611198906,-7.567356473272414
firm_raw,YORDAM BİLİŞİM TEKNOLOJİ DANIŞMANLIK EĞİTİM VE ELEKTRONİK SİSTEMLERİ SANAYİ TİCARET ANONİM ŞİRKETİ,0.0005095590936751975,0.8076923076923077,26,2,6,6,1.791759469228055,1.791759469228055,-7.581607152157673
firm_raw,BİLGİ SİSTEMLERİ SAN .VE DIŞ TİC.LTD. ŞTİ.,0.0005079071376937277,0.711111111111111,15,4,7,7,1.9459101490553132,1.9459101490553132,-7.584853187903047
firm_raw,TEKNOMART İLETİŞİM VE YAZILIM HİZMETLERİ ANONİM ŞİRKETİ,0.0005068888606975427,0.3157894736842106,38,3,2,4,0.6931471805599453,1.3862943611198906,-7.586859328531652
firm_raw,BARLA BİLGİSAYAR MÜHENDİSLİK MÜŞAVİRLİK GIDA İNŞAAT MEDİKAL SANAYİ VE TİCARET LİMİTED ŞİRKETİ,0.0005053559575861746,0.0,9,1,8,15,2.0794415416798357,2.70805020110221,-7.589886960785447
firm_raw,EGA ELEKTRONİK GÜVENLİK ALTYAPISI ANONİM ŞİRKETİ,0.0005029541304577312,0.6369612856099343,37,3,3,3,1.0986122886681098,1.0986122886681098,-7.59464931278629
firm_raw,PSEUDONYM_391,0.0005012164015816002,0.47058823529411753,17,4,4,4,1.3862943611198906,1.3862943611198906,-7.598109083910005
firm_raw,EBTY YAZILIM DANIŞMANLIK TİCARET LİMİTED ŞİRKETİ,0.0005007053087236723,0.679327976625274,37,1,2,3,0.6931471805599453,1.0986122886681098,-7.599128938136086
firm_raw,KONUMSAL BİLGİ SİSTEMLERİ SANAYİ TİCARET LİMİTED ŞİRKETİ.,0.0004969635812785286,0.3446913580246912,45,2,2,4,0.6931471805599453,1.3862943611198906,-7.606627174362994
firm_raw,IBSS TEKNOLOJİ VE YAZILIM ANONİM ŞİRKETİ,0.0004965537276747113,0.6943999999999999,25,2,3,4,1.0986122886681098,1.3862943611198906,-7.6074519276336625
firm_raw,VERİSUN BİLİŞİM VE DANIŞMANLIK SANAYİ VE TİCARET LİMİTED ŞİRKETİ,0.0004942458020515497,0.5877453896490183,41,2,2,2,0.6931471805599453,0.6931471805599453,-7.612108936518754
firm_raw,ARD GRUP BİLİŞİM TEKNOLOJİLERİ ANONİM ŞİRKETİ,0.000493648719644089,0.35322359396433467,54,4,4,5,1.3862943611198906,1.6094379124341003,-7.613317288743324
firm_raw,SEKOM İLETİŞİM SİSTEMLERİ SANAYİ VETİCARET A.Ş.,0.0004932103106609428,0.10751834953382267,71,2,3,4,1.0986122886681098,1.3862943611198906,-7.6142054544088795
firm_raw,MEKANSAL PLANLAMA MİMARLIK MÜHENDİSLİK PROJE BİLİŞİM İNŞAAT TAAHHÜT SANAYİ VE TİCARET LİMİTED ŞİRKETİ,0.00047969772168517013,0.3770661157024794,44,2,4,5,1.3862943611198906,1.6094379124341003,-7.641974567683739
firm_raw,TWAIN BİLGİ TEKNOLOJİLERİ SANAYİ VE TİCARET ANONİM ŞİRKETİ,0.0004771376607366229,0.4696745562130178,52,3,2,3,0.6931471805599453,1.0986122886681098,-7.647323642959854
firm_raw,DATA TIME BİLGİSAYAR SİSTEMLERİ YAZILIM DANIŞMANLIK HİZMETLERİ İNŞAAT TAAHHÜT İÇ VE DIŞ TİCARET LİMİTED ŞİRKETİ,0.0004725493159891745,0.5661157024793388,22,2,3,3,1.0986122886681098,1.0986122886681098,-7.656982868049671
firm_raw,DBI BİLGİ VE İLETİŞİM TEKNOLOJİLERİ ANONİM ŞİRKETİ,0.0004711279762763797,0.4777209642074507,37,2,7,7,1.9459101490553132,1.9459101490553132,-7.659994050037936
firm_raw,LDAP BİLGİ TEKNOLOJİLERİ DANIŞMANLIK VE DIŞ TİCARET LİMİTED ŞİRKETİ,0.00047039318049003643,0.6404320987654321,36,3,3,4,1.0986122886681098,1.3862943611198906,-7.6615543157615384
firm_raw,ARKSİGNER YAZILIM VE DONANIM SANAYİ TİCARET ANONİM ŞİRKETİ,0.0004652081250838848,0.7717013888888888,48,3,3,3,1.0986122886681098,1.0986122886681098,-7.672634012353779
firm_raw,APAZ MEDİKAL ÜRÜN VE BİLİŞİM YAZILIM SANAYİ VE TİCARET ANONİM ŞİRKETİ,0.00045649918590010317,0.328125,16,1,5,7,1.6094379124341003,1.9459101490553132,-7.691524511495063
firm_raw,ZAFER BÜRO MAKİNALARI SANAYİ VE TİCARET LTD.ŞTİ.,0.0004559004429015845,0.6851851851851851,18,3,3,3,1.0986122886681098,1.0986122886681098,-7.69283644538951
firm_raw,İLKEM TEKNOLOJİ SANAYİ VE TİCARET LİMİTED ŞİRKETİ,0.00045377558882768703,0.4591836734693877,14,4,4,5,1.3862943611198906,1.6094379124341003,-7.697506254949804
firm_raw,GEMİNİ BÜRO SİS.VE DON.LTD.ŞTİ.,0.00044404040270924224,0.757396449704142,13,2,3,3,1.0986122886681098,1.0986122886681098,-7.719184676397755
firm_raw,TEKNODA TEKNOLOJİK ÜRÜNLER DAĞ.VE PAZ.SAN.TİC.A.Ş.,0.0004416635139167577,0.5897920604914934,23,2,5,5,1.6094379124341003,1.6094379124341003,-7.724549712571751
firm_raw,İNFOBİM BİLİŞİM TEKNOLOJİLERİ SAN.VE TİCLTD.ŞTİ.,0.00044136735580591025,0.2824000000000001,50,3,3,4,1.0986122886681098,1.3862943611198906,-7.725220212190858
firm_raw,ŞAMPİYON SOSYAL HİZMETLER ÇEVRE TEMİZLİK DAĞITIM GIDA TİCARET LİMİTED ŞİRKETİ,0.0004344892845153084,0.6213017751479291,26,3,4,4,1.3862943611198906,1.3862943611198906,-7.740919930962229
firm_raw,PSEUDONYM_456,0.00043055295655684427,0.5972222222222221,12,3,4,4,1.3862943611198906,1.3862943611198906,-7.750017052628511
firm_raw,BNTPRO BİLGİ VE İLETİŞİM HİZMETLERİ ANONİM ŞİRKETİ,0.00042930314648546516,0.5821854912764004,33,3,4,4,1.3862943611198906,1.3862943611198906,-7.752922844419468
firm_raw,METOD ARAŞTIRMA DAN. VE MÜH.İNŞAAT SA N.TİC.LTD.ŞTİ.,0.000421685267170165,0.5746219592373438,39,3,3,5,1.0986122886681098,1.6094379124341003,-7.77081926014774
firm_raw,NORMATÜRK ULUSLARARASI NORMALİZASYON VEBELGELENDİRME LTD ŞT,0.00041834148397125616,0.6267361111111112,48,1,3,3,1.0986122886681098,1.0986122886681098,-7.778776984431734
firm_raw,OBJEKT BİLİŞİM BİLGİVE ÖLÇÜ SİSTEM.İNŞ.SAN.TİC.A.Ş.,0.0004151952429187958,0.56,15,2,2,9,0.6931471805599453,2.1972245773362196,-7.786322856687469
firm_raw,ÜNİNET TELEKOM BİLGİSAYAR TELEKOMÜNİKASYON İLETİŞİM ELEKTRONİK MEDİKAL VE TIBBİ CİHAZLAR PAZARLAMA İTHALAT İHRACAT SANAYİ VE TİCARET LİMİTED ŞİRKETİ,0.0004147157229965444,0.485207100591716,13,1,2,2,0.6931471805599453,0.6931471805599453,-7.7874779431815355
firm_raw,YALÇINLAR ELEKTRONİK SANAYİ VE TİC.LT D.ŞTİ.,0.00041258595607920266,0.5020576131687243,27,2,4,4,1.3862943611198906,1.3862943611198906,-7.7926243940807565
firm_raw,GÜNEY BİLİŞİM BİLGİ TEKNOLOJİLERİ TURİZM SANAYİ VE TİCARET LİMİTED ŞİRKETİ,0.0004119056186250418,0.6234567901234568,18,1,3,3,1.0986122886681098,1.0986122886681098,-7.794273985198028
firm_raw,5M BİLİŞİM YAZILIM ELEKTRONİK REKLAM SİNEMA GIDA EĞİTİM YÖNETİM DANIŞMANLIĞI SANAYİ VE TİCARET LİMİTED ŞİRKETİ,0.00041025434146338863,0.5864197530864197,18,2,4,4,1.3862943611198906,1.3862943611198906,-7.79828913491139
firm_raw,ARTBİL BİLGİSAYAR SİSTEMLERİ YAYINCILIK İNŞAAT TURİZM SANAYİ VE TİCARET LİMİTED ŞİRKETİ,0.0004050886242462127,0.5069419722321111,53,1,2,2,0.6931471805599453,0.6931471805599453,-7.810954916785527
firm_raw,ABİS TEKNOLOJİ LTD.ŞTİ.,0.00040322955311918,0.4497041420118344,26,2,3,3,1.0986122886681098,1.0986122886681098,-7.815552701567167
firm_raw,DDI TEKNOLOJİ VE BİL İŞİM ÇÖZÜMLERİ L TD.ŞTİ.,0.0004013427351907164,0.6371191135734072,19,1,3,3,1.0986122886681098,1.0986122886681098,-7.820240824819102
firm_raw,EKON EĞİTİM REKLAM BİLİŞİM VE DANIŞMANLIK ANONİM ŞİRKETİ,0.0004000973024023294,0.0806327160493826,72,2,3,3,1.0986122886681098,1.0986122886681098,-7.823347401962141
firm_raw,AGARTHA TEKNOLOJİ BİLİŞİM YAZILIM MÜHENDİSLİK PAZARLAMA VE TİCARET LİMİTED ŞİRKETİ,0.0003977689338972386,0.484870060519758,53,2,2,2,0.6931471805599453,0.6931471805599453,-7.829181241898862
firm_raw,KENTBT AKILLI ŞEHİR VE YAŞAM TEKNOLOJİLERİ ANONİM ŞİRKETİ,0.00039418250048384407,0.0,4,1,2,3,0.6931471805599453,1.0986122886681098,-7.838234342699086
firm_raw,SİBERUS BİLGİ TEKNOLOJİLERİ YAZILIM DANIŞMANLIK EĞİTİM BİLGİSAYAR TİCARET LİMİTED ŞİRKETİ,0.0003931190831306913,0.56,5,2,2,2,0.6931471805599453,0.6931471805599453,-7.8409345174346905
firm_raw,ITM TEKNOLOJİ İLETİŞİM SİSTEMLER ANONİM ŞİRKETİ,0.000389869515171836,0.7346938775510204,7,2,2,2,0.6931471805599453,0.6931471805599453,-7.849231125181239
firm_raw,GÖKDOĞAN LOJİSTİK OTOMOTİV SANAYİ VE TİCARET ANONİM ŞİRKETİ,0.00038901397382276083,0.44897959183673464,7,3,3,3,1.0986122886681098,1.0986122886681098,-7.851426938913278
firm_raw,PSEUDONYM_368,0.0003860736197433843,0.4640000000000001,25,2,2,2,0.6931471805599453,0.6931471805599453,-7.8590105621461115
firm_raw,EMFA YAZILIM DANIŞMANLIK ELEKTRONİK İLETİŞİM TEKNOLOJİLERİ VE ORGANİZASYON SANAYİ VE TİCARET LİMİTED ŞİRKETİ,0.00038083441261403856,0.6564625850340136,42,2,2,2,0.6931471805599453,0.6931471805599453,-7.872667479322818
firm_raw,BTECH SAVUNMA HAVACILIK MEDİKAL VE İLERİ TEKNOLOJİLER SANAYİ TİCARET ANONİM ŞİRKETİ,0.00037469199492542766,0.2777777777777777,6,1,2,2,0.6931471805599453,0.6931471805599453,-7.888919965006905
firm_raw,PİRİ1513 COĞRAFİ BİLGİ SİSTEMLERİ MÜHENDİSLİK VE EĞİTİM LİMİTED ŞİRKETİ,0.00036848625696241235,0.19646899049343602,47,1,2,4,0.6931471805599453,1.3862943611198906,-7.9056127032115375
firm_raw,BİLTAM MÜMESSİLLİK DIŞ TİC.VE SAN.A.Ş.,0.00036548473158890064,0.5289256198347108,44,3,4,5,1.3862943611198906,1.6094379124341003,-7.913787555789102
firm_raw,İSNET İSTANBUL NET TELEKOMÜNİKASYON ELEKTRONİK SERVİS HİZMETLERİ TİCARET VE SANAYİ ANONİM ŞİRKETİ,0.00036476349379497273,0.6738777717685236,43,2,3,3,1.0986122886681098,1.0986122886681098,-7.915761893287716
firm_raw,OR-BİL BİLİŞİM MAK.V E MAL.EĞ.İNŞ.SAN TİC.LTD.ŞTİ.,0.0003645142708778052,0.1280141396288348,89,3,3,3,1.0986122886681098,1.0986122886681098,-7.916445030618392
firm_raw,EVANT TEKNOLOJİ BİLGİSAYAR YAZILIM VE DONANIMLARI İNŞAAT SANAYİ VE TİCARET LİMİTED ŞİRKETİ,0.0003641574617966024,0.5595567867036011,19,4,2,4,0.6931471805599453,1.3862943611198906,-7.917423882161497
firm_raw,İKOL BİLİŞİM TEKNOLOJİ SANAYİ VE TİCARET LİMİTED ŞİRKETİ,0.0003638570521646105,0.56640625,32,2,3,3,1.0986122886681098,1.0986122886681098,-7.9182487539727795
firm_raw,DATAKEY BİLİŞİM VE DANIŞMANLIK HİZMETLERİ LİMİTED ŞİRKETİ,0.00036337721288801176,0.6133333333333333,15,3,3,3,1.0986122886681098,1.0986122886681098,-7.9195677209199395
firm_raw,PROMER BİLGİ TEKNOLOJİLERİ SANAYİ VE TİCARET ANONİM ŞİRKETİ,0.00036289187656274546,0.44444444444444453,15,1,5,6,1.6094379124341003,1.791759469228055,-7.9209035700176464
firm_raw,SEM LABORATUAR CİHAZLARI PAZARLAMA SAN.VE TİC.A.Ş.,0.00035842162639225126,0.5952,25,1,2,2,0.6931471805599453,0.6931471805599453,-7.933292218320392
firm_raw,SEZİN BİLGİ TEKNOLOJİLERİ HİZMET YÖNETİMİ DANIŞMANLIK SANAYİ VE TİCARET LİMİTED ŞİRKETİ,0.00034971753183054525,0.24489795918367352,7,2,2,3,0.6931471805599453,1.0986122886681098,-7.9578638141510405
firm_raw,EMİ GRUP BİLGİ TEKNOLOJİLERİ ANONİM ŞİRKETİ,0.000349211400660584,0.38927335640138416,34,1,2,2,0.6931471805599453,0.6931471805599453,-7.959311364638583
firm_raw,AVEGS GÜVENLİK SİSTEMLERİ SANAYİ VE TİCARET LİMİTED ŞİRKETİ,0.00034797803861189833,0.19897959183673464,28,2,2,2,0.6931471805599453,0.6931471805599453,-7.962847616974542
firm_raw,FURKAN BİLGİ TEKNOLOJİLERİ VERİ MERKEZİ HİZMET VE DANIŞMANLIK ANONİM ŞİRKETİ,0.00034500301143738015,0.6776859504132231,11,2,2,3,0.6931471805599453,1.0986122886681098,-7.971429327865087
firm_raw,ERCANLAR DAYANIKLI TÜKETİM MALLARI VE KIRTASİYE TURİZM TİCARET SANAYİ LİMİTED ŞİRKETİ,0.000343950596656946,0.5484764542936289,19,1,2,2,0.6931471805599453,0.6931471805599453,-7.974482825575423
firm_raw,SAFRANTEK BİLİŞİM VE TEKNOLOJİ GELİŞTİRME HİZMETLERİ ANONİM ŞİRKETİ,0.00033270181556188124,0.4850000000000001,20,1,2,3,0.6931471805599453,1.0986122886681098,-8.007716313747007
firm_raw,NETUCE BİLİŞİM TİCARET LİMİTED ŞİRKETİ,0.0003323107636365229,0.35897435897435903,39,2,3,5,1.0986122886681098,1.6094379124341003,-8.008891743426766
firm_raw,PİRAMİT BİLGİSAYAR VE TEKNOLOJİ SİST.SAN.VE TİC.LTD.,0.0003298360696161885,0.32230623818525517,46,3,3,4,1.0986122886681098,1.3862943611198906,-8.016362425027157
firm_raw,RAHİ BİLGİ SİSTEMLERİ DIŞ TİCARET LİMİTED ŞİRKETİ,0.0003264423739038478,0.7,30,2,2,3,0.6931471805599453,1.0986122886681098,-8.026699019909762
firm_raw,ANKA BİLİŞİM VE DANIŞMANLIK HİZT.SANTİC.LTD.ŞTİ.,0.00032065914082759296,0.8099173553719008,11,2,2,2,0.6931471805599453,0.6931471805599453,-8.044563701460657
firm_raw,BİMTAŞ BOĞAZİÇİ PEYZAJ İNŞAAT MÜŞAVİRLİK TEKNİK HİZMETLERİ SANAYİ TİCARET ANONİM ŞİRKETİ,0.0003192351776741296,0.37890625,32,2,2,2,0.6931471805599453,0.6931471805599453,-8.049011794981604
firm_raw,FPİCT BİLİŞİM SİSTEMLERİ FİNANSAL DANIŞMANLIK VE TİCARET LİMİTED ŞİRKETİ,0.0003181688049946423,0.24,15,3,5,13,1.6094379124341003,2.5649493574615367,-8.05235587277696
firm_raw,KENT YAZILIM BİLİŞİMVE İLETİŞİM TEKNSAN.VE TİC.LTD.Ş,0.0003146380239548813,0.5761772853185596,19,1,3,5,1.0986122886681098,1.6094379124341003,-8.063508676453663
firm_raw,24 EĞİTİM YAZILIM TEKNOLOJİ BİLİŞİM DANIŞMANLIK SANAYİ VE TİCARET ANONİM ŞİRKETİ,0.0003137209925120548,0.31999999999999984,5,2,2,2,0.6931471805599453,0.6931471805599453,-8.066425800123483
firm_raw,REİN YAZILIM TEKNOLOJİ LİMİTED ŞİRKETİ,0.0003070503859719957,0.22375,40,1,2,3,0.6931471805599453,1.0986122886681098,-8.087905361935938
firm_raw,PROVİS BİLGİ SİSTEMLERİ YAZILIM DONANIM HİZMETLERİ İLETİŞİM DANIŞMANLIK PAZARLAMA SANAYİ TİCARET LİMİTED ŞİRKETİ,0.0003003409227062199,0.629757785467128,17,2,2,2,0.6931471805599453,0.6931471805599453,-8.10998573043625
firm_raw,PREMIERTURK BİLGİ TEKNOLOJİLERİ ANONİM ŞİRKETİ,0.0002977853503629732,0.23799725651577508,54,2,2,3,0.6931471805599453,1.0986122886681098,-8.118525838608981
firm_raw,BARİKATSİSTEM BİLİŞİM TEKNOLOJİLERİ TİCARET ANONİM ŞİRKETİ,0.0002971608128578197,0.33217993079584773,68,3,3,3,1.0986122886681098,1.0986122886681098,-8.120624029675877
firm_raw,ANALİTİK YAZILIM DONANIM BİL.HIZ.SANTİC.LTD.ŞTİ,0.0002924997903538872,0.5938345051379124,43,1,2,2,0.6931471805599453,0.6931471805599453,-8.136423762998477
firm_raw,DEKA BİLİŞİM KURUMSAL HİZMETLER SANAYİ VE TİCARET LİMİTED ŞİRKETİ,0.00029120840555848387,0.7455621301775148,13,2,2,2,0.6931471805599453,0.6931471805599453,-8.140845770595627
firm_raw,KRİZMA BİLGİSAYAR YAZILIM SİSTEMLERİ SAN.LTD.ŞTİ.,0.0002901465436837367,0.3203125,16,2,3,4,1.0986122886681098,1.3862943611198906,-8.144496544508884
firm_raw,SESASİS BİLGİ TEKNOLOJİLERİ YAZILIM EĞİTİM DANIŞMANLIK ENERJİ İNŞAAT TAAHHÜT İTHALAT İHRACAT SANAYİ VE TİCARET LİMİTED ŞİRKETİ,0.00028855279855471863,0.653061224489796,21,1,2,2,0.6931471805599453,0.6931471805599453,-8.150001116194156
firm_raw,BİLSANGRUP BİLİŞİM TEKNOLOJİ EĞİTİM HİZMTİC.LTD.ŞTİ.,0.0002881946992774548,0.1453254437869821,65,3,2,3,0.6931471805599453,1.0986122886681098,-8.151242120846566
firm_raw,PSEUDONYM_312,0.00028526478209962185,0.7088888888888889,30,2,3,6,1.0986122886681098,1.791759469228055,-8.161454112152294
firm_raw,ALTUS BİLİŞİM HİZMETLERİ ANONİM ŞİRKETİ,0.00028362186638207314,0.49111111111111116,30,2,4,8,1.3862943611198906,2.0794415416798357,-8.167226328328798
firm_raw,12M BİLİŞİM HİZMETLERİ SANAYİ VE TİCARET LİMİTED ŞİRKETİ,0.0002830361950546095,0.6582163875056587,47,1,2,2,0.6931471805599453,0.6931471805599453,-8.169292107007571
firm_raw,SOFTLINE YAZILIM HİZ M.TİC.LTD.ŞTİ.,0.00028106523649048376,0.5207612456747404,34,2,2,2,0.6931471805599453,0.6931471805599453,-8.176275581270197
firm_raw,MOBİLİŞİM İLETİŞİM ANONİM ŞİRKETİ,0.00027679577400703076,0.4750000000000001,20,2,2,2,0.6931471805599453,0.6931471805599453,-8.191572431115212
firm_raw,DEHA DİJİTAL OFİS ÜRBİL.İL.SAN.VE TİC LTD.ŞTİ.,0.00027452105794228016,0.6909722222222222,24,1,2,2,0.6931471805599453,0.6931471805599453,-8.199818963729296
firm_raw,VİRÜS BİLGİSAYAR ELEKT.ELEKTRONİK İLETİ.SAN.TİC.LTD.,0.00027374253969685805,0.4800000000000001,10,2,3,3,1.0986122886681098,1.0986122886681098,-8.202657020340476
firm_raw,MLG BİLİŞİM ANONİM ŞİRKETİ,0.00026913546610779726,0.19753086419753085,18,3,3,3,1.0986122886681098,1.0986122886681098,-8.219618816168373
firm_raw,SOLARİS YAZILIM BİLGSİS.DON.TEK.İTH.İH.SA.VE Tİ.LTD.,0.00026074387599794646,0.7301587301587302,21,2,3,3,1.0986122886681098,1.0986122886681098,-8.251273275825437
firm_raw,VİA DİJİTAL TEKNOLOJİLERİ ARAŞTIRMA GELİŞTİRME YAZILIM MÜHENDİSLİK İLETİŞİM DANIŞMANLIK SANAYI VE TİCARET LİMİTED.ŞİRKETİ,0.000256206562326736,0.3950617283950618,45,1,2,2,0.6931471805599453,0.6931471805599453,-8.268815511267592
firm_raw,NELİT İLERİ TEKNOLOJİ ANONİM ŞİRKETİ,0.0002561791787334535,0.4722222222222222,24,2,2,2,0.6931471805599453,0.6931471805599453,-8.268922321922423
firm_raw,BİLGE ADAM YAZILIM VE TEKNOLOJİ ANONİM ŞİRKETİ,0.0002537445687619612,0.5708884688090738,23,4,3,6,1.0986122886681098,1.791759469228055,-8.27846449172
firm_raw,ADAM TEKNOLOJİ YAZILIM VE DANIŞMANLIK HİZMETLERİ LİMİTED ŞİRKETİ,0.00025125707510909474,0.13265306122448983,14,4,3,4,1.0986122886681098,1.3862943611198906,-8.288308894169276
firm_raw,ERSEL İNŞAAT İMAR PLANLAMA MÜH.VE TİC.LTD.ŞTİ.,0.00025069048012248005,0.6355003652300949,37,1,6,6,1.791759469228055,1.791759469228055,-8.29056484341956
firm_raw,NOKTASAL YAZILIM İNŞAAT SANAYİ TİCARET LİMİTED ŞİRKETİ,0.00025059935477922055,0.24990388312187606,51,1,2,3,0.6931471805599453,1.0986122886681098,-8.290928142775291
firm_raw,USSAL YAZILIM TİCARET LİMİTED ŞİRKETİ,0.00025059935477922055,0.24990388312187606,51,1,2,3,0.6931471805599453,1.0986122886681098,-8.290928142775291
firm_raw,HYPERNET BİLİŞİM SANAYİ VE TİCARET LİMİTED ŞİRKETİ,0.0002479921158440459,0.31999999999999984,5,3,7,7,1.9459101490553132,1.9459101490553132,-8.301379015943208
firm_raw,NETİKET BİLİŞİM İLE. DAN.EĞİT.HİZM.SA N.VE TİC.LTD.ŞTİ,0.00024581995562145776,0.375,4,1,2,2,0.6931471805599453,0.6931471805599453,-8.310170101704214
firm_raw,ESEN ENTEGRE HİZMET YÖNETİMİ SANAYİ VE TİCARET LİMİTED ŞİRKETİ,0.0002338626890968292,0.6399999999999999,20,1,2,2,0.6931471805599453,0.6931471805599453,-8.359997461524273
firm_raw,KIRAS GÜVENLİK SİSTEMLERİ TİCARET LİMİTED ŞİRKETİ,0.00023176193369926025,0.26293872694824516,41,2,3,3,1.0986122886681098,1.0986122886681098,-8.36901385108212
firm_raw,MOS BİLİŞİM TEKNOLOJ İLERİ YAZILIM DANIŞM ANLIK HİZ.LTD.ŞTİ.,0.00023065500710521287,0.41666666666666663,12,2,3,3,1.0986122886681098,1.0986122886681098,-8.37379765899256
firm_raw,BEAM TEKNOLOJİ ANONİM ŞİRKETİ,0.00022904576928681701,0.5255102040816326,28,2,2,3,0.6931471805599453,1.0986122886681098,-8.380793381305994
firm_raw,MAİNTY TEKNOLOJİ ANONİM ŞİRKETİ,0.00022345548271188428,0.5917159763313609,39,3,3,3,1.0986122886681098,1.0986122886681098,-8.405483130103002
firm_raw,ENORM TEKNOLOJİ VE YAZILIM ANONİM ŞİRKETİ,0.00022054342368284496,0.693347755543537,43,2,3,3,1.0986122886681098,1.0986122886681098,-8.418589973836527
firm_raw,VİZYON ELEKTRONİK BİLŞ.SİS.VE DANŞ.SAN.TİC.LTD.ŞTİ.,0.00021990385397184452,0.31404958677685935,11,2,2,2,0.6931471805599453,0.6931471805599453,-8.42149175743096
firm_raw,YD YAZILIM VE TEKNOLOJİ ANONİM ŞİRKETİ,0.00021886056602375475,0.49919999999999987,50,2,2,2,0.6931471805599453,0.6931471805599453,-8.42624339148102
firm_raw,PSEUDONYM_018,0.00021817775481043798,0.6875,8,1,2,2,0.6931471805599453,0.6931471805599453,-8.429365510362949
firm_raw,AGERSOFT BİLİŞİM TEKNOLOJİLERİ DIŞ TİCARET SANAYİ LİMİTED ŞİRKETİ,0.00021583027403223947,0.3673469387755103,14,1,4,4,1.3862943611198906,1.3862943611198906,-8.440174222230274
firm_raw,EFOR BİLİŞİM TEKNOLO JİLERİ SANAYİ VE TİC ARET LİMİTED ŞİRKETİ,0.00021556183104166275,0.76,20,3,3,3,1.0986122886681098,1.0986122886681098,-8.441417714679277
firm_raw,AÇILIM OTOMASYON YAZILIM DONANIM BİLGİSAYAR İNTERNET HİZMETLERİ TURİZM TEMİZLİK VE MALZEMELERİ YEMEKÇİLİK İNŞAAT TAAHHÜT GIDA TIBBİ MALZEMELER VE ÜRÜNLERİ KIRTASİYE RESTORAN İTHALAT İHRACAT VE TİCARET PAZARLAMA LİMİTED ŞİRKETİ,0.00021406343602137413,0.5,2,2,3,3,1.0986122886681098,1.0986122886681098,-8.448387188273275
firm_raw,KURALKAN BİLİŞİM OTOMOTİV SANAYİ VE DIŞ TİCARET ANONİM ŞİRKETİ,0.00021367150213641523,0.28173828125,64,4,5,5,1.6094379124341003,1.6094379124341003,-8.45021823022314
firm_raw,NETİKET BİLGİ TEKNOLOJİLERİ LİMİTED ŞİRKETİ,0.00021064354088853375,0.31999999999999984,10,2,3,3,1.0986122886681098,1.0986122886681098,-8.464478454289244
firm_raw,V.R.P VERİ RAPORLAMAPROG.BİL.YAZ.VEDAN.HİZ.TİC.A.Ş,0.0002077090958743418,0.5729166666666666,24,2,2,2,0.6931471805599453,0.6931471805599453,-8.478495044280235
firm_raw,UITSEC TEKNOLOJİ ANONİM ŞİRKETİ,0.00020711501349245575,0.7346938775510203,14,1,2,2,0.6931471805599453,0.6931471805599453,-8.481356793403444
firm_raw,AVD TEKNOLOJİK ÇÖZÜMLER SANAYİ VE TİCARET LİMİTED ŞİRKETİ,0.0002062450139002179,0.3223140495867768,22,2,2,2,0.6931471805599453,0.6931471805599453,-8.485562494850466
firm_raw,KONSALTUS BİLİŞİM DANIŞMANLIK ELEKTRONİK LİMİTED ŞİRKETİ,0.00020501190924848359,0.6025,40,4,2,10,0.6931471805599453,2.302585092994046,-8.491553963410443
firm_raw,PVA TEKNOLOJİ LİMİTED ŞİRKETİ,0.00020483257051406064,0.3605371900826446,44,3,3,3,1.0986122886681098,1.0986122886681098,-8.492428340932628
firm_raw,ALPDATA BİLGİSAYAR YAZILIM DONA.SİS.VE MED.PAZ.VE TİC.LTD.ŞT,0.0002048147256674376,0.2901234567901234,18,3,11,14,2.3978952727983707,2.6390573296152584,-8.49251538646535
firm_raw,MOSK BİLİŞİM TEKNOLOJİLERİ SANAYİ VE TİCARET LİMİTED ŞİRKETİ,0.00020446599454981252,0.6599999999999999,10,2,3,3,1.0986122886681098,1.0986122886681098,-8.494217987661434
firm_raw,R2 TEKNOLOJİ BİLİŞİM ÇÖZÜMLERİ HİZMETLERİ SANAYİ TİCARET LİMİTED ŞİRKETİ,0.00020415294735051784,0.5082644628099173,22,3,3,3,1.0986122886681098,1.0986122886681098,-8.49574884317059
firm_raw,TEKOBİZ ELEKTRONİK VE TEKNİK SANAYİTİCARET LTD.ŞTİ.,0.00019817132993168313,0.4591836734693877,14,3,4,5,1.3862943611198906,1.6094379124341003,-8.52545941912835
firm_raw,SERALBA BİLGİSAYAR İLETİŞİM İNŞAAT PEYZAJ REKLAM ORGANİZASYON TAAHHÜT İTHALAT İHRACAT VE TİCARET LİMİTED ŞİRKETİ,0.00019523912138883374,0.15036420395421446,62,3,2,4,0.6931471805599453,1.3862943611198906,-8.54035250919302
firm_raw,BİOPEST ÇEVRE SAĞLIĞI VE VEKTÖR KONTROLHİZ.LTD.ŞTİ.,0.00019258115776515182,0.40138408304498274,17,1,6,11,1.791759469228055,2.3978952727983707,-8.55404704570983
firm_raw,GGS BİLİŞİM TEKNOLOJİLERİ SANAYİ TİCARET ANONİM ŞİRKETİ,0.00019223574564141346,0.1679012345679013,45,1,2,2,0.6931471805599453,0.6931471805599453,-8.555840549930855
firm_raw,TERACİTY YAZILIM TEKNOLOJİLERİ SANAYİ VE TİCARET ANONİM ŞİRKETİ,0.00019216043239152737,0.3046875,16,3,7,11,1.9459101490553132,2.3978952727983707,-8.556232030971078
firm_raw,DCL BİLGİSAYAR SİSTEMLERİ TİC.VE SANLTD.ŞTİ.,0.00019188087867361308,0.8390022675736961,21,4,5,5,1.6094379124341003,1.6094379124341003,-8.557686503174443
firm_raw,DATASEC BİLİŞİM ÇÖZÜ MLERİ YAZ.İNŞ.SA N.TİC.LTD.ŞTİ.,0.00019025410029099708,0.2820247933884297,44,1,2,2,0.6931471805599453,0.6931471805599453,-8.566192597305506
firm_raw,VAS CX DENEYİM İŞ GELİŞTİRME LİMİTED ŞİRKETİ,0.00019024014418539154,0.3487999999999999,25,3,2,3,0.6931471805599453,1.0986122886681098,-8.566265884878055
firm_raw,ESRİ BİLGİ SİSTEMLERİ MÜHENDİSLİK VE EĞİTİM LİMİTED ŞİRKETİ,0.00018894493577789812,0.5833333333333333,12,1,4,4,1.3862943611198906,1.3862943611198906,-8.573090887881717
firm_raw,BİLİCİSOFT BİLİŞİM VE SAVUNMA TEKNOLOJİLERİ SANAYİ TİC.LTD.ŞTİ.,0.00018891999530714439,0.40816326530612246,7,3,3,6,1.0986122886681098,1.791759469228055,-8.573222768006417
firm_raw,"ARÇAM TEMİZLİK MEDİKAL GIDA İNŞAAT TURİZM BİLGİSAYAR KRTASİYE SANAYİ TİCARAT LİMİTED ŞİRKETİ, ZENİ SOSYAL HİZMETLER BİLGİSAYAR TAŞIMACILIK TEMİZLİK OTOMOTİV SANAYİ TİCARET LİMİTED ŞİRKETİ. İş Ortaklığı",0.00018855545085612695,0.6199999999999999,20,1,2,2,0.6931471805599453,0.6931471805599453,-8.575152392385554
firm_raw,SERVUS BİLİŞİM TEKNO LOJİLERİ A.Ş.,0.0001861202132795868,0.26055919095776325,41,2,2,2,0.6931471805599453,0.6931471805599453,-8.588139118508138
firm_raw,MDSAP TR YAZILIM ÜRÜNLERİ VE BİLİŞ.HİZM.TİC.LTD.ŞTİ.,0.00018292585696161982,0.5312294543063774,39,3,2,3,0.6931471805599453,1.0986122886681098,-8.6054338923483
firm_raw,4D SİSTEM TİCARET LTD.ŞTİ.,0.00018245753016385874,0.6604938271604939,18,2,2,2,0.6931471805599453,0.6931471805599453,-8.607994820785136
firm_raw,NETKUR BİLGİ TEKNOLOJİLERİ İLETİŞİM YAZILIM SANAYİ VE TİCARET LİMİTED ŞİRKETİ,0.00018214549462487568,0.6782006920415224,17,1,2,2,0.6931471805599453,0.6931471805599453,-8.609704757220513
firm_raw,MC TEK BİLGİSAYAR MÜHENDİSLİK ARAŞTIRMA GELİŞTİRME PROJE DANIŞMANLIK HİZMETLERİ TELEKOMÜNİKASYON VE ÜRETİM PAZARLAMA İÇ VE DIŞ TİCARET LİMİTED ŞİRKETİ,0.00018183386347807266,0.6694101508916324,27,3,4,6,1.3862943611198906,1.791759469228055,-8.61141540080648
firm_raw,BTSECTOR BİLİŞİM TEKNOLOJİ ANONİM ŞİRKETİ,0.00018180984367381086,0.22405876951331505,33,2,2,2,0.6931471805599453,0.6931471805599453,-8.611547374785662
firm_raw,VİZYONEKS BİLGİ TEKNOLOJİLERİ ANONİM ŞİRKETİ,0.00018165164127680698,0.6275992438563327,23,2,2,2,0.6931471805599453,0.6931471805599453,-8.612417034586052
firm_raw,BTYÖN TEKNOLOJİ ANONİM ŞİRKETİ,0.00017826465441668317,0.41975308641975306,36,1,2,3,0.6931471805599453,1.0986122886681098,-8.631219518066874
firm_raw,RENKLAM MEDYA İLETİŞİM VE TİC.LTD.ŞTİ.,0.00017710459200814273,0.6982248520710059,13,1,2,2,0.6931471805599453,0.6931471805599453,-8.637741624026914
firm_raw,ÖZGÜR YAZILIM BİLİŞİM EĞİTİM TİCARET AN ONİM ŞİRKETİ,0.0001767373187440043,0.5177777777777778,30,2,2,2,0.6931471805599453,0.6931471805599453,-8.639815405911502
firm_raw,METSİS BİLİŞİM SANAYİ VE TİCARET LİMİTED ŞİRKETİ,0.00017530894412652826,0.36672967863894135,23,1,2,2,0.6931471805599453,0.6931471805599453,-8.647921756118299
firm_raw,POİNT BİLGİSAYAR YAZILIM İTHALAT VEİHR.LTD.ŞTİ.,0.00017483227808734908,0.6465028355387524,23,1,2,2,0.6931471805599453,0.6931471805599453,-8.650641633902406
firm_raw,AVKOM TEKNOLOJİ BİLG İSAYAR VE ELEKT.SİST SAN.VE TİC.A.Ş.,0.00017446975574502655,0.59375,16,2,2,2,0.6931471805599453,0.6931471805599453,-8.65271516659932
firm_raw,MAVİ GÜVENLİK ELEKTRONİK SAN.TİC.LTD.ŞTİ.,0.00017112541883440097,0.625,20,1,2,3,0.6931471805599453,1.0986122886681098,-8.672049450636594
firm_raw,BİLGİPA BİLGİSAYAR PAZARLAMA ASANSÖR İNŞAAT MATBAACILIK YAYINCILIK KIRTASİYE SANAYİ TİCARET LİMİTED ŞİRKETİ,0.00017093141408620717,0.2777777777777777,12,2,2,3,0.6931471805599453,1.0986122886681098,-8.673182585537981
firm_raw,BETA BİLGİ TEKNOLOJİLERİ İNŞAAT SANAYİ VE TİCARET LİMİTED ŞİRKETİ,0.00017043234344764612,0.6933333333333334,30,3,3,4,1.0986122886681098,1.3862943611198906,-8.676103450377928
firm_raw,VADORA YAZILIM BİLİŞİM EĞİTİM DANIŞMANLIK TİCARET A.Ş.,0.00016934957057232475,0.13265306122448983,14,1,12,15,2.4849066497880004,2.70805020110221,-8.682469982902614
firm_raw,SAPPROF YAZILIM VE DANIŞMANLIK HİZMETLERİ LİMİTED ŞİRKETİ,0.0001679480914156517,0.4140625,16,2,2,2,0.6931471805599453,0.6931471805599453,-8.690771104291574
firm_raw,VİA BİLGİSAYAR SİSTEMLERİ LİMİTED ŞİRKETİ,0.0001677655030551848,0.09221466364323516,63,2,2,2,0.6931471805599453,0.6931471805599453,-8.691857687401972
firm_raw,ELEKTROSER BÜRO MAKİNALARI TEKNİK SERVİS SANAYİ VE TİCARET LTD.ŞTİ.,0.00016640918572210565,0.46366782006920404,17,1,2,2,0.6931471805599453,0.6931471805599453,-8.699966303079457
firm_raw,NETTO BİLİŞİM DANIŞMANLIK TİCARET LİMİTED ŞİRKETİ,0.00016279227685491964,0.7520661157024793,22,3,3,3,1.0986122886681098,1.0986122886681098,-8.721916715123955
firm_raw,SARF BİLİŞİM BÜRO MALZEMELERİ TİCARET LİMİTED ŞİRKETİ,0.0001617917891596059,0.6446280991735538,11,3,4,4,1.3862943611198906,1.3862943611198906,-8.728074556889977
firm_raw,ASF BİLİŞİM TEKNOLOJİLERİ DANIŞMANLIK HİZMETLERİ SANAYİ VE TİCARET LİMİTED ŞİRKETİ,0.00016178007353855205,0.0,8,2,2,2,0.6931471805599453,0.6931471805599453,-8.728146889750496
firm_raw,TCHEALTH BİLGİ TEKNOLOJİLERİ ANONİM ŞİRKETİ,0.00016063598323889537,0.54,10,3,3,4,1.0986122886681098,1.3862943611198906,-8.73523588657111
firm_raw,BRONTO BİLİŞİM İLETİŞİM DANIŞMANLIK SANAYİ VE TİCARET LİMİTED ŞİRKETİ,0.00015992316520020244,0.44897959183673464,7,2,2,2,0.6931471805599453,0.6931471805599453,-8.739678184695242
firm_raw,M.B.İ.S BİLGİSAYAR OTOMASYON DANIŞMANLIK VE EĞİTİM HİZMETLERİ SANAYİ TİCARET ANONİM ŞİRKETİ,0.00015954813619116167,0.24489795918367352,7,2,2,2,0.6931471805599453,0.6931471805599453,-8.742023320577957
firm_raw,ORAN TEKNOLOJİ YAZILIM DANIŞMANLIK VE EĞİTİM LTD ŞTİ,0.00015844937378670072,0.2612847222222222,48,4,4,6,1.3862943611198906,1.791759469228055,-8.748925945954504
firm_raw,EKSPRES ELEKTRONİK E GİTİM ÖĞR. GIDA SAN.TİC.LTD.ŞTİ.,0.00015816299224434208,0.6159169550173009,17,2,2,2,0.6931471805599453,0.6931471805599453,-8.750732902052748
firm_raw,ENİGMUS TEKNOLOJİ TAAHHÜT ANONİM ŞİRKETİ,0.00015658210695769888,0.5330578512396694,22,2,2,2,0.6931471805599453,0.6931471805599453,-8.760766862724156
firm_raw,REF-SAN İZOLASYON SA N.TİC.LTD.ŞTİ.,0.00015605380759444926,0.5351473922902494,21,2,2,2,0.6931471805599453,0.6931471805599453,-8.764142576481817
firm_raw,BİLGİ SİSTEMLERİ SANAYİ VE TİCARET ANONİM ŞİRKETİ,0.00015579589143700198,0.24489795918367352,7,2,3,4,1.0986122886681098,1.3862943611198906,-8.765794751401721
firm_raw,ON İLAÇLAMA SAĞLIK HİZMETLERİ İNŞAAT ELETRONİK GIDA ÜRÜNLERİ BİLGİSAYAR TEMİZLİK HİZMETLERİ İNSAN KAYNAKLARI VE TAAHHÜT SANAYİ TİCARET LİMİTED ŞİRKETİ,0.00015494385203356157,0.40138408304498274,17,4,6,13,1.791759469228055,2.5649493574615367,-8.771272282570562
firm_raw,G TEKNOLOJİ BİLİŞİM SANAYİ VE TİCARET ANONİM ŞİRKETİ,0.00015441603341570067,0.5664819944598338,38,1,2,3,0.6931471805599453,1.0986122886681098,-8.77468059778127
firm_raw,SMARTİKS YAZILIM A.Ş.,0.00015441603341570067,0.5664819944598338,38,2,2,2,0.6931471805599453,0.6931471805599453,-8.77468059778127
firm_raw,AMC-PRO SİSTEM ENTEGRASYON SANAYİ VE TİC.LTD.ŞTİ.,0.00015129960877760122,0.14644970414201175,52,2,2,3,0.6931471805599453,1.0986122886681098,-8.795044758236218
firm_raw,HİGHTECHNOLOGY BİLİŞİM SİSTEMLERİ LİMİTED ŞİRKETİ,0.00015129960877760122,0.14644970414201175,52,2,2,2,0.6931471805599453,0.6931471805599453,-8.795044758236218
firm_raw,SOAGEN BİLİŞİM TEKNOLOJİLERİ YAZILIM VE DANIŞMANLIK LİMİTED ŞİRKETİ,0.0001481619188977528,0.5259515570934256,17,1,2,2,0.6931471805599453,0.6931471805599453,-8.81597559395982
firm_raw,GİRİŞİM BİLİŞİM TEKN MEDİKAL LOJ.SAN.VE D IŞ TİC.LTD.ŞTİ.,0.0001459818659724198,0.5972222222222221,12,3,2,8,0.6931471805599453,2.0794415416798357,-8.830780562262031
firm_raw,PSEUDONYM_023,0.00014476893128621916,0.5759637188208617,21,1,2,2,0.6931471805599453,0.6931471805599453,-8.839113630361773
firm_raw,AKFA BİLİŞİM VE YAZILIM SİSTEMLERİ SANAYİ VE TİCARET A.Ş.,0.0001443159523020852,0.485207100591716,13,2,2,2,0.6931471805599453,0.6931471805599453,-8.842243568891332
firm_raw,N2MOBİL TAKİP SİSTEMLERİ ANONİM ŞİRKETİ,0.00014407383375064837,0.5454545454545454,11,2,4,4,1.3862943611198906,1.3862943611198906,-8.843920556133943
firm_raw,DEM ÇE İNŞ METAL ELEMAD GID TAAH SAN VETİC LTD ŞTİ.,0.00014357999379369994,0.16528925619834722,11,2,2,2,0.6931471805599453,0.6931471805599453,-8.847349785680212
firm_raw,LALEZAR İNŞAAT MEDİKAL BİLGİSAYAR TEMİZLİK İTHALAT İHRACAT SANAYİ VE TİCARET LİMİTED ŞİRKETİ.,0.000143520454822126,0.1527777777777779,12,2,6,8,1.791759469228055,2.0794415416798357,-8.847764020371125
firm_raw,PSEUDONYM_659,0.00014252715477535707,0.0,6,1,10,12,2.302585092994046,2.4849066497880004,-8.854700208287811
firm_raw,EGE TETA ELEKTRONİKSAN.VE TİC.LTD.ŞTİ.,0.00014229562423608146,0.545,20,2,3,3,1.0986122886681098,1.0986122886681098,-8.856323917516004
firm_raw,GE MEDİCAL SYSTEMS TÜRKİYE LTD.ŞTİ,0.00013990953308184686,0.31999999999999984,5,2,2,3,0.6931471805599453,1.0986122886681098,-8.873212836747225
firm_raw,XLOOP BİLİŞİM TEKNOLOJİLERİ SANAYİ VE TİCARET LİMİTED ŞİRKETİ,0.00013920551290923328,0.5895691609977325,21,2,2,3,0.6931471805599453,1.0986122886681098,-8.878250927930177
firm_raw,DİGİTEK BİLİŞİM HİZMETLERİ ANONİM ŞİRKETİ,0.00013397028063410904,0.5306122448979592,21,3,3,3,1.0986122886681098,1.0986122886681098,-8.916533200627534
firm_raw,AFM TEKNOLOJİ İÇECEK NAKLİYE DANIŞMANLIK. AŞ,0.00013007073988437887,0.3870967741935484,31,2,2,2,0.6931471805599453,0.6931471805599453,-8.94603200869922
firm_raw,EKİNOKS YAZILIM DONANIM DANIŞMANLIK ELEKTRONİK İNŞAAT HARİTA VE MÜHENDİSLİK HİZMETLERİ SANAYI TİCARET LİMİTED ŞİRKETİ,0.00012998336922910234,0.21308815575987017,43,2,2,2,0.6931471805599453,0.6931471805599453,-8.946703010409696
firm_raw,PSEUDONYM_695,0.000129737866212661,0.5374554102259216,29,1,2,5,0.6931471805599453,1.6094379124341003,-8.94859087334923
firm_raw,RAPTOR TEKNOLOJİ VE MÜHENDİSLİK LİMİTED ŞİRKETİ,0.000129737866212661,0.5374554102259216,29,1,2,4,0.6931471805599453,1.3862943611198906,-8.94859087334923
firm_raw,ELFA BİLGİ VE İLETİŞİM SİSTEMLERİ SAN.VE TİC.LTD.ŞTİ,0.0001280094218001179,0.20370370370370372,18,2,2,3,0.6931471805599453,1.0986122886681098,-8.961984065600873
firm_raw,MAY SİBER TEKNOLOJİ BİLİŞİM BİLGİSAYAR EĞİTİM DANIŞMANLIK YAZILIM TİCARET SANAYİ ANONİM ŞİRKETİ,0.0001268504437978087,0.41965973534971657,23,2,2,2,0.6931471805599453,0.6931471805599453,-8.971066161409995
firm_raw,E.M.N.EĞİTİM CİHAZLARI SANAYİ VE TİCARET LİMİTED ŞİRKETİ,0.0001226503828501271,0.3377777777777776,15,1,2,2,0.6931471805599453,0.6931471805599453,-9.004687929002925
firm_raw,MAH ZEN GRUP İNŞAAT BİLGİSAYAR TEMİZLİK TURİZM TEKSTİL MADENCİLİK TİCARET VE SANAYİ LİMİTED ŞİRKETİ.,0.00012129108431823337,0.1527777777777779,12,1,4,6,1.3862943611198906,1.791759469228055,-9.015815882195032
firm_raw,SOLVENT YAZILIM VE BİLGİSAYAR HİZMETLERİ DANIŞMANLIK İÇ VE DIŞ TİCARET SANAYİ LİMİTED ŞİRKETİ,0.00012080531227859131,0.48611111111111105,12,1,9,10,2.1972245773362196,2.302585092994046,-9.019822901399813
firm_raw,AKELSAN ELEKRONİK SİSTEMLER SANAYİ VE TİCARET ANONİM ŞİRKETİ,0.00011940291001190946,0.5,16,2,2,3,0.6931471805599453,1.0986122886681098,-9.031481898063875
firm_raw,EXABİLTEKNOLOJİ SİSTEMLERİ PAZARLAMA BİLİŞİM SANAYİ VE TİCARET LİMİTED ŞİRKETİ.,0.00011697491813483043,0.21074380165289253,44,2,2,3,0.6931471805599453,1.0986122886681098,-9.051994302910877
firm_raw,GAMA BÜRO OTOMASYONSİSTEMLERİ SANAYİ VE TİC.LTD.ŞTİ,0.00011436777477473986,0.6581632653061225,28,2,2,2,0.6931471805599453,0.6931471805599453,-9.074499030656371
firm_raw,ELMER YAZILIM DANIŞMANLIK VE TİCARET LİMİTED ŞİRKETİ,0.00011354319719085676,0.5866666666666667,30,2,2,2,0.6931471805599453,0.6931471805599453,-9.08172347088355
firm_raw,MERSİN BÜYÜKŞEHİR İMAR İNŞAAT ELEKTRİK ÜRETİM ÖZEL GÜVENLİK HİZMETLERİ SANAYİ VE TİCARET ANONİM ŞİRKETİ,0.00011350930191023233,0.3377777777777776,15,4,2,4,0.6931471805599453,1.3862943611198906,-9.082021560158768
firm_raw,HORİZON BİLGİ TEKNOLOJİLERİ TİC.LTD.ŞTİ,0.00011247360790599226,0.4801097393689986,27,2,3,3,1.0986122886681098,1.0986122886681098,-9.091172991013098
firm_raw,BOTT BİLGİ SİSTEMLER İ SAN.VE TİC.LTD .ŞTİ.,0.00011186560642526359,0.5123456790123457,18,3,3,4,1.0986122886681098,1.3862943611198906,-9.09658458847604
firm_raw,ATA BİLİŞİM SANAYİ V E TİC.LTD.ŞTİ.,0.00011071807836161881,0.31999999999999984,5,1,2,3,0.6931471805599453,1.0986122886681098,-9.106878803823387
firm_raw,BRAIN BİLGİ TEKNOLOJİLERİ ANONİM ŞİRKETİ,0.00010850259138380443,0.4444444444444444,9,2,2,2,0.6931471805599453,0.6931471805599453,-9.12705833040452
firm_raw,İNTERSİS YAZILIM VE BİLİŞİM TEKNOLOJİLERİ SANAYİ VE TİCARET ANONİM ŞİRKETİ,0.00010774807245267771,0.24489795918367352,7,2,3,3,1.0986122886681098,1.0986122886681098,-9.13402480539523
firm_raw,MOBİSİS TEKNOLOJİ ANONİM ŞİRKETİ,0.00010523463076573294,0.32139577594123037,33,2,2,2,0.6931471805599453,0.6931471805599453,-9.157587881963169
firm_raw,PSEUDONYM_114,0.00010488587167085923,0.5800000000000001,10,2,2,2,0.6931471805599453,0.6931471805599453,-9.16090174705714
firm_raw,GEOSYS COĞRAFİ BİLGİ SİSTEMLERİ VE ŞEHİR PLANLAMA ELEKTRONİK BİLİŞİM MÜHENDİSLİK VE MÜŞAVİRLİK İNŞAAT REKLAMCILIK SANAYİ VE TİCARET LİMİTED ŞİRKETİ,0.0001046125062302783,0.21882086167800463,42,1,2,2,0.6931471805599453,0.6931471805599453,-9.163506930280892
firm_raw,TRUSTNET BİLGİ TEKNOLOJİLERİ LİMİTED ŞİRKETİ,0.00010315750292524933,0.3842975206611571,22,2,3,3,1.0986122886681098,1.0986122886681098,-9.177488534487182
firm_raw,RASYOTEK İNSAN KAYNAKLARI BİLİŞİM ANONİM ŞİRKETİ,0.00010299678421282971,0.21875,8,1,3,3,1.0986122886681098,1.0986122886681098,-9.179044991064739
firm_raw,PROVİT BİLİŞİM TEKNOLOJİLERİ TİCARETLTD.ŞTİ.,0.00010060014009821045,0.4765625,16,2,2,2,0.6931471805599453,0.6931471805599453,-9.202547030235959
firm_raw,ETGİ GRUP BİLİŞİM TEKNOLOJİLERİ YAZILIM DONANIM BİLGİSAYAR MİMARLIK MÜHENDİSLİK İNŞAAT TAAHHÜT İTHALAT İHRACAT TİCARET ANONİM ŞİRKETİ,9.947011938325833e-05,0.546712802768166,17,1,2,5,0.6931471805599453,1.6094379124341003,-9.21382284703754
firm_raw,MERİH BİLGİSAYAR ELEKTRİK TEMİZLİK YEMEKÇİLİK İNŞAAT SANAYİ VE TİCARET LİMİTED ŞİRKETİ,9.892071300955637e-05,0.33999999999999986,10,1,3,5,1.0986122886681098,1.6094379124341003,-9.219351331012398
firm_raw,AXPART BİLİŞİM ANONİM ŞİRKETİ,9.78608918154449e-05,0.4591836734693877,14,3,4,12,1.3862943611198906,2.4849066497880004,-9.230103067904873
firm_raw,PSEUDONYM_227,9.702709779077037e-05,0.7160493827160495,9,2,2,2,0.6931471805599453,0.6931471805599453,-9.238643795764053
firm_raw,TETRA SİBER GÜVENLİK DANIŞMANLIK ANONİM ŞİRKETİ,9.529888501002495e-05,0.7083333333333333,12,1,3,3,1.0986122886681098,1.0986122886681098,-9.256581986569529
firm_raw,UÇBEYİ SİBER GÜVENLİK VE BİLİŞİM SİSTEMLERİ ANONİM ŞİRKETİ,9.44093930282396e-05,0.6122448979591837,7,2,2,2,0.6931471805599453,0.6931471805599453,-9.265941544411282
firm_raw,ARIKAN GRUP GIDA DANIŞMANLIĞI SERBEST GIDA MÜŞAVİRLİĞİ MÜHENDİSLİK HİZMETLERİ BİLİŞİM TEKNOLOJİLERİ GIDA TARIM VE HAYVANCILIK LİMİTED ŞİRKETİ,9.424195299870464e-05,0.7107438016528925,11,2,2,2,0.6931471805599453,0.6931471805599453,-9.267713248707148
firm_raw,BYS GRUP BİLİŞİM SİSTEMLERİ DANIŞMANLIK TİCARET VE SANAYİ LİMİTED ŞİRKETİ,9.273297921054866e-05,0.2712500000000001,40,2,2,3,0.6931471805599453,1.0986122886681098,-9.283823115016457
firm_raw,KALİTTE PROFESYONELBİLGİ TEKNOLOJİLBAS.YAY.LTD.ŞTİ.,9.245020396271294e-05,0.44897959183673464,7,1,2,5,0.6931471805599453,1.6094379124341003,-9.286871123982074
firm_raw,BAYLAN OTOMASYON SİSTEMLERİ BİLİŞİM MOBİL SANAYİ TİCARET LİMİTED ŞİRKETİ,9.243643977427123e-05,0.421875,16,1,2,2,0.6931471805599453,0.6931471805599453,-9.287019724307614
firm_raw,SİSTEM ARENA KURUMSAL BİLİŞİM VE DANIŞMANLIK HİZMETLERİ ANONİM ŞİRKETİ,9.143551722310347e-05,0.33999999999999986,10,1,2,3,0.6931471805599453,1.0986122886681098,-9.29788546214303
firm_raw,LİV TEKNOLOJİ PAZARLAMA LİMİTED ŞİRKETİ,9.094330822394111e-05,0.5244444444444445,15,2,3,3,1.0986122886681098,1.0986122886681098,-9.303272364768596
firm_raw,SYMTURK BİLGİSAYAR SİSTEM YÖNETİŞİM VE MÜŞAVİRLİK LİMİTED ŞİRKETİ,9.054362292900791e-05,0.430727023319616,27,2,2,2,0.6931471805599453,0.6931471805599453,-9.30766810677907
firm_raw,ALKAN GÜVENLİK TEMİZ İNŞ.GI.TA.SOS.Hİ SAN.VE TİC.LTD.Ş,8.936830827527364e-05,0.29166666666666663,12,2,2,2,0.6931471805599453,0.6931471805599453,-9.320707320439734
firm_raw,TAŞPINAR YAZILIM VE BİLGİ TEKNOLOJİLERİ GIDA İNŞAAT SANAYİ PAZARLAMA TURİZM TİCARET LİMİTED ŞİRKETİ.,8.931182032791947e-05,0.6666666666666667,9,4,7,7,1.9459101490553132,1.9459101490553132,-9.32133831346916
firm_raw,MİX TEKNOLOJİ ANONİM ŞİRKETİ,8.92705984235155e-05,0.3905325443786982,13,2,2,2,0.6931471805599453,0.6931471805599453,-9.321799030094917
firm_raw,PROYA PROFESYONEL YA ZILIM ÇÖZÜM VE D ANI.TİC.LTD.ŞTİ.,8.860451864248647e-05,0.18836565096952906,38,1,2,2,0.6931471805599453,0.6931471805599453,-9.32927304711128
firm_raw,NASA TEKNİK SERVİS BİLGİSAYAR YAZILIM DANIŞMANLIK İNŞAAT GÜVENLİK TİC.VE SAN.LTD.ŞTİ.,8.821512655585363e-05,0.29166666666666663,12,2,4,4,1.3862943611198906,1.3862943611198906,-9.33366839255671
firm_raw,KOÇ BİLGİ VE SAVUNMA TEKNOLOJİLERİ ANONİM ŞİRKETİ,8.820797417506121e-05,0.3912591050988554,31,4,3,5,1.0986122886681098,1.6094379124341003,-9.333749307526697
firm_raw,MATRİS BİLİŞİM TEKNOLOJİLERİ TİCARET ANONİM ŞİRKETİ,8.731555552162615e-05,0.4497041420118344,26,2,2,2,0.6931471805599453,0.6931471805599453,-9.343896972797639
firm_raw,MAVİON BİLİŞİM TEKNOLOJİLERİ SAN.VE TİC.LTD.ŞTİ.,8.536575376354607e-05,0.0,8,2,2,2,0.6931471805599453,0.6931471805599453,-9.366433023097303
firm_raw,SOLENT BİLİŞİM TEKNOLOJİLERİ YAZILIM VE DONANIM ANONİM ŞİRKETİ,7.843300712422843e-05,0.5416666666666666,12,2,2,2,0.6931471805599453,0.6931471805599453,-9.450944908977583
firm_raw,İMS YAZILIM OTOMASYO N SİSTEMLERİ ELEKT.S AN VE TİC.LTD.ŞTİ.,7.84187234814404e-05,0.24489795918367352,7,2,2,2,0.6931471805599453,0.6931471805599453,-9.45112661597831
firm_raw,EKSTREM BİR BİLGİSAYAR DANIŞMANLIK İÇ VE DIŞ TİCARET LİMİTED ŞİRKETİ,7.830902700514119e-05,0.40816326530612246,7,1,3,4,1.0986122886681098,1.3862943611198906,-9.452523203135812
firm_raw,İFOKS BİLİŞİM SAVUNMA TEKNOLOJİLERİ SANAYİ VE TİCARET ANONİM ŞİRKETİ,7.714586631870465e-05,0.5800000000000001,10,3,3,4,1.0986122886681098,1.3862943611198906,-9.467453083618112
firm_raw,BONİTA İNTERNET TEKNOLOJİ TİCARET LİMİTED ŞİRKETİ,7.714531508888663e-05,0.42775510204081624,35,6,3,11,1.0986122886681098,2.3978952727983707,-9.467460212097233
firm_raw,PROBİLİŞİM BİLGİSAYAR VE İLETİŞİM SİST.TİC. LTD. ŞTİ.,7.677897091625522e-05,0.4844290657439445,17,4,3,4,1.0986122886681098,1.3862943611198906,-9.47220903310772
firm_raw,ATOS BİLİŞİM DANIŞMANLIK VE MÜŞTERİ HİZMETLERİ SANAYİ VE TİCARET ANONİM ŞİRKETİ,7.663804587825656e-05,0.6499999999999999,20,1,3,3,1.0986122886681098,1.0986122886681098,-9.47404182941423
firm_raw,IDVLABS YAZILIM VE DANIŞMANLIK HİZMETLERİ ANONİM ŞİRKETİ,7.642779775542806e-05,0.6222222222222222,15,3,3,4,1.0986122886681098,1.3862943611198906,-9.476782464417369
firm_raw,DATNET MÜHENDİSLİK BİLİŞİM DANIŞMANLIK SANAYİ VE TİCARET LİMİTED ŞİRKETİ,7.601477163977552e-05,0.24489795918367352,7,2,2,3,0.6931471805599453,1.0986122886681098,-9.482188329260232
firm_raw,BAŞAR BİLGİSAYAR SİSTEMLERİ VE İLETİŞİM TEKNOLOJİLERİ SANAYİ VE TİCARET LTD ŞTİ,7.569535251339266e-05,0.5733333333333334,30,2,3,3,1.0986122886681098,1.0986122886681098,-9.48638915691295
firm_raw,DUGAN BİLGİSAYAR VE ELK.HİZM.KIRT.SA N.VE TİC.LTD.ŞTİ,7.548800892710281e-05,0.1171875,16,3,3,3,1.0986122886681098,1.0986122886681098,-9.489125503627074
firm_raw,PİKSEL BİLGİ VE İLİTEŞİM SİSTEMLERİ DIŞ TİCARET YAPI ELEMANLARI SANAYİ LTD.ŞTİ.,7.521711899831728e-05,0.7916666666666667,12,3,3,4,1.0986122886681098,1.3862943611198906,-9.492711800396977
firm_raw,EMİTURK ELEKTRONİK SAN.VE TİC.LTD.ŞT,7.296767310749439e-05,0.05124653739612173,38,2,7,7,1.9459101490553132,1.9459101490553132,-9.52299963492214
firm_raw,KAYNAK BİLİŞİM KURUM SAL TİCARET VE SANAY İ A.Ş.,7.176165965084219e-05,0.5679012345679012,9,2,2,3,0.6931471805599453,1.0986122886681098,-9.53962393100955
firm_raw,BİZTEK SİBER GÜVENLİK VE BİLİŞİM TEKNOLOJİLERİ DANIŞMANLIK TİCARET ANONİM ŞİRKETİ,7.129610730001454e-05,0.5408163265306122,14,2,2,2,0.6931471805599453,0.6931471805599453,-9.546116006035902
firm_raw,ETİQA BİLİŞİM HİZMETLERİ ANONİM ŞİRKETİ,7.129610730001454e-05,0.5408163265306122,14,2,2,3,0.6931471805599453,1.0986122886681098,-9.546116006035902
firm_raw,YÖNTEM BİLGİ TEKNOLOJİLERİ ANONİM ŞİRKETİ,7.045778361360505e-05,0.4878892733564013,34,2,3,5,1.0986122886681098,1.6094379124341003,-9.557913684531755
firm_raw,METİS BİLİŞİM YAZILIM DANIŞMANLIK EĞT.VE YAY HİZ TİC LTD ŞTİ,6.769491092119083e-05,0.5777777777777777,15,1,2,3,0.6931471805599453,1.0986122886681098,-9.597811108607527
firm_raw,ŞEHİR BİLİŞİM MÜHENDİSLİK İNŞAAT SANAYİ VE TİCARET LİMİTED ŞİRKETİ,6.736170126406851e-05,0.6875,16,2,2,2,0.6931471805599453,0.6931471805599453,-9.602732208122466
firm_raw,"ENTEGRES BİLİŞİM TEKNOLOJİLERİ LİMİTED ŞİRKETİ, NETRA TELEKOMÜNİKASY ON VE İLETİŞİM HİZ.S AN.TİC.LTD.ŞTİ.",6.226680408369175e-05,0.3203125,16,2,2,2,0.6931471805599453,0.6931471805599453,-9.681159647809018
firm_raw,KORUDATA YAZILIM VE BİLGİ TEKNOLOJİLERİ ANONİM ŞİRKETİ,6.0326672706411895e-05,0.31999999999999984,5,3,4,5,1.3862943611198906,1.6094379124341003,-9.712719906330799
firm_raw,BİLMED BİLGİSAYAR VE YAZILIM ANONİM ŞİRKETİ,5.794622000504867e-05,0.4297520661157025,11,1,6,13,1.791759469228055,2.5649493574615367,-9.752855189693982
firm_raw,FENER TEKNOLOJİ VE BİLİŞİM DANIŞMANLIK ANONİM ŞİRKETİ,5.7212064110538994e-05,0.48,10,1,2,2,0.6931471805599453,0.6931471805599453,-9.765565512186885
firm_raw,AKSİYONER BİLGİ YÖNETİMİ YAZIMIL SİSTEM ORG.EĞİTİM VE DANIŞMANLIK SANAYİ TİCARET LTD ŞTİ,5.5056823532333306e-05,0.7466666666666666,15,2,2,2,0.6931471805599453,0.6931471805599453,-9.803840204200194
firm_raw,GLOBAL FORTE BİLİŞİM TEKNOLOJİLERİ VE DANIŞMANLIK ANONİM ŞİRKETİ,5.48917703204984e-05,0.53125,8,1,2,2,0.6931471805599453,0.6931471805599453,-9.806832657095613
firm_raw,BULUT BİLİŞİM TEKNOLOJİLERİ LİMİTED ŞİRKETİ,5.412222210446975e-05,0.56,5,2,2,3,0.6931471805599453,1.0986122886681098,-9.820904181665535
firm_raw,HUGOTEK BİLİŞİM ÇÖZÜMLERİ ANONİM ŞİRKETİ,5.2470843606942756e-05,0.75,8,1,2,2,0.6931471805599453,0.6931471805599453,-9.851785776066913
firm_raw,BİLİŞİM HARİTA MÜHENDİSLİK İNŞ.TİC.LTD.ŞTİ.,5.245086486681501e-05,0.6390532544378698,13,1,2,2,0.6931471805599453,0.6931471805599453,-9.85216528910878
firm_raw,EFENDİ BİLİŞİM VE MÜHENDİSLİK LİMİTED ŞİRKETİ,5.100324759069337e-05,0.4800000000000001,10,2,2,2,0.6931471805599453,0.6931471805599453,-9.880054535251512
firm_raw,DÜNYA BİLGİSAYAR ELEKTRİK VE İLE.SİSS.VE T.İT.İH.L.Ş,5.014282015144923e-05,0.44628099173553715,11,2,2,2,0.6931471805599453,0.6931471805599453,-9.897007415244026
firm_raw,PBS BİLGİSAYAR ELEKTGÜV.SİST.SAN.VEDIŞ TİC.LTD.ŞTİ.,4.856232027901929e-05,0.5625,8,2,2,2,0.6931471805599453,0.6931471805599453,-9.928916975611461
firm_raw,MORTEN BİLGİ VE İLETİŞİM HİZMETLERİ ANONİM ŞİRKETİ,4.835799341826e-05,0.3742911153119092,23,1,2,3,0.6931471805599453,1.0986122886681098,-9.933117573845307
firm_raw,LACİTEK BİLİŞİM ANONİM ŞİRKETİ,4.797186240229375e-05,0.5185185185185186,9,2,2,2,0.6931471805599453,0.6931471805599453,-9.941104248036098
firm_raw,BİLİŞİM BİLGİSAYAR ELEKTRONİK ENDÜSTRİ VE OFİS OTOMASYON SİSTEMLERİ SANAYİ TİCARET LİMİTED ŞİRKETİ,4.724870165062881e-05,0.640625,16,2,3,7,1.0986122886681098,1.9459101490553132,-9.956235790323392
firm_raw,ALANGOYA BİLGİ TEKNOLOJİLERİ YAZILIM BİLGİSAYAR EĞİTİM DANIŞMANLIK HİZMETLERİ SANAYİ VE TİCARET LİMİTED ŞİRKETİ,4.559458765797553e-05,0.41666666666666663,12,2,2,2,0.6931471805599453,0.6931471805599453,-9.991732567666256
firm_raw,DİJİTAL ARŞİV BELGE BİLGİ TEKNOLOJİLERİ SANAYİ VE TİCARET ANONİM ŞİRKETİ,4.514345018036277e-05,0.4600000000000001,10,1,2,2,0.6931471805599453,0.6931471805599453,-10.001636600792317
firm_raw,MOR YAZILIM HİZMETLERİ VE BİLGİSAYARSİSTEML.LTD.ŞTİ.,4.4345888597595174e-05,0.48,5,2,2,2,0.6931471805599453,0.6931471805599453,-10.01938949236606
firm_raw,PSEUDONYM_334,4.274414334923435e-05,0.0,2,1,6,6,1.791759469228055,1.791759469228055,-10.056023952789909
firm_raw,TİGA BİLİŞİMVE MEDYAHİZMETLERİ LTD ŞTİ,4.262985116932397e-05,0.7410207939508506,23,2,2,3,0.6931471805599453,1.0986122886681098,-10.058690019604816
firm_raw,ATLANTİK BİLGİSAYARİLETİŞİM MED.TU.BÜ.İT.İH.T.LT.ŞT,4.255449383991567e-05,0.4297520661157025,11,2,2,2,0.6931471805599453,0.6931471805599453,-10.060451758612322
firm_raw,PSEUDONYM_411,4.10559472184928e-05,0.31999999999999984,5,2,3,3,1.0986122886681098,1.0986122886681098,-10.096145886023582
firm_raw,MOREUM BİLİŞİM TEKNOLOJİLERİ A.Ş.,4.0677445800976426e-05,0.698961937716263,17,1,3,4,1.0986122886681098,1.3862943611198906,-10.105366687891927
firm_raw,EGE BİMTES BİLGİ İŞLEM MAKİNALARI TEKNİK SERVİS SANAYİ VE TİCARET LİMİTED ŞİRKETİ,4.0577536443902545e-05,0.48,5,1,2,2,0.6931471805599453,0.6931471805599453,-10.107814864030116
firm_raw,PSEUDONYM_614,4.010859535833503e-05,0.7222222222222222,12,3,3,3,1.0986122886681098,1.0986122886681098,-10.119386555394344
firm_raw,AVE BİLİŞİM YAZILIM DANIŞMANLIK TAAHHÜT İÇ VE DIŞ TİCARET ANONİM ŞİRKETİ,3.984625842236261e-05,0.49555555555555564,30,2,2,4,0.6931471805599453,1.3862943611198906,-10.125918927225682
firm_raw,VEKTORA BİLİŞİM TEKNOLOJİLERİ A.Ş.,3.766614910651417e-05,0.47165532879818595,21,1,2,2,0.6931471805599453,0.6931471805599453,-10.181922170917673
firm_raw,KARDELEN BİLİŞİM TEKNOLOJİLERİ SANAYİ VE TİCARET LİMİTED ŞİRKETİ,3.670394136202481e-05,0.0,4,3,5,5,1.6094379124341003,1.6094379124341003,-10.20767359872253
firm_raw,ALPATA TEKNOLOJİ YAZILIM VE BİLİŞİM HİZMETLERİ SANAYİ VE TİCARET ANONİM ŞİRKETİ,3.4503830966517185e-05,0.5925925925925926,18,2,2,2,0.6931471805599453,0.6931471805599453,-10.269172399582715
firm_raw,DETAY DANIŞMANLIK BİLGİS.HİZM.SAN.VEDIŞ TİC.A.Ş.,3.2994355181039666e-05,0.4027777777777778,12,2,2,2,0.6931471805599453,0.6931471805599453,-10.313665931575967
firm_raw,NEXTNORMAL TEKNOLOJİ VE YAZILIM GELİŞTİRME TİCARET LİMİTED ŞİRKETİ,3.2994355181039666e-05,0.4027777777777778,12,1,2,2,0.6931471805599453,0.6931471805599453,-10.313665931575967
firm_raw,MEGA TEKNİK KAĞIT SANAYİ VE GIDA ÜRÜNLERİ TİCARET LİMİTED ŞİRKETİ,3.2083410406572026e-05,0.0,6,2,2,2,0.6931471805599453,0.6931471805599453,-10.341507386043881
firm_raw,PSEUDONYM_284,2.9991646385578574e-05,0.18106139438085334,31,3,2,6,0.6931471805599453,1.791759469228055,-10.408533736998
firm_raw,SELEVRE BİLİŞİM ORĞ.HİZ.DANŞ.SAN.LTDŞTİ.,2.9991646385578574e-05,0.18106139438085334,31,3,2,4,0.6931471805599453,1.3862943611198906,-10.408533736998
firm_raw,BES TEKNOLOJİ ELEKTRİK ELEKTRONİK GÜVENLİK SİSTEMLERİ SAN.VE TİC.LTD.ŞTİ.,2.9722950480675717e-05,0.5619834710743802,11,1,2,9,0.6931471805599453,2.1972245773362196,-10.417478538458564
firm_raw,DİYARBAKIR DEMİRCİOĞLU BİLGİSAYAR SİSTEMLERİ ELEKTRİK ELEKTRONİK NAKLİYAT GIDA TEMİZLİK İTHALAT İHRACAT SANAYİ TİCARET LİMİTED ŞİRKETİ,2.944608569330398e-05,0.49382716049382713,9,2,2,2,0.6931471805599453,0.6931471805599453,-10.426779745995011
firm_raw,ÜNİ-PA ÜNİVERSİTE PA ZARLAMA VE BİLG İNTER TİC A Ş,2.924612932115717e-05,0.75,12,2,3,3,1.0986122886681098,1.0986122886681098,-10.433551447133961
firm_raw,İNTER BİLGİSAYAR ELE KTRİK ELEKT.SAN. DIŞ.TİC.LTD.ŞTİ.,2.908793787571266e-05,0.4999999999999999,14,2,2,2,0.6931471805599453,0.6931471805599453,-10.438941421588373
firm_raw,PSEUDONYM_509,2.813061683150046e-05,0.44897959183673464,7,2,4,4,1.3862943611198906,1.3862943611198906,-10.472194594254438
firm_raw,NETSERVİS BİLGİSAYAR SİSTEMLERİ TİCARET A.Ş.,2.7420021218591735e-05,0.7222222222222222,12,2,2,2,0.6931471805599453,0.6931471805599453,-10.497612904262537
firm_raw,EYÖNTEM EĞİTİM VE DANIŞMANLIK ANONİM ŞİRKETİ,2.635240829326875e-05,0.44628099173553715,11,2,3,3,1.0986122886681098,1.0986122886681098,-10.537059241859096
firm_raw,6A BİLİŞİM HİZMETLERİ ANONİM ŞİRKETİ,2.56309422906696e-05,0.25765306122448983,28,2,2,2,0.6931471805599453,0.6931471805599453,-10.564625301940264
firm_raw,AY ELEKTRONİK BİLGİS AYAR VE MÜH.HİZ. TİC.LTD.ŞTİ.,2.550972938909703e-05,0.21875,8,2,9,17,2.1972245773362196,2.833213344056216,-10.569332137163606
firm_raw,ORATECH BİLİŞİM DANIŞMANLIK PAZARLAMA HİKMETLERİ SANAYİ VE TİCARET LİMİTED ŞİRKETİ,2.5159126112373644e-05,0.04759071980963725,41,2,2,3,0.6931471805599453,1.0986122886681098,-10.583072521012921
firm_raw,ALTİVA YAZILIM VE BİLGİ SİSTEMLERİ ELEKTRONİK TIBBİ MALZEME TURİZM İNŞAAT MAKİNA BANAYİ TİCARET LİMİTED ŞIRKETİ,2.5044214195790935e-05,0.0,3,1,8,8,2.0794415416798357,2.0794415416798357,-10.587617392402938
firm_raw,PSEUDONYM_310,2.4714601002503672e-05,0.33999999999999986,10,1,2,3,0.6931471805599453,1.0986122886681098,-10.600769678554284
firm_raw,TELESKOP YAZILIM TEKNOLOJİLERİ ANONİM ŞİRKETİ,2.4174639823120954e-05,0.59375,8,1,2,2,0.6931471805599453,0.6931471805599453,-10.62269625912643
firm_raw,PSEUDONYM_307,2.3739420158135904e-05,0.65625,8,3,2,4,0.6931471805599453,1.3862943611198906,-10.640726277311845
firm_raw,CAN EROĞLU BİLGİ SİSTEMLERİ İNŞAAT SANAYİ VE TİCARET LİMİTED ŞİRKETİ,2.3712495742575147e-05,0.6399999999999999,5,2,4,7,1.3862943611198906,1.9459101490553132,-10.641852435787948
firm_raw,YORDAM BİLGİ TEKNOLOJİ DANIŞMANLIK EĞİTİM VE ELEKTRONİK SİSTEMLERİ SANAYİ TİCARET LİMİTED ŞİRKETİ,2.132383613648723e-05,0.78125,8,2,2,3,0.6931471805599453,1.0986122886681098,-10.747175108070534
firm_raw,DARENDELİ TEKNOLOJİ SANAYİ VE TİCARET ANONİM ŞİRKETİ,2.1038400221318117e-05,0.628099173553719,11,1,2,2,0.6931471805599453,0.6931471805599453,-10.760536311647432
firm_raw,GENPRO BİLGİSAYAR VEYAZILIM HİZM.LTD.ŞTİ.,1.9347960038090264e-05,0.0,5,2,4,5,1.3862943611198906,1.6094379124341003,-10.843548632531844
firm_raw,BEKAD BİLİŞİM EĞİTİM KÜLTÜR ARAŞTIRMA DERNEĞİ-İKTİSADİ İŞLETMESİ,1.8661254728498473e-05,0.44897959183673464,7,1,2,2,0.6931471805599453,0.6931471805599453,-10.879342875144157
firm_raw,ABİSENA BİLGİ TEKNOLOJİLERİ ANONİM ŞİRKETİ,1.8225430924431398e-05,0.4444444444444444,6,1,12,16,2.4849066497880004,2.772588722239781,-10.902743147951151
firm_raw,AYS ELEKTRONİK BELGE YÖNETİM SİSTEMLERİ TİCARET LİMİTED ŞİRKETİ,1.7067360761191826e-05,0.37869822485207094,13,1,2,2,0.6931471805599453,0.6931471805599453,-10.9677216292413
firm_raw,BG-TEK BİLİŞİM GÜVENLİK TEKNOLOJİLERİ ULUSLAR ARASI EĞİTİM DANIŞMANLIĞI BİLGİSAYAR ELEKTRONİK GÜVENLİK SİSTEMLERİ İTHALAT İHRACAT SANAYİ VE TİCARET LİMİTED ŞİRKETİ,1.638155659290502e-05,0.2585034013605443,21,1,2,2,0.6931471805599453,0.6931471805599453,-11.008291245541988
firm_raw,MEYSA TEKNİK TAAHHÜT MÜHENDİSLİK PROJE İNŞAAT EĞİTİM VE ÖĞRETİM HİZMETLERİ LİMİTED ŞİRKETİ,1.6238367223069135e-05,0.0,6,2,2,2,0.6931471805599453,0.6931471805599453,-11.01697354767754
firm_raw,TIPPLUS YAZILIM VE BİLİŞİM TEKNOLOJİLERİ ANONİM ŞİRKETİ,1.457373845776282e-05,0.72,5,1,8,10,2.0794415416798357,2.302585092994046,-11.123862320200004
firm_raw,TEKNO SERHATOĞLU BİLGİSAYAR SANAYİ VE TİCARET LİMİTED ŞİRKETİ,1.3799743710782294e-05,0.4444444444444444,3,2,3,4,1.0986122886681098,1.3862943611198906,-11.177741021504119
firm_raw,BİVENT YAZILIM ANONİM ŞİRKETİ,1.2432394677916523e-05,0.8055555555555556,12,1,2,2,0.6931471805599453,0.6931471805599453,-11.280653031635454
firm_raw,GÜNCEL MEVZUATI ARAŞTIRMA VE EĞİTİM DERNEĞİ İKTİSADİ İŞLETMESİ,1.2257417599588491e-05,0.48,5,1,2,2,0.6931471805599453,0.6931471805599453,-11.294621092535401
firm_raw,SEREL BİLGİ İŞLEM MALZEMELERİ SANAYİVE TİC.LTD.ŞTİ.,1.200341806914034e-05,0.0,9,1,3,3,1.0986122886681098,1.0986122886681098,-11.315250965234304
firm_raw,PRESTİJ BİLGİSAYAR S TIBBİ MALZ. ELKT SAN. VE TİC. LTD,1.1698984088591807e-05,0.0,4,1,6,6,1.791759469228055,1.791759469228055,-11.34055131350787
firm_raw,ALYAMİN ENERJİ BİLİŞİM SİSTEMLERİ TAAHHÜT SANAYİ VE DIŞ TİCARET LİMİTED ŞİRKETİ,1.1518370758666815e-05,0.31999999999999984,5,1,2,4,0.6931471805599453,1.3862943611198906,-11.355869619431308
firm_raw,SYBASE YAZILIM ÜRÜNLERİ VE BİLİŞİM HİZMETLERİ LİMİTED ŞİRKETİ,1.0892302990518483e-05,0.7777777777777778,12,1,3,4,1.0986122886681098,1.3862943611198906,-11.410861617204
firm_raw,ŞAHİNOĞLU BİLGİSAYARİNŞAAT KIRTASİYESAN.VE TİC.LTD.Ş,1.0623487203848872e-05,0.6399999999999999,5,3,3,4,1.0986122886681098,1.3862943611198906,-11.435434379814483
firm_raw,APAZ MEDİKAL ÜRÜN VE BİLİŞİM PROĞRAMLAMA SANAYİ TİCARET LİMİTED ŞİRKETİ,8.891525135011444e-06,0.4444444444444444,3,1,3,4,1.0986122886681098,1.3862943611198906,-11.610123393817114
firm_raw,TOPSAKAL BİLGİ TEKNOLOJİLERİ EMLAK İNŞAAT TURİZM OTOMOTİV SANAYİ VE TİCARET LİMİTED ŞİRKETİ,8.150985991325377e-06,0.625,4,2,2,2,0.6931471805599453,0.6931471805599453,-11.695260048216815
firm_raw,İNFO KENT ANALİZ BİLGİ Sİ.Bİ.YA.EN.TU.MAİN.SAN.VE TİC.LTD.ŞT,7.933906556686831e-06,0.78,10,1,3,3,1.0986122886681098,1.0986122886681098,-11.721655227631011
firm_raw,SOİTRON SİBER GÜVENLİK SERVİSLERİ ANONİM ŞİRKETİ,6.87044353036108e-06,0.6035502958579881,13,1,2,2,0.6931471805599453,0.6931471805599453,-11.862102542677485
firm_raw,AÇILIM OTOMASYON YAZ ILIM DON.BİLG.İNTERN ET HİZM.TİC.LTD.ŞTİ.,5.9600418366937406e-06,0.0,2,1,3,3,1.0986122886681098,1.0986122886681098,-12.000314447370886
firm_raw,PSEUDONYM_367,5.822165533138785e-06,0.18836565096952906,38,1,2,2,0.6931471805599453,0.6931471805599453,-12.023017304341542
firm_raw,PSEUDONYM_072,4.77412072758583e-06,0.0,9,1,2,2,0.6931471805599453,0.6931471805599453,-12.2148390551559
firm_raw,NEBULA MÜHENDİSLİK İNŞAAT HARİTA SANVE DIŞ TİC LTD Ş,4.570463636379634e-06,0.375,4,1,2,2,0.6931471805599453,0.6931471805599453,-12.256797170051092
firm_raw,ORDİNATRUM BİLİŞİM TEKNOLOJİLERİ VE DANIŞMANLIK ANONİM ŞİRKETİ,4.5111847847236626e-06,0.56,5,1,6,10,1.791759469228055,2.302585092994046,-12.269348268743569
firm_raw,PRODES GRUP BİLGİSAYAR YAZILIM BİLİŞİM İNŞAAT HİZMETLERİ SANAYİ VE TİCARET LİMİTED ŞİRKETİ,4.489854321545188e-06,0.541015625,32,2,2,3,0.6931471805599453,1.0986122886681098,-12.273903383165994
firm_raw,KRESİS KURUMSAL BİLİŞİM HİZMETLERİ SANAYİ VE TİCARET LİMİTED ŞİRKETİ,4.254033935648286e-06,0.4444444444444444,3,2,2,2,0.6931471805599453,0.6931471805599453,-12.325696010521204
firm_raw,BELSOFT BİLİŞİM SİSTEMLERİ SANAYİ VE TİCARET LİMİTED ŞİRKETİ,3.817351968811981e-06,0.0,4,6,16,18,2.772588722239781,2.8903717578961645,-12.429318512639705
firm_raw,EŞKOM BİLGİSAYAR SAN AYİ TİCARET A.Ş.,3.4017907269371655e-06,0.0,7,2,6,6,1.791759469228055,1.791759469228055,-12.539022827427848
firm_raw,SOLVENT KALE BİLİŞİM HİZMETLERİ YAZILIM DANIŞMANLIK İÇ VE DIŞ TİCARET LİMİTED ŞİRKETİ,2.9611811265960347e-06,0.5,2,1,7,7,1.9459101490553132,1.9459101490553132,-12.670199205656155
firm_raw,HAYAT ORMANCILIK SANAYİ VE TİCARET LİMİTED ŞİRKETİ,1.822387889430624e-06,0.0,4,1,3,3,1.0986122886681098,1.0986122886681098,-13.120052709867087
firm_raw,B2M SİSTEM MÜHENDİSLİĞİ İNŞAAT VE TİCARET LTD.ŞTİ.,1.820731342225458e-06,0.7999999999999999,5,2,2,2,0.6931471805599453,0.6931471805599453,-13.120879413439447
firm_raw,DELTOİD ELEKTRONİK SİSTEMLERİ TEKNOLOJİ VE İNŞAAT SANAYİ TİCARET LİMİTED ŞİRKETİ,1.807116628147746e-06,0.6666666666666667,3,2,2,2,0.6931471805599453,0.6931471805599453,-13.127699882708018
firm_raw,PSEUDONYM_362,1.4579103115444993e-06,0.0,4,3,3,3,1.0986122886681098,1.0986122886681098,-13.32072340532924
firm_raw,DABNET BİLİŞİM TEKNOLOJİLERİ VE HİZMETLERİ LİMİTED ŞİRKETİ,4.6124818784609583e-07,0.4444444444444444,3,1,2,2,0.6931471805599453,0.6931471805599453,-14.256364048204908
firm_raw,EKSPERCE BİLGİSAYARVE BİLGİ İŞLEM SAN.VE TİC.LTD.ŞT,3.6447757788612483e-07,0.0,2,1,2,2,0.6931471805599453,0.6931471805599453,-14.419335693997349
firm_raw,BRAVOMED MEDİKAL SAĞLIK ÜRÜNLERİ KARA VE DENİZ ARAÇLARI TARIM SANAYİ TİCARET LİMİTED ŞİRKETİ,3.6447757788612483e-07,0.0,2,1,2,2,0.6931471805599453,0.6931471805599453,-14.419335693997349
firm_raw,TMAAS YAZILIM TEKNOLOJİLERİ SANAYİ VE TİCARET ANONİM ŞİRKETİ,0.0,0.2287968441814595,39,1,1,1,0.0,0.0,-15.517947982665458
firm_raw,BETİMAR ARAŞTIRMA DANIŞMANLIK TELEKOMÜNİKASYON REKLAMCILIK TURİZM SANAYİ VE TİCARET LTD.ŞTİ.,0.0,0.0,2,2,2,2,0.6931471805599453,0.6931471805599453,-15.517947982665458
firm_raw,AEC BİLİŞİM TEKNOLOJİ SANAYİ VE TİCARET LİMİTED ŞİRKETİ,0.0,0.0,2,1,1,1,0.0,0.0,-15.517947982665458
firm_raw,TATAROĞLU MÜHENDİSLİK PROJE İNŞAAT SANAYİ VE TİCARET LİMİTED ŞİRKETİ,0.0,0.375,4,1,1,1,0.0,0.0,-15.517947982665458
firm_raw,BİLGİSER ELEKTRONİK HİZMETLER MAĞAZACILIK OTOMOTİV TURİZM İNŞAAT ORGANİZASYON DANIŞMANLIK İTHALAT VE İHRACAT TİCARET LİMİTED ŞİRKETİ,0.0,0.375,4,1,1,1,0.0,0.0,-15.517947982665458
firm_raw,ADONİS ELEKTRONİK HİZMETLER MAĞAZACILIK OTOMOTİV İNŞAAT ORGANİZASYON TEKSTİL OPTİK LİMİTED ŞİRKETİ,0.0,0.375,4,1,1,1,0.0,0.0,-15.517947982665458
firm_raw,YUNTAŞ TAAHHÜT İNŞAAT SANAYİ VE TİCARET ANONİM ŞİRKETİ,0.0,0.53125,8,2,1,2,0.0,0.6931471805599453,-15.517947982665458
firm_raw,KÖKSAL BİLİŞİM TEKNO LOJİ İLET.ELK.FOTOĞ. SAN.TİC.LTD.ŞTİ.,0.0,0.2287968441814595,39,1,1,1,0.0,0.0,-15.517947982665458
firm_raw,KALLİ TEKNOLOJİ EĞİTİM İNŞAAT SAĞLIK TURİZM GIDA SANAYİ VE TİCARET A.Ş.,0.0,0.2287968441814595,39,1,1,1,0.0,0.0,-15.517947982665458
firm_raw,ENKONET İLETİŞİM HİZMETLERİ SANAYİ VE TİCARET LİMİTED ŞİRKETİ,0.0,0.2287968441814595,39,1,1,1,0.0,0.0,-15.517947982665458
firm_raw,TEKNO OFİS OTOMASYONU LİMİTED ŞİRKETİ,0.0,0.2287968441814595,39,1,1,1,0.0,0.0,-15.517947982665458
firm_raw,TA BA BASIN YAYIN REKLAMCILIK YAZILIM BİLGİSAYAR DANIŞMANLIK SANAYİ VE TİCARET LİMİTED ŞİRKETİ,0.0,0.2287968441814595,39,1,1,1,0.0,0.0,-15.517947982665458
firm_raw,PSEUDONYM_573,0.0,0.2287968441814595,39,1,1,1,0.0,0.0,-15.517947982665458
firm_raw,ONPRO BİLİŞİM DANIŞMANLIK DESTEK VE EĞTİM HİZMETLERİ TİC.AŞ,0.0,0.2287968441814595,39,1,1,1,0.0,0.0,-15.517947982665458
firm_raw,PSEUDONYM_099,0.0,0.5,4,1,1,1,0.0,0.0,-15.517947982665458
firm_raw,MAS İNSAN KAYNAKLARI İNŞAAT TURİZM TEKSTİL SANAYİ VE TİCARET LİMİTED ŞİRKETİ,0.0,0.5625,8,1,1,2,0.0,0.6931471805599453,-15.517947982665458
firm_raw,AHMERA TEMİZLİK YEMEK TAŞIMACILIK MÜHENDİSLİK PEYZAJ BİLGİSAYAR VE ÖZEL SAĞLIK HİZMETLERİ TİCARET VE SANAYİ LİMİTED ŞİRKETİ,0.0,0.0,1,1,1,1,0.0,0.0,-15.517947982665458
firm_raw,ORSABİL BİLİŞİM ELEKTRİK ELEKTRONİK HIRD.SAN.VE TİC.LTD.ŞTİ.,0.0,0.0,6,1,1,1,0.0,0.0,-15.517947982665458
firm_raw,FGA MİMARLIK BİLGİSAYAR ELEKTRONİK İNŞAAT TURİZM SANAYİ VE TİCARET LİMİTED ŞİRKETİ,0.0,0.0,6,1,1,1,0.0,0.0,-15.517947982665458
firm_raw,BESOT MANİSA BELEDİYESİ MÜŞAVİRLİK MÜHENDİSLİK MÜTEAHHİTLİK HİZMETLERİ ULAŞIM TOPLU TAŞIMACILIK SOSYAL TESİSLER İŞLETMECİLİĞİ TURİZM VE ENERJİ SANAYİ VE TİCARET ANONİM ŞİRKETİ,0.0,0.0,6,1,1,1,0.0,0.0,-15.517947982665458
firm_raw,AGROVİSİO TARIM BİLİŞİM SANAYİ VE TİCARET LİMİTED ŞİRKETİ,0.0,0.0,6,1,1,1,0.0,0.0,-15.517947982665458
firm_raw,AGMLAB ARAŞTIRMA GELİŞTİRME MERKEZ LARATUVARI BİLİŞİM TEKNOLOJİLERİ ANONİM ŞİRKETİ,0.0,0.0,2,1,1,1,0.0,0.0,-15.517947982665458
firm_raw,LODOS BİLGİSAYAR YAZILIM DONANIM VE DANIŞMANLIK TURİZM TİCARET LİMİTED ŞİRKETİ,0.0,0.24,15,3,1,4,0.0,1.3862943611198906,-15.517947982665458
firm_raw,HİPERLİNK EĞİTİM İLETİŞİM YAYINCILIK GIDA SAN.PAZ.VE TİC.LTD.ŞTİ.,0.0,0.24,15,1,1,1,0.0,0.0,-15.517947982665458
firm_raw,GO ON BİLİŞİM DANIŞMANLIK SANAYİ VE TİCARET LİMİTED ŞİRKETİ,0.0,0.24,15,1,1,1,0.0,0.0,-15.517947982665458
firm_raw,CEBECİ TEKNOLOJİ SANAYİ VE TİCARET ANONİM ŞİRKETİ,0.0,0.24,15,1,1,1,0.0,0.0,-15.517947982665458
firm_raw,AJANS İLETİŞİM VE TELEKOMÜNİKASYON HİZMETLERİ TİCARET LİMİTED ŞİRKETİ.,0.0,0.24,15,1,1,1,0.0,0.0,-15.517947982665458
firm_raw,PSEUDONYM_678,0.0,0.0,2,1,2,2,0.6931471805599453,0.6931471805599453,-15.517947982665458
firm_raw,AIRCOM TEKNOLOJİ ANONİM.ŞİRKETİ,0.0,0.0,2,1,1,1,0.0,0.0,-15.517947982665458
firm_raw,İSTAR ELEKTRONİK VE BİLİŞİM HİZMETLERİ TİCARET LİMİTED ŞİRKETİ,0.0,0.0,4,1,1,1,0.0,0.0,-15.517947982665458
firm_raw,"SEYRANİ İNSAN KAY.MED.TEM.HİZ.TAAH.SAN.VE TİC.LTD.ŞT, BHM TEMİZLİK İNŞAAT VE MALZEMELERİ NAKLİYE GIDA İTHALAT İHRACAT SANAYİ VE TİCARET LİMİTED ŞİRKETİ İş Ortaklığı",0.0,0.0,8,1,1,1,0.0,0.0,-15.517947982665458
firm_raw,PSEUDONYM_672,0.0,0.0,8,1,1,1,0.0,0.0,-15.517947982665458
firm_raw,TEMA SOFT GRUP BİLİŞİM TEKNOLOJİLERİ TİCARET LİMİTED ŞİRKETİ,0.0,0.5546875,16,1,1,2,0.0,0.6931471805599453,-15.517947982665458
firm_raw,SAAS YAZILIM ANONİM ŞİRKETİ,0.0,0.5546875,16,1,1,1,0.0,0.0,-15.517947982665458
firm_raw,PARANTEZ TEKNOLOJİ BİLİŞİM EĞİTİM REKLAM KIRTASİYE İNŞAAT ENERJİ ELEKTRİK ELEKTRONİK DANIŞMANLIK SANAYİ VE TİCARET LİMİTED ŞİRKETİ,0.0,0.5546875,16,1,1,3,0.0,1.0986122886681098,-15.517947982665458
firm_raw,MATRİSLED ELEKTRİK ELEKTRONİK İNŞAAT TİCARET LİMİTED ŞİRKETİ,0.0,0.5546875,16,1,1,1,0.0,0.0,-15.517947982665458
firm_raw,DEVİNİM YAZILIM DONANIM EĞİTİM DANIŞMANLIK BİLGİSAYAR SİSTEMLERİ TİCARET VE SANAYİ LİMİTED ŞİRKETİ,0.0,0.5546875,16,1,1,3,0.0,1.0986122886681098,-15.517947982665458
firm_raw,AURE YAZILIM BİLİŞİMSANAYİ VE TİCARET LİMİTED ŞİRKETİ,0.0,0.5546875,16,1,1,1,0.0,0.0,-15.517947982665458
firm_raw,AKAY ELEKTRONİK ELEK TRİK TİC.LTD.ŞTİ,0.0,0.5546875,16,1,1,1,0.0,0.0,-15.517947982665458
firm_raw,MAS GRUP ELEKTRONİK SANAYİ VE TİCARET LİMİTED ŞİRKETİ,0.0,0.2551020408163266,14,1,1,1,0.0,0.0,-15.517947982665458
firm_raw,BİLİKOM BİLGİSAYAR KIRTASİYE TEKSTİL SANAYİ VE TİCARET LİMİTED ŞİRKETİ,0.0,0.2551020408163266,14,1,1,1,0.0,0.0,-15.517947982665458
firm_raw,BÜYÜTEÇ İLETİŞİM MEDYA BİLİŞİM LİMİTED ŞİRKETİ,0.0,0.2551020408163266,14,1,1,1,0.0,0.0,-15.517947982665458
firm_raw,ANADOLUNET DİJİTAL YAPI SERVİSLERİ ANONİM ŞİRKETİ,0.0,0.2551020408163266,14,2,1,3,0.0,1.0986122886681098,-15.517947982665458
firm_raw,ADL KURUMSAL HİZMETLERİ ANONİM ŞİRKETİ,0.0,0.2551020408163266,14,1,1,1,0.0,0.0,-15.517947982665458
firm_raw,NARVERİ EĞİTİM BİLİŞİM DANIŞMANLIK YAYINCILIK REKLAM SANAYİ VE TİCARET LİMİTED ŞİRKETİ,0.0,0.2650000000000001,20,1,1,1,0.0,0.0,-15.517947982665458
firm_raw,EKSPAR OTOMOTİV BİLİŞİM HİZMETLERİ ANONİM ŞİRKETİ,0.0,0.2650000000000001,20,1,1,1,0.0,0.0,-15.517947982665458
firm_raw,DTEK BİLİŞİM SİSTEM VE ÇÖZÜMLERİ SANAYİ TİCARET LİMİTED ŞİRKETİ,0.0,0.2650000000000001,20,1,1,1,0.0,0.0,-15.517947982665458
firm_raw,DATAPRİME BİLGİ TEKNOLOJİLERİ ANONİM ŞİRKETİ,0.0,0.47337278106508884,13,2,3,3,1.0986122886681098,1.0986122886681098,-15.517947982665458
firm_raw,BİLGE ELEKTRONİK BİLVE ENDÜS.SİS.GIDKAF.H.S.T.LTD.ŞT,0.0,0.2650000000000001,20,1,1,1,0.0,0.0,-15.517947982665458
firm_raw,AKADEMİ İLERİ TEKNOLOJİ SAVUNMA SANAYİ TİCARET LİMİTED ŞİRKETİ,0.0,0.6666666666666667,3,1,2,2,0.6931471805599453,0.6931471805599453,-15.517947982665458
firm_raw,AK TEKNİK VE ELEKTRONİK SAN.TİC.LTD.ŞTİ.,0.0,0.0,1,1,1,1,0.0,0.0,-15.517947982665458
firm_raw,TEDERGA BİLİŞİM HİZMETLERİ LİMİTED ŞİRKETİ,0.0,0.24,15,1,1,1,0.0,0.0,-15.517947982665458
firm_raw,SAMYELİ LOJİSTİK SANAYİ TİCARET LİMİTED ŞİRKETİ,0.0,0.24,15,2,1,3,0.0,1.0986122886681098,-15.517947982665458
firm_raw,PSEUDONYM_620,0.0,0.24,15,1,1,1,0.0,0.0,-15.517947982665458
firm_raw,PSEUDONYM_396,0.0,0.24,15,1,1,1,0.0,0.0,-15.517947982665458
firm_raw,PROCORE BİLİŞİM SANAYİ VE DIŞ TİCARET LİMİTED ŞİRKETİ,0.0,0.24,15,1,1,1,0.0,0.0,-15.517947982665458
firm_raw,MİRZA ÖZEL SAĞLIK HİZMETLERİ İNŞAAT TEMİZLİK BİLİŞİM OTOMOTİV SAN.VE TİC.LTD.ŞTİ.,0.0,0.24,15,1,1,1,0.0,0.0,-15.517947982665458
firm_raw,ARK BİLİŞİM MEDİKAL SANAYİ VE TİCARET LİMİTED ŞİRKETİ,0.0,0.4355555555555557,15,1,3,6,1.0986122886681098,1.791759469228055,-15.517947982665458
firm_raw,AKDENİZ TEMİZLİK GIDA ELEKTRONİK MAKİNE TEKNİK SERVİS HİZMETLERİ SANAYİ VE TİCARET LİMİTED ŞİRMETİ,0.0,0.0,1,1,1,1,0.0,0.0,-15.517947982665458
firm_raw,PSEUDONYM_360,0.0,0.0,4,1,1,1,0.0,0.0,-15.517947982665458
firm_raw,MAKROEM BİLGİSAYAR ELEKTRONİK PAZARLAMA İTHALAT İHRACAT MEDİKAL VE İNŞAAT SANAYİ TİCARET LİMİTED ŞİRKETİ,0.0,0.0,4,1,1,1,0.0,0.0,-15.517947982665458
firm_raw,AKDAMAR SAĞLIK ÜRÜNLERİ ELEKTRİK İNŞAAT TEMİZLİK SANAYİ VE TİCARET LİMİTED ŞİRKETİ,0.0,0.0,4,1,1,1,0.0,0.0,-15.517947982665458
firm_raw,GEMİNİ BİLGİ TEKNOLOJİLERİ ANONİM ŞİRKETİ,0.0,0.56,5,2,2,3,0.6931471805599453,1.0986122886681098,-15.517947982665458
firm_raw,AKBİLGE BİLİŞİM TEKNOLOJİLERİ SANAYİ TİCARET A.Ş.,0.0,0.56,5,1,1,1,0.0,0.0,-15.517947982665458
firm_raw,ANKARA NETSE İLETİŞİM TEKNOLOJİ YAZILIM SANAYİ TİCARET LİMİTED ŞİRKETİ,0.0,0.0,1,1,1,1,0.0,0.0,-15.517947982665458
firm_raw,PLUS BİLGİSAYAR İLETİŞİM SİSTEMLERİELEK.SN.TC.LT.ŞT,0.0,0.0,1,1,2,2,0.6931471805599453,0.6931471805599453,-15.517947982665458
firm_raw,AKFA TEKNOLOJİ SES VE GÖRÜNTÜ SİSTEMLERİ SANAYİ VE TİCARET A.Ş.,0.0,0.0,1,1,1,1,0.0,0.0,-15.517947982665458
firm_raw,ANATOLİA BİLGİSAYAR DESTEK HİZMETLERİ BİLİŞİM DANIŞMANLIK SANAYİ VE TİCARET LİMİTED ŞİRKETİ,0.0,0.4600000000000001,10,1,1,1,0.0,0.0,-15.517947982665458
firm_raw,MECHSOFT BİLGİ VE İLETİŞİM TEKNOLOJİLERİ TİCARET ANONİM ŞİRKETİ,0.0,0.4591836734693877,14,1,1,1,0.0,0.0,-15.517947982665458
firm_raw,LABİRENT BİNA OTOMAS YON VE ELEKT.SİS .TİC.LTD.ŞTİ.,0.0,0.4591836734693877,14,1,1,1,0.0,0.0,-15.517947982665458
firm_raw,HORİZON BİLGİ TEKNOLOJİLERİ HABERLEŞME KIRTASİYE İNŞAAT GIDA DANIŞMANLIK İTHALAT İHRACAT SANAYİ VE TİCARET LİMİTED ŞİRKETİ,0.0,0.5138888888888888,12,1,1,1,0.0,0.0,-15.517947982665458
firm_raw,YUNTAŞ BETON ELEMANLARI ASFALT İNŞAAT SANAYİ VE TİCARET ANONİM ŞİRKETİ,0.0,0.53125,8,2,1,2,0.0,0.6931471805599453,-15.517947982665458
firm_raw,REMO BİLİŞİM TEKNOLOJİLERİ TİCARET LİMİTED ŞİRKETİ,0.0,0.53125,8,1,1,1,0.0,0.0,-15.517947982665458
firm_raw,MAYEB ORGANİZASYON İNŞAAT TAAHHÜT GIDA ULAŞIM TEMİZLİK EĞİTİM BİLİŞİM AKARYAKIT REKLAM TURİZM SAĞLIK HİZMETLERİ SANAYİ VE TİCARET ANONİM ŞİRKETİ,0.0,0.53125,8,1,1,1,0.0,0.0,-15.517947982665458
firm_raw,ADM ARGE VE DANIŞMANLIK HİZMETLERİ SANAYİ TİCARET LİMİTED ŞİRKETİ,0.0,0.53125,8,1,1,2,0.0,0.6931471805599453,-15.517947982665458
firm_raw,VİSİOSOFT TEKNOLOJİ ANONİM ŞİRKETİ,0.0,0.2551020408163266,14,1,1,1,0.0,0.0,-15.517947982665458
firm_raw,SELEVRE BİLİŞİM ORGANİZASYON HİZMETLERİ DANIŞMANLIK SANAYİ VE TİCARET LİMİTED ŞİRKETİ,0.0,0.2551020408163266,14,1,1,1,0.0,0.0,-15.517947982665458
firm_raw,SUBNET ELEKTRONİK ALTYAPI SİSTEMLERİTİC.LTD.ŞTİ.,0.0,0.40362811791383235,21,1,1,1,0.0,0.0,-15.517947982665458
firm_raw,DATASERV BİLİŞİM TE KNOLOJ.SINAİ EKİ PMAN VE TİC.A.Ş.,0.0,0.40362811791383235,21,1,1,1,0.0,0.0,-15.517947982665458
firm_raw,COMPAREX TURKEY BİLİŞİM TEKNOLOJİLERİ TİC.A.Ş.,0.0,0.40362811791383235,21,1,1,1,0.0,0.0,-15.517947982665458
firm_raw,AYFORM OFSET KAĞITÇILIK AMBALAJ MALZEMELERİ ELEKTRİK ELEKTRONİK MATBAACILIK İNŞAAT TAAHHÜT MÜHENDİSLİK İMALAT SANAYİ VE TİCARET LTD.ŞTİ.,0.0,0.40362811791383235,21,1,1,1,0.0,0.0,-15.517947982665458
firm_raw,AKER BÜRO MAK. BİL. KIRTASİYE GIDA İNŞ. PROJE VE SAN. TİC. LTD.ŞTİ.,0.0,0.40362811791383235,21,1,1,1,0.0,0.0,-15.517947982665458
firm_raw,MAKRO TEMİZLİK OTOMASYON BİLGİ İŞLEM ORGANİZASYON SANAYİ VE TİCARET LİMİTED ŞİRKETİ,0.0,0.4355555555555557,15,1,1,1,0.0,0.0,-15.517947982665458
firm_raw,ASMİN SOSYAL HİZMETLER ÖZEL EĞİTİM GIDAİ NŞAAT İNSAN KAYNAKLARI VE TAAHHÜT NAKLİYE SANAYİ VE TİCARET LİMİTED ŞİRKETİ,0.0,0.4355555555555557,15,1,1,1,0.0,0.0,-15.517947982665458
firm_raw,KAYACI BİLGİSAYAR GÜVENLİK OTOMASYON SİSTEMLERİ ELEKTRONİK GIDA İNŞAAT TAAHÜT İTHALAT İHRACAT SANAYİ VE TİCARET LİMİTED ŞİRKETİ,0.0,0.2777777777777777,6,1,3,5,1.0986122886681098,1.6094379124341003,-15.517947982665458
firm_raw,HMH TEKSTİL MEDİKAL İNŞAAT SANAYİ VE Tİ.LTD.ŞTİ.,0.0,0.0,1,1,1,1,0.0,0.0,-15.517947982665458
firm_raw,"GÜ-PA GIDA İNŞAAT TAAHHÜT BİLGİ İŞLEM MEDİKAL ÇAY ORMAN ÜRÜNLERİ TEMİZLİK TURİZM DIŞ TİCARET LİMİTED ŞİRKETİ, SİLPAK GENEL TEM.HİZ M.GIDA İNŞ.MALZ.SAN. PAZ.İTH.İHR.LTD.ŞTİ.",0.0,0.0,1,1,1,1,0.0,0.0,-15.517947982665458
firm_raw,"ENTEGRES BİLİŞİM TEKNOLOJİLERİ LİMİTED ŞİRKETİ, İNSPİRİT BİLGİ TEKNOLOJİLERİ YAZILIM DANIŞMANLIK TİC.LTD.ŞTİ Ortak Girişimi",0.0,0.0,2,1,1,1,0.0,0.0,-15.517947982665458
firm_raw,"CAN EROĞLU BİLGİ SİSTEMLERİ İNŞAAT SANAYİ VE TİCARET LİMİTED ŞİRKETİ, ELEKTROTEL TELEKOM ELEKTRONİK TURİZM İNŞAAT GIDA SANAYİ VE TİCARET LİMİTED ŞİRKETİ Ortak Girişimi",0.0,0.2777777777777777,6,1,1,1,0.0,0.0,-15.517947982665458
firm_raw,PSEUDONYM_635,0.0,0.625,4,1,1,1,0.0,0.0,-15.517947982665458
firm_raw,PSEUDONYM_585,0.0,0.0,1,1,1,1,0.0,0.0,-15.517947982665458
firm_raw,PSEUDONYM_342,0.0,0.0,1,1,1,1,0.0,0.0,-15.517947982665458
firm_raw,PSEUDONYM_309,0.0,0.0,4,1,1,1,0.0,0.0,-15.517947982665458
firm_raw,ADEKS BİLGİSAYAR VE ELEKTRONİK HİZM. TİC.LTD.ŞTİ.,0.0,0.0,1,1,2,2,0.6931471805599453,0.6931471805599453,-15.517947982665458
firm_raw,İNOSYS TEKNOLOJİ VE MÜHENDİSLİK LİMİTED ŞİRKETİ,0.0,0.24489795918367352,7,1,1,1,0.0,0.0,-15.517947982665458
firm_raw,REMAP TEKNOLOJİ ÇÖZÜMLERİ ANONİM ŞİRKETİ,0.0,0.24489795918367352,7,1,1,1,0.0,0.0,-15.517947982665458
firm_raw,ENOSİM MÜHENDİSLİK VE DANIŞMANLIK ENERJİ OTOMASYON SİSTEMLERİ TAAHHÜT SANAYİ TİCARET LİMİTED ŞİRKETİ,0.0,0.24489795918367352,7,1,1,1,0.0,0.0,-15.517947982665458
firm_raw,ADATECH OTOMASYON VE BİLİŞİM SİSTEMLERİ İNŞAAT SANAYİ DIŞ TİCARET LİMİTED ŞİRKETİ,0.0,0.24489795918367352,7,1,1,1,0.0,0.0,-15.517947982665458
firm_raw,VERİTİM VERİ İLETİŞİMİ TELEKOM.BİLG.TEK.SAN.T.LTD.ŞT,0.0,0.7448979591836735,14,1,1,1,0.0,0.0,-15.517947982665458
firm_raw,ADER TEKNOLOJİ İNŞAAT TURİZM GIDA SANAYİ VE TİCARET LİMİTED ŞİRKETİ,0.0,0.375,4,1,1,1,0.0,0.0,-15.517947982665458
firm_raw,YONCA TEKNOLOJİ MÜHENDİSLİK VE ELEKTRONİK HİZ.LTD.ŞT,0.0,0.5138888888888888,12,1,1,2,0.0,0.6931471805599453,-15.517947982665458
firm_raw,TCDD TEKNİK MÜHENDİSLİK VE MÜŞAVİRLİK ANONİM ŞİRKETİ,0.0,0.4591836734693877,14,1,1,1,0.0,0.0,-15.517947982665458
firm_raw,ORGANİK İNSAN KAYNAKLARI DANIŞMANLIK HİZMETLERİ LİMİTED ŞİRKETİ,0.0,0.5138888888888888,12,1,1,1,0.0,0.0,-15.517947982665458
firm_raw,PSEUDONYM_150,0.0,0.0,2,1,1,1,0.0,0.0,-15.517947982665458
firm_raw,ORTA KARADENİZ SAĞLI K GID.İNŞ.NAK.BİL.TE HZ.TC.LTD.ŞTİ.,0.0,0.0,2,1,1,1,0.0,0.0,-15.517947982665458
firm_raw,MİKRODATA BİLİŞİM TE KNOLOJİLERİ İMAL SAN.VE TİC.LTD.Ş,0.0,0.0,2,1,5,6,1.6094379124341003,1.791759469228055,-15.517947982665458
firm_raw,MAH ZEN GRUP İNŞAAT BİLGİSAYAR TEMİZLİK İTHALAT İHRACAT SANAYİ VE TİCARET LİMİTED ŞİRKETİ,0.0,0.0,7,1,1,1,0.0,0.0,-15.517947982665458
firm_raw,SOTECH BİLGİ TEKNOLOJİLERİ LİMİTED ŞİRKETİ,0.0,0.4970414201183433,13,1,1,1,0.0,0.0,-15.517947982665458
firm_raw,LPS ENERJİ VE BİLİŞİM TEKNOLOJİLERİ SANAYİ TİCARET LİMİTED ŞİRKETİ,0.0,0.4970414201183433,13,1,1,1,0.0,0.0,-15.517947982665458
firm_raw,FITAY IT DANIŞMANLIK BİLİŞİM SİSTEMLERİ LİMİTED ŞİRKETİ,0.0,0.4970414201183433,13,1,1,1,0.0,0.0,-15.517947982665458
firm_raw,EPRA ELEKTRİK ENERJİ İNŞAAT VE TİCARET LİMİTED ŞİRKETİ,0.0,0.4970414201183433,13,1,1,1,0.0,0.0,-15.517947982665458
firm_raw,ENDOKS ENERJİ DAĞITI M SİST.SAN.İTH.V E İHR.LTD.ŞTİ.,0.0,0.4970414201183433,13,1,1,1,0.0,0.0,-15.517947982665458
firm_raw,BORDOTEK BİLGİSAYAR YAZ.EL.TE.DA.VE S.T.S.VE T.LTD.Ş,0.0,0.31999999999999984,10,1,1,1,0.0,0.0,-15.517947982665458
firm_raw,ALLGEIER BİLGİ İŞLEM SİSTEM.DANIŞ.VE TİC.LTD.ŞTİ.,0.0,0.7448979591836735,14,1,1,1,0.0,0.0,-15.517947982665458
firm_raw,ERB TEKNOLOJİ VE BİLİŞİM HİZMETLERİ SANAYİ VE TİCARET ANONİM ŞİRKETİ,0.0,0.4800000000000001,10,1,1,1,0.0,0.0,-15.517947982665458
firm_raw,AKILCI BİLİŞİM ÇÖZÜMLERİ VE DANIŞMANLIK ANONİM ŞİRKETİ,0.0,0.4970414201183433,13,1,1,1,0.0,0.0,-15.517947982665458
firm_raw,ÇAĞDAŞ MÜTEAHHİTLİK VE İNŞAAT TEMİZLİK TAAHHÜT HİZMETLERİ GIDA SANAYİ TİCARET LİMİTED ŞİRKETİ,0.0,0.375,8,1,2,2,0.6931471805599453,0.6931471805599453,-15.517947982665458
firm_raw,VİTAMİN YAZILIM BİLİ HİZ.TAAH.EĞİT.SAĞLIK SAN.TİC.LTD.ŞTİ.,0.0,0.0,2,1,1,1,0.0,0.0,-15.517947982665458
firm_raw,VADORA VERİ ARŞİV DÖ KÜMAN RAP.SİS.Bİ L.EĞ.YAZ.DN.T.L.,0.0,0.0,2,1,1,1,0.0,0.0,-15.517947982665458
firm_raw,TELSAN İLETİŞİM ELEKTRİK BİLİŞİM YAZILIM PERSONEL SERVİS VE TELEKOMÜNİKASYON HİZMETLERİ İNŞAAT TAAHHÜT TİCARET LİMİTED ŞİRKETİ,0.0,0.0,3,1,1,1,0.0,0.0,-15.517947982665458
firm_raw,AKROPOL PROJE MİMARLIK MÜHENDİSLİK SANAYİ VE TİCARET LİMİTED ŞİRKETİ,0.0,0.0,3,1,1,1,0.0,0.0,-15.517947982665458
firm_raw,AKPINAR BİLİŞİM HİZMETLERİ SAN VE TİC LTD ŞTİ,0.0,0.0,1,1,1,1,0.0,0.0,-15.517947982665458
firm_raw,DENGE ELEKTRONİK SAN AYİ VE TİCARET L TD.ŞTİ.,0.0,0.0,4,2,2,2,0.6931471805599453,0.6931471805599453,-15.517947982665458
firm_raw,AKKOR YAPI MALZEMELERİ İNŞAAT ELEKTRİK ELEKTRONİK ISITMA SİSTEMLERİ SANAYİ VE TİCARET LİMİTED ŞİRKETİ,0.0,0.0,4,1,1,1,0.0,0.0,-15.517947982665458
firm_raw,"AKINCILAR TESİS YÖNE DAN.SOS.HİZM.İNŞ.TAŞ GID.SAN.VE TİC.LTD.Ş, AYS GRUP TEMİZLİK TURİZM SOSYAL HİZMETLER OTOPARK İŞLETMECİLİĞİ DANIŞMANLIK TAŞIMACILIK TİCARET LİMİTED ŞİRKETİ. İş Ortaklığı",0.0,0.0,2,1,1,1,0.0,0.0,-15.517947982665458
firm_raw,PRODROM BİLİŞİM TEKNOLOJİLERİ LTD.ŞTİ,0.0,0.2777777777777777,6,2,2,2,0.6931471805599453,0.6931471805599453,-15.517947982665458
firm_raw,AKIN GÜVENLİK SİSTEMLERİ BİLGİSAYAR İNŞAAT MADENCİLİK SANAYİ VE TİCARET LİMİTED ŞİRKETİ,0.0,0.2777777777777777,6,1,1,1,0.0,0.0,-15.517947982665458
firm_raw,TS OTOMASYON BİLİŞİM ELEKTRİK SANAYİ VE TİCARET LİMİTED ŞİRKETİ,0.0,0.4970414201183433,13,1,1,1,0.0,0.0,-15.517947982665458
firm_raw,AKSİYON TEKNOLOJİ HİZMETLERİ TİCARET LİMİTED ŞİRKETİ,0.0,0.045429962141698255,43,1,1,1,0.0,0.0,-15.517947982665458
firm_raw,ZXCORE BİLGİ TEKNOLOJİLERİ ANONİM ŞİRKETİ,0.0,0.0,5,1,1,1,0.0,0.0,-15.517947982665458
firm_raw,TÜRKOM HABERLEŞME TE K.ELEK.ELEKT.PR.MÜ.İ N.SA.TİC.LTD.ŞTİ.,0.0,0.0,5,1,2,2,0.6931471805599453,0.6931471805599453,-15.517947982665458
firm_raw,QBITWISE TEKNOLOJİ VE BİLİŞİM ANONİM ŞİRKETİ,0.0,0.0,5,1,1,1,0.0,0.0,-15.517947982665458
firm_raw,DİGİTAL DREAM INFORMATİON TEKNOLOJİ BİLİŞİM VE TİCARET LİMİTED ŞİRKETİ,0.0,0.0,5,1,1,1,0.0,0.0,-15.517947982665458
firm_raw,BİTE BİLİŞİM TEKNOLOJİLERİ SANAYİ VE TİCARET ANONİM ŞİRKETİ,0.0,0.0,5,1,1,1,0.0,0.0,-15.517947982665458
firm_raw,AKSİYON BİLGİ DANIŞMANLIK VE ORGANİZASYON SANAYİ TİCARET ANONİM ŞİRKETİ,0.0,0.0,5,1,1,1,0.0,0.0,-15.517947982665458
firm_raw,INTERPRESS MEDYA HİZMETLERİ TİCARETLİMİTED ŞİRKETİ,0.0,0.0,4,1,1,1,0.0,0.0,-15.517947982665458
firm_raw,GRA-DA GRAFİK MÜHENDİSLİK İNŞAAT DANIŞMANLIK YAYINCILIK REKLAM TASARIM TANITIM ORGANİZASYON HİZMETLERİ TİCARET LİMİTED ŞİRKETİ,0.0,0.0,4,1,1,1,0.0,0.0,-15.517947982665458
firm_raw,DBM DİJİTAL BASKI MERK.MATB.YAY.REKL.VE TANIT. DIŞ TİC.LTD.Ş,0.0,0.0,4,1,1,1,0.0,0.0,-15.517947982665458
firm_raw,ANKET ANKARA KÜLTÜR TURİZM ETKİNLİKLERİ TEKSTİL TEMİZLİK ORGANİZASYON HİZMETLERİ RESTORASYON VE İNŞAAT TİCARET ANONİM ŞİRKETİ,0.0,0.0,4,1,1,1,0.0,0.0,-15.517947982665458
firm_raw,AKSAN BİLİŞİM GÖRÜNTÜLEME PROJE İNŞAAT DANIŞMANLIK SANAYİ VE TİCARET LİMİTED ŞİRKETİ,0.0,0.0,4,1,1,1,0.0,0.0,-15.517947982665458
firm_raw,YILDIRIM MEDYA YAZILIM TEKNOLOJİLERİ RESTORASYON İNŞAAT TURİZM SANAYİ VETİCARET LİMİTED ŞİRKETİ.,0.0,0.0,3,2,3,3,1.0986122886681098,1.0986122886681098,-15.517947982665458
firm_raw,SERBÜLENT TAÇ BİLGİSAYAR SANAYİ VE TİCARET LİMİTED ŞİRKETİ,0.0,0.0,3,1,1,1,0.0,0.0,-15.517947982665458
firm_raw,PETRAN BİLGİ TEKNOLO JİLERİ SAN.VE Tİ C.LTD.ŞTİ.,0.0,0.045429962141698255,43,2,2,4,0.6931471805599453,1.3862943611198906,-15.517947982665458
firm_raw,ODAMOBİL TEKNOLOJİ LİMİTED ŞİRKETİ,0.0,0.045429962141698255,43,1,1,1,0.0,0.0,-15.517947982665458
firm_raw,NETEL BİLİŞİM OTOMASYON VE ELEKTRİK TAAHHÜT DIŞ TİCARET LİMİTED ŞİRKETİ,0.0,0.045429962141698255,43,1,1,1,0.0,0.0,-15.517947982665458
firm_raw,NBN BİLİŞİM VE TİCARET LİMİTED ŞİRKETİ,0.0,0.045429962141698255,43,3,1,4,0.0,1.3862943611198906,-15.517947982665458
firm_raw,KOÜ TEKNOPARK ANONİMŞİRKETİ,0.0,0.045429962141698255,43,2,1,3,0.0,1.0986122886681098,-15.517947982665458
firm_raw,DEVİNİM YAZILIM DONA NIM EĞİTİM TİCAR ET VE SAN.LTD.ŞT,0.0,0.4576,25,1,1,1,0.0,0.0,-15.517947982665458
firm_raw,AGREDOR BİLİŞİM TEKNOLOJİLERİ SANAYİ VE TİCARET LTD.ŞTİ.,0.0,0.4576,25,1,1,1,0.0,0.0,-15.517947982665458
firm_raw,ADASOFT DANIŞMANLIKVE YAZ.HİZ.TİC.LTD.ŞTİ.,0.0,0.4576,25,2,1,2,0.0,0.6931471805599453,-15.517947982665458
firm_raw,PSEUDONYM_351,0.0,0.2777777777777777,6,1,1,1,0.0,0.0,-15.517947982665458
firm_raw,EVSA TİCARET KAĞIT ÜRÜNLERİ BİLİŞİM VE MEDİKAL ANONİM ŞİRKETİ,0.0,0.2777777777777777,6,1,1,1,0.0,0.0,-15.517947982665458
firm_raw,UTE MÜHENDİSLİK MİMARLIK İNŞAAT SANAYİ VE TİCARET LİMİTED ŞİRKETİ,0.0,0.65625,8,1,1,1,0.0,0.0,-15.517947982665458
firm_raw,UNIKON BİLİŞİM SANAYİ VE DIŞ TİCARET LİMİTED ŞİRKETİ.,0.0,0.31999999999999984,10,1,1,1,0.0,0.0,-15.517947982665458
firm_raw,UNIKON BİLİŞİM ARAÇ KİRALAMA SANAYİ VE DIŞ TİCARET LİMİTED ŞİRKETİ.,0.0,0.31999999999999984,10,1,1,1,0.0,0.0,-15.517947982665458
firm_raw,SOFTAY BİLGİSAYAR YA ZILIM VE DANIŞMA NLIK LTD ŞTİ,0.0,0.7448979591836735,14,1,1,2,0.0,0.6931471805599453,-15.517947982665458
firm_raw,PINAR TELEKOM BİLİŞİM TEKNOLOJİLERİ ELEKTRİK İNŞAAT MEDİKAL MAKİNALARI İTHALAT VE TİCARET LİMİTED ŞİRKETİ,0.0,0.7448979591836735,14,1,1,1,0.0,0.0,-15.517947982665458
firm_raw,I MEAN IT REKLAM TASARIM PAZARLAMA TİCARET LİMİTED ŞİRKETİ,0.0,0.045429962141698255,43,1,1,1,0.0,0.0,-15.517947982665458
firm_raw,FORMALİS BİLGİ TEKNOLOJİLERİ ANONİM ŞİRKETİ,0.0,0.045429962141698255,43,1,1,2,0.0,0.6931471805599453,-15.517947982665458
firm_raw,EDİ TASARIM MİMARLIKELEK.REK.İNŞ.SAN.VE TİC.LTD.ŞTİ.,0.0,0.045429962141698255,43,1,1,4,0.0,1.3862943611198906,-15.517947982665458
firm_raw,DEDİCA TEKNOLOJİ ANONİM ŞİRKETİ,0.0,0.045429962141698255,43,2,3,3,1.0986122886681098,1.0986122886681098,-15.517947982665458
firm_raw,BAŞKENT ULUSLARARASIAJANS TURİZM İÇVE DIŞ TİC.LTD.Ş,0.0,0.045429962141698255,43,1,1,1,0.0,0.0,-15.517947982665458
firm_raw,BASİSTEK BİLGİ TEKNO LOJİLERİ SAN VE TİC LTD ŞTİ.,0.0,0.045429962141698255,43,1,1,1,0.0,0.0,-15.517947982665458
firm_raw,İNFOMAB COĞRAFİ BİLGİ TEKNOLOJİLERİ A.Ş.,0.0,0.045429962141698255,43,1,1,1,0.0,0.0,-15.517947982665458
firm_raw,YAKO BİLGİSAYAR SANAYİ VE TİCARET LİMİTED ŞİRKETİ,0.0,0.045429962141698255,43,1,1,3,0.0,1.0986122886681098,-15.517947982665458
firm_raw,TEKNOTEL ENERJİ TELEKOMÜNİKASYON İNŞAAT SANAYİ VE TİCARET ANONİM ŞİRKETİ,0.0,0.045429962141698255,43,1,1,1,0.0,0.0,-15.517947982665458
firm_raw,STANDTASARIM STAND TASARIM VE DEK.SAN.TİC.LTD.ŞTİ.,0.0,0.045429962141698255,43,1,1,1,0.0,0.0,-15.517947982665458
firm_raw,PSEUDONYM_700,0.0,0.045429962141698255,43,1,1,1,0.0,0.0,-15.517947982665458
firm_raw,PSEUDONYM_657,0.0,0.045429962141698255,43,1,2,6,0.6931471805599453,1.791759469228055,-15.517947982665458
firm_raw,PSEUDONYM_031,0.0,0.045429962141698255,43,2,1,2,0.0,0.6931471805599453,-15.517947982665458
firm_raw,PSEUDONYM_226,0.0,0.0,5,1,1,4,0.0,1.3862943611198906,-15.517947982665458
firm_raw,MBM TURİZM OTOMASYON TEMİZLİK İNŞAAT YEMEK KIRTASİYE BİLGİSAYAR TAAHHÜT SANAYİ VE TİCARET LİMİTED ŞİRKETİ,0.0,0.0,5,1,1,1,0.0,0.0,-15.517947982665458
firm_raw,ETA ELEKTRONİK YAZILIM İMALAT SANAYİ TİCARET LİMİTED ŞİRKETİ,0.0,0.0,5,1,1,2,0.0,0.6931471805599453,-15.517947982665458
firm_raw,AKTEL BİLGİSAYAR EĞİTİM ÖĞRETİM İNŞAAT NAKLİYE TURİZM MAKİNE MADENCİLİK TARIM GIDA İTHALAT İHRACAT SANAYİ TİCARET LİMİTED ŞİRKETİ,0.0,0.0,5,1,1,1,0.0,0.0,-15.517947982665458
firm_raw,TEKNOPORTSOFT ARGE YAZILIM BİLİŞİM VE DANIŞMANLIK HİZMETLERİ SANAYİ TİCARET LİMİTED ŞİRKETİ,0.0,0.31999999999999984,5,1,1,1,0.0,0.0,-15.517947982665458
firm_raw,MCA YAZILIM BİLİŞİMVE DANIŞMANLIK HİZ LTD ŞTİ,0.0,0.31999999999999984,5,1,1,1,0.0,0.0,-15.517947982665458
firm_raw,EBİMTES BİLGİ TEKNO. SAN.VE TİC.LTD.Ş Tİ.,0.0,0.31999999999999984,5,1,1,1,0.0,0.0,-15.517947982665458
firm_raw,ADALI GRUP BİLGİ İŞLEM TEKNİK VE SOSYAL HİZMETLER TEMİZLİK TAŞIMACILIK İNŞAAT PEYZAJ GIDA SANAYİ TAAHHÜT TİCARET LİMİTED ŞİRKETİ,0.0,0.0,2,1,1,1,0.0,0.0,-15.517947982665458
firm_raw,İLKE İLET.BİLG.VE SA Ğ.HİZ.MAD.İNŞ.EL ELTR.S.TİC.LTD.Ş,0.0,0.6666666666666667,6,1,1,1,0.0,0.0,-15.517947982665458
firm_raw,ÜNİ-PA ÜNİVERSİTE PAZARLAMA VE BİLGİSAYAR İNTERNET TİCARET ANONİM ŞİRKETİ,0.0,0.5,4,2,3,3,1.0986122886681098,1.0986122886681098,-15.517947982665458
firm_raw,VERİ-SİS VERİ VE İLETİŞİM SİST.SAN.VE TİC.A.Ş.,0.0,0.19284149013878737,37,2,1,2,0.0,0.6931471805599453,-15.517947982665458
firm_raw,VALİN BİLGİ TEKNOLOJİLERİ VE İLETİŞİM DANIŞMANLIK SANAYİ VE TİCARET LİMİTED ŞİRKETİ,0.0,0.19284149013878737,37,1,1,1,0.0,0.0,-15.517947982665458
firm_raw,UNX TEKNOLOJİ BİLİŞİM EĞİTİM DANIŞMANLIK LİMİTED ŞİRKETİ,0.0,0.19284149013878737,37,1,1,1,0.0,0.0,-15.517947982665458
firm_raw,TEKNOMAT İNŞ.TEKNOLO Jİ BİLG.HİZM.SAN VE TİC.LTD.ŞTİ.,0.0,0.19284149013878737,37,2,2,2,0.6931471805599453,0.6931471805599453,-15.517947982665458
firm_raw,KYOCERA BİLGİTAŞ TURKEY DOKÜMAN ÇÖZÜMLERİ A.Ş.,0.0,0.4576,25,1,1,1,0.0,0.0,-15.517947982665458
firm_raw,KODFU BİLİŞİM ANONİM ŞİRKETİ,0.0,0.4576,25,1,1,1,0.0,0.0,-15.517947982665458
firm_raw,KETS BİLGİSAYAR ELEKTRO. İLET.HİZ.SAN.VE TİC.LTD.ŞTİ,0.0,0.4576,25,1,1,1,0.0,0.0,-15.517947982665458
firm_raw,FUJIFILM DIŞ TİCARET ANONİM ŞİRKETİ,0.0,0.4576,25,1,1,1,0.0,0.0,-15.517947982665458
firm_raw,EPLATFORM BULUT BİLİŞİM A.Ş.,0.0,0.4576,25,1,1,1,0.0,0.0,-15.517947982665458
firm_raw,AKTEK BİLGİ İLETİŞİMTEKNOLOJİSİ SANVE TİC A.Ş.,0.0,0.31999999999999984,5,1,2,2,0.6931471805599453,0.6931471805599453,-15.517947982665458
firm_raw,İDEAL BİLGİ YÖNETİMİ SOSYAL SAĞLIK HİZMETLER EĞİTİM TERCÜME ORGANİZASYON SANAYİ VE TİCARET LİMİTED ŞİRKETİ,0.0,0.75,4,1,1,3,0.0,1.0986122886681098,-15.517947982665458
firm_raw,YORDAM BİLGİ TEKNOLO Jİ DAN.EĞ.ELEKT. SİS.SAN.TİC.LTD.,0.0,0.6115702479338844,11,1,1,1,0.0,0.0,-15.517947982665458
firm_raw,PSEUDONYM_436,0.0,0.6115702479338844,11,1,1,1,0.0,0.0,-15.517947982665458
firm_raw,ENDERUN BİLGİ TEKNOL OJİLERİ DANIŞMAN LIK TİC.LTD.ŞTİ.,0.0,0.6115702479338844,11,1,1,1,0.0,0.0,-15.517947982665458
firm_raw,KONATUS BİLGİSAYAR YAZILIM VE DANIŞMANLIK HİZMETLERİ SANAYİ VE TİCARET LİMİTED ŞİRKETİ,0.0,0.46153846153846156,13,2,1,2,0.0,0.6931471805599453,-15.517947982665458
firm_raw,AKTİF ELEKTROTEKNİKSAN.VE TİC.AŞ.,0.0,0.46153846153846156,13,1,1,1,0.0,0.0,-15.517947982665458
firm_raw,VİGOR KÜLTÜR SANAT DANIŞMANLIK AJANSI ANONİM ŞİRKETİ,0.0,0.3377777777777776,15,1,1,1,0.0,0.0,-15.517947982665458
firm_raw,UÇAR ELEKTRİK ELEKTRONİK SAN.VE TİC.LTD.ŞTİ.,0.0,0.3377777777777776,15,2,1,2,0.0,0.6931471805599453,-15.517947982665458
firm_raw,UNİCORP BİLİŞİM HİZMETLERİ TİCARET LİMİTED ŞİRKETİ,0.0,0.3377777777777776,15,1,1,2,0.0,0.6931471805599453,-15.517947982665458
firm_raw,TROYA BİLİŞİM İNSAN KAYNAKLARI İNŞAAT OTOMOBİL İLAÇLAMA SANAYİ TİCARET LİMİTED ŞİRKETİ İ,0.0,0.3377777777777776,15,1,1,1,0.0,0.0,-15.517947982665458
firm_raw,PİRİZMA BİLİŞİM ORGANİZASYON TANITIM MEDYA MATBAACILIK GIDA TEKSTİL SANAYİ VE TİCARET LİMİTED ŞİRKETİ,0.0,0.3377777777777776,15,1,1,3,0.0,1.0986122886681098,-15.517947982665458
firm_raw,PRO ANKET VERİ ANALİZ HİZMETLERİ TİCARET LİMİTED ŞİRKETİ,0.0,0.3377777777777776,15,1,1,1,0.0,0.0,-15.517947982665458
firm_raw,EFELER BİLİŞİM TEDARİK VE ORGANİZASYON LİMİTED ŞİRKETİ,0.0,0.3377777777777776,15,1,1,1,0.0,0.0,-15.517947982665458
firm_raw,BABPA BİLGİ TEKNOLOJİLERİ ANONİM ŞİRKETİ,0.0,0.3377777777777776,15,2,1,2,0.0,0.6931471805599453,-15.517947982665458
firm_raw,AKTİF DESTEK BİLİŞİMSİSTEMLERİ TİCARET LTD.ŞTİ.,0.0,0.3377777777777776,15,1,1,1,0.0,0.0,-15.517947982665458
firm_raw,FİGESFİZİK VE GEOMETRİDE BİLGİSAYAR SİMÜLASYONU HİZMET TİCARET ANONİM ŞİRKETİ,0.0,0.33673469387755106,14,1,1,1,0.0,0.0,-15.517947982665458
firm_raw,ALSANCAK DIJITAL BASKI BİLGİSAYAR SİSTEMLERİ İTHALAT İHRACAK SANAYİ VE TİCARET LİMİTED ŞİRKETİ,0.0,0.33673469387755106,14,1,1,1,0.0,0.0,-15.517947982665458
firm_raw,AL.KEN TEM.BİLG.İNŞA TURİZM.OTO KİRALA.SA N.TİC.LTD.ŞTİ.,0.0,0.33673469387755106,14,1,1,2,0.0,0.6931471805599453,-15.517947982665458
firm_raw,PSEUDONYM_650,0.0,0.0,5,1,1,1,0.0,0.0,-15.517947982665458
firm_raw,PSEUDONYM_584,0.0,0.0,5,1,1,1,0.0,0.0,-15.517947982665458
firm_raw,PSEUDONYM_347,0.0,0.0,5,1,1,1,0.0,0.0,-15.517947982665458
firm_raw,PSEUDONYM_021,0.0,0.71875,8,1,1,1,0.0,0.0,-15.517947982665458
firm_raw,OBASE BİLGİSAYAR VE DANIŞMANLIK HİZMETLERİ TİCARET ANONİM ŞİRKETİ,0.0,0.19284149013878737,37,2,1,2,0.0,0.6931471805599453,-15.517947982665458
firm_raw,MİRSİS BİLGİ TEKNOLO JİLERİ LTD.ŞTİ.,0.0,0.477508650519031,17,1,1,1,0.0,0.0,-15.517947982665458
firm_raw,METRİK BİLGİSAYAR YAZILIM DANIŞMANLIK SERVİS SANAYİ TİCARET LİMİTED ŞİRKETİ,0.0,0.477508650519031,17,2,1,5,0.0,1.6094379124341003,-15.517947982665458
firm_raw,PSEUDONYM_074,0.0,0.0,1,1,1,1,0.0,0.0,-15.517947982665458
firm_raw,TOPRAKKALE AYAKKABI MAKİNA NAKLİYAT SANAYİ VE TİCARET LİMİTED ŞİRKETİ,0.0,0.0,2,1,1,1,0.0,0.0,-15.517947982665458
firm_raw,KONEVİ KATI ATIK YÖNETİMİ ENERJİ İNŞAAT VE HİZMET İŞLERİ SANAYİ TİCARET LİMİTED ŞİRKETİ,0.0,0.0,2,1,1,1,0.0,0.0,-15.517947982665458
firm_raw,KERİMOĞLU İNŞAAT TEMİZLİK GIDA TEKSTİL ELEKTİRİK ELEKTRONİK MADEN-ENERJİ ÜRÜNLERİ ORMAN VE AHŞAP ÜRÜNLERİ TİCARET VE SANAYİ LİMİTED ŞİRKETİ.,0.0,0.0,5,1,1,1,0.0,0.0,-15.517947982665458
firm_raw,AKVA EĞİTİM İNŞAAT ELEKTRONİK KIRTASİYE TEMİZLİK MOBİLYA TAŞIMACILIK SANAYİ VE TİCARET LİMİTED ŞİRKETİ.,0.0,0.0,5,1,1,1,0.0,0.0,-15.517947982665458
firm_raw,AKTİF TELEKOMÜNİKASYON VE OTOMASYON SİSTEMLERİ SANAYİ VE TİCARET LİMİTED ŞİRKETİ,0.0,0.5,2,1,1,1,0.0,0.0,-15.517947982665458
firm_raw,PSEUDONYM_427,0.0,0.46153846153846156,13,1,1,2,0.0,0.6931471805599453,-15.517947982665458
firm_raw,MKA YAZILIM VE MÜHENDİSLİK HİZ.TİC.LTD.ŞTİ.,0.0,0.46153846153846156,13,1,1,1,0.0,0.0,-15.517947982665458
firm_raw,ALFABE İLETİŞİM VE H ALKLA İLİŞKİLER LTD. ŞTİ.,0.0,0.40816326530612246,7,1,1,1,0.0,0.0,-15.517947982665458
firm_raw,SENSORMATİC GÜVENLİK HİZMETLERİ TİCARET ANONİM ŞİRKETİ,0.0,0.0,2,2,2,2,0.6931471805599453,0.6931471805599453,-15.517947982665458
firm_raw,CİHANTAŞ BÜRO DONANIMLARI SAN.VE TİC.LTD.ŞTİ.,0.0,0.0,2,1,1,1,0.0,0.0,-15.517947982665458
firm_raw,M.N.A TABLDOT TEMİZLİK HİZMETLERİ İNŞAAT BİLGİSAYAR OTOMASYON TURİZM NAKLİYE SANAYİ TİCARET LİMİTED ŞİRKETİ,0.0,0.0,2,1,1,1,0.0,0.0,-15.517947982665458
firm_raw,M.N.A TABLDOT TEM.Hİ Z.İNŞ.BİL.OTO.TU R.NAK.SAN.TİC.LT,0.0,0.0,2,1,1,2,0.0,0.6931471805599453,-15.517947982665458
firm_raw,ALDEMİRLER HAYVAN ÜRÜNLERİ GIDA MADDELERİ DAYANIKLI TÜKETİM ZİRAİ VE ORMAN ÜRÜNLERİ MADEN TEMİZLİK AKARYAKIT ÖZEL GÜVENLİK TAŞIMACILIK ACENTE İTHALAT İHRACAT TİCARET TURİZM SANAYİ LİMİTED ŞİRKETİ,0.0,0.0,2,1,1,1,0.0,0.0,-15.517947982665458
firm_raw,BOR YAZILIM SANAYİ TİCARET ANONİM ŞİRKETİ,0.0,0.0,2,1,1,1,0.0,0.0,-15.517947982665458
firm_raw,ALCHEMY SMART BİLGİ TEKNOLOJİLERİ SANAYİ VE TİCARET LİMİTED ŞİRKETİ,0.0,0.0,2,1,1,1,0.0,0.0,-15.517947982665458
firm_raw,DNZ CATERING TEMİZLİK LİMİTED ŞİRKETİ,0.0,0.0,1,1,1,1,0.0,0.0,-15.517947982665458
firm_raw,ALBASOFT BİLİŞİM TEKNOLOJİLERİ ARGE MİMARLIK İNŞAAT ELEKTRİK ELEKTRONİK MAKİNA GIDA EĞİTİM DANIŞMANLIK SANAYİ VE TİCARET LİMİTED ŞİRKETİ,0.0,0.0,1,1,1,1,0.0,0.0,-15.517947982665458
firm_raw,TREND TEKNOLOJİ SİST EMLERİ İTH.İHR.L TD.ŞTİ.,0.0,0.0,2,1,1,1,0.0,0.0,-15.517947982665458
firm_raw,"YILDIZEFE BİLGİSAYARYEMEK SAN.TEM.TAAH.VE TİC.LTD.ŞT, AL.KEN TEM.BİLG.İNŞATURİZM.OTO KİRALA.SAN.TİC.LTD.ŞTİ. Ortak Girişimi",0.0,0.33673469387755106,14,1,1,1,0.0,0.0,-15.517947982665458
firm_raw,REVİ İTHALAT İHRACAT TEMİZLİK TAAHHÜT GIDA İNŞAAT PAZARLAMA TURİZM ÖZEL SAĞLIK BASIM YAYIN DAĞITIM DANIŞMANLIK TİC. LTD.ŞTİ.,0.0,0.33673469387755106,14,1,1,1,0.0,0.0,-15.517947982665458
firm_raw,AĞDAŞ BİLGİ TEKNOLOJİLERİ SOSYAL HİZMETLER PERSONEL HİZMETLERİ TEMİZLİK İNŞAAT GIDA TAŞIMACILIK SANAYİ VE TİCARET LİMİTED ŞİRKETİ.,0.0,0.16528925619834722,11,1,1,1,0.0,0.0,-15.517947982665458
firm_raw,ASYA LOJİSTİK İNŞAAT YAK.GID.TEKS.TEM.SAN .VE TİC. LTD.ŞTİ,0.0,0.16528925619834722,11,1,1,1,0.0,0.0,-15.517947982665458
firm_raw,OPC TEKNİK SERVİS HİZMETLERİ VE BÜROMALZ.TİC.LTD.ŞTİ,0.0,0.44897959183673464,7,1,1,1,0.0,0.0,-15.517947982665458
firm_raw,MOBİSOFT BİLİŞİM HİZMETLERİ SANAYİ VE TİCARET LTD.ŞTİ.,0.0,0.44897959183673464,7,1,1,1,0.0,0.0,-15.517947982665458
firm_raw,KOMEDYA BİLİŞİM VE İLETİŞİM TEK.TİC.LTD.ŞTİ.,0.0,0.44897959183673464,7,1,1,2,0.0,0.6931471805599453,-15.517947982665458
firm_raw,FOX TEKNOLOJİ VE BİLİŞİM HİZMETLERİ DIŞ TİCARET LİMİTED ŞİRKETİ,0.0,0.44897959183673464,7,1,1,1,0.0,0.0,-15.517947982665458
firm_raw,JEO İNTERNET TEKNOLO JİLERİ BİL MÜH EN Tİ LTD ŞTİ,0.0,0.0,1,1,1,1,0.0,0.0,-15.517947982665458
firm_raw,GG SOFT YAZILIM HİZM ETLERİ TİC.LTD.Ş Tİ.,0.0,0.19284149013878737,37,1,1,1,0.0,0.0,-15.517947982665458
firm_raw,DİFOSE BİLİŞİM BİLGİSAYAR EĞİTİM DANIŞMANLIK İTHALAT İHRACAT TİCARET LİMİTED ŞİRKETİ,0.0,0.19284149013878737,37,1,1,1,0.0,0.0,-15.517947982665458
firm_raw,SİSTEM 24 BİLİŞİM VEDANIŞMANLIK HİZMLTD.ŞTİ,0.0,0.19284149013878737,37,1,1,1,0.0,0.0,-15.517947982665458
firm_raw,SFY DANISMANLIK HİZMETLERİ BİL.GID.SAN VTİC.LTD.ŞTİ.,0.0,0.71875,8,1,1,1,0.0,0.0,-15.517947982665458
firm_raw,SENIOR DANIŞMANLIK TEKNOLOJİ MÜHENDİSLİK SANAYİ VE TİCARET LİMİTED ŞİRKETİ,0.0,0.375,4,1,1,1,0.0,0.0,-15.517947982665458
firm_raw,VOLOMAPS SİSTEM MÜHENDİSLİĞİ İNŞAAT PAZARLAMA SANAYİ VE TİCARET LİMİTED ŞİRKETİ,0.0,0.40816326530612246,7,1,1,1,0.0,0.0,-15.517947982665458
firm_raw,BİZ-ERK ETİKET MARKA LAMA REK.KALIP Ü SAN.TİC.LTD.ŞTİ.,0.0,0.40816326530612246,7,1,1,1,0.0,0.0,-15.517947982665458
firm_raw,HALICI ELEKTRONİK VETELEKOMİNİKASYONSAN.TİC.LTD.ŞTİ.,0.0,0.3673469387755103,14,1,1,1,0.0,0.0,-15.517947982665458
firm_raw,CBM BÜRO MAKİNELERİSAN. VE TİC.LTD.ŞTİ.,0.0,0.3673469387755103,14,1,1,1,0.0,0.0,-15.517947982665458
firm_raw,ALM BİLGİSAYAR SAN. TİC.LTD ŞTİ.,0.0,0.3673469387755103,14,1,1,1,0.0,0.0,-15.517947982665458
firm_raw,İSTANBUL ÇEKİRDEK ARAŞTIRMA GELİŞTİRME VE YAZILIM DANIŞMANLIK TİCARET LİMİTED ŞİRKETİ,0.0,0.56,5,1,1,1,0.0,0.0,-15.517947982665458
firm_raw,PSEUDONYM_435,0.0,0.0,9,1,1,1,0.0,0.0,-15.517947982665458
firm_raw,FALEZ MEDİKAL TİCARET LTD.ŞTİ.,0.0,0.0,9,1,1,1,0.0,0.0,-15.517947982665458
firm_raw,AİDATA BİLİŞİM KURUMSAL TİCARET VE SANAYİ ANONİM ŞİRKETİ,0.0,0.0,9,1,1,1,0.0,0.0,-15.517947982665458
firm_raw,AC-YT BİLGİSAYAR TURİZM İNŞAAT GIDATİC.VE SAN.LTD,0.0,0.0,9,1,1,1,0.0,0.0,-15.517947982665458
firm_raw,METRİK BİLGİSAYAR YA ZILIM DAN.SERV.S AN.TİC.LTD.ŞTİ.,0.0,0.477508650519031,17,1,1,1,0.0,0.0,-15.517947982665458
firm_raw,MACROM TEKNOLOJİ ÜRÜNLERİ İTHALAT İHRACAT TASARIM BİLİŞİM BASIN YAYIN SAĞLIK EĞİTİM VE KUYUMCULUK SANAYİ TİCARET LİMİTED ŞİRKETİ,0.0,0.477508650519031,17,1,1,1,0.0,0.0,-15.517947982665458
firm_raw,LİMATEK SİSTEM TEKNOLOJİLERİ SANAYİ VE TİCARET ANONİM ŞİRKETİ,0.0,0.19284149013878737,37,1,1,1,0.0,0.0,-15.517947982665458
firm_raw,LOTUS LİFE AJAN.REK.TANT.BASI.YAY.ORG.AMBL.İTH.İHR.SAN.TİC.LTD.ŞTİ.,0.0,0.375,4,1,1,1,0.0,0.0,-15.517947982665458
firm_raw,KOMTAŞ BİLGİ YÖNETİMİ DAN.VE TİC.A.Ş.,0.0,0.19284149013878737,37,1,1,1,0.0,0.0,-15.517947982665458
firm_raw,YUVAM BİLİŞİM TEKNOL OJİLERİ SAN TİC.A.Ş.,0.0,0.16528925619834722,11,2,2,2,0.6931471805599453,0.6931471805599453,-15.517947982665458
firm_raw,SÜNBÜL GIDA BESİCİLİK TAŞIMACILIK TEMİZLİK GÜVENLİK İNŞAAT SANAYİ VE TİCARET LİMİTED ŞİRKETİ.,0.0,0.16528925619834722,11,1,1,1,0.0,0.0,-15.517947982665458
firm_raw,HADE İNŞ.TAŞ.TEM.OTO PETROL GIDA TİC.VE S AN.LTD.ŞTİ.,0.0,0.16528925619834722,11,1,1,1,0.0,0.0,-15.517947982665458
firm_raw,KUTNAY BİLGİ SİSTEML ERİ DAN.ORG.SAN. PAZ.VE TİC.LTD.Ş,0.0,0.0,37,1,1,1,0.0,0.0,-15.517947982665458
firm_raw,KUM SAATİ TASARIM BİSİS.VE DAN.HİZ.ELK.SA.VE Tİ.LT.Ş,0.0,0.0,37,2,1,2,0.0,0.6931471805599453,-15.517947982665458
firm_raw,GOLİVE BİLİŞİM HİZMETLERİ SANAYİ VE TİCARET LİMİTED ŞİRKETİ,0.0,0.5,2,1,1,1,0.0,0.0,-15.517947982665458
firm_raw,CAPİTAL ENDÜSTRİ VE SAVUNMA TEKNOLOJİLERİ A.Ş.,0.0,0.0,37,1,1,1,0.0,0.0,-15.517947982665458
firm_raw,AVİKON ELEKTRONİK YAZILIM VE ENERJİ SANAYİ TİCARET LİMİTED ŞİRKETİ,0.0,0.0,37,1,1,1,0.0,0.0,-15.517947982665458
firm_raw,ARYA BİLGİ TEKNOLOJİLERİ LİMİTED ŞİRKETİ,0.0,0.0,37,1,1,1,0.0,0.0,-15.517947982665458
firm_raw,ARSİS BİLİŞİM PRODÜK SİYON VE REKLAM HİZM LTD ŞTİ.,0.0,0.0,37,1,1,1,0.0,0.0,-15.517947982665458
firm_raw,ALNİS GIDA TEKNOLOJİ VE LOJİSTİK TİCARET ANONİM ŞİRKETİ,0.0,0.0,1,1,1,1,0.0,0.0,-15.517947982665458
firm_raw,ALMERA BİLİŞİM SANAY İ VE TİC.LTD.ŞTİ,0.0,0.4444444444444444,3,1,2,2,0.6931471805599453,0.6931471805599453,-15.517947982665458
firm_raw,YILMAZ ELEKTRİK OTOMASYON MAK.İNŞ.SAN.VE TİC.A.Ş,0.0,0.3673469387755103,14,1,1,2,0.0,0.6931471805599453,-15.517947982665458
firm_raw,ORTADOĞU BİLİŞİM TEKNOLOJİLERİ SANAYİ VE TİC.LTD.ŞTİ,0.0,0.3673469387755103,14,1,1,1,0.0,0.0,-15.517947982665458
firm_raw,NATURA OTOMASYON VE YAZILIM SİSTEMLERİ SANAYİ TİCARET LİMİTED ŞİRKETİ,0.0,0.3673469387755103,14,1,1,4,0.0,1.3862943611198906,-15.517947982665458
firm_raw,LİDYA BİLİŞİM TEKNOL OJİ SİSTEMLERİ T İC.VE SAN.LTD.ŞT,0.0,0.3673469387755103,14,1,1,1,0.0,0.0,-15.517947982665458
firm_raw,VİZYONER BİLİŞİMVE YÖNETİM DANIŞ LTD ŞTİ,0.0,0.0,37,1,1,1,0.0,0.0,-15.517947982665458
firm_raw,VENHANCER BİLİŞİM VE DANIŞMANLIK HİZMETLERİ SANAYİ TİCARET ANONİM ŞİRKETİ,0.0,0.0,37,1,1,1,0.0,0.0,-15.517947982665458
firm_raw,TEKNOBİM BİLGİ SİSTE MLERİ SANAYİ VE TİC.LTD.ŞTİ.,0.0,0.0,37,1,1,4,0.0,1.3862943611198906,-15.517947982665458
firm_raw,PİOMAK OTOMASYON MAK SAN.VE TİC.A.Ş.,0.0,0.0,37,1,1,1,0.0,0.0,-15.517947982665458
firm_raw,PSEUDONYM_142,0.0,0.0,37,1,1,1,0.0,0.0,-15.517947982665458
firm_raw,NOYA BİLGİSAYAR SİST VE DAN.SAN.VE TİC.LTD.ŞTİ.,0.0,0.0,37,1,1,1,0.0,0.0,-15.517947982665458
firm_raw,NASA BİLGİ İŞLEM ÜRÜ NLERİ İTH.İHR.VE TİC.LTD.ŞTİ.,0.0,0.0,37,1,1,1,0.0,0.0,-15.517947982665458
firm_raw,MOBİS BİLİŞİM ELEKTR ONİK PROJE DAN.İ N.SAN.VE D.T.LŞ.,0.0,0.0,37,1,1,1,0.0,0.0,-15.517947982665458
firm_raw,MOBVEN TEKNOLOJİ ANONİM ŞİRKETİ,0.0,0.0,37,1,1,2,0.0,0.6931471805599453,-15.517947982665458
firm_raw,ARŞİVİST DİZAYN ARŞİV KÜTÜPHANE BELGE BİLGİ YÖNETİMİ VE BİLİŞİM SİSTEMLERİ LİMİTED ŞİRKETİ,0.0,0.17999999999999994,10,1,3,3,1.0986122886681098,1.0986122886681098,-15.517947982665458
firm_raw,ALTINOVA ELEKTRONİK BİLİŞİM VE İLETİŞİM TEKNOLOJİLERİ DANIŞMANLIK MİMARLIK BİLGİSAYAR İNŞAAT TAAHHÜT İÇ VE DIŞ TİCARET LİMİTED ŞİRKETİ,0.0,0.17999999999999994,10,1,1,1,0.0,0.0,-15.517947982665458
firm_raw,ALTERNATİF BİLGİSAYAR YAZILIM YATIRIM VE YÖNETİM DANIŞMANLIĞI HİZMETLERİ LİMİTED ŞİRKETİ,0.0,0.0,1,1,1,1,0.0,0.0,-15.517947982665458
firm_raw,BAŞKENT IMG GÜVENLİK SİSTEMLERİ ELEKTRİK ELEKTRONİK SANAYİ TİCARET LİMİTED ŞİRKETİ,0.0,0.0,1,1,1,1,0.0,0.0,-15.517947982665458
firm_raw,ALTERNATİF BİLGİSAYAR YAZILIM YATIRIM VE YÖNETİM DANIŞMANLIK HİZMETLERİ LİMİTED ŞİRKETİ,0.0,0.0,1,1,1,1,0.0,0.0,-15.517947982665458
firm_raw,YÖNTEM FİLO YÖNETİMİ ARAÇ İZLEME SİSTEMLERİ İLETİŞİM BİLGİSAYAR SANAYİ VE TİCARET ANONİM ŞİRKETİ,0.0,0.5714285714285714,7,1,1,1,0.0,0.0,-15.517947982665458
firm_raw,PSEUDONYM_698,0.0,0.5714285714285714,7,1,1,1,0.0,0.0,-15.517947982665458
firm_raw,OKDATEK TEKNOLOJİ ANONİM ŞİRKETİ,0.0,0.5714285714285714,7,1,1,1,0.0,0.0,-15.517947982665458
firm_raw,PSEUDONYM_029,0.0,0.31404958677685935,11,1,1,1,0.0,0.0,-15.517947982665458
firm_raw,NEFAN TİCARET VE SAN AYİ LTD.ŞTİ.,0.0,0.31404958677685935,11,1,1,1,0.0,0.0,-15.517947982665458
firm_raw,MC SERVİS DANIŞMANLIK BİLGİSAYAR SİSTEMLERİ VE TİCARET LİMİTED ŞİRKETİ,0.0,0.31404958677685935,11,1,1,1,0.0,0.0,-15.517947982665458
firm_raw,MAKRO RİSK DEĞERLENDİRME İŞ SAĞLIĞI GÜVENLİĞİ YAZILIM VE EĞİTİM DANIŞMANLIĞI ANONİM ŞİRKETİ,0.0,0.31404958677685935,11,1,1,1,0.0,0.0,-15.517947982665458
firm_raw,HASAN ATALAY İNŞAAT MÜTEAHHİTLİK NAKLİYE TEMİZLİK SANAYİ VE TİCARET LİMİTED ŞİRKETİ,0.0,0.0,2,1,1,1,0.0,0.0,-15.517947982665458
firm_raw,ÖZBAŞLAR DAYANIKLI TÜK.MAL.SAN.VE TİC.LTD.ŞTİ.,0.0,0.0,3,1,1,1,0.0,0.0,-15.517947982665458
firm_raw,ACON BİLGİ TEKNOLOJİLERİ İNŞAAT SANAYİ VE TİCARET ANONİM ŞİRKETİ,0.0,0.0,3,1,1,1,0.0,0.0,-15.517947982665458
firm_raw,SAYEL YATIRIM ELEKTRONİK BİLGİSAYAR MÜHENDİSLİK SANAYİ TİCARET LİMİTED ŞİRKETİ,0.0,0.4444444444444444,6,1,1,1,0.0,0.0,-15.517947982665458
firm_raw,BPM TEKNOLOJİ SANAYİ TİCARET LİMİTED ŞİRKETİ,0.0,0.4444444444444444,6,1,1,1,0.0,0.0,-15.517947982665458
firm_raw,ACOD BİLİŞİM HİZMETLERİ LİMİTED ŞİRKETİ,0.0,0.4444444444444444,6,1,1,1,0.0,0.0,-15.517947982665458
firm_raw,PSEUDONYM_596,0.0,0.0,9,1,1,1,0.0,0.0,-15.517947982665458
firm_raw,KARMASİS BİLİŞİM ÇÖZ UMLERİ TİCARET L TD.ŞTİ.,0.0,0.5714285714285714,7,1,1,1,0.0,0.0,-15.517947982665458
firm_raw,PSEUDONYM_196,0.0,0.40625,8,1,1,2,0.0,0.6931471805599453,-15.517947982665458
firm_raw,PROAKTİF MEDİKAL PAZARLAMA BİLİŞİM TEMİZLİK İNŞAAT SANAYİ VE TİCARET LİMİTED ŞİRKETİ,0.0,0.40625,8,2,2,2,0.6931471805599453,0.6931471805599453,-15.517947982665458
firm_raw,ORTADOĞU AZS İLETİŞİM İNŞAAT BİLGİSAYAR ELEKTRİK MADENCİLİK SANAYİ VE TİCARET LİMİTED ŞİRKETİ,0.0,0.40625,8,1,1,1,0.0,0.0,-15.517947982665458
firm_raw,ALSİN ALARM İZLEME HİZMETLERİ ANONİM ŞİRKETİ,0.0,0.40625,8,1,1,1,0.0,0.0,-15.517947982665458
firm_raw,DÜNYA HARİTA MÜHENDİ SLİK İNŞ.TAAH.SA N.TİC.LTD.ŞTİ,0.0,0.3698979591836735,28,1,1,2,0.0,0.6931471805599453,-15.517947982665458
firm_raw,C SİSTEM BİLİŞİM LİMİTED ŞİRKETİ,0.0,0.3698979591836735,28,1,1,1,0.0,0.0,-15.517947982665458
firm_raw,BİMEL-İZMİR ELEKT.MAMÜL SAN.PAZ.LTD.ŞTİ.,0.0,0.375,4,1,1,1,0.0,0.0,-15.517947982665458
firm_raw,BARIŞ İLETİŞİM HİZMETLERİ VE MALZEMELERİ SANAYİ VE TİCARET LİMİTED ŞİRKETİ,0.0,0.3698979591836735,28,1,1,1,0.0,0.0,-15.517947982665458
firm_raw,AYİZİ BİLİŞİM TEKNOLOJİLERİ ELEKTRİK İNŞAAT SANAYİ VE TİCARET LİMİTED ŞİRKETİ,0.0,0.37869822485207094,13,1,1,1,0.0,0.0,-15.517947982665458
firm_raw,ARTI TELEKOMÜNİKASYON ELEKTRİK ELEKTRONİK İNŞAAT TURİZM SANAYİ VE TİCARET LİMİTED ŞİRKETİ,0.0,0.6122448979591837,7,1,1,1,0.0,0.0,-15.517947982665458
firm_raw,ARMY BASKI TEKNOLOJİLERİ SANAYİ VE TİCARET LİMİTED ŞİRKETİ,0.0,0.0,2,1,1,1,0.0,0.0,-15.517947982665458
firm_raw,ARBE BİLGİSAYAR YAZILIM TİCARET LİMİTED ŞİRKETİ,0.0,0.375,4,1,2,2,0.6931471805599453,0.6931471805599453,-15.517947982665458
firm_raw,PARNET İLERİ TEKNOLOJİ ÇÖZÜMLERİ YAZILIM BİLİŞİM DANIŞMANLIK EĞİTİM HİZMETLERİ SANAYİ VE TİCARET LİMİTED ŞİRKETİ,0.0,0.17999999999999994,10,1,1,2,0.0,0.6931471805599453,-15.517947982665458
firm_raw,BİLGİ-TEK BİLGİ TEKN O.EĞİT.UYG.TİC. LTD.ŞTİ.,0.0,0.17999999999999994,10,1,1,1,0.0,0.0,-15.517947982665458
firm_raw,BİL YAZILIM VE ELEKTRONİK SİS.BLG.MÜH.SAN.VE TİC.LTD.ŞTİ.,0.0,0.17999999999999994,10,2,2,2,0.6931471805599453,0.6931471805599453,-15.517947982665458
firm_raw,PSEUDONYM_523,0.0,0.3698979591836735,28,1,1,2,0.0,0.6931471805599453,-15.517947982665458
firm_raw,PSEUDONYM_327,0.0,0.31404958677685935,11,1,1,1,0.0,0.0,-15.517947982665458
firm_raw,PARKMETROPOL FİBER OMURGA GÜVENLİK SİSTEMLERİ VE BİLGİSAYAR TEKSTİL SAN TİC A.Ş.,0.0,0.5,4,1,1,1,0.0,0.0,-15.517947982665458
firm_raw,ONE ELEKTRİK TEKNOLOJİ SANAYİ VE TİCARET LİMİTED ŞİRKETİ,0.0,0.37869822485207094,13,1,1,1,0.0,0.0,-15.517947982665458
firm_raw,NOKTA İŞLER YAZILIM REKLAMCILIK EĞİTİM DANIŞMANLIK LİMİTED ŞİRKETİ,0.0,0.6122448979591837,7,1,1,1,0.0,0.0,-15.517947982665458
firm_raw,EMFA YAZILIM DANIŞMANLIK ANONİM ŞİRKETİ,0.0,0.2265625,16,1,1,1,0.0,0.0,-15.517947982665458
firm_raw,AGARTHA TEKNOLOJİ ANONİM ŞİRKETİ,0.0,0.2265625,16,1,1,4,0.0,1.3862943611198906,-15.517947982665458
firm_raw,ABAKÜS MÜHENDİSLİK TURİZM İNŞ.SAN.VEDIŞ TİC.LTD.ŞTİ.,0.0,0.2265625,16,1,1,1,0.0,0.0,-15.517947982665458
firm_raw,İŞBAY İNŞ.TEMİZL.TUR SAĞ.HİZM.ELEK.GI BİL.TİC.LTD.ŞTİ.,0.0,0.4600000000000001,10,1,1,1,0.0,0.0,-15.517947982665458
firm_raw,"ABİSENA BİLGİ TEKNOLOJİLERİ ANONİM ŞİRKETİ, ÇAĞLAYAN BİLGİ TEKNOLOJİLERİ SANAYİ TİCARET LİMİTED ŞİRKETİ İş Ortaklığı",0.0,0.4444444444444444,3,1,1,1,0.0,0.0,-15.517947982665458
firm_raw,PSEUDONYM_299,0.0,0.31404958677685935,11,1,1,1,0.0,0.0,-15.517947982665458
firm_raw,KENT ATM YAPI GAYRİMENKUL SANAYİ TİCARET ANONİM ŞİRKETİ,0.0,0.6122448979591837,7,1,1,1,0.0,0.0,-15.517947982665458
firm_raw,KARBEL İZMİR KARABAĞ LAR BEL İNŞ TEM TA T UR SA VE TİC LTD ŞTİ,0.0,0.0,2,1,1,1,0.0,0.0,-15.517947982665458
firm_raw,GÜÇSAN MAK.SAN.VE TİC.LTD.ŞTİ.,0.0,0.3698979591836735,28,1,1,1,0.0,0.0,-15.517947982665458
firm_raw,EKİM HARİTA İNŞAAT TURİZM SAN.VE TİC.LTD.ŞTİ.,0.0,0.3698979591836735,28,1,1,1,0.0,0.0,-15.517947982665458
firm_raw,DİJİTEK VİTAMİN YAZILIM BİLİŞİM HİZMETLERİ TAAHHÜT EĞİTİM SAĞLIK SANAYİ VE TİCARET LİMİTED ŞİRKETİ,0.0,0.5,2,1,1,1,0.0,0.0,-15.517947982665458
firm_raw,APPSCON BİLİŞİM HİZMETLERİ SAN.TİC.LTD.ŞTİ.,0.0,0.4600000000000001,10,1,1,2,0.0,0.6931471805599453,-15.517947982665458
firm_raw,ANTE GRUP ELEKTRİK ELEKTRONİK BİLİŞİM İNŞAAT DANIŞMANLIK SANAYİ VE TİCARET LİMİTED ŞİRKETİ.,0.0,0.4693877551020408,14,2,2,2,0.6931471805599453,0.6931471805599453,-15.517947982665458
firm_raw,"İSBAK İST.ULAŞIM HABVE GÜVENLİK TEKNSAN.VE TİC.A.Ş., ANKA COĞRAFİ BİLGİ TEKNOLOJİLERİ SANAYİTİC.LTD.ŞTİ. İş Ortaklığı",0.0,0.3698979591836735,28,1,1,1,0.0,0.0,-15.517947982665458
firm_raw,İPEK HIRDAVAT DEMİR ÇELİK ELEKTRONİK TAAHHÜT TİCARET VE SANAYİ LİMİTED ŞİRKETİ,0.0,0.31404958677685935,11,1,1,1,0.0,0.0,-15.517947982665458
firm_raw,İ-AKADEMİ SİAS BİLİŞİM PROJE DANIŞMANLIK ÖZEL EĞİTİM TERCÜMANLIK ELEKTRONİK SANAYİ VE TİCARET LİMİTED ŞİRKETİ,0.0,0.3698979591836735,28,1,1,1,0.0,0.0,-15.517947982665458
firm_raw,MEVA BİLGİ TEKNOLOJİLERİ LİMİTED ŞİRKETİ,0.0,0.6111111111111112,6,1,1,1,0.0,0.0,-15.517947982665458
firm_raw,ASELSANNET ELEKTRONİK VE HABERLEŞME SİS.S.TC.İN.TAAH.LTD.ŞTİ,0.0,0.6111111111111112,6,1,1,1,0.0,0.0,-15.517947982665458
firm_raw,A.T.K.GÜVENLİK LTD.Ş Tİ.,0.0,0.6111111111111112,6,1,1,1,0.0,0.0,-15.517947982665458
firm_raw,PSEUDONYM_645,0.0,0.6666666666666667,9,1,1,1,0.0,0.0,-15.517947982665458
firm_raw,PRODA YAZILIM BİLİŞİM DONANIM TEKNOLOJİLER ELEKTRONİK İLETİŞİM SANAYİ TİCARET LİMİTED ŞİRKETİ,0.0,0.6666666666666667,9,1,1,1,0.0,0.0,-15.517947982665458
firm_raw,BELTUR TURİZM TAŞIMACILIK OTOMOTİV GIDA ÜRÜNLERİ TEMİZLİK HİZMETLERİ İLETİŞİM SANAYİ VE DIŞ TİCARET LİMİTED ŞİRKETİ,0.0,0.0,2,1,1,1,0.0,0.0,-15.517947982665458
firm_raw,ABM BİLGİSAYAR HİZME TLERİ SANAYİ VE TİCARAT LİMİTED,0.0,0.0,2,1,1,1,0.0,0.0,-15.517947982665458
firm_raw,ABH AVRUPA BİLİŞİM HİZMETLERİ SANAYİ TİCARET LİMİTED ŞİRKETİ.,0.0,0.0,1,1,5,6,1.6094379124341003,1.791759469228055,-15.517947982665458
firm_raw,KUMRU LOJİSTİK TİCARET LİMİTED ŞİRKETİ,0.0,0.2265625,16,1,1,1,0.0,0.0,-15.517947982665458
firm_raw,ÖLÇEN HARİTA İNŞAAT MÜHENDİSLİK SAN. VE TİC.LTD.ŞTİ.,0.0,0.3698979591836735,28,1,1,1,0.0,0.0,-15.517947982665458
firm_raw,YEO TEKNOLOJİ ENERJİ VE ENDÜSTRİ A.Ş,0.0,0.37869822485207094,13,1,1,1,0.0,0.0,-15.517947982665458
firm_raw,YAŞAM ELEKTRONİK SAYAÇ TEKNOLOJİLERİ ÇEVRE MAKİNA İNŞAAT MÜHENDİSLİK BİLİŞİM REKLAM VE YAYINCILIK SANAYİ VE TİCARET ANONİM ŞİRKETİ,0.0,0.37869822485207094,13,1,1,1,0.0,0.0,-15.517947982665458
firm_raw,VODAFONE TELEKOMÜNİKASYON A.Ş,0.0,0.3698979591836735,28,1,1,1,0.0,0.0,-15.517947982665458
firm_raw,TEKBİZ BİLİŞİM TEKNOLOJİLERİ LİMİTED ŞİRKETİ,0.0,0.37869822485207094,13,1,1,1,0.0,0.0,-15.517947982665458
firm_raw,ZİRVE 7 DANIŞMANLIK EĞİTİM DENETİM ORGANİZESYON LOJİSTİK İNŞAAT VE TİCARET LİMİTED ŞİRKETİ,0.0,0.0,4,1,1,1,0.0,0.0,-15.517947982665458
firm_raw,"ALTİVA YAZILIM VE BİLGİ SİSTEMLERİ ELEKTRONİK TIBBİ MALZEME TURİZM İNŞAAT MAKİNA SANAYİ TİCARET LİMİTED ŞIRKETİ, METASOFT BİLGİSAYAR BİLGİ İŞLEM HİZMETLERİ SANAYİ VE TİCARET LİMİTED ŞİRKETİ Ortak Girişimi",0.0,0.5,2,1,1,1,0.0,0.0,-15.517947982665458
firm_raw,ALTUS YAZILIM DESTEK VE DANIŞMANLIK HİZME LTD ŞTİ,0.0,0.5714285714285714,7,1,1,2,0.0,0.6931471805599453,-15.517947982665458
firm_raw,TÜRK TELEKOMÜNİKASYAN ANONİM ŞİRKETİ,0.0,0.5,6,1,1,1,0.0,0.0,-15.517947982665458
firm_raw,SHOV BİLGİSAYAR TANI TIM HİZMETLERİ P AZ.TUR.TİC.LTD.Ş,0.0,0.4600000000000001,10,1,1,1,0.0,0.0,-15.517947982665458
firm_raw,SAVRONİK SİST.TAAH.S AN.TİC.A.Ş.,0.0,0.4693877551020408,14,1,1,1,0.0,0.0,-15.517947982665458
firm_raw,GANTEK TEKNOLOJİ BİLİŞİM ÇÖZÜMLERİ ANONİM ŞİRKETİ,0.0,0.4600000000000001,10,1,1,1,0.0,0.0,-15.517947982665458
firm_raw,FDN SOFT BİLİŞİM TEKNOLOJİLERİ .SAN.TİC.LTD.ŞTİ.,0.0,0.4693877551020408,14,1,1,1,0.0,0.0,-15.517947982665458
firm_raw,ARTBİL BİLGİSAYAR Sİ STEMLERİ YAYIN İ NŞ.TURZ.T.LTD.ŞT,0.0,0.4693877551020408,14,1,1,1,0.0,0.0,-15.517947982665458
firm_raw,ANKA AKTİF BİLGİS.EL K.ELEKT.YAZ.KR.İNŞ.D T.M.T.M.İ.İ.D.TT.L.,0.0,0.0,1,1,1,1,0.0,0.0,-15.517947982665458
firm_raw,PSEUDONYM_357,0.0,0.0,1,1,1,1,0.0,0.0,-15.517947982665458
firm_raw,ANADEĞER KENT EKİPMANLARI İLAÇLAMA BİLİŞİM HİZMETLERİ TEMİZLİK VE İNŞAAT SANAYİ TİCARET LİMİTED ŞİRKETİ,0.0,0.5,2,1,1,1,0.0,0.0,-15.517947982665458
firm_raw,VOLARİSTECH BİLİŞİM TEKNOLOJİLERİ ELEKTRONİK OTOMASYON SİSTEMLERİ YAZILIM MEKANİK TİCARET LİMİTED ŞİRKETİ,0.0,0.1926278240190249,29,1,1,1,0.0,0.0,-15.517947982665458
firm_raw,RİGEL YAZILIM VE BİLGİ TEKNOLOJİLERİ SANAYİ TİCARET LİMİTED ŞİRKETİ,0.0,0.1926278240190249,29,1,1,1,0.0,0.0,-15.517947982665458
firm_raw,KEYS TEKNOLOJİ YATIRIMLARI DANIŞMANLIK TURİZM TAAHHÜT İÇ VE DIŞ TİCARET ANONİM ŞİRKETİ,0.0,0.1926278240190249,29,1,1,1,0.0,0.0,-15.517947982665458
firm_raw,HEY TEKNOLOJİ YAZILIM DANIŞMANLIK SANAYİ VE TİCARET LİMİTED ŞİRKETİ,0.0,0.1926278240190249,29,1,1,1,0.0,0.0,-15.517947982665458
firm_raw,HAN GRUP TANITIM AJANS ORGANİZASYON BİLİŞİM BASIN YAYIN İLETİŞİM DANIŞMANLIK HİZMETLERİ TİCARET LİMİTED ŞİRKETİ,0.0,0.1926278240190249,29,1,1,1,0.0,0.0,-15.517947982665458
firm_raw,BRIDGE BİLİŞİM TEKNOLOJİ DANIŞMANLIK YATIRIM ANONİM ŞİRKETİ,0.0,0.1926278240190249,29,1,1,1,0.0,0.0,-15.517947982665458
firm_raw,ARGEM YAZILIM VE DANIŞMANLIK TİCARET LİMİTED ŞİRKETİ,0.0,0.1926278240190249,29,1,1,2,0.0,0.6931471805599453,-15.517947982665458
firm_raw,ARGEDE BİLİŞİM TEKNOLOJİLERİ SANAYİ VE TİCARET LİMİTED ŞİRKETİ,0.0,0.1926278240190249,29,1,1,1,0.0,0.0,-15.517947982665458
firm_raw,İNTAÇ EĞİTİM DANIŞMANLIK ORGANİZASYON ARAŞTIRMA İNŞAAT SANAYİ VE TİCARET LİMİTED ŞİRKETİ,0.0,0.0,1,1,1,1,0.0,0.0,-15.517947982665458
firm_raw,ALİMA FİLM YAPIM ENERJİ TARIM İNŞAAT SANAYİ VE TİCARET ANONİM ŞİRKETİ,0.0,0.0,1,1,1,1,0.0,0.0,-15.517947982665458
firm_raw,NETWAY TEKNOLOJİ BİLİŞİM DANIŞMANLIK SANAYİ VE TİCARET LİMİTED ŞİRKETİ,0.0,0.2650000000000001,20,2,1,2,0.0,0.6931471805599453,-15.517947982665458
firm_raw,MEG POİNT BİLİŞİM TEKNOLOJİLERİ ANONİM ŞİRKETİ,0.0,0.2650000000000001,20,1,1,1,0.0,0.0,-15.517947982665458
firm_raw,KEYLESS İNŞAAT TELEKOMÜNİKASYON EMLAK OTOMOTİV TİCARET LİMİTED ŞİRKETİ,0.0,0.2650000000000001,20,3,1,3,0.0,1.0986122886681098,-15.517947982665458
firm_raw,ITSTACK BİLGİ SİSTEMLERİ SANAYİ VE TİCARET LİMİTED ŞİRKETİ,0.0,0.2650000000000001,20,1,1,1,0.0,0.0,-15.517947982665458
firm_raw,INFOPRO BİLİŞİM TİCARET ANONİM ŞİRKETİ,0.0,0.2650000000000001,20,1,1,2,0.0,0.6931471805599453,-15.517947982665458
firm_raw,A-TEM ALTERNATİF İNŞAAT TEMİZLİK GÜVENLİK TEL.REK.PAZ.SANAYİ TİCARET LTD.ŞTİ.,0.0,0.44897959183673464,7,1,1,1,0.0,0.0,-15.517947982665458
firm_raw,YE-PA YENİMAHALLE GIYAY.TEM.ÇE.DÜZ.İNŞ.TUR.SAN.TİC.LTD.ŞTİ.,0.0,0.0,1,1,1,1,0.0,0.0,-15.517947982665458
firm_raw,KONİCA MİNOLTA TURKEY İŞ TEKNOLOJİLERİ ANONİM ŞİRKETİ,0.0,0.765625,16,1,1,1,0.0,0.0,-15.517947982665458
firm_raw,PSEUDONYM_157,0.0,0.4600000000000001,10,1,1,1,0.0,0.0,-15.517947982665458
firm_raw,PSEUDONYM_126,0.0,0.4600000000000001,10,2,1,5,0.0,1.6094379124341003,-15.517947982665458
firm_raw,"PEHLİVANOĞLU YAPI NA K TURZ GIDA EMLA K SAN V TİC L ŞT, ÖZ ER-KA İNŞAAT TURİZM ELEKTRİK TAAHHÜT TİCARET VE SANAYİ LİMİTED ŞİRKETİ Ortak Girişimi",0.0,0.4600000000000001,10,1,1,1,0.0,0.0,-15.517947982665458
firm_raw,LİNEER BİLİŞİM TEKNO LOJİLERİ CBS OTOM.Bİ LG.TİC.LTD.ŞTİ.,0.0,0.4600000000000001,10,2,2,2,0.6931471805599453,0.6931471805599453,-15.517947982665458
firm_raw,A.Z.M.HARİTA JEOLOJİ İNŞAAT TURİZM MEDİKAL SANAYİ VE TİCARET LİMİTED ŞİRKETİ,0.0,0.4600000000000001,10,2,1,2,0.0,0.6931471805599453,-15.517947982665458
firm_raw,GRANDTEAM BİLİŞİM TEKNOLOJİLERİ SANAYİ TİCARET LİMİTED ŞİRKETİ,0.0,0.2650000000000001,20,1,1,1,0.0,0.0,-15.517947982665458
firm_raw,EPİK MOBİL YAZILIM TİCARET LİMİTED ŞİRKETİ,0.0,0.6875,16,1,1,1,0.0,0.0,-15.517947982665458
firm_raw,CYBERSYS BİLİŞİM İLETİŞİM ELEKTRONİK İTHALAT İHRACAT SANAYİ VE TİCARET LİMİTED ŞİRKETİ,0.0,0.2650000000000001,20,1,1,1,0.0,0.0,-15.517947982665458
firm_raw,BYGO BİLİŞİM YAZILIM DANIŞMANLIK EĞİTİM SANAYİ VE TİCARET LİMİTED ŞİRKETİ,0.0,0.2650000000000001,20,1,1,1,0.0,0.0,-15.517947982665458
firm_raw,AYDO YAZILIM BİLGİSAYAR TEKNOLOJİLERİ VE TİCARET LİMİTED ŞİRKETİ,0.0,0.2650000000000001,20,2,1,4,0.0,1.3862943611198906,-15.517947982665458
firm_raw,ASYA EĞİTİM TURİZM PROD.NAK.İNŞ.SAN.VE TİC.LTD.ŞTİ.,0.0,0.6875,16,1,1,1,0.0,0.0,-15.517947982665458
firm_raw,İNTERİVA BİLGİ TEKNOLOJİLERİ SANAYİ VE TİCARET LİMİTED ŞİRKETİ,0.0,0.2650000000000001,20,1,1,3,0.0,1.0986122886681098,-15.517947982665458
firm_raw,İNFİNİTUM BİLGİ SİSTEMLERİ SANAYİ TİCARET LİMİTED ŞİRKETİ,0.0,0.2650000000000001,20,2,1,5,0.0,1.6094379124341003,-15.517947982665458
firm_raw,ÖZAKKAYA İNŞ GIDA TE MİZLİK SANAYİ VE TİC.LTD.ŞTİ.,0.0,0.0,4,1,1,2,0.0,0.6931471805599453,-15.517947982665458
firm_raw,ÇANKAYA İMAR PROJE İNŞAAT MADEN BELDE GEREKSİNMELERİ SANAYİ VE TİCARET ANONİM ŞİRKETİ.,0.0,0.5185185185185186,9,1,1,1,0.0,0.0,-15.517947982665458
firm_raw,TÜRKELİ SOSYAL HİZMETLER İNŞ.GID.TEMZ.VE TİC.LTD.ŞTİ.,0.0,0.0,4,1,1,1,0.0,0.0,-15.517947982665458
firm_raw,SARENTE BİLGİ TEKNOLOJİLERİ ANONİM ŞİRKETİ,0.0,0.2650000000000001,20,2,1,2,0.0,0.6931471805599453,-15.517947982665458
firm_raw,PSEUDONYM_467,0.0,0.6875,16,1,1,1,0.0,0.0,-15.517947982665458
firm_raw,PSEUDONYM_044,0.0,0.6875,16,1,1,1,0.0,0.0,-15.517947982665458
firm_raw,PEYTEM SOSYAL HİZMET LTD.ŞTİ,0.0,0.6875,16,2,2,2,0.6931471805599453,0.6931471805599453,-15.517947982665458
firm_raw,OR-BİM BİLGİ İŞLEM V E İLET.HİZ.SAN.V E TİC.LTD.ŞTİ.,0.0,0.5185185185185186,9,1,1,1,0.0,0.0,-15.517947982665458
firm_raw,NORM SİSTEM TEKNOLOJİ ANONİM ŞİRKETİ,0.0,0.2650000000000001,20,1,1,2,0.0,0.6931471805599453,-15.517947982665458
firm_raw,VİA İNSAN KAYNAKLARI HİZMETLERİ VE LİMİTED ŞİRKETİ,0.0,0.56,5,1,1,1,0.0,0.0,-15.517947982665458
firm_raw,VERİ KORUMA YAZILIM İLETİŞİM HİZMETLERİ SANAYİ TİCARET LİMİTED ŞİRKETİ,0.0,0.56,5,1,1,1,0.0,0.0,-15.517947982665458
firm_raw,TEKE ORGANİZASYON ETKİNLİK YÖNETİMİ TİCARET LİMİTED ŞİRKETİ,0.0,0.37037037037037035,9,1,1,1,0.0,0.0,-15.517947982665458
firm_raw,MATE TEKNOLOJİ TİCARET LİMİTED ŞİRKETİ,0.0,0.5680473372781065,13,1,1,2,0.0,0.6931471805599453,-15.517947982665458
firm_raw,IPM BİLGİ İŞL.ELEKT.VE OTOM.İTH.İHR.SAN.TİC.LTD.ŞTİ.,0.0,0.5680473372781065,13,1,1,1,0.0,0.0,-15.517947982665458
firm_raw,7K BİLİŞİM TEKNOLOJİLERİ VE DANIŞMANLIK İNŞAAT TAAHHÜT İTHALAT İHRACAT SANAYİ VE TİCARET LİMİTED ŞİRKETİ,0.0,0.0,3,2,5,5,1.6094379124341003,1.6094379124341003,-15.517947982665458
firm_raw,İNFİNİDİUM TEKNOLOJİ VE BİLİŞİM SANAYİ TİCARET ANONİM ŞİRKETİ,0.0,0.3413111342351718,31,1,1,1,0.0,0.0,-15.517947982665458
firm_raw,TES BİLİŞİM HİZMETLERİ SANAYİ VE TİCARET LİMİTED ŞİRKETİ,0.0,0.3413111342351718,31,1,1,1,0.0,0.0,-15.517947982665458
firm_raw,A.D.R.İLKER OTOMOTİV TUR.SAN.VE TİC.L TD.ŞTİ.,0.0,0.6666666666666667,9,1,1,1,0.0,0.0,-15.517947982665458
firm_raw,GİLBO ELEKTRONİK MAKİNE ENERJİ GIDA İNŞAAT SANAYİ İÇ VE DIŞ TİCARET LİMİTED ŞİRKETİ,0.0,0.44897959183673464,7,2,2,2,0.6931471805599453,0.6931471805599453,-15.517947982665458
firm_raw,ELAZIĞ ZEMİN HARİTA MÜHENDİSLİK MÜTEAHHİTLİK SANAYİ VE TİCARET LİMİTED ŞİRKETİ,0.0,0.44897959183673464,7,1,1,1,0.0,0.0,-15.517947982665458
firm_raw,HMD BİLİŞİM VE TEKNOLOJİ HİZMETLERİ SANAYİ TİCARET LİMİTED ŞİRKETİ,0.0,0.37037037037037035,9,1,1,1,0.0,0.0,-15.517947982665458
firm_raw,GAZİSOFT BİLİŞİM SANAYİ TİC.LTD.ŞTİ,0.0,0.37037037037037035,9,3,1,3,0.0,1.0986122886681098,-15.517947982665458
firm_raw,DT TELEKOMÜNİKASYON BİLİŞİM VE DAYANIKLI TÜKETİM MALLARI SERVİS HİZM.TURİZM VE İNŞAAT TİC.LTD.ŞTİ.,0.0,0.5680473372781065,13,1,1,1,0.0,0.0,-15.517947982665458
firm_raw,DATAPLATFORM BİLGİ SİSTEMLERİ ANONİM ŞİRKETİ,0.0,0.5680473372781065,13,1,1,1,0.0,0.0,-15.517947982665458
firm_raw,CSK BİLİŞİM TEKNOLOJİLERİ SANAYİ VE TİCARET LİMİTED ŞİRKETİ,0.0,0.37037037037037035,9,1,1,1,0.0,0.0,-15.517947982665458
firm_raw,İNOOSTER BİLGİ TEKNOLOJİLERİ ANONİM ŞİRKETİ,0.0,0.7654320987654322,9,1,1,1,0.0,0.0,-15.517947982665458
firm_raw,VİAVİZYON LED TEKNOLOJİLERİ TRAFİK YÖNETİM SİSTEMLERİ SANAYİ VE TİCARET LİMİTED ŞİRKETİ,0.0,0.5,2,1,1,1,0.0,0.0,-15.517947982665458
firm_raw,SGE MÜHENDİSLİK ELEKTRİK OTOMASYON BİLGİ İŞLEM SANAYİ VE TİCARET LİMİTED ŞİRKETİ,0.0,0.4444444444444444,3,1,1,1,0.0,0.0,-15.517947982665458
firm_raw,SENTEZ GEÇİŞ KONTROL GÜVENLİK SİSTEMLERİ VE YAZILIM HİZMETLERİ TİCARET LİMİTED ŞİRKETİ,0.0,0.4600000000000001,10,1,1,1,0.0,0.0,-15.517947982665458
firm_raw,MOSSTAR YÜKSEK TEKNOLOJİ ÇÖZÜMLERİ SANAYİ TİCARET LİMİTED ŞİRKETİ,0.0,0.4600000000000001,10,1,1,1,0.0,0.0,-15.517947982665458
firm_raw,PSEUDONYM_610,0.0,0.0,2,3,1,11,0.0,2.3978952727983707,-15.517947982665458
firm_raw,ANKARA BİLGİ TEKNOLOJİLERİ REKLAMCILIK TURİZM SANAYİ VE TİCARET LİMİTED ŞİRKETİ,0.0,0.0,2,1,1,1,0.0,0.0,-15.517947982665458
firm_raw,RİSKAKTİF DANIŞMANLI K EĞİTİM VE YAZI LIM SAN.TİC.LTD.,0.0,0.4609375,16,1,1,1,0.0,0.0,-15.517947982665458
firm_raw,PSEUDONYM_422,0.0,0.49382716049382713,9,1,1,1,0.0,0.0,-15.517947982665458
firm_raw,PSEUDONYM_386,0.0,0.4609375,16,1,1,1,0.0,0.0,-15.517947982665458
firm_raw,PSEUDONYM_046,0.0,0.49382716049382713,9,1,1,1,0.0,0.0,-15.517947982665458
firm_raw,KUARTSİS BİLİŞİM MÜHENDİSLİK EĞİTİM DANIŞMANLIK SANAYİ VE TİCARET LİMİTED ŞİRKETİ,0.0,0.4609375,16,1,1,1,0.0,0.0,-15.517947982665458
firm_raw,KBM BİLGİSAYAR İLETİŞİM SANAYİ VE TİCARET LİMİTED ŞİRKETİ,0.0,0.4609375,16,2,1,2,0.0,0.6931471805599453,-15.517947982665458
firm_raw,CYNOKS BİLİŞİM TEKNOLOJİLERİ DANIŞMANLIK HİZMETLERİ LİMİTED ŞİRKETİ,0.0,0.4609375,16,1,1,1,0.0,0.0,-15.517947982665458
firm_raw,CYBERDATA BİLGİ GÜVENLİĞİ VE TEKNOLOJİLERİ ANONİM ŞİRKETİ,0.0,0.4609375,16,1,1,1,0.0,0.0,-15.517947982665458
firm_raw,ANOVA ARGE TEKNOLOJİLERİ SANAYİ VE TİCARET ANONİM ŞİRKETİ,0.0,0.0,4,1,1,1,0.0,0.0,-15.517947982665458
firm_raw,MAKSİMUM DONAN.YAZL.BİL.İLTŞ.VE REKLSAN.TİC.LTD.ŞTİ.,0.0,0.0,1,1,1,1,0.0,0.0,-15.517947982665458
firm_raw,ANKON MİMARLIK MÜHENDİSLİK İNŞAAT SAN VE TİC.LTD.ŞTİ,0.0,0.0,1,1,1,1,0.0,0.0,-15.517947982665458
firm_raw,ANKATUR ORGANİZASYON SEYAHAT TURİZM OTOMOTİV SANAYİ VE TİCARET LİMİTED ŞİRKETİ,0.0,0.4444444444444444,3,1,1,1,0.0,0.0,-15.517947982665458
firm_raw,YENTEK MODEL TASARIM MÜHENDİSLİK TURİZM LİMİTED ŞİRKETİ,0.0,0.7160493827160495,9,1,1,1,0.0,0.0,-15.517947982665458
firm_raw,PRİNTER CENTER BİLİŞİM ELEKTRONİK VE GÜÇ SİSTEMLERİ SANAYİ VE TİCARET LİMİTED ŞİRKETİ,0.0,0.7160493827160495,9,1,1,1,0.0,0.0,-15.517947982665458
firm_raw,GAZİANTEP BİLİŞİM VE AKILLI KENT TEKNOLOJİLERİ ANONİM ŞİRKETİ,0.0,0.7160493827160495,9,2,2,2,0.6931471805599453,0.6931471805599453,-15.517947982665458
firm_raw,ANKARA TEKNOBİL BİLGİSAY.GÜ.SİS.MÜ.KIR.EL.ELK.SA.VE Tİ.LT.ŞT,0.0,0.0,1,1,1,1,0.0,0.0,-15.517947982665458
firm_raw,ARKSOFT BİLİŞİM TEKNOLOJİ TİCARET SANAYİ ANONİM ŞİRKETİ,0.0,0.4444444444444444,3,2,1,2,0.0,0.6931471805599453,-15.517947982665458
firm_raw,ANKARA EGS ELEKTRİK ELEKTRONİK MİMARLIK MÜHENDİSLİK İNŞAAT SANAYİ VE TİCARET LİMİTED ŞİRKETİ,0.0,0.4444444444444444,3,1,1,1,0.0,0.0,-15.517947982665458
firm_raw,BMM MEDİKAL TURİZM TEMİZLİK İNŞAAT GIDA HAYVANCILIK SOSYAL HİZMETLER SANAYİ VE TİCARET LİMİTED ŞİRKETİ,0.0,0.0,3,1,1,1,0.0,0.0,-15.517947982665458
firm_raw,ANKARA DESTEK SOSYAL HİZMETLER SANAYİ VE TİCARET LİMİTED ŞİRKETİ,0.0,0.0,3,1,1,1,0.0,0.0,-15.517947982665458
firm_raw,İNSOFTPRO YAZILIM HİZMETLERİ SANAYİ VE TİCARET LİMİTED ŞİRKETİ,0.0,0.4600000000000001,10,1,1,1,0.0,0.0,-15.517947982665458
firm_raw,UNİCON KALİTE ENFORMASYON SİS.DANIŞMANLIK TAAHHÜT TİCARET LİMİTED ŞİRKETİ,0.0,0.0,1,1,1,1,0.0,0.0,-15.517947982665458
firm_raw,PSEUDONYM_182,0.0,0.4444444444444444,3,1,1,1,0.0,0.0,-15.517947982665458
firm_raw,PSEUDONYM_658,0.0,0.4444444444444444,3,1,1,1,0.0,0.0,-15.517947982665458
firm_raw,AORT SAĞLIK HİZMETLERİ VE BİLGİ İŞLEM SİSTEMLERİ TURİZM İNŞAAT SANAYİ TİCARET LİMİTED ŞİRKETİ,0.0,0.4444444444444444,3,1,1,1,0.0,0.0,-15.517947982665458
firm_raw,AOG BİLİŞİM İLETİŞİM GÜVENLİK SİSTEMLERİ SANAYİ VE TİCARET LİMİTED ŞİRKETİ,0.0,0.4444444444444444,3,1,1,1,0.0,0.0,-15.517947982665458
firm_raw,TEKSAM İLETİŞİM TİCARET VE SANAYİ LİMİTED ŞİRKETİ,0.0,0.37037037037037035,9,1,1,1,0.0,0.0,-15.517947982665458
firm_raw,GOBLİN SİSTEM ELEKTRONİK ANONİM ŞİRKETİ,0.0,0.3413111342351718,31,1,1,1,0.0,0.0,-15.517947982665458
firm_raw,C.S.S.YAZILIM ÇÖZÜML ERİ LTD ŞTİ,0.0,0.3413111342351718,31,1,1,2,0.0,0.6931471805599453,-15.517947982665458
firm_raw,BPM ULUSLARARASI MÜŞAVİRLİK İNŞAAT TAAHÜT LTD.ŞTİ.,0.0,0.3413111342351718,31,1,1,1,0.0,0.0,-15.517947982665458
firm_raw,7GEN BİLGİ VE İLETİŞ İM HİZMETLERİ SA N.VE TİC.LTD.ŞTİ,0.0,0.3413111342351718,31,1,1,1,0.0,0.0,-15.517947982665458
firm_raw,CODEX YAZILIM HİZMETLERİ TİCARET LİMİTED ŞİRKETİ.,0.0,0.765625,16,3,1,6,0.0,1.791759469228055,-15.517947982665458
firm_raw,ISS YAZILIM BİLİŞİM DANIŞMANLIK ENERJİ SANAYİ VE TİCARET LİMİTED ŞİRKETİ,0.0,0.0,3,2,1,3,0.0,1.0986122886681098,-15.517947982665458
firm_raw,EGROUP TIBBİ CİHAZLAR TEKNOLOJİ DANIŞMANLIK İNŞAAT İTHALAT İHRACAT LİMİTED ŞİRKETİ,0.0,0.0,3,1,1,1,0.0,0.0,-15.517947982665458
firm_raw,DOKTAR TEKNOLOJİ ANONİM ŞİRKETİ,0.0,0.6666666666666667,3,1,1,1,0.0,0.0,-15.517947982665458
firm_raw,VERİFY VERİ İLETİŞİMİ VE ENFORMASYON TEKNOLOJİSİ LİMİTED ŞİRKETİ,0.0,0.1049382716049383,18,1,1,1,0.0,0.0,-15.517947982665458
firm_raw,PSEUDONYM_153,0.0,0.3413111342351718,31,1,1,1,0.0,0.0,-15.517947982665458
firm_raw,NEBULA BİLİŞİM SİSTEMLERİ SAN.VE TİCLTD.ŞTİ.,0.0,0.3413111342351718,31,1,1,1,0.0,0.0,-15.517947982665458
firm_raw,ANTE SAVUNMA ELEKTRONİK VE GÜVENLİK TEKNOLOJİLERİ SANAYİ TİCARET ANONİM ŞİRKETİ,0.0,0.37037037037037035,9,1,1,1,0.0,0.0,-15.517947982665458
firm_raw,ANTASYA YAZILIM BİLGİSAYAR VE ELEKRONİK SİSTEMLERİ İLETİŞİM ENERJİ İNŞAAT MEDİKAL TİCARET LTD ŞTİ,0.0,0.0,1,1,1,1,0.0,0.0,-15.517947982665458
firm_raw,ANT TEKNİK CİHAZLARPAZARLAMA VE DIŞTİC.LTD.ŞTİ.,0.0,0.0,2,1,1,1,0.0,0.0,-15.517947982665458
firm_raw,BOM BİLİŞİM SANAYİ VE TİCARET ANONİM ŞİRKETİ,0.0,0.0,5,1,1,1,0.0,0.0,-15.517947982665458
firm_raw,ARGE GRUP BİLİŞİM İN Ş MAK.ELEK.TEKS. SAN.VE TİC.LTD.Ş,0.0,0.0,5,1,1,1,0.0,0.0,-15.517947982665458
firm_raw,ANSA OTOMASYON BİLGİ SAYAR MÜHENDİSLİ K SAN.TİC.LTD.ŞT,0.0,0.0,5,2,2,2,0.6931471805599453,0.6931471805599453,-15.517947982665458
firm_raw,GRID BİLİŞİM VE BİLGİ TEKNOLOJİSİ DANIŞMAN.SAN.TİC.LTD.ŞTİ.,0.0,0.0,4,1,1,1,0.0,0.0,-15.517947982665458
firm_raw,F2 CONNECT ELEKTRİK ELEKTRONİK SANAYİ VE TİCARET LİMİTED ŞİRKETİ,0.0,0.23818525519848766,23,1,1,1,0.0,0.0,-15.517947982665458
firm_raw,EVREKA BİLİŞİM TEKNOLOJİLERİ SANAYİVE TİC.LTD.ŞTİ.,0.0,0.23818525519848766,23,1,1,1,0.0,0.0,-15.517947982665458
firm_raw,DATABUL YAZILIM DANIŞMANLIK TİCARET LİMİTED ŞİRKETİ,0.0,0.23818525519848766,23,1,1,1,0.0,0.0,-15.517947982665458
firm_raw,CORPUPP BİLGİ TEKNOLOJİLERİ SANAYİ VE TİCARET LİMİTED ŞİRKETİ,0.0,0.23818525519848766,23,1,1,1,0.0,0.0,-15.517947982665458
firm_raw,BTPLUS BİLİŞİM TEKNOLOJİLERİ TİCARET LİMİTED ŞİRKETİ,0.0,0.5925925925925926,18,1,1,1,0.0,0.0,-15.517947982665458
firm_raw,BTM TEKNOLOJİ BİLGİSAYAR VE GÜVENLİK SİSTEMLERİ SANAYİ TİCARET LİMİTED ŞİRKETİ,0.0,0.5925925925925926,18,2,1,2,0.0,0.6931471805599453,-15.517947982665458
firm_raw,AYNET BİLGİ TEKNOLOJİLERİ SANAYİ VE TİCARET LİMİTED ŞİRKETİ,0.0,0.23818525519848766,23,1,1,1,0.0,0.0,-15.517947982665458
firm_raw,ATLANTİS İNSAN KAYNAKLARI TİCARET LİMİTED ŞİRKETİ,0.0,0.7346938775510204,7,1,1,1,0.0,0.0,-15.517947982665458
firm_raw,ARTI TEK. BORA TAYFUN ŞAHİNOĞLU SÜLEYMANŞAHİNOĞLU KOLL.ŞTİ.,0.0,0.23818525519848766,23,1,1,1,0.0,0.0,-15.517947982665458
firm_raw,TRUST BİLGİ TEKNOLOJİLERİ ARGE TİCARET ANONİM ŞİRKETİ,0.0,0.4444444444444444,3,1,1,1,0.0,0.0,-15.517947982665458
firm_raw,TREVİ TEKNOLOJİ BİLGİ İŞLEM DANIŞMANLIK İNTERNET HİZMETLERİ ELEKTRİK ELEKTRONİK SARF MALZEME TEKNİK SERVİS HİZMETLERİ İTHALAT İHRACAT SANAYİ VE TİCARET LİMİTED ŞİRKETİ,0.0,0.31999999999999984,5,1,1,1,0.0,0.0,-15.517947982665458
firm_raw,TBİM BİLŞİM TEKNOLOJİLERİ SANAYİ VE TİCARET LİMİTED ŞİRKETİ,0.0,0.7777777777777778,12,1,1,1,0.0,0.0,-15.517947982665458
firm_raw,TBİM BİLİŞİM TEKNOLOJİLERİ SANAYİ VE TİCARET LİMİTED ŞİRKETİ,0.0,0.7777777777777778,12,1,1,1,0.0,0.0,-15.517947982665458
firm_raw,SEPRA EĞİTİM DANIŞMANLIK TARIM İMAR VE KENTSEL DÖNÜŞÜM ANONİM ŞİRKETİ,0.0,0.7777777777777778,12,1,1,1,0.0,0.0,-15.517947982665458
firm_raw,SENKRON YAZILIM HİZMETLERİ ANONİM ŞİRKETİ,0.0,0.23818525519848766,23,3,4,8,1.3862943611198906,2.0794415416798357,-15.517947982665458
firm_raw,SENKRON BİLGİSAYAR OTOM.SİST.EĞİT.DAN.SAN.VE TİC.LTD,0.0,0.23818525519848766,23,1,1,1,0.0,0.0,-15.517947982665458
firm_raw,SAV DANIŞMANLIK MEDİKAL İLAÇ SAĞLIK VE EĞİTİM HİZMETLERİ TİCARET LİMİTED ŞİRKETİ,0.0,0.7346938775510204,7,1,1,1,0.0,0.0,-15.517947982665458
firm_raw,PSEUDONYM_459,0.0,0.7346938775510204,7,1,1,1,0.0,0.0,-15.517947982665458
firm_raw,PSEUDONYM_413,0.0,0.23818525519848766,23,1,1,1,0.0,0.0,-15.517947982665458
firm_raw,PSEUDONYM_154,0.0,0.4297520661157025,11,1,1,2,0.0,0.6931471805599453,-15.517947982665458
firm_raw,ORBİSİS BİLİŞİM SANAYİ VE TİCARET LİMİTED ŞİRKETİ,0.0,0.4297520661157025,11,1,1,1,0.0,0.0,-15.517947982665458
firm_raw,NETWORK KURUMSAL BİLGİSAYAR YAZILIM İNŞAAT LİMİTED ŞİRKETİ,0.0,0.5,6,1,1,1,0.0,0.0,-15.517947982665458
firm_raw,NETCORE BİLİŞİM HİZMETLERİ ANONİM ŞİRKETİ - ANKARA,0.0,0.4444444444444444,3,1,1,1,0.0,0.0,-15.517947982665458
firm_raw,APRO BİLGİ TEKNOLOJİLERİ ANONİM ŞİRKETİ,0.0,0.0,5,1,1,1,0.0,0.0,-15.517947982665458
firm_raw,PSEUDONYM_010,0.0,0.0,3,1,1,1,0.0,0.0,-15.517947982665458
firm_raw,PROSİSTEM BİLGİSAYAR SİSTEM VE SERVİS HİZMETLERİ LTD.Ş,0.0,0.0,3,1,1,1,0.0,0.0,-15.517947982665458
firm_raw,APPS AKADEMİ YAZILIM SANAYİ TİCARET LİMİTED ŞİRKETİ,0.0,0.0,3,1,1,2,0.0,0.6931471805599453,-15.517947982665458
firm_raw,ŞEHREMİNİ ŞEHİR KURUMLARI SİYASETİ VE YÖNETİM HİZMETLERİ A.Ş.,0.0,0.5925925925925926,18,1,2,2,0.6931471805599453,0.6931471805599453,-15.517947982665458
firm_raw,İMEX GLOBAL DANIŞMANLIK VE DIŞ TİCARET LİMİTED ŞİRKETİ,0.0,0.4297520661157025,11,1,1,1,0.0,0.0,-15.517947982665458
firm_raw,İKİNOKTA BİLGİ TEKNOLOJİLERİ VE SİSTEM ENTEGRASYON HİZMETLERİ TİCARET ANONİM ŞİRKETİ,0.0,0.23818525519848766,23,1,1,2,0.0,0.6931471805599453,-15.517947982665458
firm_raw,İ3 TEKNOLOJİ YATIRIMLARI ANONİM ŞİRKETİ,0.0,0.4297520661157025,11,1,1,1,0.0,0.0,-15.517947982665458
firm_raw,TEMAS BİLGİ VE GÖRSEL İLETİŞİM TEKNOLOJİLERİ LİMİTED ŞİRKETİ,0.0,0.44628099173553715,11,1,1,1,0.0,0.0,-15.517947982665458
firm_raw,PSEUDONYM_120,0.0,0.5714285714285714,7,1,1,1,0.0,0.0,-15.517947982665458
firm_raw,OEM BİLİŞİM TEKNOLOJİLERİ VE TİCARET LİMİTED ŞİRKETİ,0.0,0.44628099173553715,11,1,1,1,0.0,0.0,-15.517947982665458
firm_raw,ÇÖZÜM YAZILIM DONANIM ELEKT.İÇ VE DIŞ TİC.A.Ş.,0.0,0.40625,8,1,1,1,0.0,0.0,-15.517947982665458
firm_raw,PSEUDONYM_221,0.0,0.31999999999999984,5,2,2,2,0.6931471805599453,0.6931471805599453,-15.517947982665458
firm_raw,MALİ HİZMETLER DERNEĞİ İKTİSADİ İŞLETMESİ,0.0,0.31999999999999984,5,1,1,1,0.0,0.0,-15.517947982665458
firm_raw,YENİTEKNOLOJİ BİLİŞİM HİZMETLERİ SANAYİ VE TİCARET LİMİTED ŞİRKETİ.,0.0,0.78125,8,1,1,1,0.0,0.0,-15.517947982665458
firm_raw,YAZMER BİLGİSAYAR YAZILIM DONANIM DANIŞMANLIK SANAYİ VE TİCARET LİMİTED ŞİRKETİ,0.0,0.31999999999999984,5,1,1,1,0.0,0.0,-15.517947982665458
firm_raw,VİSİOSOFT YAZILIM SANAYİ VE TİCARET LİMİTED ŞİRKETİ,0.0,0.23818525519848766,23,1,1,1,0.0,0.0,-15.517947982665458
firm_raw,VRLAB ACADEMY YAZILIM ANONİM ŞİRKETİ,0.0,0.23818525519848766,23,1,1,1,0.0,0.0,-15.517947982665458
firm_raw,UĞUR BİLGİ TEKNOLOJİLERİ ENERJİ VE DANIŞ HİZ. SAN. TİC. A.Ş.,0.0,0.23818525519848766,23,1,1,1,0.0,0.0,-15.517947982665458
firm_raw,TWİN UP TEKNOLOJİ SANAYİ VE TİCARET LİMİTED ŞİRKETİ,0.0,0.5,6,1,1,1,0.0,0.0,-15.517947982665458
firm_raw,SOLVEKA YAZILIM TELEKOMİNİKASYON BİLGİ VE İLETİŞİM EĞİTİM TEKNOLOJİLERİ VE HİZMETLERİ ELEKTRONİK SANAYİ VE TİCARET LİMİTED ŞİRKETİ,0.0,0.19753086419753085,9,1,1,1,0.0,0.0,-15.517947982665458
firm_raw,NETSİS İLETİŞİM VE BİLGİ TEKNO İNŞ TUR SAN TİC LTD Ş,0.0,0.19753086419753085,9,1,1,1,0.0,0.0,-15.517947982665458
firm_raw,MAVİNCİ BİLİŞİM ENDÜSTRİYELUYGULAMALAR EĞİTİM VE DANIŞMANLIK HİZMETLERİ SANAYİ TİCARET LİMİTED ŞİRKETİ,0.0,0.19753086419753085,9,1,1,1,0.0,0.0,-15.517947982665458
firm_raw,ART1 SİSTEM YAZILIM BİLİŞİM EĞİTİM DANIŞMANLIK SANAYİ VE TİCARET LİMİTED ŞİRKETİ,0.0,0.19753086419753085,9,1,1,1,0.0,0.0,-15.517947982665458
firm_raw,ARESS TURUZM REKLAMCILIK DANIŞMANLIK İNŞAAT EĞİTİM İTHALAT İHRACAT TİCARET LİMİTED ŞİRKETİ,0.0,0.19753086419753085,9,1,1,1,0.0,0.0,-15.517947982665458
firm_raw,ARD GRUP BİLİŞİM MEDİKAL DANIŞMANLIK TİCLTD ŞTİ,0.0,0.19753086419753085,9,3,2,3,0.6931471805599453,1.0986122886681098,-15.517947982665458
firm_raw,ELSA TEKNOLOJİK ÜRÜNLER SANAYİ VE TİCARET LİMİTED ŞİRKETİ,0.0,0.6111111111111112,6,1,1,1,0.0,0.0,-15.517947982665458
firm_raw,ARTİST FİLM PRODÜKSİ YON SANAYİ TİCARET L TD.ŞTİ.,0.0,0.6111111111111112,6,1,1,1,0.0,0.0,-15.517947982665458
firm_raw,ARCEON ELEKTRONİK Sİ STEMLERİ VE TEKN SAN.VE TİC.LTD.Ş,0.0,0.6111111111111112,6,1,1,1,0.0,0.0,-15.517947982665458
firm_raw,ARAL İKLİMLENDİRME TEMİZLİK İNŞAAT TARIM İZOLASYON BİLGİSAYAR SANAYİ VE TİCARET LİMİTED ŞİRKETİ,0.0,0.0,2,1,1,1,0.0,0.0,-15.517947982665458
firm_raw,ZİRVE TRAFİK İNŞAAT SANAYİ VE TİCARET ANONİM ŞİRKETİ,0.0,0.0,2,1,1,1,0.0,0.0,-15.517947982665458
firm_raw,VEKTRA BİLGİ İŞLEM BİL.KUR.ELK.REK.MATBAEĞİ.SAN TİC.LTD.ŞTİ,0.0,0.0,5,2,2,2,0.6931471805599453,0.6931471805599453,-15.517947982665458
firm_raw,VAŞA TURİZM TEM.İNŞ.TAAH.MED.BİLG.SAN.VE TİC.LTD.ŞTİ,0.0,0.0,5,1,1,1,0.0,0.0,-15.517947982665458
firm_raw,PSEUDONYM_273,0.0,0.0,5,1,1,1,0.0,0.0,-15.517947982665458
firm_raw,ARG GRUP BİLİŞİM TEKNOLOJİLERİ TİCARET LİMİTED ŞİRKETİ,0.0,0.5265348595213319,31,1,2,2,0.6931471805599453,0.6931471805599453,-15.517947982665458
firm_raw,YERSİS ANALİZ MODELLEME EĞİTİM DANIŞMANLIK HİZMETLERİ SANAYİ VE TİCARET LİMİTED ŞİRKETİ,0.0,0.1049382716049383,36,1,1,1,0.0,0.0,-15.517947982665458
firm_raw,VERİGO TEKNOLOJİ VE İNŞAAT TİCARET LİMİTED ŞİRKETİ,0.0,0.1049382716049383,36,1,1,1,0.0,0.0,-15.517947982665458
firm_raw,ULTRON BİLİŞİM ANONİM ŞİRKETİ,0.0,0.40625,8,1,1,1,0.0,0.0,-15.517947982665458
firm_raw,TELEMETRİK ELEKTRONİ K YAZILIM BİLGİS.SAN TİC.LTD.ŞTİ.,0.0,0.1049382716049383,36,1,1,1,0.0,0.0,-15.517947982665458
firm_raw,PSEUDONYM_570,0.0,0.1049382716049383,36,2,2,2,0.6931471805599453,0.6931471805599453,-15.517947982665458
firm_raw,ORİON BT BİLİŞİM HİZMETLERİ LİMİTED ŞİRKETİ,0.0,0.24489795918367352,7,1,1,1,0.0,0.0,-15.517947982665458
firm_raw,OAK SERBEST MUHASEBECİ MALİ MÜŞAVİRLİK LİMİTED ŞİRKETİ,0.0,0.24489795918367352,7,1,1,2,0.0,0.6931471805599453,-15.517947982665458
firm_raw,NİLTEK YAZILIM TEKNOLOJİLERİ ANONİM ŞİRKETİ,0.0,0.1049382716049383,36,1,1,1,0.0,0.0,-15.517947982665458
firm_raw,ELADA TEKNOLOJİ ANONİM ŞİRKETİ,0.0,0.1049382716049383,36,2,1,2,0.0,0.6931471805599453,-15.517947982665458
firm_raw,COĞRAFİ MÜHENDİSLİK HİZMETLERİ TİCARET LİMİTED ŞİRKETİ,0.0,0.1049382716049383,36,1,1,1,0.0,0.0,-15.517947982665458
firm_raw,ARGOSIA TEKNOLOJİ DANIŞMANLIK YAZ.PAZ.TİC.LTD.ŞTİ.,0.0,0.4850000000000001,20,1,1,1,0.0,0.0,-15.517947982665458
firm_raw,ARGETE YAZILIM BİLİŞİM SANAYİ VE TİCARET LİMİTED ŞİRKETİ LİMİTED ŞİRKETİ,0.0,0.0,1,1,1,1,0.0,0.0,-15.517947982665458
firm_raw,İTEZ MİMARLIK MÜHEND İSLİK İNŞ.VE TİC .LTD.ŞTİ.,0.0,0.5265348595213319,31,1,1,1,0.0,0.0,-15.517947982665458
firm_raw,"İSBAK İSTANBUL BİLİŞİM VE AKILLI KENT TEKNOLOJİLERİ A.Ş., ANKA COĞRAFİ BİLGİ TEKNOLOJİLERİ SANAYİTİC.LTD.ŞTİ. İş Ortaklığı",0.0,0.5265348595213319,31,1,1,1,0.0,0.0,-15.517947982665458
firm_raw,YÜKSEL PROJE ULUSLARARASI ANONİM ŞİRKETİ,0.0,0.5265348595213319,31,1,1,1,0.0,0.0,-15.517947982665458
firm_raw,YÜKSEL DOMANİÇ MÜH.LTD.ŞTİ.,0.0,0.5265348595213319,31,1,1,1,0.0,0.0,-15.517947982665458
firm_raw,YENİ NESİL SAĞLIK TURİZM OTOMOTİV İNŞAAT SOSYAL HİZMETLER GIDA SANAYİ VE TİCARET A.Ş.,0.0,0.5625,8,1,1,2,0.0,0.6931471805599453,-15.517947982665458
firm_raw,SOME PROJE MÜHENDİSLİK TİCARET LİMİTED ŞİRKETİ,0.0,0.4800000000000001,10,1,1,1,0.0,0.0,-15.517947982665458
firm_raw,PSEUDONYM_447,0.0,0.0,2,1,1,2,0.0,0.6931471805599453,-15.517947982665458
firm_raw,ODYA BİLİŞİM TEKNOLOJİLERİ ANONİM ŞİRKETİ,0.0,0.1049382716049383,18,1,1,1,0.0,0.0,-15.517947982665458
firm_raw,BFC BİLİŞİM DANIŞMANLIK MÜHENDİSLİK EĞİTİM VE TİCARET LİMİTED ŞİRKETİ,0.0,0.1049382716049383,18,1,1,1,0.0,0.0,-15.517947982665458
firm_raw,4G İLETİŞİM TEKNOLOJİ.BİLG.İML.SAN.TİC.ANONİM ŞİRKETİ,0.0,0.1049382716049383,18,1,1,1,0.0,0.0,-15.517947982665458
firm_raw,ORTANA ELEKTRONİK YAZILIM TAAHHÜT SANAYİ VE TİC.A.Ş.,0.0,0.5265348595213319,31,1,1,1,0.0,0.0,-15.517947982665458
firm_raw,NET HARİTA İNŞ.SAN.VE TİC.LTD.ŞTİ.,0.0,0.5265348595213319,31,1,1,1,0.0,0.0,-15.517947982665458
firm_raw,METEK GRUP BİLİŞİM TEKNOLOJİLERİ ANONİM ŞİRKETİ,0.0,0.5265348595213319,31,1,1,1,0.0,0.0,-15.517947982665458
firm_raw,MEKANSAL ZEKA YAZILIM ELEKTRONİK DANIŞMANLIK EĞİTİM ORGANİZASYON TİCARET LİMİTED ŞİRKETİ,0.0,0.5265348595213319,31,1,1,1,0.0,0.0,-15.517947982665458
firm_raw,LETA GRUP ELEKTRİK ELEKTRONİK BİLGİSAYAR TURİZM İNŞAAT OTOMOTİV İTHALAT İHRACAT SANAYİ VE TİCARET LİMİTED ŞİRKETİ,0.0,0.5265348595213319,31,1,1,1,0.0,0.0,-15.517947982665458
firm_raw,HİDROTEK MİMARLIK MÜ HENDİSLİK TİC.LTD.ŞT İ.,0.0,0.5265348595213319,31,1,1,1,0.0,0.0,-15.517947982665458
firm_raw,"GÜNCEL MEVZUATI ARAŞTIRMA VE EĞİTİM DERNEĞİ İKTİSADİ İŞLETMESİ, SYSTEM BİLİŞİM İNŞAAT TEKSTİL GIDA SANAYİ DIŞ TİCARET LİMİTED ŞİRKETİ Ortak Girişimi",0.0,0.5265348595213319,31,1,1,1,0.0,0.0,-15.517947982665458
firm_raw,FORENDA BİLİŞİM TEKNOLOJİLERİ EĞİTİM VE DANIŞMANLIK TİCARET LİMİTED ŞİRKETİ,0.0,0.6666666666666667,6,1,1,1,0.0,0.0,-15.517947982665458
firm_raw,DİJİTEK BİLGİ TEKNOLOJİLERİ BİLGİSAYAR YAZILIM EĞİTİM VE DANIŞMANLIK HİZMETLERİ SANAYİ VE TİCARET LİMİTED ŞİRKETİ,0.0,0.6666666666666667,6,1,1,1,0.0,0.0,-15.517947982665458
firm_raw,İNTERGRAF BİLİŞİM TEKNOLOJİLERİ SANAYİ VE TİCARET ANONİM ŞİRKETİ,0.0,0.40625,8,1,1,1,0.0,0.0,-15.517947982665458
firm_raw,MARTA TEKNOLOJİ SANAYİ VE TİCARET ANONİM ŞİRKETİ,0.0,0.40625,8,1,1,1,0.0,0.0,-15.517947982665458
firm_raw,ARGUS TEKNOLOJİ BİLİŞİM SANAYİ TİCARET ANONİM ŞİRKETİ,0.0,0.40625,8,2,1,2,0.0,0.6931471805599453,-15.517947982665458
firm_raw,PSEUDONYM_662,0.0,0.4850000000000001,20,1,1,1,0.0,0.0,-15.517947982665458
firm_raw,NEVADA ELEKTRONİK SİS.SAN VE TİC LTD ŞTİ,0.0,0.4850000000000001,20,1,3,3,1.0986122886681098,1.0986122886681098,-15.517947982665458
firm_raw,NETCORE BİLİŞİM HİZMETLERİ ANONİM ŞİRKETİ,0.0,0.4850000000000001,20,1,1,1,0.0,0.0,-15.517947982665458
firm_raw,KENT-YOL ŞİŞ.BL.TK.MD.İNŞ.ZEM.ET.TR TEM.HZ.GD.RK.OT.VE MET.TES.CİH.İST.EĞT.VE SAĞ.HZM.ÜR.PAZ.İŞ.DI.TİC.A.Ş,0.0,0.4850000000000001,20,1,1,1,0.0,0.0,-15.517947982665458
firm_raw,KARAT BİLİŞİM TEKNOLOJİLERİ SANAYİ VE TİCARET ANONİM ŞİRKETİ,0.0,0.4850000000000001,20,1,1,1,0.0,0.0,-15.517947982665458
firm_raw,BİLGİS BİLGİ TEKNOLOJİLERİ ANONİM ŞİRKETİ,0.0,0.4850000000000001,20,1,1,1,0.0,0.0,-15.517947982665458
firm_raw,TAYKA TEKNOLOJİ SANAYİ VE TİCARET ANONİM ŞİRKETİ,0.0,0.0,6,1,1,1,0.0,0.0,-15.517947982665458
firm_raw,"PRESTİJ BİLGİ SİSTEMLERİ ARGE YAZILIM İNŞAAT MOBİLYA SANAYİ VE TİCARET A.Ş., ARNİL-NET BİLGİSAYAR İLETİŞİM HİZMETLERİ YAZILIM TURİZM SANAYİ VE TİCARET LİMİTED ŞİRKETİ İş Ortaklığı",0.0,0.0,6,1,1,1,0.0,0.0,-15.517947982665458
firm_raw,"PRESTİJ BİLGİ SİSTEMLERİ ARGE ANONİM ŞİRKETİ, ARNİL-NET BİLGİSAYAR İLETİŞİM HİZMETLERİ YAZILIM TURİZM SANAYİ VE TİCARET LİMİTED ŞİRKETİ İş Ortaklığı",0.0,0.0,6,1,1,1,0.0,0.0,-15.517947982665458
firm_raw,SİGNUM TEKNOLOJİ TAN ITIM VE EĞİTİM L TD.ŞTİ.,0.0,0.0,3,1,1,1,0.0,0.0,-15.517947982665458
firm_raw,RDS TEKNOLOJİ DANIŞMANLIK SANAYİ VE TİCARET LİMİTED ŞİRKETİ,0.0,0.0,3,1,1,1,0.0,0.0,-15.517947982665458
firm_raw,PSEUDONYM_248,0.0,0.4444444444444444,3,1,1,1,0.0,0.0,-15.517947982665458
firm_raw,BHA İMAR PLANLAMA MÜHENDİSLİK İNŞAAT İNŞAAT MALZEMELERİ MÜŞAVİRLİK TURİZM TARIM GIDA TEKSTİL VE PETROL ÜRÜNLERİ İTHALAT İHRACAT SANAYİ VE TİCARET LİMİTED ŞİRKETİ.,0.0,0.6666666666666667,6,1,1,1,0.0,0.0,-15.517947982665458
firm_raw,VENERO BİLİŞİM SAN. VE TİCARET LİMİT ED ŞİRKETİ.,0.0,0.7272727272727273,11,1,1,1,0.0,0.0,-15.517947982665458
firm_raw,THALİA BİLİŞİM VE DANIŞMANLIK HİZMETLERİ LİMİTED ŞİRKETİ,0.0,0.6938775510204082,14,1,1,1,0.0,0.0,-15.517947982665458
firm_raw,RPATECH BİLİŞİM SANAYİ VE TİCARET LİMİTED ŞİRKETİ,0.0,0.6938775510204082,14,1,1,1,0.0,0.0,-15.517947982665458
firm_raw,NATİVE TEKNOLOJİ VE BİLİŞİM HİZMETLERİ LİMİTED ŞİRKETİ,0.0,0.6938775510204082,14,1,1,1,0.0,0.0,-15.517947982665458
firm_raw,HİMTEK MÜH.İNŞ.TİC.V E SAN.LTD.ŞTİ.,0.0,0.6938775510204082,14,1,1,1,0.0,0.0,-15.517947982665458
firm_raw,MARTI BÜRO SİSTEMLERİ İTHALAT İHRACAT VE DIŞ TİCARET LİMİTED ŞİRKETİ,0.0,0.27000000000000013,20,1,1,1,0.0,0.0,-15.517947982665458
firm_raw,E.K.S.ELEKTRONİK VEİLETİŞİM SİSTEMLERİ SANAYİ VE TİCARET LİMİTED ŞİRKETİ,0.0,0.27000000000000013,20,1,1,1,0.0,0.0,-15.517947982665458
firm_raw,ARTI BİLİŞİM TEKNOLOJİLERİ BİLGİSAYAR ELEKTRONİK VE OTOMASYON SİSTEMLERİ DIŞ TİCARET PAZARLAMA LİMİTED ŞİRKETİ,0.0,0.27000000000000013,20,1,1,2,0.0,0.6931471805599453,-15.517947982665458
firm_raw,SAĞLIK.NET BİLİŞİM T EKNO MTB VE TANT HİZ TİC LTD ŞTİ,0.0,0.0,2,1,1,1,0.0,0.0,-15.517947982665458
firm_raw,ARTEM GRUP SOSYAL HİZM.BİLGİ VERİ OTOMASİNŞ.SAN.VE TİC.LTD.Ş,0.0,0.0,2,1,1,1,0.0,0.0,-15.517947982665458
firm_raw,CEN-KA ELEKTRİK ELEKTRONİK TURİZM İNŞAAT SANAYİ VE TİCARET LİMİTED ŞİRKETİ,0.0,0.4800000000000001,10,1,1,2,0.0,0.6931471805599453,-15.517947982665458
firm_raw,CAPTURE BİLGİSAYAR BİLİŞİM VE İSTİHDAM HİZMETLERİ SANAYİ TİCARET LİMİTED ŞİRKETİ,0.0,0.4800000000000001,10,1,1,1,0.0,0.0,-15.517947982665458
firm_raw,BYTEDATA BİLGİSAYAR SİS.TİC.LTD.ŞTİ.,0.0,0.5625,8,2,1,5,0.0,1.6094379124341003,-15.517947982665458
firm_raw,ANALİZ BİLGİSAYAR İNTERNET HİZ.TEKS.SAN.VE TİC.LTD.Ş,0.0,0.40625,8,2,2,2,0.6931471805599453,0.6931471805599453,-15.517947982665458
firm_raw,ALİN BİLİŞİM KIRTASİYE GIDA TEMİZLİK TURİZM TAŞIMACILIK İNŞAAT SANAYİ VE TİCARET LİMİTED ŞİRKETİ,0.0,0.0,2,1,1,1,0.0,0.0,-15.517947982665458
firm_raw,BETİ BİLİŞİM TEKNOLO JİLE.İMAL.SAN.İÇ .DIŞ.TİC.LTD.ŞTİ,0.0,0.44628099173553715,11,1,1,1,0.0,0.0,-15.517947982665458
firm_raw,BESKOM ELEKTRONİK TİCARET LTD.ŞTİ.,0.0,0.44628099173553715,11,1,1,1,0.0,0.0,-15.517947982665458
firm_raw,4 YÜZ PRODÜKSİYON SANAYİ VE DIŞ TİC.LTD.ŞTİ.,0.0,0.0,1,1,1,1,0.0,0.0,-15.517947982665458
firm_raw,İSOMER BİLİŞİM HİZM. SAN.VE TİC.LTD.Ş Tİ.,0.0,0.6599999999999999,10,1,1,1,0.0,0.0,-15.517947982665458
firm_raw,İTECH ROBOTİK OTOMASYON YENİLENEBİLİR ENERJİ EĞİTİM MEDİKAL TAAHHÜT SANAYİ VE TİCARET LİMİTED ŞİRKETİ,0.0,0.5,6,1,1,1,0.0,0.0,-15.517947982665458
firm_raw,REMM ENERJİ MÜHENDİSLİK DANIŞMANLIK HAYVANCILIK SANAYİ VE TİCARET LİMİTED ŞİRKETİ,0.0,0.5,6,1,1,2,0.0,0.6931471805599453,-15.517947982665458
firm_raw,GSA ELEKTRONİK PAZARLAMA VE TİC.LTD.ŞTİ.,0.0,0.5,6,1,1,1,0.0,0.0,-15.517947982665458
firm_raw,PSEUDONYM_092,0.0,0.0,1,1,1,1,0.0,0.0,-15.517947982665458
firm_raw,ARPHIS SOSYAL HİZMETLER LTD.ŞTİ.,0.0,0.0,1,1,1,1,0.0,0.0,-15.517947982665458
firm_raw,"TRTEK TEKNOLOJİK ÜRÜNLER BİLGİSAYAR YAZILIM DONANIM SAN.VE TİC.LTD.ŞTİ., METASOFT BİLGİSAYAR BİLGİ İŞLEM HİZMETLERİ SANAYİ VE TİCARET LİMİTED ŞİRKETİ İş Ortaklığı",0.0,0.0,6,1,1,1,0.0,0.0,-15.517947982665458
firm_raw,TUZCUOĞLU EVDEN EVE LOJİSTİK LİMİTED ŞİRKETİ,0.0,0.4027777777777778,12,1,1,1,0.0,0.0,-15.517947982665458
firm_raw,SK TEKNOLOJİ ANONİM ŞİRKETİ,0.0,0.4027777777777778,12,1,1,1,0.0,0.0,-15.517947982665458
firm_raw,PTT BİLGİ TEKNOLOJİLERİ ANONİM ŞİRKETİ,0.0,0.4027777777777778,12,1,1,1,0.0,0.0,-15.517947982665458
firm_raw,ARTPRO TEKNOLOJİ LİMİTED ŞİRKETİ,0.0,0.4027777777777778,12,1,1,1,0.0,0.0,-15.517947982665458
firm_raw,SİBERNETİK TEKNOLOJİ BİLİŞİM ÇÖZÜMLERİ SANAYİ VE TİCARET LİMİTED ŞİRKETİ,0.0,0.5,6,1,1,1,0.0,0.0,-15.517947982665458
firm_raw,KALE YAZILIM SANAYİ VE TİCARET LTD.Ş Tİ.,0.0,0.5,6,1,1,1,0.0,0.0,-15.517947982665458
firm_raw,DEVRAN BİLGİSAYAR İL ET.İNŞ.VE GIDA S AN.TİC.LTD.ŞTİ.,0.0,0.5,6,1,2,2,0.6931471805599453,0.6931471805599453,-15.517947982665458
firm_raw,ARTI SİSTEM TURİZM TAŞIMACILIK NAKLİYE OTOMOTİV İNŞAAT EMLAK SANAYİ VE TİCARET LİMİTED ŞİRKETİ.,0.0,0.5,6,1,1,1,0.0,0.0,-15.517947982665458
firm_raw,ŞİMŞEK OTOMASYON VE.TEM.HİZMT.TUR.İNŞAATTİCARET LTD.ŞTİ.,0.0,0.27000000000000013,20,1,1,1,0.0,0.0,-15.517947982665458
firm_raw,"ZENİ SOSYAL HİZMETLER BİLGİSAYAR TAŞIMACILIK TEMİZLİK OTOMOTİV SANAYİ TİCARET LİMİTED ŞİRKETİ., ARÇAM TEMİZLİK MEDİKAL GIDA İNŞAAT TURİZM BİLGİSAYAR KRTASİYE SANAYİ TİCARAT LİMİTED ŞİRKETİ Ortak Girişimi",0.0,0.27000000000000013,20,1,1,1,0.0,0.0,-15.517947982665458
firm_raw,TAAB ULUSLARARASI TİCARET ANONİM ŞİRKETİ,0.0,0.27000000000000013,20,1,1,1,0.0,0.0,-15.517947982665458
firm_raw,PSEUDONYM_279,0.0,0.27000000000000013,20,1,1,1,0.0,0.0,-15.517947982665458
firm_raw,PSEUDONYM_109,0.0,0.27000000000000013,20,1,1,2,0.0,0.6931471805599453,-15.517947982665458
firm_raw,ARYASOFT BİLGİ TEKNOLOJİLERİ YAZILIM VE DANIŞMANLIK SANAYİ TİCARET LİMİTED ŞİRKETİ,0.0,0.21875,8,2,1,2,0.0,0.6931471805599453,-15.517947982665458
firm_raw,VERİ YAZILIM PROJE DANIŞMANLIK HİZMETLERİ SANAYİ VE TİCARET ANONİM ŞİRKETİ,0.0,0.0,2,1,1,3,0.0,1.0986122886681098,-15.517947982665458
firm_raw,TECHRESTA BİLİŞİM VE TİCARET LİMİTED ŞİRKETİ,0.0,0.0,2,1,1,1,0.0,0.0,-15.517947982665458
firm_raw,ARY DANIŞMANLIK YAZILIM VE TİCARET ANONİM ŞİRKETİ,0.0,0.0,2,1,1,1,0.0,0.0,-15.517947982665458
firm_raw,SPARTA SİBER GÜVENLİK TEKNOLOJİLERİ LİMİTED ŞİRKETİ,0.0,0.5833333333333333,12,1,1,1,0.0,0.0,-15.517947982665458
firm_raw,SECNET DİGİTAL BİLGİ TEKNOLOJİLERİ VE DANIŞMANLIK LİMİTED ŞİRKETİ,0.0,0.5833333333333333,12,1,2,2,0.6931471805599453,0.6931471805599453,-15.517947982665458
firm_raw,PROVUS TEKNİK HİZMETLERİ VE BİLİŞİM A.Ş.,0.0,0.6599999999999999,10,1,1,1,0.0,0.0,-15.517947982665458
firm_raw,KPM İLERİ TEKNOLOJİLERİ VE DANIŞMANLIK LİMİTED ŞİRKETİ,0.0,0.0,2,1,1,1,0.0,0.0,-15.517947982665458
firm_raw,FORESTALL BİLİŞİM ARGE VE DANIŞMANLIK HİZMETLERİ LİMİTED ŞİRKETİ,0.0,0.5625,8,1,1,1,0.0,0.0,-15.517947982665458
firm_raw,PSEUDONYM_674,0.0,0.5833333333333333,12,1,1,1,0.0,0.0,-15.517947982665458
firm_raw,PSEUDONYM_623,0.0,0.16528925619834722,11,1,1,1,0.0,0.0,-15.517947982665458
firm_raw,PSEUDONYM_158,0.0,0.16528925619834722,11,1,1,1,0.0,0.0,-15.517947982665458
firm_raw,MAPİSSO YAZILIM MÜHENDİSLİK DANIŞMANLIK HİZMETLERİ SANAYİ VE TİCARET LİMİTED ŞİRKETİ,0.0,0.16528925619834722,11,1,2,3,0.6931471805599453,1.0986122886681098,-15.517947982665458
firm_raw,KR OTOMASYON VE ENDÜSTRİYEL BİL.HİZMETLESAN VE TİC.LTD.ŞTİ.,0.0,0.5,2,1,1,1,0.0,0.0,-15.517947982665458
firm_raw,GEOPOS HARİTA İNŞAAT SANAYİ DIŞ TİCARET LİMİTED ŞİRKETİ,0.0,0.16528925619834722,11,1,1,1,0.0,0.0,-15.517947982665458
firm_raw,GEOMATİK HİZMETLER SANAYİ DIŞ TİCARET LİMİTED ŞİRKETİ,0.0,0.16528925619834722,11,1,2,2,0.6931471805599453,0.6931471805599453,-15.517947982665458
firm_raw,BGS TEKNOLOJİ LİMİTED ŞİRKETİ,0.0,0.0,7,1,1,1,0.0,0.0,-15.517947982665458
firm_raw,BEESYSTEM YAZILIM BİLİŞİM ELEKTRONİK SANAYİ VE TİCARET LİMİTED ŞİRKETİ,0.0,0.0,7,1,1,1,0.0,0.0,-15.517947982665458
firm_raw,AS BİLİŞİM TEKNOLOJİ ÜRÜNLERİ ELEKRONİK PAZARLAMA VE TİCARET LTD.ŞTİ.,0.0,0.0,7,1,1,1,0.0,0.0,-15.517947982665458
firm_raw,YEDİYİRMİDÖRT BİLİŞİM ENERJİ İNŞAAT ELEKTRİK MÜHENDİSLİK SANAYİ VE TİCARET LİMİTED ŞİRKETİ,0.0,0.48,5,1,1,1,0.0,0.0,-15.517947982665458
firm_raw,USANMAZ ENERJİ İNŞAAT BİLİŞİM MÜHENDİSLİK SANAYİ VE TİCARET LİMİTED ŞİRKETİ,0.0,0.48,5,1,1,1,0.0,0.0,-15.517947982665458
firm_raw,ARİON BİLİŞİM SİSTEM LERİ TİC.A.Ş.,0.0,0.48,5,1,1,1,0.0,0.0,-15.517947982665458
firm_raw,TÜRKVAS YAZILIM PROJE YÖNETİMİ VE YAYINCILIK LİMİTED ŞİRKETİ,0.0,0.16257088846880918,23,2,2,2,0.6931471805599453,0.6931471805599453,-15.517947982665458
firm_raw,TÜRKTRUST BİLGİ İLET İŞİM VE BİL.GÜV. HİZ.A.Ş.,0.0,0.04996712689020377,39,2,2,2,0.6931471805599453,0.6931471805599453,-15.517947982665458
firm_raw,T2 YAZILIM LTD.ŞTİ.,0.0,0.40625,8,1,1,1,0.0,0.0,-15.517947982665458
firm_raw,AFATEK BİLİŞİM TEKNOLOJİ YAZILIM REKLAM İMALAT İTHALAT İHRACAT SANAYİ VE TİCARET LİMİTED ŞİRKETİ,0.0,0.5625,8,1,1,1,0.0,0.0,-15.517947982665458
firm_raw,İŞ NET ELEKTRONİK BİLGİ ÜRET.DAĞ.TİCVE İLET.HİZ.A.Ş.,0.0,0.18106139438085334,31,3,1,4,0.0,1.3862943611198906,-15.517947982665458
firm_raw,AS GRUP TAAHHÜT ÖZEL SAĞLIK TURİZM İNŞAAT NAKLİYAT SANAYİ VE TİCARET LİMİTED ŞİRKETİ,0.0,0.31999999999999984,5,1,1,4,0.0,1.3862943611198906,-15.517947982665458
firm_raw,NABU BİLİŞİM İTHALAT İHRACAT LİMİTED ŞİRKETİ,0.0,0.0,3,1,1,1,0.0,0.0,-15.517947982665458
firm_raw,GÜR GRUP BİLGİSAYAR DANIŞMANLIK SOSYAL HİZMETLER TEKNİK DESTEK SAĞLIK HİZMETLERİ TEMİZLİK TURİZM GIDA İNŞAAT TAAHHÜT SANAYİ TİCARET LİMİTED ŞİRKETİ,0.0,0.0,3,1,1,6,0.0,1.791759469228055,-15.517947982665458
firm_raw,ARÇAM TEMİZLİK MEDİKAL GIDA İNŞAAT TURİZM BİLGİSAYAR KRTASİYE SANAYİ TİCARAT LİMİTED ŞİRKETİ,0.0,0.0,3,1,1,1,0.0,0.0,-15.517947982665458
firm_raw,TURKOSİS BİLGİ TEKNOLOJİLERİ LİMİTED ŞİRKETİ,0.0,0.21875,8,1,1,1,0.0,0.0,-15.517947982665458
firm_raw,PERFORMA BİLGİ TEKNOLOJİLERİ DANIŞMANLIK EĞİTİM SANAYİ VE TİCARET ANONİM ŞİRKETİ,0.0,0.21875,8,1,1,1,0.0,0.0,-15.517947982665458
firm_raw,SİSTEM BİLGİSAYAR VE TEKNİK HİZ.SAN.A.Ş.,0.0,0.5,2,1,1,1,0.0,0.0,-15.517947982665458
firm_raw,ROYAL SOSYAL HİZMETLER İNŞAAT OTOMASYON ÖZEL SAĞLIK TAAHÜT VE TİCARET LİMİTED ŞİRKETİ,0.0,0.0,1,1,1,1,0.0,0.0,-15.517947982665458
firm_raw,TOPRAK TIBBİ ÜRÜNLER VETERİNER VE LABORATUVAR ÜRÜNLERİ SANAYİ TİCARET LİMİTED ŞİRKETİ,0.0,0.0,5,1,1,1,0.0,0.0,-15.517947982665458
firm_raw,PSEUDONYM_515,0.0,0.0,5,1,1,1,0.0,0.0,-15.517947982665458
firm_raw,ASAY İLETİŞİM HİZMETLERİ SANAYİ VE TİCARET ANONİM ŞİRKETİ,0.0,0.0,5,1,1,1,0.0,0.0,-15.517947982665458
firm_raw,ASA BİLGİ VE GÜVENLİK SİSTEMLERİ ELEKTRİK ELEKTRONİK İNŞAAT İNSAN KAYNAKLARI GIDA SANAYİ VE TİCARET LİMİTED ŞİRKETİ,0.0,0.0,1,1,1,1,0.0,0.0,-15.517947982665458
firm_raw,KGN İNŞAAT SANAYİ VE TİCARET LİMİTED ŞİRKETİ,0.0,0.0,2,1,1,1,0.0,0.0,-15.517947982665458
firm_raw,AS-DAB MÜTEAHHİTLİK TEMİZLİK OTOMASYON GÜVENLİK NAKLİYE OTOMATİV MADEN GIDA TARIM SARRAFİYE TURİZM YEMEK SANAYİ VE TİCARET LİMİTED ŞİRKETİ,0.0,0.0,2,1,1,1,0.0,0.0,-15.517947982665458
firm_raw,AS&amp;G MÜH.MİM.İNŞ.TAH DAN.MED.ÖZ.SAĞ.H.MOB Ö.EĞ.RH.ET.H.TŞ.LT.Ş,0.0,0.0,1,1,1,1,0.0,0.0,-15.517947982665458
firm_raw,AS MÜHENDİSLİK MEDİKAL ÖZEL SAĞLIK VE ERİŞİM HİZMETLERİ İNŞAAT SANAYİ VE TİCARET LİMİTED ŞİRKETİ,0.0,0.0,1,1,1,1,0.0,0.0,-15.517947982665458
firm_raw,PSEUDONYM_663,0.0,0.0,7,1,1,1,0.0,0.0,-15.517947982665458
firm_raw,ERAL BİLGİSAYAR YAZILIM SANAYİ VE TİCARET LİMİTED ŞİRKETİ.,0.0,0.0,7,1,2,2,0.6931471805599453,0.6931471805599453,-15.517947982665458
firm_raw,BOZDAĞLAR YEMEK NAK.TEM.İNŞ.TURİZM SANAYİ VE TİC.LTD.ŞTİ,0.0,0.24489795918367352,7,1,1,2,0.0,0.6931471805599453,-15.517947982665458
firm_raw,VTC ENERJİ ANONİM ŞİRKETİ,0.0,0.5800000000000001,10,1,1,1,0.0,0.0,-15.517947982665458
firm_raw,PSEUDONYM_043,0.0,0.5800000000000001,10,1,1,1,0.0,0.0,-15.517947982665458
firm_raw,GEPA ELEKTRO MEKANİK SANAYİ VE TİCARET LİMİTED ŞİRKETİ,0.0,0.5800000000000001,10,1,1,1,0.0,0.0,-15.517947982665458
firm_raw,ASIR BİLGİSAYAR SİSTEMLERİ SAN.VE TİC.LTD.ŞTİ.,0.0,0.5800000000000001,10,1,1,1,0.0,0.0,-15.517947982665458
firm_raw,PSEUDONYM_341,0.0,0.04996712689020377,39,1,1,1,0.0,0.0,-15.517947982665458
firm_raw,PSEUDONYM_278,0.0,0.04996712689020377,39,1,1,1,0.0,0.0,-15.517947982665458
firm_raw,PSEUDONYM_243,0.0,0.18106139438085334,31,1,1,2,0.0,0.6931471805599453,-15.517947982665458
firm_raw,PROTEAM BİLGİ TEKNOLOJİLERİ VE DANŞMANLIK TİCARET LİMİTED ŞİRKETİ,0.0,0.04996712689020377,39,2,1,6,0.0,1.791759469228055,-15.517947982665458
firm_raw,YAZ BİLGİ SİSTEMLERİVE TİC.A.Ş.,0.0,0.16257088846880918,23,1,1,1,0.0,0.0,-15.517947982665458
firm_raw,YATEM BİLİŞİM VE TEK NOLOJİ SİST.LTD. ŞTİ.,0.0,0.18106139438085334,31,1,1,1,0.0,0.0,-15.517947982665458
firm_raw,VBT YAZILIM ANONİM ŞİRKETİ,0.0,0.07396449704142016,26,1,1,1,0.0,0.0,-15.517947982665458
firm_raw,BİLDEM BİLGİ ÖLÇME LİMİTED ŞİRKETİ,0.0,0.0,3,1,1,1,0.0,0.0,-15.517947982665458
firm_raw,TONSES ELEKTRONİK SANAYİ VE TİCARET LİMİTED ŞİRKETİ,0.0,0.0,2,1,1,3,0.0,1.0986122886681098,-15.517947982665458
firm_raw,PSEUDONYM_166,0.0,0.0,3,1,1,1,0.0,0.0,-15.517947982665458
firm_raw,BSS BİLİŞİM SAVUNMASANAYİ DANIŞMANLIK LTD.ŞTİ.,0.0,0.0,3,1,1,1,0.0,0.0,-15.517947982665458
firm_raw,BEYAZ 1 BİLİŞİM TEKNOLOJİLERİ TİCARET LİMİTED ŞİRKETİ,0.0,0.0,3,1,1,1,0.0,0.0,-15.517947982665458
firm_raw,MRD BİLİŞİM YAZILIM AR-GE EĞİTİM DANIŞMANLIK YAYINCILIK TURİZM SANAYİ VE TİCARET ANONİM ŞİRKETİ,0.0,0.375,8,1,1,1,0.0,0.0,-15.517947982665458
firm_raw,CNM GÜVENLİK SİSTEML ERİ LTD.ŞTİ.,0.0,0.375,8,1,1,1,0.0,0.0,-15.517947982665458
firm_raw,CALL CENTER RESOURCES DANIŞMANLIK ANONİM ŞİRKETİ,0.0,0.375,8,1,2,3,0.6931471805599453,1.0986122886681098,-15.517947982665458
firm_raw,CALL CENTER RESOURCES DAN.LTD.ŞTİ.,0.0,0.375,8,1,1,1,0.0,0.0,-15.517947982665458
firm_raw,ASSECO SEE TEKNOLOJİ ANONİM ŞİRKETİ,0.0,0.375,8,1,1,2,0.0,0.6931471805599453,-15.517947982665458
firm_raw,YUCHISOFT BİLİŞİM SİSTEM VE ÇÖZÜMLERİ SANAYİ VE TİCARET LİMİTED ŞİRKETİ,0.0,0.0,4,1,1,1,0.0,0.0,-15.517947982665458
firm_raw,ETİYA BİLGİ TEKNOLOJİLERİ YAZILIM SANAYİ VE TİCARET ANONİM ŞİRKETİ,0.0,0.0,4,1,1,1,0.0,0.0,-15.517947982665458
firm_raw,ASOS EĞİTİM BİLİŞİM DANIŞMANLIK OTOMASYON YAYINCILIK REKLAM SANAYİ VE TİCARET LİMİTED ŞİRKETİ,0.0,0.0,4,1,1,1,0.0,0.0,-15.517947982665458
firm_raw,SİSTEMAR TEKNOLOJİ VE BİLGİSAYAR SİSTEMLERİ SANAYİ VE TİCARET LİMİTED ŞİRKETİ,0.0,0.4444444444444444,3,1,1,1,0.0,0.0,-15.517947982665458
firm_raw,PSEUDONYM_434,0.0,0.24489795918367352,7,1,1,1,0.0,0.0,-15.517947982665458
firm_raw,PSEUDONYM_345,0.0,0.24489795918367352,7,1,1,1,0.0,0.0,-15.517947982665458
firm_raw,PSEUDONYM_211,0.0,0.24489795918367352,7,2,1,2,0.0,0.6931471805599453,-15.517947982665458
firm_raw,F1 TEKNOLOJİ BİLGİSA YAR GÜVENLİK SİS SAN.VE TİC.LTD.Ş,0.0,0.6122448979591837,7,1,1,1,0.0,0.0,-15.517947982665458
firm_raw,MARMARA ŞEHİRCİLİK KENTSEL DÖNÜŞÜM PROJE GELİŞTİRME YÖNETİM ANONİM ŞİRKETİ,0.0,0.49382716049382713,9,1,1,1,0.0,0.0,-15.517947982665458
firm_raw,E&amp;K ARGE MÜHENDİSLİK DANIŞMANLIK TURİZM İNŞAAT ORMAN ÜRÜNLERİ ENERJİ SANAYİ TİCARET LİMİTED ŞİRKETİ,0.0,0.49382716049382713,9,1,1,1,0.0,0.0,-15.517947982665458
firm_raw,ASİST BİLGİ TEKNOLOJİLERİ ANONİM ŞİRKETİ,0.0,0.49382716049382713,9,1,1,1,0.0,0.0,-15.517947982665458
firm_raw,ASİS SAVUNMA TEKNOLOJİLERİ TİCARET ANONİM ŞİRKETİ,0.0,0.5625,8,1,1,1,0.0,0.0,-15.517947982665458
firm_raw,ASİS ELEKTRONİK VE BİLİŞİM SİSTEMLERİ ANONİM ŞİRKETİ,0.0,0.0,1,1,1,1,0.0,0.0,-15.517947982665458
firm_raw,UFUK TUNÇ TEKNOLOJİ HABERLEŞME OTOMOTİV MEDİKAL TEKSTİL İNŞAAT TURİZM GIDA SANAYİ VE TİCARET LİMİTED ŞİRKETİ,0.0,0.0,3,1,1,1,0.0,0.0,-15.517947982665458
firm_raw,PROPOİNT BİLİŞİM ELEKTRİK SANAYİ VE DIŞ TİCARET LTD.ŞTİ.,0.0,0.0,3,1,1,1,0.0,0.0,-15.517947982665458
firm_raw,AST SAVUNMA SANAYİ ANONİM ŞİRKETİ,0.0,0.0,3,1,1,1,0.0,0.0,-15.517947982665458
firm_raw,İTD İLETİŞİM-TEKNOLO Jİ-DANIŞMANLIK T İC.A.Ş.,0.0,0.375,8,1,1,1,0.0,0.0,-15.517947982665458
firm_raw,KÖSTEBEK TEKNOLOJİ YAZIL.BİLİŞ.EĞİT.DANARA.GEL.TİC.LTD.ŞTİ,0.0,0.3984375,16,1,1,1,0.0,0.0,-15.517947982665458
firm_raw,EXPERIAN BİLGİ HİZMETLERİ LİMİTED ŞİRKETİ,0.0,0.3984375,16,1,1,1,0.0,0.0,-15.517947982665458
firm_raw,BTC BİLİŞİM HİZMETLERİ ANONİM ŞİRKETİ,0.0,0.3984375,16,1,1,1,0.0,0.0,-15.517947982665458
firm_raw,ATHENA BİLİŞİM ÇÖZÜMLERİ TİCARET LİMİTED ŞİRKETİ,0.0,0.3984375,16,1,1,1,0.0,0.0,-15.517947982665458
firm_raw,İNFOTELİCA BİLİŞİM YAZILIM VE DONANIM HİZMETLERİ SANAYİ VE TİCARET LİMİTED ŞİRKETİ,0.0,0.4600000000000001,10,1,1,1,0.0,0.0,-15.517947982665458
firm_raw,UI SOFT BİLİŞİM TEKNOLOJİLERİ SANAYİ VE TİCARET LİMİTED ŞİRKETİ,0.0,0.4600000000000001,10,1,1,1,0.0,0.0,-15.517947982665458
firm_raw,NET SOLUTİONS BİLİŞİM EĞİTİM DANIŞMANLIK SN.VETC.LTD,0.0,0.6577777777777778,15,1,1,1,0.0,0.0,-15.517947982665458
firm_raw,N-D TEKNOLOJİ SİSTEMLERİ İLETİŞİM HİZMETLERİ İNŞAAT TAAHHÜT SANAYİ TURİZM TİCARET LİMİTED ŞİRKETİ,0.0,0.625,4,1,1,1,0.0,0.0,-15.517947982665458
firm_raw,MİRON YAZILIM VE BİL Gİ TEKNOLOJİLERİ TİC.LTD.ŞTİ.,0.0,0.40625,8,1,1,1,0.0,0.0,-15.517947982665458
firm_raw,MASTERCOM BİLGİSAYARMOBİL.TEKSTİL VE İNŞAAT İTHALAT İHRACAT LTD.ŞTİ.,0.0,0.07396449704142016,26,1,1,1,0.0,0.0,-15.517947982665458
firm_raw,MART YAZILIM EĞİTİM DANIŞMANLIK SANAYİ VE TİCARET LİMİTED ŞİRKETİ,0.0,0.31999999999999984,5,1,1,3,0.0,1.0986122886681098,-15.517947982665458
firm_raw,MANTİS YAZ.DAN YAY EMÜH BİL DON İTHİHR SAN V T.LTD.,0.0,0.18106139438085334,31,1,1,1,0.0,0.0,-15.517947982665458
firm_raw,SİBEREUM BİLGİ GÜVENLİĞİ VE DANIŞMANLIĞI TİCARET LİMİTED ŞİRKETİ,0.0,0.6938775510204083,7,1,1,2,0.0,0.6931471805599453,-15.517947982665458
firm_raw,SYMTURK BİLGİSAYAR SİSTEM YÖNETİM VE MÜŞAVİRLİK LİMİTED ŞİRKETİ,0.0,0.04996712689020377,39,1,1,1,0.0,0.0,-15.517947982665458
firm_raw,SABİT ÖLÇME DEĞERLEN DİRME BİLİŞİM VE TİC AŞ,0.0,0.04996712689020377,39,1,1,1,0.0,0.0,-15.517947982665458
firm_raw,AVATEK YAZILIM VE BİLGİ İŞLEM TEKNOLOJİLERİ DANIŞMANLIK SANAYİ TİCARET LİMİTED ŞİRKETİ,0.0,0.4600000000000001,10,1,1,2,0.0,0.6931471805599453,-15.517947982665458
firm_raw,ATA GRUP SOS.HİZ.TEMGID.BİL.PEY.İLETEĞT.ORG.TİC.LTD.,0.0,0.4600000000000001,10,1,1,1,0.0,0.0,-15.517947982665458
firm_raw,"İSKELE EĞİTİM SAĞLIK VE TURİZM HİZMETLERİ SANAYİ TİCARET LİMİTED ŞİRKETİ, TOPRAK SOSYAL HİZMETLER SAĞLIK İLAÇLAMA VETER.TEM.EĞ.İNŞ.TİC.LTD.ŞTİ. İş Ortaklığı",0.0,0.544378698224852,13,1,1,1,0.0,0.0,-15.517947982665458
firm_raw,TNETWORKS BİLİŞİM TEKNOLOJİLERİ ANONİM ŞİRKETİ,0.0,0.544378698224852,13,1,1,1,0.0,0.0,-15.517947982665458
firm_raw,PSEUDONYM_332,0.0,0.544378698224852,13,1,1,1,0.0,0.0,-15.517947982665458
firm_raw,BAHÇEŞEHİR WİSSEN TEKNOLOJİ İNSAN KAYNAKLARI VE DANIŞMANLIK ANONİM ŞİRKETİ,0.0,0.544378698224852,13,1,1,1,0.0,0.0,-15.517947982665458
firm_raw,PSEUDONYM_472,0.0,0.5244444444444445,15,1,1,1,0.0,0.0,-15.517947982665458
firm_raw,PSEUDONYM_156,0.0,0.5244444444444445,15,1,1,1,0.0,0.0,-15.517947982665458
firm_raw,MYSİS BİLGİ TEKNOLOJİLERİ SAN.VE DIŞ TİC. LTD.ŞTİ.,0.0,0.625,4,1,1,1,0.0,0.0,-15.517947982665458
firm_raw,KEDİNFO İLETİŞİM SANAYİ VE TİCARET LİMİTED ŞİRKETİ,0.0,0.5244444444444445,15,1,1,1,0.0,0.0,-15.517947982665458
firm_raw,HTB BİLİŞİM TEKNOLOJİLERİ DANIŞMANLIK SANAYİ VE TİCARET LİMİTED ŞİRKETİ,0.0,0.18106139438085334,31,1,1,1,0.0,0.0,-15.517947982665458
firm_raw,GİZ BİLGİ TEKNOLOJİLERİ VE DANIŞMANLIK TİCARET LİMİTED ŞİRKETİ,0.0,0.04996712689020377,39,1,1,1,0.0,0.0,-15.517947982665458
firm_raw,GRUP GÜVENLİK İNŞAAT TEMİZLİK ELEKTRİK İŞLERİ GIDA MEDİKAL VE MERMER SANAYİ VE TİCARET LİMİTED ŞİRKETİ,0.0,0.04996712689020377,39,1,1,1,0.0,0.0,-15.517947982665458
firm_raw,GEMALTO S.A.,0.0,0.04996712689020377,39,1,1,5,0.0,1.6094379124341003,-15.517947982665458
firm_raw,FENET BİLGİ TEKNOLOJİLERİ LİMİTED ŞİRKETİ,0.0,0.375,8,1,1,1,0.0,0.0,-15.517947982665458
firm_raw,ORATECH TEKNOLOJİ Sİ STEMLERİ SAN.VE TİC.LTD.ŞTİ.,0.0,0.04996712689020377,39,1,1,1,0.0,0.0,-15.517947982665458
firm_raw,NOYA TİCARET ANONİM ŞİRKETİ,0.0,0.04996712689020377,39,1,1,1,0.0,0.0,-15.517947982665458
firm_raw,GLİA İNOVASYON BİLGİ TEKNOLOJİLERİ A.Ş.,0.0,0.5244444444444445,15,1,1,1,0.0,0.0,-15.517947982665458
firm_raw,ESKON ESENLER İNŞAAT SANAYİ VE TİCARET ANONİM ŞİRKETİ.,0.0,0.6599999999999999,10,1,1,1,0.0,0.0,-15.517947982665458
firm_raw,"CERTBY ULUSLARARASI DENETİM BELGELENDİRME VE EĞİTİM HİZMETLERİ LTD.ŞTİ., SECRİSE YAZILIM VE BİLGİ GÜVENLİĞİ HİZMETLERİ LİMİTED ŞİRKETİ İş Ortaklığı",0.0,0.6599999999999999,10,1,1,1,0.0,0.0,-15.517947982665458
firm_raw,SYMPRO BİLİŞİM TEKNOJİLERİ TİCARET LİMİTED ŞİRKETİ,0.0,0.3984375,16,1,1,1,0.0,0.0,-15.517947982665458
firm_raw,SECURE FUTURE BİLGİ TEKNOLOJİLERİ VE HİZMETLERİ TİCARET ANONİM ŞİRKETİ,0.0,0.3984375,16,1,1,1,0.0,0.0,-15.517947982665458
firm_raw,ODYA BİLGİSAYAR VE TEKNOLOJİ ÜRÜNLERİ SANAYİ VE TİCARET LİMİTED ŞİRKETİ,0.0,0.5679012345679012,9,1,1,1,0.0,0.0,-15.517947982665458
firm_raw,ATLAS KURUMSAL BİLİŞİM EĞİTİM MEDİKAL SANAYİ VE TİCARET LİMİTED ŞİRKETİ,0.0,0.5679012345679012,9,1,1,1,0.0,0.0,-15.517947982665458
firm_raw,PSEUDONYM_249,0.0,0.6666666666666667,3,1,1,1,0.0,0.0,-15.517947982665458
firm_raw,GÜL TEKNOOFİS BİLGİSAYAR KIRTASİYE İNŞAAT TEMİZLİK GIDA TARIM PAZARLAMA İMALAT İTHALAT İHRACAT SANAYİ VE TİCARET LİMİTED ŞİRKETİ,0.0,0.6666666666666667,6,1,1,1,0.0,0.0,-15.517947982665458
firm_raw,EMSE ELEKTRO MEKANİK SİSTEMLER ENDÜSTRİSİ MÜHENDİSLİK SANAYİ VE TİCARET ANONİM ŞİRKETİ.,0.0,0.6666666666666667,6,1,1,1,0.0,0.0,-15.517947982665458
firm_raw,DONAN BİLİŞİM TEKNOL İTH.İHR.SAN.TİC. LTD.ŞTİ,0.0,0.18106139438085334,31,1,1,1,0.0,0.0,-15.517947982665458
firm_raw,DATA TEKNİK BİLGİSAY AR SİSTEMLERİ Tİ C.VE SAN.A.Ş.,0.0,0.07396449704142016,26,2,3,3,1.0986122886681098,1.0986122886681098,-15.517947982665458
firm_raw,ITECH BİLGİ TEKNOLOJİ TIBBİ CİHAZLAR ELEKTRONİK SANAYİ VE TİCARET LİMİTED ŞİRKETİ.,0.0,0.16257088846880918,23,2,2,5,0.6931471805599453,1.6094379124341003,-15.517947982665458
firm_raw,IT SERVİS TEKNOLOJİ HİZMETLERİ EĞİTİM DANIŞMANLIK TURİZM VE İNŞAAT SANAYİ VE TİCARET ANONİM ŞİRKETİ,0.0,0.5714285714285714,7,1,1,1,0.0,0.0,-15.517947982665458
firm_raw,EVA YAZILIM BİLİŞİM İLETİŞİM EĞİTİM ULAŞTIRMA MAKİNA MALZEME İNŞAAT SANAYİ TİCARET LİMİTED ŞİRKETİ,0.0,0.5714285714285714,7,1,1,1,0.0,0.0,-15.517947982665458
firm_raw,DONAN BİLGİSAYAR DIŞ TİCARET VE SANAYİ LİMİTED ŞİRKETİ,0.0,0.0,4,1,1,1,0.0,0.0,-15.517947982665458
firm_raw,DENGE BİLGİ SİSTEMLERİ SANAYİ VE TİCARET LİMİTED ŞİRKETİ,0.0,0.5714285714285714,7,1,1,1,0.0,0.0,-15.517947982665458
firm_raw,ATILGAN SİNYALİZASYON ELEKTR.ELEKTRO.İNŞ.İTH.İHR.SAN.VE TİC.LTD.ŞTİ,0.0,0.0,1,1,1,1,0.0,0.0,-15.517947982665458
firm_raw,İSNET TELEKOM TELEKOMÜNİKASYON HİZ.SAN.VE TİC.LTD.ŞT,0.0,0.5244444444444445,15,1,1,1,0.0,0.0,-15.517947982665458
firm_raw,PSEUDONYM_558,0.0,0.6599999999999999,10,1,1,1,0.0,0.0,-15.517947982665458
firm_raw,DOKUNMATİK EKRAN TEKNOLOJİLERİ BİLİŞİM İNŞAAT SANAYİ TİCARET LİMİTED ŞİRKETİ,0.0,0.24380165289256195,22,1,1,1,0.0,0.0,-15.517947982665458
firm_raw,PSEUDONYM_428,0.0,0.5,4,1,1,1,0.0,0.0,-15.517947982665458
firm_raw,LOG YAZILIM EĞİTİM DANIŞMANLIK VE ARGE SANAYİ TİCARET LİMİTED ŞİRKETİ,0.0,0.0,2,1,2,2,0.6931471805599453,0.6931471805599453,-15.517947982665458
firm_raw,VDITURK BİLİŞİM TEKNOLOJİLERİ TİCARET ANONİM ŞİRKETİ,0.0,0.21875,8,1,1,4,0.0,1.3862943611198906,-15.517947982665458
firm_raw,ORKATEK ELEKTRONİK SANAYİ VE TİCARET LİMİTED ŞİRKETİ,0.0,0.21875,8,1,1,1,0.0,0.0,-15.517947982665458
firm_raw,KIZILAY ARGE VE BİLGİ TEKNOLOJİLERİ TİCARET ANONİM ŞİRKETİ,0.0,0.21875,8,1,1,1,0.0,0.0,-15.517947982665458
firm_raw,GÖKKUŞAĞI BİLGİSAYARSANAYİ VE TİC.LTD.ŞTİ.,0.0,0.21875,8,1,2,2,0.6931471805599453,0.6931471805599453,-15.517947982665458
firm_raw,BEDEN GRUP MEDİKAL SAĞLIK SİSTEMLERİ İTHALAT VE İHRACAT TİCARET LİMİTED ŞİRKETİ,0.0,0.21875,8,1,1,1,0.0,0.0,-15.517947982665458
firm_raw,BALKAN ELEKT.ELEKTRO VE FOTOĞRAFÇ.SAN VE TİC.LTD.ŞTİ.,0.0,0.21875,8,1,1,1,0.0,0.0,-15.517947982665458
firm_raw,PROTEKİLA ELEKTR.YAZILIM.VE OTOMAS.SİS.SAN VE TİC.LT,0.0,0.56,5,2,1,3,0.0,1.0986122886681098,-15.517947982665458
firm_raw,AURALET ICT YAZILIM VE ELEKTRONİK TİCARET LİMİTED ŞİRKETİ,0.0,0.56,5,1,1,1,0.0,0.0,-15.517947982665458
firm_raw,ATR SAĞLIK TEKNİK SİSTEMLERİ İNŞAATSAN.TİC.LTD.ŞTİ.,0.0,0.0,1,1,1,1,0.0,0.0,-15.517947982665458
firm_raw,PSEUDONYM_439,0.0,0.5679012345679012,9,1,1,1,0.0,0.0,-15.517947982665458
firm_raw,AYBEST BİLGİSAYAR SİSTEMLERİ MADENCİLİK TEKSTİL GIDA TEMİZLİK GÜVENLİK MEDİKAL SANAYİ VE DIŞ TİCARET LİMİTED ŞİRKETİ,0.0,0.0,2,1,1,1,0.0,0.0,-15.517947982665458
firm_raw,TEKNOLED TEKNOLOJİ SANAYİ VE TİCARET LİMİTED ŞİRKETİ,0.0,0.5800000000000001,10,1,1,1,0.0,0.0,-15.517947982665458
firm_raw,PSEUDONYM_287,0.0,0.5800000000000001,10,1,1,1,0.0,0.0,-15.517947982665458
firm_raw,KENT TEKNOLOJİ YAZILIM VE İNŞAAT SAN.TİCARET LTD.ŞTİ.,0.0,0.5800000000000001,10,2,3,4,1.0986122886681098,1.3862943611198906,-15.517947982665458
firm_raw,BEŞEL BİLGİSAYAR TEKSTİL TUR.EĞT.TELSAN.VE Tİ.LT.ŞT.,0.0,0.5800000000000001,10,1,1,1,0.0,0.0,-15.517947982665458
firm_raw,AYAZ TEKNOLOJİ SİSTEMLERİ SANAYİ VE TİCARET LİMİTED ŞİRKETİ,0.0,0.5800000000000001,10,1,1,3,0.0,1.0986122886681098,-15.517947982665458
firm_raw,URBAN HACKS BİLGİ TEKNOLOJİLERİ LİMİTED ŞİRKETİ,0.0,0.56,5,1,1,1,0.0,0.0,-15.517947982665458
firm_raw,AYATEK TEKNOLOJİ YAZILIM BİLGİS.ELK.TELKİNŞ.SAN.VE TİC.LTD.Ş,0.0,0.56,5,1,1,1,0.0,0.0,-15.517947982665458
firm_raw,TEKYAZ TEKNOLOJİK YAZILIMLAR VE MAKİNA TİC.A.Ş.,0.0,0.21875,8,2,2,3,0.6931471805599453,1.0986122886681098,-15.517947982665458
firm_raw,"RENİS DIŞ TİCARET LİMİTED ŞİRKETİ, LTS BİLİŞİM TEKNOLOJİ ANONİM ŞİRKETİ İş Ortaklığı",0.0,0.21875,8,1,1,1,0.0,0.0,-15.517947982665458
firm_raw,REHBER BİLGİSAYAR YAZILIM DANIŞMANLIK LİMİTED ŞİRKETİ,0.0,0.21875,8,1,1,1,0.0,0.0,-15.517947982665458
firm_raw,MEHAZ TEKNOLOJİ YAZILIM BİLİŞİM VE GIDA TİCARET LİMİTED ŞİRKETİ,0.0,0.4444444444444444,3,2,2,3,0.6931471805599453,1.0986122886681098,-15.517947982665458
firm_raw,GOODTECH PARTNERS TEKNOLOJİ LİMİTED ŞİRKETİ,0.0,0.21875,8,1,1,1,0.0,0.0,-15.517947982665458
firm_raw,FBN FİNANS VE YÖNETİM DANIŞMANLIĞI LİMİTED ŞİRKETİ,0.0,0.21875,8,1,1,1,0.0,0.0,-15.517947982665458
firm_raw,EKSERA ELEKTRONİK Bİ LGİSAYAR HİZ.SAN VE TİC.LTD.ŞTİ.,0.0,0.72,5,1,1,1,0.0,0.0,-15.517947982665458
firm_raw,CONVERGE BİLİŞİM VE TEKNOLOJİ HİZMETLERİ TİCARET LİMİTED ŞİRKETİ,0.0,0.21875,8,2,1,3,0.0,1.0986122886681098,-15.517947982665458
firm_raw,BEY BİLGİSAYAR ELEKTRONİK YAZILIM İLETİŞİM SİSTEMLERİ KIRTASİYE İNŞAAT SANAYİ VE TİCARET LİMİTED ŞİRKETİ,0.0,0.5,2,1,1,1,0.0,0.0,-15.517947982665458
firm_raw,SADTEK ELEKTRONİK SA NAYİ VE TİCARET LİMİ TED ŞİRKETİ,0.0,0.0,1,1,1,1,0.0,0.0,-15.517947982665458
firm_raw,UFUK BİLİM YAZILIM TEKNOLOJİ BİLİŞİM SANAYİ VE TİCARET ANONİM ŞİRKETİ,0.0,0.4444444444444444,6,1,1,1,0.0,0.0,-15.517947982665458
firm_raw,AYN MEDYA İLETİŞİM REKLAM ORGANİZASYON İNSAN KAYNAKLARI EĞİTİM DANIŞMANLIK HİZMETLERİ LİMİTED ŞİRKETİ,0.0,0.4444444444444444,6,2,2,2,0.6931471805599453,0.6931471805599453,-15.517947982665458
firm_raw,AYDOĞAN GRUP BİLGİSAYAR İNŞAAT TEMİZLİK İLAÇLAMA TAŞIMA GIDA YEMEK MÜHENDİSLİK İÇ VE DIŞ TİCARET LİMİTED ŞİRKETİ.,0.0,0.0,2,1,1,1,0.0,0.0,-15.517947982665458
firm_raw,AYDIN GÜVENLİK SİSTEMLERİ TELEKOMÜNİKASYON İNŞAAT TAAHHÜT SERVİS HİZMETLERİ TİC.LTD.ŞTİ.,0.0,0.5,2,1,2,2,0.6931471805599453,0.6931471805599453,-15.517947982665458
firm_raw,YAŞAROĞULLARI DAYANIKLI TÜKETİM MALLARI OTOMOTİV İNŞAAT TURİZM İLETİŞİM SANAYİ VE TİCARET LİMİTED ŞİRKETİ,0.0,0.0,1,1,1,1,0.0,0.0,-15.517947982665458
firm_raw,SECUVVORLD GÜVENLİK TEKNOLOJİLERİ DIŞ TİCARET LİMİTED ŞİRKETİ,0.0,0.0,4,1,1,1,0.0,0.0,-15.517947982665458
firm_raw,PROTEC BİLİŞİM SANAYİ VE TİCARET LİMİTED ŞİRKETİ,0.0,0.0,4,3,3,3,1.0986122886681098,1.0986122886681098,-15.517947982665458
firm_raw,AYCAN ALARM GÜVENLİK SİSTEMLERİ BİLGİSAYAR İNŞAAT İTHALAT İHRACAT PAZARLAMA SANAYİ VE TİCARET ANONİM ŞİRKETİ,0.0,0.5,2,1,2,2,0.6931471805599453,0.6931471805599453,-15.517947982665458
firm_raw,PSEUDONYM_408,0.0,0.0,2,1,1,1,0.0,0.0,-15.517947982665458
firm_raw,ÜLKÜSAN ÇELİK KALIPİNŞ.MÜH.SAN.VE TİC.LTD.ŞTİ.,0.0,0.0,1,1,1,1,0.0,0.0,-15.517947982665458
firm_raw,AYBÜ MÜHENDİSLİK ORMANCILIK SANAYİ VE TİCARET LİMİTED ŞİRKETİ,0.0,0.0,2,1,1,1,0.0,0.0,-15.517947982665458
firm_raw,OĞULCAN İNŞ TURZ ELE K GIDA NAK İTH SAN TİC LTD ŞTİ.,0.0,0.0,2,1,1,1,0.0,0.0,-15.517947982665458
firm_raw,PRİNTEL BÜRO MAKİNALARI TİCARET LTD.ŞTİ.,0.0,0.72,5,1,1,1,0.0,0.0,-15.517947982665458
firm_raw,MISC YAZILIM BİLİŞİM VE DANIŞMANLIK LİMİTED ŞİRKETİ,0.0,0.72,5,1,1,1,0.0,0.0,-15.517947982665458
firm_raw,AKSU TEKNOLOJİ DIŞ T İCARET LTD.ŞTİ.,0.0,0.24380165289256195,22,1,1,1,0.0,0.0,-15.517947982665458
firm_raw,ELAPRO AJANS YAPIM REKLAM ORGANİZASYON TİCARET LİMİTED ŞİRKETİ,0.0,0.33999999999999986,10,1,1,2,0.0,0.6931471805599453,-15.517947982665458
firm_raw,BİRTEL İLETİŞİM TEKNOLOJİLERİ TURİZM SANAYİ VE TİCARET LİMİTED ŞİRKETİ,0.0,0.33999999999999986,10,1,1,1,0.0,0.0,-15.517947982665458
firm_raw,GÖZDE EĞİTİM TEM.İNŞ GIDA TUR.VE SOS. HİZ.LTD.ŞTİ.,0.0,0.0,1,1,1,2,0.0,0.6931471805599453,-15.517947982665458
firm_raw,BAKIRKÖY YAPI İNŞAAT ULAŞIM HİZMETLERİ ANONİM ŞİRKETİ,0.0,0.0,1,1,2,2,0.6931471805599453,0.6931471805599453,-15.517947982665458
firm_raw,PSEUDONYM_433,0.0,0.0,1,1,1,1,0.0,0.0,-15.517947982665458
firm_raw,BABAOĞLU İLET.TELEKO SİS.İTH.İHR.SAN.VE T İC.LİTD ŞİRKETİ.,0.0,0.0,1,1,1,1,0.0,0.0,-15.517947982665458
firm_raw,ARNECA DANIŞMANLIK VE TİC.LTD.ŞTİ.,0.0,0.5267489711934157,27,1,1,1,0.0,0.0,-15.517947982665458
firm_raw,SİMTERNET İLETİŞİM S İST.REKLAM SAN.V E TİC.LTD.ŞTİ.,0.0,0.7346938775510204,7,1,1,1,0.0,0.0,-15.517947982665458
firm_raw,CED TEKNOLOJİ DANIŞMAN. BİLİŞ. VE DEST.HİZ.TİC.LTD.ŞTİ.,0.0,0.7346938775510204,7,1,1,1,0.0,0.0,-15.517947982665458
firm_raw,AÇIKGÖZ BİLGİSAYAR S İSTEMLERİ SAN.VE TİC.LTD.ŞTİ.,0.0,0.7346938775510204,7,1,1,1,0.0,0.0,-15.517947982665458
firm_raw,PSEUDONYM_004,0.0,0.56,5,1,1,1,0.0,0.0,-15.517947982665458
firm_raw,AÇIK KART TEKNOLOJİLERİ VE ÖDEME SİSTEMLERİ SANAYİ VE TİCARET ANONİM ŞİRKETİ,0.0,0.56,5,1,1,1,0.0,0.0,-15.517947982665458
firm_raw,PSEUDONYM_580,0.0,0.0,12,1,1,1,0.0,0.0,-15.517947982665458
firm_raw,PSEUDONYM_321,0.0,0.4142661179698218,27,1,1,1,0.0,0.0,-15.517947982665458
firm_raw,PSEUDONYM_257,0.0,0.4142661179698218,27,1,1,1,0.0,0.0,-15.517947982665458
firm_raw,PSEUDONYM_176,0.0,0.0,12,1,1,1,0.0,0.0,-15.517947982665458
firm_raw,NEG TEKNOLOJİ SANAYİ VE TİCARET ANONİM ŞİRKETİ,0.0,0.0,12,1,1,1,0.0,0.0,-15.517947982665458
firm_raw,KVM MÜHENDİSLİK MÜŞAVİRLİK ENERJİ İNŞAAT TAAHHÜT SANAYİ VE TİCARET LİMİTED ŞİRKETİ,0.0,0.4142661179698218,27,1,1,2,0.0,0.6931471805599453,-15.517947982665458
firm_raw,IDS SİSTEM YAPI SANAYİ VE TİCARET ANONİM ŞİRKETİ,0.0,0.4142661179698218,27,1,1,2,0.0,0.6931471805599453,-15.517947982665458
firm_raw,BİLİŞİM BİLGİSAYAR EĞİTİM VE MÜHENDİS.SAN.TİC.LTD.ŞT,0.0,0.18106139438085334,31,1,1,2,0.0,0.6931471805599453,-15.517947982665458
firm_raw,BİLGE SİBER GÜVENLİK TEKNOLOJİLERİ VE SAN VE TİCARET LİMİTED ŞİRKETİ,0.0,0.4444444444444444,3,1,1,1,0.0,0.0,-15.517947982665458
firm_raw,"BMB SOFT BİLGİSAYARYAZILIM İLETİŞİMSİS.SAN.VE TİC.L, VBT BİLGİ TEKNOLOJİLERİ ANONİM ŞİRKETİ İş Ortaklığı",0.0,0.07396449704142016,26,1,1,1,0.0,0.0,-15.517947982665458
firm_raw,BEŞORAK FİBER OPTİK VE YAP.KA.HİZ.ELK.İN.DA.Tİ.VE SA.LT.ŞTİ.,0.0,0.16257088846880918,23,1,1,1,0.0,0.0,-15.517947982665458
firm_raw,ESC BİLGİ İŞLEM YAZI LIM DANŞ.VE REK. TİC.LTD.ŞTİ.,0.0,0.07396449704142016,26,1,1,1,0.0,0.0,-15.517947982665458
firm_raw,ELİT ARGE YAZILIM BİLİŞİM PROJE REKLAM DANIŞMANLIK SANAYİ VE TİCARET LİMİTED ŞİRKETİ,0.0,0.16257088846880918,23,1,1,1,0.0,0.0,-15.517947982665458
firm_raw,EDM BİLİŞİM SİSTEMLERİ VE DANIŞMANLIK HİZMETLERİ ANONİM ŞİRKETİ,0.0,0.5,2,1,1,1,0.0,0.0,-15.517947982665458
firm_raw,IDEA BİLGİ TEKNOLOJİ HİZMETLERİ VE TİCARET ANONİM ŞİRKETİ,0.0,0.0,12,1,1,1,0.0,0.0,-15.517947982665458
firm_raw,GENÇ İNNOVATİON BİLİŞİM SİSTEMLERİ TİCARET LİMİTED ŞİRKETİ,0.0,0.0,12,1,1,1,0.0,0.0,-15.517947982665458
firm_raw,ESC MÜHENDİSLİK ANONİM ŞİRKETİ,0.0,0.0,12,3,3,3,1.0986122886681098,1.0986122886681098,-15.517947982665458
firm_raw,ÇÖZÜM SERVİS EKİPMANLARI TİC.LTD.ŞTİ.,0.0,0.0,1,1,1,1,0.0,0.0,-15.517947982665458
firm_raw,BALKAN ELEKTRİK ELEKTRONİK VE FOTOĞRAFÇILIK SANAYİ VE TİCARET LİMİTED ŞİRKETİ,0.0,0.0,1,1,1,1,0.0,0.0,-15.517947982665458
firm_raw,VELORA TEKNOLOJİ VE BİLİŞİM LİMİTED ŞİRKETİ,0.0,0.0,1,1,1,1,0.0,0.0,-15.517947982665458
firm_raw,PSEUDONYM_141,0.0,0.33999999999999986,10,1,1,1,0.0,0.0,-15.517947982665458
firm_raw,ROTA HİZMET ORGANİZASYON SANAYİ TİCARET LİMİTED ŞİRKETİ,0.0,0.0,3,1,1,1,0.0,0.0,-15.517947982665458
firm_raw,PORTAKAL BİLGİ İŞLEM HİZMETLERİ YAZL. TEK.SAN.TİC.LT.Ş,0.0,0.0,2,2,6,6,1.791759469228055,1.791759469228055,-15.517947982665458
firm_raw,TOKAT YAPAR HARİTA MİM.MÜH.İNŞ.TAAH.SAN.TİC.LTD.ŞTİ.,0.0,0.5,2,1,1,1,0.0,0.0,-15.517947982665458
firm_raw,KLİK YAZILIM BİLGİSAYAR SAN.VE TİC.LTD.ŞTİ.,0.0,0.625,4,1,1,1,0.0,0.0,-15.517947982665458
firm_raw,ELEKTROVİSİON GÜVENLİK OTOMASYON SİSTEMLERİ ELEKTRİK TELEKOMÜNİKASYON İNŞAAT SANAYİ VE TİCARET LİMİTED ŞİRKETİ,0.0,0.4444444444444444,3,1,2,4,0.6931471805599453,1.3862943611198906,-15.517947982665458
firm_raw,PSEUDONYM_113,0.0,0.0,3,1,1,2,0.0,0.6931471805599453,-15.517947982665458
firm_raw,ONAT TEMİZLİK BİLGİ İŞLEM İNŞAAT GID .SAN.TİC.LTD.ŞTİ,0.0,0.0,3,1,1,1,0.0,0.0,-15.517947982665458
firm_raw,BARIŞ SAĞL.TEM.DAĞ.HİZ.BİL. İŞL.OTO.S.İÇ.DŞ TC.LTD.Ş,0.0,0.0,3,1,1,1,0.0,0.0,-15.517947982665458
firm_raw,TESAN ELEKTRİK OTOMASYON TİCARET LİMİTED ŞİRKETİ,0.0,0.4142661179698218,27,1,1,1,0.0,0.0,-15.517947982665458
firm_raw,TECHSİGN BİLGİ TEKNOLOJİLERİ YAZILIM SANAYİ VE TİCARET ANONİM ŞİRKETİ,0.0,0.4142661179698218,27,1,1,1,0.0,0.0,-15.517947982665458
firm_raw,SEYİR MOBİL ELEKTRONİK OTOMASYON SİSTEMLERİ SANAYİ VE TİCARET ANONİM ŞİRKETİ,0.0,0.4142661179698218,27,1,1,1,0.0,0.0,-15.517947982665458
firm_raw,SENTEZ BİLGİ SİSTEMLERİ VE DANIŞMANLIK HİZMETLERİ TİCARET LİMİTED ŞİRKETİ,0.0,0.0,12,1,1,1,0.0,0.0,-15.517947982665458
firm_raw,RKSOFT MÜHENDİSLİK BİLGİSAYAR PROGRAMLAMA DANIŞMANLIK EĞİTİM İTHALAT İHRACAT TİCARET LİMİTED ŞİRKETİ,0.0,0.4142661179698218,27,2,2,2,0.6931471805599453,0.6931471805599453,-15.517947982665458
firm_raw,MLS BİLİŞİM SANAYİ VE TİCARET LTD ŞTİ,0.0,0.7346938775510204,7,1,1,1,0.0,0.0,-15.517947982665458
firm_raw,LİNK PLUS BİLGİSAYAR SİSTEMLERİ SANAYİ VE TİCARET ANONİM ŞİRKETİ,0.0,0.29166666666666663,12,1,1,1,0.0,0.0,-15.517947982665458
firm_raw,LİBERYUS DİJİTAL MEDYA AJANSI VE DANIŞMANLIK LİMİTED ŞİRKETİ,0.0,0.24489795918367352,7,1,1,1,0.0,0.0,-15.517947982665458
firm_raw,KOLAYSOFT TEKNOLOJİ ANONİM ŞİRKETİ,0.0,0.6111111111111112,6,1,1,1,0.0,0.0,-15.517947982665458
firm_raw,ERBAY GES ENERJİ ELKBİL.ELK.TAH.İT.İH.SAVE TİC.LTD.ŞTİ.,0.0,0.375,4,1,1,1,0.0,0.0,-15.517947982665458
firm_raw,ENTERPRİSECODİNG YAZILIM VE DANIŞMANLIK TİCARET LİMİTED ŞİRKETİ,0.0,0.375,4,1,1,1,0.0,0.0,-15.517947982665458
firm_raw,ARMA 1 SOSYAL VE PERSONEL HİZMETLERİ TEMİZLİK SAĞLIK TAŞIMACILIK BİLİŞİM GIDA SPOR TEKSTİL İMALAT SANAYİ VE TİCARET LİMİTED ŞİRKETİ,0.0,0.6577777777777778,15,1,1,1,0.0,0.0,-15.517947982665458
firm_raw,AMP YAZILIM SANAYİ VE TİCARET LTD.ŞTİ.,0.0,0.18106139438085334,31,2,2,2,0.6931471805599453,0.6931471805599453,-15.517947982665458
firm_raw,ADUM BİLİŞİM YAZILIMVE DANIŞMANLIK SAN VE TİC LTD ŞTİ,0.0,0.18106139438085334,31,1,1,1,0.0,0.0,-15.517947982665458
firm_raw,CED TEKNOLOJİ DANIŞMANLIK BİLİŞİM VE DESTEK HİZMETLERİ TİCARET ANONİM ŞİRKETİ,0.0,0.04996712689020377,39,1,2,2,0.6931471805599453,0.6931471805599453,-15.517947982665458
firm_raw,C/S ENFORMASYON TEKN OLOJİLERİ LTD.ŞT İ.,0.0,0.07396449704142016,26,1,1,1,0.0,0.0,-15.517947982665458
firm_raw,ENOVAS MÜHENDİSLİK DANIŞMANLIK BİLGİSAYAR SANAYİ VE TİCARET LİMİTED ŞİRKETİ,0.0,0.375,4,1,1,1,0.0,0.0,-15.517947982665458
firm_raw,EML ELEKTRONİK SİSTEMLER SANAYİ ANONİM ŞİRKETİ,0.0,0.29166666666666663,12,1,1,1,0.0,0.0,-15.517947982665458
firm_raw,COMPECTA BİLİŞİM VE İLETİŞİM HİZMETLERİ SANAYİ VE TİCARET LİMİTED ŞİRKETİ,0.0,0.375,4,1,1,1,0.0,0.0,-15.517947982665458
firm_raw,CENTER ON DİGİTAL BİLİŞİM HİZMETLERİ ANONİM ŞİRKETİ,0.0,0.5679012345679012,9,1,1,1,0.0,0.0,-15.517947982665458
firm_raw,BORGA BİLİŞİM TEKNOLOJİ TİCARET ANONİM ŞİRKETİ,0.0,0.24489795918367352,7,1,1,1,0.0,0.0,-15.517947982665458
firm_raw,TEKNOKOLİK BİLGİSAYAR TEMİZLİK HAZIR YEMEK İNŞAAT GIDA PAZARLAMA SANAYİ DIŞ TİCARET LİMİTED ŞİRKETİ,0.0,0.0,1,1,1,1,0.0,0.0,-15.517947982665458
firm_raw,"BARLA BİLGİSAYAR MÜHENDİSLİK MÜŞAVİRLİK GIDA İNŞAAT MEDİKAL SANAYİ VE TİCARET LİMİTED ŞİRKETİ, TEKNOKOLİK BİLGİSAYAR TEMİZLİK HAZIR YEMEK İNŞAAT GIDA PAZARLAMA SANAYİ DIŞ TİCARET LİMİTED ŞİRKETİ Ortak Girişimi",0.0,0.0,1,1,1,1,0.0,0.0,-15.517947982665458
firm_raw,ÖZNET TEMİZLİK ORMAN ÜRÜNLERİ BİLGİSAYAR OTOMASYON KARGO KURYE SERVİS ZİRAAT ELEK.ELEKT.İNŞ.YEMEK.PAZ.TİC.VE SAN.LİMİTED ŞİRKETİ,0.0,0.0,3,1,1,2,0.0,0.6931471805599453,-15.517947982665458
firm_raw,LACİTEK İLERİ TEKNOLOJİLER ARAŞTIRMA GELİŞTİRME DANIŞMANLIK SANAYİ İÇ VE DIŞ TİCARET LİMİTED ŞİRKETİ,0.0,0.0,3,1,1,1,0.0,0.0,-15.517947982665458
firm_raw,STT SİSTEM TRAFİK TEKNOLOJİ İNŞAAT MAKİNA SANAYİ VE TİCARET LİMİTED ŞİRKETİ,0.0,0.2551020408163266,14,1,1,1,0.0,0.0,-15.517947982665458
firm_raw,PANTECH TEKNOLOJİ VE İNOVASYON ÇÖZÜMLERİ ANONİM ŞİRKETİ,0.0,0.2551020408163266,14,1,1,1,0.0,0.0,-15.517947982665458
firm_raw,OANDA MÜHENDİSLİK DANIŞMANLIK İNŞAAT SANAYİ VE TİCARET LİMİTED ŞİRKETİ,0.0,0.2551020408163266,14,1,1,1,0.0,0.0,-15.517947982665458
firm_raw,KARTOTEK HARİTA İNŞAAT ÜRETİM VE TEKNOLOJİLERİ TİCARET LİMİTED ŞİRKETİ,0.0,0.2551020408163266,14,1,1,1,0.0,0.0,-15.517947982665458
firm_raw,BLİNK BİLİŞİM HİZETLERİ ANONİM ŞİRKETİ,0.0,0.2551020408163266,14,1,1,1,0.0,0.0,-15.517947982665458
firm_raw,"ANKAREF İNOVASYON VE TEKNOLOJİ ANONİM ŞİRKETİ, ORDULU BİLGİ TEKNOLOJİLERİ ANONİM ŞİRKETİ İş Ortaklığı",0.0,0.13265306122448983,14,1,1,1,0.0,0.0,-15.517947982665458
firm_raw,BAMMA TEKNOLOJİ ANONİM ŞİRKETİ,0.0,0.6577777777777778,15,1,1,2,0.0,0.6931471805599453,-15.517947982665458
firm_raw,ARMİN DANIŞMANLIK BİLİŞİM VE EĞİTİM HİZMETLERİ LİMİTED ŞİRKETİ,0.0,0.5,6,1,1,1,0.0,0.0,-15.517947982665458
firm_raw,BAYLAN OTOMASYON SİSTEMLERİ BİLİŞİM SANAYİ TİCARET ANONİM ŞİRKETİ,0.0,0.2551020408163266,14,1,1,1,0.0,0.0,-15.517947982665458
firm_raw,BAYBORA OTOMASYON Bİ LİŞİM HİZM.TURZ.TAŞ. GIDA SAN.LTD.ŞTİ.,0.0,0.0,1,1,1,1,0.0,0.0,-15.517947982665458
firm_raw,İMPERİTEK BİLİŞİM YÖ NETİMİ DANIŞMANLIK M ÜH.EĞİT.SAN.VE TİC.L,0.0,0.29166666666666663,12,1,1,1,0.0,0.0,-15.517947982665458
firm_raw,İDE TEKNOLOJİ MÜHENDİSLİK VE DANIŞMANLIK TİC.LTD.ŞTİ.,0.0,0.24489795918367352,7,1,1,2,0.0,0.6931471805599453,-15.517947982665458
firm_raw,TROİS YAZILIM VE MÜHENDİSLİK LİMİTED ŞİRKETİ,0.0,0.4444444444444444,3,1,1,1,0.0,0.0,-15.517947982665458
firm_raw,PSEUDONYM_457,0.0,0.0,1,2,1,2,0.0,0.6931471805599453,-15.517947982665458
firm_raw,PSEUDONYM_244,0.0,0.375,4,1,1,1,0.0,0.0,-15.517947982665458
firm_raw,EVKAL YAZILIM EĞİTİM DANIŞMANLIK TASARIM SAĞLIK HİZMETLERİ TİCARET VE SANAYİ LİMİTED ŞİRKETİ,0.0,0.6666666666666667,3,1,1,1,0.0,0.0,-15.517947982665458
firm_raw,EMSA GRUP DEMİR ÇELİ K İNŞ.MAK.VE MAD.SAN TİC.LTD.ŞTİ.,0.0,0.0,1,1,1,1,0.0,0.0,-15.517947982665458
firm_raw,DURU BİLİŞİM TEKNOLOJİLERİ İLETİŞİM YAYINCILIK EĞİTİM İNŞAAT EMLAK ELEKTRONİK İTHALAT İHRACAT İÇ VE DIŞ TİCARET LİMİTED ŞİRKETİ,0.0,0.0,1,2,3,3,1.0986122886681098,1.0986122886681098,-15.517947982665458
firm_raw,PSEUDONYM_530,0.0,0.0,3,1,1,1,0.0,0.0,-15.517947982665458
firm_raw,ONASOR BİLGİ TEKNOLOJİLERİ İNTERNET HİZMETLERİ YAZILIM SANAYİ VE TİCARET LİMİTED ŞİRKETİ,0.0,0.5267489711934157,27,1,1,1,0.0,0.0,-15.517947982665458
firm_raw,UZUNLU HARİTA İNŞAATLİMİTED ŞİRKETİ,0.0,0.375,4,1,1,1,0.0,0.0,-15.517947982665458
firm_raw,PSEUDONYM_568,0.0,0.4444444444444444,3,1,1,1,0.0,0.0,-15.517947982665458
firm_raw,BELGE ELEKTRONİK SANTİC.LTD.ŞTİ.,0.0,0.4444444444444444,3,1,1,1,0.0,0.0,-15.517947982665458
firm_raw,TEMSU SONDAJ MÜHENDİSLİK MÜŞAVİRLİK İNŞAAT TAAHHÜT ZİRAAT TAŞIMACILIK TURİZM İTHALAT İHRACAT SANAYİ VE TİCARET LİMİTED ŞİRKETİ,0.0,0.7407407407407407,9,1,2,3,0.6931471805599453,1.0986122886681098,-15.517947982665458
firm_raw,MATBUU BASKI VE İNTERNET HİZMETLERİ ORGANİZASYON LİMİTED ŞİRKETİ,0.0,0.5267489711934157,27,1,1,1,0.0,0.0,-15.517947982665458
firm_raw,ENVEST ENERJİ VE SU TEKNOLOJİLERİ SANAYİ TİCARET LİMİTED ŞİRKETİ,0.0,0.7407407407407407,9,1,1,1,0.0,0.0,-15.517947982665458
firm_raw,PSEUDONYM_376,0.0,0.0,3,1,1,1,0.0,0.0,-15.517947982665458
firm_raw,MUAD PLANLAMA MİMARLIK İNŞAAT SANAYİ VE TİCARET LİMİTED ŞİRKETİ,0.0,0.72,5,1,1,1,0.0,0.0,-15.517947982665458
firm_raw,TEKOFİS BÜRO MAKİNALARI PAZ.SAN.VE TİC.LTD.ŞTİ.,0.0,0.0,11,2,1,9,0.0,2.1972245773362196,-15.517947982665458
firm_raw,PSEUDONYM_385,0.0,0.0,11,1,1,1,0.0,0.0,-15.517947982665458
firm_raw,PSEUDONYM_242,0.0,0.0,11,1,1,2,0.0,0.6931471805599453,-15.517947982665458
firm_raw,PSEUDONYM_112,0.0,0.0,11,1,1,1,0.0,0.0,-15.517947982665458
firm_raw,PSEUDONYM_084,0.0,0.0,11,2,2,2,0.6931471805599453,0.6931471805599453,-15.517947982665458
firm_raw,NETUS OTOMASYON SİSTEMLERİ VE BİLİŞİM TEKNOLOJİLERİ TİCARET LİMİTED ŞİRKETİ,0.0,0.0,11,1,1,1,0.0,0.0,-15.517947982665458
firm_raw,BETİK BİLİŞİM VE REK LAM HİZM.TİC.VE SAN.LTD.ŞTİ.,0.0,0.0,11,1,1,1,0.0,0.0,-15.517947982665458
firm_raw,SİBEL ELEKTRİK TİC. VE SAN.LTD.ŞTİ.,0.0,0.625,4,1,1,1,0.0,0.0,-15.517947982665458
firm_raw,İNNOSFER TEKNOLOJİ LİMİTED ŞİRKETİ,0.0,0.40625,8,1,1,1,0.0,0.0,-15.517947982665458
firm_raw,KAYNAK ARAŞTIRMA EĞİ T.PAZ.TELEK ORG. SAN.VE TİC.A.Ş.,0.0,0.40625,8,1,1,1,0.0,0.0,-15.517947982665458
firm_raw,INFOTECH BİLİŞİM VE İLETİŞİM TEK.SAN .VE TİC.A.Ş.,0.0,0.40625,8,1,1,1,0.0,0.0,-15.517947982665458
firm_raw,ERKİN BİLİŞİM İLETİŞİM GÜVENLİK İNŞAAT SANAYİ VE TİCARET LİMİTED ŞİRKETİ,0.0,0.40625,8,1,1,1,0.0,0.0,-15.517947982665458
firm_raw,BERKA BİLGİ TEKNOLOJ İLERİ VE DANIŞMA NLIK HİZMET.A.Ş.,0.0,0.40625,8,1,1,1,0.0,0.0,-15.517947982665458
firm_raw,TEKNOWITH BİLİŞİM VE TİCARET LİMİTED ŞİRKETİ,0.0,0.0,2,1,1,1,0.0,0.0,-15.517947982665458
firm_raw,BERA ARGE YAZILIM VE DANIŞMANLIK HİZMETLERİ SANAYİ VE TİCARET LİMİTED ŞİRKETİ,0.0,0.0,2,1,1,1,0.0,0.0,-15.517947982665458
firm_raw,BULUTANKA REKLAM TANITIM ORGANİZASYON İLETİŞİM TURİZM EĞİTİM İNŞAAT TAAHHÜT EMLAK NAKLİYAT GIDA VE TEKSTİL SANAYİ TİCARET LİMİTED ŞİRKETİ,0.0,0.0,3,1,1,2,0.0,0.6931471805599453,-15.517947982665458
firm_raw,BKS REKLAM TANITIM ORGANİZASYON İLETİŞİM TURİZM EĞİTİM EMLAK İNŞAAT TAAHHÜT SANAYİ VE TİCARET LİMİTED ŞİRKETİ,0.0,0.0,3,1,1,2,0.0,0.6931471805599453,-15.517947982665458
firm_raw,TEKOFARK GÖRÜNTÜLEME VE OFİS SİSTEMLERİ PAZARLAMA TİCARET LİMİTED ŞİRKETİ,0.0,0.0,2,1,1,1,0.0,0.0,-15.517947982665458
firm_raw,EFA BİLİŞİM YAZIL.DA NIŞ.BİLGİ.EĞİTİM SAN.VE TİC.LTD.Ş,0.0,0.0,2,2,2,2,0.6931471805599453,0.6931471805599453,-15.517947982665458
firm_raw,BFM MİMARLIK MÜH.İNŞDEK.ELE.VE GÜ.SİSN.VE TC.LTD.ŞTİ,0.0,0.0,2,1,1,1,0.0,0.0,-15.517947982665458
firm_raw,KARİYER.NET ELEKTRONİK YAYINCILIK VE İLETİŞİM HİZMETLERİ ANONİM ŞİRKETİ,0.0,0.24380165289256195,22,1,1,1,0.0,0.0,-15.517947982665458
firm_raw,BEYKOZ GALERİ OTOMOTİV İNŞAAT TAAHHÜT İTHALAT İHRACAT SANAYİ VE TİCARET LİMİTED ŞİRKETİ,0.0,0.0,3,1,1,1,0.0,0.0,-15.517947982665458
firm_raw,PSEUDONYM_377,0.0,0.0,2,1,1,2,0.0,0.6931471805599453,-15.517947982665458
firm_raw,GLOBAL EMR BİLGİSAYAR YAZILIM VE TEKNOLOJİ ÜRÜNLERİ DIŞ TİCARET LİMİTED ŞİRKETİ,0.0,0.24380165289256195,22,2,1,2,0.0,0.6931471805599453,-15.517947982665458
firm_raw,TRUVA YEREL YÖNETİM YAZILIMLARI SANAYİ T İC.LTD.ŞTİ.,0.0,0.0,2,1,1,1,0.0,0.0,-15.517947982665458
firm_raw,PSEUDONYM_183,0.0,0.0,1,1,1,1,0.0,0.0,-15.517947982665458
firm_raw,PLANET BİLGİSAYAR VE MAKİNE SANAYİ TİCARET LİMİTED ŞİRKETİ,0.0,0.7,10,1,1,2,0.0,0.6931471805599453,-15.517947982665458
firm_raw,PETRA İNSAN KAYNAKLARI EĞİTİM DANIŞMANLIK SAN. TİC. LTD. ŞTİ,0.0,0.7,10,1,1,1,0.0,0.0,-15.517947982665458
firm_raw,PSEUDONYM_572,0.0,0.72,5,1,1,1,0.0,0.0,-15.517947982665458
firm_raw,ETHA MÜHENDİSLİK GÜVENLİK SİSTEMLERİ ELEKTRİK MAKİNA İNŞAAT NAKLİYAT SANAYİ VE TİCARET LİMİTED ŞİRKETİ.,0.0,0.0,3,1,1,1,0.0,0.0,-15.517947982665458
firm_raw,BONİ TEKNOLOJİ ANONİM ŞİRKETİ,0.0,0.0,3,1,1,1,0.0,0.0,-15.517947982665458
firm_raw,KENTİM BİLİŞİM ANONİM ŞİRKETİ,0.0,0.375,4,1,1,1,0.0,0.0,-15.517947982665458
firm_raw,BODÜSAN MOBİLYA DEKORASYON İNŞAAT NAKLİYE TURİZM KIRTASİYE İTHALAT İHRACAT TİCARET LİMİTED ŞİRKETİ,0.0,0.375,4,1,1,1,0.0,0.0,-15.517947982665458
firm_raw,BNK TEKNOLOJİ VE BİLİŞİM SİSTEMLERİ TİCARET LTD.ŞTİ,0.0,0.4444444444444444,3,1,1,1,0.0,0.0,-15.517947982665458
firm_raw,ZALOĞLU TUR.İNŞ.TEM. BİL.SS.OTMS MED. GD.PZ.SA.Tİ.LT.Ş,0.0,0.0,3,1,1,1,0.0,0.0,-15.517947982665458
firm_raw,PSEUDONYM_567,0.0,0.0,2,1,1,1,0.0,0.0,-15.517947982665458
firm_raw,PSEUDONYM_266,0.0,0.0,3,1,1,1,0.0,0.0,-15.517947982665458
firm_raw,MSD TEMİZLİK BİLGİ SİSTEM MEDİKAL SAĞLIK TURİZM İNŞAAT PETROL GIDA SANAYİ VE TİCARET LİMİTED ŞİRKETİ,0.0,0.0,3,1,1,2,0.0,0.6931471805599453,-15.517947982665458
firm_raw,LİDER KIRTASİYE MALZEMELERİ VE BÜRO MAK.SAN.TİC.LTD.ŞTİ.,0.0,0.0,2,1,1,1,0.0,0.0,-15.517947982665458
firm_raw,GELİŞİM TİCARİ YAZILIM LİMİTED ŞİRKETİ,0.0,0.5267489711934157,27,1,1,1,0.0,0.0,-15.517947982665458
firm_raw,DEMİR TEMİZLİK İLAÇLAMA BİLGİ SİSTEM MEDİKAL PETROL GIDA KUYUMCULUK ORGANİZASYON REKLAM NAKLİYAT İNŞAAT SANAYİ VE TİCARET LİMİTED ŞİRKETİ,0.0,0.0,3,1,1,2,0.0,0.6931471805599453,-15.517947982665458
firm_raw,"BMB SOFT BİLGİSAYARYAZILIM İLETİŞİMSİS.SAN.VE TİC.L, METASOFT BİLGİSAYAR BİLGİ İŞLEM HİZMETLERİ SANAYİ VE TİCARET LİMİTED ŞİRKETİ İş Ortaklığı",0.0,0.4444444444444444,3,1,1,1,0.0,0.0,-15.517947982665458
firm_raw,UNİTY ORGANİZASYON YÖNETİMİ LİMİTED ŞİRKETİ,0.0,0.0,3,1,1,1,0.0,0.0,-15.517947982665458
firm_raw,MST GLOBAL DANIŞMANLIK TİCARET LİMİTED ŞİRKETİ,0.0,0.0,3,1,1,1,0.0,0.0,-15.517947982665458
firm_raw,CREAS BİLİŞİM TEKNOLOJİLERİ İTHALAT İHRACAAT SANAYİ VE TİCARET LİMİTED ŞİRKETİ,0.0,0.17999999999999994,10,1,1,1,0.0,0.0,-15.517947982665458
firm_raw,TEKNOSİM GÜVENLİK SİSTEMLERİ MÜHENDİSLİK OTOMASYON ELEKTRONİK EĞİTİM DANIŞMANLIK İNŞAAT SANAYİ VE TİCARET LİMİTED ŞİRKETİ.,0.0,0.0,1,1,1,1,0.0,0.0,-15.517947982665458
firm_raw,PSEUDONYM_397,0.0,0.0,1,1,1,1,0.0,0.0,-15.517947982665458
firm_raw,INTERACT MEDİKAL TEKNOLOJİLERİ ANONİM ŞİRKETİ,0.0,0.0,1,1,1,1,0.0,0.0,-15.517947982665458
firm_raw,PSEUDONYM_597,0.0,0.0,1,1,1,1,0.0,0.0,-15.517947982665458
firm_raw,VERİ SECURITY BİLİŞİM VE DANIŞMANLIK HİZMETLERİ ANONİM ŞİRKETİ,0.0,0.4444444444444444,3,1,1,1,0.0,0.0,-15.517947982665458
firm_raw,RESOLUTİON7 TEKNOLOJİ ANONİM ŞİRKETİ,0.0,0.0,9,3,1,4,0.0,1.3862943611198906,-15.517947982665458
firm_raw,PSEUDONYM_603,0.0,0.0,9,1,1,1,0.0,0.0,-15.517947982665458
firm_raw,PSEUDONYM_587,0.0,0.0,9,1,1,1,0.0,0.0,-15.517947982665458
firm_raw,3K2M BİLİŞİM YAZILIM DONANIM OYUN VE TİCARET LİMİTED ŞİRKETİ,0.0,0.0,9,1,1,1,0.0,0.0,-15.517947982665458
firm_raw,ACRONET BİLİŞİM VE İLETİŞİM TEKNOLOJİLERİ TİCARET LİMİTED ŞİRKETİ,0.0,0.6577777777777778,15,1,1,1,0.0,0.0,-15.517947982665458
firm_raw,A4 NETWORK BİLİŞİM TİCARET LİMİTED ŞİRKETİ,0.0,0.07396449704142016,26,1,1,1,0.0,0.0,-15.517947982665458
firm_raw,ÇÖZÜM MARKET BİLGİSAYAR SİST.SAN.VEDAN.TİC.LTD.ŞTİ.,0.0,0.0,1,1,2,2,0.6931471805599453,0.6931471805599453,-15.517947982665458
firm_raw,YILDIZ TEKNOLOJİ TRANSFER OFİSİ ANONİM ŞİRKETİ,0.0,0.13265306122448983,14,1,1,2,0.0,0.6931471805599453,-15.517947982665458
firm_raw,WID TİCARET VE SANAYİ ANONİM ŞİRKETİ,0.0,0.13265306122448983,14,1,1,1,0.0,0.0,-15.517947982665458
firm_raw,ROBUSTA YAZILIM OTOMASYON DANIŞMANLIK SANAYİ VE TİCARET ANONİM ŞİRKETİ,0.0,0.4444444444444444,6,1,1,1,0.0,0.0,-15.517947982665458
firm_raw,NATİONAL KEEP NK BİLİŞİM TEKNOLOJİLERİ ULUSLARARASI SİBER GÜVENLİK HİZMETLERİ DANIŞMANLIK YAZILIM VE LABORATUVAR HİZMETLERİ TİCARET LİMİTED ŞİRKETİ,0.0,0.4444444444444444,6,1,1,1,0.0,0.0,-15.517947982665458
firm_raw,KC TEK ARGE BİLİŞİM VE EĞİTİM TEKNOLOJİLERİ SANAYİ VE TİCARET ANONİM ŞİRKETİ,0.0,0.4444444444444444,6,1,1,1,0.0,0.0,-15.517947982665458
firm_raw,"BOĞAZİÇİ HİZMET GRUPİNŞ.MÜH.EĞİT.DANIŞ.TEM.TAAH.VE TİC.LT.ŞT, ASAL BİLİM KÜLTÜR SANAT SPOR SAĞLIK VE REHABİLİTASYON MERK.ORG.LTD.ŞTİ. İş Ortaklığı",0.0,0.0,2,1,1,1,0.0,0.0,-15.517947982665458
firm_raw,"BOĞAZİÇİ HİZMET GRUPİNŞ.MÜH.EĞİT.DANIŞ.TEM.TAAH.VE TİC.LT.ŞT, AKSİYONER BİLGİ YÖNETİMİ YAZIMIL SİSTEM ORG.EĞİTİM VE DANIŞMANLIK SANAYİ TİCARET LTD ŞTİ Ortak Girişimi",0.0,0.0,2,1,1,1,0.0,0.0,-15.517947982665458
firm_raw,İNFORMASCOPE BİLİŞİM TEKNOLOJİLERİ YAYINC ILIK TİC.LTD.ŞTİ.,0.0,0.4444444444444444,3,1,2,2,0.6931471805599453,0.6931471805599453,-15.517947982665458
firm_raw,TERVELLİ ENDÜSTRİYEL ÜRÜNLER DIŞ TİCARET LİMİTED ŞİRKETİ,0.0,0.0,3,1,1,1,0.0,0.0,-15.517947982665458
firm_raw,ÖZGÜN ÖDÜL KİT.KIR.RMED.TIB.ÜR.E.EL.BİL.T.S.ML.LTD.Ş,0.0,0.0,2,1,1,1,0.0,0.0,-15.517947982665458
firm_raw,YDK BİLİŞİM REKLAM İNŞAAT SANAYİ VE TİCARET LİMİTED ŞİRKETİ,0.0,0.31999999999999984,5,1,1,1,0.0,0.0,-15.517947982665458
firm_raw,WALNUT LAB TEKNOLOJİ VE DİJİTAL ÇÖZÜMLER ANONİM ŞİRKETİ,0.0,0.31999999999999984,5,1,1,1,0.0,0.0,-15.517947982665458
firm_raw,YEDİTEPE ANKARA ÇAĞRI HİZMETLERİ SOSYAL EĞİTİM HİZMETLERİ İNŞAAT TEMİZLİK OTO KİRALAMA PETROL SANAYİ VE TİCARET LTD.ŞTİ.,0.0,0.0,1,1,1,1,0.0,0.0,-15.517947982665458
firm_raw,TURKGEN YAZILIM DANIŞMANLIK SANAYİ VE TİCARET ANONİM ŞİRKETİ,0.0,0.49382716049382713,9,1,1,1,0.0,0.0,-15.517947982665458
firm_raw,DURUKAN SOSYAL HİZMETLER BİLİŞİM EĞİTİM DANIŞMANLIK PEYZAJ TEMİZLİK TURİZM İTHALAT İHRACAT SANAYİ VE TİCARET LİMİTED ŞİRKETİ,0.0,0.49382716049382713,9,1,1,1,0.0,0.0,-15.517947982665458
firm_raw,CAMPAK TEMİZLİK BİLGİ İŞLEM OTOMASYON SAĞLIK HİZMETLERİ İNŞAAT SANAYİ VE TİCARET ANONİM ŞİRKETİ,0.0,0.49382716049382713,9,2,1,13,0.0,2.5649493574615367,-15.517947982665458
firm_raw,BTS KURUMSAL BİLİŞİM TEKNOLOJİLERİ ANONİM ŞİRKETİ,0.0,0.49382716049382713,9,1,1,1,0.0,0.0,-15.517947982665458
firm_raw,PROCEN DANIŞMANLIK BİLGİ TEKNOLOJİLERİ EĞİTİM VE BELGELENDİRME HİZMETLERİ TİCARET LİMİTED ŞİRKETİ,0.0,0.0,2,1,1,1,0.0,0.0,-15.517947982665458
firm_raw,İDEA BİLİŞİM DAN.VESAV.SİST.SAN.VETİC.LTD.ŞTİ.,0.0,0.17999999999999994,10,1,1,1,0.0,0.0,-15.517947982665458
firm_raw,ÖZERK BÜRO MAK.SAN.T İC.LTD.ŞTİ.,0.0,0.17999999999999994,10,1,1,1,0.0,0.0,-15.517947982665458
firm_raw,VERİM HARİTA MÜHENDİSLİK PLANLAMA.İNŞAAT SANAYİ VE TİCARET LİMİTED ŞİRKETİ,0.0,0.17999999999999994,10,1,1,1,0.0,0.0,-15.517947982665458
firm_raw,MULTİMEDYA TEKNOLOJİ BİLİŞİM BİLGİSAYAR TİCARET LİMİTED ŞİRKETİ,0.0,0.17999999999999994,10,1,1,1,0.0,0.0,-15.517947982665458
firm_raw,PSEUDONYM_511,0.0,0.0,1,1,1,1,0.0,0.0,-15.517947982665458
firm_raw,BİR BİLEN BİLİŞİM LİMİTED ŞİRKETİ,0.0,0.5800000000000001,10,1,1,1,0.0,0.0,-15.517947982665458
firm_raw,BÜKEY FOTOĞRAFÇILIK TİC LTD ŞTİ.,0.0,0.5800000000000001,10,1,1,1,0.0,0.0,-15.517947982665458
firm_raw,İNTEGRAL KURUMSAL TE KNOLOJİ ÇÖZÜMLERİ SA N. VE TİC. LTD. ŞTİ.,0.0,0.6666666666666667,6,2,2,2,0.6931471805599453,0.6931471805599453,-15.517947982665458
firm_raw,SETAP TEKNOLOJİ SİSTEMLERİ SANAYİ VE TİCARET ANONİM ŞİRKETİ,0.0,0.0,7,1,1,1,0.0,0.0,-15.517947982665458
firm_raw,ROKHSİS BİLİŞİM ANONİM ŞİRKETİ,0.0,0.0,7,1,1,1,0.0,0.0,-15.517947982665458
firm_raw,PSEUDONYM_409,0.0,0.72,5,1,1,1,0.0,0.0,-15.517947982665458
firm_raw,NEXTDATA BİLGİ İLETİŞİM DANIŞMANLIK VE SATIŞ HİZMETLERİ SANAYİ VE TİCARET ANONİM ŞİRKETİ,0.0,0.0,7,1,1,2,0.0,0.6931471805599453,-15.517947982665458
firm_raw,KİDA TEKNOLOJİ BİLGİSAYAR GÜVENLİK SİSTEM LERİ VE REKLAMCILIK TİCARET SANAYİ LİMİTED ŞİRKETİ,0.0,0.4444444444444444,6,1,1,1,0.0,0.0,-15.517947982665458
firm_raw,KALİTE BİLGİSAYAR İLETİŞİM ELEK.ELEKT.TİC.LTD.ŞTİ.,0.0,0.2777777777777777,6,1,1,1,0.0,0.0,-15.517947982665458
firm_raw,ENARTEC TEKNOLOJİ VE MÜHENDİSLİK ANONİM ŞİRKETİ,0.0,0.0,7,1,1,1,0.0,0.0,-15.517947982665458
firm_raw,E KAMPÜS EĞİTİM YAZILIM VE DANIŞMANLIK ANONİM ŞİRKETİ,0.0,0.0,7,1,1,1,0.0,0.0,-15.517947982665458
firm_raw,ICON SYSTEMS TEKNOLOJİ SİSTEM YAPI VE SANAYİ ANONİM ŞİRKETİ,0.0,0.0,1,1,1,1,0.0,0.0,-15.517947982665458
firm_raw,BULUT FİLO YÖNETİMİ ANONİM ŞİRKETİ,0.0,0.0,1,1,1,1,0.0,0.0,-15.517947982665458
firm_raw,OSEM İNŞAAT TEKNOLOJİ SANAYİ VE TİCARET LİMİTED ŞİRKETİ,0.0,0.375,4,1,1,1,0.0,0.0,-15.517947982665458
firm_raw,PUENTECH BİLİŞİM VE DANIŞMANLIK HİZMETLERİ ANONİM ŞİRKETİ,0.0,0.41666666666666663,12,1,1,1,0.0,0.0,-15.517947982665458
firm_raw,NETLINE BİLGİ İŞLEM BİLGİSAYAR DONANIM VE PROGRAM HİZMETLERİ TİCARET LİMİTED ŞİRKETİ,0.0,0.41666666666666663,12,1,1,1,0.0,0.0,-15.517947982665458
firm_raw,MOMENDE BİLİŞİM DANIŞMANLIK VE TEKN HİZMTİC LTD ŞTİ,0.0,0.41666666666666663,12,1,1,1,0.0,0.0,-15.517947982665458
firm_raw,KURUMSOFT KURUMSAL BİLİŞİM TEKNOLOJİLERİ VE DANIŞMANLIK HİZMETLERİ ANONİM ŞİRKETİ,0.0,0.41666666666666663,12,2,2,4,0.6931471805599453,1.3862943611198906,-15.517947982665458
firm_raw,IRMAK YAZILIM BİLİŞİM VE BİLGİSAYAR HİZMETLERİ TİCARET LİMİTED ŞİRKETİ,0.0,0.41666666666666663,12,1,1,1,0.0,0.0,-15.517947982665458
firm_raw,GALAKSİTY AKILLI ŞEHİR TEKNOLOJİLERİ ANONİM ŞİRKETİ,0.0,0.41666666666666663,12,1,3,3,1.0986122886681098,1.0986122886681098,-15.517947982665458
firm_raw,ENTİ MÜH.MÜŞ.PRJ.İNŞÇE.EL.ELKT.İT.İH.SAN.VE TİC.LTD.Ş,0.0,0.41666666666666663,12,1,1,1,0.0,0.0,-15.517947982665458
firm_raw,Bİ STRATEJİK YAZILIM SANAYİ TİCARET ANONİM ŞİRKETİ,0.0,0.41666666666666663,12,1,1,1,0.0,0.0,-15.517947982665458
firm_raw,NETS KIRTASİYE ANONİM ŞİRKETİ,0.0,0.5703125,16,1,1,1,0.0,0.0,-15.517947982665458
firm_raw,LİDYA DÖKÜMANTASYON VE DİJİTAL BASKI HİZMETLERİ SANAYİ TİCARET LİMİTED ŞİRKETİ,0.0,0.5703125,16,1,1,1,0.0,0.0,-15.517947982665458
firm_raw,KONYA BİLİM TEKNOLOJİ VE İNOVASYON HİZMETLERİ SANAYİ TİCARET ANONİM ŞİRKETİ,0.0,0.5703125,16,2,1,4,0.0,1.3862943611198906,-15.517947982665458
firm_raw,"KENTBİS YAZILIM İŞLE TİM MÜH.LTD.ŞTİ., BSK MÜHENDİSLİK SAN. VE TİC.LTD.ŞTİ. Ortak Girişimi",0.0,0.5703125,16,1,1,1,0.0,0.0,-15.517947982665458
firm_raw,FERMUR HARİTA İNŞAAT SANAYİ VE TİC.LTD.ŞTİ,0.0,0.5703125,16,1,1,1,0.0,0.0,-15.517947982665458
firm_raw,BÜRMAKSER BÜRO MAKİNA VE MALZEMELERİ GÜVENLİK SİSTEMLERİ İNŞAAT TAAHHÜT SANAYİ VE TİCARET LİMİTED ŞİRKETİ,0.0,0.5703125,16,1,1,1,0.0,0.0,-15.517947982665458
firm_raw,Fİ TEKNOLOJİ VE MÜHENDİSLİK LİMİTED ŞİRKETİ,0.0,0.5800000000000001,10,1,1,4,0.0,1.3862943611198906,-15.517947982665458
firm_raw,CEREBRUM TEKNOLOJİ YAZILIM SANAYİ VE TİCARET ANONİM ŞİRKETİ,0.0,0.31999999999999984,5,1,1,1,0.0,0.0,-15.517947982665458
firm_raw,PSEUDONYM_656,0.0,0.4444444444444444,3,1,1,2,0.0,0.6931471805599453,-15.517947982665458
firm_raw,TOSHIBA TURKEY TIBBİ SİSTEMLER ANONİM ŞİRKETİ,0.0,0.0,3,1,1,1,0.0,0.0,-15.517947982665458
firm_raw,DÜNYAM SANAL MAĞAZACILIK BİLİŞİM İNŞAAT TEKSTİL SAN.VE DIŞ TİC.LTD.ŞTİ.,0.0,0.0,2,1,1,1,0.0,0.0,-15.517947982665458
firm_raw,SEBİL BİLGİSAYAR MÜHENDİSLİK İNŞAAT SANAYİ VE TİCARET ANONİM ŞİRKETİ.,0.0,0.0,2,1,1,1,0.0,0.0,-15.517947982665458
firm_raw,BİLDES BİLİŞİM DESTEK HİZMETLERİ DANIŞMANLIK ORGANİZASYON TURİZM İÇ VE DIŞ TİCARET LİMİTED ŞİRKETİ,0.0,0.0,2,1,1,1,0.0,0.0,-15.517947982665458
firm_raw,MEVA MEDİKAL İNŞAAT TURİZM GIDA TEKSTİL SANAYİ VE TİCARET LİMİTED ŞİRKETİ,0.0,0.0,1,1,1,1,0.0,0.0,-15.517947982665458
firm_raw,3B DİJİTAL OFİS TEKNOLOJİ TİCARET VE SANAYİ LİMİTED ŞİRKETİ,0.0,0.0,1,1,1,1,0.0,0.0,-15.517947982665458
firm_raw,362 YAZILIM BİLİŞİM TEKNOLOJİLERİ VE TASARIM HİZMETLERİ TİCARET PAZARLAMA LİMİTED ŞİRKETİ,0.0,0.5,2,1,1,1,0.0,0.0,-15.517947982665458
firm_raw,360 AKADEMİ EĞİTİM BİLİŞİM TİCARET LİMİTED ŞİRKETİ,0.0,0.0,1,1,1,1,0.0,0.0,-15.517947982665458
firm_raw,32 BİT BİLGİSAYAR Hİ Z.SAN.VE TİC.LTD .ŞTİ.,0.0,0.5,2,1,1,1,0.0,0.0,-15.517947982665458
firm_raw,"ANKAREF İNOVASYON VE TEKNOLOJİ ANONİM ŞİRKETİ, ERBUL BİLGİ TEKNOLOJİLERİ ANONİM ŞİRKETİ İş Ortaklığı",0.0,0.13265306122448983,14,1,1,1,0.0,0.0,-15.517947982665458
firm_raw,"3M BİLİŞİM TEKNOLOJİLERİ LİMİTED ŞİRKETİ, ANKAREF BİLİŞİM TEKN OLOJİLERİ MÜH İM SAN TİC LTD ŞTİ, UDEA UZMAN DENEYSEL ELEK.ARA.DAN.SAN .VE TİC.LTD.ŞTİ. Ortak Girişimi",0.0,0.13265306122448983,14,1,1,1,0.0,0.0,-15.517947982665458
firm_raw,3M BİLİŞİM TEKNOLOJİLERİ LİMİTED ŞİRKETİ,0.0,0.0,1,1,1,1,0.0,0.0,-15.517947982665458
firm_raw,İLTER TEKNOLOJİ LİMİTED ŞİRKETİ,0.0,0.0,9,2,1,3,0.0,1.0986122886681098,-15.517947982665458
firm_raw,İLTER GRUP MÜHENDİSLİK TİCARET LİMİTED ŞİRKETİ,0.0,0.0,9,1,1,1,0.0,0.0,-15.517947982665458
firm_raw,RICOH TURKEY BASKI ÇÖZÜMLERİ LİMİTED ŞİRKETİ,0.0,0.0,9,1,1,1,0.0,0.0,-15.517947982665458
firm_raw,TEMİKAN BİLİŞİM GÜVENLİK SİSTEMLERİ İNŞAAT SANAYİ VE TİCARET LTD ŞTİ,0.0,0.0,1,1,1,1,0.0,0.0,-15.517947982665458
firm_raw,BİLAR FOTOKOPİ KIRTASİYE İNŞ ELEKTROGIDA SAN TİC.L.Ş,0.0,0.0,1,1,1,1,0.0,0.0,-15.517947982665458
firm_raw,PSEUDONYM_595,0.0,0.625,4,1,1,1,0.0,0.0,-15.517947982665458
firm_raw,LİNK BİLGİSAYAR SİSTEMLERİ YAZILIMI VE DONANIMI SANAYİ VE TİCARET ANONİM ŞİRKETİ,0.0,0.0,3,1,1,1,0.0,0.0,-15.517947982665458
firm_raw,DMV BİLİŞİM VE REKLAMCILIK TİCARET LİMİTED ŞİRKETİ,0.0,0.625,4,1,1,1,0.0,0.0,-15.517947982665458
firm_raw,ERATECH TEKNOLOJİ Sİ STEMLERİ SAN.TİC .A.Ş.,0.0,0.4444444444444444,3,1,1,1,0.0,0.0,-15.517947982665458
firm_raw,CAN-MED MEDİKAL GEREÇLER SAN.VE TİC.LTD.ŞTİ.,0.0,0.0,2,1,1,1,0.0,0.0,-15.517947982665458
firm_raw,BİLGECOM BİLİŞİM TEKNOLOJİLERİ SANAYİ VE TİCARET LİMİTED ŞİRKETİ,0.0,0.0,2,1,1,1,0.0,0.0,-15.517947982665458
firm_raw,ÖZGÜRTEM TOPLU TEMİZLİK YEMEK İLAÇLAMA ÖZEL GÜVENLİK TOPLU TAŞIMACILIK HAYVANCILIK İNŞAAT TAAHHÜT TURİZM TİCARET LİMİTED ŞİRKETİ,0.0,0.0,1,1,1,1,0.0,0.0,-15.517947982665458
firm_raw,BİLGE İLETİŞİM ORGANİZASYON REHBERLİK İNŞAAT TAAHHÜT TİCARET VE SANAYİ LİMİTED ŞİRKETİ,0.0,0.0,1,1,1,1,0.0,0.0,-15.517947982665458
firm_raw,İNTERSEK GÜVENLİK SİSTEMLERİ SAVUNMA SANAYİ VE TİCARET LİMİTED ŞİRKETİ,0.0,0.6666666666666667,6,1,1,1,0.0,0.0,-15.517947982665458
firm_raw,İDANET BİLİŞİM VE İLETİŞİM HİZMETLERİ SANAYİ VE TİCARET LİMİTED ŞİRKETİ,0.0,0.44897959183673464,7,1,1,2,0.0,0.6931471805599453,-15.517947982665458
firm_raw,THSNET BİLİŞİM TEKNOLOJİ VE DANIŞMANLIK LİMİTED ŞİRKETİ,0.0,0.625,4,1,1,1,0.0,0.0,-15.517947982665458
firm_raw,REDDLYNE YAZILIM SANAYİ VE TİCARET ANONİM ŞİRKETİ,0.0,0.31999999999999984,5,1,1,1,0.0,0.0,-15.517947982665458
firm_raw,PSEUDONYM_271,0.0,0.6666666666666667,6,1,1,2,0.0,0.6931471805599453,-15.517947982665458
firm_raw,PAYTEN TEKNOLOJİ ANONİM ŞİRKETİ,0.0,0.625,4,1,1,1,0.0,0.0,-15.517947982665458
firm_raw,ITM ÜREME SAĞLIĞI ÜRÜNLERİ LİMİTED ŞİRKETİ,0.0,0.75,4,1,1,1,0.0,0.0,-15.517947982665458
firm_raw,HİV-VA PEYZAJ UYGULAMA TASARIM İNŞAAT NAKLİYAT ÖZEL EĞİTİM VE SOSYAL HİZMETLER TEMİZLİK SANAYİ TİCARET LİMİTED ŞİRKETİ,0.0,0.5,2,1,1,1,0.0,0.0,-15.517947982665458
firm_raw,E-İMZA BİLİŞİM İLETİ ŞİM BİL GÜV HİZ ME PA SA TLTDŞTİ,0.0,0.31999999999999984,5,1,1,1,0.0,0.0,-15.517947982665458
firm_raw,ZİRVE ELEKTROMEKANİK İNŞAAT TAAHHÜT SANAYİ VE TİCARET LİMİTED ŞİRKETİ,0.0,0.48,5,1,1,1,0.0,0.0,-15.517947982665458
firm_raw,TURKNET İLETİŞİM HİZMETLERİ ANONİM ŞİRKETİ,0.0,0.48,5,1,1,2,0.0,0.6931471805599453,-15.517947982665458
firm_raw,MİYA DONANIM EĞİTİM YAZILIM DANIŞMANLIK HİZMETLERİ SANAYİ VE TİCARET LTD.ŞTİ.,0.0,0.48,5,1,1,1,0.0,0.0,-15.517947982665458
firm_raw,SYMPRO BİLİŞİM TEKNOLOJİLERİ TİCARET LİMİTED ŞİRKETİ,0.0,0.5,2,1,1,1,0.0,0.0,-15.517947982665458
firm_raw,İLKE BİLGİSAYAR TELK .YAZ.SER.TİC.SAN .LTD.ŞTİ.,0.0,0.0,6,1,1,1,0.0,0.0,-15.517947982665458
firm_raw,STS-E TEKNOLOJİ BİLG İSAYAR DAN.HİZ.S AN.VE TİC.LTD.ŞT,0.0,0.0,6,1,1,1,0.0,0.0,-15.517947982665458
firm_raw,KPMG YÖNETİM DANIŞMANLIĞI ANONİM ŞİRKETİ,0.0,0.0,6,1,1,1,0.0,0.0,-15.517947982665458
firm_raw,ELİS DANIŞMANLIK BİL GİSAYAR YAZ.TURZ SAN.VE TİC.LTD.Ş,0.0,0.0,6,1,1,1,0.0,0.0,-15.517947982665458
firm_raw,BİLGİ UZMANLARI E İŞ ÇÖZÜMLERİ SANAYİ VE TİCARET LİMİTED ŞİRKETİ,0.0,0.0,6,1,1,1,0.0,0.0,-15.517947982665458
firm_raw,ÇÖZÜM ECZA DEPOSU MEDİKAL LİMİTED ŞİRKETİ,0.0,0.0,4,1,1,1,0.0,0.0,-15.517947982665458
firm_raw,PANO EĞİTİM DANIŞMANLIK ORGANİZASYON TURİZM VE SEYAHAT TİCARET LİMİTED ŞİRKETİ,0.0,0.4444444444444444,3,1,1,1,0.0,0.0,-15.517947982665458
firm_raw,KARAHAN TIP SANAYİ VE TİCARET LİMİTED ŞİRKETİ,0.0,0.0,4,1,1,1,0.0,0.0,-15.517947982665458
firm_raw,BİLKA BİLGİSAYAR PAZ.VE TİC.LTD.ŞTİ,0.0,0.0,1,1,1,1,0.0,0.0,-15.517947982665458
firm_raw,İZMİRCOMP BİLGİSAYAR YAZILIM SANAYİ VE TİCARET ANONİM ŞİRKETİ,0.0,0.0,6,3,1,7,0.0,1.9459101490553132,-15.517947982665458
firm_raw,İDEAKTİF DANIŞMANLIK VE YAZILIM SANAYİ TİCARET LİMİTED ŞİRKETİ,0.0,0.4444444444444444,3,1,1,2,0.0,0.6931471805599453,-15.517947982665458
firm_raw,TEKTEM SOSYAL HİZ.TU RZ.İNŞ.GIDA SAN. VE TİC.LTD.ŞTİ.,0.0,0.0,6,1,1,1,0.0,0.0,-15.517947982665458
firm_raw,SİGMA MERKEZİ YÖNETİM SİSTEMLERİ DANIŞMANLIĞI TİCARET LİMİTED ŞİRKETİ,0.0,0.44897959183673464,7,1,2,2,0.6931471805599453,0.6931471805599453,-15.517947982665458
firm_raw,PSİKOTEK DANIŞMANLIK VE TİC.LTD.ŞTİ.,0.0,0.44897959183673464,7,1,1,1,0.0,0.0,-15.517947982665458
firm_raw,PSEUDONYM_361,0.0,0.0,6,1,1,1,0.0,0.0,-15.517947982665458
firm_raw,PSEUDONYM_024,0.0,0.0,6,1,1,1,0.0,0.0,-15.517947982665458
firm_raw,3 BAY ELEKTRONİK SANAYİ VE TİCARET LİMİTED ŞİRKETİ,0.0,0.21875,8,1,1,1,0.0,0.0,-15.517947982665458
firm_raw,3 ARTI BİLGİ TEKN.MÜ H.YÖN.EĞT.DANŞ.S AN.VE TİC.LTD.ŞT,0.0,0.24489795918367352,7,1,1,1,0.0,0.0,-15.517947982665458
firm_raw,3E5 İLETİŞİM TANITIM VE TİCARET LİMİTED ŞİRKETİ,0.0,0.5,2,1,1,2,0.0,0.6931471805599453,-15.517947982665458
firm_raw,KİKSOFTNET BİLİŞİM SİSTEMLERİ VE DANIŞMANLIK HİZMETLERİ TİCARET LİMİTED ŞİRKETİ,0.0,0.375,4,1,1,1,0.0,0.0,-15.517947982665458
firm_raw,PSEUDONYM_416,0.0,0.4444444444444444,3,1,1,1,0.0,0.0,-15.517947982665458
firm_raw,3BAY BİLİŞİM SANAYİ VE TİCARET LİMİTED ŞİRKETİ,0.0,0.375,4,1,1,1,0.0,0.0,-15.517947982665458
firm_raw,EMAY KIRTASİYE İNŞAAT NAKLİYE MADENCİLİK SANAYİ VE TİCARET LİMİTED ŞİRKETİ,0.0,0.0,1,1,1,1,0.0,0.0,-15.517947982665458
firm_raw,PRO7 BİLİŞİM GÜVENLİK SİSTEMLERİ TELEKOMÜNİKASYON İLETİŞİM VE TİCARET LİMİTED ŞİRKETİ,0.0,0.0,6,1,1,1,0.0,0.0,-15.517947982665458
firm_raw,DEMAK HIRDAVAT MAKİNA ELEKTRİK İNŞAAT YEDEKPARÇA TAAHHÜT TİCARET VE SANAYİ LİMİTED ŞİRKETİ,0.0,0.19753086419753085,9,1,1,1,0.0,0.0,-15.517947982665458
firm_raw,D.E.S.P.R.O.BİLGİSAYAR ELEKTRONİK T.S.H.S.VE T.L.Ş.,0.0,0.44897959183673464,7,1,1,1,0.0,0.0,-15.517947982665458
firm_raw,CMT MÜHENDİSLİK TEKNİK HİZMETLER TURİZM İNŞAAT VE SANAYİ TİCARET LİMİTED ŞİRKETİ,0.0,0.19753086419753085,9,1,1,1,0.0,0.0,-15.517947982665458
firm_raw,PSEUDONYM_169,0.0,0.0,10,1,1,1,0.0,0.0,-15.517947982665458
firm_raw,GÜVEN GİRİŞİM GRUBU BİLGİSAYAR GIDA TEKSTİL İNŞAAT TURİZM SANAYİ VE TİCARET LİMİTED ŞİRKETİ,0.0,0.5,2,1,1,1,0.0,0.0,-15.517947982665458
firm_raw,PSEUDONYM_402,0.0,0.0,1,1,1,1,0.0,0.0,-15.517947982665458
firm_raw,"MEKANSAL PLANLAMA MİMARLIK MÜHENDİSLİK PROJE BİLİŞİM İNŞAAT TAAHHÜT SANAYİ VE TİCARET LİMİTED ŞİRKETİ, HÜNER MÜH.TİC.LTD.ŞTİ. İş Ortaklığı",0.0,0.0,3,1,1,1,0.0,0.0,-15.517947982665458
firm_raw,SERİPOS ELEKTRONİK VE BİLGİSAYAR SİSTEMLERİ LİMİTED ŞİRKETİ,0.0,0.72,5,1,1,1,0.0,0.0,-15.517947982665458
firm_raw,MOOR YAZILIM DANIŞMANLIK VE REKLAMCILIK HİZMETLERİ LİMİTED ŞİRKETİ,0.0,0.0,2,2,1,2,0.0,0.6931471805599453,-15.517947982665458
firm_raw,ELİT ELEKTRONİK GÜVENLİK SİSTEMLERİ İNŞAAT TAŞIMACILIK TURİZM SANAYİ VE TİCARET LİMİTED ŞİRKETİ,0.0,0.0,2,1,1,1,0.0,0.0,-15.517947982665458
firm_raw,PSEUDONYM_326,0.0,0.40625,8,1,1,1,0.0,0.0,-15.517947982665458
firm_raw,PSEUDONYM_174,0.0,0.40625,8,1,1,1,0.0,0.0,-15.517947982665458
firm_raw,JEO İNTERNET TEKNOLOJİLERİ BİLGİSAYAR BİLİŞİM MÜHENDİSLİK ENERJİ TİCARET LİMİTED ŞİRKETİ,0.0,0.40625,8,1,1,1,0.0,0.0,-15.517947982665458
firm_raw,METROBİL TEKNOLOJİ LİMİTED ŞİRKETİ,0.0,0.4494649227110582,29,2,1,2,0.0,0.6931471805599453,-15.517947982665458
firm_raw,HYPER TEKNOLOJİ LTD.ŞTİ.,0.0,0.4494649227110582,29,1,1,1,0.0,0.0,-15.517947982665458
firm_raw,EMPATİK İNSAN KAYNAK LARI EĞİTİM VE D ANŞ.LTD.ŞTİ.,0.0,0.4494649227110582,29,1,2,4,0.6931471805599453,1.3862943611198906,-15.517947982665458
firm_raw,KILIÇASLAN METAL BÜRO MOBİLYALARI İNŞAAT GIDA SANAYİ VE TİCARET LİMİTED ŞİRKETİ,0.0,0.0,2,1,1,1,0.0,0.0,-15.517947982665458
firm_raw,ENS YAZILIM VE BİLİŞİM TEKNOLOJİLERİ TİCARET LİMİTED ŞİRKETİ,0.0,0.0,5,2,1,2,0.0,0.6931471805599453,-15.517947982665458
firm_raw,DR.NET BİLİŞİM BİLGİSAYAR ELEKTRONİK GÜVENLİK NETWORK SİSTEMLERİ OTOMOTİV İNŞAAT SANAYİ VE TİCARET LİMİTED ŞİRKETİ,0.0,0.5,2,2,1,2,0.0,0.6931471805599453,-15.517947982665458
firm_raw,BİLTEK HABERLEŞME ELEKTROMEKANİK ELEKTRİK İLETİŞİM İNŞAAT SANAYİ VE TİCERET LİMİTED ŞİRKETİ,0.0,0.0,1,1,2,2,0.6931471805599453,0.6931471805599453,-15.517947982665458
firm_raw,PSEUDONYM_647,0.0,0.0,1,1,1,1,0.0,0.0,-15.517947982665458
firm_raw,DENİZHAN PROFESYONEL SİTE VE BİNA YÖNTEMİ SOSYAL HİZMETLER TEMİZLİK DANIŞMANLIK GIDA SANAYİ VE TİCARET LİMİTED ŞİRKETİ,0.0,0.5619834710743802,11,1,1,2,0.0,0.6931471805599453,-15.517947982665458
firm_raw,PSEUDONYM_685,0.0,0.5,4,1,1,1,0.0,0.0,-15.517947982665458
firm_raw,CETINSOFT YAZILIM BİLGİ TEKNOLOJİLERİ SANAYİ VE TİCARET LİMİTED ŞİRKETİ,0.0,0.46875,8,2,2,9,0.6931471805599453,2.1972245773362196,-15.517947982665458
firm_raw,OYTUN TEMİZLİK EMLAK İNŞAAT GIDA OTOMOTİV TİCARET LİMİTED ŞİRKETİ,0.0,0.375,4,1,1,1,0.0,0.0,-15.517947982665458
firm_raw,IŞIK GRUP SOSYAL HİZMETLER TEMİZLİK SAĞLIK TAŞIMACILIK BİLİŞİM GIDA İNŞAAT TEKSTİL İMALAT SANAYİ VE TİCARET LİMİTED ŞİRKETİ,0.0,0.375,4,1,1,1,0.0,0.0,-15.517947982665458
firm_raw,GEN MEDYA ANONİM ŞİRKETİ,0.0,0.56,5,1,1,1,0.0,0.0,-15.517947982665458
firm_raw,ECO FİLO BİLGİ TEKNOLOJİLERİ TİCARET LİMİTED ŞİRKETİ,0.0,0.4444444444444444,3,1,1,1,0.0,0.0,-15.517947982665458
firm_raw,DR DENTAL ELEKTRONİK İLİTİŞİM TİBBİ CİHAZLAR SANAYİ VE TİCARET LİMİTED ŞİRKETİ,0.0,0.56,5,1,1,1,0.0,0.0,-15.517947982665458
firm_raw,BİRİM BİLGİ TEKNOLOJ İLERİ TİCARET A. Ş.,0.0,0.0,1,2,8,8,2.0794415416798357,2.0794415416798357,-15.517947982665458
firm_raw,PSEUDONYM_444,0.0,0.0,1,1,1,1,0.0,0.0,-15.517947982665458
firm_raw,BİRİKİM OTOMASYON Sİ ST.TİC.VE SAN.LT D.ŞTİ,0.0,0.0,1,1,1,1,0.0,0.0,-15.517947982665458
firm_raw,HEDEF SERVİS HİZMETLERİ TAŞIMACILIK OTOMOTİV GIDA MOBİLYA TEKSTİL İNŞAAT SANAYİ VE TİCARET LİMİTED ŞİRKETİ,0.0,0.0,1,1,1,1,0.0,0.0,-15.517947982665458
firm_raw,BİRAY SAĞLIK SOSYAL HİZMETLER TURİZM NAKLİYE BİLİŞİM GIDA MAKİNA TEKSİL İNŞAAT İMALAT İHRACAT İTHALAT PAZARLAMA SANAYİ VE TİCARET LİMİTED ŞİRKETİ,0.0,0.0,1,1,1,1,0.0,0.0,-15.517947982665458
firm_raw,SOSMART TEKNOLOJİ ANONİM ŞİRKETİ,0.0,0.625,4,1,2,2,0.6931471805599453,0.6931471805599453,-15.517947982665458
firm_raw,BİOMERİEUX DİAGNOSTİK MALZEMELERİ VE HİZMETLERİ TİCARET ANONİM ŞİRKETİ,0.0,0.625,4,1,1,1,0.0,0.0,-15.517947982665458
firm_raw,PSEUDONYM_301,0.0,0.0,4,1,1,1,0.0,0.0,-15.517947982665458
firm_raw,PSEUDONYM_238,0.0,0.5619834710743802,11,1,1,1,0.0,0.0,-15.517947982665458
firm_raw,PSEUDONYM_163,0.0,0.4444444444444444,3,2,2,2,0.6931471805599453,0.6931471805599453,-15.517947982665458
firm_raw,PSEUDONYM_055,0.0,0.0,3,2,1,2,0.0,0.6931471805599453,-15.517947982665458
firm_raw,PROTEZ SAĞLIK ÇÖZÜML ERİ BİLİŞİM İNŞAAT T ARIM SAN VE TİC A.Ş.,0.0,0.0,2,3,3,3,1.0986122886681098,1.0986122886681098,-15.517947982665458
firm_raw,OVERTECH BİLGİ TEKNOLOJİLERİ ANONİM ŞİRKETİ,0.0,0.5,2,1,1,4,0.0,1.3862943611198906,-15.517947982665458
firm_raw,NOKTA BİLGİSAYAR EĞİTİM VE DANIŞMANLIK İNŞAAT TEKSTİL GIDA OTOMOTİV MEDİKAL TİCARET VE SANAYİ LİMİTED ŞİRKETİ.,0.0,0.6666666666666667,9,1,1,1,0.0,0.0,-15.517947982665458
firm_raw,UZAY GÖK BİLİŞİM İNŞAAT LOJİSTİK OTOMOTİV PETROL LİMİTED ŞİRKETİ,0.0,0.0,2,1,1,1,0.0,0.0,-15.517947982665458
firm_raw,NAS GRUP BİLGİ VE İLETİŞİM TEKNOLOJİLERİ ÖZEL EĞİTİM İNŞAAT SANAYİ TİCARET LİMİTED ŞİRKETİ,0.0,0.4444444444444444,3,1,1,1,0.0,0.0,-15.517947982665458
firm_raw,MCH İNTERAKTİF TASAR IM VE GELİŞT.HİZMETL ERİ LTD.ŞTİ.,0.0,0.0,1,1,1,1,0.0,0.0,-15.517947982665458
firm_raw,MARSER SPOR MAL.KIR.BİLG.TEKS.İNŞ.İTH.İHR.SAN.VE TİC.LTD.ŞTİ,0.0,0.5,2,1,1,1,0.0,0.0,-15.517947982665458
firm_raw,KURMAY BİLİŞİM DANIŞMANLIK GIDA TAŞIMACILIK TEMİZLİK TEKSTİL İNŞAAT TAAHHÜT SANAYİ VE TİCARET LİMİTED ŞİRKETİ,0.0,0.5619834710743802,11,1,1,1,0.0,0.0,-15.517947982665458
firm_raw,DETAY DANIŞMANLIK BİLGİSAYAR HİZMETLERİ SANAYİ VE DIŞ TİCARET ANONİM ŞİRKETİ,0.0,0.5,6,1,1,1,0.0,0.0,-15.517947982665458
firm_raw,TRANSTEK LOJİSTİK VE BİLİŞİM HİZMETLERİ LİMİTED ŞİRKETİ,0.0,0.0,2,1,1,1,0.0,0.0,-15.517947982665458
firm_raw,PSEUDONYM_400,0.0,0.0,4,1,1,1,0.0,0.0,-15.517947982665458
firm_raw,CANON EURASİA GÖRÜNTÜLEME VE OFİS SİSTEMLERİ ANONİM ŞİRKETİ,0.0,0.0,1,1,1,1,0.0,0.0,-15.517947982665458
firm_raw,PSEUDONYM_116,0.0,0.0,2,1,1,1,0.0,0.0,-15.517947982665458
firm_raw,CANCAN TIBBİ MALZEME TEMİZLİK YEMEK YAPIMI İNŞAAT ELETRONİK SANAYİ VE TİCARET LİMİTED ŞİRKETİ,0.0,0.0,2,1,1,1,0.0,0.0,-15.517947982665458
firm_raw,TELİX ELEKTRONİK OTOMASYON SANAYİ VE TİCARET LİMİTED ŞİRKETİ,0.0,0.0,2,1,1,1,0.0,0.0,-15.517947982665458
firm_raw,YÖNETİM EĞİTİM VE KÜLTÜR DERNEĞİ İKTİSADİ İŞLETMESİ,0.0,0.40816326530612246,7,1,1,1,0.0,0.0,-15.517947982665458
firm_raw,E ÇÖZÜM BİLİŞİM SANAYİ VE TİCARET ANONİM ŞİRKETİ,0.0,0.40816326530612246,7,1,1,1,0.0,0.0,-15.517947982665458
firm_raw,C2E TEKNOLOJİ SERVİSLERİ TİCARET LİMİTED ŞİRKETİ,0.0,0.0,1,1,1,1,0.0,0.0,-15.517947982665458
firm_raw,ŞİTEM BİLİŞİM TAAHHÜT SOSYAL HİZMETLER İNSAN KAYNAKLARI İNŞAAT GIDA TAŞIMACILIK TEMİZLİK TEKSTİL SANAYİ VE TİCARET LİMİTED ŞİRKETİ,0.0,0.5619834710743802,11,2,1,2,0.0,0.6931471805599453,-15.517947982665458
firm_raw,İMZATEK BİLGİ GÜVENLİĞİ TEKNOLOJİLERİ LTD.ŞTİ.,0.0,0.0,2,1,1,1,0.0,0.0,-15.517947982665458
firm_raw,İDEKS DANIŞMANLIK EĞİTİM VE BİLİŞİM TEKNOLOJİLERİ MEDYA REKLAM TİCARET LTD.ŞTİ.,0.0,0.4444444444444444,3,1,1,1,0.0,0.0,-15.517947982665458
firm_raw,YAPI BİLGİSAYAR MİM. MÜH.İNŞ.TAAH.TUR SAN.VE TİC.LTD.Ş,0.0,0.0,4,1,1,1,0.0,0.0,-15.517947982665458
firm_raw,TUNA BİLGİ TEKNOLOJİLERİ SANAYİ VE TİCARET LİMİTED ŞİRKETİ,0.0,0.5,2,1,1,1,0.0,0.0,-15.517947982665458
firm_raw,PSEUDONYM_696,0.0,0.0,3,2,2,2,0.6931471805599453,0.6931471805599453,-15.517947982665458
firm_raw,DNA MEDYA ORGANİZASY ON DANIŞMANLIK S AN.VE TİC.LTD.ŞT,0.0,0.4591836734693877,14,1,1,1,0.0,0.0,-15.517947982665458
firm_raw,DOĞADAN GRUP ISITMA ENERJİ SİSTEMLERİ MADEN.BİLG.SİSTEMLERİ SAĞLIK VE EĞİTİM SAN.VE TİC.LTD.ŞTİ,0.0,0.375,4,1,1,1,0.0,0.0,-15.517947982665458
firm_raw,DAPA TEKNOLOJİ SANAYİ VE TİCARET ANONİM ŞİRKETİ,0.0,0.375,4,1,1,1,0.0,0.0,-15.517947982665458
firm_raw,DAL-PA GIDA TEMİZLİK HİZMETLERİ BİLGİ İŞLEM İNŞAAT TAAHHÜT TEKSTİL TAŞIMACILIK SANAYİ TİCARET PİZİRLİMİ LİMİTED ŞİRKETİ,0.0,0.4444444444444444,3,1,1,1,0.0,0.0,-15.517947982665458
firm_raw,ZERODAY BİLGİ TEKNOLOJİLERİ SANAYİ VE TİCARET ANONİM ŞİRKETİ,0.0,0.4444444444444444,3,1,1,1,0.0,0.0,-15.517947982665458
firm_raw,PSEUDONYM_340,0.0,0.4444444444444444,3,1,1,1,0.0,0.0,-15.517947982665458
firm_raw,PLATO BİLGİSAYAR ÜRÜNLERİ PAZ SANAYİ TİCARET LİMİTED ŞİRKETİ,0.0,0.31999999999999984,5,2,2,2,0.6931471805599453,0.6931471805599453,-15.517947982665458
firm_raw,2M YAZILIM BİLİŞİM TEKNOLOJİLERİ TİCARET LTD.ŞTİ.,0.0,0.4494649227110582,29,1,1,2,0.0,0.6931471805599453,-15.517947982665458
firm_raw,İKİTEK TEKNOLOJİ İNŞAAT SANAYİ VE TİCARET ANONİM ŞİRKETİ,0.0,0.4494649227110582,29,2,1,2,0.0,0.6931471805599453,-15.517947982665458
firm_raw,YES BİLİŞİM TEKNOLOJİLERİ YAZILIM DANIŞMANLIK SANAYİ VE TİCARET ANONİM ŞİRKETİ,0.0,0.4494649227110582,29,1,2,2,0.6931471805599453,0.6931471805599453,-15.517947982665458
firm_raw,SİNERJİK BİLİŞİM ANONİM ŞİRKETİ,0.0,0.4494649227110582,29,1,1,1,0.0,0.0,-15.517947982665458
firm_raw,RAMOSİS TEKNOLOJİ TASARIM SANAYİ VE TİCARET LİMİTED ŞİRKETİ,0.0,0.4494649227110582,29,1,1,1,0.0,0.0,-15.517947982665458
firm_raw,PSEUDONYM_022,0.0,0.4494649227110582,29,1,1,1,0.0,0.0,-15.517947982665458
firm_raw,OFİST MEDYA DANIŞMANLIK LİMİTED ŞİRKETİ,0.0,0.4494649227110582,29,1,1,1,0.0,0.0,-15.517947982665458
firm_raw,OFİS MARMARA BÜRO MAKİNELERİ SANAYİ TİCARET LİMİTED ŞİRKETİ,0.0,0.4494649227110582,29,1,2,3,0.6931471805599453,1.0986122886681098,-15.517947982665458
firm_raw,PSEUDONYM_399,0.0,0.0,1,1,2,2,0.6931471805599453,0.6931471805599453,-15.517947982665458
firm_raw,CORVUS İLETİŞİM GÜVE NLİK TE.EL.SAN.V E TİC.LTD.ŞTİ.,0.0,0.0,1,2,2,2,0.6931471805599453,0.6931471805599453,-15.517947982665458
firm_raw,MMSG MOBİL PAZARLAMA VE İLETİŞİM HİZM ETLERİ LTD.ŞTİ.,0.0,0.33999999999999986,10,1,1,1,0.0,0.0,-15.517947982665458
firm_raw,MARKAJ REKLAMCILIK TURİZM ÖZEL SAĞLIK HİZMETLERİ SANAYİ VE TİCARET LİMİTED ŞİRKETİ,0.0,0.0,1,1,1,1,0.0,0.0,-15.517947982665458
firm_raw,SERVİSİON GÜVENLİK TEKNOLOJİLERİ İNŞAAT ANONİM ŞİRKETİ,0.0,0.0,4,1,1,1,0.0,0.0,-15.517947982665458
firm_raw,ZEMİN BİLGİSAYAR YAZILIM TANITIM İLETİŞİM MEDİKAL ELEKTRONİK İNŞAAT SANAYİ VE TİCARET LİMİTED ŞİRKETİ,0.0,0.0,4,1,1,1,0.0,0.0,-15.517947982665458
firm_raw,DBMASTER BİLGİ TEKNOLOJİLERİ ANONİM ŞİRKETİ,0.0,0.0,2,1,1,1,0.0,0.0,-15.517947982665458
firm_raw,DORUK HARİTA İNŞAATMÜH.TİC.LTD.ŞTİ.,0.0,0.7346938775510204,7,1,1,1,0.0,0.0,-15.517947982665458
firm_raw,İLKE OTOMOTİV DANIŞM ANLIK BİLGİSAYAR DIŞ TİC.LTD.ŞTİ.,0.0,0.4591836734693877,14,1,1,1,0.0,0.0,-15.517947982665458
firm_raw,TAN OTOMASYON ELEKTRİK İNŞAAT VE YANGIN SÖNDÜRME SİSTEMLERİ SANAYİ VE TİCARET LTD.ŞTİ,0.0,0.4591836734693877,14,1,1,1,0.0,0.0,-15.517947982665458
firm_raw,SUR TEKNOLOJİ ELEKTRİK TAAHHÜT ELEKTRONİK ENDÜSTRİYEL ARAÇLAR MOBİLYA SANAYİ VE TİCARET LİMİTED ŞİRKETİ,0.0,0.5625,8,1,1,1,0.0,0.0,-15.517947982665458
firm_raw,SEKON ELEKTRİK ELEKTRONİK MAKİNA OTOMASYON VE BİLİŞİM SANAYİ VE TİCARET LİMİTED ŞİRKETİ,0.0,0.4591836734693877,14,2,2,2,0.6931471805599453,0.6931471805599453,-15.517947982665458
firm_raw,SECURITY HOUSE TEKNOLOJİ A.Ş.,0.0,0.21875,8,1,1,1,0.0,0.0,-15.517947982665458
firm_raw,SBI BİLİŞİM ANONİM ŞİRKETİ,0.0,0.0,2,1,1,1,0.0,0.0,-15.517947982665458
firm_raw,PSEUDONYM_450,0.0,0.5625,8,1,1,1,0.0,0.0,-15.517947982665458
firm_raw,PAŞA PROJE YATIRIM DANIŞMANLIK TİCARET ANONİM ŞİRKETİ,0.0,0.21875,8,1,1,1,0.0,0.0,-15.517947982665458
firm_raw,NETPRO BİLGİSAYAR BÜRO MAKİNALARI ELEKTRONİK SANAYİ VE ÖZEL EĞİTİM HİZMETLERİ TİCARET LİMİTED ŞİRKETİ,0.0,0.4591836734693877,14,1,1,3,0.0,1.0986122886681098,-15.517947982665458
firm_raw,MESCİOĞLU MÜHENDİSLİK VE MÜŞAVİRLİK A.Ş,0.0,0.5625,8,1,1,1,0.0,0.0,-15.517947982665458
firm_raw,FS BİLGİSAYAR YAZILIM DONANIM VE DAN.HİZ.TİC.LTD.ŞTİ,0.0,0.5625,8,1,1,1,0.0,0.0,-15.517947982665458
firm_raw,FENİKS DİJİTAL TEKNOLOJİ HİZMETLERİ TİCARET ANONİM ŞİRKETİ,0.0,0.21875,8,1,1,1,0.0,0.0,-15.517947982665458
firm_raw,ESKER İNŞAAT TAAHHÜT ENERJİ ÜRETİM GIDA VE DERİ MAMULLERİ SANAYİ VE TİCARET ANONİM ŞİRKETİ,0.0,0.5625,8,1,1,1,0.0,0.0,-15.517947982665458
firm_raw,DEKON KONGRE VE TURİZM HİZM.A.Ş.,0.0,0.0,1,1,1,1,0.0,0.0,-15.517947982665458
firm_raw,İLİM TEKNOLOJİ ANONİM ŞİRKETİ,0.0,0.0,11,1,1,1,0.0,0.0,-15.517947982665458
firm_raw,TEKSOFT BİLİŞİM GIDA ORGANİZASYON SANAYİ VE TİCARET LİMİTED ŞİRKETİ,0.0,0.0,11,1,1,1,0.0,0.0,-15.517947982665458
firm_raw,PSEUDONYM_037,0.0,0.0,11,1,1,1,0.0,0.0,-15.517947982665458
firm_raw,LUKA ENDÜSTRİYEL MAKİNA SANAYİ VE TİCARET LİMİTED ŞİRKETİ,0.0,0.0,11,1,1,1,0.0,0.0,-15.517947982665458
firm_raw,ESTEPETA ORGANİZASYON SANAYİ VE TİCARET LİMİTED ŞİRKETİ,0.0,0.0,11,1,1,1,0.0,0.0,-15.517947982665458
firm_raw,DEFNE GRUP OTOMOTİV TAAHHÜT SANAYİ VE TİCARET LİMİTED ŞİRKETİ,0.0,0.0,11,2,1,2,0.0,0.6931471805599453,-15.517947982665458
firm_raw,MAKROMED TURİZM ORGANİZASYON MEDİKAL SANAYİ İÇ VE DIŞ TİCARET LİMİTED ŞİRKETİ,0.0,0.0,4,1,1,1,0.0,0.0,-15.517947982665458
firm_raw,DE BİLİŞİM HİZMETLERİ ANONİM ŞİRKETİ,0.0,0.0,4,1,1,3,0.0,1.0986122886681098,-15.517947982665458
firm_raw,PSEUDONYM_622,0.0,0.4444444444444444,3,1,1,1,0.0,0.0,-15.517947982665458
firm_raw,DDS İLETİŞİM VE BİLİ ŞİM TİC VE SAN L TD ŞTİ.,0.0,0.4444444444444444,3,1,1,1,0.0,0.0,-15.517947982665458
firm_raw,SİBER ÇAĞ BİLGİ VE GÜVENLİK SİSTEMLERİ ANONİM ŞİRKETİ,0.0,0.53125,8,1,1,1,0.0,0.0,-15.517947982665458
firm_raw,PSEUDONYM_320,0.0,0.53125,8,1,1,1,0.0,0.0,-15.517947982665458
firm_raw,DDI TEKNOLOJİ VE BİLİŞİM ÇÖZÜMLERİ ARAŞTIRMA GELİŞETİRME HİZM.LTD.ŞTİ.,0.0,0.53125,8,1,1,1,0.0,0.0,-15.517947982665458
firm_raw,PSEUDONYM_554,0.0,0.5,2,1,1,1,0.0,0.0,-15.517947982665458
firm_raw,EBİM BİLİŞİM ÇÖZÜMLERİ TIBBİ CİHAZ VE MALZEMELERİ SANAYİ VE DIŞ TİCARET LİMİTED ŞİRKETİ,0.0,0.7407407407407407,9,1,1,1,0.0,0.0,-15.517947982665458
firm_raw,DENGE BİLİŞİM HİZMETLERİ TİCARET LTD.ŞTİ.,0.0,0.0,2,1,1,1,0.0,0.0,-15.517947982665458
firm_raw,DENEYİM TEKN.ÜRÜN.ELBİLG.YAZ.TANIT.HİZ.TİC.LTD.ŞTİ.,0.0,0.0,1,1,1,1,0.0,0.0,-15.517947982665458
firm_raw,DENEYSAN EĞİTİM CİHA ZLARI SAN.VE TİC.LTD ŞTİ.,0.0,0.0,1,1,1,1,0.0,0.0,-15.517947982665458
firm_raw,DEN-BİL BİLGİSAYAR TELEKOMÜNİKASYON İNŞAAT SANAYİ VE TİCARET LİMİTED ŞİRKETİ,0.0,0.0,1,1,1,1,0.0,0.0,-15.517947982665458
firm_raw,TMY BİLİŞİM OTOMASYON VE GÜVENLİK SİSTEMLERİ SANAYİ TİCARET LİMİTED ŞİRKETİ,0.0,0.0,9,1,1,2,0.0,0.6931471805599453,-15.517947982665458
firm_raw,TEKNOMED BİLİŞ TEK SAĞ VE MED HİZM SANATİC LTD ŞTİ.,0.0,0.4444444444444444,3,1,2,2,0.6931471805599453,0.6931471805599453,-15.517947982665458
firm_raw,PSEUDONYM_267,0.0,0.0,9,2,2,2,0.6931471805599453,0.6931471805599453,-15.517947982665458
firm_raw,PSEUDONYM_068,0.0,0.0,9,1,1,1,0.0,0.0,-15.517947982665458
firm_raw,KORKMAZ GIDA TEMİZLİK HİZMETLERİ HAZIR YEMEK FOTOĞRAFÇILIK İNŞAAT NAKLİYAT TAAHHÜT SANAYİ VE TİCARET LİMİTED ŞİRKETİ.,0.0,0.0,9,1,1,1,0.0,0.0,-15.517947982665458
firm_raw,ENÇA İLETİŞİM İNŞ.ELEKT.NAK.TAAH.TUR.PET.ÜRÜNSAN.TİC.LTD.ŞTİ,0.0,0.0,9,1,1,1,0.0,0.0,-15.517947982665458
firm_raw,TECHNOTEAM ELEKTRONİK VE GÜVENLİK SİSTEMLERİ SAN.TİC.LTD.ŞTİ,0.0,0.0,1,1,1,2,0.0,0.6931471805599453,-15.517947982665458
firm_raw,DELTA PROSES OTOMASYON KONTROL VE ELEKTRONİK SİSTEMLERİ SANAYİ VE TİCARET LİMİTED ŞİRKETİ,0.0,0.0,1,1,1,1,0.0,0.0,-15.517947982665458
firm_raw,SOLVAYTECH MÜHENDİSLİK SANAYİ VE TİCARET LİMİTED ŞİRKETİ,0.0,0.0,1,1,1,1,0.0,0.0,-15.517947982665458
firm_raw,DELPHİSONİC ELEKTRONİK ANONİM ŞİRKETİ,0.0,0.0,1,1,1,1,0.0,0.0,-15.517947982665458
firm_raw,ERATIP SAĞLIK ÜRÜNLERİ SAN.VE DIŞ TİC.LTD.ŞTİ.,0.0,0.0,1,1,1,1,0.0,0.0,-15.517947982665458
firm_raw,SEKTÖRSOFT YAZILIM ARGE ANONİM ŞİRKETİ,0.0,0.625,4,1,1,1,0.0,0.0,-15.517947982665458
firm_raw,PSEUDONYM_484,0.0,0.625,4,1,1,1,0.0,0.0,-15.517947982665458
firm_raw,PSEUDONYM_100,0.0,0.4444444444444444,3,1,1,1,0.0,0.0,-15.517947982665458
firm_raw,KUVARS YAPI MARKET İNŞAAT ELEKTRİK TESİSAT LTD.ŞTİ.,0.0,0.0,2,1,1,1,0.0,0.0,-15.517947982665458
firm_raw,DNB BİLİŞİM SANAYİ TİCARET LİMİTED ŞİRKETİ,0.0,0.0,2,1,1,1,0.0,0.0,-15.517947982665458
firm_raw,MARKAM TEKNOLOJİ BİLİŞİM VE İLETİŞİM HİZMETLERİ LİMİTED ŞİRKETİ,0.0,0.19753086419753085,9,1,1,1,0.0,0.0,-15.517947982665458
firm_raw,LİNGOSOFT BİLGİ TEKNOLOJİLERİ DANIŞMANLIK VE DİL HİZMETLERİ TİCARET LİMİTED ŞİRKETİ,0.0,0.375,4,1,1,1,0.0,0.0,-15.517947982665458
firm_raw,PSEUDONYM_598,0.0,0.0,3,1,1,1,0.0,0.0,-15.517947982665458
firm_raw,FSB TEKNOLOJİ BİLİŞİM GRAFİK TASARIM REKLAM DANIŞMANLIK TİCARET ANONİM ŞİRKETİ,0.0,0.5,2,1,1,1,0.0,0.0,-15.517947982665458
firm_raw,ANLAŞ OTOMASYON BİLGİSAYAR MÜHENDİSLİK SANAYİ VE TİCARET LİMİTED ŞİRKETİ,0.0,0.0,2,1,1,1,0.0,0.0,-15.517947982665458
firm_raw,DOA BİLGİ TEKNOLOJİLERİ ANONİM ŞİRKETİ,0.0,0.4494649227110582,29,1,1,1,0.0,0.0,-15.517947982665458
firm_raw,C TECH BİLİŞİM TEKNO LOJİLERİ SAN.VE TİC.A.Ş.,0.0,0.4494649227110582,29,1,1,1,0.0,0.0,-15.517947982665458
firm_raw,BİLEN BİLGİSAYAR VE GÜVENLİK SİSTEMLERİ SANAYİ TİCARET LİMİTED ŞİRKETİ,0.0,0.4494649227110582,29,1,1,1,0.0,0.0,-15.517947982665458
firm_raw,SİTE TELEKOM ANONİM ŞİRKETİ,0.0,0.0,1,1,1,2,0.0,0.6931471805599453,-15.517947982665458
firm_raw,KUANTUM MAKİNE ÇELİK KONSTRÜKSİYON MÜHENDİSLİK İNŞAAT TELEKOMÜNİKASYON SANAYİ VE TİCARET LİMİTED ŞİRKETİ,0.0,0.375,4,1,1,1,0.0,0.0,-15.517947982665458
firm_raw,KML BİLGİSAYAR VE YAZILIM TEKNOLOJİLERİSAN TİC LTD,0.0,0.375,4,1,1,1,0.0,0.0,-15.517947982665458
firm_raw,HELEZON BİLGİSAYAR Y AZILIM DAN.VE EL EK.TİC.LTD.ŞTİ.,0.0,0.19753086419753085,9,2,2,2,0.6931471805599453,0.6931471805599453,-15.517947982665458
firm_raw,FEBRİCS BİLİŞİM ENERJİ İNŞAAT TEKSTİL GIDA İÇ VE DIŞ TİCARET LİMİTED ŞİRKETİ,0.0,0.375,4,1,1,1,0.0,0.0,-15.517947982665458
firm_raw,ELTEM-TEK ELEKTRİK TESİSLERİ MÜHENDİSLİK MÜTEAHHİTLİK DANIŞMANLIK VE TİCARET ANONİM ŞİRKETİ,0.0,0.6666666666666667,3,1,1,1,0.0,0.0,-15.517947982665458
firm_raw,GÜNPAK TEMİZLİK HİZMETLERİ BİLGİ İŞLEM OTOMASYON İNŞAAT SANAYİ VE TİCARET LİMİTED ŞİRKETİ,0.0,0.0,1,1,1,1,0.0,0.0,-15.517947982665458
firm_raw,DESCOM BİLİŞİM TEKNOLOJİLERİ SANAYİ VE TİCARET LTD.ŞTİ.,0.0,0.0,1,1,1,1,0.0,0.0,-15.517947982665458
firm_raw,DERTA PROJE MÜHENDİSLİK ELEKTRİK İNŞAAT TAAHHÜT SANAYİ VE TİCARET LİMİTED ŞİRKETİ,0.0,0.5,2,1,1,1,0.0,0.0,-15.517947982665458
firm_raw,ÜÇ YAZILIMEVİ DANIŞM ANLIK VE BİL.TEK SAN.TİC.LTD.ŞTİ.,0.0,0.24489795918367352,7,1,1,1,0.0,0.0,-15.517947982665458
firm_raw,DRAMA MÜHENDİSLİK EĞİTİM DANIŞMANLIK HİZİNŞ.ELEK.SAN.TİC.LTD,0.0,0.0,1,1,1,1,0.0,0.0,-15.517947982665458
firm_raw,DOĞUSAN BÜRO MAKİNALARI BİLGİSAYAR KIRTASİYE TEMİZLİK MOBİLYA SANAYİ VE TİCARET LİMİTED ŞİRKETİ,0.0,0.0,2,1,1,1,0.0,0.0,-15.517947982665458
firm_raw,İS TEKNOLOJİ BİLİŞİM YAZILIM DANIŞMANLIK MÜHENDİSLİK BÜRO MAKİNALARI ELEKTRONİK İNŞAAT TAAHHÜT SANAYİ VE TİCARET LİMİTEDŞİRKETİ,0.0,0.6666666666666667,6,1,1,1,0.0,0.0,-15.517947982665458
firm_raw,DOĞADAN GRUP ISITMA ENERJİ SİSTEMLERİ MADENCİLİK BİLGİSAYAR SİSTEMLERİ SAĞLIK VE EĞİTİM SANAYİ VE TİCARET LİMİTED ŞİRKETİ,0.0,0.0,1,1,1,1,0.0,0.0,-15.517947982665458
firm_raw,TELPA ELEKTR ALARM H AB SİST İNŞ TUR TİC SAN LTD ŞTİ,0.0,0.5,6,1,1,1,0.0,0.0,-15.517947982665458
firm_raw,PSEUDONYM_063,0.0,0.6399999999999999,5,1,1,1,0.0,0.0,-15.517947982665458
firm_raw,SİSOFT BİLGİ TEKNOLOJİLERİ ANONİM ŞİRKETİ,0.0,0.0,1,1,1,2,0.0,0.6931471805599453,-15.517947982665458
firm_raw,DÜNYA MÜHENDİSLİK Bİ LGİSAYAR SİS.VE İL.SAN.Tİ.LTD.ŞT,0.0,0.5,6,1,1,1,0.0,0.0,-15.517947982665458
firm_raw,DONBAY YAZILIM HİZMETLERİ SANAYİ VE TİCARET LİMİTED ŞİRKETİ,0.0,0.5,2,1,1,1,0.0,0.0,-15.517947982665458
firm_raw,MESS TÜRKİYE METAL SANAYİCİLERİ SENDİKASI İKTİSADİ İŞLETMESİ,0.0,0.0,1,1,1,1,0.0,0.0,-15.517947982665458
firm_raw,EB TAŞIMACILIK MED.TUR.ORG.TEKS.İNŞ.SAN.VE TİC.LTD.ŞTİ,0.0,0.0,1,1,1,1,0.0,0.0,-15.517947982665458
firm_raw,TOYİSTAN EĞLENCE VE OYUNCAK SANAYİ LİMİTED ŞİRKETİ,0.0,0.0,2,1,1,1,0.0,0.0,-15.517947982665458
firm_raw,E MEKTEP EĞİTİM LİMİTED ŞİRKETİ,0.0,0.0,2,1,1,2,0.0,0.6931471805599453,-15.517947982665458
firm_raw,PSEUDONYM_547,0.0,0.0,2,1,1,1,0.0,0.0,-15.517947982665458
firm_raw,DİJİTEK BİLGİSAYAR V E TEKNOLOJİ TİC. SAN.LTD.ŞTİ.,0.0,0.0,2,2,2,2,0.6931471805599453,0.6931471805599453,-15.517947982665458
firm_raw,PROVİDEO VİDEO TEKNOLOJİLERİ TİCARET ANONİM ŞİRKETİ,0.0,0.375,4,1,1,1,0.0,0.0,-15.517947982665458
firm_raw,PERSPEKTİF KURUMSAL ÇÖZÜMLER LİMİTED ŞİRKETİ,0.0,0.375,4,1,1,1,0.0,0.0,-15.517947982665458
firm_raw,PSEUDONYM_177,0.0,0.625,4,1,1,1,0.0,0.0,-15.517947982665458
firm_raw,DÖRT US BİLİŞİM BİLGİSAYAR OTO KİRALAMA GIDA İNŞAAT REKLAMCILIK SANAYİ VE TİCARET LİMİTED ŞİRKETİ,0.0,0.0,1,1,1,1,0.0,0.0,-15.517947982665458
firm_raw,ELSA MÜHENDİSLİK MÜŞAVİRLİK VE ORMANCILIK SANAYİ TİCARET LİMİTED ŞİRKETİ,0.0,0.0,2,1,2,3,0.6931471805599453,1.0986122886681098,-15.517947982665458
firm_raw,DÖRT MEVSİM ORMANCILIK MÜHENDİSLİK İNŞAAT SANAYİ VE TİCARET LİMİTED ŞİRKETİ,0.0,0.0,2,1,2,4,0.6931471805599453,1.3862943611198906,-15.517947982665458
firm_raw,PSEUDONYM_697,0.0,0.0,1,1,1,1,0.0,0.0,-15.517947982665458
firm_raw,PSEUDONYM_316,0.0,0.0,3,1,1,1,0.0,0.0,-15.517947982665458
firm_raw,YILDIRIM BİLGİSAYAR VE KURS HİZMETLERİ PAZARLAMA VE DIŞ TİCARET LİMİTED ŞİRKETİ,0.0,0.0,1,1,2,2,0.6931471805599453,0.6931471805599453,-15.517947982665458
firm_raw,SAVAŞ MEDİKAL LABORATUAR MALZEMELERİ SANAYİ TİCARET ANONİM ŞİRKETİ,0.0,0.5,2,1,1,1,0.0,0.0,-15.517947982665458
firm_raw,DOĞA BÜRO ARAÇLARI TİCARET VE SERVİSLTD.ŞTİ.,0.0,0.2287968441814595,39,1,1,1,0.0,0.0,-15.517947982665458
firm_raw,MBS BİLGİ TEKNOLOJİLERİ SANAYİ VE TİCARET LİMİTED ŞİRKETİ,0.0,0.625,4,1,1,1,0.0,0.0,-15.517947982665458
firm_raw,KIVILCIM MED.TIBBİ ÜR.GIDA.SAĞ.TEM.HİZ.SAN.VE TİC.LTD.ŞTİ.,0.0,0.0,2,1,1,1,0.0,0.0,-15.517947982665458
firm_raw,ERHAN REKLAM VE MATBAACILIK TANITIM HİZMETLERİ SANAYİ VE TİCARET LİMİTED ŞİRKETİ,0.0,0.5,2,1,1,1,0.0,0.0,-15.517947982665458
firm_raw,KALİTE BİLİŞİM YÖNETİM STRATESTLERİEĞ.DA.ELK.PA.L.Ş,0.0,0.0,1,1,1,1,0.0,0.0,-15.517947982665458
firm_raw,EFABRİKA BİLİŞİM TİCARET ANONİM ŞİRKETİ,0.0,0.0,1,1,1,1,0.0,0.0,-15.517947982665458
firm_raw,YEDİTEPE ARŞİV KÜLTÜR SANAT VE YAZILIM HİZMETLERİ SANAYİ VE TİCARET LTD.ŞTİ,0.0,0.24380165289256195,22,1,1,1,0.0,0.0,-15.517947982665458
firm_raw,PRODA YAZILIM BİLİŞİM DONANIM TEKNOLOJİLER ELEKTRONİK İLETİŞİM TERCÜME SANAYİ TİCARET LİMİTED ŞİRKETİ,0.0,0.5244444444444445,15,1,1,1,0.0,0.0,-15.517947982665458
firm_raw,PEYK LOJİSTİK SANAYİ VE TİCARET ANONİM ŞİRKETİ,0.0,0.5244444444444445,15,1,1,1,0.0,0.0,-15.517947982665458
firm_raw,MİRAKIL VERİ İŞLEME YAZILIM DONANIM EĞİTİM DANIŞMANLIK TİCARET LİMİTED ŞİRKETİ,0.0,0.5244444444444445,15,1,1,1,0.0,0.0,-15.517947982665458
firm_raw,KEYDATA BİLGİ İŞLEM TEKNOLOJİ SİSTEMLERİ ANONİM ŞİRKETİ,0.0,0.5244444444444445,15,2,3,4,1.0986122886681098,1.3862943611198906,-15.517947982665458
firm_raw,2C BİLGİ TEKNOLOJİLERİ LİMİTED ŞİRKETİ,0.0,0.5244444444444445,15,1,1,1,0.0,0.0,-15.517947982665458
firm_raw,TSM DANIŞMANLIK ORGANİZASYON VE PAZARLAMA A.Ş.,0.0,0.6399999999999999,5,1,1,5,0.0,1.6094379124341003,-15.517947982665458
firm_raw,TECHNOPC TEKNOLOJİ SANAYİ VE TİCARET ANONİM ŞİRKETİ,0.0,0.0,3,1,1,1,0.0,0.0,-15.517947982665458
firm_raw,PİKAN TEKNOLOJİ VE PROJE YÖNETİMİ ANONİM ŞİRKETİ,0.0,0.0,3,1,1,1,0.0,0.0,-15.517947982665458
firm_raw,PSEUDONYM_193,0.0,0.0,3,1,1,1,0.0,0.0,-15.517947982665458
firm_raw,PSEUDONYM_192,0.0,0.0,2,1,1,1,0.0,0.0,-15.517947982665458
firm_raw,ELEKTROLİNE BÜRO MAKİNALARI SANAYİ VE TİCARET LİMİTED ŞİRKETİ,0.0,0.0,2,1,1,1,0.0,0.0,-15.517947982665458
firm_raw,ECO NORM TEKNİK SERVİS HİZMETLERİ PAZARLAMA ÇEVRE VE İŞ GÜVENLİĞİ TEKNOLOJİLERİ TELEKOMİNİKASYON ELEKTRONİK SANAYİ TİCARET LİMİTED ŞİRKETİ,0.0,0.0,1,1,1,1,0.0,0.0,-15.517947982665458
firm_raw,ELFCAN TEKNOLOJİ ANONİM ŞİRKETİ,0.0,0.0,4,2,2,2,0.6931471805599453,0.6931471805599453,-15.517947982665458
firm_raw,WOTECH BİLGİ TEKNOLOJİLERİ VE DANIŞMANLIK HİZMETLERİ LİMİTED ŞİRKETİ,0.0,0.6390532544378698,13,1,1,1,0.0,0.0,-15.517947982665458
firm_raw,UTM OTOMASYON SİSTEMLERİ SANAYİ VE TİCARET LİMİTED ŞİRKETİ,0.0,0.6390532544378698,13,1,1,1,0.0,0.0,-15.517947982665458
firm_raw,TECHWAY BİLİŞİM VE DANIŞMANLIK LİMİTED ŞİRKETİ,0.0,0.5,6,1,1,1,0.0,0.0,-15.517947982665458
firm_raw,PSEUDONYM_693,0.0,0.5,6,1,1,1,0.0,0.0,-15.517947982665458
firm_raw,PSEUDONYM_302,0.0,0.0,2,1,1,2,0.0,0.6931471805599453,-15.517947982665458
firm_raw,İRİS BİLGİSAYAR VE BÜRO MALZEMELERİSAN.TİC.LTD.ŞTİ.,0.0,0.4444444444444444,3,1,1,2,0.0,0.6931471805599453,-15.517947982665458
firm_raw,LTS BİLGİSAYAR ELEKTRONİK REKLAMCILIK BİLİŞİM VE DANIŞMANLIK HİZMETLERİ İTHALAT İHRACAT SANAYİ VE TİCARET LİMİTED ŞİRKETİ,0.0,0.4444444444444444,3,1,1,1,0.0,0.0,-15.517947982665458
firm_raw,PSEUDONYM_233,0.0,0.0,1,1,1,1,0.0,0.0,-15.517947982665458
firm_raw,PAKSOY TEKNİK HİZMET LER VE TİCARET L TD.ŞTİ.,0.0,0.375,4,1,1,1,0.0,0.0,-15.517947982665458
firm_raw,GNC GÜVENLİK HABERLEŞME BİLİŞİM İNŞAAT ELEKTRİK SANAYİ VE TİCARET LİMİTED ŞİRKETİ,0.0,0.375,4,1,1,1,0.0,0.0,-15.517947982665458
firm_raw,PSEUDONYM_564,0.0,0.0,1,1,1,1,0.0,0.0,-15.517947982665458
firm_raw,EL-KA BÜRO MAKİNALARI BİLGİSAYAR SATIŞ VE SERVİS TİCARET LİMİTED ŞİRKETİ,0.0,0.0,1,1,1,2,0.0,0.6931471805599453,-15.517947982665458
firm_raw,PSEUDONYM_264,0.0,0.0,6,1,1,1,0.0,0.0,-15.517947982665458
firm_raw,PSEUDONYM_146,0.0,0.0,6,3,2,4,0.6931471805599453,1.3862943611198906,-15.517947982665458
firm_raw,ORYAZ ORDU YAZILIM DONANIM ARGE ALTYAPI SANAYİ VE TİCARET ANONİM ŞİRKETİ,0.0,0.4444444444444444,3,2,1,2,0.0,0.6931471805599453,-15.517947982665458
firm_raw,BTUNE BİLİŞİM TEKNOLOJİLERİ ULAŞIM ELEKTRİK ELEKTRONİK İNŞAAT ANONİM ŞİRKETİ,0.0,0.2287968441814595,39,1,1,1,0.0,0.0,-15.517947982665458
firm_raw,PİRAMİD FOTOGRAMETRİK HİZ.VE BİL.TEK.MÜH.MÜŞ.TİC.LTD,0.0,0.0,3,1,1,1,0.0,0.0,-15.517947982665458
firm_raw,PSEUDONYM_577,0.0,0.0,3,1,1,1,0.0,0.0,-15.517947982665458
firm_raw,PSEUDONYM_475,0.0,0.0,3,1,1,1,0.0,0.0,-15.517947982665458
firm_raw,EMAK ORMANCILIK MÜHENDİSLİK MÜŞAVİRLİK VE ORGANİZASYON HİZMETLERİ TİCARET LİMİTED ŞİRKETİ,0.0,0.0,3,1,1,1,0.0,0.0,-15.517947982665458
firm_raw,PSEUDONYM_322,0.0,0.0,1,1,1,1,0.0,0.0,-15.517947982665458
firm_raw,EMAK ELEKTRONİK PETROL NAKLİYE TEKSTİL İNŞAAT GIDA TEMİZLİK SANAYİ VE TİCARET LİMİTED ŞİRKETİ,0.0,0.0,1,1,1,1,0.0,0.0,-15.517947982665458
firm_raw,ÖZBELSAN MAKİNE ARAÇ GER.KON.TUR.GID H.M.SAN.TİC.A.Ş.,0.0,0.56,5,1,1,1,0.0,0.0,-15.517947982665458
firm_raw,PSEUDONYM_684,0.0,0.0,1,1,1,1,0.0,0.0,-15.517947982665458
firm_raw,PSEUDONYM_477,0.0,0.56,5,1,1,1,0.0,0.0,-15.517947982665458
firm_raw,PSEUDONYM_115,0.0,0.56,5,1,1,1,0.0,0.0,-15.517947982665458
firm_raw,MYRONET TELEKOMİNİKASYON VE BİLGİ TEKNOLOJİLERİ TİCARET LİMİTED ŞİRKETİ,0.0,0.0,1,1,1,1,0.0,0.0,-15.517947982665458
firm_raw,GEOTECMAPS BİLGİ TEKNOLOJİLERİ SANAYİ VE TİCARET LİMİTED ŞİRKETİ,0.0,0.0,1,1,2,2,0.6931471805599453,0.6931471805599453,-15.517947982665458
firm_raw,OBSS BİLİŞİM BİLGİSA HİZM.DAN.SAN.VE TİC.LTD.ŞTİ.,0.0,0.0,1,1,1,1,0.0,0.0,-15.517947982665458
firm_raw,N.C.S.BİLGİSAYAR BİL İŞİM DANIŞ.SAN.V E TİC.LTD.ŞTİ.,0.0,0.0,1,1,1,1,0.0,0.0,-15.517947982665458
firm_raw,PSEUDONYM_513,0.0,0.4444444444444444,3,2,2,2,0.6931471805599453,0.6931471805599453,-15.517947982665458
firm_raw,FORMANT BİLİŞİM TEKNOLOJİLERİ SANAYİ VE TİCARET LİMİTED ŞİRKETİ,0.0,0.4444444444444444,3,1,1,1,0.0,0.0,-15.517947982665458
firm_raw,YENİ ANADOLU BİLGİSA EML GIDA MAD TEM İNŞ MALZ TİC SAN LTD ŞTİ,0.0,0.0,3,1,1,1,0.0,0.0,-15.517947982665458
firm_raw,OSAK BİLGİSAYAR VE YAZILIM SANAYİ VE TİCARET LİMİTED ŞİRKETİ,0.0,0.0,3,1,1,1,0.0,0.0,-15.517947982665458
firm_raw,PSEUDONYM_337,0.0,0.0,4,2,2,2,0.6931471805599453,0.6931471805599453,-15.517947982665458
firm_raw,MAARİF MEKTEPLERİ EĞİTİM BASIN YAYIN DANIŞMANLIK ORGANİZASYON ARAŞTIRMA İNŞAAT TURİZM SANAYİ VE TİCARET LİMİTED ŞİRKETİ,0.0,0.0,4,1,1,1,0.0,0.0,-15.517947982665458
firm_raw,EMİN BİLİŞİM İNŞAAT TEMİZLİK MOBİLYA KIRTASİYE SANAYİ VE TİCARET LİMİTED ŞİRKETİ,0.0,0.0,4,1,1,1,0.0,0.0,-15.517947982665458
firm_raw,TBM ENDÜSTRİ OTOMASYON SANAYİ VE TİCARET ANONİM ŞİRKETİ,0.0,0.40625,8,1,2,2,0.6931471805599453,0.6931471805599453,-15.517947982665458
firm_raw,SPP MÜHENDİSLİK TAAHHÜT VE BİLİŞİM SANAYİ TİCARET LİMİTED ŞİRKETİ,0.0,0.40625,8,1,1,1,0.0,0.0,-15.517947982665458
firm_raw,SATEL HABERLEŞME HİZMETLERİ TİCARETLTD.ŞTİ.,0.0,0.40625,8,1,1,1,0.0,0.0,-15.517947982665458
firm_raw,KARADENİZ HARİTA MÜHENDİSLİK MÜŞAVİRLİK VE TAAHHÜT LİMİTED ŞİRKETİ,0.0,0.40625,8,1,1,1,0.0,0.0,-15.517947982665458
firm_raw,EMSAL MÜHENDİZLİK TAAHHÜT YAZILIM İNŞAAT ELEKTRİK İNSAN KAYNAKLARI İLETİŞİM SANAYİ VE TİCARET LİMİTED ŞİRKETİ,0.0,0.40625,8,1,1,1,0.0,0.0,-15.517947982665458
firm_raw,PSEUDONYM_535,0.0,0.0,6,1,1,1,0.0,0.0,-15.517947982665458
firm_raw,PSEUDONYM_420,0.0,0.0,6,1,1,1,0.0,0.0,-15.517947982665458
firm_raw,MARMARA TEMİZLİK İNŞ GIDA VE KARGO DA Ğ.HİZ.SAN.LTD.ŞT,0.0,0.375,4,1,1,1,0.0,0.0,-15.517947982665458
firm_raw,RAMİB NAKLİYE İNŞAAT BİLGİSAYAR ELEKTRİK OTOMOTİV TEKSTİL SANAYİ VE TİCARET LİMİTED ŞİRKETİ,0.0,0.375,4,2,1,2,0.0,0.6931471805599453,-15.517947982665458
firm_raw,PSEUDONYM_198,0.0,0.375,4,1,1,1,0.0,0.0,-15.517947982665458
firm_raw,NETFİKS BİLGİ TEKNOLOJİLERİ SANAYİ VE TİCARET LİMİTED ŞİRKETİ,0.0,0.375,4,2,2,3,0.6931471805599453,1.0986122886681098,-15.517947982665458
firm_raw,ERBİL COMPUTER İNŞAAT TURİZM SANAYİ VE TİCARET LİMİTED ŞİRKETİ.,0.0,0.375,4,1,1,1,0.0,0.0,-15.517947982665458
firm_raw,KRİPTEK KRİPTO VE BİLİŞİM TEKNOLOJİLERİ SANAYİ TİCARET ANONİM ŞİRKETİ,0.0,0.625,4,1,1,1,0.0,0.0,-15.517947982665458
firm_raw,SANAL SANTRAL TELEKOMÜNİKASYON TİCARET ANONİM ŞİRKETİ,0.0,0.5,6,1,1,1,0.0,0.0,-15.517947982665458
firm_raw,METAFORM BİLİŞİM VE İLETİŞİM TEKNOLOJİLERİ DANIŞMANLIK SANAYİ VE TİCARET LİMİTED ŞİRKETİ,0.0,0.5,6,1,1,1,0.0,0.0,-15.517947982665458
firm_raw,EPATİ BİLİŞİM TEKN.SAN.VE TİC.LTD.ŞTİ,0.0,0.5,6,2,2,2,0.6931471805599453,0.6931471805599453,-15.517947982665458
firm_raw,YAKO BİLGİSAYAR GÜVENLİK SİSTEMLERİ ELEKTRİK VE DAYANIKLI TÜKETİM MALLARI İTHALAT VE İHRACAT SANAYİ TİCARET LİMİTED ŞİRKETİ,0.0,0.0,2,1,1,1,0.0,0.0,-15.517947982665458
firm_raw,TIPNET BİLGİSAYAR VE YAZILIM HİZMETLERİ SANAYİ VE TİCARET LİMİTED ŞİRKETİ,0.0,0.4444444444444444,3,1,1,1,0.0,0.0,-15.517947982665458
firm_raw,PSEUDONYM_371,0.0,0.0,2,1,1,1,0.0,0.0,-15.517947982665458
firm_raw,FOKUS GÜVENLİK TELEKOMÜNİKASYON MADENCİLİK İNŞAAT İTHALAT İHRACAT SANAYİ VE TİCARET LİMİTED ŞİRKETİ,0.0,0.0,2,2,3,3,1.0986122886681098,1.0986122886681098,-15.517947982665458
firm_raw,SİSTEMTECH BİLİŞİM HİZMETLERİ SAN.VE TİC.LTD.ŞTİ.,0.0,0.0,2,1,1,1,0.0,0.0,-15.517947982665458
firm_raw,PSEUDONYM_295,0.0,0.4444444444444444,3,1,1,1,0.0,0.0,-15.517947982665458
firm_raw,PARS SAVUNMA SANAYİ LİMİTED ŞİRKETİ,0.0,0.0,2,1,1,1,0.0,0.0,-15.517947982665458
firm_raw,F.I.T. BİLGİ İŞLEM SİSTEMLERİ SERVİSLERİ SANAYİ VE TİCARET ANONİM ŞİRKETİ,0.0,0.4444444444444444,6,1,1,1,0.0,0.0,-15.517947982665458
firm_raw,VENDROPS TEKNOLOJİ ANONİM ŞİRKETİ,0.0,0.31999999999999984,5,2,1,2,0.0,0.6931471805599453,-15.517947982665458
firm_raw,LİNGOSOFT BİLGİ TEKNOLOJİSİ HİZMETLERİ TİCARET LİMİTED ŞİRKETİ,0.0,0.31999999999999984,5,1,1,1,0.0,0.0,-15.517947982665458
firm_raw,IG ANALİZ DANIŞMANLIK ARAŞTIRMA BİLGİSAYAR YAZILIM REKLAM EĞİTİM SANAYİ VE TİCARET ANONİM ŞİRKETİ,0.0,0.31999999999999984,5,2,1,3,0.0,1.0986122886681098,-15.517947982665458
firm_raw,EYLÜL GROUP MADEN İŞLETMECİLİĞİ İNŞAAT LOJİSTİK ENDÜSTRİYEL TEMİZLİK TAAHHÜT TURİZM TİCARET ANONİM ŞİRKETİ,0.0,0.31999999999999984,5,1,1,2,0.0,0.6931471805599453,-15.517947982665458
firm_raw,EXPER BİLGİSAYAR SİS TEMLERİ SANAYİ VE Tİ C.ARET A.Ş.,0.0,0.0,1,1,1,2,0.0,0.6931471805599453,-15.517947982665458
firm_raw,EVATECH BİLGİ TEKNOLOJİLERİ DANIŞMANLIK MEDİKAL SANAYİ VE TİCARET LİMİTED ŞİRKETİ,0.0,0.5,2,2,2,2,0.6931471805599453,0.6931471805599453,-15.517947982665458
firm_raw,ESİSTEM BİLGİSAYAR SARF MALZEMELERİ İHRACAT İTHALAT VE TİCARET ANONİM ŞİRKETİ,0.0,0.0,1,1,1,1,0.0,0.0,-15.517947982665458
firm_raw,ESENGÜL DAYANIKLI TÜKETİM MALLARI TİCARET LİMİTED ŞİRKETİ,0.0,0.0,2,1,1,1,0.0,0.0,-15.517947982665458
firm_raw,TÜRKAY ET GIDA TEMİZLİK KÖMÜR TURİZM İNŞAAT PAZARLAMA SANAYİ VE TİCARET LİMİTED ŞİRKETİ,0.0,0.4444444444444444,3,1,1,1,0.0,0.0,-15.517947982665458
firm_raw,PSEUDONYM_424,0.0,0.4444444444444444,3,1,1,1,0.0,0.0,-15.517947982665458
firm_raw,ERNST YOUNG KURUMSAL FİNANSMAN DANIŞM ANLIK A.Ş,0.0,0.5,2,1,1,1,0.0,0.0,-15.517947982665458
firm_raw,ERLAB YAZILIM VE BİLİŞİM HİZMETLERİ HAYVANCILIK GIDA İNŞAAT TAAHHÜT SANAYİ TİCARET LİMİTED ŞİRKETİ,0.0,0.0,2,1,1,1,0.0,0.0,-15.517947982665458
firm_raw,TEMPAR LOJİSTİK DESTEK HİZMETLERİ TEMİZLİK İNŞAAT SANAYİ VE TİCARET ANONİM ŞİRKETİ,0.0,0.375,4,1,1,1,0.0,0.0,-15.517947982665458
firm_raw,SEVEN İNŞAAT TEMİZLİ TURİZM VE TİCARE ANONİM ŞİRKETİ,0.0,0.375,4,1,1,1,0.0,0.0,-15.517947982665458
firm_raw,FORMAKSAN MÜH.BİL.EĞDA.MAK.KA.İM.SANVE TİC.LTD.ŞTİ.,0.0,0.0,1,1,1,1,0.0,0.0,-15.517947982665458
firm_raw,İPEK HIRDAVAT DEMİRÇELİK ELEK TAAHTİC VE SAN LTD Ş,0.0,0.0,3,1,1,1,0.0,0.0,-15.517947982665458
firm_raw,PSEUDONYM_574,0.0,0.0,3,1,1,1,0.0,0.0,-15.517947982665458
firm_raw,PSEUDONYM_508,0.0,0.0,3,1,1,1,0.0,0.0,-15.517947982665458
firm_raw,PSEUDONYM_161,0.0,0.0,1,1,1,1,0.0,0.0,-15.517947982665458
firm_raw,MEDİSABA MEDİKAL SAĞLIK İNŞAAT TEMİZLİK ELEKTRONİK SANAYİ TİCARET LİMİTED ŞİRKETİ.,0.0,0.0,3,1,1,1,0.0,0.0,-15.517947982665458
firm_raw,KOCAMAN SAĞLIK ARAÇVE GEREÇLERİ TİCLTD.ŞTİ.,0.0,0.0,3,1,1,1,0.0,0.0,-15.517947982665458
firm_raw,İNTERVA BİLİŞİM HİZMETLERİ LİMİTED ŞİRKETİ,0.0,0.47337278106508884,13,1,1,1,0.0,0.0,-15.517947982665458
firm_raw,KALİTE BİLGİSAYAR İLETİŞİM ELEKTRİK ELEKTRONİK SANAYİ VE TİCARET LİMİTED ŞİRKETİ,0.0,0.0,2,1,1,1,0.0,0.0,-15.517947982665458
firm_raw,FEROFEN BİLİŞİM ANONİM ŞİRKETİ,0.0,0.0,1,2,1,2,0.0,0.6931471805599453,-15.517947982665458
firm_raw,KODPİT TEKNOLOJİ ANONİM ŞİRKETİ,0.0,0.0,1,2,1,3,0.0,1.0986122886681098,-15.517947982665458
firm_raw,PSEUDONYM_065,0.0,0.0,1,1,1,1,0.0,0.0,-15.517947982665458
firm_raw,PSEUDONYM_578,0.0,0.0,1,1,1,1,0.0,0.0,-15.517947982665458
firm_raw,FAMAL KABLO VE ELEKT RİK SAN.VE TİC.L TD.ŞTİ.,0.0,0.0,1,1,1,1,0.0,0.0,-15.517947982665458
firm_raw,MEDYASOFT BİLGİ SİSTEMLERİ SAN.VE TİC.A.Ş.,0.0,0.0,1,1,1,1,0.0,0.0,-15.517947982665458
firm_raw,F.I.T.BİLGİ İŞLEM Sİ STEMLERİ SERV.SA N.VE TİC.LTD.ŞTİ,0.0,0.0,1,1,1,1,0.0,0.0,-15.517947982665458
firm_raw,SMOD BİLİŞİM YAZILIM VE DANIŞMANLIK PAZARLAMA SANAYİ VE TİCARET LTD.ŞTİ.,0.0,0.0,6,2,1,2,0.0,0.6931471805599453,-15.517947982665458
firm_raw,PLATFORM İSTANBUL TEKNOLOJİ ANONİM ŞİRKETİ,0.0,0.0,6,1,1,1,0.0,0.0,-15.517947982665458
firm_raw,FİZ BİLİŞİM ANONİM ŞİRKETİ,0.0,0.0,6,1,1,1,0.0,0.0,-15.517947982665458
firm_raw,FİGESFİZİK VE GEOMETRİDE BİLG.SİMİLAS.HİZ.TİC.A.Ş.,0.0,0.0,1,1,1,1,0.0,0.0,-15.517947982665458
firm_raw,RAVZA GÜVENLİK SİSTEMLERİ ELEKTRONİK BİLİŞİM İNŞAAT TAAHHÜT ANONİM ŞİRKETİ,0.0,0.6666666666666667,3,1,1,1,0.0,0.0,-15.517947982665458
firm_raw,OREED BİLİŞİM TEKNOLOJİLERİ İNŞAAT OTOMOTİV PAZARLAMA SANAYİ VE TİCARET LİMİTED ŞİRKETİ,0.0,0.0,1,1,1,1,0.0,0.0,-15.517947982665458
firm_raw,PSEUDONYM_466,0.0,0.4600000000000001,10,1,1,2,0.0,0.6931471805599453,-15.517947982665458
firm_raw,GOLD TEKNİK İNŞAAT BİLGİ TEKNOLOJİLERİ SANAYİ LİMİTED ŞİRKETİ,0.0,0.4600000000000001,10,1,1,1,0.0,0.0,-15.517947982665458
firm_raw,PSEUDONYM_209,0.0,0.0,3,1,1,2,0.0,0.6931471805599453,-15.517947982665458
firm_raw,KENTBİS YAZILIM İŞLE TİM MÜH.LTD.ŞTİ.,0.0,0.0,3,1,1,1,0.0,0.0,-15.517947982665458
firm_raw,FİBERKON İLETİŞİM OTOMOTİV GIDA İNŞAAT TAAHHÜT SANAYİ TİCARET LİMİTED ŞİRKETİ,0.0,0.0,3,1,1,4,0.0,1.3862943611198906,-15.517947982665458
firm_raw,FUJİMED TIBBİ ÜRÜNLER PAZARLAMA TİCARET ANONİM ŞİRKETİ,0.0,0.0,1,1,1,1,0.0,0.0,-15.517947982665458
firm_raw,KUN TURİZM TATİL HİZMETLERİ LTD.ŞTİ.,0.0,0.625,4,1,1,1,0.0,0.0,-15.517947982665458
firm_raw,PSEUDONYM_652,0.0,0.0,1,1,1,1,0.0,0.0,-15.517947982665458
firm_raw,GRUP OFİS BÜRO MAKİNALARI OTOMOTİV İNŞAAT SANAYİ VE TİCARET LİMİTED ŞİRKETİ,0.0,0.0,2,1,1,1,0.0,0.0,-15.517947982665458
firm_raw,PSEUDONYM_082,0.0,0.0,1,1,2,3,0.6931471805599453,1.0986122886681098,-15.517947982665458
firm_raw,VESPRİME TURİZM ORGANİZASYON VE DANIŞMANLIK HİZMETLERİ LİMİTED ŞİRKETİ,0.0,0.0,3,1,1,1,0.0,0.0,-15.517947982665458
firm_raw,TETO GAMES BİLİŞİM ELEKTRONİK SPOR ANONİM ŞİRKETİ,0.0,0.0,3,1,1,1,0.0,0.0,-15.517947982665458
firm_raw,PSEUDONYM_017,0.0,0.0,3,1,1,1,0.0,0.0,-15.517947982665458
firm_raw,PSEUDONYM_280,0.0,0.0,2,2,1,2,0.0,0.6931471805599453,-15.517947982665458
firm_raw,Nedsense Nedgraphics B.V.,0.0,0.0,2,1,1,1,0.0,0.0,-15.517947982665458
firm_raw,GEOMATİCS HARİTA MÜH ENDİSLİK VE MÜŞA VİRLİK LTD.ŞTİ.,0.0,0.0,2,1,1,1,0.0,0.0,-15.517947982665458
firm_raw,GEO TEKNİK GEODEZİ V E ELEKTRONİK ALE T.SAN.VE TİC.LTD,0.0,0.0,1,1,1,1,0.0,0.0,-15.517947982665458
firm_raw,GENÇ DATA BİLGİSAYAR SİS EĞT SER TİC VE PAZ LTD ŞTİ,0.0,0.0,1,1,1,1,0.0,0.0,-15.517947982665458
firm_raw,GENÇ BİLGİ SİSTEMLER İ YAZL.BİLŞ.DANŞM.OR GN.SERV.ÖZ EĞT LTD.Ş,0.0,0.0,1,1,1,1,0.0,0.0,-15.517947982665458
firm_raw,PSEUDONYM_016,0.0,0.0,1,1,1,1,0.0,0.0,-15.517947982665458
firm_raw,GİSELE BİLGİ TEKNOLOJİLERİ LİMİTED ŞİRKETİ,0.0,0.0,1,1,1,1,0.0,0.0,-15.517947982665458
firm_raw,İNFOLOJİ TEKNOLOJİ VE İNOVASYON A.Ş.,0.0,0.0,1,1,1,1,0.0,0.0,-15.517947982665458
firm_raw,PSEUDONYM_600,0.0,0.0,2,1,1,1,0.0,0.0,-15.517947982665458
firm_raw,KUMRAL İNŞAAT MOBİLYA GIDA EMLAK SANAYİ VE TİCARET LİMİTED ŞİRKETİ,0.0,0.0,2,1,1,1,0.0,0.0,-15.517947982665458
firm_raw,ÖNER ELEKTRİK ELEKTR ONİK İNŞ.TURİZM DIŞ TİC.LTD.ŞTİ.,0.0,0.0,3,1,1,1,0.0,0.0,-15.517947982665458
firm_raw,GÜLSA TIBBİ CİHAZLAR VE MALZEME SANAYİ TİCARET ANONİM ŞİRKETİ.,0.0,0.0,3,2,2,2,0.6931471805599453,0.6931471805599453,-15.517947982665458
firm_raw,TEKNİK MÜHENDİSLİK H ARİTA İNŞAAT TİCARET VE SANAYİ LTD.ŞTİ.,0.0,0.0,3,1,1,1,0.0,0.0,-15.517947982665458
firm_raw,GÜNKA HARİTA TAAHHÜT TİCARET ANONİM ŞİRKETİ,0.0,0.0,3,1,1,1,0.0,0.0,-15.517947982665458
firm_raw,GÜLDEM HARİTA İNŞAATTÜKETİM MADD.TİCSAN.LTD.ŞTİ.,0.0,0.0,3,1,1,2,0.0,0.6931471805599453,-15.517947982665458
firm_raw,ÇEVRE KATI ATIK YÖNETİMİ PEYZAJ İNŞAAT OTOMASYON TEMİZLİK HİZMETLERİ TAAHÜT SANAYİ VE TİCARET LİMİTED ŞİRKETİ.,0.0,0.0,3,1,1,1,0.0,0.0,-15.517947982665458
firm_raw,ÇELİKLER İNŞAAT NAKLİYAT GIDA TEMİZLİK SANAYİ VE.TİC.LTD.ŞTİ,0.0,0.0,3,1,1,1,0.0,0.0,-15.517947982665458
firm_raw,SUR PEYZAJ OTOMASYON TEMİZLİK SANAYİ VE TİCARET LİMİTED ŞİRKETİ,0.0,0.0,3,1,1,1,0.0,0.0,-15.517947982665458
firm_raw,GÖKÇELİK TEKSTİL DANIŞMANLIK YAPI PETROL TARIM SAN.VE TİC.LTD.ŞTİ,0.0,0.0,3,1,1,1,0.0,0.0,-15.517947982665458
firm_raw,GÖKKUŞAĞI SOSYAL HİZMET.SAĞ.YAT.BİL.SİS.GIDA TEMİZLİK.HİZ.SAN.VE.DIŞ.TİC.LTD.ŞTİ,0.0,0.0,1,1,1,1,0.0,0.0,-15.517947982665458
firm_raw,NİTRO TEKNOLOJİ ELEKTRİK İNŞAAT ARAŞTIRMA VE DANIŞMANLIK SANAYİ TİCARET LİMİTED ŞİRKETİ,0.0,0.0,3,1,1,1,0.0,0.0,-15.517947982665458
firm_raw,NEUTECH YAPAY ZEKA BİLİŞİM ANONİM ŞİRKETİ,0.0,0.0,3,1,1,1,0.0,0.0,-15.517947982665458
firm_raw,GRİSOFT BİLİŞİM HİZMETLERİ LİMİTED ŞİRKETİ,0.0,0.0,3,1,2,4,0.6931471805599453,1.3862943611198906,-15.517947982665458
firm_raw,KYN ELEKTRİK MÜHENDİSLİK İNŞAAT SANAYİ TİCARET LİMİTED ŞİRKETİ,0.0,0.0,2,1,1,1,0.0,0.0,-15.517947982665458
firm_raw,PSEUDONYM_611,0.0,0.375,4,1,1,1,0.0,0.0,-15.517947982665458
firm_raw,PSEUDONYM_502,0.0,0.375,4,1,1,2,0.0,0.6931471805599453,-15.517947982665458
firm_raw,HTH BİLİŞİM SANAYİ VE TİCARET LİMİTED ŞİRKETİ,0.0,0.375,4,1,1,1,0.0,0.0,-15.517947982665458
firm_raw,TEOGEN TEKNOLOJİ VE ENDÜSTRİYEL YAZILIM SİSTEMLERİ SANAYİ TİCARET LİMİTED ŞİRKETİ,0.0,0.0,1,1,1,1,0.0,0.0,-15.517947982665458
firm_raw,HDH TEKNOLOJİ SANAYİ LİMİTED ŞİRKETİ,0.0,0.0,1,1,2,2,0.6931471805599453,0.6931471805599453,-15.517947982665458
firm_raw,PSEUDONYM_011,0.0,0.0,1,2,2,2,0.6931471805599453,0.6931471805599453,-15.517947982665458
firm_raw,PARDUS ORMANCILIK MÜHENDİSLİK SANAYİ VE TİCARET LİMİTED ŞİRKETİ,0.0,0.0,1,1,1,1,0.0,0.0,-15.517947982665458
firm_raw,PSEUDONYM_064,0.0,0.24380165289256195,22,1,1,2,0.0,0.6931471805599453,-15.517947982665458
firm_raw,PLANB ORGANİZASYON HALKLA İLİŞKİLER REKLAM VE TURİZM SANAYİ TİCARET LİMİTED ŞİRKETİ.,0.0,0.5267489711934157,27,1,1,1,0.0,0.0,-15.517947982665458
firm_raw,PENTAŞ PENDİK İNŞAAT ORGANİZASYON YAYINCILIK TURİZM GIDA SANAYİ VE TİCARET ANONİM ŞİRKETİ,0.0,0.24380165289256195,22,2,1,3,0.0,1.0986122886681098,-15.517947982665458
firm_raw,2 EN BİLİŞİM VE İLETİŞİM HİZMETLERİ SANAYİ TİCARET LİMİTED ŞİRKETİ.,0.0,0.0,2,1,1,1,0.0,0.0,-15.517947982665458
firm_raw,VENGO BİLGİSAYAR İLETİŞİM TEKNOLOJİLERİ MEDİKAL ÜRNLER SANAYİ VE TİCARET LİMİTED ŞİRKETİ,0.0,0.0,6,1,1,1,0.0,0.0,-15.517947982665458
firm_raw,PSEUDONYM_032,0.0,0.0,6,1,1,1,0.0,0.0,-15.517947982665458
firm_raw,FAZİLET TİCARETTURİZM SANAYİLTD ŞTİ,0.0,0.0,6,2,2,2,0.6931471805599453,0.6931471805599453,-15.517947982665458
firm_raw,AKGİZ BİLGİSAYAR OTOMASYON SANAYİ VE TİCARET ANONİM ŞİRKETİ,0.0,0.0,6,1,1,1,0.0,0.0,-15.517947982665458
firm_raw,2 B TEMİZLİK VE GIDA MADDELERİ TEKSTİL TİCARET VE SANAYİ LİMİTED ŞİRKETİ,0.0,0.0,6,1,1,1,0.0,0.0,-15.517947982665458
firm_raw,PSEUDONYM_389,0.0,0.0,1,1,1,1,0.0,0.0,-15.517947982665458
firm_raw,HAVSAN ORMAN ÜRÜNLERİ MÜHENDİSLİK TARIM İNŞAAT GIDA MADENCİLİK TEMİZLİK NAKLİYE TURİZM SANAYİ VE TİCARET LİMİTED ŞİRKETİ,0.0,0.0,1,1,1,1,0.0,0.0,-15.517947982665458
firm_raw,HAVELSAN TEKNOLOJİ RADAR (HTR) SANAYİ VE TİCARET ANONİM ŞİRKETİ,0.0,0.0,1,1,1,1,0.0,0.0,-15.517947982665458
firm_raw,METOD ARAÇ TAKİP VE ARAÇ İÇİ İZLEME ÇÖZÜMLERİ İLETİŞİM BİLGİSAYAR SANAYİ VE TİCARET ANONİM ŞİRKETİ,0.0,0.0,2,1,1,1,0.0,0.0,-15.517947982665458
firm_raw,HASVET MEDİKAL YAZILIM SAĞLIK HİZMETLERİ SANAYİ VE TİCARET ANONİM ŞİRKETİ,0.0,0.0,2,1,1,1,0.0,0.0,-15.517947982665458
firm_raw,PSEUDONYM_001,0.0,0.0,1,1,1,1,0.0,0.0,-15.517947982665458
firm_raw,GİRİŞİMPARK BİLİŞİM HİZMETLERİ SANAYİ VE TİCARET ANONİM ŞİRKETİ,0.0,0.0,1,2,2,2,0.6931471805599453,0.6931471805599453,-15.517947982665458
firm_raw,PSEUDONYM_286,0.0,0.0,1,1,1,1,0.0,0.0,-15.517947982665458
firm_raw,ITSS BİLİŞİM HİZMETLERİ TİCARET ANONİM ŞİRKETİ,0.0,0.6666666666666667,3,1,1,1,0.0,0.0,-15.517947982665458
firm_raw,MOSAŞ AKILLI ULAŞIM TEKNOLOJİLERİ ANONİM ŞİRKETİ,0.0,0.0,1,1,1,1,0.0,0.0,-15.517947982665458
firm_raw,TURKCELL SATIŞ VE DİJİTAL İŞ SERVİSLERİ ANONİM ŞİRKETİ,0.0,0.0,3,2,2,2,0.6931471805599453,0.6931471805599453,-15.517947982665458
firm_raw,SSL BİLİŞİM EĞİTİM DANIŞMANLIK ANONİM ŞİRKETİ,0.0,0.0,1,1,1,1,0.0,0.0,-15.517947982665458
firm_raw,REDVECTOR BİLİŞİM ARGE VE DANIŞMANLIK HİZMETLERİ ANONİM ŞİRKETİ,0.0,0.0,2,1,1,1,0.0,0.0,-15.517947982665458
firm_raw,PSEUDONYM_692,0.0,0.0,1,1,1,1,0.0,0.0,-15.517947982665458
firm_raw,IMIS GLOBAL LIMITED,0.0,0.5,2,1,1,1,0.0,0.0,-15.517947982665458
firm_raw,REO-TEK ELEKTRONİK Y AZILIM TASARIM E ĞT.SAN VE TİC.LT,0.0,0.0,1,2,3,3,1.0986122886681098,1.0986122886681098,-15.517947982665458
firm_raw,PSEUDONYM_206,0.0,0.0,1,1,1,1,0.0,0.0,-15.517947982665458
firm_raw,HİLAL TEKSTİL İNŞAATGIDA VE İHT.MAD.SAN.TİC.LTD.ŞTİ.,0.0,0.0,1,1,1,2,0.0,0.6931471805599453,-15.517947982665458
firm_raw,MEKANSAL YAZILIM DANIŞMANLIK TİCARET LİMİTED ŞİRKETİ,0.0,0.0,2,1,1,1,0.0,0.0,-15.517947982665458
firm_raw,HİDROMOD ARGE VE YAZILIM LİMİTED ŞİRKETİ,0.0,0.0,2,1,1,1,0.0,0.0,-15.517947982665458
firm_raw,PSEUDONYM_165,0.0,0.0,2,1,1,1,0.0,0.0,-15.517947982665458
firm_raw,PSEUDONYM_125,0.0,0.5,2,1,1,2,0.0,0.6931471805599453,-15.517947982665458
firm_raw,KARYA TEKNOLOJİ VE DANIŞMANLIK HİZMETLERİ A.Ş,0.0,0.0,1,1,1,2,0.0,0.6931471805599453,-15.517947982665458
firm_raw,TEKNİK DESTEK GRUBU BİLM.ÖLÇ.ARAŞ.DAN.EĞ .TER.BİL.MÜH.MAK.LTD,0.0,0.0,1,1,1,1,0.0,0.0,-15.517947982665458
firm_raw,KARFO ENDÜSTRİYEL VE LAB CİHAZLARI SA N DIŞ TC LTD.ŞTİ,0.0,0.0,1,1,1,1,0.0,0.0,-15.517947982665458
firm_raw,SİSTEK DATA İLETİŞİMSİSTEMLERİ SAN.VE TİC.LTD.ŞTİ.,0.0,0.0,1,2,3,3,1.0986122886681098,1.0986122886681098,-15.517947982665458
firm_raw,PSEUDONYM_642,0.0,0.375,4,1,1,1,0.0,0.0,-15.517947982665458
firm_raw,YUVALI BÜRO MAKİNA SİST.SAN.TİC.PAZ.VE OTO KİRALAMA LTD.ŞTİ.,0.0,0.0,2,1,1,1,0.0,0.0,-15.517947982665458
firm_raw,TEKEKİP BİLGİ TEKNOLOJİLERİ REKLAM DANIŞMANLIK VE ORGANİZASYON HİZMETLERİ SANAYİ VE TİCARET LİMİTED ŞİRKETİ,0.0,0.4444444444444444,3,1,6,6,1.791759469228055,1.791759469228055,-15.517947982665458
firm_raw,KARDELEN GLOBAL BİLGİ TEKNOLOJİLERİ ANONİM ŞİRKETİ,0.0,0.0,2,1,3,4,1.0986122886681098,1.3862943611198906,-15.517947982665458
firm_raw,SED OTOMOTİV GIDA MADENCİLİK MEDİKAL MÜTEAHHİTLİK İNŞAAT TURİZM NAKLİYAT TİCARET VE SANAYİ LİMİTED ŞİRKETİ,0.0,0.0,1,1,1,1,0.0,0.0,-15.517947982665458
firm_raw,KARAELMAS SOSYAL HİZ ORG.TEM.YEM.SAN.TİC. LTD.ŞTİ.,0.0,0.0,1,1,1,1,0.0,0.0,-15.517947982665458
firm_raw,PSEUDONYM_124,0.0,0.5,2,1,1,1,0.0,0.0,-15.517947982665458
firm_raw,MEDİFARM DIŞ TİC.VE PAZ.LTD.ŞTİ.,0.0,0.0,1,1,1,1,0.0,0.0,-15.517947982665458
firm_raw,KANT YAZILIM ANONİM ŞİRKETİ,0.0,0.5,2,3,2,3,0.6931471805599453,1.0986122886681098,-15.517947982665458
firm_raw,ORİON NET BİLİŞİM TE NOLOJ.TURZM.T.G.T.H. KO.MOB.S.TİC LTD ŞTİ,0.0,0.0,1,1,1,1,0.0,0.0,-15.517947982665458
firm_raw,KALE BÜRO MAKİNALARI TİC.LTD.ŞTİ.,0.0,0.0,1,1,1,1,0.0,0.0,-15.517947982665458
firm_raw,SÜMERLER KURUMSAL TEMİZLİK VE SAĞLIK HİZ SAN TİC LTD ŞTİ,0.0,0.0,1,1,1,1,0.0,0.0,-15.517947982665458
firm_raw,KUTAY İNOVASYON İNŞAAT SANAYİ VE TİCARET LİMİTED ŞİRKETİ,0.0,0.0,1,1,1,1,0.0,0.0,-15.517947982665458
firm_raw,PSEUDONYM_382,0.0,0.0,1,1,2,2,0.6931471805599453,0.6931471805599453,-15.517947982665458
firm_raw,KULVAR MEDİKAL SAĞLIK HİZMETLERİ BİLİŞİM TURİZM MADENCİLİK OTOMOTİV ENERJİ İNŞAAT SANAYİ VE TİCARET LİMİTED ŞİRKETİ,0.0,0.0,1,1,1,2,0.0,0.6931471805599453,-15.517947982665458
firm_raw,TEKNOPOLİTEN KURUMSAL BİLGİ TEKNOLOJİLERİ ELEKT.OTOM.EML.DAN.SAN. VE TİC.LTD.ŞTİ.,0.0,0.0,2,1,1,1,0.0,0.0,-15.517947982665458
firm_raw,AGM BİLGİ TEKNOL.REKBAS.YAY.İNŞ.TURZ.SANVE TİC.LTD.ŞTİ.,0.0,0.0,1,1,1,1,0.0,0.0,-15.517947982665458
firm_raw,TEKNİKALPARK KOPYALAMA BASKI SİSTEMLERİ BİLGİSAYAR VE BÜRO MAKİNALARI KIRTASİYE DAYANIKLI TÜKETİM MALLARI İNŞAAT TAŞIMACILIK LİMİTED ŞİRKETİ,0.0,0.0,1,1,1,1,0.0,0.0,-15.517947982665458
firm_raw,PSEUDONYM_214,0.0,0.4444444444444444,3,2,1,3,0.0,1.0986122886681098,-15.517947982665458
firm_raw,KOBİT BİLİŞİM YAZILIM DANIŞMANLIK SANAYİ VE TİCARET LİMİTED ŞİRKETİ.,0.0,0.4444444444444444,3,1,1,1,0.0,0.0,-15.517947982665458
firm_raw,ROLVA BİLGİSAYAR TİC .VE PAZ.LTD.ŞTİ.,0.0,0.0,3,1,1,1,0.0,0.0,-15.517947982665458
firm_raw,RKSOFT MÜHENDİSLİK B İLGİS.PRG.DAN.EĞT.İT H.İHR.LTD.ŞTİ.,0.0,0.0,3,1,2,2,0.6931471805599453,0.6931471805599453,-15.517947982665458
firm_raw,LİNECOM GÜVENLİK SİSTEMLERİ HABERLEŞME TARIM TURİZM VE TİCARET LİMİTED ŞİRKETİ,0.0,0.0,3,1,1,1,0.0,0.0,-15.517947982665458
firm_raw,TRAMON MOBİL SİSTEMLER İLETİŞİM TURİZM MEDİKAL İNŞAAT SANAYİ TİCARET LİMİTED ŞİRKETİ,0.0,0.0,2,1,1,1,0.0,0.0,-15.517947982665458
firm_raw,KERVAN EKE OTOMOSYON TEMİZLİK İNŞAAT TEKSTİL YEMEK TURİZM TAAHHÜT SANAYİ TİCARET LİMİTED ŞİRKETİ,0.0,0.0,1,1,1,1,0.0,0.0,-15.517947982665458
firm_raw,KEBİR EĞİTİM SAĞLIK SAN.VE TİC.LTD.ŞTİ.,0.0,0.0,1,1,1,1,0.0,0.0,-15.517947982665458
firm_raw,KAYI HİZMET TİCARET LİMİTED ŞİRKETİ,0.0,0.0,1,1,1,1,0.0,0.0,-15.517947982665458
firm_raw,WTECHIN YAZILIM BİLİŞİM VE DANIŞMANLIK ANONİM ŞİRKETİ,0.0,0.0,1,1,1,1,0.0,0.0,-15.517947982665458
firm_raw,LİNNO GIDA TEKSTİL REKLAM SANAYİ VE TİCARET LİMİTED ŞİRKETİ,0.0,0.0,1,1,1,1,0.0,0.0,-15.517947982665458
firm_raw,ŞHN LİDER İNŞAAT ORMANCILIK PEYZAJ TARIM HAYVANCILIK SANAYİ VE TİCARET LİMİTED ŞİRKETİ,0.0,0.0,1,1,1,1,0.0,0.0,-15.517947982665458
firm_raw,LİKARBA MÜHENDİSLİK ENERJİ ÇEVRE MADENCİLİK İNŞAAT İŞ SAĞLIĞI VE GÜVENLİĞİ ORMANCILIK LİMİTED ŞİRKETİ,0.0,0.0,1,2,2,4,0.6931471805599453,1.3862943611198906,-15.517947982665458
firm_raw,LUNA ICT YAZILIM BİLGİSAYAR TİCARET LİMİTED ŞİRKETİ,0.0,0.0,1,1,1,1,0.0,0.0,-15.517947982665458
firm_raw,YEDİDENİZ DIŞ TİCARET VE DANIŞMANLIK LİMİTED ŞİRKETİ,0.0,0.0,1,1,1,1,0.0,0.0,-15.517947982665458
firm_raw,LUKSTOR BİLİŞİM SİSTEMLERİ LİMİTED ŞİRKETİ,0.0,0.0,1,1,1,1,0.0,0.0,-15.517947982665458
firm_raw,SZR BİLİŞİM TEKNOLOJİLERİ TİCARET LİMİTED ŞİRKETİ,0.0,0.6666666666666667,3,1,1,1,0.0,0.0,-15.517947982665458
firm_raw,LOGO YAZILIM SANAYİ VE TİÇARET ANONİM ŞİRKETİ,0.0,0.625,4,1,1,2,0.0,0.6931471805599453,-15.517947982665458
firm_raw,PSEUDONYM_052,0.0,0.4444444444444444,3,1,1,1,0.0,0.0,-15.517947982665458
firm_raw,PARTA BİLGİ TEKNOLOJYAZILIM VE DANIŞLTD.ŞTİ.,0.0,0.31999999999999984,5,1,1,1,0.0,0.0,-15.517947982665458
firm_raw,NETİN HABERLEŞME TEKNOLOJİLERİ VE İLETİŞİM HİZMETLERİ SANAYİ VE TİCARET ANONİM ŞİRKETİ,0.0,0.31999999999999984,5,1,1,1,0.0,0.0,-15.517947982665458
firm_raw,MAKRON TEKNOLOJİ VE GÜVENLİK SİSTEMLERİ ELEKTRİK ELEKTRONİK TİCARET LİMİTED ŞİRKETİ,0.0,0.31999999999999984,5,1,1,1,0.0,0.0,-15.517947982665458
firm_raw,KÖPRÜM İNŞAAT NAKLİYAT HAFRİYAT GIDA YEMEK SANAYİ VE TİCARET LİMİTED ŞİRKETİ,0.0,0.7222222222222222,6,1,1,1,0.0,0.0,-15.517947982665458
firm_raw,KUZEYTEK GRUP ENDÜSTRİYEL HIRDAVAT SANAYİ VE TİCARET LİMİTED ŞİRKETİ,0.0,0.0,1,1,1,1,0.0,0.0,-15.517947982665458
firm_raw,PSEUDONYM_493,0.0,0.0,1,1,1,1,0.0,0.0,-15.517947982665458
firm_raw,PSEUDONYM_059,0.0,0.0,2,1,2,2,0.6931471805599453,0.6931471805599453,-15.517947982665458
firm_raw,WDR BİLGİ TEKNOLOJİLERİ VE SAVUNMA SANAYİ TİCARET LİMİTED ŞİRKETİ,0.0,0.0,2,1,1,1,0.0,0.0,-15.517947982665458
firm_raw,MDA TECH TEKNOLOJİ LİMİTED ŞİRKETİ,0.0,0.0,2,1,1,1,0.0,0.0,-15.517947982665458
firm_raw,SIEMENS SANAYİ VE TİCARET A.Ş,0.0,0.0,2,1,1,1,0.0,0.0,-15.517947982665458
firm_raw,PSEUDONYM_464,0.0,0.0,2,1,1,1,0.0,0.0,-15.517947982665458
firm_raw,MANAS ENERJİ YÖNETİM İ SANAYİ VE TİCARET A.Ş.,0.0,0.0,2,1,1,1,0.0,0.0,-15.517947982665458
firm_raw,İKİSEL ELEKTRONİK İNŞAAT SANAYİ VE TİCARET LİMİTED ŞİRKETİ,0.0,0.0,2,1,1,1,0.0,0.0,-15.517947982665458
firm_raw,PROYAPI MÜHENDİSLİK VE MÜŞAVİRLİK ANONİM ŞİRKETİ,0.0,0.0,2,1,1,1,0.0,0.0,-15.517947982665458
firm_raw,ÖZTÜRK ORMAN MÜHENDİSLİK TİCARET VE SANAYİ LİMİTED ŞİRKETİ,0.0,0.0,1,1,1,1,0.0,0.0,-15.517947982665458
firm_raw,LİYA ORMANCILIK İNŞAAT HAFRİYAT PEYZAJ SANAYİ VE TİCARET LİMİTED ŞİRKETİ,0.0,0.0,1,1,2,2,0.6931471805599453,0.6931471805599453,-15.517947982665458
firm_raw,İPEKNET BİLİŞİM ÇÖZÜMLERİ SANAYİ VE TİCARET ANONİM ŞİRKETİ,0.0,0.0,2,1,1,1,0.0,0.0,-15.517947982665458
firm_raw,PRODES BİLGİSAYAR VEPROGRAM DESTEK HİZMETLERİ LTD.ŞT,0.0,0.0,1,1,1,1,0.0,0.0,-15.517947982665458
firm_raw,PSEUDONYM_651,0.0,0.7160493827160495,9,1,1,1,0.0,0.0,-15.517947982665458
firm_raw,PSEUDONYM_613,0.0,0.7160493827160495,9,1,1,1,0.0,0.0,-15.517947982665458
firm_raw,PSEUDONYM_581,0.0,0.7160493827160495,9,1,1,1,0.0,0.0,-15.517947982665458
firm_raw,MEEAPPS YAZILIM VE İNTERNET TEKNOLOJİLERİ ANONİM ŞİRKETİ,0.0,0.7160493827160495,9,1,1,1,0.0,0.0,-15.517947982665458
firm_raw,PIXELATE İNTERAKTİF MEDYA HİZMETLERİ LİMİTED ŞİRKETİ,0.0,0.0,3,1,1,1,0.0,0.0,-15.517947982665458
firm_raw,NGTECH BİLGİ VE İLETİŞİM TEKNOLOJİLERİ LİMİTED ŞİRKETİ,0.0,0.0,3,1,1,1,0.0,0.0,-15.517947982665458
firm_raw,MOBİLTURK İLETİŞİM EĞİTİM DANIŞMANLIK HİZMETLERİ İNTERNET TELEKOMÜNİKASYON LİMİTED ŞİRKETİ,0.0,0.0,3,1,1,1,0.0,0.0,-15.517947982665458
firm_raw,MOBİLSERVİS ÇAĞRI TAKİP VE BİLGİLENDİRME SİSTEMLERİ ANONİM ŞİRKETİ,0.0,0.0,1,1,1,1,0.0,0.0,-15.517947982665458
firm_raw,İMS YAZILIM OTOMASYON SİSTEMLERİ ELEKT.TAŞIMACILIK MEDİKAL SAN.VE TİC.LTD.ŞTİ.,0.0,0.4444444444444444,3,1,1,1,0.0,0.0,-15.517947982665458
firm_raw,PSEUDONYM_275,0.0,0.0,1,1,1,1,0.0,0.0,-15.517947982665458
firm_raw,PAŞAM HİZMET KUYUMCULUK İNŞAAT GIDA İTHALAT VE İHRACAT SANAYİ VE TİCARET LİMİTED ŞİRKETİ,0.0,0.0,1,1,1,1,0.0,0.0,-15.517947982665458
firm_raw,MERSİN ÇİZGİ TEKNOLOJİ BÜRO MAKİNALARI GÜVENLİK SANAYİ VE TİCARET LİMİTED ŞİRKETİ,0.0,0.0,1,1,1,2,0.0,0.6931471805599453,-15.517947982665458
firm_raw,PSEUDONYM_594,0.0,0.0,1,1,1,1,0.0,0.0,-15.517947982665458
firm_raw,PSEUDONYM_331,0.0,0.0,1,1,2,2,0.6931471805599453,0.6931471805599453,-15.517947982665458
firm_raw,MEKSEM MÜHENDİSLİK DANIŞMANLIK ENERJİ SİSTEMLERİ SANAYİ TİCARET LİMİTED ŞİRKETİ,0.0,0.5,2,1,1,1,0.0,0.0,-15.517947982665458
firm_raw,MEDOC TEKNOLOJİ YAZILIM DANIŞMANLIK BİLİŞİM PAZARLAMA İTHALAT İHRACAT TİCARET LİMİTED ŞİRKETİ,0.0,0.0,1,2,2,2,0.6931471805599453,0.6931471805599453,-15.517947982665458
firm_raw,MEDDATA BİLİŞİM İLETİŞİM SİSTEMLERİ PROJE DANIŞMANLIK MEDİKAL ENERJİ SANAYİ VE TİCARET LİMİTED ŞİRKETİ.,0.0,0.0,1,1,1,1,0.0,0.0,-15.517947982665458
firm_raw,VİTAMİN YAZILIM BİLİŞİM HİZMETLERİ TAAHHÜT EĞİTİM SAĞLIK SANAYİ TİCARET LİMİTED ŞİRKETİ,0.0,0.0,1,1,2,2,0.6931471805599453,0.6931471805599453,-15.517947982665458
firm_raw,PSEUDONYM_455,0.0,0.0,2,1,1,1,0.0,0.0,-15.517947982665458
firm_raw,PSEUDONYM_356,0.0,0.31999999999999984,5,1,1,1,0.0,0.0,-15.517947982665458
firm_raw,MİRSOFT BİLİŞİM YAZILIM TEKNOLOJİLERİ TİCARET LİMİTED ŞİRKETİ,0.0,0.0,4,1,1,1,0.0,0.0,-15.517947982665458
firm_raw,MİRAY BİO MEDİKAL ÜRÜNLER TİCARET LİMİTED ŞİRKETİ,0.0,0.5,2,1,1,1,0.0,0.0,-15.517947982665458
firm_raw,VERİFONE ELEKTRONİK VE DANIŞMANLIK LTD ŞTİ,0.0,0.0,2,1,1,1,0.0,0.0,-15.517947982665458
firm_raw,MİNOVA TEK.ELKTRONİK SAN.VE TİC.LTD.Ş Tİ.,0.0,0.0,2,1,1,1,0.0,0.0,-15.517947982665458
firm_raw,MİKROLİNK BİLİŞİM SANAYİ TİCARET ANONİM ŞİRKETİ,0.0,0.0,1,1,1,1,0.0,0.0,-15.517947982665458
firm_raw,MİCROCENT ELEKTRONİK VE BİLGİ İŞLEM SİSTEMLERİ İNŞAAT SANAYİ VE DIŞ TİCARET LİMİTED ŞİRKETİ,0.0,0.0,1,1,1,1,0.0,0.0,-15.517947982665458
firm_raw,ÇAĞRI NAK.TAA.TUR.TE K.GÜV.SİS.VE TEM HİZ.TİC.SN.LTD.Ş,0.0,0.0,1,1,1,1,0.0,0.0,-15.517947982665458
firm_raw,PSEUDONYM_582,0.0,0.0,1,1,1,1,0.0,0.0,-15.517947982665458
firm_raw,PSEUDONYM_364,0.0,0.0,1,1,1,1,0.0,0.0,-15.517947982665458
firm_raw,PSEUDONYM_372,0.0,0.0,1,1,1,1,0.0,0.0,-15.517947982665458
firm_raw,MODÜL PLANLAMA HARİTA İNŞ. VE TİC. LTD.ŞTİ.,0.0,0.0,1,1,1,1,0.0,0.0,-15.517947982665458
firm_raw,PSEUDONYM_544,0.0,0.375,4,1,1,1,0.0,0.0,-15.517947982665458
firm_raw,SORENTUM TEKNOLOJİ SANAYİ VE TİCARET ANONİM ŞİRKETİ,0.0,0.31999999999999984,5,1,1,1,0.0,0.0,-15.517947982665458
firm_raw,İHLAS GAZETECİLİK ANONİM ŞİRKETİ,0.0,0.0,3,1,1,1,0.0,0.0,-15.517947982665458
firm_raw,VAKIF GLOBAL BİLİŞİM VE TEKNOLOJİ SANAYİ TİCARET LİMİTED ŞİRKETİ,0.0,0.0,3,1,1,1,0.0,0.0,-15.517947982665458
firm_raw,ONLİNE BLT TURİZM ORGANİZASYON İNŞAAT MEDİKAL TAŞIMACILIK İTHALAT İHRACAT SANAYİ VE TİCARET LİMİTED ŞİRKETİ,0.0,0.0,1,1,1,2,0.0,0.6931471805599453,-15.517947982665458
firm_raw,PSEUDONYM_217,0.0,0.0,1,1,1,1,0.0,0.0,-15.517947982665458
firm_raw,PSEUDONYM_432,0.0,0.0,1,1,1,1,0.0,0.0,-15.517947982665458
firm_raw,OKSİTED ÖZEL SAĞLIKHİZMET.DANIŞ.BİLGİSAOTOM.TURZ.SAN.TİC.LT,0.0,0.0,1,1,1,1,0.0,0.0,-15.517947982665458
firm_raw,"ÇEKİNO BİLGİ TEKNOLOJİLERİ ANONİM ŞİRKETİ, BİMTAŞ BOĞAZİÇİ PEYZAJ İNŞAAT MÜŞAVİRLİK TEKNİK HİZMETLER SANAYİ TİCARET ANONİM ŞİRKETİ İş Ortaklığı",0.0,0.31999999999999984,5,1,1,1,0.0,0.0,-15.517947982665458
firm_raw,ÇANKAYA GROUP GÜVENLİK SİSTEMLERİ TİCARET LİMİTED ŞİRKETİ,0.0,0.0,1,1,1,1,0.0,0.0,-15.517947982665458
firm_raw,UVMSYSTEMS TR BİLİŞİM TEKNOLOJİLERİ LİMİTED ŞİRKETİ,0.0,0.0,1,1,1,1,0.0,0.0,-15.517947982665458
firm_raw,GLOBAL BİLGİ PAZARLAMA DANIŞMANLIK VE ÇAĞRI SERVİSİ HİZMETLERİ ANONİM ŞİRKETİ,0.0,0.31999999999999984,5,1,1,1,0.0,0.0,-15.517947982665458
firm_raw,TAHA BİLGİ TEKNOLOJİLERİ VE DANIŞMANLIK HİZMETLERİ SANAYİ VE TİCARET LİMİTED ŞİRKETİ,0.0,0.0,3,1,1,1,0.0,0.0,-15.517947982665458
firm_raw,PSEUDONYM_690,0.0,0.0,1,1,1,1,0.0,0.0,-15.517947982665458
firm_raw,PSEUDONYM_480,0.0,0.5,2,1,1,1,0.0,0.0,-15.517947982665458
firm_raw,PBS BİLGİSAYAR ELEKTRONİK GÜVENLİK SİSTEMLERİ SANAYİ VE DIŞ TİCARET LİMİTED ŞİRKETİ,0.0,0.0,3,1,1,1,0.0,0.0,-15.517947982665458
firm_raw,WID TİCARET VE SANAYİ LİMİTED ŞİRKETİ,0.0,0.0,2,1,1,1,0.0,0.0,-15.517947982665458
firm_raw,NOES TİCARET İTHALAT VE İHRACAT LİMİTED ŞİRKETİ,0.0,0.0,2,1,1,2,0.0,0.6931471805599453,-15.517947982665458
firm_raw,NERGİZOĞLU İNŞAAT SANAYİ TİCARET LİMİTED ŞİRKETİ,0.0,0.0,2,1,2,3,0.6931471805599453,1.0986122886681098,-15.517947982665458
firm_raw,NAR YAZILIM OTOMASYON TEK.EĞİTİM VEDAN.LTD.ŞTİ.,0.0,0.0,1,1,1,2,0.0,0.6931471805599453,-15.517947982665458
firm_raw,PSEUDONYM_363,0.0,0.0,1,1,1,1,0.0,0.0,-15.517947982665458
firm_raw,PSEUDONYM_009,0.0,0.0,1,1,1,1,0.0,0.0,-15.517947982665458
firm_raw,RAST MOBİLE BİLGİ TEKNOLOJİLERİ YAZILIM HİZMETLERİ TİCARET LİMİTED ŞİRKETİ,0.0,0.0,3,2,2,3,0.6931471805599453,1.0986122886681098,-15.517947982665458
firm_raw,PROMC PROFESYONEL MAKİNE CİHAZ VE BİLGİ TEKNHOLOJİLERİ LİMİTED ŞİRKETİ,0.0,0.0,3,1,1,1,0.0,0.0,-15.517947982665458
firm_raw,STRATEJİ BİLGİ TEKNO LOJİLERİ YAZILIM VE DANŞ.HİZ.LTD.ŞTİ.,0.0,0.0,2,1,1,1,0.0,0.0,-15.517947982665458
firm_raw,PROKOM BİLGİSAYAR VEELEKTRONİK TİC.LTD.ŞTİ.,0.0,0.0,1,2,2,2,0.6931471805599453,0.6931471805599453,-15.517947982665458
firm_raw,İNTERNETTE REKLAM REKLAM HİZMETLERİ A.Ş.,0.0,0.0,1,1,1,1,0.0,0.0,-15.517947982665458
firm_raw,SEPRASOFT BİLGİSAYARYAZILIM MED.İNŞ.TA TEM O İTİHVETİCLTDŞTİ,0.0,0.0,1,1,1,1,0.0,0.0,-15.517947982665458
firm_raw,SEFKOM BİL.İŞ.BİLG.İLT.REK.EĞT.TEKS.SAN.VE TİC.LTD.ŞTİ.,0.0,0.0,3,1,1,1,0.0,0.0,-15.517947982665458
firm_raw,POZİTİFİK ÖLÇME DEĞERLENDİRME VE ARAŞTIRMA HİZ.LTD.ŞTİ.,0.0,0.0,1,1,1,1,0.0,0.0,-15.517947982665458
firm_raw,PLUXEE ÇALIŞAN DENEYİMİ DANIŞMANLIK VE PAZARLAMA HİZMETLERİ ANONİM ŞİRKETİ,0.0,0.0,1,1,1,1,0.0,0.0,-15.517947982665458
firm_raw,PSEUDONYM_519,0.0,0.0,1,1,1,1,0.0,0.0,-15.517947982665458
firm_raw,SESA GRUP MEDİKAL BİLİŞİM MÜHENDİSLİK İNŞAAT MAKİNA VE TECHİZAT SANAYİ İÇ VE DIŞ TİCARET LİMİTED ŞİRKETİ,0.0,0.4444444444444444,3,1,1,1,0.0,0.0,-15.517947982665458
firm_raw,İMONTECH BİLİŞİM LİMİTED ŞİRKETİ,0.0,0.0,1,1,1,1,0.0,0.0,-15.517947982665458
firm_raw,ONİKS BİLGİ SİSTEMLERİ EĞİTİM DANIŞMANLIK SANAYİ VE TİCARET LİMİTED ŞİRKETİ,0.0,0.0,1,1,1,1,0.0,0.0,-15.517947982665458
firm_raw,ÜNİTAŞ ARGE DANIŞMANLIK SANAYİ VE TİCARET ANONİM ŞİRKETİ,0.0,0.0,1,1,1,1,0.0,0.0,-15.517947982665458
firm_raw,PSEUDONYM_229,0.0,0.0,1,1,1,1,0.0,0.0,-15.517947982665458
firm_raw,PSEUDONYM_219,0.0,0.0,2,1,1,1,0.0,0.0,-15.517947982665458
firm_raw,PSEUDONYM_679,0.0,0.0,2,1,1,1,0.0,0.0,-15.517947982665458
firm_raw,PSEUDONYM_216,0.0,0.0,2,1,1,1,0.0,0.0,-15.517947982665458
firm_raw,PSEUDONYM_232,0.0,0.0,1,1,1,1,0.0,0.0,-15.517947982665458
firm_raw,PSEUDONYM_148,0.0,0.0,1,1,1,1,0.0,0.0,-15.517947982665458
firm_raw,YAHYA KAPTAN MÜHENDİSLİK SANAYİ TİCARET LİMİTED ŞİRKETİ,0.0,0.0,2,1,1,1,0.0,0.0,-15.517947982665458
firm_raw,PSEUDONYM_328,0.0,0.0,2,1,1,1,0.0,0.0,-15.517947982665458
firm_raw,PSEUDONYM_138,0.0,0.0,2,1,1,1,0.0,0.0,-15.517947982665458
firm_raw,PSEUDONYM_090,0.0,0.5,2,1,1,1,0.0,0.0,-15.517947982665458
firm_raw,PSEUDONYM_571,0.0,0.0,1,1,1,1,0.0,0.0,-15.517947982665458
firm_raw,PSEUDONYM_078,0.0,0.0,1,1,1,1,0.0,0.0,-15.517947982665458
firm_raw,TULEN TEKNOLOJİ VE SAVUNMA LİMİTED ŞİRKETİ,0.0,0.0,1,2,3,3,1.0986122886681098,1.0986122886681098,-15.517947982665458
firm_raw,PSEUDONYM_070,0.0,0.0,1,1,1,1,0.0,0.0,-15.517947982665458
firm_raw,ZEMİN BİLGİSAYAR YAZ ILIM TAN.İLET.ME D.ELK.İN.SA.Tİ.L,0.0,0.0,1,1,1,1,0.0,0.0,-15.517947982665458
firm_raw,TEKNOMAKER BİLİŞİM VE EĞİTİM HİZMETLERİ SANAYİ TİCARET LİMİTED ŞİRKETİ,0.0,0.0,1,1,1,1,0.0,0.0,-15.517947982665458
firm_raw,PSEUDONYM_476,0.0,0.0,1,1,1,1,0.0,0.0,-15.517947982665458
firm_raw,PSEUDONYM_387,0.0,0.0,1,1,1,1,0.0,0.0,-15.517947982665458
firm_raw,PSEUDONYM_374,0.0,0.0,1,1,1,1,0.0,0.0,-15.517947982665458
firm_raw,İMAJ DİZAYN STÜDYO TANITIM VE BİLİŞİM SANAYİ VE TİCARET ANONİM ŞİRKETİ,0.0,0.47337278106508884,13,2,2,6,0.6931471805599453,1.791759469228055,-15.517947982665458
firm_raw,TALHA TEKNOLOJİ SANAYİ TİCARET LİMİTED ŞİRKETİ,0.0,0.0,2,1,1,1,0.0,0.0,-15.517947982665458
firm_raw,ROBOCOMBO TEKNOLOJİ ÜRÜNLERİ SANAYİ VE TİCARET LİMİTED ŞİRKETİ,0.0,0.0,2,1,1,1,0.0,0.0,-15.517947982665458
firm_raw,PSEUDONYM_461,0.0,0.0,2,1,1,1,0.0,0.0,-15.517947982665458
firm_raw,ŞAHİN TELEKOM SANAYİVE TİCARET LTD.ŞTİ.,0.0,0.2287968441814595,39,1,1,1,0.0,0.0,-15.517947982665458
firm_raw,FTNET BİLİŞİM ANONİM ŞİRKETİ,0.0,0.24380165289256195,22,2,1,2,0.0,0.6931471805599453,-15.517947982665458
firm_raw,FTNET BİLGİ VE İLETİŞİM HİZMETLERİ TİCARET LTD.ŞTİ.,0.0,0.24380165289256195,22,1,1,1,0.0,0.0,-15.517947982665458
firm_raw,SMARTİKS BİLGİ TEKNOLOJİSİ HİZ.A.Ş.,0.0,0.5267489711934157,27,2,1,2,0.0,0.6931471805599453,-15.517947982665458
firm_raw,SAYGIN BİLGİSAYAR Sİ STEMLERİ GI.TURZ SAN.VE TİC LTD.Ş,0.0,0.24380165289256195,22,2,1,3,0.0,1.0986122886681098,-15.517947982665458
firm_raw,ÖLMEZ İNŞAAT SAN.TİC LTD.ŞTİ.,0.0,0.0,1,2,1,2,0.0,0.6931471805599453,-15.517947982665458
firm_raw,PSEUDONYM_329,0.0,0.0,1,1,1,1,0.0,0.0,-15.517947982665458
firm_raw,PSEUDONYM_296,0.0,0.0,1,1,1,1,0.0,0.0,-15.517947982665458
firm_raw,PSEUDONYM_638,0.0,0.0,1,1,1,1,0.0,0.0,-15.517947982665458
firm_raw,PSEUDONYM_288,0.0,0.0,1,1,1,1,0.0,0.0,-15.517947982665458
firm_raw,PSEUDONYM_261,0.0,0.0,1,1,1,1,0.0,0.0,-15.517947982665458
firm_raw,PSEUDONYM_529,0.0,0.0,1,1,1,1,0.0,0.0,-15.517947982665458
firm_raw,PSEUDONYM_231,0.0,0.0,1,1,1,1,0.0,0.0,-15.517947982665458
firm_raw,SADAM SIFIR ATIK EĞİTİM PROJE VE DANIŞMANLIK MERKEZİ LİMİTED ŞİRKETİ,0.0,0.0,1,1,1,1,0.0,0.0,-15.517947982665458
firm_raw,ROBİT ROBOT OTOM.TEK DONANIM AR-GE DANŞMA TAAH.SAN.VE T.LDT.ŞT,0.0,0.0,2,1,1,1,0.0,0.0,-15.517947982665458
firm_raw,PİRAMİT MAKİNA İNŞAAT SAN.VE TİC.LTDŞTİ.,0.0,0.0,1,1,1,1,0.0,0.0,-15.517947982665458
firm_raw,PUKASOFT YAZILIM SANAYİ VE TİCARET LİMİTED ŞİRKETİ,0.0,0.0,1,1,1,1,0.0,0.0,-15.517947982665458
firm_raw,PSEUDONYM_648,0.0,0.0,1,1,1,1,0.0,0.0,-15.517947982665458
firm_raw,UMUT ÖZEL EĞİTİM SAĞHİZMETLERİ TİCVE SAN LTD ŞTİ,0.0,0.0,1,1,1,1,0.0,0.0,-15.517947982665458
firm_raw,PSEUDONYM_605,0.0,0.0,1,1,1,1,0.0,0.0,-15.517947982665458
firm_raw,SUMAY ASANSÖR MÜHEN.İNŞ. MAK. SAN VETİC. LTD. ŞTİ.,0.0,0.0,1,1,1,1,0.0,0.0,-15.517947982665458
firm_raw,WORKCUBE E-İŞ SİSTEM LERİ SAN.VE TİC. ANONİM ŞİRKETİ,0.0,0.0,1,1,1,1,0.0,0.0,-15.517947982665458
firm_raw,STARTECH BT BİLGİ SİSTEMLERİ SANAYİ VE TİCARET LİMİTED ŞİRKETİ,0.0,0.0,1,1,2,4,0.6931471805599453,1.3862943611198906,-15.517947982665458
firm_raw,TOYA YAZILIM DANIŞMANLIK BİLİŞİM HİZMETLERİ İNŞAAT TARIM HAYVANCILIK YENİLENEBİLİR ENERJİ SANAYİ TİCARET LİMİTED ŞİRKETİ,0.0,0.0,1,1,1,1,0.0,0.0,-15.517947982665458
firm_raw,SHARKUTERİ MEDYA REKLAM BİL.YAZ.HİZ.VE TİC.LTD.ŞTİ.,0.0,0.0,1,1,1,1,0.0,0.0,-15.517947982665458
firm_raw,SEVEN İNŞAAT TEMİZLİK TURİZM VE TİCARET ANONİM ŞİRKETİ,0.0,0.0,1,1,1,1,0.0,0.0,-15.517947982665458
firm_raw,VİS TEKNOLOJİ VE BİLİŞİM HİZMETLERİ SANAYİ TİC.LTD.ŞTİ.,0.0,0.0,1,1,1,1,0.0,0.0,-15.517947982665458
firm_raw,SD OTO KİRALAMA SOSYAL HİZMETLER İNŞAAT GIDA SANAYİ VE TİCARET LİMİTED ŞİRKETİ,0.0,0.0,1,1,1,1,0.0,0.0,-15.517947982665458
