u,v,w
2 EN BİLİŞİM VE İLETİŞİM HİZMETLERİ SANAYİ TİCARET LİMİTED ŞİRKETİ.,NORMDATA DESTEK VE D ANIŞMANLIK HİZME TLERİ LTD.ŞTİ,0.5
NORMDATA DESTEK VE D ANIŞMANLIK HİZME TLERİ LTD.ŞTİ,ANLAŞ OTOMASYON BİLGİSAYAR MÜHENDİSLİK SANAYİ VE TİCARET LİMİTED ŞİRKETİ,0.5
NORMDATA DESTEK VE D ANIŞMANLIK HİZME TLERİ LTD.ŞTİ,BARIŞ SAĞL.TEM.DAĞ.HİZ.BİL. İŞL.OTO.S.İÇ.DŞ TC.LTD.Ş,0.3333333333333333
NORMDATA DESTEK VE D ANIŞMANLIK HİZME TLERİ LTD.ŞTİ,ELİPS ELEKTRONİK SAN .VE TİC.LTD.ŞTİ.,1.1381381381381381
NORMDATA DESTEK VE D ANIŞMANLIK HİZME TLERİ LTD.ŞTİ,ONAT TEMİZLİK BİLGİ İŞLEM İNŞAAT GID .SAN.TİC.LTD.ŞTİ,0.3333333333333333
NORMDATA DESTEK VE D ANIŞMANLIK HİZME TLERİ LTD.ŞTİ,PSEUDONYM_113,0.3333333333333333
24 EĞİTİM YAZILIM TEKNOLOJİ BİLİŞİM DANIŞMANLIK SANAYİ VE TİCARET ANONİM ŞİRKETİ,KOÇ SİSTEM BİLGİ VE İLETİŞİM HİZMELERİ ANONİM ŞİRKETİ,0.5
KOÇ SİSTEM BİLGİ VE İLETİŞİM HİZMELERİ ANONİM ŞİRKETİ,ADA MÜHENDİSLİK VE Y AZILIM HİZ.TİC.L TD.ŞTİ.,1.059285091543156
KOÇ SİSTEM BİLGİ VE İLETİŞİM HİZMELERİ ANONİM ŞİRKETİ,BARİKAT İNTERNET GÜVENLİĞİ BİLİŞİM TİCARET ANONİM ŞİRKETİ,0.44272751011881445
KOÇ SİSTEM BİLGİ VE İLETİŞİM HİZMELERİ ANONİM ŞİRKETİ,BİZNET BİLİŞİM SİSTEMLERİ VE DANIŞMANLIK SAN.TİC.A.Ş,0.5833333333333334
KOÇ SİSTEM BİLGİ VE İLETİŞİM HİZMELERİ ANONİM ŞİRKETİ,ELEKTROSER BÜRO MAKİNALARI TEKNİK SERVİS SANAYİ VE TİCARET LTD.ŞTİ.,0.3333333333333333
KOÇ SİSTEM BİLGİ VE İLETİŞİM HİZMELERİ ANONİM ŞİRKETİ,FORTE BİLGİ İLETİŞİM TEKNOLOJİLERİ VE SAVUNMA SANAYİ ANONİM ŞİRKETİ,0.35713968904712246
KOÇ SİSTEM BİLGİ VE İLETİŞİM HİZMELERİ ANONİM ŞİRKETİ,FSB TEKNOLOJİ BİLİŞİM GRAFİK TASARIM REKLAM DANIŞMANLIK TİCARET ANONİM ŞİRKETİ,0.5
KOÇ SİSTEM BİLGİ VE İLETİŞİM HİZMELERİ ANONİM ŞİRKETİ,FUJİTSU TECHNOLOGY SOLUTIONS BİLİŞİM LİMİTED ŞİRKETİ,0.41321044546850993
KOÇ SİSTEM BİLGİ VE İLETİŞİM HİZMELERİ ANONİM ŞİRKETİ,GGS BİLİŞİM TEKNOLOJİLERİ SANAYİ TİCARET ANONİM ŞİRKETİ,0.15064102564102563
KOÇ SİSTEM BİLGİ VE İLETİŞİM HİZMELERİ ANONİM ŞİRKETİ,HAVELSAN TEKNOLOJİ RADAR (HTR) SANAYİ VE TİCARET ANONİM ŞİRKETİ,1.0
KOÇ SİSTEM BİLGİ VE İLETİŞİM HİZMELERİ ANONİM ŞİRKETİ,INNOVERA BİLİŞİM TEKNOLOJİLERİ ANONİM ŞİRKETİ,0.39347826086956517
KOÇ SİSTEM BİLGİ VE İLETİŞİM HİZMELERİ ANONİM ŞİRKETİ,JFORCE BİLİŞİM TEKNOLOJİLERİ ANONİMŞİRKETİ,0.20063813813813813
KOÇ SİSTEM BİLGİ VE İLETİŞİM HİZMELERİ ANONİM ŞİRKETİ,KOÇ BİLGİ VE SAVUNMA TEKNOLOJİLERİ ANONİM ŞİRKETİ,0.4879227053140096
KOÇ SİSTEM BİLGİ VE İLETİŞİM HİZMELERİ ANONİM ŞİRKETİ,LTS BİLGİSAYAR ELEKTRONİK REKLAMCILIK BİLİŞİM VE DANIŞMANLIK HİZMETLERİ İTHALAT İHRACAT SANAYİ VE TİCARET LİMİTED ŞİRKETİ,0.3333333333333333
KOÇ SİSTEM BİLGİ VE İLETİŞİM HİZMELERİ ANONİM ŞİRKETİ,PRODAY BİLİŞİM TEKNOLOJİLERİ TİCARET ANONİM ŞİRKETİ,0.5568605992519036
KOÇ SİSTEM BİLGİ VE İLETİŞİM HİZMELERİ ANONİM ŞİRKETİ,PROMET BİLGİ SİSTEMLERİ VE DAN.SAN.TİC.LTD.ŞTİ.,1.0669399814561102
KOÇ SİSTEM BİLGİ VE İLETİŞİM HİZMELERİ ANONİM ŞİRKETİ,SALDEM BİLİŞİM TEKNOLOJİLERİ ENERJİ İNŞAAT YAZILIM TELEKOMİNİKASYON OTOMOTİV TURİZM GIDA TAAHHÜT SANAYİ TİCARET İTHALAT VE İHRACAT LİMİTED ŞİRKETİ,0.3333333333333333
KOÇ SİSTEM BİLGİ VE İLETİŞİM HİZMELERİ ANONİM ŞİRKETİ,SENTİM BİLİŞİM TEKNO LOJİLERİ SANAYİ VE TİC.A.Ş.,0.6338508483669774
KOÇ SİSTEM BİLGİ VE İLETİŞİM HİZMELERİ ANONİM ŞİRKETİ,SERVUS BİLGİSAYAR A.Ş. .,0.418259450517515
KOÇ SİSTEM BİLGİ VE İLETİŞİM HİZMELERİ ANONİM ŞİRKETİ,SOLUS BİLİŞİM TEKNOLOJİ TİCARET ANONİM ŞİRKETİ,0.209242191500256
KOÇ SİSTEM BİLGİ VE İLETİŞİM HİZMELERİ ANONİM ŞİRKETİ,TEKNOSER BİLGİSAYARTEKNİK HİZM.SAN.VE DIŞ TİC.A.Ş.,0.49023747249553695
KOÇ SİSTEM BİLGİ VE İLETİŞİM HİZMELERİ ANONİM ŞİRKETİ,TURCOM İLETİŞİM SİST EMLERİ SANAYİ VE TİCARET A.Ş.,0.5
KOÇ SİSTEM BİLGİ VE İLETİŞİM HİZMELERİ ANONİM ŞİRKETİ,TURMAP BİLİŞİM TEKNO LOJİLERİ TİCARET LTD.ŞTİ.,0.3333333333333333
KOÇ SİSTEM BİLGİ VE İLETİŞİM HİZMELERİ ANONİM ŞİRKETİ,İRİS BİLGİSAYAR VE BÜRO MALZEMELERİSAN.TİC.LTD.ŞTİ.,0.3333333333333333
32 BİT BİLGİSAYAR Hİ Z.SAN.VE TİC.LTD .ŞTİ.,BİSAR BİLGİ TEKNOLOJ İLERİ SANAYİ VE TİCA RET A.Ş.,0.5
BİSAR BİLGİ TEKNOLOJ İLERİ SANAYİ VE TİCA RET A.Ş.,BEYAZNET BİLİŞİM ANONİM ŞİRKETİ,0.12539184952978055
BİSAR BİLGİ TEKNOLOJ İLERİ SANAYİ VE TİCA RET A.Ş.,ENTEGRES BİLGİ VE İLETİŞİM TEKNOLOJİLERİ SANAYİ VE TİCARET ANONİM ŞİRKETİ,0.5
360 AKADEMİ EĞİTİM BİLİŞİM TİCARET LİMİTED ŞİRKETİ,SERVUS BİLGİSAYAR A.Ş. .,1.0
SERVUS BİLGİSAYAR A.Ş. .,DESTEK BİLGİSAYAR VE İLETİŞİM HİZ.TİC.A.Ş.,0.28917101330894435
SERVUS BİLGİSAYAR A.Ş. .,FORTE BİLGİ İLETİŞİM TEKNOLOJİLERİ VE SAVUNMA SANAYİ ANONİM ŞİRKETİ,0.4278519342479298
SERVUS BİLGİSAYAR A.Ş. .,PRODAY BİLİŞİM TEKNOLOJİLERİ TİCARET ANONİM ŞİRKETİ,0.32326192239985346
SERVUS BİLGİSAYAR A.Ş. .,PROMET BİLGİ SİSTEMLERİ VE DAN.SAN.TİC.LTD.ŞTİ.,0.51801027440627
SERVUS BİLGİSAYAR A.Ş. .,PİKSELSOFT YAZILIM BİLİŞİM SANAYİ VE TİCARET LİMİTED ŞİRKETİ,0.25
SERVUS BİLGİSAYAR A.Ş. .,SERVUS BİLİŞİM TEKNO LOJİLERİ A.Ş.,0.19369369369369369
SERVUS BİLGİSAYAR A.Ş. .,TEKNOSER BİLGİSAYARTEKNİK HİZM.SAN.VE DIŞ TİC.A.Ş.,0.5937678501638456
3E5 İLETİŞİM TANITIM VE TİCARET LİMİTED ŞİRKETİ,PRİZMA PERSONEL DESTEK HİZMETLERİ LİMİTED ŞİRKETİ,0.5
3E5 İLETİŞİM TANITIM VE TİCARET LİMİTED ŞİRKETİ,RENKLAM MEDYA İLETİŞİM VE TİC.LTD.ŞTİ.,0.5
PRİZMA PERSONEL DESTEK HİZMETLERİ LİMİTED ŞİRKETİ,FUJİTSU TECHNOLOGY SOLUTIONS BİLİŞİM LİMİTED ŞİRKETİ,0.3333333333333333
PRİZMA PERSONEL DESTEK HİZMETLERİ LİMİTED ŞİRKETİ,RENKLAM MEDYA İLETİŞİM VE TİC.LTD.ŞTİ.,0.5
3M BİLİŞİM TEKNOLOJİLERİ LİMİTED ŞİRKETİ,ARMAKOM BİLİŞİM TEKNOJİLERİ ANONİM ŞİRKETİ,1.0
ARMAKOM BİLİŞİM TEKNOJİLERİ ANONİM ŞİRKETİ,AKGÜN BİLGİSAYAR PROGRAM VE HİZ.SAN.TİC.LTD.ŞİRKETİ,0.5
ARMAKOM BİLİŞİM TEKNOJİLERİ ANONİM ŞİRKETİ,E-KALİTE YAZILIM DONANIM MÜHENDİSLİK TASARIM VE İNTERNET HİZMETLERİ SANAYİ TİCARET LİMİTED ŞİRKETİ,0.358974358974359
ARMAKOM BİLİŞİM TEKNOJİLERİ ANONİM ŞİRKETİ,ELİPS ELEKTRONİK SAN .VE TİC.LTD.ŞTİ.,0.38095238095238093
ARMAKOM BİLİŞİM TEKNOJİLERİ ANONİM ŞİRKETİ,METASOFT BİLGİSAYAR BİLGİ İŞLEM HİZMETLERİ SANAYİ VE TİCARET LİMİTED ŞİRKETİ,0.5909090909090909
ARMAKOM BİLİŞİM TEKNOJİLERİ ANONİM ŞİRKETİ,OLGU BİLGİSAYAR SİST EMLERİ SANAYİ Tİ CARET LTD.ŞTİ.,0.3333333333333333
ARMAKOM BİLİŞİM TEKNOJİLERİ ANONİM ŞİRKETİ,PSEUDONYM_248,0.3333333333333333
ARMAKOM BİLİŞİM TEKNOJİLERİ ANONİM ŞİRKETİ,RDS TEKNOLOJİ DANIŞMANLIK SANAYİ VE TİCARET LİMİTED ŞİRKETİ,0.3333333333333333
ARMAKOM BİLİŞİM TEKNOJİLERİ ANONİM ŞİRKETİ,SİGNUM TEKNOLOJİ TAN ITIM VE EĞİTİM L TD.ŞTİ.,0.3333333333333333
4 S BİLGİ TEKNOLOJİLERİ ANONİM ŞİRKETİ,BARİKAT İNTERNET GÜVENLİĞİ BİLİŞİM TİCARET ANONİM ŞİRKETİ,0.586335403726708
4 S BİLGİ TEKNOLOJİLERİ ANONİM ŞİRKETİ,BİLGE SİBER GÜVENLİK TEKNOLOJİLERİ VE SAN VE TİCARET LİMİTED ŞİRKETİ,0.3333333333333333
4 S BİLGİ TEKNOLOJİLERİ ANONİM ŞİRKETİ,EDM BİLİŞİM SİSTEMLERİ VE DANIŞMANLIK HİZMETLERİ ANONİM ŞİRKETİ,0.5
4 S BİLGİ TEKNOLOJİLERİ ANONİM ŞİRKETİ,EMT ELEKTRONİK MÜHENDİSLİK SAN.VE TİC.LTD.ŞTİ.,0.22564102564102564
4 S BİLGİ TEKNOLOJİLERİ ANONİM ŞİRKETİ,SENEKA YAZILIM DONANIM BİLİŞİM TİCARET TAAHHÜT VE SANAYİ LİMİTED ŞİRKETİ,0.37681159420289856
4 S BİLGİ TEKNOLOJİLERİ ANONİM ŞİRKETİ,SENTİM BİLİŞİM TEKNO LOJİLERİ SANAYİ VE TİC.A.Ş.,1.0578990901571546
4 S BİLGİ TEKNOLOJİLERİ ANONİM ŞİRKETİ,İNFOPARK BİLGİ TEKNOLOJİLERİ SANAYİ VE TİCARET ANONİM ŞİRKETİ,0.3957196029776675
4 S BİLGİ TEKNOLOJİLERİ ANONİM ŞİRKETİ,İŞ YAZILIM DONANIM ELEKT DAN TEL KI TU ME İN İT İH S V T L Ş,0.375
4 S BİLGİ TEKNOLOJİLERİ ANONİM ŞİRKETİ,ŞAMPİYON SOSYAL HİZMETLER ÇEVRE TEMİZLİK DAĞITIM GIDA TİCARET LİMİTED ŞİRKETİ,0.5
BARİKAT İNTERNET GÜVENLİĞİ BİLİŞİM TİCARET ANONİM ŞİRKETİ,BARİKATSİSTEM BİLİŞİM TEKNOLOJİLERİ TİCARET ANONİM ŞİRKETİ,0.13813813813813813
BARİKAT İNTERNET GÜVENLİĞİ BİLİŞİM TİCARET ANONİM ŞİRKETİ,BGS BİLGİ SİSTEMLERİSANAYİ VE TİCARET LTD.ŞTİ.,0.369047619047619
BARİKAT İNTERNET GÜVENLİĞİ BİLİŞİM TİCARET ANONİM ŞİRKETİ,BİLGİBİM BİLGİSAYAR TEKNOLOJİLERİ İLETİŞİM ELEKTRONİK SANAYİ VE TİCARET LİMİTED ŞİRKETİ,0.503968253968254
BARİKAT İNTERNET GÜVENLİĞİ BİLİŞİM TİCARET ANONİM ŞİRKETİ,BİZNET BİLİŞİM SİSTEMLERİ VE DANIŞMANLIK SAN.TİC.A.Ş,0.4943394024276377
BARİKAT İNTERNET GÜVENLİĞİ BİLİŞİM TİCARET ANONİM ŞİRKETİ,C.B.K.SOFT YAZILIM DONANIM ELEKTRONİK VE BİLGİSAYAR SİSTEMLERİ SANAYİ TİCARET ANONİM ŞİRKETİ,1.1570818070818072
BARİKAT İNTERNET GÜVENLİĞİ BİLİŞİM TİCARET ANONİM ŞİRKETİ,DESTEK BİLGİSAYAR VE İLETİŞİM HİZ.TİC.A.Ş.,0.8589563004855356
BARİKAT İNTERNET GÜVENLİĞİ BİLİŞİM TİCARET ANONİM ŞİRKETİ,DOCUART BİLGİSAYAR V E İLET.ELK.SER.İ .T.G.P.S.VE T.LT,0.1111111111111111
BARİKAT İNTERNET GÜVENLİĞİ BİLİŞİM TİCARET ANONİM ŞİRKETİ,GEOSYS COĞRAFİ BİLGİ SİSTEMLERİ VE ŞEHİR PLANLAMA ELEKTRONİK BİLİŞİM MÜHENDİSLİK VE MÜŞAVİRLİK İNŞAAT REKLAMCILIK SANAYİ VE TİCARET LİMİTED ŞİRKETİ,0.14285714285714285
BARİKAT İNTERNET GÜVENLİĞİ BİLİŞİM TİCARET ANONİM ŞİRKETİ,GES BİLİŞİM TEKNOLOJİLERİ VE DANIŞMANLIK İÇ VE DIŞ TİCARET LİMİTED ŞİRKETİ,0.30952380952380953
BARİKAT İNTERNET GÜVENLİĞİ BİLİŞİM TİCARET ANONİM ŞİRKETİ,HAVELSAN HAVA ELEKTRONİK SANAYİ VE TİCARET ANONİM ŞİRKETİ,0.3333333333333333
BARİKAT İNTERNET GÜVENLİĞİ BİLİŞİM TİCARET ANONİM ŞİRKETİ,JFORCE BİLİŞİM TEKNOLOJİLERİ ANONİMŞİRKETİ,0.280995280995281
BARİKAT İNTERNET GÜVENLİĞİ BİLİŞİM TİCARET ANONİM ŞİRKETİ,MAY SİBER TEKNOLOJİ BİLİŞİM BİLGİSAYAR EĞİTİM DANIŞMANLIK YAZILIM TİCARET SANAYİ ANONİM ŞİRKETİ,0.3333333333333333
BARİKAT İNTERNET GÜVENLİĞİ BİLİŞİM TİCARET ANONİM ŞİRKETİ,PRODAY BİLİŞİM TEKNOLOJİLERİ TİCARET ANONİM ŞİRKETİ,0.5494324909617263
BARİKAT İNTERNET GÜVENLİĞİ BİLİŞİM TİCARET ANONİM ŞİRKETİ,PROMET BİLGİ SİSTEMLERİ VE DAN.SAN.TİC.LTD.ŞTİ.,0.5724224840604151
BARİKAT İNTERNET GÜVENLİĞİ BİLİŞİM TİCARET ANONİM ŞİRKETİ,REİN YAZILIM TEKNOLOJİ LİMİTED ŞİRKETİ,0.27702702702702703
BARİKAT İNTERNET GÜVENLİĞİ BİLİŞİM TİCARET ANONİM ŞİRKETİ,SENEKA YAZILIM DONANIM BİLİŞİM TİCARET TAAHHÜT VE SANAYİ LİMİTED ŞİRKETİ,0.47681159420289854
BARİKAT İNTERNET GÜVENLİĞİ BİLİŞİM TİCARET ANONİM ŞİRKETİ,SOİTRON SİBER GÜVENLİK SERVİSLERİ ANONİM ŞİRKETİ,1.0
BARİKAT İNTERNET GÜVENLİĞİ BİLİŞİM TİCARET ANONİM ŞİRKETİ,TRİO ENTEGRASYON BİLİŞİM TEKNOLOJİLERİ TİCARET ANONİM ŞİRKETİ.,0.33730158730158727
BİLGE SİBER GÜVENLİK TEKNOLOJİLERİ VE SAN VE TİCARET LİMİTED ŞİRKETİ,SENEKA YAZILIM DONANIM BİLİŞİM TİCARET TAAHHÜT VE SANAYİ LİMİTED ŞİRKETİ,0.3333333333333333
EDM BİLİŞİM SİSTEMLERİ VE DANIŞMANLIK HİZMETLERİ ANONİM ŞİRKETİ,ŞAMPİYON SOSYAL HİZMETLER ÇEVRE TEMİZLİK DAĞITIM GIDA TİCARET LİMİTED ŞİRKETİ,0.5
EMT ELEKTRONİK MÜHENDİSLİK SAN.VE TİC.LTD.ŞTİ.,MART YAZILIM EĞİTİM DANIŞMANLIK SANAYİ VE TİCARET LİMİTED ŞİRKETİ,0.2
EMT ELEKTRONİK MÜHENDİSLİK SAN.VE TİC.LTD.ŞTİ.,MOS BİLİŞİM TEKNOLOJ İLERİ YAZILIM DANIŞM ANLIK HİZ.LTD.ŞTİ.,0.2
EMT ELEKTRONİK MÜHENDİSLİK SAN.VE TİC.LTD.ŞTİ.,İNFOPARK BİLGİ TEKNOLOJİLERİ SANAYİ VE TİCARET ANONİM ŞİRKETİ,0.2
EMT ELEKTRONİK MÜHENDİSLİK SAN.VE TİC.LTD.ŞTİ.,İNFRASİS BİLGİ TEKNOLOJİLERİ TİCARET LİMİTED ŞİRKETİ,0.2
SENEKA YAZILIM DONANIM BİLİŞİM TİCARET TAAHHÜT VE SANAYİ LİMİTED ŞİRKETİ,VİS TEKNOLOJİ VE BİLİŞİM HİZMETLERİ SANAYİ TİC.LTD.ŞTİ.,1.0
SENTİM BİLİŞİM TEKNO LOJİLERİ SANAYİ VE TİC.A.Ş.,ADA MÜHENDİSLİK VE Y AZILIM HİZ.TİC.L TD.ŞTİ.,1.2847752876215874
SENTİM BİLİŞİM TEKNO LOJİLERİ SANAYİ VE TİC.A.Ş.,AIMS ANALİTİK BİLGİ YÖNETİMİ ÇÖZÜMLERİ YAZILIM EĞİTİM DANIŞMANLIK TİCARET LİMİTED ŞİRKETİ.,1.2159090909090908
SENTİM BİLİŞİM TEKNO LOJİLERİ SANAYİ VE TİC.A.Ş.,ALTO TEKNOLOJİ BİLİŞİM ÇÖZÜMLERİ SANAYİ VE DIŞ TİCARET LİMİTED ŞİRKETİ,0.4583333333333333
SENTİM BİLİŞİM TEKNO LOJİLERİ SANAYİ VE TİC.A.Ş.,BVF BİLGİ TEKNOLOJİLERİ YAPI VE DANIŞMANLIK LİMİTED ŞİRKETİ,0.43257575757575756
SENTİM BİLİŞİM TEKNO LOJİLERİ SANAYİ VE TİC.A.Ş.,BİLGİBİM BİLGİSAYAR TEKNOLOJİLERİ İLETİŞİM ELEKTRONİK SANAYİ VE TİCARET LİMİTED ŞİRKETİ,0.75
SENTİM BİLİŞİM TEKNO LOJİLERİ SANAYİ VE TİC.A.Ş.,BİSOFT BİLGİ TEKNOLOJİLERİ ANONİM ŞİRKETİ,0.30789909015715466
SENTİM BİLİŞİM TEKNO LOJİLERİ SANAYİ VE TİC.A.Ş.,C.B.K.SOFT YAZILIM DONANIM ELEKTRONİK VE BİLGİSAYAR SİSTEMLERİ SANAYİ TİCARET ANONİM ŞİRKETİ,1.0875250197830841
SENTİM BİLİŞİM TEKNO LOJİLERİ SANAYİ VE TİC.A.Ş.,DATA MARKET BİLGİ HİZMETLERİ ANONİM ŞİRKETİ,0.5655913978494623
SENTİM BİLİŞİM TEKNO LOJİLERİ SANAYİ VE TİC.A.Ş.,DENEYİM TEKN.ÜRÜN.ELBİLG.YAZ.TANIT.HİZ.TİC.LTD.ŞTİ.,1.0
SENTİM BİLİŞİM TEKNO LOJİLERİ SANAYİ VE TİC.A.Ş.,DESTEK BİLGİSAYAR VE İLETİŞİM HİZ.TİC.A.Ş.,0.5293705616286261
SENTİM BİLİŞİM TEKNO LOJİLERİ SANAYİ VE TİC.A.Ş.,EDULINE BİLİŞİM SAN.VE TİC.LTD.ŞTİ.,0.5
SENTİM BİLİŞİM TEKNO LOJİLERİ SANAYİ VE TİC.A.Ş.,FUJİTSU TECHNOLOGY SOLUTIONS BİLİŞİM LİMİTED ŞİRKETİ,0.5084485407066052
SENTİM BİLİŞİM TEKNO LOJİLERİ SANAYİ VE TİC.A.Ş.,INNOVERA BİLİŞİM TEKNOLOJİLERİ ANONİM ŞİRKETİ,0.3088235294117647
SENTİM BİLİŞİM TEKNO LOJİLERİ SANAYİ VE TİC.A.Ş.,ISSD BİLİŞİM ELEKTRO NİK EĞT.SAN.VE TİC.L TD.ŞTİ.,1.0
SENTİM BİLİŞİM TEKNO LOJİLERİ SANAYİ VE TİC.A.Ş.,KURALKAN BİLİŞİM OTOMOTİV SANAYİ VE DIŞ TİCARET ANONİM ŞİRKETİ,0.22702702702702704
SENTİM BİLİŞİM TEKNO LOJİLERİ SANAYİ VE TİC.A.Ş.,LST YAZILIM ELEKTRON İK VE İLETİŞİM T EK.TİC.LTD.ŞTİ.,0.680952380952381
SENTİM BİLİŞİM TEKNO LOJİLERİ SANAYİ VE TİC.A.Ş.,NATEK BİLİŞİM BİLGİSAYAR EĞİT.DAN.YAZ.TİC.SAN.LTD.ŞTİ.,0.3413127413127413
SENTİM BİLİŞİM TEKNO LOJİLERİ SANAYİ VE TİC.A.Ş.,NETAŞ TELEKOMÜNİKASYON ANONİM ŞİRKETİ,0.22564102564102564
SENTİM BİLİŞİM TEKNO LOJİLERİ SANAYİ VE TİC.A.Ş.,NETCAD YAZILIM ANONİM ŞİRKETİ,0.6
SENTİM BİLİŞİM TEKNO LOJİLERİ SANAYİ VE TİC.A.Ş.,NETİKET BİLİŞİM İLE. DAN.EĞİT.HİZM.SA N.VE TİC.LTD.ŞTİ,0.5
SENTİM BİLİŞİM TEKNO LOJİLERİ SANAYİ VE TİC.A.Ş.,ORAN TEKNOLOJİ YAZILIM DANIŞMANLIK VE EĞİTİM LTD ŞTİ,0.39369369369369367
SENTİM BİLİŞİM TEKNO LOJİLERİ SANAYİ VE TİC.A.Ş.,POZİTİFİK ÖLÇME DEĞERLENDİRME VE ARAŞTIRMA HİZ.LTD.ŞTİ.,1.0
SENTİM BİLİŞİM TEKNO LOJİLERİ SANAYİ VE TİC.A.Ş.,PROTA BİLGİSAYAR MÜHENDİSLİK DANIŞMANLIK HİZ.A.Ş.,0.20219270503900486
SENTİM BİLİŞİM TEKNO LOJİLERİ SANAYİ VE TİC.A.Ş.,PSEUDONYM_480,0.5
SENTİM BİLİŞİM TEKNO LOJİLERİ SANAYİ VE TİC.A.Ş.,ROBİT ROBOT OTOM.TEK DONANIM AR-GE DANŞMA TAAH.SAN.VE T.LDT.ŞT,0.5
SENTİM BİLİŞİM TEKNO LOJİLERİ SANAYİ VE TİC.A.Ş.,TEKNOSER BİLGİSAYARTEKNİK HİZM.SAN.VE DIŞ TİC.A.Ş.,0.6487581632742924
SENTİM BİLİŞİM TEKNO LOJİLERİ SANAYİ VE TİC.A.Ş.,TUNA BİLGİ TEKNOLOJİLERİ SANAYİ VE TİCARET LİMİTED ŞİRKETİ,0.5
SENTİM BİLİŞİM TEKNO LOJİLERİ SANAYİ VE TİC.A.Ş.,YÖNSİS BİLGİSAYAR SİSTEMLERİ SANAYİVE TİCARET A.Ş.,1.1409090909090909
SENTİM BİLİŞİM TEKNO LOJİLERİ SANAYİ VE TİC.A.Ş.,İNNOVA BİLİŞİM ÇÖZÜMLERİ A.Ş.,0.7529787852368497
SENTİM BİLİŞİM TEKNO LOJİLERİ SANAYİ VE TİC.A.Ş.,İNSPİRİT BİLGİ TEKNOLOJİLERİ YAZILIM DANIŞMANLIK TİC.LTD.ŞTİ,0.29545454545454547
SENTİM BİLİŞİM TEKNO LOJİLERİ SANAYİ VE TİC.A.Ş.,İNTRON BİLİŞİM YAZILIM TANITIM VE TASARIM HİZMETLERİ SANAYİ TİCARET LİMİTED ŞİRKETİ,0.4242424242424242
SENTİM BİLİŞİM TEKNO LOJİLERİ SANAYİ VE TİC.A.Ş.,İŞ YAZILIM DONANIM ELEKT DAN TEL KI TU ME İN İT İH S V T L Ş,1.125
İNFOPARK BİLGİ TEKNOLOJİLERİ SANAYİ VE TİCARET ANONİM ŞİRKETİ,DATA MARKET BİLGİ HİZMETLERİ ANONİM ŞİRKETİ,0.6036866359447004
İNFOPARK BİLGİ TEKNOLOJİLERİ SANAYİ VE TİCARET ANONİM ŞİRKETİ,SBI BİLİŞİM ANONİM ŞİRKETİ,0.5
İŞ YAZILIM DONANIM ELEKT DAN TEL KI TU ME İN İT İH S V T L Ş,ALTAR ELEKTRONİK TEK NOLOJİ SAN.VE Tİ C.LTD.ŞTİ.,0.5
İŞ YAZILIM DONANIM ELEKT DAN TEL KI TU ME İN İT İH S V T L Ş,AYS ELEKTRONİK BELGE YÖNETİM SİSTEMLERİ TİCARET LİMİTED ŞİRKETİ,0.5833333333333334
İŞ YAZILIM DONANIM ELEKT DAN TEL KI TU ME İN İT İH S V T L Ş,BAŞARSOFT BİLGİ TEKNOLOJİLERİ ANONİM ŞİRKETİ,0.38675213675213677
İŞ YAZILIM DONANIM ELEKT DAN TEL KI TU ME İN İT İH S V T L Ş,BEY BİLGİSAYAR ELEKTRONİK YAZILIM İLETİŞİM SİSTEMLERİ KIRTASİYE İNŞAAT SANAYİ VE TİCARET LİMİTED ŞİRKETİ,0.5
İŞ YAZILIM DONANIM ELEKT DAN TEL KI TU ME İN İT İH S V T L Ş,BİLİŞİM BİLGİSAYAR ELEKTRONİK ENDÜSTRİ VE OFİS OTOMASYON SİSTEMLERİ SANAYİ TİCARET LİMİTED ŞİRKETİ,0.5
İŞ YAZILIM DONANIM ELEKT DAN TEL KI TU ME İN İT İH S V T L Ş,BİLİŞİM İNOVASYON SA N.VE TİC.LTD.ŞTİ.,0.3333333333333333
İŞ YAZILIM DONANIM ELEKT DAN TEL KI TU ME İN İT İH S V T L Ş,BİSOFT BİLGİ TEKNOLOJİLERİ ANONİM ŞİRKETİ,0.6666666666666666
İŞ YAZILIM DONANIM ELEKT DAN TEL KI TU ME İN İT İH S V T L Ş,DATACORE BİLGİ SİSTEMLERİ SANAYİ VE TİCARET ANONİM ŞİRKETİ,0.5833333333333334
İŞ YAZILIM DONANIM ELEKT DAN TEL KI TU ME İN İT İH S V T L Ş,EMSAL BİLİŞİM MEDİKAL ELEKT.OTOMASYON SİST.SAN.TİC.LTD.ŞTİ.,0.5256410256410257
İŞ YAZILIM DONANIM ELEKT DAN TEL KI TU ME İN İT İH S V T L Ş,ESTEP BİLİŞİM ARAŞTIRMA AJANS EĞİTİM DANIŞMANLIK HİZMETLERİ SANAYİ VE TİCARET LİMİTED ŞİRKETİ,0.5256410256410257
İŞ YAZILIM DONANIM ELEKT DAN TEL KI TU ME İN İT İH S V T L Ş,FİGESFİZİK VE GEOMETRİDE BİLG.SİMİLAS.HİZ.TİC.A.Ş.,1.0
İŞ YAZILIM DONANIM ELEKT DAN TEL KI TU ME İN İT İH S V T L Ş,IND YAZILIM BİLİŞİM TEKNOLOJİLERİ SANAYİ VE TİCARET A.Ş.,0.458974358974359
İŞ YAZILIM DONANIM ELEKT DAN TEL KI TU ME İN İT İH S V T L Ş,INNOSA BİLİŞİM TEKNOLOJİLERİ YAPI SANAYİ VE TİCARET ANONİM ŞİRKETİ,0.6423076923076924
İŞ YAZILIM DONANIM ELEKT DAN TEL KI TU ME İN İT İH S V T L Ş,KAREL ELEKTRONİK SANAYİ VE TİCARET A.Ş.,1.0
İŞ YAZILIM DONANIM ELEKT DAN TEL KI TU ME İN İT İH S V T L Ş,KENT YAZILIM BİLİŞİMVE İLETİŞİM TEKNSAN.VE TİC.LTD.Ş,0.5
İŞ YAZILIM DONANIM ELEKT DAN TEL KI TU ME İN İT İH S V T L Ş,LN BİLGİSAYAR VE DANHİZ.SAN.TİC.A.Ş.,0.2638888888888889
İŞ YAZILIM DONANIM ELEKT DAN TEL KI TU ME İN İT İH S V T L Ş,MOBİSİS TEKNOLOJİ ANONİM ŞİRKETİ,0.25
İŞ YAZILIM DONANIM ELEKT DAN TEL KI TU ME İN İT İH S V T L Ş,NETCAD YAZILIM ANONİM ŞİRKETİ,0.5659188034188034
İŞ YAZILIM DONANIM ELEKT DAN TEL KI TU ME İN İT İH S V T L Ş,NETCOM BİLGİSAYAR YAZ.İNT.VE TELEKO.HİZ.SAN.TİC.A.Ş.,0.5
İŞ YAZILIM DONANIM ELEKT DAN TEL KI TU ME İN İT İH S V T L Ş,ORATECH BİLİŞİM DANIŞMANLIK PAZARLAMA HİKMETLERİ SANAYİ VE TİCARET LİMİTED ŞİRKETİ,0.5
İŞ YAZILIM DONANIM ELEKT DAN TEL KI TU ME İN İT İH S V T L Ş,PROBEL BİLGİSAYAR YAZILIM DONANIM SANAYİ VE TİCARET ANONİM ŞİRKETİ,0.45
İŞ YAZILIM DONANIM ELEKT DAN TEL KI TU ME İN İT İH S V T L Ş,SİBERUS BİLGİ TEKNOLOJİLERİ YAZILIM DANIŞMANLIK EĞİTİM BİLGİSAYAR TİCARET LİMİTED ŞİRKETİ,0.5
İŞ YAZILIM DONANIM ELEKT DAN TEL KI TU ME İN İT İH S V T L Ş,ÜNİVERSAL BİLGİ TEKNOLOJİLERİ LTD.ŞTİ.,0.5
ŞAMPİYON SOSYAL HİZMETLER ÇEVRE TEMİZLİK DAĞITIM GIDA TİCARET LİMİTED ŞİRKETİ,PİKSELSOFT YAZILIM BİLİŞİM SANAYİ VE TİCARET LİMİTED ŞİRKETİ,0.25
4 TEK BİLİŞİM YAZBİL.KIR.ELK.İNŞ.SAN.TİC.LTD.ŞTİ.,AKGÜN BİLGİSAYAR PROGRAM VE HİZ.SAN.TİC.LTD.ŞİRKETİ,0.5
4 TEK BİLİŞİM YAZBİL.KIR.ELK.İNŞ.SAN.TİC.LTD.ŞTİ.,ALİN BİLİŞİM KIRTASİYE GIDA TEMİZLİK TURİZM TAŞIMACILIK İNŞAAT SANAYİ VE TİCARET LİMİTED ŞİRKETİ,0.5
4 TEK BİLİŞİM YAZBİL.KIR.ELK.İNŞ.SAN.TİC.LTD.ŞTİ.,KPM İLERİ TEKNOLOJİLERİ VE DANIŞMANLIK LİMİTED ŞİRKETİ,0.5
4 TEK BİLİŞİM YAZBİL.KIR.ELK.İNŞ.SAN.TİC.LTD.ŞTİ.,PSEUDONYM_447,0.5
AKGÜN BİLGİSAYAR PROGRAM VE HİZ.SAN.TİC.LTD.ŞİRKETİ,ARNİL-NET BİLGİSAYAR İLETİŞİM HİZMETLERİ YAZILIM TURİZM SANAYİ VE TİCARET LİMİTED ŞİRKETİ,1.0
AKGÜN BİLGİSAYAR PROGRAM VE HİZ.SAN.TİC.LTD.ŞİRKETİ,BMB SOFT BİLGİSAYAR YAZILIM İLETİŞİM SİS.SAN.VE TİC.L,1.1964285714285714
AKGÜN BİLGİSAYAR PROGRAM VE HİZ.SAN.TİC.LTD.ŞİRKETİ,DONAN TEKNOLOJİ ÇÖZÜMLERİ PROJE ARGE VE DANIŞMANLIK TİCARET LİMİTED ŞİRKETİ,1.0
AKGÜN BİLGİSAYAR PROGRAM VE HİZ.SAN.TİC.LTD.ŞİRKETİ,DUGAN BİLGİSAYAR VE ELK.HİZM.KIRT.SA N.VE TİC.LTD.ŞTİ,1.0
AKGÜN BİLGİSAYAR PROGRAM VE HİZ.SAN.TİC.LTD.ŞİRKETİ,EKSPRES ELEKTRONİK E GİTİM ÖĞR. GIDA SAN.TİC.LTD.ŞTİ.,1.0
AKGÜN BİLGİSAYAR PROGRAM VE HİZ.SAN.TİC.LTD.ŞİRKETİ,ENTEGRES BİLİŞİM TEKNOLOJİLERİ LİMİTED ŞİRKETİ,1.8928571428571428
AKGÜN BİLGİSAYAR PROGRAM VE HİZ.SAN.TİC.LTD.ŞİRKETİ,FONET BİLGİ TEKNOLOJİLERİ ANONİM ŞİRKETİ,4.75
AKGÜN BİLGİSAYAR PROGRAM VE HİZ.SAN.TİC.LTD.ŞİRKETİ,KARDELEN BİLGİSAYAR İNŞAAT REKLAM ORMAN ÜRÜNLERİ TEKSTİL İTHALAT VE İHRACAT SANAYİ VE TİCARET LİMİTED ŞİRKETİ,2.625
AKGÜN BİLGİSAYAR PROGRAM VE HİZ.SAN.TİC.LTD.ŞİRKETİ,PANATES BİLİŞİM VE TEKNOLOJİ SAN.TİC.LTD.ŞTİ.,1.5
AKGÜN BİLGİSAYAR PROGRAM VE HİZ.SAN.TİC.LTD.ŞİRKETİ,PROBEL BİLGİSAYAR YAZILIM DONANIM SANAYİ VE TİCARET ANONİM ŞİRKETİ,2.0
AKGÜN BİLGİSAYAR PROGRAM VE HİZ.SAN.TİC.LTD.ŞİRKETİ,QUEEN BİLGİSAYAR SİSTEMLERİ SANAYİ TİC.LTD.ŞTİ.,0.5
AKGÜN BİLGİSAYAR PROGRAM VE HİZ.SAN.TİC.LTD.ŞİRKETİ,SİSOFT SAĞLIK BİLGİ SİSTEMLERİ LİMİTED ŞİRKETİ,4.458333333333333
AKGÜN BİLGİSAYAR PROGRAM VE HİZ.SAN.TİC.LTD.ŞİRKETİ,TEKNORİTMA YAZILIM HİZMETLERİ ANONİM ŞİRKETİ,1.8333333333333333
AKGÜN BİLGİSAYAR PROGRAM VE HİZ.SAN.TİC.LTD.ŞİRKETİ,VENTURA YAZILIM ANONİM ŞİRKETİ,3.7797619047619047
AKGÜN BİLGİSAYAR PROGRAM VE HİZ.SAN.TİC.LTD.ŞİRKETİ,YÖNSİS BİLGİSAYAR SİSTEMLERİ SANAYİVE TİCARET A.Ş.,1.0
AKGÜN BİLGİSAYAR PROGRAM VE HİZ.SAN.TİC.LTD.ŞİRKETİ,İFOKS BİLİŞİM SAVUNMA TEKNOLOJİLERİ SANAYİ VE TİCARET ANONİM ŞİRKETİ,1.0
4 YÜZ PRODÜKSİYON SANAYİ VE DIŞ TİC.LTD.ŞTİ.,ÇEKİNO BİLGİ TEKNOLOJİLERİ ANONİM ŞİRKETİ,1.0
4D SİSTEM TİCARET LTD.ŞTİ.,DATASEC BİLİŞİM ÇÖZÜ MLERİ YAZ.İNŞ.SA N.TİC.LTD.ŞTİ.,0.14285714285714285
DATASEC BİLİŞİM ÇÖZÜ MLERİ YAZ.İNŞ.SA N.TİC.LTD.ŞTİ.,ALTAR ELEKTRONİK TEK NOLOJİ SAN.VE Tİ C.LTD.ŞTİ.,0.14285714285714285
DATASEC BİLİŞİM ÇÖZÜ MLERİ YAZ.İNŞ.SA N.TİC.LTD.ŞTİ.,AVKOM TEKNOLOJİ BİLG İSAYAR VE ELEKT.SİST SAN.VE TİC.A.Ş.,0.14285714285714285
DATASEC BİLİŞİM ÇÖZÜ MLERİ YAZ.İNŞ.SA N.TİC.LTD.ŞTİ.,BİLGİKENT BİLİŞİM TEKNOLOJİLERİ TİCARET LİMİTED ŞİRKETİ,0.14285714285714285
DATASEC BİLİŞİM ÇÖZÜ MLERİ YAZ.İNŞ.SA N.TİC.LTD.ŞTİ.,BİZNET BİLİŞİM SİSTEMLERİ VE DANIŞMANLIK SAN.TİC.A.Ş,0.14285714285714285
DATASEC BİLİŞİM ÇÖZÜ MLERİ YAZ.İNŞ.SA N.TİC.LTD.ŞTİ.,COMPRO BİLİŞİM TEKNOLOJİLERİ ANONİM ŞİRKETİ,0.14285714285714285
DATASEC BİLİŞİM ÇÖZÜ MLERİ YAZ.İNŞ.SA N.TİC.LTD.ŞTİ.,PSEUDONYM_120,0.14285714285714285
5M BİLİŞİM YAZILIM ELEKTRONİK REKLAM SİNEMA GIDA EĞİTİM YÖNETİM DANIŞMANLIĞI SANAYİ VE TİCARET LİMİTED ŞİRKETİ,BVF BİLGİ TEKNOLOJİLERİ YAPI VE DANIŞMANLIK LİMİTED ŞİRKETİ,0.6666666666666666
BVF BİLGİ TEKNOLOJİLERİ YAPI VE DANIŞMANLIK LİMİTED ŞİRKETİ,ALTO TEKNOLOJİ BİLİŞİM ÇÖZÜMLERİ SANAYİ VE DIŞ TİCARET LİMİTED ŞİRKETİ,0.5297619047619048
BVF BİLGİ TEKNOLOJİLERİ YAPI VE DANIŞMANLIK LİMİTED ŞİRKETİ,C.B.K.SOFT YAZILIM DONANIM ELEKTRONİK VE BİLGİSAYAR SİSTEMLERİ SANAYİ TİCARET ANONİM ŞİRKETİ,0.48376623376623373
BVF BİLGİ TEKNOLOJİLERİ YAPI VE DANIŞMANLIK LİMİTED ŞİRKETİ,DBI BİLGİ VE İLETİŞİM TEKNOLOJİLERİ ANONİM ŞİRKETİ,0.4666666666666667
BVF BİLGİ TEKNOLOJİLERİ YAPI VE DANIŞMANLIK LİMİTED ŞİRKETİ,TEKNOSER BİLGİSAYARTEKNİK HİZM.SAN.VE DIŞ TİC.A.Ş.,0.9623376623376624
BVF BİLGİ TEKNOLOJİLERİ YAPI VE DANIŞMANLIK LİMİTED ŞİRKETİ,VK BİLGİ TEKNOLOJİLERİ ANONİM ŞİRKETİ,1.0
A VE G ARAŞTIRMA LTDŞTİ.,YE-PA YENİMAHALLE GIYAY.TEM.ÇE.DÜZ.İNŞ.TUR.SAN.TİC.LTD.ŞTİ.,1.0
ABH AVRUPA BİLİŞİM HİZMETLERİ SANAYİ TİCARET LİMİTED ŞİRKETİ.,BİLİŞİM KÜPÜ BİLGİSAYAR SANAYİ VE TİCARET LİMİTED ŞİRKETİ,1.0
ABİSENA BİLGİ TEKNOLOJİLERİ ANONİM ŞİRKETİ,PANATES BİLİŞİM VE TEKNOLOJİ SAN.TİC.LTD.ŞTİ.,5.833333333333334
PANATES BİLİŞİM VE TEKNOLOJİ SAN.TİC.LTD.ŞTİ.,ARNİL-NET BİLGİSAYAR İLETİŞİM HİZMETLERİ YAZILIM TURİZM SANAYİ VE TİCARET LİMİTED ŞİRKETİ,1.0666666666666667
PANATES BİLİŞİM VE TEKNOLOJİ SAN.TİC.LTD.ŞTİ.,CEIBA TELE ICU SAĞLIK HİZMETLERİ VE TİCARET ANONİM ŞİRKETİ,1.8928571428571428
PANATES BİLİŞİM VE TEKNOLOJİ SAN.TİC.LTD.ŞTİ.,ENTEGRE ENFORMASYON SİSTEMLERİ EĞİTİM DANIŞMANLIK TİCARET ANONİM ŞİRKETİ,1.0
PANATES BİLİŞİM VE TEKNOLOJİ SAN.TİC.LTD.ŞTİ.,ENTEGRES BİLİŞİM TEKNOLOJİLERİ LİMİTED ŞİRKETİ,1.0666666666666667
PANATES BİLİŞİM VE TEKNOLOJİ SAN.TİC.LTD.ŞTİ.,TEKEKİP BİLGİ TEKNOLOJİLERİ REKLAM DANIŞMANLIK VE ORGANİZASYON HİZMETLERİ SANAYİ VE TİCARET LİMİTED ŞİRKETİ,1.5
PANATES BİLİŞİM VE TEKNOLOJİ SAN.TİC.LTD.ŞTİ.,TRNETWORK BİLİŞİM DANIŞMANLIK VE DESTEK HİZMETLERİ SANAYİ VE TİCARET LİMİTED ŞİRKETİ,1.0
ACON BİLGİ TEKNOLOJİLERİ İNŞAAT SANAYİ VE TİCARET ANONİM ŞİRKETİ,METOD ARAŞTIRMA DAN. VE MÜH.İNŞAAT SA N.TİC.LTD.ŞTİ.,0.3333333333333333
METOD ARAŞTIRMA DAN. VE MÜH.İNŞAAT SA N.TİC.LTD.ŞTİ.,APHEL BİLİŞİM HİZMETLERİ DANIŞMANLIK TİCARET LİMİTED ŞİRKETİ,0.367816091954023
METOD ARAŞTIRMA DAN. VE MÜH.İNŞAAT SA N.TİC.LTD.ŞTİ.,ÖZBAŞLAR DAYANIKLI TÜK.MAL.SAN.VE TİC.LTD.ŞTİ.,0.3333333333333333
ADA MÜHENDİSLİK VE Y AZILIM HİZ.TİC.L TD.ŞTİ.,JEO İNTERNET TEKNOLO JİLERİ BİL MÜH EN Tİ LTD ŞTİ,1.0
ADALYA İLETİŞİM TEKNOLOJİ GÜVENLİK SİSTEMLERİ VE BİLGİSAYAR TİCARET LİMİTED ŞİRKETİ,FONET BİLGİ TEKNOLOJİLERİ ANONİM ŞİRKETİ,1.0
ADALYA İLETİŞİM TEKNOLOJİ GÜVENLİK SİSTEMLERİ VE BİLGİSAYAR TİCARET LİMİTED ŞİRKETİ,PSEUDONYM_074,1.0
FONET BİLGİ TEKNOLOJİLERİ ANONİM ŞİRKETİ,ALPDATA BİLGİSAYAR YAZILIM DONA.SİS.VE MED.PAZ.VE TİC.LTD.ŞT,3.5
FONET BİLGİ TEKNOLOJİLERİ ANONİM ŞİRKETİ,ALTO TEKNOLOJİ BİLİŞİM ÇÖZÜMLERİ SANAYİ VE DIŞ TİCARET LİMİTED ŞİRKETİ,1.6666666666666665
FONET BİLGİ TEKNOLOJİLERİ ANONİM ŞİRKETİ,DATAKEY BİLİŞİM VE DANIŞMANLIK HİZMETLERİ LİMİTED ŞİRKETİ,1.0
FONET BİLGİ TEKNOLOJİLERİ ANONİM ŞİRKETİ,DONAN TEKNOLOJİ ÇÖZÜMLERİ PROJE ARGE VE DANIŞMANLIK TİCARET LİMİTED ŞİRKETİ,1.0
FONET BİLGİ TEKNOLOJİLERİ ANONİM ŞİRKETİ,ENTEGRE ENFORMASYON SİSTEMLERİ EĞİTİM DANIŞMANLIK TİCARET ANONİM ŞİRKETİ,1.6428571428571428
FONET BİLGİ TEKNOLOJİLERİ ANONİM ŞİRKETİ,ENTEGRES BİLİŞİM TEKNOLOJİLERİ LİMİTED ŞİRKETİ,2.1777777777777776
FONET BİLGİ TEKNOLOJİLERİ ANONİM ŞİRKETİ,FASTSOFT BİLİŞİM TEKNOLOJİ ANONİM ŞİRKETİ,1.3333333333333333
FONET BİLGİ TEKNOLOJİLERİ ANONİM ŞİRKETİ,FORTE BİLGİ İLETİŞİM TEKNOLOJİLERİ VE SAVUNMA SANAYİ ANONİM ŞİRKETİ,1.0
FONET BİLGİ TEKNOLOJİLERİ ANONİM ŞİRKETİ,INCOTECH ÇÖZÜM SİSTEMLERİ DIŞ TİCARET LİMİTED ŞİRKETİ,0.3333333333333333
FONET BİLGİ TEKNOLOJİLERİ ANONİM ŞİRKETİ,METASOFT BİLGİSAYAR BİLGİ İŞLEM HİZMETLERİ SANAYİ VE TİCARET LİMİTED ŞİRKETİ,2.6666666666666665
FONET BİLGİ TEKNOLOJİLERİ ANONİM ŞİRKETİ,MONAD YAZILIM BİLGİSAYAR EĞİ.DAN.SAN.VE TİC.LTD.ŞTİ.,1.3333333333333333
FONET BİLGİ TEKNOLOJİLERİ ANONİM ŞİRKETİ,MİA TEKNOLOJİ YAZILI M TASAR.MÜH.İTH. İHR.PAZ.LTD.ŞTİ.,0.5
FONET BİLGİ TEKNOLOJİLERİ ANONİM ŞİRKETİ,SİSOFT SAĞLIK BİLGİ SİSTEMLERİ LİMİTED ŞİRKETİ,5.999999999999999
FONET BİLGİ TEKNOLOJİLERİ ANONİM ŞİRKETİ,VENTURA YAZILIM ANONİM ŞİRKETİ,1.4833333333333332
FONET BİLGİ TEKNOLOJİLERİ ANONİM ŞİRKETİ,İNFOTÜRK BİLGİSAYAR.ELEKTRONİK HİZMETLERİ SAN.VE TİC.LTD.ŞTİ,1.0
ADEO BİLİŞİM DANIŞMANLIK HİZMETLERİ SANAYİ VE TİCARET ANONİM ŞİRKETİ,B2M SİSTEM MÜHENDİSLİĞİ İNŞAAT VE TİCARET LTD.ŞTİ.,1.0
ADEO BİLİŞİM DANIŞMANLIK HİZMETLERİ SANAYİ VE TİCARET ANONİM ŞİRKETİ,İNFRASİS BİLGİ TEKNOLOJİLERİ TİCARET LİMİTED ŞİRKETİ,1.0
İNFRASİS BİLGİ TEKNOLOJİLERİ TİCARET LİMİTED ŞİRKETİ,COMPRO BİLİŞİM TEKNOLOJİLERİ ANONİM ŞİRKETİ,0.5
İNFRASİS BİLGİ TEKNOLOJİLERİ TİCARET LİMİTED ŞİRKETİ,DOCUART BİLGİSAYAR V E İLET.ELK.SER.İ .T.G.P.S.VE T.LT,0.1111111111111111
İNFRASİS BİLGİ TEKNOLOJİLERİ TİCARET LİMİTED ŞİRKETİ,INNOVERA BİLİŞİM TEKNOLOJİLERİ ANONİM ŞİRKETİ,0.5363354037267081
İNFRASİS BİLGİ TEKNOLOJİLERİ TİCARET LİMİTED ŞİRKETİ,PROMET BİLGİ SİSTEMLERİ VE DAN.SAN.TİC.LTD.ŞTİ.,0.54
AGERSOFT BİLİŞİM TEKNOLOJİLERİ DIŞ TİCARET SANAYİ LİMİTED ŞİRKETİ,BARLA BİLGİSAYAR MÜHENDİSLİK MÜŞAVİRLİK GIDA İNŞAAT MEDİKAL SANAYİ VE TİCARET LİMİTED ŞİRKETİ,1.0
AGMLAB ARAŞTIRMA GELİŞTİRME MERKEZ LARATUVARI BİLİŞİM TEKNOLOJİLERİ ANONİM ŞİRKETİ,PROMET BİLGİ SİSTEMLERİ VE DAN.SAN.TİC.LTD.ŞTİ.,0.5
AGMLAB ARAŞTIRMA GELİŞTİRME MERKEZ LARATUVARI BİLİŞİM TEKNOLOJİLERİ ANONİM ŞİRKETİ,PROYA PROFESYONEL YA ZILIM ÇÖZÜM VE D ANI.TİC.LTD.ŞTİ.,0.5
PROMET BİLGİ SİSTEMLERİ VE DAN.SAN.TİC.LTD.ŞTİ.,ALTUS BİLİŞİM HİZMETLERİ ANONİM ŞİRKETİ,0.3333333333333333
PROMET BİLGİ SİSTEMLERİ VE DAN.SAN.TİC.LTD.ŞTİ.,ARTI VE ARTI TEKNOLOJİ HİZM.SAN.TİC.AŞ,0.21130818106624558
PROMET BİLGİ SİSTEMLERİ VE DAN.SAN.TİC.LTD.ŞTİ.,BARİKATSİSTEM BİLİŞİM TEKNOLOJİLERİ TİCARET ANONİM ŞİRKETİ,0.17039620265426716
PROMET BİLGİ SİSTEMLERİ VE DAN.SAN.TİC.LTD.ŞTİ.,BAŞARSOFT BİLGİ TEKNOLOJİLERİ ANONİM ŞİRKETİ,0.266790450928382
PROMET BİLGİ SİSTEMLERİ VE DAN.SAN.TİC.LTD.ŞTİ.,BİLGE ADAM BİLGİSAYAR VE EĞİTİM HİZMSAN TİC AŞ,0.32777777777777783
PROMET BİLGİ SİSTEMLERİ VE DAN.SAN.TİC.LTD.ŞTİ.,BİLGİBİM BİLGİSAYAR TEKNOLOJİLERİ İLETİŞİM ELEKTRONİK SANAYİ VE TİCARET LİMİTED ŞİRKETİ,0.4206349206349206
PROMET BİLGİ SİSTEMLERİ VE DAN.SAN.TİC.LTD.ŞTİ.,BİSOFT BİLGİ TEKNOLOJİLERİ ANONİM ŞİRKETİ,0.3667408231368187
PROMET BİLGİ SİSTEMLERİ VE DAN.SAN.TİC.LTD.ŞTİ.,COMPRO BİLİŞİM TEKNOLOJİLERİ ANONİM ŞİRKETİ,0.5
PROMET BİLGİ SİSTEMLERİ VE DAN.SAN.TİC.LTD.ŞTİ.,DESTEK BİLGİSAYAR VE İLETİŞİM HİZ.TİC.A.Ş.,0.7100737664697621
PROMET BİLGİ SİSTEMLERİ VE DAN.SAN.TİC.LTD.ŞTİ.,FORTE BİLGİ İLETİŞİM TEKNOLOJİLERİ VE SAVUNMA SANAYİ ANONİM ŞİRKETİ,1.5114988876529478
PROMET BİLGİ SİSTEMLERİ VE DAN.SAN.TİC.LTD.ŞTİ.,FUJİTSU TECHNOLOGY SOLUTIONS BİLİŞİM LİMİTED ŞİRKETİ,0.36321044546851
PROMET BİLGİ SİSTEMLERİ VE DAN.SAN.TİC.LTD.ŞTİ.,MİMAR BİLGİ İLETİŞİMVE SAVUNMA TEKNOLOJİLERİ SAVE Tİ LTD ŞTİ,0.36036036036036034
PROMET BİLGİ SİSTEMLERİ VE DAN.SAN.TİC.LTD.ŞTİ.,NATEK BİLİŞİM BİLGİSAYAR EĞİT.DAN.YAZ.TİC.SAN.LTD.ŞTİ.,0.3548048048048048
PROMET BİLGİ SİSTEMLERİ VE DAN.SAN.TİC.LTD.ŞTİ.,PROFELİS BİLİŞİM VE DANIŞMANLIK TİCARET VE SANAYİ LİMİTED ŞİRKETİ,0.293968253968254
PROMET BİLGİ SİSTEMLERİ VE DAN.SAN.TİC.LTD.ŞTİ.,PROYA PROFESYONEL YA ZILIM ÇÖZÜM VE D ANI.TİC.LTD.ŞTİ.,0.527027027027027
PROMET BİLGİ SİSTEMLERİ VE DAN.SAN.TİC.LTD.ŞTİ.,SOLUS BİLİŞİM TEKNOLOJİ TİCARET ANONİM ŞİRKETİ,0.20289298515104967
PROMET BİLGİ SİSTEMLERİ VE DAN.SAN.TİC.LTD.ŞTİ.,TEKNOSER BİLGİSAYARTEKNİK HİZM.SAN.VE DIŞ TİC.A.Ş.,0.47472023111622663
PROMET BİLGİ SİSTEMLERİ VE DAN.SAN.TİC.LTD.ŞTİ.,ULUSAL CAD VE GIS ÇÖZÜMLERİ MÜH.BİLG.EĞT.TİC.A.Ş.,0.358974358974359
AIMS ANALİTİK BİLGİ YÖNETİMİ ÇÖZÜMLERİ YAZILIM EĞİTİM DANIŞMANLIK TİCARET LİMİTED ŞİRKETİ.,ENTEGRES BİLİŞİM TEKNOLOJİLERİ LİMİTED ŞİRKETİ,1.0
AIMS ANALİTİK BİLGİ YÖNETİMİ ÇÖZÜMLERİ YAZILIM EĞİTİM DANIŞMANLIK TİCARET LİMİTED ŞİRKETİ.,TAŞPINAR YAZILIM VE BİLGİ TEKNOLOJİLERİ GIDA İNŞAAT SANAYİ PAZARLAMA TURİZM TİCARET LİMİTED ŞİRKETİ.,1.0
ENTEGRES BİLİŞİM TEKNOLOJİLERİ LİMİTED ŞİRKETİ,ARK BİLİŞİM MEDİKAL SANAYİ VE TİCARET LİMİTED ŞİRKETİ,1.0666666666666667
ENTEGRES BİLİŞİM TEKNOLOJİLERİ LİMİTED ŞİRKETİ,BİRİM BİLGİ TEKNOLOJ İLERİ TİCARET A. Ş.,1.0
ENTEGRES BİLİŞİM TEKNOLOJİLERİ LİMİTED ŞİRKETİ,ENTEGRE ENFORMASYON SİSTEMLERİ EĞİTİM DANIŞMANLIK TİCARET ANONİM ŞİRKETİ,1.0
ENTEGRES BİLİŞİM TEKNOLOJİLERİ LİMİTED ŞİRKETİ,"ENTEGRES BİLİŞİM TEKNOLOJİLERİ LİMİTED ŞİRKETİ, NETRA TELEKOMÜNİKASY ON VE İLETİŞİM HİZ.S AN.TİC.LTD.ŞTİ.",0.5666666666666667
ENTEGRES BİLİŞİM TEKNOLOJİLERİ LİMİTED ŞİRKETİ,ESİM BİLG.MAKİNLR.VE PRĞ.İTH-İHR.TİC. VE SAN.LTD.ŞTİ.,1.0
ENTEGRES BİLİŞİM TEKNOLOJİLERİ LİMİTED ŞİRKETİ,KARDELEN BİLGİSAYAR İNŞAAT REKLAM ORMAN ÜRÜNLERİ TEKSTİL İTHALAT VE İHRACAT SANAYİ VE TİCARET LİMİTED ŞİRKETİ,0.9166666666666666
ENTEGRES BİLİŞİM TEKNOLOJİLERİ LİMİTED ŞİRKETİ,MONAD YAZILIM BİLGİSAYAR EĞİ.DAN.SAN.VE TİC.LTD.ŞTİ.,1.1
ENTEGRES BİLİŞİM TEKNOLOJİLERİ LİMİTED ŞİRKETİ,SİSOFT SAĞLIK BİLGİ SİSTEMLERİ LİMİTED ŞİRKETİ,1.6833333333333333
AK TEKNİK VE ELEKTRONİK SAN.TİC.LTD.ŞTİ.,FORTE BİLGİ İLETİŞİM TEKNOLOJİLERİ VE SAVUNMA SANAYİ ANONİM ŞİRKETİ,1.0
FORTE BİLGİ İLETİŞİM TEKNOLOJİLERİ VE SAVUNMA SANAYİ ANONİM ŞİRKETİ,C.B.K.SOFT YAZILIM DONANIM ELEKTRONİK VE BİLGİSAYAR SİSTEMLERİ SANAYİ TİCARET ANONİM ŞİRKETİ,0.8619047619047618
FORTE BİLGİ İLETİŞİM TEKNOLOJİLERİ VE SAVUNMA SANAYİ ANONİM ŞİRKETİ,CAN EROĞLU BİLGİ SİSTEMLERİ İNŞAAT SANAYİ VE TİCARET LİMİTED ŞİRKETİ,0.5
FORTE BİLGİ İLETİŞİM TEKNOLOJİLERİ VE SAVUNMA SANAYİ ANONİM ŞİRKETİ,DATA MARKET BİLGİ HİZMETLERİ ANONİM ŞİRKETİ,1.3121421609294608
FORTE BİLGİ İLETİŞİM TEKNOLOJİLERİ VE SAVUNMA SANAYİ ANONİM ŞİRKETİ,DESTEK BİLGİSAYAR VE İLETİŞİM HİZ.TİC.A.Ş.,0.7768857506730505
FORTE BİLGİ İLETİŞİM TEKNOLOJİLERİ VE SAVUNMA SANAYİ ANONİM ŞİRKETİ,ESİSTEM BİLGİSAYAR SARF MALZEMELERİ İHRACAT İTHALAT VE TİCARET ANONİM ŞİRKETİ,1.0
FORTE BİLGİ İLETİŞİM TEKNOLOJİLERİ VE SAVUNMA SANAYİ ANONİM ŞİRKETİ,GENTEL TELEKOMÜNİKASYON ANONİM ŞİRKETİ,0.5
FORTE BİLGİ İLETİŞİM TEKNOLOJİLERİ VE SAVUNMA SANAYİ ANONİM ŞİRKETİ,INNOSA BİLİŞİM TEKNOLOJİLERİ YAPI SANAYİ VE TİCARET ANONİM ŞİRKETİ,0.7857142857142857
FORTE BİLGİ İLETİŞİM TEKNOLOJİLERİ VE SAVUNMA SANAYİ ANONİM ŞİRKETİ,MATRİS BİLİŞİM TEKNOLOJİLERİ TİCARET ANONİM ŞİRKETİ,0.25
FORTE BİLGİ İLETİŞİM TEKNOLOJİLERİ VE SAVUNMA SANAYİ ANONİM ŞİRKETİ,MONAD YAZILIM BİLGİSAYAR EĞİ.DAN.SAN.VE TİC.LTD.ŞTİ.,1.0
FORTE BİLGİ İLETİŞİM TEKNOLOJİLERİ VE SAVUNMA SANAYİ ANONİM ŞİRKETİ,NETCAD YAZILIM ANONİM ŞİRKETİ,0.4626373626373626
FORTE BİLGİ İLETİŞİM TEKNOLOJİLERİ VE SAVUNMA SANAYİ ANONİM ŞİRKETİ,NEX TEKNOLOJİ ANONİM ŞİRKETİ,0.8125
FORTE BİLGİ İLETİŞİM TEKNOLOJİLERİ VE SAVUNMA SANAYİ ANONİM ŞİRKETİ,PRODAY BİLİŞİM TEKNOLOJİLERİ TİCARET ANONİM ŞİRKETİ,0.5487943528235881
FORTE BİLGİ İLETİŞİM TEKNOLOJİLERİ VE SAVUNMA SANAYİ ANONİM ŞİRKETİ,PROLİZ BİLGİSAYAR YAZILIM VE DONANIM HİZMETLERİ SANAYİ VE TİCARET LİMİTED ŞİRKETİ,0.5583333333333333
FORTE BİLGİ İLETİŞİM TEKNOLOJİLERİ VE SAVUNMA SANAYİ ANONİM ŞİRKETİ,ROBİT TEKNOLOJİ LİMİTED ŞİRKETİ,0.3159952075244429
FORTE BİLGİ İLETİŞİM TEKNOLOJİLERİ VE SAVUNMA SANAYİ ANONİM ŞİRKETİ,TEKNOSER BİLGİSAYARTEKNİK HİZM.SAN.VE DIŞ TİC.A.Ş.,0.5334074898034853
FORTE BİLGİ İLETİŞİM TEKNOLOJİLERİ VE SAVUNMA SANAYİ ANONİM ŞİRKETİ,TRİO ENTEGRASYON BİLİŞİM TEKNOLOJİLERİ TİCARET ANONİM ŞİRKETİ.,0.5166666666666666
FORTE BİLGİ İLETİŞİM TEKNOLOJİLERİ VE SAVUNMA SANAYİ ANONİM ŞİRKETİ,TURMAP BİLİŞİM TEKNO LOJİLERİ TİCARET LTD.ŞTİ.,0.5
FORTE BİLGİ İLETİŞİM TEKNOLOJİLERİ VE SAVUNMA SANAYİ ANONİM ŞİRKETİ,VERİFY VERİ İLETİŞİM İ.VE ENFORMASYON TEK.LTD.ŞTİ.,0.4591811414392059
FORTE BİLGİ İLETİŞİM TEKNOLOJİLERİ VE SAVUNMA SANAYİ ANONİM ŞİRKETİ,ÖZGÜR ENTEGRASYON BİLİŞİM OTOMOTİV İTHALAT İHRACAT SANAYİ VE TİCARET LİMİTED ŞİRKETİ,0.425
FORTE BİLGİ İLETİŞİM TEKNOLOJİLERİ VE SAVUNMA SANAYİ ANONİM ŞİRKETİ,İNNOVA BİLİŞİM ÇÖZÜMLERİ A.Ş.,0.25562971202570756
FORTE BİLGİ İLETİŞİM TEKNOLOJİLERİ VE SAVUNMA SANAYİ ANONİM ŞİRKETİ,İNOKAS BİLGİ SİSTEMLERİ VE DANIŞMANLIK HİZMETLERİ TİCARET LİMİTED ŞİRKETİ,0.6291666666666667
FORTE BİLGİ İLETİŞİM TEKNOLOJİLERİ VE SAVUNMA SANAYİ ANONİM ŞİRKETİ,İSNET İSTANBUL NET TELEKOMÜNİKASYON ELEKTRONİK SERVİS HİZMETLERİ TİCARET VE SANAYİ ANONİM ŞİRKETİ,0.2934782608695652
AKELSAN ELEKRONİK SİSTEMLER SANAYİ VE TİCARET ANONİM ŞİRKETİ,UNİVERSAL YAZILIM ANONİM ŞİRKETİ,1.0
UNİVERSAL YAZILIM ANONİM ŞİRKETİ,APHEL BİLİŞİM HİZMETLERİ DANIŞMANLIK TİCARET LİMİTED ŞİRKETİ,1.101521164021164
UNİVERSAL YAZILIM ANONİM ŞİRKETİ,BAYLAN OTOMASYON SİSTEMLERİ BİLİŞİM MOBİL SANAYİ TİCARET LİMİTED ŞİRKETİ,0.5
UNİVERSAL YAZILIM ANONİM ŞİRKETİ,BERA ARGE YAZILIM VE DANIŞMANLIK HİZMETLERİ SANAYİ VE TİCARET LİMİTED ŞİRKETİ,0.5
UNİVERSAL YAZILIM ANONİM ŞİRKETİ,BETA BİLGİ TEKNOLOJİLERİ İNŞAAT SANAYİ VE TİCARET LİMİTED ŞİRKETİ,0.3958333333333333
UNİVERSAL YAZILIM ANONİM ŞİRKETİ,BEYAZ BİLGİSAYAR DANIŞMANLIK HİZ.LTD.ŞTİ,0.23346560846560846
UNİVERSAL YAZILIM ANONİM ŞİRKETİ,DELTOİD ELEKTRONİK SİSTEMLERİ TEKNOLOJİ VE İNŞAAT SANAYİ TİCARET LİMİTED ŞİRKETİ,0.5
UNİVERSAL YAZILIM ANONİM ŞİRKETİ,ELFANET BİLİŞİM ANONİM ŞİRKETİ,0.5
UNİVERSAL YAZILIM ANONİM ŞİRKETİ,NETCAD YAZILIM ANONİM ŞİRKETİ,1.360363247863248
UNİVERSAL YAZILIM ANONİM ŞİRKETİ,SAMPAŞ BİLİŞİM VE İLETİŞİM SİSTEMLERİ SANAYİ VE TİCARET A.Ş.,0.6111111111111112
UNİVERSAL YAZILIM ANONİM ŞİRKETİ,SERVO ARŞİV BİLİŞİM YÖNETİM HİZMETLERİ LİMİTED ŞİRKETİ,0.5138888888888888
UNİVERSAL YAZILIM ANONİM ŞİRKETİ,TEKNOWITH BİLİŞİM VE TİCARET LİMİTED ŞİRKETİ,0.5
UNİVERSAL YAZILIM ANONİM ŞİRKETİ,ULUSAL CAD VE GIS ÇÖZÜMLERİ MÜH.BİLG.EĞT.TİC.A.Ş.,1.0881410256410255
UNİVERSAL YAZILIM ANONİM ŞİRKETİ,ÜNİVERSAL BİLGİ TEKNOLOJİLERİ LTD.ŞTİ.,1.3458333333333332
UNİVERSAL YAZILIM ANONİM ŞİRKETİ,İNTERSİS YAZILIM VE BİLİŞİM TEKNOLOJİLERİ SANAYİ VE TİCARET ANONİM ŞİRKETİ,0.5
UNİVERSAL YAZILIM ANONİM ŞİRKETİ,İNTRON BİLİŞİM YAZILIM TANITIM VE TASARIM HİZMETLERİ SANAYİ TİCARET LİMİTED ŞİRKETİ,1.0714285714285714
UNİVERSAL YAZILIM ANONİM ŞİRKETİ,İSBAK İSTANBUL BİLİŞİM VE AKILLI KENT TEKNOLOJİLERİ A.Ş.,0.5703703703703704
UNİVERSAL YAZILIM ANONİM ŞİRKETİ,ŞAH BİLG.BÜRO MAK.MEEĞİT.GEREÇ.SAN.TİC.LTD.ŞTİ.,0.5
AKFA BİLİŞİM VE YAZILIM SİSTEMLERİ SANAYİ VE TİCARET A.Ş.,GBA BİLİŞİM YAZILIM DANIŞMANLIK LİMİTED ŞİRKETİ,0.3333333333333333
GBA BİLİŞİM YAZILIM DANIŞMANLIK LİMİTED ŞİRKETİ,BİLFO BİLGİSAYAR VE BİLİŞİM SİS.LTD. ŞTİ.,0.5
GBA BİLİŞİM YAZILIM DANIŞMANLIK LİMİTED ŞİRKETİ,SİSOFT SAĞLIK BİLGİ SİSTEMLERİ LİMİTED ŞİRKETİ,0.5
GBA BİLİŞİM YAZILIM DANIŞMANLIK LİMİTED ŞİRKETİ,TEKNOTEK TEKNOLOJİ SANAYİ TİCARET LİMİTED ŞİRKETİ,0.3333333333333333
GBA BİLİŞİM YAZILIM DANIŞMANLIK LİMİTED ŞİRKETİ,İNTER-SAN BİLGİSAYAR YAZILIM DONANIM ELEKTRONİK MÜHENDİSLİK İNŞAAT TAAHHÜT SANAYİ TURİZM İÇ VE DIŞ TİCARET LİMİTED ŞİRKETİ,0.3333333333333333
ARNİL-NET BİLGİSAYAR İLETİŞİM HİZMETLERİ YAZILIM TURİZM SANAYİ VE TİCARET LİMİTED ŞİRKETİ,BİLBEST BİLİŞİM SAĞ.EĞİT.DIŞ TİC.VESAN.LTD.ŞTİ.,1.0
ARNİL-NET BİLGİSAYAR İLETİŞİM HİZMETLERİ YAZILIM TURİZM SANAYİ VE TİCARET LİMİTED ŞİRKETİ,SOLVENT YAZILIM VE BİLGİSAYAR HİZMETLERİ DANIŞMANLIK İÇ VE DIŞ TİCARET SANAYİ LİMİTED ŞİRKETİ,1.0
BMB SOFT BİLGİSAYAR YAZILIM İLETİŞİM SİS.SAN.VE TİC.L,ALTİVA YAZILIM VE BİLGİ SİSTEMLERİ ELEKTRONİK TIBBİ MALZEME TURİZM İNŞAAT MAKİNA BANAYİ TİCARET LİMİTED ŞIRKETİ,1.0
BMB SOFT BİLGİSAYAR YAZILIM İLETİŞİM SİS.SAN.VE TİC.L,KRİZMA BİLGİSAYAR YAZILIM SİSTEMLERİ SAN.LTD.ŞTİ.,1.0714285714285714
DONAN TEKNOLOJİ ÇÖZÜMLERİ PROJE ARGE VE DANIŞMANLIK TİCARET LİMİTED ŞİRKETİ,ERATIP SAĞLIK ÜRÜNLERİ SAN.VE DIŞ TİC.LTD.ŞTİ.,1.0
KARDELEN BİLGİSAYAR İNŞAAT REKLAM ORMAN ÜRÜNLERİ TEKSTİL İTHALAT VE İHRACAT SANAYİ VE TİCARET LİMİTED ŞİRKETİ,ALKAYA ELEKTRONİK SANAYİ VE TİC.LTD.ŞTİ.,0.5
KARDELEN BİLGİSAYAR İNŞAAT REKLAM ORMAN ÜRÜNLERİ TEKSTİL İTHALAT VE İHRACAT SANAYİ VE TİCARET LİMİTED ŞİRKETİ,BİLMED BİLGİSAYAR VE YAZILIM ANONİM ŞİRKETİ,1.5
KARDELEN BİLGİSAYAR İNŞAAT REKLAM ORMAN ÜRÜNLERİ TEKSTİL İTHALAT VE İHRACAT SANAYİ VE TİCARET LİMİTED ŞİRKETİ,EG YAZILIM DONANIM DANIŞMANLIK HİZMETLERİ LTD.ŞTİ.,0.3333333333333333
KARDELEN BİLGİSAYAR İNŞAAT REKLAM ORMAN ÜRÜNLERİ TEKSTİL İTHALAT VE İHRACAT SANAYİ VE TİCARET LİMİTED ŞİRKETİ,KARDELEN GLOBAL BİLGİ TEKNOLOJİLERİ ANONİM ŞİRKETİ,1.5
KARDELEN BİLGİSAYAR İNŞAAT REKLAM ORMAN ÜRÜNLERİ TEKSTİL İTHALAT VE İHRACAT SANAYİ VE TİCARET LİMİTED ŞİRKETİ,MEGA BİLGİSAYAR TİCARET LTD.ŞTİ.,1.0
KARDELEN BİLGİSAYAR İNŞAAT REKLAM ORMAN ÜRÜNLERİ TEKSTİL İTHALAT VE İHRACAT SANAYİ VE TİCARET LİMİTED ŞİRKETİ,METASOFT BİLGİSAYAR BİLGİ İŞLEM HİZMETLERİ SANAYİ VE TİCARET LİMİTED ŞİRKETİ,2.583333333333333
KARDELEN BİLGİSAYAR İNŞAAT REKLAM ORMAN ÜRÜNLERİ TEKSTİL İTHALAT VE İHRACAT SANAYİ VE TİCARET LİMİTED ŞİRKETİ,PSEUDONYM_379,0.5
KARDELEN BİLGİSAYAR İNŞAAT REKLAM ORMAN ÜRÜNLERİ TEKSTİL İTHALAT VE İHRACAT SANAYİ VE TİCARET LİMİTED ŞİRKETİ,PSEUDONYM_456,1.0
KARDELEN BİLGİSAYAR İNŞAAT REKLAM ORMAN ÜRÜNLERİ TEKSTİL İTHALAT VE İHRACAT SANAYİ VE TİCARET LİMİTED ŞİRKETİ,SİSOFT SAĞLIK BİLGİ SİSTEMLERİ LİMİTED ŞİRKETİ,1.5583333333333333
KARDELEN BİLGİSAYAR İNŞAAT REKLAM ORMAN ÜRÜNLERİ TEKSTİL İTHALAT VE İHRACAT SANAYİ VE TİCARET LİMİTED ŞİRKETİ,VENTURA YAZILIM ANONİM ŞİRKETİ,1.6916666666666667
PROBEL BİLGİSAYAR YAZILIM DONANIM SANAYİ VE TİCARET ANONİM ŞİRKETİ,ALTO TEKNOLOJİ BİLİŞİM ÇÖZÜMLERİ SANAYİ VE DIŞ TİCARET LİMİTED ŞİRKETİ,4.64448051948052
PROBEL BİLGİSAYAR YAZILIM DONANIM SANAYİ VE TİCARET ANONİM ŞİRKETİ,BİLGİTÜRK BİLG.TEKN.SAN.VE TİC.A.Ş.,0.4694805194805195
PROBEL BİLGİSAYAR YAZILIM DONANIM SANAYİ VE TİCARET ANONİM ŞİRKETİ,CEIBA TELE ICU SAĞLIK HİZMETLERİ VE TİCARET ANONİM ŞİRKETİ,1.0
PROBEL BİLGİSAYAR YAZILIM DONANIM SANAYİ VE TİCARET ANONİM ŞİRKETİ,ERGUVAN BİLİŞİM SAN. VE TİC.A.Ş.,2.142857142857143
PROBEL BİLGİSAYAR YAZILIM DONANIM SANAYİ VE TİCARET ANONİM ŞİRKETİ,FUJİMED TIBBİ ÜRÜNLER PAZARLAMA TİCARET ANONİM ŞİRKETİ,1.0
PROBEL BİLGİSAYAR YAZILIM DONANIM SANAYİ VE TİCARET ANONİM ŞİRKETİ,METASOFT BİLGİSAYAR BİLGİ İŞLEM HİZMETLERİ SANAYİ VE TİCARET LİMİTED ŞİRKETİ,1.3409090909090908
PROBEL BİLGİSAYAR YAZILIM DONANIM SANAYİ VE TİCARET ANONİM ŞİRKETİ,PRESTİJ BİLGİ SİSTEMLERİ ARGE YAZILIM İNŞAAT MOBİLYA SANAYİ VE TİCARET A.Ş.,1.5
PROBEL BİLGİSAYAR YAZILIM DONANIM SANAYİ VE TİCARET ANONİM ŞİRKETİ,SEPRASOFT BİLGİSAYARYAZILIM MED.İNŞ.TA TEM O İTİHVETİCLTDŞTİ,1.0
QUEEN BİLGİSAYAR SİSTEMLERİ SANAYİ TİC.LTD.ŞTİ.,APHEL BİLİŞİM HİZMETLERİ DANIŞMANLIK TİCARET LİMİTED ŞİRKETİ,0.5714285714285714
QUEEN BİLGİSAYAR SİSTEMLERİ SANAYİ TİC.LTD.ŞTİ.,BEYAZ BİLGİSAYAR DANIŞMANLIK HİZ.LTD.ŞTİ,0.21479774705581156
QUEEN BİLGİSAYAR SİSTEMLERİ SANAYİ TİC.LTD.ŞTİ.,DONAN BİLİŞİM ELEKTRONİK TEKSTİL SAĞLIK HİZMETLERİ İNŞAAT SANAYİ VE DIŞ TİCARET LİMİTED ŞİRKETİ,0.5
QUEEN BİLGİSAYAR SİSTEMLERİ SANAYİ TİC.LTD.ŞTİ.,GEMİNİ BÜRO SİS.VE DON.LTD.ŞTİ.,0.5
QUEEN BİLGİSAYAR SİSTEMLERİ SANAYİ TİC.LTD.ŞTİ.,MEDYASOFT DANIŞMANLIK VE EĞİTİM ANONİM ŞİRKETİ,0.5
QUEEN BİLGİSAYAR SİSTEMLERİ SANAYİ TİC.LTD.ŞTİ.,YORDAM BİLGİ TEKNOLOJİ DANIŞMANLIK EĞİTİM VE ELEKTRONİK SİSTEMLERİ SANAYİ TİCARET LİMİTED ŞİRKETİ,0.5
SİSOFT SAĞLIK BİLGİ SİSTEMLERİ LİMİTED ŞİRKETİ,BSD BİLGİSAYAR SAN.V E TİC.LTD.ŞTİ.,1.0
SİSOFT SAĞLIK BİLGİ SİSTEMLERİ LİMİTED ŞİRKETİ,BİLFO BİLGİSAYAR VE BİLİŞİM SİS.LTD. ŞTİ.,1.3333333333333333
SİSOFT SAĞLIK BİLGİ SİSTEMLERİ LİMİTED ŞİRKETİ,METASOFT BİLGİSAYAR BİLGİ İŞLEM HİZMETLERİ SANAYİ VE TİCARET LİMİTED ŞİRKETİ,3.916666666666667
SİSOFT SAĞLIK BİLGİ SİSTEMLERİ LİMİTED ŞİRKETİ,NETCOM BİLGİSAYAR YAZ.İNT.VE TELEKO.HİZ.SAN.TİC.A.Ş.,1.0
SİSOFT SAĞLIK BİLGİ SİSTEMLERİ LİMİTED ŞİRKETİ,PSEUDONYM_164,1.1833333333333331
SİSOFT SAĞLIK BİLGİ SİSTEMLERİ LİMİTED ŞİRKETİ,PSEUDONYM_379,0.5
SİSOFT SAĞLIK BİLGİ SİSTEMLERİ LİMİTED ŞİRKETİ,SERVUS BİLİŞİM TEKNO LOJİLERİ A.Ş.,0.16666666666666666
SİSOFT SAĞLIK BİLGİ SİSTEMLERİ LİMİTED ŞİRKETİ,TRTEK TEKNOLOJİK ÜRÜNLER BİLGİSAYAR YAZILIM DONANIM SAN.VE TİC.LTD.ŞTİ.,1.5833333333333333
TEKNORİTMA YAZILIM HİZMETLERİ ANONİM ŞİRKETİ,BİLFO BİLGİSAYAR VE BİLİŞİM SİS.LTD. ŞTİ.,1.0666666666666667
TEKNORİTMA YAZILIM HİZMETLERİ ANONİM ŞİRKETİ,ENTEGRE ENFORMASYON SİSTEMLERİ EĞİTİM DANIŞMANLIK TİCARET ANONİM ŞİRKETİ,1.4761904761904763
TEKNORİTMA YAZILIM HİZMETLERİ ANONİM ŞİRKETİ,INCOTECH ÇÖZÜM SİSTEMLERİ DIŞ TİCARET LİMİTED ŞİRKETİ,0.3333333333333333
TEKNORİTMA YAZILIM HİZMETLERİ ANONİM ŞİRKETİ,VADORA YAZILIM BİLİŞİM EĞİTİM DANIŞMANLIK TİCARET A.Ş.,2.4761904761904763
VENTURA YAZILIM ANONİM ŞİRKETİ,AY ELEKTRONİK BİLGİS AYAR VE MÜH.HİZ. TİC.LTD.ŞTİ.,1.3333333333333333
VENTURA YAZILIM ANONİM ŞİRKETİ,BİLFO BİLGİSAYAR VE BİLİŞİM SİS.LTD. ŞTİ.,1.138095238095238
VENTURA YAZILIM ANONİM ŞİRKETİ,BİLİŞİM İNOVASYON SA N.VE TİC.LTD.ŞTİ.,1.0
VENTURA YAZILIM ANONİM ŞİRKETİ,DOSBİL BİLGİSAYAR KİM.TEKS.DAY.TÜK.MAL.TMAL.GI. Tİ.VE SA.LT,1.125
VENTURA YAZILIM ANONİM ŞİRKETİ,EGESOFT BİLGİ TEKNOLOJİ SAN.TİC.LTD.ŞTİ.,3.583333333333333
VENTURA YAZILIM ANONİM ŞİRKETİ,INCOTECH ÇÖZÜM SİSTEMLERİ DIŞ TİCARET LİMİTED ŞİRKETİ,0.3333333333333333
VENTURA YAZILIM ANONİM ŞİRKETİ,KORTEKS BİLİŞİM HİZMETLERİ A.Ş.,1.4733333333333334
VENTURA YAZILIM ANONİM ŞİRKETİ,PSEUDONYM_307,1.0
VENTURA YAZILIM ANONİM ŞİRKETİ,TRTEK TEKNOLOJİK ÜRÜNLER BİLGİSAYAR YAZILIM DONANIM SAN.VE TİC.LTD.ŞTİ.,1.0566666666666666
YÖNSİS BİLGİSAYAR SİSTEMLERİ SANAYİVE TİCARET A.Ş.,ALKAYA ELEKTRONİK SANAYİ VE TİC.LTD.ŞTİ.,0.2
YÖNSİS BİLGİSAYAR SİSTEMLERİ SANAYİVE TİCARET A.Ş.,BİLGİBİM BİLGİSAYAR TEKNOLOJİLERİ İLETİŞİM ELEKTRONİK SANAYİ VE TİCARET LİMİTED ŞİRKETİ,1.0
YÖNSİS BİLGİSAYAR SİSTEMLERİ SANAYİVE TİCARET A.Ş.,DESTEK BİLGİSAYAR VE İLETİŞİM HİZ.TİC.A.Ş.,0.46785714285714286
YÖNSİS BİLGİSAYAR SİSTEMLERİ SANAYİVE TİCARET A.Ş.,PROLİZ BİLGİSAYAR YAZILIM VE DONANIM HİZMETLERİ SANAYİ VE TİCARET LİMİTED ŞİRKETİ,0.8428571428571429
"AKINCILAR TESİS YÖNE DAN.SOS.HİZM.İNŞ.TAŞ GID.SAN.VE TİC.LTD.Ş, AYS GRUP TEMİZLİK TURİZM SOSYAL HİZMETLER OTOPARK İŞLETMECİLİĞİ DANIŞMANLIK TAŞIMACILIK TİCARET LİMİTED ŞİRKETİ. İş Ortaklığı",TRTEK TEKNOLOJİK ÜRÜNLER BİLGİSAYAR YAZILIM DONANIM SAN.VE TİC.LTD.ŞTİ.,0.5
TRTEK TEKNOLOJİK ÜRÜNLER BİLGİSAYAR YAZILIM DONANIM SAN.VE TİC.LTD.ŞTİ.,EGESOFT BİLGİ TEKNOLOJİ SAN.TİC.LTD.ŞTİ.,1.25
TRTEK TEKNOLOJİK ÜRÜNLER BİLGİSAYAR YAZILIM DONANIM SAN.VE TİC.LTD.ŞTİ.,PEGAS GRUP TEMZ.BİLG PEYZAJ VE ÇEV.DÜZ.YE M.ÜR.HİZ.NAK.SAN.LTD,0.5
TRTEK TEKNOLOJİK ÜRÜNLER BİLGİSAYAR YAZILIM DONANIM SAN.VE TİC.LTD.ŞTİ.,PRESTİJ BİLGİ SİSTEMLERİ ARGE YAZILIM İNŞAAT MOBİLYA SANAYİ VE TİCARET A.Ş.,0.8333333333333333
TRTEK TEKNOLOJİK ÜRÜNLER BİLGİSAYAR YAZILIM DONANIM SAN.VE TİC.LTD.ŞTİ.,PSEUDONYM_170,0.27325581395348836
TRTEK TEKNOLOJİK ÜRÜNLER BİLGİSAYAR YAZILIM DONANIM SAN.VE TİC.LTD.ŞTİ.,RENİS DIŞ TİCARET LİMİTED ŞİRKETİ,0.27325581395348836
TRTEK TEKNOLOJİK ÜRÜNLER BİLGİSAYAR YAZILIM DONANIM SAN.VE TİC.LTD.ŞTİ.,SAVAŞ MEDİKAL LABORATUAR MALZEMELERİ SANAYİ TİCARET ANONİM ŞİRKETİ,0.5
TRTEK TEKNOLOJİK ÜRÜNLER BİLGİSAYAR YAZILIM DONANIM SAN.VE TİC.LTD.ŞTİ.,TIPPLUS YAZILIM VE BİLİŞİM TEKNOLOJİLERİ ANONİM ŞİRKETİ,0.5
AKPINAR BİLİŞİM HİZMETLERİ SAN VE TİC LTD ŞTİ,TEKNOMAK2000 ELEKTRONİK OFİS MALZ.SAN.VE TİC.LTD.ŞTİ,1.0
TEKNOMAK2000 ELEKTRONİK OFİS MALZ.SAN.VE TİC.LTD.ŞTİ,DARENDELİ TEKNOLOJİ SANAYİ VE TİCARET ANONİM ŞİRKETİ,1.0
AKSİYONER BİLGİ YÖNETİMİ YAZIMIL SİSTEM ORG.EĞİTİM VE DANIŞMANLIK SANAYİ TİCARET LTD ŞTİ,PİKSELSOFT YAZILIM BİLİŞİM SANAYİ VE TİCARET LİMİTED ŞİRKETİ,0.25
PİKSELSOFT YAZILIM BİLİŞİM SANAYİ VE TİCARET LİMİTED ŞİRKETİ,ARTEK GRUP BİLİŞİM BÜRO MALZEMELERİ TİCARET LİMİTED ŞİRKETİ,1.0
PİKSELSOFT YAZILIM BİLİŞİM SANAYİ VE TİCARET LİMİTED ŞİRKETİ,C.B.K.SOFT YAZILIM DONANIM ELEKTRONİK VE BİLGİSAYAR SİSTEMLERİ SANAYİ TİCARET ANONİM ŞİRKETİ,0.4777777777777778
PİKSELSOFT YAZILIM BİLİŞİM SANAYİ VE TİCARET LİMİTED ŞİRKETİ,İDEAL BİLGİ YÖNETİMİ SOSYAL SAĞLIK HİZMETLER EĞİTİM TERCÜME ORGANİZASYON SANAYİ VE TİCARET LİMİTED ŞİRKETİ,0.25
AKTİF TELEKOMÜNİKASYON VE OTOMASYON SİSTEMLERİ SANAYİ VE TİCARET LİMİTED ŞİRKETİ,ÜNİBEL ÖZEL EĞİTİM BİLGİ TEKNOLOJİLERİ KÜLTÜR TANITIM VE YAYINCILIK SANAYİ VE TİCARET ANONİM ŞİRKETİ,0.5
AKTİF TELEKOMÜNİKASYON VE OTOMASYON SİSTEMLERİ SANAYİ VE TİCARET LİMİTED ŞİRKETİ,İSBAK İSTANBUL BİLİŞİM VE AKILLI KENT TEKNOLOJİLERİ A.Ş.,0.5
ÜNİBEL ÖZEL EĞİTİM BİLGİ TEKNOLOJİLERİ KÜLTÜR TANITIM VE YAYINCILIK SANAYİ VE TİCARET ANONİM ŞİRKETİ,PLUXEE ÇALIŞAN DENEYİMİ DANIŞMANLIK VE PAZARLAMA HİZMETLERİ ANONİM ŞİRKETİ,1.0
ÜNİBEL ÖZEL EĞİTİM BİLGİ TEKNOLOJİLERİ KÜLTÜR TANITIM VE YAYINCILIK SANAYİ VE TİCARET ANONİM ŞİRKETİ,İSBAK İSTANBUL BİLİŞİM VE AKILLI KENT TEKNOLOJİLERİ A.Ş.,0.5
ÜNİBEL ÖZEL EĞİTİM BİLGİ TEKNOLOJİLERİ KÜLTÜR TANITIM VE YAYINCILIK SANAYİ VE TİCARET ANONİM ŞİRKETİ,İZMİR İNOVASYON VE TEKNOLOJİ ANONİM ŞİRKETİ,1.0357142857142858
İSBAK İSTANBUL BİLİŞİM VE AKILLI KENT TEKNOLOJİLERİ A.Ş.,BELBİM İSTANBUL BELEDİYELERİ BİLGİ İŞLEM ENERJİ SANAYİ VE TİCARET ANONİM ŞİRKETİ,0.23905723905723905
İSBAK İSTANBUL BİLİŞİM VE AKILLI KENT TEKNOLOJİLERİ A.Ş.,NETCAD YAZILIM ANONİM ŞİRKETİ,0.3333333333333333
İSBAK İSTANBUL BİLİŞİM VE AKILLI KENT TEKNOLOJİLERİ A.Ş.,SERVO ARŞİV BİLİŞİM YÖNETİM HİZMETLERİ LİMİTED ŞİRKETİ,0.3333333333333333
İSBAK İSTANBUL BİLİŞİM VE AKILLI KENT TEKNOLOJİLERİ A.Ş.,İSTTELKOM İSTANBUL ELEKTRONİK HABERLEŞME VE ALTYAPI HİZMETLERİ SANAYİ VE TİCARET ANONİM ŞİRKETİ,0.48966547192353643
ALANGOYA BİLGİ TEKNOLOJİLERİ YAZILIM BİLGİSAYAR EĞİTİM DANIŞMANLIK HİZMETLERİ SANAYİ VE TİCARET LİMİTED ŞİRKETİ,DESTEK BİLGİSAYAR VE İLETİŞİM HİZ.TİC.A.Ş.,0.5
ALANGOYA BİLGİ TEKNOLOJİLERİ YAZILIM BİLGİSAYAR EĞİTİM DANIŞMANLIK HİZMETLERİ SANAYİ VE TİCARET LİMİTED ŞİRKETİ,TREND TEKNOLOJİ SİST EMLERİ İTH.İHR.L TD.ŞTİ.,0.5
DESTEK BİLGİSAYAR VE İLETİŞİM HİZ.TİC.A.Ş.,BTSECTOR BİLİŞİM TEKNOLOJİ ANONİM ŞİRKETİ,0.23448275862068968
DESTEK BİLGİSAYAR VE İLETİŞİM HİZ.TİC.A.Ş.,BİSOFT BİLGİ TEKNOLOJİLERİ ANONİM ŞİRKETİ,0.46086010964740953
DESTEK BİLGİSAYAR VE İLETİŞİM HİZ.TİC.A.Ş.,C.B.K.SOFT YAZILIM DONANIM ELEKTRONİK VE BİLGİSAYAR SİSTEMLERİ SANAYİ TİCARET ANONİM ŞİRKETİ,0.5
DESTEK BİLGİSAYAR VE İLETİŞİM HİZ.TİC.A.Ş.,DOCUART BİLGİSAYAR V E İLET.ELK.SER.İ .T.G.P.S.VE T.LT,0.13675213675213674
DESTEK BİLGİSAYAR VE İLETİŞİM HİZ.TİC.A.Ş.,GEOSYS COĞRAFİ BİLGİ SİSTEMLERİ VE ŞEHİR PLANLAMA ELEKTRONİK BİLİŞİM MÜHENDİSLİK VE MÜŞAVİRLİK İNŞAAT REKLAMCILIK SANAYİ VE TİCARET LİMİTED ŞİRKETİ,0.17063492063492064
DESTEK BİLGİSAYAR VE İLETİŞİM HİZ.TİC.A.Ş.,MAİNTY TEKNOLOJİ ANONİM ŞİRKETİ,0.282258064516129
DESTEK BİLGİSAYAR VE İLETİŞİM HİZ.TİC.A.Ş.,MOBİLİON BİLİŞİM TEKN.VE REK.PAZ.LTD.ŞTİ,0.5833333333333333
DESTEK BİLGİSAYAR VE İLETİŞİM HİZ.TİC.A.Ş.,NATEK BİLİŞİM BİLGİSAYAR EĞİT.DAN.YAZ.TİC.SAN.LTD.ŞTİ.,0.36591591591591593
DESTEK BİLGİSAYAR VE İLETİŞİM HİZ.TİC.A.Ş.,PROBİLİŞİM BİLGİSAYAR VE İLETİŞİM SİST.TİC. LTD. ŞTİ.,0.4
DESTEK BİLGİSAYAR VE İLETİŞİM HİZ.TİC.A.Ş.,PRODAY BİLİŞİM TEKNOLOJİLERİ TİCARET ANONİM ŞİRKETİ,0.34491478644402174
DESTEK BİLGİSAYAR VE İLETİŞİM HİZ.TİC.A.Ş.,PROLİZ BİLGİSAYAR YAZILIM VE DONANIM HİZMETLERİ SANAYİ VE TİCARET LİMİTED ŞİRKETİ,0.34285714285714286
DESTEK BİLGİSAYAR VE İLETİŞİM HİZ.TİC.A.Ş.,SUPERONLİNE İLETİŞİM HİZMETLERİ ANONİM ŞİRKETİ,0.2976190476190476
DESTEK BİLGİSAYAR VE İLETİŞİM HİZ.TİC.A.Ş.,TEKNOSER BİLGİSAYARTEKNİK HİZM.SAN.VE DIŞ TİC.A.Ş.,0.3591288332667643
DESTEK BİLGİSAYAR VE İLETİŞİM HİZ.TİC.A.Ş.,TREND TEKNOLOJİ SİST EMLERİ İTH.İHR.L TD.ŞTİ.,0.5
DESTEK BİLGİSAYAR VE İLETİŞİM HİZ.TİC.A.Ş.,UZMAN BİLİŞİM DANIŞMANLIK ANONİM ŞİRKETİ,0.2909090909090909
DESTEK BİLGİSAYAR VE İLETİŞİM HİZ.TİC.A.Ş.,ÖZGÜR YAZILIM BİLİŞİM EĞİTİM TİCARET AN ONİM ŞİRKETİ,0.3333333333333333
ALGAN YAZILIM VE BİLİŞİM MAKİNA ELEKTRONİK HAYVANCILIK TİCARET LİMİTED ŞİRKETİ,BELMAP YAZILIM MÜHENDİSLİK DANIŞMANLIK HİZMETLERİ TİC LTD ŞTİ.,0.6428571428571428
ALGAN YAZILIM VE BİLİŞİM MAKİNA ELEKTRONİK HAYVANCILIK TİCARET LİMİTED ŞİRKETİ,IND YAZILIM BİLİŞİM TEKNOLOJİLERİ SANAYİ VE TİCARET A.Ş.,1.0
BELMAP YAZILIM MÜHENDİSLİK DANIŞMANLIK HİZMETLERİ TİC LTD ŞTİ.,NETCAD YAZILIM ANONİM ŞİRKETİ,0.6111111111111112
IND YAZILIM BİLİŞİM TEKNOLOJİLERİ SANAYİ VE TİCARET A.Ş.,ANADEĞER KENT EKİPMANLARI İLAÇLAMA BİLİŞİM HİZMETLERİ TEMİZLİK VE İNŞAAT SANAYİ TİCARET LİMİTED ŞİRKETİ,0.5
IND YAZILIM BİLİŞİM TEKNOLOJİLERİ SANAYİ VE TİCARET A.Ş.,ARKENOM TEKNOLOJİ HİZMETLERİ SANAYİ VE TİCARET ANONİM ŞİRKETİ,0.25
IND YAZILIM BİLİŞİM TEKNOLOJİLERİ SANAYİ VE TİCARET A.Ş.,AÇILIM OTOMASYON YAZILIM DONANIM BİLGİSAYAR İNTERNET HİZMETLERİ TURİZM TEMİZLİK VE MALZEMELERİ YEMEKÇİLİK İNŞAAT TAAHHÜT GIDA TIBBİ MALZEMELER VE ÜRÜNLERİ KIRTASİYE RESTORAN İTHALAT İHRACAT VE TİCARET PAZARLAMA LİMİTED ŞİRKETİ,1.0
IND YAZILIM BİLİŞİM TEKNOLOJİLERİ SANAYİ VE TİCARET A.Ş.,BEYAZ BİLGİSAYAR DANIŞMANLIK HİZ.LTD.ŞTİ,0.24835164835164836
IND YAZILIM BİLİŞİM TEKNOLOJİLERİ SANAYİ VE TİCARET A.Ş.,BEYAZ BİLGİSAYAR YAZ ILIM TASARIM SAN .VE TİC.LTD.ŞTİ.,0.5
IND YAZILIM BİLİŞİM TEKNOLOJİLERİ SANAYİ VE TİCARET A.Ş.,BİSOFT BİLGİ TEKNOLOJİLERİ ANONİM ŞİRKETİ,0.3333333333333333
IND YAZILIM BİLİŞİM TEKNOLOJİLERİ SANAYİ VE TİCARET A.Ş.,E MEKTEP EĞİTİM LİMİTED ŞİRKETİ,0.5
IND YAZILIM BİLİŞİM TEKNOLOJİLERİ SANAYİ VE TİCARET A.Ş.,EPİTEL İLETİŞİM SANAYİ VE TİCARET LİMİTED ŞİRKETİ,0.25
IND YAZILIM BİLİŞİM TEKNOLOJİLERİ SANAYİ VE TİCARET A.Ş.,KUZEY MÜHENDİSLİK İNŞAAT SANAYİ VE TİCARET LİMİTED ŞİRKETİ,0.25
IND YAZILIM BİLİŞİM TEKNOLOJİLERİ SANAYİ VE TİCARET A.Ş.,PSEUDONYM_692,1.0
IND YAZILIM BİLİŞİM TEKNOLOJİLERİ SANAYİ VE TİCARET A.Ş.,TOYİSTAN EĞLENCE VE OYUNCAK SANAYİ LİMİTED ŞİRKETİ,0.5
IND YAZILIM BİLİŞİM TEKNOLOJİLERİ SANAYİ VE TİCARET A.Ş.,XLOOP BİLİŞİM TEKNOLOJİLERİ SANAYİ VE TİCARET LİMİTED ŞİRKETİ,0.3333333333333333
IND YAZILIM BİLİŞİM TEKNOLOJİLERİ SANAYİ VE TİCARET A.Ş.,İŞLEM COĞRAFİ BİLGİ SİSTEMLERİ MÜHENDİSLİK VE EĞİTİM ANONİM ŞİRKETİ,0.483974358974359
IND YAZILIM BİLİŞİM TEKNOLOJİLERİ SANAYİ VE TİCARET A.Ş.,İŞLEM HARİTA MÜHENDİSLİK MÜŞ.DAN.VE.ARA.TİC.LTD.ŞTİ.,1.0769230769230769
ALKAN GÜVENLİK TEMİZ İNŞ.GI.TA.SOS.Hİ SAN.VE TİC.LTD.Ş,PROMER BİLGİ TEKNOLOJİLERİ SANAYİ VE TİCARET ANONİM ŞİRKETİ,1.0
ALKAYA ELEKTRONİK SANAYİ VE TİC.LTD.ŞTİ.,BİMSER ÇÖZÜM YAZILIM TİCARET ANONİM ŞİRKETİ,0.2
ALKAYA ELEKTRONİK SANAYİ VE TİC.LTD.ŞTİ.,ORDİNATRUM BİLİŞİM TEKNOLOJİLERİ VE DANIŞMANLIK ANONİM ŞİRKETİ,0.5
ALKAYA ELEKTRONİK SANAYİ VE TİC.LTD.ŞTİ.,TEKNOTEK TEKNOLOJİ SANAYİ TİCARET LİMİTED ŞİRKETİ,0.2
ALKAYA ELEKTRONİK SANAYİ VE TİC.LTD.ŞTİ.,UNITURK BİLİŞİM TEKNOLOJİLERİ LİMİTED ŞİRKETİ,0.2
ALKAYA ELEKTRONİK SANAYİ VE TİC.LTD.ŞTİ.,İSTANBUL ÇEKİRDEK ARAŞTIRMA GELİŞTİRME VE YAZILIM DANIŞMANLIK TİCARET LİMİTED ŞİRKETİ,0.2
BİMSER ÇÖZÜM YAZILIM TİCARET ANONİM ŞİRKETİ,ALSAY İLETİŞİM ELEKTRONİK GIDA İNŞ.SAN.TİC.LTD.ŞTİ.,0.5
BİMSER ÇÖZÜM YAZILIM TİCARET ANONİM ŞİRKETİ,ELİT ELEKTRONİK GÜVENLİK SİSTEMLERİ İNŞAAT TAŞIMACILIK TURİZM SANAYİ VE TİCARET LİMİTED ŞİRKETİ,0.5
BİMSER ÇÖZÜM YAZILIM TİCARET ANONİM ŞİRKETİ,GOLİVE BİLİŞİM HİZMETLERİ SANAYİ VE TİCARET LİMİTED ŞİRKETİ,0.5
BİMSER ÇÖZÜM YAZILIM TİCARET ANONİM ŞİRKETİ,MOOR YAZILIM DANIŞMANLIK VE REKLAMCILIK HİZMETLERİ LİMİTED ŞİRKETİ,0.5
ORDİNATRUM BİLİŞİM TEKNOLOJİLERİ VE DANIŞMANLIK ANONİM ŞİRKETİ,APAZ MEDİKAL ÜRÜN VE BİLİŞİM YAZILIM SANAYİ VE TİCARET ANONİM ŞİRKETİ,1.0
ORDİNATRUM BİLİŞİM TEKNOLOJİLERİ VE DANIŞMANLIK ANONİM ŞİRKETİ,DOSBİL BİLGİSAYAR KİM.TEKS.DAY.TÜK.MAL.TMAL.GI. Tİ.VE SA.LT,1.0
UNITURK BİLİŞİM TEKNOLOJİLERİ LİMİTED ŞİRKETİ,BTECH SAVUNMA HAVACILIK MEDİKAL VE İLERİ TEKNOLOJİLER SANAYİ TİCARET ANONİM ŞİRKETİ,0.5
UNITURK BİLİŞİM TEKNOLOJİLERİ LİMİTED ŞİRKETİ,PROCEN DANIŞMANLIK BİLGİ TEKNOLOJİLERİ EĞİTİM VE BELGELENDİRME HİZMETLERİ TİCARET LİMİTED ŞİRKETİ,0.5
ALNİS GIDA TEKNOLOJİ VE LOJİSTİK TİCARET ANONİM ŞİRKETİ,İSTANBUL DİJİTAL MEDYA TİCARET ANONİM ŞİRKETİ,1.0
İSTANBUL DİJİTAL MEDYA TİCARET ANONİM ŞİRKETİ,SHARKUTERİ MEDYA REKLAM BİL.YAZ.HİZ.VE TİC.LTD.ŞTİ.,1.0
ALSAY İLETİŞİM ELEKTRONİK GIDA İNŞ.SAN.TİC.LTD.ŞTİ.,GOLİVE BİLİŞİM HİZMETLERİ SANAYİ VE TİCARET LİMİTED ŞİRKETİ,0.5
ALSAY İLETİŞİM ELEKTRONİK GIDA İNŞ.SAN.TİC.LTD.ŞTİ.,MERSİN BÜYÜKŞEHİR İMAR İNŞAAT ELEKTRİK ÜRETİM ÖZEL GÜVENLİK HİZMETLERİ SANAYİ VE TİCARET ANONİM ŞİRKETİ,0.25
ALSAY İLETİŞİM ELEKTRONİK GIDA İNŞ.SAN.TİC.LTD.ŞTİ.,NATEK BİLİŞİM BİLGİSAYAR EĞİT.DAN.YAZ.TİC.SAN.LTD.ŞTİ.,0.3125
ALSAY İLETİŞİM ELEKTRONİK GIDA İNŞ.SAN.TİC.LTD.ŞTİ.,SUTED BİLİŞİM TEKNOLOJİLERİ YAZILIM DANIŞMANLIK HİZMETLERİ SANAYİ VE TİCARET LİMİTED ŞİRKETİ,0.25
ALSAY İLETİŞİM ELEKTRONİK GIDA İNŞ.SAN.TİC.LTD.ŞTİ.,YONCA BİLİŞİM TEKNOLOJİLERİ LTD.ŞTİ.,0.27702702702702703
MERSİN BÜYÜKŞEHİR İMAR İNŞAAT ELEKTRİK ÜRETİM ÖZEL GÜVENLİK HİZMETLERİ SANAYİ VE TİCARET ANONİM ŞİRKETİ,YONCA BİLİŞİM TEKNOLOJİLERİ LTD.ŞTİ.,0.25
NATEK BİLİŞİM BİLGİSAYAR EĞİT.DAN.YAZ.TİC.SAN.LTD.ŞTİ.,ANKA AKTİF BİLGİS.EL K.ELEKT.YAZ.KR.İNŞ.D T.M.T.M.İ.İ.D.TT.L.,1.0
NATEK BİLİŞİM BİLGİSAYAR EĞİT.DAN.YAZ.TİC.SAN.LTD.ŞTİ.,BELSİS BİLGİSAYAR YAZILIM İLETİŞİM HİZM.TİC.VE SAN.LTD.ŞTİ.,1.0
NATEK BİLİŞİM BİLGİSAYAR EĞİT.DAN.YAZ.TİC.SAN.LTD.ŞTİ.,C.B.K.SOFT YAZILIM DONANIM ELEKTRONİK VE BİLGİSAYAR SİSTEMLERİ SANAYİ TİCARET ANONİM ŞİRKETİ,0.3333333333333333
NATEK BİLİŞİM BİLGİSAYAR EĞİT.DAN.YAZ.TİC.SAN.LTD.ŞTİ.,DOCUART BİLGİSAYAR V E İLET.ELK.SER.İ .T.G.P.S.VE T.LT,0.1111111111111111
NATEK BİLİŞİM BİLGİSAYAR EĞİT.DAN.YAZ.TİC.SAN.LTD.ŞTİ.,LST YAZILIM ELEKTRON İK VE İLETİŞİM T EK.TİC.LTD.ŞTİ.,0.41428571428571426
NATEK BİLİŞİM BİLGİSAYAR EĞİT.DAN.YAZ.TİC.SAN.LTD.ŞTİ.,MİMAR BİLGİ İLETİŞİMVE SAVUNMA TEKNOLOJİLERİ SAVE Tİ LTD ŞTİ,0.33655083655083656
NATEK BİLİŞİM BİLGİSAYAR EĞİT.DAN.YAZ.TİC.SAN.LTD.ŞTİ.,PROBİL BİLGİ İŞLEM D ESTEK VE DANIŞ.S AN.VE TİC.A.Ş.,0.3611111111111111
NATEK BİLİŞİM BİLGİSAYAR EĞİT.DAN.YAZ.TİC.SAN.LTD.ŞTİ.,YONCA BİLİŞİM TEKNOLOJİLERİ LTD.ŞTİ.,0.25
NATEK BİLİŞİM BİLGİSAYAR EĞİT.DAN.YAZ.TİC.SAN.LTD.ŞTİ.,İDEKS DANIŞMANLIK EĞİTİM VE BİLİŞİM TEKNOLOJİLERİ MEDYA REKLAM TİCARET LTD.ŞTİ.,0.3333333333333333
SUTED BİLİŞİM TEKNOLOJİLERİ YAZILIM DANIŞMANLIK HİZMETLERİ SANAYİ VE TİCARET LİMİTED ŞİRKETİ,YONCA BİLİŞİM TEKNOLOJİLERİ LTD.ŞTİ.,0.25
YONCA BİLİŞİM TEKNOLOJİLERİ LTD.ŞTİ.,ELEMENT BİLGİSAYAR YAZILIM DON.MÜŞ.VE D.H.S.VE T.LTD,0.2733516483516484
ALTAR ELEKTRONİK TEK NOLOJİ SAN.VE Tİ C.LTD.ŞTİ.,NETCOM BİLGİSAYAR YAZ.İNT.VE TELEKO.HİZ.SAN.TİC.A.Ş.,0.532258064516129
NETCOM BİLGİSAYAR YAZ.İNT.VE TELEKO.HİZ.SAN.TİC.A.Ş.,C.B.K.SOFT YAZILIM DONANIM ELEKTRONİK VE BİLGİSAYAR SİSTEMLERİ SANAYİ TİCARET ANONİM ŞİRKETİ,0.7575757575757576
NETCOM BİLGİSAYAR YAZ.İNT.VE TELEKO.HİZ.SAN.TİC.A.Ş.,DONAN BİLİŞİM ELEKTRONİK TEKSTİL SAĞLIK HİZMETLERİ İNŞAAT SANAYİ VE DIŞ TİCARET LİMİTED ŞİRKETİ,1.0
NETCOM BİLGİSAYAR YAZ.İNT.VE TELEKO.HİZ.SAN.TİC.A.Ş.,N2MOBİL TAKİP SİSTEMLERİ ANONİM ŞİRKETİ,0.5
NETCOM BİLGİSAYAR YAZ.İNT.VE TELEKO.HİZ.SAN.TİC.A.Ş.,TEKNOSER BİLGİSAYARTEKNİK HİZM.SAN.VE DIŞ TİC.A.Ş.,0.42316715542522
NETCOM BİLGİSAYAR YAZ.İNT.VE TELEKO.HİZ.SAN.TİC.A.Ş.,ÜNİVERSAL BİLGİ TEKNOLOJİLERİ LTD.ŞTİ.,0.7
ALTERNATİF BİLGİSAYAR YAZILIM YATIRIM VE YÖNETİM DANIŞMANLIĞI HİZMETLERİ LİMİTED ŞİRKETİ,ATOS BİLİŞİM VE DANIŞMANLIK ANONİM ŞİRKETİ,1.0
ALTO TEKNOLOJİ BİLİŞİM ÇÖZÜMLERİ SANAYİ VE DIŞ TİCARET LİMİTED ŞİRKETİ,BG-TEK BİLİŞİM GÜVENLİK TEKNOLOJİLERİ ULUSLAR ARASI EĞİTİM DANIŞMANLIĞI BİLGİSAYAR ELEKTRONİK GÜVENLİK SİSTEMLERİ İTHALAT İHRACAT SANAYİ VE TİCARET LİMİTED ŞİRKETİ,1.0
ALTO TEKNOLOJİ BİLİŞİM ÇÖZÜMLERİ SANAYİ VE DIŞ TİCARET LİMİTED ŞİRKETİ,INNOSA BİLİŞİM TEKNOLOJİLERİ YAPI SANAYİ VE TİCARET ANONİM ŞİRKETİ,1.0357142857142858
ALTO TEKNOLOJİ BİLİŞİM ÇÖZÜMLERİ SANAYİ VE DIŞ TİCARET LİMİTED ŞİRKETİ,MEGA BİLGİSAYAR TİCARET LTD.ŞTİ.,1.0
ALTO TEKNOLOJİ BİLİŞİM ÇÖZÜMLERİ SANAYİ VE DIŞ TİCARET LİMİTED ŞİRKETİ,MONAD YAZILIM BİLGİSAYAR EĞİ.DAN.SAN.VE TİC.LTD.ŞTİ.,1.0
ALTO TEKNOLOJİ BİLİŞİM ÇÖZÜMLERİ SANAYİ VE DIŞ TİCARET LİMİTED ŞİRKETİ,PROLİNE BİLİŞİM SİSTEMLERİ VE TİCARET ANONİM ŞİRKETİ.,0.5
ALTO TEKNOLOJİ BİLİŞİM ÇÖZÜMLERİ SANAYİ VE DIŞ TİCARET LİMİTED ŞİRKETİ,PSEUDONYM_072,0.625
ALTO TEKNOLOJİ BİLİŞİM ÇÖZÜMLERİ SANAYİ VE DIŞ TİCARET LİMİTED ŞİRKETİ,SEREL BİLGİ İŞLEM MALZEMELERİ SANAYİVE TİC.LTD.ŞTİ.,0.625
INNOSA BİLİŞİM TEKNOLOJİLERİ YAPI SANAYİ VE TİCARET ANONİM ŞİRKETİ,ALYAMİN ENERJİ BİLİŞİM SİSTEMLERİ TAAHHÜT SANAYİ VE DIŞ TİCARET LİMİTED ŞİRKETİ,1.0
INNOSA BİLİŞİM TEKNOLOJİLERİ YAPI SANAYİ VE TİCARET ANONİM ŞİRKETİ,ARKENOM TEKNOLOJİ HİZMETLERİ SANAYİ VE TİCARET ANONİM ŞİRKETİ,0.3666666666666667
INNOSA BİLİŞİM TEKNOLOJİLERİ YAPI SANAYİ VE TİCARET ANONİM ŞİRKETİ,BELSİS BİLGİSAYAR YAZILIM İLETİŞİM HİZM.TİC.VE SAN.LTD.ŞTİ.,1.0
INNOSA BİLİŞİM TEKNOLOJİLERİ YAPI SANAYİ VE TİCARET ANONİM ŞİRKETİ,NETCAD YAZILIM ANONİM ŞİRKETİ,2.0946886446886444
INNOSA BİLİŞİM TEKNOLOJİLERİ YAPI SANAYİ VE TİCARET ANONİM ŞİRKETİ,NEX TEKNOLOJİ ANONİM ŞİRKETİ,0.5833333333333334
INNOSA BİLİŞİM TEKNOLOJİLERİ YAPI SANAYİ VE TİCARET ANONİM ŞİRKETİ,PROVİT BİLİŞİM TEKNOLOJİLERİ TİCARETLTD.ŞTİ.,0.5
INNOSA BİLİŞİM TEKNOLOJİLERİ YAPI SANAYİ VE TİCARET ANONİM ŞİRKETİ,SSL BİLİŞİM EĞİTİM DANIŞMANLIK ANONİM ŞİRKETİ,1.0
INNOSA BİLİŞİM TEKNOLOJİLERİ YAPI SANAYİ VE TİCARET ANONİM ŞİRKETİ,ULUSAL CAD VE GIS ÇÖZÜMLERİ MÜH.BİLG.EĞT.TİC.A.Ş.,0.6923076923076923
MEGA BİLGİSAYAR TİCARET LTD.ŞTİ.,ARTI VE ARTI TEKNOLOJİ HİZM.SAN.TİC.AŞ,0.3333333333333333
MEGA BİLGİSAYAR TİCARET LTD.ŞTİ.,AS MÜHENDİSLİK MEDİKAL ÖZEL SAĞLIK VE ERİŞİM HİZMETLERİ İNŞAAT SANAYİ VE TİCARET LİMİTED ŞİRKETİ,1.0
MEGA BİLGİSAYAR TİCARET LTD.ŞTİ.,BİLTAM MÜMESSİLLİK DIŞ TİC.VE SAN.A.Ş.,0.47619047619047616
MEGA BİLGİSAYAR TİCARET LTD.ŞTİ.,BİLİŞİM SANAYİ VE TİCARET LTD.ŞTİ.,1.0
MEGA BİLGİSAYAR TİCARET LTD.ŞTİ.,KODA BİLİŞİM SANAYİ VE TİCARET ANONİM ŞİRKETİ,1.0
MEGA BİLGİSAYAR TİCARET LTD.ŞTİ.,KURALKAN BİLİŞİM OTOMOTİV SANAYİ VE DIŞ TİCARET ANONİM ŞİRKETİ,0.3333333333333333
MEGA BİLGİSAYAR TİCARET LTD.ŞTİ.,İMKA BİLGİ İŞLEM DANIŞMANLIK ARŞİV KÜTÜPHANE VE DOKÜMANTASYON HİZMETLERİ SANAYİ TİCARET LİMİTED ŞİRKETİ,0.3333333333333333
MONAD YAZILIM BİLGİSAYAR EĞİ.DAN.SAN.VE TİC.LTD.ŞTİ.,FPİCT BİLİŞİM SİSTEMLERİ FİNANSAL DANIŞMANLIK VE TİCARET LİMİTED ŞİRKETİ,1.0
PROLİNE BİLİŞİM SİSTEMLERİ VE TİCARET ANONİM ŞİRKETİ.,DİJİTEK VİTAMİN YAZILIM BİLİŞİM HİZMETLERİ TAAHHÜT EĞİTİM SAĞLIK SANAYİ VE TİCARET LİMİTED ŞİRKETİ,0.5
PROLİNE BİLİŞİM SİSTEMLERİ VE TİCARET ANONİM ŞİRKETİ.,ERNST YOUNG KURUMSAL FİNANSMAN DANIŞM ANLIK A.Ş,0.5
PROLİNE BİLİŞİM SİSTEMLERİ VE TİCARET ANONİM ŞİRKETİ.,TEKNOSER BİLGİSAYARTEKNİK HİZM.SAN.VE DIŞ TİC.A.Ş.,0.532258064516129
ALTUS BİLİŞİM HİZMETLERİ ANONİM ŞİRKETİ,MİMAR BİLGİ İLETİŞİMVE SAVUNMA TEKNOLOJİLERİ SAVE Tİ LTD ŞTİ,0.3333333333333333
ALTUS BİLİŞİM HİZMETLERİ ANONİM ŞİRKETİ,SERVUS BİLİŞİM TEKNO LOJİLERİ A.Ş.,0.16666666666666666
MİMAR BİLGİ İLETİŞİMVE SAVUNMA TEKNOLOJİLERİ SAVE Tİ LTD ŞTİ,ULUSAL CAD VE GIS ÇÖZÜMLERİ MÜH.BİLG.EĞT.TİC.A.Ş.,0.3333333333333333
SERVUS BİLİŞİM TEKNO LOJİLERİ A.Ş.,TEKNOSER BİLGİSAYARTEKNİK HİZM.SAN.VE DIŞ TİC.A.Ş.,0.19369369369369369
SERVUS BİLİŞİM TEKNO LOJİLERİ A.Ş.,TÜRK TELEKOMÜNİKASYAN ANONİM ŞİRKETİ,0.16666666666666666
SERVUS BİLİŞİM TEKNO LOJİLERİ A.Ş.,TÜRK TELEKOMÜNİKASYON ANONİM ŞİRKETİ,0.16666666666666666
ALTUS YAZILIM DESTEK VE DANIŞMANLIK HİZME LTD ŞTİ,GEOSYS COĞRAFİ BİLGİ SİSTEMLERİ VE ŞEHİR PLANLAMA ELEKTRONİK BİLİŞİM MÜHENDİSLİK VE MÜŞAVİRLİK İNŞAAT REKLAMCILIK SANAYİ VE TİCARET LİMİTED ŞİRKETİ,0.14285714285714285
GEOSYS COĞRAFİ BİLGİ SİSTEMLERİ VE ŞEHİR PLANLAMA ELEKTRONİK BİLİŞİM MÜHENDİSLİK VE MÜŞAVİRLİK İNŞAAT REKLAMCILIK SANAYİ VE TİCARET LİMİTED ŞİRKETİ,GES BİLİŞİM TEKNOLOJİLERİ VE DANIŞMANLIK İÇ VE DIŞ TİCARET LİMİTED ŞİRKETİ,0.14285714285714285
GEOSYS COĞRAFİ BİLGİ SİSTEMLERİ VE ŞEHİR PLANLAMA ELEKTRONİK BİLİŞİM MÜHENDİSLİK VE MÜŞAVİRLİK İNŞAAT REKLAMCILIK SANAYİ VE TİCARET LİMİTED ŞİRKETİ,JFORCE BİLİŞİM TEKNOLOJİLERİ ANONİMŞİRKETİ,0.14285714285714285
GEOSYS COĞRAFİ BİLGİ SİSTEMLERİ VE ŞEHİR PLANLAMA ELEKTRONİK BİLİŞİM MÜHENDİSLİK VE MÜŞAVİRLİK İNŞAAT REKLAMCILIK SANAYİ VE TİCARET LİMİTED ŞİRKETİ,ORAN TEKNOLOJİ YAZILIM DANIŞMANLIK VE EĞİTİM LTD ŞTİ,0.14285714285714285
GEOSYS COĞRAFİ BİLGİ SİSTEMLERİ VE ŞEHİR PLANLAMA ELEKTRONİK BİLİŞİM MÜHENDİSLİK VE MÜŞAVİRLİK İNŞAAT REKLAMCILIK SANAYİ VE TİCARET LİMİTED ŞİRKETİ,SALDEM BİLİŞİM TEKNOLOJİLERİ ENERJİ İNŞAAT YAZILIM TELEKOMİNİKASYON OTOMOTİV TURİZM GIDA TAAHHÜT SANAYİ TİCARET İTHALAT VE İHRACAT LİMİTED ŞİRKETİ,0.14285714285714285
ANADEĞER KENT EKİPMANLARI İLAÇLAMA BİLİŞİM HİZMETLERİ TEMİZLİK VE İNŞAAT SANAYİ TİCARET LİMİTED ŞİRKETİ,BEYAZ BİLGİSAYAR YAZ ILIM TASARIM SAN .VE TİC.LTD.ŞTİ.,0.5
ANALİTİK BİLİŞİM YAZILIM DANIŞMANLIK EĞİTİM HİZMETLERİ TİCARET LİMİTED ŞİRKETİ.,PSEUDONYM_357,1.0
ANKA BİLİŞİM VE DANIŞMANLIK HİZT.SANTİC.LTD.ŞTİ.,PRIMEIT BİLİŞİM VE YAZILIM HİZMETLERİ ANONİM ŞİRKETİ,0.5
PRIMEIT BİLİŞİM VE YAZILIM HİZMETLERİ ANONİM ŞİRKETİ,VİAVİZYON LED TEKNOLOJİLERİ TRAFİK YÖNETİM SİSTEMLERİ SANAYİ VE TİCARET LİMİTED ŞİRKETİ,0.5
ANKA COĞRAFİ BİLGİ T EKNOLOJİLERİ SANAYİ TİC.LTD.ŞTİ.,MACELLAN BİLİŞİM DANIŞMANLIK TİCARET LİMİTED ŞİRKETİ,0.14559386973180077
ANKA COĞRAFİ BİLGİ T EKNOLOJİLERİ SANAYİ TİC.LTD.ŞTİ.,İNFO KENT ANALİZ BİLGİ Sİ.Bİ.YA.EN.TU.MAİN.SAN.VE TİC.LTD.ŞT,1.0
ANKARA BİLGİ TEKNOLOJİLERİ REKLAMCILTRZ.SA.VE Tİ.LTD,UNİCON KALİTE ENFORMASYON SİS.DANIŞMANLIK TAAHHÜT TİCARET LİMİTED ŞİRKETİ,1.0
ANKARA DESTEK SOSYAL HİZMETLER SANAYİ VE TİCARET LİMİTED ŞİRKETİ,BİSOFT BİLGİ TEKNOLOJİLERİ ANONİM ŞİRKETİ,0.3333333333333333
BİSOFT BİLGİ TEKNOLOJİLERİ ANONİM ŞİRKETİ,BMM MEDİKAL TURİZM TEMİZLİK İNŞAAT GIDA HAYVANCILIK SOSYAL HİZMETLER SANAYİ VE TİCARET LİMİTED ŞİRKETİ,0.3333333333333333
BİSOFT BİLGİ TEKNOLOJİLERİ ANONİM ŞİRKETİ,ECO FİLO BİLGİ TEKNOLOJİLERİ TİCARET LİMİTED ŞİRKETİ,0.3333333333333333
BİSOFT BİLGİ TEKNOLOJİLERİ ANONİM ŞİRKETİ,EMSAL BİLİŞİM MEDİKAL ELEKT.OTOMASYON SİST.SAN.TİC.LTD.ŞTİ.,0.3333333333333333
BİSOFT BİLGİ TEKNOLOJİLERİ ANONİM ŞİRKETİ,ROBİT TEKNOLOJİ LİMİTED ŞİRKETİ,1.077961019490255
BİSOFT BİLGİ TEKNOLOJİLERİ ANONİM ŞİRKETİ,SUPERONLİNE İLETİŞİM HİZMETLERİ ANONİM ŞİRKETİ,0.3333333333333333
BİSOFT BİLGİ TEKNOLOJİLERİ ANONİM ŞİRKETİ,İŞLEM COĞRAFİ BİLGİ SİSTEMLERİ MÜHENDİSLİK VE EĞİTİM ANONİM ŞİRKETİ,0.3333333333333333
ANKARA EGS ELEKTRİK ELEKTRONİK MİMARLIK MÜHENDİSLİK İNŞAAT SANAYİ VE TİCARET LİMİTED ŞİRKETİ,CSIT BİLİŞİM ANONİM ŞİRKETİ,0.3333333333333333
CSIT BİLİŞİM ANONİM ŞİRKETİ,ARKSOFT BİLİŞİM TEKNOLOJİ TİCARET SANAYİ ANONİM ŞİRKETİ,0.3333333333333333
CSIT BİLİŞİM ANONİM ŞİRKETİ,BİLDES BİLİŞİM DESTEK HİZMETLERİ DANIŞMANLIK ORGANİZASYON TURİZM İÇ VE DIŞ TİCARET LİMİTED ŞİRKETİ,0.5
CSIT BİLİŞİM ANONİM ŞİRKETİ,ON İLAÇLAMA SAĞLIK HİZMETLERİ İNŞAAT ELETRONİK GIDA ÜRÜNLERİ BİLGİSAYAR TEMİZLİK HİZMETLERİ İNSAN KAYNAKLARI VE TAAHHÜT SANAYİ TİCARET LİMİTED ŞİRKETİ,0.3333333333333333
CSIT BİLİŞİM ANONİM ŞİRKETİ,PRODAY BİLİŞİM TEKNOLOJİLERİ TİCARET ANONİM ŞİRKETİ,0.358974358974359
CSIT BİLİŞİM ANONİM ŞİRKETİ,PSEUDONYM_340,0.3333333333333333
CSIT BİLİŞİM ANONİM ŞİRKETİ,SEBİL BİLGİSAYAR MÜHENDİSLİK İNŞAAT SANAYİ VE TİCARET ANONİM ŞİRKETİ.,0.5
CSIT BİLİŞİM ANONİM ŞİRKETİ,SHK BİLİŞİM TEKNOLOJİLERİ LİMİTED ŞİRKETİ,0.3333333333333333
CSIT BİLİŞİM ANONİM ŞİRKETİ,ZERODAY BİLGİ TEKNOLOJİLERİ SANAYİ VE TİCARET ANONİM ŞİRKETİ,0.3333333333333333
CSIT BİLİŞİM ANONİM ŞİRKETİ,ÇEKİNO SAVUNMA ELEKTRONİK VE BİLİŞİM ANONİM ŞİRKETİ,0.3958333333333333
CSIT BİLİŞİM ANONİM ŞİRKETİ,İNTER BİLGİSAYAR ELE KTRİK ELEKT.SAN. DIŞ.TİC.LTD.ŞTİ.,0.3333333333333333
ANKAREF BİLİŞİM TEKN OLOJİLERİ MÜH İM SAN TİC LTD ŞTİ,RENİS DIŞ TİCARET LİMİTED ŞİRKETİ,1.0
RENİS DIŞ TİCARET LİMİTED ŞİRKETİ,APAZ MEDİKAL ÜRÜN VE BİLİŞİM YAZILIM SANAYİ VE TİCARET ANONİM ŞİRKETİ,0.5
RENİS DIŞ TİCARET LİMİTED ŞİRKETİ,CEIBA TELE ICU SAĞLIK HİZMETLERİ VE TİCARET ANONİM ŞİRKETİ,0.5
RENİS DIŞ TİCARET LİMİTED ŞİRKETİ,DEM ÇE İNŞ METAL ELEMAD GID TAAH SAN VETİC LTD ŞTİ.,0.3333333333333333
RENİS DIŞ TİCARET LİMİTED ŞİRKETİ,EVREN BİLGİSAYAR MEDKIR.PVC.DOĞ.İNŞ.GID.SN.T.LTD.ŞTİ,0.3333333333333333
RENİS DIŞ TİCARET LİMİTED ŞİRKETİ,KOBİT BİLİŞİM YAZILIM DANIŞMANLIK SANAYİ VE TİCARET LİMİTED ŞİRKETİ.,0.3333333333333333
RENİS DIŞ TİCARET LİMİTED ŞİRKETİ,NETCAD YAZILIM ANONİM ŞİRKETİ,0.32564102564102565
RENİS DIŞ TİCARET LİMİTED ŞİRKETİ,PROLİZ BİLGİSAYAR YAZILIM VE DONANIM HİZMETLERİ SANAYİ VE TİCARET LİMİTED ŞİRKETİ,1.0
RENİS DIŞ TİCARET LİMİTED ŞİRKETİ,PSEUDONYM_170,0.27325581395348836
RENİS DIŞ TİCARET LİMİTED ŞİRKETİ,PSEUDONYM_214,0.3333333333333333
RENİS DIŞ TİCARET LİMİTED ŞİRKETİ,SİBERA İLETİŞİM TEKNOLOJİLERİ SAN VETİC.LTD.ŞTİ.,0.3333333333333333
RENİS DIŞ TİCARET LİMİTED ŞİRKETİ,TEKNOMED BİLİŞ TEK SAĞ VE MED HİZM SANATİC LTD ŞTİ.,0.3333333333333333
ANTASYA YAZILIM BİLGİSAYAR VE ELEKRONİK SİSTEMLERİ İLETİŞİM ENERJİ İNŞAAT MEDİKAL TİCARET LTD ŞTİ,PROLİZ BİLGİSAYAR YAZILIM VE DONANIM HİZMETLERİ SANAYİ VE TİCARET LİMİTED ŞİRKETİ,1.0
PROLİZ BİLGİSAYAR YAZILIM VE DONANIM HİZMETLERİ SANAYİ VE TİCARET LİMİTED ŞİRKETİ,C.B.K.SOFT YAZILIM DONANIM ELEKTRONİK VE BİLGİSAYAR SİSTEMLERİ SANAYİ TİCARET ANONİM ŞİRKETİ,1.738888888888889
PROLİZ BİLGİSAYAR YAZILIM VE DONANIM HİZMETLERİ SANAYİ VE TİCARET LİMİTED ŞİRKETİ,PERCOM BİLİŞİM SİSTEMLERİ OTOMOTİV İNŞAAT VE DANIŞMANLIK DIŞ TİCARET LİMİTED ŞİRKETİ,0.3333333333333333
PROLİZ BİLGİSAYAR YAZILIM VE DONANIM HİZMETLERİ SANAYİ VE TİCARET LİMİTED ŞİRKETİ,PROBİM TEKNOLOJİ GIDA SANAYİ VE TİCARET LTD.ŞTİ.,0.3333333333333333
PROLİZ BİLGİSAYAR YAZILIM VE DONANIM HİZMETLERİ SANAYİ VE TİCARET LİMİTED ŞİRKETİ,SODER BİLGİ TEKNOLOJİLERİ ANONİM ŞİRKETİ,1.3611111111111112
PROLİZ BİLGİSAYAR YAZILIM VE DONANIM HİZMETLERİ SANAYİ VE TİCARET LİMİTED ŞİRKETİ,TEKNOSER BİLGİSAYARTEKNİK HİZM.SAN.VE DIŞ TİC.A.Ş.,0.6111111111111112
PROLİZ BİLGİSAYAR YAZILIM VE DONANIM HİZMETLERİ SANAYİ VE TİCARET LİMİTED ŞİRKETİ,İNFOTÜRK BİLGİSAYAR.ELEKTRONİK HİZMETLERİ SAN.VE TİC.LTD.ŞTİ,0.8611111111111112
ANTE GRUP ELEKTRİK ELEKTRONİK BİLİŞİM İNŞAAT DANIŞMANLIK SANAYİ VE TİCARET LİMİTED ŞİRKETİ.,TEKNOSER BİLGİSAYARTEKNİK HİZM.SAN.VE DIŞ TİC.A.Ş.,1.0714285714285714
TEKNOSER BİLGİSAYARTEKNİK HİZM.SAN.VE DIŞ TİC.A.Ş.,C.B.K.SOFT YAZILIM DONANIM ELEKTRONİK VE BİLGİSAYAR SİSTEMLERİ SANAYİ TİCARET ANONİM ŞİRKETİ,1.075187357445422
TEKNOSER BİLGİSAYARTEKNİK HİZM.SAN.VE DIŞ TİC.A.Ş.,DBI BİLGİ VE İLETİŞİM TEKNOLOJİLERİ ANONİM ŞİRKETİ,0.5777777777777777
TEKNOSER BİLGİSAYARTEKNİK HİZM.SAN.VE DIŞ TİC.A.Ş.,ENORM TEKNOLOJİ VE YAZILIM ANONİM ŞİRKETİ,0.5833333333333334
TEKNOSER BİLGİSAYARTEKNİK HİZM.SAN.VE DIŞ TİC.A.Ş.,ERNST YOUNG KURUMSAL FİNANSMAN DANIŞM ANLIK A.Ş,0.5
TEKNOSER BİLGİSAYARTEKNİK HİZM.SAN.VE DIŞ TİC.A.Ş.,MAİNTY TEKNOLOJİ ANONİM ŞİRKETİ,0.25
TEKNOSER BİLGİSAYARTEKNİK HİZM.SAN.VE DIŞ TİC.A.Ş.,NETİKET BİLGİ TEKNOLOJİLERİ LİMİTED ŞİRKETİ,0.41666666666666663
TEKNOSER BİLGİSAYARTEKNİK HİZM.SAN.VE DIŞ TİC.A.Ş.,PRODAY BİLİŞİM TEKNOLOJİLERİ TİCARET ANONİM ŞİRKETİ,0.6591288332667643
TEKNOSER BİLGİSAYARTEKNİK HİZM.SAN.VE DIŞ TİC.A.Ş.,SUPERONLİNE İLETİŞİM HİZMETLERİ ANONİM ŞİRKETİ,0.3298771121351767
TEKNOSER BİLGİSAYARTEKNİK HİZM.SAN.VE DIŞ TİC.A.Ş.,TELESKOP YAZILIM TEKNOLOJİLERİ ANONİM ŞİRKETİ,0.5
TEKNOSER BİLGİSAYARTEKNİK HİZM.SAN.VE DIŞ TİC.A.Ş.,İNFOTÜRK BİLGİSAYAR.ELEKTRONİK HİZMETLERİ SAN.VE TİC.LTD.ŞTİ,0.5909090909090909
APAZ MEDİKAL ÜRÜN VE BİLİŞİM PROĞRAMLAMA SANAYİ TİCARET LİMİTED ŞİRKETİ,"ENTEGRES BİLİŞİM TEKNOLOJİLERİ LİMİTED ŞİRKETİ, NETRA TELEKOMÜNİKASY ON VE İLETİŞİM HİZ.S AN.TİC.LTD.ŞTİ.",0.5
APAZ MEDİKAL ÜRÜN VE BİLİŞİM YAZILIM SANAYİ VE TİCARET ANONİM ŞİRKETİ,MERGEN YAZILIM ANONİM ŞİRKETİ,1.0
MERGEN YAZILIM ANONİM ŞİRKETİ,PSEUDONYM_034,1.0
APHEL BİLİŞİM HİZMETLERİ DANIŞMANLIK TİCARET LİMİTED ŞİRKETİ,BEYAZ BİLGİSAYAR DANIŞMANLIK HİZ.LTD.ŞTİ,0.35885745799538904
APHEL BİLİŞİM HİZMETLERİ DANIŞMANLIK TİCARET LİMİTED ŞİRKETİ,BEYAZNET BİLİŞİM ANONİM ŞİRKETİ,0.12539184952978055
APHEL BİLİŞİM HİZMETLERİ DANIŞMANLIK TİCARET LİMİTED ŞİRKETİ,ELİPS ELEKTRONİK SAN .VE TİC.LTD.ŞTİ.,0.46031746031746035
APHEL BİLİŞİM HİZMETLERİ DANIŞMANLIK TİCARET LİMİTED ŞİRKETİ,EMPATİK İNSAN KAYNAK LARI EĞİTİM VE D ANŞ.LTD.ŞTİ.,1.0344827586206897
APHEL BİLİŞİM HİZMETLERİ DANIŞMANLIK TİCARET LİMİTED ŞİRKETİ,MEDYASOFT DANIŞMANLIK VE EĞİTİM ANONİM ŞİRKETİ,0.5555555555555556
APHEL BİLİŞİM HİZMETLERİ DANIŞMANLIK TİCARET LİMİTED ŞİRKETİ,NETCAD YAZILIM ANONİM ŞİRKETİ,0.6274068322981367
APHEL BİLİŞİM HİZMETLERİ DANIŞMANLIK TİCARET LİMİTED ŞİRKETİ,SAMPAŞ BİLİŞİM VE İLETİŞİM SİSTEMLERİ SANAYİ VE TİCARET A.Ş.,0.5
BEYAZ BİLGİSAYAR DANIŞMANLIK HİZ.LTD.ŞTİ,BEYAZNET BİLİŞİM ANONİM ŞİRKETİ,0.14864766348326894
BEYAZ BİLGİSAYAR DANIŞMANLIK HİZ.LTD.ŞTİ,C.B.K.SOFT YAZILIM DONANIM ELEKTRONİK VE BİLGİSAYAR SİSTEMLERİ SANAYİ TİCARET ANONİM ŞİRKETİ,1.1394009216589862
BEYAZ BİLGİSAYAR DANIŞMANLIK HİZ.LTD.ŞTİ,ELİPS ELEKTRONİK SAN .VE TİC.LTD.ŞTİ.,0.27142857142857146
BEYAZ BİLGİSAYAR DANIŞMANLIK HİZ.LTD.ŞTİ,MOREUM BİLİŞİM TEKNOLOJİLERİ A.Ş.,0.2159090909090909
BEYAZ BİLGİSAYAR DANIŞMANLIK HİZ.LTD.ŞTİ,NORMATÜRK ULUSLARARASI NORMALİZASYON VEBELGELENDİRME LTD ŞT,0.19682042095835198
BEYAZ BİLGİSAYAR DANIŞMANLIK HİZ.LTD.ŞTİ,İNSPİRİT BİLGİ TEKNOLOJİLERİ YAZILIM DANIŞMANLIK TİC.LTD.ŞTİ,0.24283253353020795
BEYAZNET BİLİŞİM ANONİM ŞİRKETİ,BONİTA İNTERNET TEKNOLOJİ TİCARET LİMİTED ŞİRKETİ,0.12539184952978055
BEYAZNET BİLİŞİM ANONİM ŞİRKETİ,NORMATÜRK ULUSLARARASI NORMALİZASYON VEBELGELENDİRME LTD ŞT,0.12539184952978055
ELİPS ELEKTRONİK SAN .VE TİC.LTD.ŞTİ.,C.B.K.SOFT YAZILIM DONANIM ELEKTRONİK VE BİLGİSAYAR SİSTEMLERİ SANAYİ TİCARET ANONİM ŞİRKETİ,1.1186868686868685
ELİPS ELEKTRONİK SAN .VE TİC.LTD.ŞTİ.,DİJİTAL DÜNYA İLETİŞİM BİLGİSAYAR İŞLEM MERKEZİ SES VE GÖRÜNTÜ SİSTEMLERİ ELEKTRİKLİ VE ELEKTRONİK CİHAZLAR SANAYİ VE TİCARET LİMİTED ŞİRKETİ,0.5
ELİPS ELEKTRONİK SAN .VE TİC.LTD.ŞTİ.,MYRONET TELEKOMİNİKASYON VE BİLGİ TEKNOLOJİLERİ TİCARET LİMİTED ŞİRKETİ,1.0
ELİPS ELEKTRONİK SAN .VE TİC.LTD.ŞTİ.,PSEUDONYM_509,0.5833333333333333
ELİPS ELEKTRONİK SAN .VE TİC.LTD.ŞTİ.,PSEUDONYM_684,1.0
ELİPS ELEKTRONİK SAN .VE TİC.LTD.ŞTİ.,SAMPAŞ BİLİŞİM VE İLETİŞİM SİSTEMLERİ SANAYİ VE TİCARET A.Ş.,0.43333333333333335
MEDYASOFT DANIŞMANLIK VE EĞİTİM ANONİM ŞİRKETİ,GLOBAL FORTE BİLİŞİM TEKNOLOJİLERİ VE DANIŞMANLIK ANONİM ŞİRKETİ,0.5
MEDYASOFT DANIŞMANLIK VE EĞİTİM ANONİM ŞİRKETİ,MS TEDARİK TEKNOLOJİ SANAYİ VE TİCARET LİMİTED ŞİRKETİ,0.5
NETCAD YAZILIM ANONİM ŞİRKETİ,BEYAZ WEB TEKNOLOJİLERİ LİMİTED ŞİRKETİ,0.55
NETCAD YAZILIM ANONİM ŞİRKETİ,BİVENT YAZILIM ANONİM ŞİRKETİ,1.0
NETCAD YAZILIM ANONİM ŞİRKETİ,CADBİM BİLGİSAYAR ÖZEL EĞİTİM DANIŞMANLIK PAZARLAMA SANAYİ VE TİCARET LİMİTED ŞİRKETİ,0.753968253968254
NETCAD YAZILIM ANONİM ŞİRKETİ,DENEYSAN EĞİTİM CİHA ZLARI SAN.VE TİC.LTD ŞTİ.,1.0
NETCAD YAZILIM ANONİM ŞİRKETİ,EŞKOM BİLGİSAYAR SAN AYİ TİCARET A.Ş.,1.1666666666666667
NETCAD YAZILIM ANONİM ŞİRKETİ,KODA BİLİŞİM SANAYİ VE TİCARET ANONİM ŞİRKETİ,0.7
NETCAD YAZILIM ANONİM ŞİRKETİ,LTS BİLİŞİM TEKNOLOJİLERİ TİCARET LİMİTED ŞİRKETİ,0.5
NETCAD YAZILIM ANONİM ŞİRKETİ,LİVATECH BİLİŞİM TEKNOLOJİLERİ VE DANIŞMANLIK LİMİTED ŞİRKETİ,1.5
NETCAD YAZILIM ANONİM ŞİRKETİ,MERKEZ COĞRAFYA BİLİŞİM SİSTEMLERİ VE MÜHENDİSLİK LİMİTED ŞİRKETİ,1.2916666666666665
NETCAD YAZILIM ANONİM ŞİRKETİ,MS TEDARİK TEKNOLOJİ SANAYİ VE TİCARET LİMİTED ŞİRKETİ,0.6111111111111112
NETCAD YAZILIM ANONİM ŞİRKETİ,OLGU BİLGİSAYAR SİST EMLERİ SANAYİ Tİ CARET LTD.ŞTİ.,3.7
NETCAD YAZILIM ANONİM ŞİRKETİ,PROVİT BİLİŞİM TEKNOLOJİLERİ TİCARETLTD.ŞTİ.,0.5
NETCAD YAZILIM ANONİM ŞİRKETİ,PSEUDONYM_468,0.3269230769230769
NETCAD YAZILIM ANONİM ŞİRKETİ,PSEUDONYM_690,1.0
NETCAD YAZILIM ANONİM ŞİRKETİ,PİTON BİLGİSAYAR TEKEĞİTİM DANIŞMANLIK LTD.ŞTİ.,1.0
NETCAD YAZILIM ANONİM ŞİRKETİ,SHK BİLİŞİM TEKNOLOJİLERİ LİMİTED ŞİRKETİ,1.0
NETCAD YAZILIM ANONİM ŞİRKETİ,TERACİTY YAZILIM TEKNOLOJİLERİ SANAYİ VE TİCARET ANONİM ŞİRKETİ,1.1428571428571428
NETCAD YAZILIM ANONİM ŞİRKETİ,TGAR BİLGİSAYAR ELEKTRONİK İLET.SİS.SAN.VE TİC.A.Ş.,0.75
NETCAD YAZILIM ANONİM ŞİRKETİ,ULUSAL CAD VE GIS ÇÖZÜMLERİ MÜH.BİLG.EĞT.TİC.A.Ş.,0.4983974358974359
NETCAD YAZILIM ANONİM ŞİRKETİ,UVMSYSTEMS TR BİLİŞİM TEKNOLOJİLERİ LİMİTED ŞİRKETİ,1.0
NETCAD YAZILIM ANONİM ŞİRKETİ,UÇBEYİ SİBER GÜVENLİK VE BİLİŞİM SİSTEMLERİ ANONİM ŞİRKETİ,1.0
NETCAD YAZILIM ANONİM ŞİRKETİ,VADİ KURUMSAL BİLGİSİSTEMLERİ LTD.ŞTİ.,0.37601794340924777
NETCAD YAZILIM ANONİM ŞİRKETİ,ÇANKAYA GROUP GÜVENLİK SİSTEMLERİ TİCARET LİMİTED ŞİRKETİ,1.0
NETCAD YAZILIM ANONİM ŞİRKETİ,İNSPİRİT BİLGİ TEKNOLOJİLERİ YAZILIM DANIŞMANLIK TİC.LTD.ŞTİ,1.1111111111111112
SAMPAŞ BİLİŞİM VE İLETİŞİM SİSTEMLERİ SANAYİ VE TİCARET A.Ş.,ENTEGRES BİLGİ VE İLETİŞİM TEKNOLOJİLERİ SANAYİ VE TİCARET ANONİM ŞİRKETİ,1.0
SAMPAŞ BİLİŞİM VE İLETİŞİM SİSTEMLERİ SANAYİ VE TİCARET A.Ş.,PSEUDONYM_261,1.0
SAMPAŞ BİLİŞİM VE İLETİŞİM SİSTEMLERİ SANAYİ VE TİCARET A.Ş.,TEOSOFT YAZILIM DONANIM BİLGİSAYAR EĞİTİM DANIŞMANLIK SANAYİ VE TİCARET LİMİTED ŞİRKETİ,0.25
ARGETE YAZILIM BİLİŞİM SANAYİ VE TİCARET LİMİTED ŞİRKETİ LİMİTED ŞİRKETİ,ODAKENT ALTYAPI VE ÇEVRE ÇÖZÜMLERİ MÜHENDİSLİK MÜŞAVİRLİK ARAŞTIRMA VE GELİŞTİRME TİC LİMİTED ŞİRKETİ,1.0
ODAKENT ALTYAPI VE ÇEVRE ÇÖZÜMLERİ MÜHENDİSLİK MÜŞAVİRLİK ARAŞTIRMA VE GELİŞTİRME TİC LİMİTED ŞİRKETİ,BAŞARSOFT BİLGİ TEKNOLOJİLERİ ANONİM ŞİRKETİ,0.5
ODAKENT ALTYAPI VE ÇEVRE ÇÖZÜMLERİ MÜHENDİSLİK MÜŞAVİRLİK ARAŞTIRMA VE GELİŞTİRME TİC LİMİTED ŞİRKETİ,MOBİLİZ BİLGİ VE İLE TİŞİM TEKNOLOJİL ERİ A.Ş.,0.5
ARKENOM TEKNOLOJİ HİZMETLERİ SANAYİ VE TİCARET ANONİM ŞİRKETİ,ATOS BİLİŞİM DANIŞMANLIK VE MÜŞTERİ HİZMETLERİ SANAYİ VE TİCARET ANONİM ŞİRKETİ,0.27692307692307694
ARKENOM TEKNOLOJİ HİZMETLERİ SANAYİ VE TİCARET ANONİM ŞİRKETİ,C.B.K.SOFT YAZILIM DONANIM ELEKTRONİK VE BİLGİSAYAR SİSTEMLERİ SANAYİ TİCARET ANONİM ŞİRKETİ,0.6935897435897436
ARKENOM TEKNOLOJİ HİZMETLERİ SANAYİ VE TİCARET ANONİM ŞİRKETİ,GOMAP MÜHENDİSLİK MÜŞAVİRLİK DANIŞMANLIK VE ARAŞTIRMA TİCARET LİMİTED ŞİRKETİ,0.25
ARKENOM TEKNOLOJİ HİZMETLERİ SANAYİ VE TİCARET ANONİM ŞİRKETİ,ŞEHİR BİLİŞİM MÜHENDİSLİK İNŞAAT SANAYİ VE TİCARET LİMİTED ŞİRKETİ,0.25
ATOS BİLİŞİM DANIŞMANLIK VE MÜŞTERİ HİZMETLERİ SANAYİ VE TİCARET ANONİM ŞİRKETİ,MATRİS BİLİŞİM TEKNOLOJİLERİ TİCARET ANONİM ŞİRKETİ,0.25
ATOS BİLİŞİM DANIŞMANLIK VE MÜŞTERİ HİZMETLERİ SANAYİ VE TİCARET ANONİM ŞİRKETİ,İSNET İSTANBUL NET TELEKOMÜNİKASYON ELEKTRONİK SERVİS HİZMETLERİ TİCARET VE SANAYİ ANONİM ŞİRKETİ,0.25
C.B.K.SOFT YAZILIM DONANIM ELEKTRONİK VE BİLGİSAYAR SİSTEMLERİ SANAYİ TİCARET ANONİM ŞİRKETİ,ARTI VE ARTI TEKNOLOJİ HİZM.SAN.TİC.AŞ,0.3958333333333333
C.B.K.SOFT YAZILIM DONANIM ELEKTRONİK VE BİLGİSAYAR SİSTEMLERİ SANAYİ TİCARET ANONİM ŞİRKETİ,BİLGİTÜRK BİLG.TEKN.SAN.VE TİC.A.Ş.,0.4801587301587301
C.B.K.SOFT YAZILIM DONANIM ELEKTRONİK VE BİLGİSAYAR SİSTEMLERİ SANAYİ TİCARET ANONİM ŞİRKETİ,BİLİŞİM BİLGİSAYAR ELEKTRONİK ENDÜSTRİ VE OFİS OTOMASYON SİSTEMLERİ SANAYİ TİCARET LİMİTED ŞİRKETİ,0.5769230769230769
C.B.K.SOFT YAZILIM DONANIM ELEKTRONİK VE BİLGİSAYAR SİSTEMLERİ SANAYİ TİCARET ANONİM ŞİRKETİ,ENFO BİLİŞİM ANONİM ŞİRKETİ,0.5
C.B.K.SOFT YAZILIM DONANIM ELEKTRONİK VE BİLGİSAYAR SİSTEMLERİ SANAYİ TİCARET ANONİM ŞİRKETİ,KURALKAN BİLİŞİM OTOMOTİV SANAYİ VE DIŞ TİCARET ANONİM ŞİRKETİ,0.3333333333333333
C.B.K.SOFT YAZILIM DONANIM ELEKTRONİK VE BİLGİSAYAR SİSTEMLERİ SANAYİ TİCARET ANONİM ŞİRKETİ,M.B.İ.S BİLGİSAYAR OTOMASYON DANIŞMANLIK VE EĞİTİM HİZMETLERİ SANAYİ TİCARET ANONİM ŞİRKETİ,1.0
C.B.K.SOFT YAZILIM DONANIM ELEKTRONİK VE BİLGİSAYAR SİSTEMLERİ SANAYİ TİCARET ANONİM ŞİRKETİ,MCH İNTERAKTİF TASAR IM VE GELİŞT.HİZMETL ERİ LTD.ŞTİ.,1.0
C.B.K.SOFT YAZILIM DONANIM ELEKTRONİK VE BİLGİSAYAR SİSTEMLERİ SANAYİ TİCARET ANONİM ŞİRKETİ,PERCOM BİLİŞİM SİSTEMLERİ OTOMOTİV İNŞAAT VE DANIŞMANLIK DIŞ TİCARET LİMİTED ŞİRKETİ,0.3333333333333333
C.B.K.SOFT YAZILIM DONANIM ELEKTRONİK VE BİLGİSAYAR SİSTEMLERİ SANAYİ TİCARET ANONİM ŞİRKETİ,PROBİL BİLGİ İŞLEM D ESTEK VE DANIŞ.S AN.VE TİC.A.Ş.,0.3333333333333333
C.B.K.SOFT YAZILIM DONANIM ELEKTRONİK VE BİLGİSAYAR SİSTEMLERİ SANAYİ TİCARET ANONİM ŞİRKETİ,PROBİM TEKNOLOJİ GIDA SANAYİ VE TİCARET LTD.ŞTİ.,0.3655913978494624
C.B.K.SOFT YAZILIM DONANIM ELEKTRONİK VE BİLGİSAYAR SİSTEMLERİ SANAYİ TİCARET ANONİM ŞİRKETİ,PROTEZ SAĞLIK ÇÖZÜML ERİ BİLİŞİM İNŞAAT T ARIM SAN VE TİC A.Ş.,1.0
C.B.K.SOFT YAZILIM DONANIM ELEKTRONİK VE BİLGİSAYAR SİSTEMLERİ SANAYİ TİCARET ANONİM ŞİRKETİ,VBT BİLGİ TEKNOLOJİLERİ ANONİM ŞİRKETİ,0.22619047619047616
C.B.K.SOFT YAZILIM DONANIM ELEKTRONİK VE BİLGİSAYAR SİSTEMLERİ SANAYİ TİCARET ANONİM ŞİRKETİ,İSTANBUL UYGULAMALIGAZ.VE EN.TEK.ARMÜH.SAN.VE Tİ.AŞ,0.6666666666666666
GOMAP MÜHENDİSLİK MÜŞAVİRLİK DANIŞMANLIK VE ARAŞTIRMA TİCARET LİMİTED ŞİRKETİ,PSEUDONYM_082,1.0
GOMAP MÜHENDİSLİK MÜŞAVİRLİK DANIŞMANLIK VE ARAŞTIRMA TİCARET LİMİTED ŞİRKETİ,İŞLEM COĞRAFİ BİLGİ SİSTEMLERİ MÜHENDİSLİK VE EĞİTİM ANONİM ŞİRKETİ,1.905194805194805
E-KALİTE YAZILIM DONANIM MÜHENDİSLİK TASARIM VE İNTERNET HİZMETLERİ SANAYİ TİCARET LİMİTED ŞİRKETİ,RDS TEKNOLOJİ DANIŞMANLIK SANAYİ VE TİCARET LİMİTED ŞİRKETİ,0.3333333333333333
E-KALİTE YAZILIM DONANIM MÜHENDİSLİK TASARIM VE İNTERNET HİZMETLERİ SANAYİ TİCARET LİMİTED ŞİRKETİ,SİGNUM TEKNOLOJİ TAN ITIM VE EĞİTİM L TD.ŞTİ.,0.3333333333333333
METASOFT BİLGİSAYAR BİLGİ İŞLEM HİZMETLERİ SANAYİ VE TİCARET LİMİTED ŞİRKETİ,PROTEZ SAĞLIK ÇÖZÜML ERİ BİLİŞİM İNŞAAT T ARIM SAN VE TİC A.Ş.,2.0
OLGU BİLGİSAYAR SİST EMLERİ SANAYİ Tİ CARET LTD.ŞTİ.,BALDEM BİLİŞİM LİMİTED ŞİRKETİ,1.0
OLGU BİLGİSAYAR SİST EMLERİ SANAYİ Tİ CARET LTD.ŞTİ.,CADBİM BİLGİSAYAR ÖZEL EĞİTİM DANIŞMANLIK PAZARLAMA SANAYİ VE TİCARET LİMİTED ŞİRKETİ,0.5
OLGU BİLGİSAYAR SİST EMLERİ SANAYİ Tİ CARET LTD.ŞTİ.,MEKANSAL PLANLAMA MİMARLIK MÜHENDİSLİK PROJE BİLİŞİM İNŞAAT TAAHHÜT SANAYİ VE TİCARET LİMİTED ŞİRKETİ,1.0
OLGU BİLGİSAYAR SİST EMLERİ SANAYİ Tİ CARET LTD.ŞTİ.,VADİ KURUMSAL BİLGİSİSTEMLERİ LTD.ŞTİ.,0.5
BİLBEST BİLİŞİM SAĞ.EĞİT.DIŞ TİC.VESAN.LTD.ŞTİ.,CEIBA TELE ICU SAĞLIK HİZMETLERİ VE TİCARET ANONİM ŞİRKETİ,3.0
ART TELEKOM SANAYİ VE TİCARET LTD.ŞTİ,ARVENTO MOBİL SİSTEMLER ANONİM ŞİRKETİ,0.16666666666666666
ART TELEKOM SANAYİ VE TİCARET LTD.ŞTİ,GLOBAL FORTE BİLİŞİM TEKNOLOJİLERİ VE DANIŞMANLIK ANONİM ŞİRKETİ,0.16666666666666666
ART TELEKOM SANAYİ VE TİCARET LTD.ŞTİ,GSA ELEKTRONİK PAZARLAMA VE TİC.LTD.ŞTİ.,0.16666666666666666
ART TELEKOM SANAYİ VE TİCARET LTD.ŞTİ,REMM ENERJİ MÜHENDİSLİK DANIŞMANLIK HAYVANCILIK SANAYİ VE TİCARET LİMİTED ŞİRKETİ,0.16666666666666666
ART TELEKOM SANAYİ VE TİCARET LTD.ŞTİ,İTECH ROBOTİK OTOMASYON YENİLENEBİLİR ENERJİ EĞİTİM MEDİKAL TAAHHÜT SANAYİ VE TİCARET LİMİTED ŞİRKETİ,0.16666666666666666
ART TELEKOM SANAYİ VE TİCARET LTD.ŞTİ,İŞLEM COĞRAFİ BİLGİ SİSTEMLERİ MÜHENDİSLİK VE EĞİTİM ANONİM ŞİRKETİ,0.16666666666666666
ARVENTO MOBİL SİSTEMLER ANONİM ŞİRKETİ,KR OTOMASYON VE ENDÜSTRİYEL BİL.HİZMETLESAN VE TİC.LTD.ŞTİ.,0.5
ARVENTO MOBİL SİSTEMLER ANONİM ŞİRKETİ,KRİZMA BİLGİSAYAR YAZILIM SİSTEMLERİ SAN.LTD.ŞTİ.,0.5
İŞLEM COĞRAFİ BİLGİ SİSTEMLERİ MÜHENDİSLİK VE EĞİTİM ANONİM ŞİRKETİ,BALDEM BİLİŞİM LİMİTED ŞİRKETİ,1.0
İŞLEM COĞRAFİ BİLGİ SİSTEMLERİ MÜHENDİSLİK VE EĞİTİM ANONİM ŞİRKETİ,MEKANSAL PLANLAMA MİMARLIK MÜHENDİSLİK PROJE BİLİŞİM İNŞAAT TAAHHÜT SANAYİ VE TİCARET LİMİTED ŞİRKETİ,1.0
İŞLEM COĞRAFİ BİLGİ SİSTEMLERİ MÜHENDİSLİK VE EĞİTİM ANONİM ŞİRKETİ,MEKSEM MÜHENDİSLİK DANIŞMANLIK ENERJİ SİSTEMLERİ SANAYİ TİCARET LİMİTED ŞİRKETİ,0.5
İŞLEM COĞRAFİ BİLGİ SİSTEMLERİ MÜHENDİSLİK VE EĞİTİM ANONİM ŞİRKETİ,MLG BİLİŞİM ANONİM ŞİRKETİ,1.1428571428571428
İŞLEM COĞRAFİ BİLGİ SİSTEMLERİ MÜHENDİSLİK VE EĞİTİM ANONİM ŞİRKETİ,MODÜL PLANLAMA HARİTA İNŞ. VE TİC. LTD.ŞTİ.,1.0
İŞLEM COĞRAFİ BİLGİ SİSTEMLERİ MÜHENDİSLİK VE EĞİTİM ANONİM ŞİRKETİ,PROMETUS BİLG.SİST.SAN.VE TİC.LTD.ŞTİ.,0.3333333333333333
İŞLEM COĞRAFİ BİLGİ SİSTEMLERİ MÜHENDİSLİK VE EĞİTİM ANONİM ŞİRKETİ,SADAM SIFIR ATIK EĞİTİM PROJE VE DANIŞMANLIK MERKEZİ LİMİTED ŞİRKETİ,1.0
İŞLEM COĞRAFİ BİLGİ SİSTEMLERİ MÜHENDİSLİK VE EĞİTİM ANONİM ŞİRKETİ,TÜRK TELEKOMÜNİKASYON ANONİM ŞİRKETİ,0.5
ARTI VE ARTI TEKNOLOJİ HİZM.SAN.TİC.AŞ,KURALKAN BİLİŞİM OTOMOTİV SANAYİ VE DIŞ TİCARET ANONİM ŞİRKETİ,0.3333333333333333
ARTI VE ARTI TEKNOLOJİ HİZM.SAN.TİC.AŞ,TIPPLUS YAZILIM VE BİLİŞİM TEKNOLOJİLERİ ANONİM ŞİRKETİ,1.0
KURALKAN BİLİŞİM OTOMOTİV SANAYİ VE DIŞ TİCARET ANONİM ŞİRKETİ,BİZNET BİLİŞİM SİSTEMLERİ VE DANIŞMANLIK SAN.TİC.A.Ş,0.2
KURALKAN BİLİŞİM OTOMOTİV SANAYİ VE DIŞ TİCARET ANONİM ŞİRKETİ,DATA MARKET BİLGİ HİZMETLERİ ANONİM ŞİRKETİ,0.23448275862068968
KURALKAN BİLİŞİM OTOMOTİV SANAYİ VE DIŞ TİCARET ANONİM ŞİRKETİ,NETAŞ TELEKOMÜNİKASYON ANONİM ŞİRKETİ,0.2
KURALKAN BİLİŞİM OTOMOTİV SANAYİ VE DIŞ TİCARET ANONİM ŞİRKETİ,ORAN TEKNOLOJİ YAZILIM DANIŞMANLIK VE EĞİTİM LTD ŞTİ,0.22702702702702704
AS&amp;G MÜH.MİM.İNŞ.TAH DAN.MED.ÖZ.SAĞ.H.MOB Ö.EĞ.RH.ET.H.TŞ.LT.Ş,DİJİTAL DÜNYA İLETİŞİM BİLGİSAYAR İŞLEM MERKEZİ SES VE GÖRÜNTÜ SİSTEMLERİ ELEKTRİKLİ VE ELEKTRONİK CİHAZLAR SANAYİ VE TİCARET LİMİTED ŞİRKETİ,1.0
ASA BİLGİ VE GÜVENLİK SİSTEMLERİ ELEKTRİK ELEKTRONİK İNŞAAT İNSAN KAYNAKLARI GIDA SANAYİ VE TİCARET LİMİTED ŞİRKETİ,TÜRK TELEKOMÜNİKASYON ANONİM ŞİRKETİ,1.0
TÜRK TELEKOMÜNİKASYON ANONİM ŞİRKETİ,BAŞARSOFT BİLGİ TEKNOLOJİLERİ ANONİM ŞİRKETİ,0.3111111111111111
TÜRK TELEKOMÜNİKASYON ANONİM ŞİRKETİ,BİLGİBİM BİLGİSAYAR TEKNOLOJİLERİ İLETİŞİM ELEKTRONİK SANAYİ VE TİCARET LİMİTED ŞİRKETİ,1.0
TÜRK TELEKOMÜNİKASYON ANONİM ŞİRKETİ,GENÇ DATA BİLGİSAYAR SİS EĞT SER TİC VE PAZ LTD ŞTİ,1.0
TÜRK TELEKOMÜNİKASYON ANONİM ŞİRKETİ,KUZEYTEK GRUP ENDÜSTRİYEL HIRDAVAT SANAYİ VE TİCARET LİMİTED ŞİRKETİ,1.0
TÜRK TELEKOMÜNİKASYON ANONİM ŞİRKETİ,LTS BİLİŞİM TEKNOLOJİLERİ TİCARET LİMİTED ŞİRKETİ,0.3333333333333333
ASELSAN ELEKTRONİK SANAYİ VE TİC.A.Ş.,DOĞUMAK BÜRO SİSTEMLERİ İNŞAAT TİCARET VE SANAYİ LİMİTED ŞİRKETİ,0.5
ASELSAN ELEKTRONİK SANAYİ VE TİC.A.Ş.,ROYAL SOSYAL HİZMETLER İNŞAAT OTOMASYON ÖZEL SAĞLIK TAAHÜT VE TİCARET LİMİTED ŞİRKETİ,1.0
ASELSAN ELEKTRONİK SANAYİ VE TİC.A.Ş.,SİSTEM BİLGİSAYAR VE TEKNİK HİZ.SAN.A.Ş.,0.5
DOĞUMAK BÜRO SİSTEMLERİ İNŞAAT TİCARET VE SANAYİ LİMİTED ŞİRKETİ,DİGİTOLİA DİJİTAL ANADOLU TEKNOLOJİ SANAYİ VE TİCARET LİMİTED ŞİRKETİ,0.75
ASIR DİGİTAL BİLGİ SİSTEMLERİ ANONİM ŞİRKETİ,BİLİŞİM İNOVASYON SA N.VE TİC.LTD.ŞTİ.,0.3333333333333333
BİLİŞİM İNOVASYON SA N.VE TİC.LTD.ŞTİ.,PSEUDONYM_367,1.0
BİLİŞİM İNOVASYON SA N.VE TİC.LTD.ŞTİ.,SİSTEMAR TEKNOLOJİ VE BİLGİSAYAR SİSTEMLERİ SANAYİ VE TİCARET LİMİTED ŞİRKETİ,0.3333333333333333
ASİS ELEKTRONİK VE BİLİŞİM SİSTEMLERİ ANONİM ŞİRKETİ,EVREN BİLGİSAYAR MEDKIR.PVC.DOĞ.İNŞ.GID.SN.T.LTD.ŞTİ,1.0
EVREN BİLGİSAYAR MEDKIR.PVC.DOĞ.İNŞ.GID.SN.T.LTD.ŞTİ,PSEUDONYM_048,1.1111111111111112
ASİST BİLGİ TEKNOLOJİLERİ VE ELKTRONİK HABERLEŞME LİMİTED ŞİRKETİ.,DİGİTOLİA DİJİTAL ANADOLU TEKNOLOJİ SANAYİ VE TİCARET LİMİTED ŞİRKETİ,1.0
DİGİTOLİA DİJİTAL ANADOLU TEKNOLOJİ SANAYİ VE TİCARET LİMİTED ŞİRKETİ,DONBAY YAZILIM HİZMETLERİ SANAYİ VE TİCARET LİMİTED ŞİRKETİ,0.5
ATIKNAKİT GERİ DÖNÜŞÜM LİMİTED ŞİRKETİ,DICIWALL DİJİTAL MEDYA ANONİM ŞİRKETİ,0.25
ATIKNAKİT GERİ DÖNÜŞÜM LİMİTED ŞİRKETİ,EMSAL BİLİŞİM MEDİKAL ELEKT.OTOMASYON SİST.SAN.TİC.LTD.ŞTİ.,0.25
ATIKNAKİT GERİ DÖNÜŞÜM LİMİTED ŞİRKETİ,LACİTEK BİLİŞİM ANONİM ŞİRKETİ,0.25
ATIKNAKİT GERİ DÖNÜŞÜM LİMİTED ŞİRKETİ,MYSİS BİLGİ TEKNOLOJİLERİ SAN.VE DIŞ TİC. LTD.ŞTİ.,0.25
DICIWALL DİJİTAL MEDYA ANONİM ŞİRKETİ,EMSAL BİLİŞİM MEDİKAL ELEKT.OTOMASYON SİST.SAN.TİC.LTD.ŞTİ.,0.25
DICIWALL DİJİTAL MEDYA ANONİM ŞİRKETİ,LACİTEK BİLİŞİM ANONİM ŞİRKETİ,0.25
DICIWALL DİJİTAL MEDYA ANONİM ŞİRKETİ,MYSİS BİLGİ TEKNOLOJİLERİ SAN.VE DIŞ TİC. LTD.ŞTİ.,0.25
EMSAL BİLİŞİM MEDİKAL ELEKT.OTOMASYON SİST.SAN.TİC.LTD.ŞTİ.,ECO FİLO BİLGİ TEKNOLOJİLERİ TİCARET LİMİTED ŞİRKETİ,0.3333333333333333
EMSAL BİLİŞİM MEDİKAL ELEKT.OTOMASYON SİST.SAN.TİC.LTD.ŞTİ.,MMM GRUP BİLİŞİM VETURİZM SAN.TİC.LTD.ŞTİ.,0.3333333333333333
EMSAL BİLİŞİM MEDİKAL ELEKT.OTOMASYON SİST.SAN.TİC.LTD.ŞTİ.,MS TEDARİK TEKNOLOJİ SANAYİ VE TİCARET LİMİTED ŞİRKETİ,0.3333333333333333
EMSAL BİLİŞİM MEDİKAL ELEKT.OTOMASYON SİST.SAN.TİC.LTD.ŞTİ.,ORYAZ ORDU YAZILIM DONANIM ARGE ALTYAPI SANAYİ VE TİCARET ANONİM ŞİRKETİ,0.3333333333333333
EMSAL BİLİŞİM MEDİKAL ELEKT.OTOMASYON SİST.SAN.TİC.LTD.ŞTİ.,SUPERONLİNE İLETİŞİM HİZMETLERİ ANONİM ŞİRKETİ,0.358974358974359
EMSAL BİLİŞİM MEDİKAL ELEKT.OTOMASYON SİST.SAN.TİC.LTD.ŞTİ.,ÜNİVERSAL BİLGİ TEKNOLOJİLERİ LTD.ŞTİ.,0.5
ATILGAN SİNYALİZASYON ELEKTR.ELEKTRO.İNŞ.İTH.İHR.SAN.VE TİC.LTD.ŞTİ,PARABOL YAZILIM ELEKTRONİK DANIŞMANLIK EĞİTİM SANAYİ VE TİCARET LİMİTED ŞİRKETİ,1.0
PARABOL YAZILIM ELEKTRONİK DANIŞMANLIK EĞİTİM SANAYİ VE TİCARET LİMİTED ŞİRKETİ,MİNOVA TEK.ELKTRONİK SAN.VE TİC.LTD.Ş Tİ.,0.5
PARABOL YAZILIM ELEKTRONİK DANIŞMANLIK EĞİTİM SANAYİ VE TİCARET LİMİTED ŞİRKETİ,VERİFONE ELEKTRONİK VE DANIŞMANLIK LTD ŞTİ,0.5
MATRİS BİLİŞİM TEKNOLOJİLERİ TİCARET ANONİM ŞİRKETİ,VERİFY VERİ İLETİŞİM İ.VE ENFORMASYON TEK.LTD.ŞTİ.,0.25
MATRİS BİLİŞİM TEKNOLOJİLERİ TİCARET ANONİM ŞİRKETİ,İSNET İSTANBUL NET TELEKOMÜNİKASYON ELEKTRONİK SERVİS HİZMETLERİ TİCARET VE SANAYİ ANONİM ŞİRKETİ,0.25
İSNET İSTANBUL NET TELEKOMÜNİKASYON ELEKTRONİK SERVİS HİZMETLERİ TİCARET VE SANAYİ ANONİM ŞİRKETİ,VERİFY VERİ İLETİŞİM İ.VE ENFORMASYON TEK.LTD.ŞTİ.,0.25
AXPART BİLİŞİM ANONİM ŞİRKETİ,GENTEL TELEKOMÜNİKASYON ANONİM ŞİRKETİ,0.7
AXPART BİLİŞİM ANONİM ŞİRKETİ,MEHAZ TEKNOLOJİ YAZILIM BİLİŞİM VE GIDA TİCARET LİMİTED ŞİRKETİ,1.0
AXPART BİLİŞİM ANONİM ŞİRKETİ,İSTTELKOM İSTANBUL ELEKTRONİK HABERLEŞME VE ALTYAPI HİZMETLERİ SANAYİ VE TİCARET ANONİM ŞİRKETİ,0.7
GENTEL TELEKOMÜNİKASYON ANONİM ŞİRKETİ,BULUT BİLİŞİM TEKNOLOJİLERİ LİMİTED ŞİRKETİ,1.0
GENTEL TELEKOMÜNİKASYON ANONİM ŞİRKETİ,BİLGİBİM BİLGİSAYAR TEKNOLOJİLERİ İLETİŞİM ELEKTRONİK SANAYİ VE TİCARET LİMİTED ŞİRKETİ,0.5
GENTEL TELEKOMÜNİKASYON ANONİM ŞİRKETİ,GİSELE BİLGİ TEKNOLOJİLERİ LİMİTED ŞİRKETİ,1.0
GENTEL TELEKOMÜNİKASYON ANONİM ŞİRKETİ,HORİZON BİLGİ TEKNOLOJİLERİ TİC.LTD.ŞTİ,0.5
GENTEL TELEKOMÜNİKASYON ANONİM ŞİRKETİ,MEHAZ TEKNOLOJİ YAZILIM BİLİŞİM VE GIDA TİCARET LİMİTED ŞİRKETİ,0.5
GENTEL TELEKOMÜNİKASYON ANONİM ŞİRKETİ,PSEUDONYM_016,1.0
GENTEL TELEKOMÜNİKASYON ANONİM ŞİRKETİ,SYMPRO BİLİŞİM TEKNOLOJİLERİ TİCARET LİMİTED ŞİRKETİ,0.5
GENTEL TELEKOMÜNİKASYON ANONİM ŞİRKETİ,ÜNİ-PA ÜNİVERSİTE PA ZARLAMA VE BİLG İNTER TİC A Ş,0.5
GENTEL TELEKOMÜNİKASYON ANONİM ŞİRKETİ,İNOKAS BİLGİ SİSTEMLERİ VE DANIŞMANLIK HİZMETLERİ TİCARET LİMİTED ŞİRKETİ,0.5
MEHAZ TEKNOLOJİ YAZILIM BİLİŞİM VE GIDA TİCARET LİMİTED ŞİRKETİ,İSTTELKOM İSTANBUL ELEKTRONİK HABERLEŞME VE ALTYAPI HİZMETLERİ SANAYİ VE TİCARET ANONİM ŞİRKETİ,0.5
İSTTELKOM İSTANBUL ELEKTRONİK HABERLEŞME VE ALTYAPI HİZMETLERİ SANAYİ VE TİCARET ANONİM ŞİRKETİ,MOBİSİS TEKNOLOJİ ANONİM ŞİRKETİ,0.25
İSTTELKOM İSTANBUL ELEKTRONİK HABERLEŞME VE ALTYAPI HİZMETLERİ SANAYİ VE TİCARET ANONİM ŞİRKETİ,NSC BİLİŞİM HİZMETLERİ TİCARET ANONİM ŞİRKETİ,1.237037037037037
İSTTELKOM İSTANBUL ELEKTRONİK HABERLEŞME VE ALTYAPI HİZMETLERİ SANAYİ VE TİCARET ANONİM ŞİRKETİ,PSEUDONYM_219,0.5
İSTTELKOM İSTANBUL ELEKTRONİK HABERLEŞME VE ALTYAPI HİZMETLERİ SANAYİ VE TİCARET ANONİM ŞİRKETİ,SÜRAT BİLİŞİM TEKNOLOJİLERİ SANAYİ TİCARET ANONİM ŞİRKETİ,0.527027027027027
İSTTELKOM İSTANBUL ELEKTRONİK HABERLEŞME VE ALTYAPI HİZMETLERİ SANAYİ VE TİCARET ANONİM ŞİRKETİ,VODAFONE NET İLETİŞİM HİZMETLERİ ANONİM ŞİRKETİ,0.45
AYATEK TEKNOLOJİ YAZILIM BİLGİS.ELK.TELKİNŞ.SAN.VE TİC.LTD.Ş,PROTA BİLGİSAYAR MÜHENDİSLİK DANIŞMANLIK HİZ.A.Ş.,0.2
PROTA BİLGİSAYAR MÜHENDİSLİK DANIŞMANLIK HİZ.A.Ş.,BİLGİ SİSTEMLERİ SAN .VE DIŞ TİC.LTD. ŞTİ.,0.2
PROTA BİLGİSAYAR MÜHENDİSLİK DANIŞMANLIK HİZ.A.Ş.,INNOVERA BİLİŞİM TEKNOLOJİLERİ ANONİM ŞİRKETİ,0.19728506787330316
PROTA BİLGİSAYAR MÜHENDİSLİK DANIŞMANLIK HİZ.A.Ş.,KAYNAK BİLİŞİM KURUM SAL TİCARET VE SANAY İ A.Ş.,0.2
PROTA BİLGİSAYAR MÜHENDİSLİK DANIŞMANLIK HİZ.A.Ş.,PARAMETRE ARAŞTIRMA BİLİŞİM PLANLAMA LTD.ŞTİ.,0.2
PROTA BİLGİSAYAR MÜHENDİSLİK DANIŞMANLIK HİZ.A.Ş.,SAYSİS BİLGİSAYAR SİSTEMLERİ TİCARETLİMİTED ŞİRKETİ,0.5
PROTA BİLGİSAYAR MÜHENDİSLİK DANIŞMANLIK HİZ.A.Ş.,URBAN HACKS BİLGİ TEKNOLOJİLERİ LİMİTED ŞİRKETİ,0.2
PROTA BİLGİSAYAR MÜHENDİSLİK DANIŞMANLIK HİZ.A.Ş.,İNFOTÜRK BİLGİSAYAR.ELEKTRONİK HİZMETLERİ SAN.VE TİC.LTD.ŞTİ,0.5
AYDIN ARAS ELEKT.SAN VE TİC.LTD.ŞTİ.,PERCOM BİLİŞİM SİSTEMLERİ OTOMOTİV İNŞAAT VE DANIŞMANLIK DIŞ TİCARET LİMİTED ŞİRKETİ,0.25
PERCOM BİLİŞİM SİSTEMLERİ OTOMOTİV İNŞAAT VE DANIŞMANLIK DIŞ TİCARET LİMİTED ŞİRKETİ,FİBERKON İLETİŞİM OTOMOTİV GIDA İNŞAAT TAAHHÜT SANAYİ TİCARET LİMİTED ŞİRKETİ,0.3333333333333333
PERCOM BİLİŞİM SİSTEMLERİ OTOMOTİV İNŞAAT VE DANIŞMANLIK DIŞ TİCARET LİMİTED ŞİRKETİ,KENTBİS YAZILIM İŞLE TİM MÜH.LTD.ŞTİ.,0.3333333333333333
PERCOM BİLİŞİM SİSTEMLERİ OTOMOTİV İNŞAAT VE DANIŞMANLIK DIŞ TİCARET LİMİTED ŞİRKETİ,PROBİM TEKNOLOJİ GIDA SANAYİ VE TİCARET LTD.ŞTİ.,0.3973973973973974
PERCOM BİLİŞİM SİSTEMLERİ OTOMOTİV İNŞAAT VE DANIŞMANLIK DIŞ TİCARET LİMİTED ŞİRKETİ,PROTEC BİLİŞİM SANAYİ VE TİCARET LİMİTED ŞİRKETİ,0.25
PERCOM BİLİŞİM SİSTEMLERİ OTOMOTİV İNŞAAT VE DANIŞMANLIK DIŞ TİCARET LİMİTED ŞİRKETİ,PSEUDONYM_209,0.3333333333333333
PERCOM BİLİŞİM SİSTEMLERİ OTOMOTİV İNŞAAT VE DANIŞMANLIK DIŞ TİCARET LİMİTED ŞİRKETİ,SECUVVORLD GÜVENLİK TEKNOLOJİLERİ DIŞ TİCARET LİMİTED ŞİRKETİ,0.25
PERCOM BİLİŞİM SİSTEMLERİ OTOMOTİV İNŞAAT VE DANIŞMANLIK DIŞ TİCARET LİMİTED ŞİRKETİ,ÖZKARDEŞLER ELK ELKTRONİK GIDA MADL İTHİHR.SAN TİC LTD.ŞTİ.,0.25
AYDIN GÜVENLİK SİSTEMLERİ TELEKOMÜNİKASYON İNŞAAT TAAHHÜT SERVİS HİZMETLERİ TİC.LTD.ŞTİ.,ULUSAL CAD VE GIS ÇÖZÜMLERİ MÜH.BİLG.EĞT.TİC.A.Ş.,0.5
ULUSAL CAD VE GIS ÇÖZÜMLERİ MÜH.BİLG.EĞT.TİC.A.Ş.,BEYAZ BİLGİSAYAR YAZILIM MÜH.SAN.VETİC.LTD.ŞTİ.,0.5
ULUSAL CAD VE GIS ÇÖZÜMLERİ MÜH.BİLG.EĞT.TİC.A.Ş.,DERTA PROJE MÜHENDİSLİK ELEKTRİK İNŞAAT TAAHHÜT SANAYİ VE TİCARET LİMİTED ŞİRKETİ,0.5
ULUSAL CAD VE GIS ÇÖZÜMLERİ MÜH.BİLG.EĞT.TİC.A.Ş.,EKİN SOFTWARE TEKNOLOJİ SANAYİ VE TİCARET ANONİM ŞİRKETİ,0.75
ULUSAL CAD VE GIS ÇÖZÜMLERİ MÜH.BİLG.EĞT.TİC.A.Ş.,ERSEL İNŞAAT İMAR PLANLAMA MÜH.VE TİC.LTD.ŞTİ.,1.0
ULUSAL CAD VE GIS ÇÖZÜMLERİ MÜH.BİLG.EĞT.TİC.A.Ş.,KAREL ELEKTRONİK SANAYİ VE TİCARET A.Ş.,1.0
ULUSAL CAD VE GIS ÇÖZÜMLERİ MÜH.BİLG.EĞT.TİC.A.Ş.,PSEUDONYM_216,0.5
ULUSAL CAD VE GIS ÇÖZÜMLERİ MÜH.BİLG.EĞT.TİC.A.Ş.,PSEUDONYM_679,0.5
ULUSAL CAD VE GIS ÇÖZÜMLERİ MÜH.BİLG.EĞT.TİC.A.Ş.,TRUVA YEREL YÖNETİM YAZILIMLARI SANAYİ T İC.LTD.ŞTİ.,0.5
ULUSAL CAD VE GIS ÇÖZÜMLERİ MÜH.BİLG.EĞT.TİC.A.Ş.,YAZILIM 3D BİLGİSAYAR TEKNOLOJİLERİ SANAYİ VE TİCARET ANONİM ŞİRKETİ,0.5
AYRO TEKNOLOJİ YAZIL IM DANIŞMANLIK VE EĞ İT.TİC.LTD.ŞTİ.,SADTEK ELEKTRONİK SA NAYİ VE TİCARET LİMİ TED ŞİRKETİ,1.0
AYS ELEKTRONİK BELGE YÖNETİM SİSTEMLERİ TİCARET LİMİTED ŞİRKETİ,BEY BİLGİSAYAR ELEKTRONİK YAZILIM İLETİŞİM SİSTEMLERİ KIRTASİYE İNŞAAT SANAYİ VE TİCARET LİMİTED ŞİRKETİ,0.5
BALDEM BİLİŞİM LİMİTED ŞİRKETİ,BETA BİLGİ TEKNOLOJİLERİ İNŞAAT SANAYİ VE TİCARET LİMİTED ŞİRKETİ,0.3333333333333333
BALDEM BİLİŞİM LİMİTED ŞİRKETİ,ERSEL İNŞAAT İMAR PLANLAMA MÜH.VE TİC.LTD.ŞTİ.,1.0
BALDEM BİLİŞİM LİMİTED ŞİRKETİ,VELORA TEKNOLOJİ VE BİLİŞİM LİMİTED ŞİRKETİ,1.0
BETA BİLGİ TEKNOLOJİLERİ İNŞAAT SANAYİ VE TİCARET LİMİTED ŞİRKETİ,YORDAM BİLİŞİM TEKNOLOJİ DANIŞMANLIK EĞİTİM VE ELEKTRONİK SİSTEMLERİ SANAYİ TİCARET ANONİM ŞİRKETİ,0.3333333333333333
BARBAROS TEKNOLOJİ ORGANİZASYON İLETİŞİM SANAYİ VE TİCARET LİMİTED ŞİRKETİ,PARAMETRE ARAŞTIRMA BİLİŞİM PLANLAMA LTD.ŞTİ.,0.5
BARBAROS TEKNOLOJİ ORGANİZASYON İLETİŞİM SANAYİ VE TİCARET LİMİTED ŞİRKETİ,PSEUDONYM_509,0.75
PARAMETRE ARAŞTIRMA BİLİŞİM PLANLAMA LTD.ŞTİ.,BİMTAŞ BOĞAZİÇİ PEYZAJ İNŞAAT MÜŞAVİRLİK TEKNİK HİZMETLER SANAYİ TİCARET ANONİM ŞİRKETİ,0.3333333333333333
PARAMETRE ARAŞTIRMA BİLİŞİM PLANLAMA LTD.ŞTİ.,MOR YAZILIM HİZMETLERİ VE BİLGİSAYARSİSTEML.LTD.ŞTİ.,1.0
BARIŞ TELEKOM GÜVENLİK SİSTEMLERİ TİCARET LİMİTED ŞİRKETİ,ELEKTROVİSİON GÜVENLİK OTOMASYON SİSTEMLERİ ELEKTRİK TELEKOMÜNİKASYON İNŞAAT SANAYİ VE TİCARET LİMİTED ŞİRKETİ,0.3333333333333333
BARIŞ TELEKOM GÜVENLİK SİSTEMLERİ TİCARET LİMİTED ŞİRKETİ,GÖKDOĞAN LOJİSTİK OTOMOTİV SANAYİ VE TİCARET ANONİM ŞİRKETİ,0.3333333333333333
BARIŞ TELEKOM GÜVENLİK SİSTEMLERİ TİCARET LİMİTED ŞİRKETİ,GÜLÜMSER ELEKTRİK ELEKTRONİK GÜVENLİK SİSTEMLERİ BİLGİSAYAR İNŞAAT DANIŞMANLIK TEKNİK HİZMETLER TAAHHÜT TİCARET LTD.ŞTİ.,0.3333333333333333
BARIŞ TELEKOM GÜVENLİK SİSTEMLERİ TİCARET LİMİTED ŞİRKETİ,PSEUDONYM_379,0.5
BARIŞ TELEKOM GÜVENLİK SİSTEMLERİ TİCARET LİMİTED ŞİRKETİ,TOKAT YAPAR HARİTA MİM.MÜH.İNŞ.TAAH.SAN.TİC.LTD.ŞTİ.,0.5
GÖKDOĞAN LOJİSTİK OTOMOTİV SANAYİ VE TİCARET ANONİM ŞİRKETİ,SPECTRUM YAZILIM BİLİŞİM SANAYİ VE TİCARET LİMİTED ŞİRKETİ,0.5
PSEUDONYM_379,TOKAT YAPAR HARİTA MİM.MÜH.İNŞ.TAAH.SAN.TİC.LTD.ŞTİ.,0.5
BGS BİLGİ SİSTEMLERİSANAYİ VE TİCARET LTD.ŞTİ.,NEX TEKNOLOJİ ANONİM ŞİRKETİ,0.3333333333333333
BGS BİLGİ SİSTEMLERİSANAYİ VE TİCARET LTD.ŞTİ.,TROİS YAZILIM VE MÜHENDİSLİK LİMİTED ŞİRKETİ,0.3333333333333333
BİLGİBİM BİLGİSAYAR TEKNOLOJİLERİ İLETİŞİM ELEKTRONİK SANAYİ VE TİCARET LİMİTED ŞİRKETİ,BİLTAM MÜMESSİLLİK DIŞ TİC.VE SAN.A.Ş.,0.3333333333333333
BİLGİBİM BİLGİSAYAR TEKNOLOJİLERİ İLETİŞİM ELEKTRONİK SANAYİ VE TİCARET LİMİTED ŞİRKETİ,İMKA BİLGİ İŞLEM DANIŞMANLIK ARŞİV KÜTÜPHANE VE DOKÜMANTASYON HİZMETLERİ SANAYİ TİCARET LİMİTED ŞİRKETİ,0.3333333333333333
BİLGİBİM BİLGİSAYAR TEKNOLOJİLERİ İLETİŞİM ELEKTRONİK SANAYİ VE TİCARET LİMİTED ŞİRKETİ,İNFOTÜRK BİLGİSAYAR.ELEKTRONİK HİZMETLERİ SAN.VE TİC.LTD.ŞTİ,1.5
BİZNET BİLİŞİM SİSTEMLERİ VE DANIŞMANLIK SAN.TİC.A.Ş,BİLGİKENT BİLİŞİM TEKNOLOJİLERİ TİCARET LİMİTED ŞİRKETİ,0.34285714285714286
BİZNET BİLİŞİM SİSTEMLERİ VE DANIŞMANLIK SAN.TİC.A.Ş,DATA MARKET BİLGİ HİZMETLERİ ANONİM ŞİRKETİ,0.325
BİZNET BİLİŞİM SİSTEMLERİ VE DANIŞMANLIK SAN.TİC.A.Ş,DOCUART BİLGİSAYAR V E İLET.ELK.SER.İ .T.G.P.S.VE T.LT,0.1111111111111111
BİZNET BİLİŞİM SİSTEMLERİ VE DANIŞMANLIK SAN.TİC.A.Ş,EKS-PA BİLGİSAYAR PAZARLAMA VE TİCARET A.Ş.,0.3713235294117647
BİZNET BİLİŞİM SİSTEMLERİ VE DANIŞMANLIK SAN.TİC.A.Ş,LN BİLGİSAYAR VE DANHİZ.SAN.TİC.A.Ş.,0.3111111111111111
BİZNET BİLİŞİM SİSTEMLERİ VE DANIŞMANLIK SAN.TİC.A.Ş,MDS AP TECH YAZILIM ÜRÜNLERİ VE BİLİŞİM HİZMETLERİ TİCARET LİMİTED ŞİRKETİ,0.5
BİZNET BİLİŞİM SİSTEMLERİ VE DANIŞMANLIK SAN.TİC.A.Ş,NETAŞ TELEKOMÜNİKASYON ANONİM ŞİRKETİ,0.2833333333333333
BİZNET BİLİŞİM SİSTEMLERİ VE DANIŞMANLIK SAN.TİC.A.Ş,STM SAVUNMA TEKNOLOJİLERİ MÜH.VE TİC.A.Ş.,1.0
BİZNET BİLİŞİM SİSTEMLERİ VE DANIŞMANLIK SAN.TİC.A.Ş,SYBASE YAZILIM ÜRÜNLERİ VE BİLİŞİM HİZMETLERİ LİMİTED ŞİRKETİ,0.5
BİZNET BİLİŞİM SİSTEMLERİ VE DANIŞMANLIK SAN.TİC.A.Ş,TURCOM İLETİŞİM SİST EMLERİ SANAYİ VE TİCARET A.Ş.,0.625
DOCUART BİLGİSAYAR V E İLET.ELK.SER.İ .T.G.P.S.VE T.LT,BAŞARSOFT BİLGİ TEKNOLOJİLERİ ANONİM ŞİRKETİ,0.13675213675213674
DOCUART BİLGİSAYAR V E İLET.ELK.SER.İ .T.G.P.S.VE T.LT,BİLTAM MÜMESSİLLİK DIŞ TİC.VE SAN.A.Ş.,0.1111111111111111
DOCUART BİLGİSAYAR V E İLET.ELK.SER.İ .T.G.P.S.VE T.LT,CENTER ON DİGİTAL BİLİŞİM HİZMETLERİ ANONİM ŞİRKETİ,0.1111111111111111
DOCUART BİLGİSAYAR V E İLET.ELK.SER.İ .T.G.P.S.VE T.LT,UITSEC TEKNOLOJİ ANONİM ŞİRKETİ,0.1111111111111111
GES BİLİŞİM TEKNOLOJİLERİ VE DANIŞMANLIK İÇ VE DIŞ TİCARET LİMİTED ŞİRKETİ,SALDEM BİLİŞİM TEKNOLOJİLERİ ENERJİ İNŞAAT YAZILIM TELEKOMİNİKASYON OTOMOTİV TURİZM GIDA TAAHHÜT SANAYİ TİCARET İTHALAT VE İHRACAT LİMİTED ŞİRKETİ,0.30952380952380953
HAVELSAN HAVA ELEKTRONİK SANAYİ VE TİCARET ANONİM ŞİRKETİ,EXABİLTEKNOLOJİ SİSTEMLERİ PAZARLAMA BİLİŞİM SANAYİ VE TİCARET LİMİTED ŞİRKETİ.,0.2
HAVELSAN HAVA ELEKTRONİK SANAYİ VE TİCARET ANONİM ŞİRKETİ,MAY SİBER TEKNOLOJİ BİLİŞİM BİLGİSAYAR EĞİTİM DANIŞMANLIK YAZILIM TİCARET SANAYİ ANONİM ŞİRKETİ,0.3333333333333333
HAVELSAN HAVA ELEKTRONİK SANAYİ VE TİCARET ANONİM ŞİRKETİ,PRODAY BİLİŞİM TEKNOLOJİLERİ TİCARET ANONİM ŞİRKETİ,0.40476190476190477
MAY SİBER TEKNOLOJİ BİLİŞİM BİLGİSAYAR EĞİTİM DANIŞMANLIK YAZILIM TİCARET SANAYİ ANONİM ŞİRKETİ,PRODAY BİLİŞİM TEKNOLOJİLERİ TİCARET ANONİM ŞİRKETİ,0.3333333333333333
PRODAY BİLİŞİM TEKNOLOJİLERİ TİCARET ANONİM ŞİRKETİ,LN BİLGİSAYAR VE DANHİZ.SAN.TİC.A.Ş.,0.27702702702702703
PRODAY BİLİŞİM TEKNOLOJİLERİ TİCARET ANONİM ŞİRKETİ,ON İLAÇLAMA SAĞLIK HİZMETLERİ İNŞAAT ELETRONİK GIDA ÜRÜNLERİ BİLGİSAYAR TEMİZLİK HİZMETLERİ İNSAN KAYNAKLARI VE TAAHHÜT SANAYİ TİCARET LİMİTED ŞİRKETİ,0.3333333333333333
PRODAY BİLİŞİM TEKNOLOJİLERİ TİCARET ANONİM ŞİRKETİ,ROBİT TEKNOLOJİ LİMİTED ŞİRKETİ,0.23907213060136598
PRODAY BİLİŞİM TEKNOLOJİLERİ TİCARET ANONİM ŞİRKETİ,TELESKOP YAZILIM TEKNOLOJİLERİ ANONİM ŞİRKETİ,0.5
PRODAY BİLİŞİM TEKNOLOJİLERİ TİCARET ANONİM ŞİRKETİ,İNTER BİLGİSAYAR ELE KTRİK ELEKT.SAN. DIŞ.TİC.LTD.ŞTİ.,0.3333333333333333
REİN YAZILIM TEKNOLOJİ LİMİTED ŞİRKETİ,DESTEL BİLİŞİM ÇÖZÜMLERİ A.Ş.,0.25
REİN YAZILIM TEKNOLOJİ LİMİTED ŞİRKETİ,ENTERPRİSECODİNG YAZILIM VE DANIŞMANLIK TİCARET LİMİTED ŞİRKETİ,0.25
REİN YAZILIM TEKNOLOJİ LİMİTED ŞİRKETİ,ERBAY GES ENERJİ ELKBİL.ELK.TAH.İT.İH.SAVE TİC.LTD.ŞTİ.,0.25
TRİO ENTEGRASYON BİLİŞİM TEKNOLOJİLERİ TİCARET ANONİM ŞİRKETİ.,NETAŞ TELEKOMÜNİKASYON ANONİM ŞİRKETİ,0.17735042735042733
TRİO ENTEGRASYON BİLİŞİM TEKNOLOJİLERİ TİCARET ANONİM ŞİRKETİ.,ÖZGÜR ENTEGRASYON BİLİŞİM OTOMOTİV İTHALAT İHRACAT SANAYİ VE TİCARET LİMİTED ŞİRKETİ,0.25
BAYLAN OTOMASYON SİSTEMLERİ BİLİŞİM MOBİL SANAYİ TİCARET LİMİTED ŞİRKETİ,ÜNİVERSAL BİLGİ TEKNOLOJİLERİ LTD.ŞTİ.,0.5
ÜNİVERSAL BİLGİ TEKNOLOJİLERİ LTD.ŞTİ.,DDI TEKNOLOJİ VE BİL İŞİM ÇÖZÜMLERİ L TD.ŞTİ.,0.5
ÜNİVERSAL BİLGİ TEKNOLOJİLERİ LTD.ŞTİ.,EFOR BİLİŞİM TEKNOLO JİLERİ SANAYİ VE TİC ARET LİMİTED ŞİRKETİ,0.5625
ÜNİVERSAL BİLGİ TEKNOLOJİLERİ LTD.ŞTİ.,MOBİLİZ BİLGİ VE İLE TİŞİM TEKNOLOJİL ERİ A.Ş.,1.0
ÜNİVERSAL BİLGİ TEKNOLOJİLERİ LTD.ŞTİ.,PSEUDONYM_034,0.9303571428571429
ÜNİVERSAL BİLGİ TEKNOLOJİLERİ LTD.ŞTİ.,PSEUDONYM_511,1.0
BAŞAR BİLGİSAYAR SİSTEMLERİ VE İLETİŞİM TEKNOLOJİLERİ SANAYİ VE TİCARET LTD ŞTİ,MC TEK BİLGİSAYAR MÜHENDİSLİK ARAŞTIRMA GELİŞTİRME PROJE DANIŞMANLIK HİZMETLERİ TELEKOMÜNİKASYON VE ÜRETİM PAZARLAMA İÇ VE DIŞ TİCARET LİMİTED ŞİRKETİ,1.0
BAŞARSOFT BİLGİ TEKNOLOJİLERİ ANONİM ŞİRKETİ,MOBESE MOBİL ELEKTRONİK SİSTEM ENTEGRASYONU SANAYİ VE TİCARET ANONİM ŞİRKETİ,0.5
BAŞARSOFT BİLGİ TEKNOLOJİLERİ ANONİM ŞİRKETİ,MOBİLİZ BİLGİ VE İLE TİŞİM TEKNOLOJİL ERİ A.Ş.,0.5
BAŞARSOFT BİLGİ TEKNOLOJİLERİ ANONİM ŞİRKETİ,MTA GÜVENLİK SİSTEMLERİ VE BİLİŞİM TEKNOLOJİLERİ TİCARET SANAYİ LİMİTED ŞİRKETİ,0.5
MOBESE MOBİL ELEKTRONİK SİSTEM ENTEGRASYONU SANAYİ VE TİCARET ANONİM ŞİRKETİ,BES TEKNOLOJİ ELEKTRİK ELEKTRONİK GÜVENLİK SİSTEMLERİ SAN.VE TİC.LTD.ŞTİ.,0.375
MOBESE MOBİL ELEKTRONİK SİSTEM ENTEGRASYONU SANAYİ VE TİCARET ANONİM ŞİRKETİ,MTA GÜVENLİK SİSTEMLERİ VE BİLİŞİM TEKNOLOJİLERİ TİCARET SANAYİ LİMİTED ŞİRKETİ,0.625
MOBESE MOBİL ELEKTRONİK SİSTEM ENTEGRASYONU SANAYİ VE TİCARET ANONİM ŞİRKETİ,NODA BİLİŞİM TEKNOLOJİLERİ BİLGİSAYAR ULUSLARARASI İÇ VE DIŞ TİCARET LİMİTED ŞİRKETİ,0.25
MOBESE MOBİL ELEKTRONİK SİSTEM ENTEGRASYONU SANAYİ VE TİCARET ANONİM ŞİRKETİ,VERİ KURTARMA HİZMETLERİ TİC LTD ŞTİ,0.25
MTA GÜVENLİK SİSTEMLERİ VE BİLİŞİM TEKNOLOJİLERİ TİCARET SANAYİ LİMİTED ŞİRKETİ,PSEUDONYM_582,1.0
BEKAD BİLİŞİM EĞİTİM KÜLTÜR ARAŞTIRMA DERNEĞİ-İKTİSADİ İŞLETMESİ,EYÖNTEM EĞİTİM VE DANIŞMANLIK ANONİM ŞİRKETİ,1.0
BELSOFT BİLİŞİM SİSTEMLERİ SANAYİ VE TİCARET LİMİTED ŞİRKETİ,SAYSİS BİLGİSAYAR SİSTEMLERİ TİCARETLİMİTED ŞİRKETİ,1.0
SAYSİS BİLGİSAYAR SİSTEMLERİ TİCARETLİMİTED ŞİRKETİ,İNFOTÜRK BİLGİSAYAR.ELEKTRONİK HİZMETLERİ SAN.VE TİC.LTD.ŞTİ,1.75
BELSİS BİLGİSAYAR YAZILIM İLETİŞİM HİZM.TİC.VE SAN.LTD.ŞTİ.,DURU BİLİŞİM TEKNOLOJİLERİ İLETİŞİM YAYINCILIK EĞİTİM İNŞAAT EMLAK ELEKTRONİK İTHALAT İHRACAT İÇ VE DIŞ TİCARET LİMİTED ŞİRKETİ,1.0
BELSİS BİLGİSAYAR YAZILIM İLETİŞİM HİZM.TİC.VE SAN.LTD.ŞTİ.,ELSA BİLİŞİM ANONİM ŞİRKETİ,1.0
BELSİS BİLGİSAYAR YAZILIM İLETİŞİM HİZM.TİC.VE SAN.LTD.ŞTİ.,EMSA GRUP DEMİR ÇELİ K İNŞ.MAK.VE MAD.SAN TİC.LTD.ŞTİ.,1.0
BELSİS BİLGİSAYAR YAZILIM İLETİŞİM HİZM.TİC.VE SAN.LTD.ŞTİ.,PSEUDONYM_457,1.0
ELSA BİLİŞİM ANONİM ŞİRKETİ,GEOTECMAPS BİLGİ TEKNOLOJİLERİ SANAYİ VE TİCARET LİMİTED ŞİRKETİ,1.0
ELSA BİLİŞİM ANONİM ŞİRKETİ,KORUDATA YAZILIM VE BİLGİ TEKNOLOJİLERİ ANONİM ŞİRKETİ,1.0
BES TEKNOLOJİ ELEKTRİK ELEKTRONİK GÜVENLİK SİSTEMLERİ SAN.VE TİC.LTD.ŞTİ.,NODA BİLİŞİM TEKNOLOJİLERİ BİLGİSAYAR ULUSLARARASI İÇ VE DIŞ TİCARET LİMİTED ŞİRKETİ,0.25
BES TEKNOLOJİ ELEKTRİK ELEKTRONİK GÜVENLİK SİSTEMLERİ SAN.VE TİC.LTD.ŞTİ.,VERİ KURTARMA HİZMETLERİ TİC LTD ŞTİ,0.25
NODA BİLİŞİM TEKNOLOJİLERİ BİLGİSAYAR ULUSLARARASI İÇ VE DIŞ TİCARET LİMİTED ŞİRKETİ,SİBEL ELEKTRİK TİC. VE SAN.LTD.ŞTİ.,0.25
NODA BİLİŞİM TEKNOLOJİLERİ BİLGİSAYAR ULUSLARARASI İÇ VE DIŞ TİCARET LİMİTED ŞİRKETİ,VERİ KURTARMA HİZMETLERİ TİC LTD ŞTİ,0.25
VERİ KURTARMA HİZMETLERİ TİC LTD ŞTİ,SİBEL ELEKTRİK TİC. VE SAN.LTD.ŞTİ.,0.25
YORDAM BİLİŞİM TEKNOLOJİ DANIŞMANLIK EĞİTİM VE ELEKTRONİK SİSTEMLERİ SANAYİ TİCARET ANONİM ŞİRKETİ,LTS BİLİŞİM TEKNOLOJİLERİ TİCARET LİMİTED ŞİRKETİ,0.5
YORDAM BİLİŞİM TEKNOLOJİ DANIŞMANLIK EĞİTİM VE ELEKTRONİK SİSTEMLERİ SANAYİ TİCARET ANONİM ŞİRKETİ,VERİFY VERİ İLETİŞİM İ.VE ENFORMASYON TEK.LTD.ŞTİ.,1.0
İNSPİRİT BİLGİ TEKNOLOJİLERİ YAZILIM DANIŞMANLIK TİC.LTD.ŞTİ,LUNA ICT YAZILIM BİLGİSAYAR TİCARET LİMİTED ŞİRKETİ,1.0
İNSPİRİT BİLGİ TEKNOLOJİLERİ YAZILIM DANIŞMANLIK TİC.LTD.ŞTİ,PSEUDONYM_034,0.2994227994227994
BEYAZ WEB TEKNOLOJİLERİ LİMİTED ŞİRKETİ,DABNET BİLİŞİM TEKNOLOJİLERİ VE HİZMETLERİ LİMİTED ŞİRKETİ,1.0
BEYAZ WEB TEKNOLOJİLERİ LİMİTED ŞİRKETİ,LİVATECH BİLİŞİM TEKNOLOJİLERİ VE DANIŞMANLIK LİMİTED ŞİRKETİ,1.0
BEYAZ WEB TEKNOLOJİLERİ LİMİTED ŞİRKETİ,PSEUDONYM_377,0.5
BONİTA İNTERNET TEKNOLOJİ TİCARET LİMİTED ŞİRKETİ,OFİS MARMARA BÜRO MAKİNELERİ SANAYİ TİCARET LİMİTED ŞİRKETİ,1.0344827586206897
BEYKOZ GALERİ OTOMOTİV İNŞAAT TAAHHÜT İTHALAT İHRACAT SANAYİ VE TİCARET LİMİTED ŞİRKETİ,NSC BİLİŞİM HİZMETLERİ TİCARET ANONİM ŞİRKETİ,0.3333333333333333
NSC BİLİŞİM HİZMETLERİ TİCARET ANONİM ŞİRKETİ,EDUSANO BİLİŞİM YAZILIM TANITIM VE TASARIM HİZMETLERİ SANAYİ VE TİCARET LİMİTED ŞİRKETİ,0.3333333333333333
NSC BİLİŞİM HİZMETLERİ TİCARET ANONİM ŞİRKETİ,KORUDATA YAZILIM VE BİLGİ TEKNOLOJİLERİ ANONİM ŞİRKETİ,0.3333333333333333
NEX TEKNOLOJİ ANONİM ŞİRKETİ,MDA TECH TEKNOLOJİ LİMİTED ŞİRKETİ,0.5
NEX TEKNOLOJİ ANONİM ŞİRKETİ,WDR BİLGİ TEKNOLOJİLERİ VE SAVUNMA SANAYİ TİCARET LİMİTED ŞİRKETİ,0.5
BNK TEKNOLOJİ VE BİLİŞİM SİSTEMLERİ TİCARET LTD.ŞTİ,XLOOP BİLİŞİM TEKNOLOJİLERİ SANAYİ VE TİCARET LİMİTED ŞİRKETİ,0.3333333333333333
XLOOP BİLİŞİM TEKNOLOJİLERİ SANAYİ VE TİCARET LİMİTED ŞİRKETİ,PİKSEL BİLGİ VE İLİTEŞİM SİSTEMLERİ DIŞ TİCARET YAPI ELEMANLARI SANAYİ LTD.ŞTİ.,0.3333333333333333
BNTPRO BİLGİ VE İLETİŞİM HİZMETLERİ ANONİM ŞİRKETİ,DATA MARKET BİLGİ HİZMETLERİ ANONİM ŞİRKETİ,0.5
BNTPRO BİLGİ VE İLETİŞİM HİZMETLERİ ANONİM ŞİRKETİ,SOLUS BİLİŞİM TEKNOLOJİ TİCARET ANONİM ŞİRKETİ,0.5555555555555556
DATA MARKET BİLGİ HİZMETLERİ ANONİM ŞİRKETİ,BRAIN BİLGİ TEKNOLOJİLERİ ANONİM ŞİRKETİ,0.3333333333333333
DATA MARKET BİLGİ HİZMETLERİ ANONİM ŞİRKETİ,EDULINE BİLİŞİM SAN.VE TİC.LTD.ŞTİ.,0.3333333333333333
DATA MARKET BİLGİ HİZMETLERİ ANONİM ŞİRKETİ,NETAŞ TELEKOMÜNİKASYON ANONİM ŞİRKETİ,0.2
DATA MARKET BİLGİ HİZMETLERİ ANONİM ŞİRKETİ,SBI BİLİŞİM ANONİM ŞİRKETİ,0.5
DATA MARKET BİLGİ HİZMETLERİ ANONİM ŞİRKETİ,SOLUS BİLİŞİM TEKNOLOJİ TİCARET ANONİM ŞİRKETİ,0.6036866359447004
DATA MARKET BİLGİ HİZMETLERİ ANONİM ŞİRKETİ,VERİ SECURITY BİLİŞİM VE DANIŞMANLIK HİZMETLERİ ANONİM ŞİRKETİ,0.3333333333333333
DATA MARKET BİLGİ HİZMETLERİ ANONİM ŞİRKETİ,VİA GRUP EĞİTİM DANIŞMANLIK ORGANİZASYON TURZM VE YAYINCILIK LTD ŞTİ.,0.3333333333333333
DATA MARKET BİLGİ HİZMETLERİ ANONİM ŞİRKETİ,İNOVERA BİLGİSAYAR YAZILIM DONANIM ARAŞTIRMA GELİŞTİRME DANIŞMANLIK SANAYİ TİCARET LİMİTED ŞİRKETİ,0.3333333333333333
SOLUS BİLİŞİM TEKNOLOJİ TİCARET ANONİM ŞİRKETİ,MDS AP TECH YAZILIM ÜRÜNLERİ VE BİLİŞİM HİZMETLERİ TİCARET LİMİTED ŞİRKETİ,0.21428571428571427
BODÜSAN MOBİLYA DEKORASYON İNŞAAT NAKLİYE TURİZM KIRTASİYE İTHALAT İHRACAT TİCARET LİMİTED ŞİRKETİ,PSEUDONYM_170,0.25
PSEUDONYM_170,BİGATEK BİLİŞİM SİSTEMLERİ TİCARET ANONİM ŞİRKETİ,0.25
PSEUDONYM_170,DMV BİLİŞİM VE REKLAMCILIK TİCARET LİMİTED ŞİRKETİ,0.25
PSEUDONYM_170,KENTİM BİLİŞİM ANONİM ŞİRKETİ,0.25
PSEUDONYM_170,PSEUDONYM_595,0.25
PSEUDONYM_170,TURKCELL DİJİTAL İŞ SERVİSLERİ ANONİM ŞİRKETİ,0.25
BOĞAZİÇİ HİZMET GRUP İNŞ.MÜH.EĞİT.DANIŞ.T EM.TAAH.VE TİC.LT.ŞT,"BOĞAZİÇİ HİZMET GRUPİNŞ.MÜH.EĞİT.DANIŞ.TEM.TAAH.VE TİC.LT.ŞT, AKSİYONER BİLGİ YÖNETİMİ YAZIMIL SİSTEM ORG.EĞİTİM VE DANIŞMANLIK SANAYİ TİCARET LTD ŞTİ Ortak Girişimi",0.5
BOĞAZİÇİ HİZMET GRUP İNŞ.MÜH.EĞİT.DANIŞ.T EM.TAAH.VE TİC.LT.ŞT,"BOĞAZİÇİ HİZMET GRUPİNŞ.MÜH.EĞİT.DANIŞ.TEM.TAAH.VE TİC.LT.ŞT, ASAL BİLİM KÜLTÜR SANAT SPOR SAĞLIK VE REHABİLİTASYON MERK.ORG.LTD.ŞTİ. İş Ortaklığı",0.5
BRONTO BİLİŞİM İLETİŞİM DANIŞMANLIK SANAYİ VE TİCARET LİMİTED ŞİRKETİ,TGAR BİLGİSAYAR ELEKTRONİK İLET.SİS.SAN.VE TİC.A.Ş.,0.5
TGAR BİLGİSAYAR ELEKTRONİK İLET.SİS.SAN.VE TİC.A.Ş.,SPEKSKO BİLİŞİM YAZILIM SAN.VE TİC.LTD.ŞTİ.,0.16666666666666666
BTSECTOR BİLİŞİM TEKNOLOJİ ANONİM ŞİRKETİ,PROBİLİŞİM BİLGİSAYAR VE İLETİŞİM SİST.TİC. LTD. ŞTİ.,0.2
BTSECTOR BİLİŞİM TEKNOLOJİ ANONİM ŞİRKETİ,UZMAN BİLİŞİM DANIŞMANLIK ANONİM ŞİRKETİ,0.2
BTSECTOR BİLİŞİM TEKNOLOJİ ANONİM ŞİRKETİ,WALNUT LAB TEKNOLOJİ VE DİJİTAL ÇÖZÜMLER ANONİM ŞİRKETİ,0.2
BTSECTOR BİLİŞİM TEKNOLOJİ ANONİM ŞİRKETİ,YDK BİLİŞİM REKLAM İNŞAAT SANAYİ VE TİCARET LİMİTED ŞİRKETİ,0.2
BULUT BİLİŞİM TEKNOLOJİLERİ LİMİTED ŞİRKETİ,KUZEY MÜHENDİSLİK İNŞAAT SANAYİ VE TİCARET LİMİTED ŞİRKETİ,0.25
KUZEY MÜHENDİSLİK İNŞAAT SANAYİ VE TİCARET LİMİTED ŞİRKETİ,KEYM KENTSEL YENİLEME MERKEZİ VE GAYRİMENKUL YATIRIMLARI İNŞAAT SANAYİ VE TİC.A.Ş.,0.25
KUZEY MÜHENDİSLİK İNŞAAT SANAYİ VE TİCARET LİMİTED ŞİRKETİ,OSEM İNŞAAT TEKNOLOJİ SANAYİ VE TİCARET LİMİTED ŞİRKETİ,0.25
DBI BİLGİ VE İLETİŞİM TEKNOLOJİLERİ ANONİM ŞİRKETİ,İLKEM TEKNOLOJİ SANAYİ VE TİCARET LİMİTED ŞİRKETİ,1.0
BİGATEK BİLİŞİM SİSTEMLERİ TİCARET ANONİM ŞİRKETİ,DMV BİLİŞİM VE REKLAMCILIK TİCARET LİMİTED ŞİRKETİ,0.25
BİGATEK BİLİŞİM SİSTEMLERİ TİCARET ANONİM ŞİRKETİ,KENTBT AKILLI ŞEHİR VE YAŞAM TEKNOLOJİLERİ ANONİM ŞİRKETİ,0.3333333333333333
BİGATEK BİLİŞİM SİSTEMLERİ TİCARET ANONİM ŞİRKETİ,LİNK BİLGİSAYAR SİSTEMLERİ YAZILIMI VE DONANIMI SANAYİ VE TİCARET ANONİM ŞİRKETİ,0.3333333333333333
BİGATEK BİLİŞİM SİSTEMLERİ TİCARET ANONİM ŞİRKETİ,PSEUDONYM_595,0.25
BİGATEK BİLİŞİM SİSTEMLERİ TİCARET ANONİM ŞİRKETİ,TEKOBEL TEKNOLOJİ HİZM.İMAL.İTH.İHRASAN.TİC.LTD.ŞTİ.,0.3333333333333333
BİGATEK BİLİŞİM SİSTEMLERİ TİCARET ANONİM ŞİRKETİ,TURKCELL DİJİTAL İŞ SERVİSLERİ ANONİM ŞİRKETİ,0.25
TURKCELL DİJİTAL İŞ SERVİSLERİ ANONİM ŞİRKETİ,MİKROLİNK BİLİŞİM SANAYİ TİCARET ANONİM ŞİRKETİ,1.0
TURKCELL DİJİTAL İŞ SERVİSLERİ ANONİM ŞİRKETİ,ÖZGÜR ENTEGRASYON BİLİŞİM OTOMOTİV İTHALAT İHRACAT SANAYİ VE TİCARET LİMİTED ŞİRKETİ,0.27564102564102566
BİLFO BİLGİSAYAR VE BİLİŞİM SİS.LTD. ŞTİ.,EGESOFT BİLGİ TEKNOLOJİ SAN.TİC.LTD.ŞTİ.,2.0
BİLGE ADAM BİLGİSAYAR VE EĞİTİM HİZMSAN TİC AŞ,BİLGE ADAM YAZILIM VE TEKNOLOJİ ANONİM ŞİRKETİ,0.6825396825396826
BİLGE ADAM BİLGİSAYAR VE EĞİTİM HİZMSAN TİC AŞ,FUJİTSU TECHNOLOGY SOLUTIONS BİLİŞİM LİMİTED ŞİRKETİ,0.325
BİLGE ADAM BİLGİSAYAR VE EĞİTİM HİZMSAN TİC AŞ,GÜLTAŞ YAZILIM HARİTA SANAYİ TİCARET LİMİTED ŞİRKETİ,1.0
BİLGE ADAM BİLGİSAYAR VE EĞİTİM HİZMSAN TİC AŞ,HİV-VA PEYZAJ UYGULAMA TASARIM İNŞAAT NAKLİYAT ÖZEL EĞİTİM VE SOSYAL HİZMETLER TEMİZLİK SANAYİ TİCARET LİMİTED ŞİRKETİ,0.5
BİLGE ADAM BİLGİSAYAR VE EĞİTİM HİZMSAN TİC AŞ,LDAP BİLGİ TEKNOLOJİLERİ DANIŞMANLIK VE DIŞ TİCARET LİMİTED ŞİRKETİ,0.41666666666666663
BİLGE ADAM BİLGİSAYAR VE EĞİTİM HİZMSAN TİC AŞ,LN BİLGİSAYAR VE DANHİZ.SAN.TİC.A.Ş.,0.25277777777777777
BİLGE ADAM BİLGİSAYAR VE EĞİTİM HİZMSAN TİC AŞ,PROBİM TEKNOLOJİ GIDA SANAYİ VE TİCARET LTD.ŞTİ.,1.0
BİLGE ADAM BİLGİSAYAR VE EĞİTİM HİZMSAN TİC AŞ,PROMETUS BİLG.SİST.SAN.VE TİC.LTD.ŞTİ.,0.4095238095238095
BİLGE ADAM BİLGİSAYAR VE EĞİTİM HİZMSAN TİC AŞ,İNNOVA BİLİŞİM ÇÖZÜMLERİ A.Ş.,0.2777777777777778
BİLGE ADAM YAZILIM VE TEKNOLOJİ ANONİM ŞİRKETİ,HİV-VA PEYZAJ UYGULAMA TASARIM İNŞAAT NAKLİYAT ÖZEL EĞİTİM VE SOSYAL HİZMETLER TEMİZLİK SANAYİ TİCARET LİMİTED ŞİRKETİ,0.5
FUJİTSU TECHNOLOGY SOLUTIONS BİLİŞİM LİMİTED ŞİRKETİ,GATE ELEKTRONİK SANAYİ VE TİC.A.Ş.,0.3333333333333333
LDAP BİLGİ TEKNOLOJİLERİ DANIŞMANLIK VE DIŞ TİCARET LİMİTED ŞİRKETİ,PAYTEN TEKNOLOJİ ANONİM ŞİRKETİ,0.25
LDAP BİLGİ TEKNOLOJİLERİ DANIŞMANLIK VE DIŞ TİCARET LİMİTED ŞİRKETİ,PSEUDONYM_114,0.25
LDAP BİLGİ TEKNOLOJİLERİ DANIŞMANLIK VE DIŞ TİCARET LİMİTED ŞİRKETİ,THSNET BİLİŞİM TEKNOLOJİ VE DANIŞMANLIK LİMİTED ŞİRKETİ,0.25
PROBİM TEKNOLOJİ GIDA SANAYİ VE TİCARET LTD.ŞTİ.,PRODİGİ BİLİŞİM TEKNOLOJİLERİ SAN.VETİC.LTD.ŞTİ.,0.1436936936936937
PROBİM TEKNOLOJİ GIDA SANAYİ VE TİCARET LTD.ŞTİ.,İNFOTELİCA BİLGİ TEKNOLOJİLERİ SANAYİ VE TİCARET LİMİTED ŞİRKETİ,0.20918114143920596
PROMETUS BİLG.SİST.SAN.VE TİC.LTD.ŞTİ.,KALİTTE PROFESYONELBİLGİ TEKNOLOJİLBAS.YAY.LTD.ŞTİ.,0.3333333333333333
PROMETUS BİLG.SİST.SAN.VE TİC.LTD.ŞTİ.,MAİNTY TEKNOLOJİ ANONİM ŞİRKETİ,0.282258064516129
PROMETUS BİLG.SİST.SAN.VE TİC.LTD.ŞTİ.,MOS BİLİŞİM TEKNOLOJ İLERİ YAZILIM DANIŞM ANLIK HİZ.LTD.ŞTİ.,0.3333333333333333
PROMETUS BİLG.SİST.SAN.VE TİC.LTD.ŞTİ.,SUPERONLİNE İLETİŞİM HİZMETLERİ ANONİM ŞİRKETİ,0.41666666666666663
PROMETUS BİLG.SİST.SAN.VE TİC.LTD.ŞTİ.,İNNOVA BİLİŞİM ÇÖZÜMLERİ A.Ş.,0.26559139784946234
İNNOVA BİLİŞİM ÇÖZÜMLERİ A.Ş.,ROBİT ROBOT OTOM.TEK DONANIM AR-GE DANŞMA TAAH.SAN.VE T.LDT.ŞT,0.5
İNNOVA BİLİŞİM ÇÖZÜMLERİ A.Ş.,SİTE TELEKOM ANONİM ŞİRKETİ,1.0
İNNOVA BİLİŞİM ÇÖZÜMLERİ A.Ş.,VBT BİLGİ TEKNOLOJİLERİ ANONİM ŞİRKETİ,0.27702702702702703
İNNOVA BİLİŞİM ÇÖZÜMLERİ A.Ş.,ÇÖZÜMEVİ YÖNETİM DANIŞMANLIĞI VE BİLGİSAYAR YAZILIM TİCARET ANONİM ŞİRKETİ,0.29166666666666663
BİLGİ SİSTEMLERİ SAN .VE DIŞ TİC.LTD. ŞTİ.,BİOPEST ÇEVRE SAĞLIĞI VE VEKTÖR KONTROLHİZ.LTD.ŞTİ.,1.0
BİLGİ SİSTEMLERİ SAN .VE DIŞ TİC.LTD. ŞTİ.,PSEUDONYM_456,1.0
BİLTAM MÜMESSİLLİK DIŞ TİC.VE SAN.A.Ş.,İMKA BİLGİ İŞLEM DANIŞMANLIK ARŞİV KÜTÜPHANE VE DOKÜMANTASYON HİZMETLERİ SANAYİ TİCARET LİMİTED ŞİRKETİ,0.3333333333333333
İMKA BİLGİ İŞLEM DANIŞMANLIK ARŞİV KÜTÜPHANE VE DOKÜMANTASYON HİZMETLERİ SANAYİ TİCARET LİMİTED ŞİRKETİ,PLATOBİLGİSAYAR ÜRÜNLERİ PAZARLAMA SAN.VE TİC.LTD.ŞT,1.0
İNFOTÜRK BİLGİSAYAR.ELEKTRONİK HİZMETLERİ SAN.VE TİC.LTD.ŞTİ,ENORM TEKNOLOJİ VE YAZILIM ANONİM ŞİRKETİ,0.5
İNFOTÜRK BİLGİSAYAR.ELEKTRONİK HİZMETLERİ SAN.VE TİC.LTD.ŞTİ,LTS BİLİŞİM TEKNOLOJİLERİ TİCARET LİMİTED ŞİRKETİ,0.4242424242424242
İNFOTÜRK BİLGİSAYAR.ELEKTRONİK HİZMETLERİ SAN.VE TİC.LTD.ŞTİ,MEDOC TEKNOLOJİ YAZILIM DANIŞMANLIK BİLİŞİM PAZARLAMA İTHALAT İHRACAT TİCARET LİMİTED ŞİRKETİ,1.0
BİLGİPA BİLGİSAYAR PAZARLAMA ASANSÖR İNŞAAT MATBAACILIK YAYINCILIK KIRTASİYE SANAYİ TİCARET LİMİTED ŞİRKETİ,GÜVEN GİRİŞİM GRUBU BİLGİSAYAR GIDA TEKSTİL İNŞAAT TURİZM SANAYİ VE TİCARET LİMİTED ŞİRKETİ,0.5
BİLGİPA BİLGİSAYAR PAZARLAMA ASANSÖR İNŞAAT MATBAACILIK YAYINCILIK KIRTASİYE SANAYİ TİCARET LİMİTED ŞİRKETİ,MMM GRUP BİLİŞİM VETURİZM SAN.TİC.LTD.ŞTİ.,0.5
BİLGİTÜRK BİLG.TEKN.SAN.VE TİC.A.Ş.,İZMİR İNOVASYON VE TEKNOLOJİ ANONİM ŞİRKETİ,0.44597069597069594
İZMİR İNOVASYON VE TEKNOLOJİ ANONİM ŞİRKETİ,PUKASOFT YAZILIM SANAYİ VE TİCARET LİMİTED ŞİRKETİ,1.0
BİLİCİSOFT BİLİŞİM VE SAVUNMA TEKNOLOJİLERİ SANAYİ TİC.LTD.ŞTİ.,İNFOLİNE BİLGİ TEKNOLOJİLERİ TİCARET ANONİM ŞİRKETİ,0.2
İNFOLİNE BİLGİ TEKNOLOJİLERİ TİCARET ANONİM ŞİRKETİ,ENS YAZILIM VE BİLİŞİM TEKNOLOJİLERİ TİCARET LİMİTED ŞİRKETİ,0.2
İNFOLİNE BİLGİ TEKNOLOJİLERİ TİCARET ANONİM ŞİRKETİ,GCA YAZILIM DANIŞMANLIK BİLGİ TEK.JEO.HİZ.TİC.LTD.ŞT,0.2
İNFOLİNE BİLGİ TEKNOLOJİLERİ TİCARET ANONİM ŞİRKETİ,KALİTTE PROFESYONELBİLGİ TEKNOLOJİLBAS.YAY.LTD.ŞTİ.,0.2
İNFOLİNE BİLGİ TEKNOLOJİLERİ TİCARET ANONİM ŞİRKETİ,MOS BİLİŞİM TEKNOLOJ İLERİ YAZILIM DANIŞM ANLIK HİZ.LTD.ŞTİ.,0.2
BİLİŞİM BİLGİSAYAR ELEKTRONİK ENDÜSTRİ VE OFİS OTOMASYON SİSTEMLERİ SANAYİ TİCARET LİMİTED ŞİRKETİ,KENT YAZILIM BİLİŞİMVE İLETİŞİM TEKNSAN.VE TİC.LTD.Ş,0.5
BİLİŞİM BİLİŞİM VE YAZILIM SİSTEMLERİ SANAYİ VE TİCARET ANONİM ŞİRKETİ,BİLİŞİM SANAYİ VE TİCARET LTD.ŞTİ.,1.3333333333333333
BİLİŞİM BİLİŞİM VE YAZILIM SİSTEMLERİ SANAYİ VE TİCARET ANONİM ŞİRKETİ,ÖZGÜR ENTEGRASYON BİLİŞİM OTOMOTİV İTHALAT İHRACAT SANAYİ VE TİCARET LİMİTED ŞİRKETİ,0.3333333333333333
BİLİŞİM SANAYİ VE TİCARET LTD.ŞTİ.,ÖZGÜR ENTEGRASYON BİLİŞİM OTOMOTİV İTHALAT İHRACAT SANAYİ VE TİCARET LİMİTED ŞİRKETİ,0.3333333333333333
ÖZGÜR ENTEGRASYON BİLİŞİM OTOMOTİV İTHALAT İHRACAT SANAYİ VE TİCARET LİMİTED ŞİRKETİ,ELFCAN TEKNOLOJİ ANONİM ŞİRKETİ,0.25
ÖZGÜR ENTEGRASYON BİLİŞİM OTOMOTİV İTHALAT İHRACAT SANAYİ VE TİCARET LİMİTED ŞİRKETİ,ZEG TEKNOLOJİ BİLİŞİM SİSTEMLERİ YAZILIM DONANIM DANIŞMANLIK HİZMETLERİ ANONİM ŞİRKETİ,0.3333333333333333
BİMTAŞ BOĞAZİÇİ PEYZAJ İNŞAAT MÜŞAVİRLİK TEKNİK HİZMETLER SANAYİ TİCARET ANONİM ŞİRKETİ,"MEKANSAL PLANLAMA MİMARLIK MÜHENDİSLİK PROJE BİLİŞİM İNŞAAT TAAHHÜT SANAYİ VE TİCARET LİMİTED ŞİRKETİ, HÜNER MÜH.TİC.LTD.ŞTİ. İş Ortaklığı",0.3333333333333333
BİMTAŞ BOĞAZİÇİ PEYZAJ İNŞAAT MÜŞAVİRLİK TEKNİK HİZMETLER SANAYİ TİCARET ANONİM ŞİRKETİ,NEBULA MÜHENDİSLİK İNŞAAT HARİTA SANVE DIŞ TİC LTD Ş,0.3333333333333333
NEBULA MÜHENDİSLİK İNŞAAT HARİTA SANVE DIŞ TİC LTD Ş,BİMTAŞ BOĞAZİÇİ PEYZAJ İNŞAAT MÜŞAVİRLİK TEKNİK HİZMETLERİ SANAYİ TİCARET ANONİM ŞİRKETİ,1.0
ENTEGRES BİLGİ VE İLETİŞİM TEKNOLOJİLERİ SANAYİ VE TİCARET ANONİM ŞİRKETİ,EG YAZILIM DONANIM DANIŞMANLIK HİZMETLERİ LTD.ŞTİ.,0.3333333333333333
ENTEGRES BİLGİ VE İLETİŞİM TEKNOLOJİLERİ SANAYİ VE TİCARET ANONİM ŞİRKETİ,N.C.S.BİLGİSAYAR BİL İŞİM DANIŞ.SAN.V E TİC.LTD.ŞTİ.,1.0
ENTEGRES BİLGİ VE İLETİŞİM TEKNOLOJİLERİ SANAYİ VE TİCARET ANONİM ŞİRKETİ,OBSS BİLİŞİM BİLGİSA HİZM.DAN.SAN.VE TİC.LTD.ŞTİ.,1.0
ECO FİLO BİLGİ TEKNOLOJİLERİ TİCARET LİMİTED ŞİRKETİ,SUPERONLİNE İLETİŞİM HİZMETLERİ ANONİM ŞİRKETİ,0.3333333333333333
SUPERONLİNE İLETİŞİM HİZMETLERİ ANONİM ŞİRKETİ,KRESİS KURUMSAL BİLİŞİM HİZMETLERİ SANAYİ VE TİCARET LİMİTED ŞİRKETİ,0.5
SUPERONLİNE İLETİŞİM HİZMETLERİ ANONİM ŞİRKETİ,MAİNTY TEKNOLOJİ ANONİM ŞİRKETİ,0.25
SUPERONLİNE İLETİŞİM HİZMETLERİ ANONİM ŞİRKETİ,TEKNOPOLİTEN KURUMSAL BİLGİ TEKNOLOJİLERİ ELEKT.OTOM.EML.DAN.SAN. VE TİC.LTD.ŞTİ.,0.5
EKS-PA BİLGİSAYAR PAZARLAMA VE TİCARET A.Ş.,EG YAZILIM DONANIM DANIŞMANLIK HİZMETLERİ LTD.ŞTİ.,0.25
EKS-PA BİLGİSAYAR PAZARLAMA VE TİCARET A.Ş.,PSEUDONYM_685,0.25
EKS-PA BİLGİSAYAR PAZARLAMA VE TİCARET A.Ş.,ZEG TEKNOLOJİ BİLİŞİM SİSTEMLERİ YAZILIM DONANIM DANIŞMANLIK HİZMETLERİ ANONİM ŞİRKETİ,0.25
MDS AP TECH YAZILIM ÜRÜNLERİ VE BİLİŞİM HİZMETLERİ TİCARET LİMİTED ŞİRKETİ,SYBASE YAZILIM ÜRÜNLERİ VE BİLİŞİM HİZMETLERİ LİMİTED ŞİRKETİ,0.6111111111111112
NETAŞ TELEKOMÜNİKASYON ANONİM ŞİRKETİ,ORAN TEKNOLOJİ YAZILIM DANIŞMANLIK VE EĞİTİM LTD ŞTİ,0.2
BİZTEK SİBER GÜVENLİK VE BİLİŞİM TEKNOLOJİLERİ DANIŞMANLIK TİCARET ANONİM ŞİRKETİ,ETİQA BİLİŞİM HİZMETLERİ ANONİM ŞİRKETİ,0.41666666666666663
ENFO BİLİŞİM ANONİM ŞİRKETİ,LİTERA BİLİŞİM TEKNOLOJİLERİ SANAYİ VE Tİ CARET LİMİTED ŞİRKETİ,0.5
PROBİL BİLGİ İŞLEM D ESTEK VE DANIŞ.S AN.VE TİC.A.Ş.,İDEKS DANIŞMANLIK EĞİTİM VE BİLİŞİM TEKNOLOJİLERİ MEDYA REKLAM TİCARET LTD.ŞTİ.,0.3333333333333333
PROBİL BİLGİ İŞLEM D ESTEK VE DANIŞ.S AN.VE TİC.A.Ş.,İNTERNETTE REKLAM REKLAM HİZMETLERİ A.Ş.,1.0
VBT BİLGİ TEKNOLOJİLERİ ANONİM ŞİRKETİ,F.I.T. BİLGİ İŞLEM SİSTEMLERİ SERVİSLERİ SANAYİ VE TİCARET ANONİM ŞİRKETİ,0.16666666666666666
VBT BİLGİ TEKNOLOJİLERİ ANONİM ŞİRKETİ,GEOLAB BİLGİ TEKNOLOJİLERİ LİMİTED ŞİRKETİ,0.19444444444444442
VBT BİLGİ TEKNOLOJİLERİ ANONİM ŞİRKETİ,VEKTORA BİLİŞİM TEKNOLOJİLERİ A.Ş.,0.16666666666666666
VBT BİLGİ TEKNOLOJİLERİ ANONİM ŞİRKETİ,ÇÖZÜMEVİ YÖNETİM DANIŞMANLIĞI VE BİLGİSAYAR YAZILIM TİCARET ANONİM ŞİRKETİ,0.16666666666666666
VBT BİLGİ TEKNOLOJİLERİ ANONİM ŞİRKETİ,İSTANBUL UYGULAMALIGAZ.VE EN.TEK.ARMÜH.SAN.VE Tİ.AŞ,0.16666666666666666
İSTANBUL UYGULAMALIGAZ.VE EN.TEK.ARMÜH.SAN.VE Tİ.AŞ,OVERTECH BİLGİ TEKNOLOJİLERİ ANONİM ŞİRKETİ,0.5
İSTANBUL UYGULAMALIGAZ.VE EN.TEK.ARMÜH.SAN.VE Tİ.AŞ,ÇÖZÜMEVİ YÖNETİM DANIŞMANLIĞI VE BİLGİSAYAR YAZILIM TİCARET ANONİM ŞİRKETİ,0.3333333333333333
C2E TEKNOLOJİ SERVİSLERİ TİCARET LİMİTED ŞİRKETİ,SPEKSKO BİLİŞİM YAZILIM SAN.VE TİC.LTD.ŞTİ.,1.0
SPEKSKO BİLİŞİM YAZILIM SAN.VE TİC.LTD.ŞTİ.,LİV TEKNOLOJİ PAZARLAMA LİMİTED ŞİRKETİ,1.0
CADBİM BİLGİSAYAR ÖZEL EĞİTİM DANIŞMANLIK PAZARLAMA SANAYİ VE TİCARET LİMİTED ŞİRKETİ,DOSBİL BİLGİSAYAR KİM.TEKS.DAY.TÜK.MAL.TMAL.GI. Tİ.VE SA.LT,1.0
DOSBİL BİLGİSAYAR KİM.TEKS.DAY.TÜK.MAL.TMAL.GI. Tİ.VE SA.LT,SMARTSİS YAZILIM DONANIMLARI BİLGİ TEKNOLOJİLERİ TURİZM ORGANİZASYON VE BİLGİSAYAR MALZEMELERİ İTHALAT İHRACAT SANAYİ VE TİCARET ANONİM ŞİRKETİ,0.3333333333333333
CEREN TANITIM ORGANİ ZASYON VE TİC.LT D.ŞTİ.,MARKAJ REKLAMCILIK TURİZM ÖZEL SAĞLIK HİZMETLERİ SANAYİ VE TİCARET LİMİTED ŞİRKETİ,1.0
SHK BİLİŞİM TEKNOLOJİLERİ LİMİTED ŞİRKETİ,ODAKENT ÇEVRE BİLİŞİM ANONİM ŞİRKETİ,0.41666666666666663
SHK BİLİŞİM TEKNOLOJİLERİ LİMİTED ŞİRKETİ,TOYA YAZILIM DANIŞMANLIK BİLİŞİM HİZMETLERİ İNŞAAT TARIM HAYVANCILIK YENİLENEBİLİR ENERJİ SANAYİ TİCARET LİMİTED ŞİRKETİ,1.0
EDULINE BİLİŞİM SAN.VE TİC.LTD.ŞTİ.,ERGUVAN BİLİŞİM SAN. VE TİC.A.Ş.,1.0
İNOVERA BİLGİSAYAR YAZILIM DONANIM ARAŞTIRMA GELİŞTİRME DANIŞMANLIK SANAYİ TİCARET LİMİTED ŞİRKETİ,KAPİTTA BİLGİSAYAR İLETİŞİM ELEKT.EĞİT.VE DAN.PAZ.LTD.ŞTİ.,0.5
İNOVERA BİLGİSAYAR YAZILIM DONANIM ARAŞTIRMA GELİŞTİRME DANIŞMANLIK SANAYİ TİCARET LİMİTED ŞİRKETİ,PSEUDONYM_124,0.5
DATACORE BİLGİ SİSTEMLERİ SANAYİ VE TİCARET ANONİM ŞİRKETİ,ORATECH BİLİŞİM DANIŞMANLIK PAZARLAMA HİKMETLERİ SANAYİ VE TİCARET LİMİTED ŞİRKETİ,0.5
DBMASTER BİLGİ TEKNOLOJİLERİ ANONİM ŞİRKETİ,SPECTRUM YAZILIM BİLİŞİM SANAYİ VE TİCARET LİMİTED ŞİRKETİ,0.5
DDI TEKNOLOJİ VE BİL İŞİM ÇÖZÜMLERİ L TD.ŞTİ.,PSEUDONYM_554,0.5
DDS İLETİŞİM VE BİLİ ŞİM TİC VE SAN L TD ŞTİ.,TREO BİLGİ TEKNOLOJİLERİ LTD.ŞTİ.,0.3333333333333333
TREO BİLGİ TEKNOLOJİLERİ LTD.ŞTİ.,ERGUVAN BİLİŞİM SAN. VE TİC.A.Ş.,0.3333333333333333
TREO BİLGİ TEKNOLOJİLERİ LTD.ŞTİ.,PSEUDONYM_622,0.3333333333333333
DEDİCA TEKNOLOJİ ANONİM ŞİRKETİ,VERİDATA BİLGİ TEKNOLOJİLERİ LİMİTED ŞİRKETİ,1.0232558139534884
DEKON KONGRE VE TURİZM HİZM.A.Ş.,NETIX BİLİŞİM TEKNOLOJİLERİ YAZILIM DANIŞMANLIK EĞİTİM VE İLETİŞİM HİZMETLERİ SANAYİ TİCARET LİMİTED ŞİRKETİ,1.0
DELTA PROSES OTOMASYON KONTROL VE ELEKTRONİK SİSTEMLERİ SANAYİ VE TİCARET LİMİTED ŞİRKETİ,MERİT İLETİŞİM TEKNOLOJİLERİ TİCARET VE SANAYİ ANONİM ŞİRKETİ,1.0
DELTOİD ELEKTRONİK SİSTEMLERİ TEKNOLOJİ VE İNŞAAT SANAYİ TİCARET LİMİTED ŞİRKETİ,ELFANET BİLİŞİM ANONİM ŞİRKETİ,0.5
DELTOİD ELEKTRONİK SİSTEMLERİ TEKNOLOJİ VE İNŞAAT SANAYİ TİCARET LİMİTED ŞİRKETİ,MOZAİK YAZILIM VE BİLİŞİM SİSTEMLERİ SAN VE TİC. LTD. ŞTİ.,1.0
MOZAİK YAZILIM VE BİLİŞİM SİSTEMLERİ SAN VE TİC. LTD. ŞTİ.,İNTRON BİLİŞİM YAZILIM TANITIM VE TASARIM HİZMETLERİ SANAYİ TİCARET LİMİTED ŞİRKETİ,1.0
DEN-BİL BİLGİSAYAR TELEKOMÜNİKASYON İNŞAAT SANAYİ VE TİCARET LİMİTED ŞİRKETİ,NKT TEKNOLOJİ DAĞITIM TİCARET LİMİTED ŞİRKETİ,1.0
DERTA PROJE MÜHENDİSLİK ELEKTRİK İNŞAAT TAAHHÜT SANAYİ VE TİCARET LİMİTED ŞİRKETİ,YAZILIM 3D BİLGİSAYAR TEKNOLOJİLERİ SANAYİ VE TİCARET ANONİM ŞİRKETİ,0.5
ÖZGÜR YAZILIM BİLİŞİM EĞİTİM TİCARET AN ONİM ŞİRKETİ,ELTEM-TEK ELEKTRİK TESİSLERİ MÜHENDİSLİK MÜTEAHHİTLİK DANIŞMANLIK VE TİCARET ANONİM ŞİRKETİ,0.3333333333333333
ÖZGÜR YAZILIM BİLİŞİM EĞİTİM TİCARET AN ONİM ŞİRKETİ,METİS BİLİŞİM YAZILIM DANIŞMANLIK EĞT.VE YAY HİZ TİC LTD ŞTİ,0.3333333333333333
DETAY DANIŞMANLIK BİLGİS.HİZM.SAN.VEDIŞ TİC.A.Ş.,ÇÖZÜMEVİ YÖNETİM DANIŞMANLIĞI VE BİLGİSAYAR YAZILIM TİCARET ANONİM ŞİRKETİ,0.29166666666666663
ÇÖZÜMEVİ YÖNETİM DANIŞMANLIĞI VE BİLGİSAYAR YAZILIM TİCARET ANONİM ŞİRKETİ,NEXTNORMAL TEKNOLOJİ VE YAZILIM GELİŞTİRME TİCARET LİMİTED ŞİRKETİ,0.29166666666666663
DONAN BİLİŞİM ELEKTRONİK TEKSTİL SAĞLIK HİZMETLERİ İNŞAAT SANAYİ VE DIŞ TİCARET LİMİTED ŞİRKETİ,PİRİ1513 COĞRAFİ BİLGİ SİSTEMLERİ MÜHENDİSLİK VE EĞİTİM LİMİTED ŞİRKETİ,0.25
PİRİ1513 COĞRAFİ BİLGİ SİSTEMLERİ MÜHENDİSLİK VE EĞİTİM LİMİTED ŞİRKETİ,PSEUDONYM_484,0.25
PİRİ1513 COĞRAFİ BİLGİ SİSTEMLERİ MÜHENDİSLİK VE EĞİTİM LİMİTED ŞİRKETİ,SEKTÖRSOFT YAZILIM ARGE ANONİM ŞİRKETİ,0.25
PİRİ1513 COĞRAFİ BİLGİ SİSTEMLERİ MÜHENDİSLİK VE EĞİTİM LİMİTED ŞİRKETİ,VADİ KURUMSAL BİLGİSİSTEMLERİ LTD.ŞTİ.,0.25
SMARTSİS YAZILIM DONANIMLARI BİLGİ TEKNOLOJİLERİ TURİZM ORGANİZASYON VE BİLGİSAYAR MALZEMELERİ İTHALAT İHRACAT SANAYİ VE TİCARET ANONİM ŞİRKETİ,EGE BİMTES BİLGİ İŞLEM MAKİNALARI TEKNİK SERVİS SANAYİ VE TİCARET LİMİTED ŞİRKETİ,0.3333333333333333
SMARTSİS YAZILIM DONANIMLARI BİLGİ TEKNOLOJİLERİ TURİZM ORGANİZASYON VE BİLGİSAYAR MALZEMELERİ İTHALAT İHRACAT SANAYİ VE TİCARET ANONİM ŞİRKETİ,PSEUDONYM_602,0.3333333333333333
DOĞADAN GRUP ISITMA ENERJİ SİSTEMLERİ MADENCİLİK BİLGİSAYAR SİSTEMLERİ SAĞLIK VE EĞİTİM SANAYİ VE TİCARET LİMİTED ŞİRKETİ,GISLAND BİLİŞİM TİCARET LİMİTED ŞİRKETİ,1.0
DRAMA MÜHENDİSLİK EĞİTİM DANIŞMANLIK HİZİNŞ.ELEK.SAN.TİC.LTD,SPİDYA YAZILIM ANONİM ŞİRKETİ,1.0
DİJİTAL ARŞİV BELGE BİLGİ TEKNOLOJİLERİ SANAYİ VE TİCARET ANONİM ŞİRKETİ,N2MOBİL TAKİP SİSTEMLERİ ANONİM ŞİRKETİ,1.0
DİYARBAKIR DEMİRCİOĞLU BİLGİSAYAR SİSTEMLERİ ELEKTRİK ELEKTRONİK NAKLİYAT GIDA TEMİZLİK İTHALAT İHRACAT SANAYİ TİCARET LİMİTED ŞİRKETİ,MİA TEKNOLOJİ YAZILI M TASAR.MÜH.İTH. İHR.PAZ.LTD.ŞTİ.,1.0
MİA TEKNOLOJİ YAZILI M TASAR.MÜH.İTH. İHR.PAZ.LTD.ŞTİ.,EMİTURK ELEKTRONİK SAN.VE TİC.LTD.ŞT,1.0
MİA TEKNOLOJİ YAZILI M TASAR.MÜH.İTH. İHR.PAZ.LTD.ŞTİ.,EVATECH BİLGİ TEKNOLOJİLERİ DANIŞMANLIK MEDİKAL SANAYİ VE TİCARET LİMİTED ŞİRKETİ,0.5
MİA TEKNOLOJİ YAZILI M TASAR.MÜH.İTH. İHR.PAZ.LTD.ŞTİ.,GE MEDİCAL SYSTEMS TÜRKİYE LTD.ŞTİ,1.0
MİA TEKNOLOJİ YAZILI M TASAR.MÜH.İTH. İHR.PAZ.LTD.ŞTİ.,ÇAĞRI NAK.TAA.TUR.TE K.GÜV.SİS.VE TEM HİZ.TİC.SN.LTD.Ş,1.0
EDUSANO BİLİŞİM YAZILIM TANITIM VE TASARIM HİZMETLERİ SANAYİ VE TİCARET LİMİTED ŞİRKETİ,KORUDATA YAZILIM VE BİLGİ TEKNOLOJİLERİ ANONİM ŞİRKETİ,1.3333333333333333
EFOR BİLİŞİM TEKNOLO JİLERİ SANAYİ VE TİC ARET LİMİTED ŞİRKETİ,PSEUDONYM_034,0.5625
PSEUDONYM_034,EG YAZILIM DONANIM DANIŞMANLIK HİZMETLERİ LTD.ŞTİ.,0.3333333333333333
PSEUDONYM_034,ESEN ENTEGRE HİZMET YÖNETİMİ SANAYİ VE TİCARET LİMİTED ŞİRKETİ,0.38888888888888884
PSEUDONYM_034,KANT YAZILIM ANONİM ŞİRKETİ,0.5
PSEUDONYM_034,LİTERA BİLİŞİM TEKNOLOJİLERİ SANAYİ VE Tİ CARET LİMİTED ŞİRKETİ,1.0
PSEUDONYM_034,SERVO ARŞİV BİLİŞİM YÖNETİM HİZMETLERİ LİMİTED ŞİRKETİ,0.8234126984126984
EKSTREM BİR BİLGİSAYAR DANIŞMANLIK İÇ VE DIŞ TİCARET LİMİTED ŞİRKETİ,KORTEKS BİLİŞİM HİZMETLERİ A.Ş.,0.3333333333333333
KORTEKS BİLİŞİM HİZMETLERİ A.Ş.,PSEUDONYM_269,0.3333333333333333
EKİN SOFTWARE TEKNOLOJİ SANAYİ VE TİCARET ANONİM ŞİRKETİ,SAYKOM ELEK HABERLEŞ GÜVE SİS İTH İHR SAN VE TİC LTD ŞTİ,1.0
ELECTROER MÜHENDİSLİK ELEKTRİK ELEKTRONİK TAAHHÜT TİCARET SANAYİ LİMİTED ŞİRKETİ,PLUSTECH GÜVENLİK SİSTEMLERİ ANONİM ŞİRKETİ,1.0
MS TEDARİK TEKNOLOJİ SANAYİ VE TİCARET LİMİTED ŞİRKETİ,PSEUDONYM_364,1.0
LİTERA BİLİŞİM TEKNOLOJİLERİ SANAYİ VE Tİ CARET LİMİTED ŞİRKETİ,R2 TEKNOLOJİ BİLİŞİM ÇÖZÜMLERİ HİZMETLERİ SANAYİ TİCARET LİMİTED ŞİRKETİ,1.0
LİTERA BİLİŞİM TEKNOLOJİLERİ SANAYİ VE Tİ CARET LİMİTED ŞİRKETİ,ŞAHİNOĞLU BİLGİSAYARİNŞAAT KIRTASİYESAN.VE TİC.LTD.Ş,1.0
EPİTEL İLETİŞİM SANAYİ VE TİCARET LİMİTED ŞİRKETİ,KOZHAN BİLİŞİM TEKNOLOJİLERİ SANAYİ VE TİCARET LİMİTED ŞİRKETİ,0.25
EPİTEL İLETİŞİM SANAYİ VE TİCARET LİMİTED ŞİRKETİ,KRİPTEK KRİPTO VE BİLİŞİM TEKNOLOJİLERİ SANAYİ TİCARET ANONİM ŞİRKETİ,0.25
EPİTEL İLETİŞİM SANAYİ VE TİCARET LİMİTED ŞİRKETİ,PBS BİLGİSAYAR ELEKTGÜV.SİST.SAN.VEDIŞ TİC.LTD.ŞTİ.,0.25
KOZHAN BİLİŞİM TEKNOLOJİLERİ SANAYİ VE TİCARET LİMİTED ŞİRKETİ,TEKNİKALPARK KOPYALAMA BASKI SİSTEMLERİ BİLGİSAYAR VE BÜRO MAKİNALARI KIRTASİYE DAYANIKLI TÜKETİM MALLARI İNŞAAT TAŞIMACILIK LİMİTED ŞİRKETİ,1.0
ERBİL COMPUTER İNŞAAT TURİZM SANAYİ VE TİCARET LİMİTED ŞİRKETİ.,SİSTAŞ SAYISAL İLETİŞİM SAN TİC A.Ş.,0.25
SİSTAŞ SAYISAL İLETİŞİM SAN TİC A.Ş.,NETFİKS BİLGİ TEKNOLOJİLERİ SANAYİ VE TİCARET LİMİTED ŞİRKETİ,0.25
SİSTAŞ SAYISAL İLETİŞİM SAN TİC A.Ş.,PSEUDONYM_198,0.25
SİSTAŞ SAYISAL İLETİŞİM SAN TİC A.Ş.,RAMİB NAKLİYE İNŞAAT BİLGİSAYAR ELEKTRİK OTOMOTİV TEKSTİL SANAYİ VE TİCARET LİMİTED ŞİRKETİ,0.25
ESEN ENTEGRE HİZMET YÖNETİMİ SANAYİ VE TİCARET LİMİTED ŞİRKETİ,PSEUDONYM_424,0.3333333333333333
ESEN ENTEGRE HİZMET YÖNETİMİ SANAYİ VE TİCARET LİMİTED ŞİRKETİ,TÜRKAY ET GIDA TEMİZLİK KÖMÜR TURİZM İNŞAAT PAZARLAMA SANAYİ VE TİCARET LİMİTED ŞİRKETİ,0.3333333333333333
ESENGÜL DAYANIKLI TÜKETİM MALLARI TİCARET LİMİTED ŞİRKETİ,GİRİŞİM BİLİŞİM TEKN MEDİKAL LOJ.SAN.VE D IŞ TİC.LTD.ŞTİ.,0.5
ESENGÜL DAYANIKLI TÜKETİM MALLARI TİCARET LİMİTED ŞİRKETİ,VADİ KURUMSAL BİLGİSİSTEMLERİ LTD.ŞTİ.,0.5
GİRİŞİM BİLİŞİM TEKN MEDİKAL LOJ.SAN.VE D IŞ TİC.LTD.ŞTİ.,VADİ KURUMSAL BİLGİSİSTEMLERİ LTD.ŞTİ.,0.5
VADİ KURUMSAL BİLGİSİSTEMLERİ LTD.ŞTİ.,MOSK BİLİŞİM TEKNOLOJİLERİ SANAYİ VE TİCARET LİMİTED ŞİRKETİ,0.5
VADİ KURUMSAL BİLGİSİSTEMLERİ LTD.ŞTİ.,PSEUDONYM_374,1.0
VADİ KURUMSAL BİLGİSİSTEMLERİ LTD.ŞTİ.,TETRA SİBER GÜVENLİK DANIŞMANLIK ANONİM ŞİRKETİ,0.5
VADİ KURUMSAL BİLGİSİSTEMLERİ LTD.ŞTİ.,TOPSAKAL BİLGİ TEKNOLOJİLERİ EMLAK İNŞAAT TURİZM OTOMOTİV SANAYİ VE TİCARET LİMİTED ŞİRKETİ,0.5
ESRİ BİLGİ SİSTEMLERİ MÜHENDİSLİK VE EĞİTİM LİMİTED ŞİRKETİ,KODA BİLİŞİM SANAYİ VE TİCARET ANONİM ŞİRKETİ,0.5
ESRİ BİLGİ SİSTEMLERİ MÜHENDİSLİK VE EĞİTİM LİMİTED ŞİRKETİ,ODAKENT ÇEVRE BİLİŞİM ANONİM ŞİRKETİ,0.3333333333333333
ODAKENT ÇEVRE BİLİŞİM ANONİM ŞİRKETİ,HUGOTEK BİLİŞİM ÇÖZÜMLERİ ANONİM ŞİRKETİ,0.3333333333333333
ESTEP BİLİŞİM ARAŞTIRMA AJANS EĞİTİM DANIŞMANLIK HİZMETLERİ SANAYİ VE TİCARET LİMİTED ŞİRKETİ,SİBERUS BİLGİ TEKNOLOJİLERİ YAZILIM DANIŞMANLIK EĞİTİM BİLGİSAYAR TİCARET LİMİTED ŞİRKETİ,0.5
EXABİLTEKNOLOJİ SİSTEMLERİ PAZARLAMA BİLİŞİM SANAYİ VE TİCARET LİMİTED ŞİRKETİ.,HORİZON BİLGİ TEKNOLOJİLERİ TİC.LTD.ŞTİ,0.2
EXABİLTEKNOLOJİ SİSTEMLERİ PAZARLAMA BİLİŞİM SANAYİ VE TİCARET LİMİTED ŞİRKETİ.,MORTEN BİLGİ VE İLETİŞİM HİZMETLERİ ANONİM ŞİRKETİ,0.2
EXABİLTEKNOLOJİ SİSTEMLERİ PAZARLAMA BİLİŞİM SANAYİ VE TİCARET LİMİTED ŞİRKETİ.,NETSERVİS BİLGİSAYAR SİSTEMLERİ TİCARET A.Ş.,0.2
EXABİLTEKNOLOJİ SİSTEMLERİ PAZARLAMA BİLİŞİM SANAYİ VE TİCARET LİMİTED ŞİRKETİ.,UYUMSOFT BİLGİ SİSTEMLERİ VE TEKNOLOJİLERİ TİCARET ANONİM ŞİRKETİ,0.2
HORİZON BİLGİ TEKNOLOJİLERİ TİC.LTD.ŞTİ,ÜNİ-PA ÜNİVERSİTE PA ZARLAMA VE BİLG İNTER TİC A Ş,0.5
EXPER BİLGİSAYAR SİS TEMLERİ SANAYİ VE Tİ C.ARET A.Ş.,NETOVA TEKNOLOJİ BİLİŞİM İLETİŞİM ELEKTRONİK VE OFİS OTOMASYON SİSTEMLERİ SAN.VE TİC. LTD.ŞTİ.,1.0
EŞKOM BİLGİSAYAR SAN AYİ TİCARET A.Ş.,TEOSOFT YAZILIM DONANIM BİLGİSAYAR EĞİTİM DANIŞMANLIK SANAYİ VE TİCARET LİMİTED ŞİRKETİ,1.0
TEOSOFT YAZILIM DONANIM BİLGİSAYAR EĞİTİM DANIŞMANLIK SANAYİ VE TİCARET LİMİTED ŞİRKETİ,MİRSOFT BİLİŞİM YAZILIM TEKNOLOJİLERİ TİCARET LİMİTED ŞİRKETİ,0.25
TEOSOFT YAZILIM DONANIM BİLGİSAYAR EĞİTİM DANIŞMANLIK SANAYİ VE TİCARET LİMİTED ŞİRKETİ,PSEUDONYM_411,0.25
TEOSOFT YAZILIM DONANIM BİLGİSAYAR EĞİTİM DANIŞMANLIK SANAYİ VE TİCARET LİMİTED ŞİRKETİ,PİRİREİS BİLİŞİM TEK NOLOJİLERİ YAZIL IM MÜH.B.E.T.L.Ş,0.25
FASTSOFT BİLİŞİM TEKNOLOJİ ANONİM ŞİRKETİ,PSEUDONYM_065,1.0
FEROFEN BİLİŞİM ANONİM ŞİRKETİ,PİTON BİLGİSAYAR TEKEĞİTİM DANIŞMANLIK LTD.ŞTİ.,1.0
TURMAP BİLİŞİM TEKNO LOJİLERİ TİCARET LTD.ŞTİ.,KOÇ BİLGİ VE SAVUNMA TEKNOLOJİLERİ ANONİM ŞİRKETİ,0.3333333333333333
VERİFY VERİ İLETİŞİM İ.VE ENFORMASYON TEK.LTD.ŞTİ.,KRESİS KURUMSAL BİLİŞİM HİZMETLERİ SANAYİ VE TİCARET LİMİTED ŞİRKETİ,1.0
FİDELTUS İLERİ TEKNO LOJİ ÜRÜNLERİ SA N VE TİC. A.Ş,SERVO ARŞİV BİLİŞİM YÖNETİM HİZMETLERİ LİMİTED ŞİRKETİ,1.0
FİDES TEKNOLOJİ VE GÜVENLİK SİS.TİC.LTD.ŞTİ.,OREED BİLİŞİM TEKNOLOJİLERİ İNŞAAT OTOMOTİV PAZARLAMA SANAYİ VE TİCARET LİMİTED ŞİRKETİ,1.0
FİDES TEKNOLOJİ VE GÜVENLİK SİS.TİC.LTD.ŞTİ.,İNTRON BİLİŞİM YAZILIM TANITIM VE TASARIM HİZMETLERİ SANAYİ TİCARET LİMİTED ŞİRKETİ,1.0
GALAKSİTY AKILLI ŞEHİR TEKNOLOJİLERİ ANONİM ŞİRKETİ,KURUMSOFT KURUMSAL BİLİŞİM TEKNOLOJİLERİ VE DANIŞMANLIK HİZMETLERİ ANONİM ŞİRKETİ,1.0833333333333333
GELİŞİM YÖNETİM SİSTEMLERİ A.Ş.,İNFOLOJİ TEKNOLOJİ VE İNOVASYON A.Ş.,1.0
GEO TEKNİK GEODEZİ V E ELEKTRONİK ALE T.SAN.VE TİC.LTD,İŞLEM HARİTA MÜHENDİSLİK MÜŞ.DAN.VE.ARA.TİC.LTD.ŞTİ.,1.0
SALDEM BİLİŞİM TEKNOLOJİLERİ ENERJİ İNŞAAT YAZILIM TELEKOMİNİKASYON OTOMOTİV TURİZM GIDA TAAHHÜT SANAYİ TİCARET İTHALAT VE İHRACAT LİMİTED ŞİRKETİ,KOÇ BİLGİ VE SAVUNMA TEKNOLOJİLERİ ANONİM ŞİRKETİ,0.3333333333333333
GGS BİLİŞİM TEKNOLOJİLERİ SANAYİ TİCARET ANONİM ŞİRKETİ,KAREL ELEKTRONİK SANAYİ VE TİCARET A.Ş.,0.15064102564102563
KAREL ELEKTRONİK SANAYİ VE TİCARET A.Ş.,SİSTEK DATA İLETİŞİMSİSTEMLERİ SAN.VE TİC.LTD.ŞTİ.,1.0
GÜLDEM HARİTA İNŞAATTÜKETİM MADD.TİCSAN.LTD.ŞTİ.,SİMURG AJANS BİLİŞİM ARAŞTIRMA SANAYİ TİCARET LİMİTED ŞİRKETİ,0.3333333333333333
SİMURG AJANS BİLİŞİM ARAŞTIRMA SANAYİ TİCARET LİMİTED ŞİRKETİ,GÜNKA HARİTA TAAHHÜT TİCARET ANONİM ŞİRKETİ,0.3333333333333333
SİMURG AJANS BİLİŞİM ARAŞTIRMA SANAYİ TİCARET LİMİTED ŞİRKETİ,TEKNİK MÜHENDİSLİK H ARİTA İNŞAAT TİCARET VE SANAYİ LTD.ŞTİ.,0.3333333333333333
GÜNEY BİLİŞİM BİLGİ TEKNOLOJİLERİ TURİZM SANAYİ VE TİCARET LİMİTED ŞİRKETİ,PRESTİJ BİLGİ SİSTEMLERİ ARGE YAZILIM İNŞAAT MOBİLYA SANAYİ VE TİCARET A.Ş.,0.3333333333333333
GÜNEY BİLİŞİM BİLGİ TEKNOLOJİLERİ TURİZM SANAYİ VE TİCARET LİMİTED ŞİRKETİ,PSEUDONYM_164,0.3333333333333333
GÜNEY BİLİŞİM BİLGİ TEKNOLOJİLERİ TURİZM SANAYİ VE TİCARET LİMİTED ŞİRKETİ,PSEUDONYM_588,0.3333333333333333
PRESTİJ BİLGİ SİSTEMLERİ ARGE YAZILIM İNŞAAT MOBİLYA SANAYİ VE TİCARET A.Ş.,RESET BİLGİ TEKNOLOJİLERİ SANAYİ VE TİCARET ANONİM ŞİRKETİ,1.0
PSEUDONYM_164,VİZYON ELEKTRONİK BİLŞ.SİS.VE DANŞ.SAN.TİC.LTD.ŞTİ.,1.0
HASVET MEDİKAL YAZILIM SAĞLIK HİZMETLERİ SANAYİ VE TİCARET ANONİM ŞİRKETİ,OTEK YAZILIM BİLİŞİM ÇÖZÜMLERİ ANONİM ŞİRKETİ,0.5
OTEK YAZILIM BİLİŞİM ÇÖZÜMLERİ ANONİM ŞİRKETİ,METOD ARAÇ TAKİP VE ARAÇ İÇİ İZLEME ÇÖZÜMLERİ İLETİŞİM BİLGİSAYAR SANAYİ VE TİCARET ANONİM ŞİRKETİ,0.5
HDH TEKNOLOJİ SANAYİ LİMİTED ŞİRKETİ,TMARKA MULTİMEDYA GRAFİK İLETİŞİM BİLİŞİM DANIŞMANLIK VE REKLAM HİZMETLERİ LİMİTED ŞİRKETİ,1.0
HOLYUM YAZILIM DONANIM MÜHENDİSLİK DANIŞMANLIK SANAYİ VE TİCARET LİMİTED ŞİRKETİ,TEOGEN TEKNOLOJİ VE ENDÜSTRİYEL YAZILIM SİSTEMLERİ SANAYİ TİCARET LİMİTED ŞİRKETİ,1.0
HYPERNET BİLİŞİM SANAYİ VE TİCARET LİMİTED ŞİRKETİ,TUGA TEKNOLOJİ BİLİŞİM VE DANIŞMANLIK HİZMETLERİ LTD. ŞTİ.,1.0
HİDROMOD ARGE VE YAZILIM LİMİTED ŞİRKETİ,PRODES GRUP BİLGİSAYAR YAZILIM BİLİŞİM İNŞAAT HİZMETLERİ OTOMOTİV SANAYİ VE TİCARET ANONİM ŞİRKETİ,0.5
PRODES GRUP BİLGİSAYAR YAZILIM BİLİŞİM İNŞAAT HİZMETLERİ OTOMOTİV SANAYİ VE TİCARET ANONİM ŞİRKETİ,MEKANSAL YAZILIM DANIŞMANLIK TİCARET LİMİTED ŞİRKETİ,0.5
IBSS TEKNOLOJİ VE YAZILIM ANONİM ŞİRKETİ,PSEUDONYM_411,1.0
IMIS GLOBAL LIMITED,PD ANADOLU ARAŞ DANEĞ VE BİL HİZ TİC LTD ŞTİ,0.5
IMIS GLOBAL LIMITED,SOLENT BİLİŞİM TEKNOLOJİLERİ YAZILIM VE DONANIM ANONİM ŞİRKETİ,0.5
PD ANADOLU ARAŞ DANEĞ VE BİL HİZ TİC LTD ŞTİ,SOLENT BİLİŞİM TEKNOLOJİLERİ YAZILIM VE DONANIM ANONİM ŞİRKETİ,0.5
ITM TEKNOLOJİ İLETİŞİM SİSTEMLER ANONİM ŞİRKETİ,TEKNO SERHATOĞLU BİLGİSAYAR SANAYİ VE TİCARET LİMİTED ŞİRKETİ,1.0
ITSS BİLİŞİM HİZMETLERİ TİCARET ANONİM ŞİRKETİ,METSİS BİLİŞİM SANAYİ VE TİCARET LİMİTED ŞİRKETİ,0.3333333333333333
ITSS BİLİŞİM HİZMETLERİ TİCARET ANONİM ŞİRKETİ,PLATOBİLGİSAYAR ÜRÜNLERİ PAZARLAMA SAN.VE TİC.LTD.ŞT,0.3333333333333333
METSİS BİLİŞİM SANAYİ VE TİCARET LİMİTED ŞİRKETİ,PLATOBİLGİSAYAR ÜRÜNLERİ PAZARLAMA SAN.VE TİC.LTD.ŞT,0.3333333333333333
METSİS BİLİŞİM SANAYİ VE TİCARET LİMİTED ŞİRKETİ,PSEUDONYM_391,0.3333333333333333
PLATOBİLGİSAYAR ÜRÜNLERİ PAZARLAMA SAN.VE TİC.LTD.ŞT,PRODES GRUP BİLGİSAYAR YAZILIM BİLİŞİM İNŞAAT HİZMETLERİ SANAYİ VE TİCARET LİMİTED ŞİRKETİ,1.0
PLATOBİLGİSAYAR ÜRÜNLERİ PAZARLAMA SAN.VE TİC.LTD.ŞT,PSEUDONYM_391,0.3333333333333333
KARYA TEKNOLOJİ VE DANIŞMANLIK HİZMETLERİ A.Ş,UNITEDWIT BİLİŞİM MÜHENDİSLİK DANIŞMANLIK İÇ VE DIŞ TİCARET SANAYİ LİMİTED ŞİRKETİ,1.0
LOGO YAZILIM SANAYİ VE TİÇARET ANONİM ŞİRKETİ,MOBİSİS TEKNOLOJİ ANONİM ŞİRKETİ,0.25
MOBİSİS TEKNOLOJİ ANONİM ŞİRKETİ,VODAFONE NET İLETİŞİM HİZMETLERİ ANONİM ŞİRKETİ,0.25
LTS BİLİŞİM TEKNOLOJİLERİ TİCARET LİMİTED ŞİRKETİ,SZR BİLİŞİM TEKNOLOJİLERİ TİCARET LİMİTED ŞİRKETİ,0.3333333333333333
LİNEER BİLİŞİM TEKNO LOJİLERİ CBS OTOM.Bİ LG.TİC.LTD.ŞTİ.,YALÇINLAR ELEKTRONİK SANAYİ VE TİC.LT D.ŞTİ.,1.1
YALÇINLAR ELEKTRONİK SANAYİ VE TİC.LT D.ŞTİ.,PSEUDONYM_310,1.0
MAKBİM BİLGİSAYAR ELEKTRONİK TEMİZLİK İNŞAAT TURİZM VE NAKLİYAT SANAYİ VE TİCARET LİMİTED ŞİRKETİ,PROYAPI MÜHENDİSLİK VE MÜŞAVİRLİK ANONİM ŞİRKETİ,0.5
MAKBİM BİLGİSAYAR ELEKTRONİK TEMİZLİK İNŞAAT TURİZM VE NAKLİYAT SANAYİ VE TİCARET LİMİTED ŞİRKETİ,İKİSEL ELEKTRONİK İNŞAAT SANAYİ VE TİCARET LİMİTED ŞİRKETİ,0.5
MEBA ELEKTRONİK İLETİŞİM SİSTEMLERİTİC.LTD.ŞTİ.,PSEUDONYM_059,0.5
MEBA ELEKTRONİK İLETİŞİM SİSTEMLERİTİC.LTD.ŞTİ.,PSEUDONYM_455,0.5
MERSİN ÇİZGİ TEKNOLOJİ BÜRO MAKİNALARI GÜVENLİK SANAYİ VE TİCARET LİMİTED ŞİRKETİ,POLARNEXT MÜHENDİSLİK LİMİTED ŞİRKETİ,1.0
MOBİLSERVİS ÇAĞRI TAKİP VE BİLGİLENDİRME SİSTEMLERİ ANONİM ŞİRKETİ,V.E.B. BİLGİ İŞLEM OTOMASYON ÖZEL EĞİTİM HİZMETLERİ DANIŞMANLIK İNŞAAT YEMEKÇİLİK LOKANTA KAFETERYA GIDA TİCARET VE SANAYİ LİMİTED ŞİRKETİ,1.0
MOTTO BİLGİ İŞLEM HİZMETLERİ VE TİCARET ANONİM ŞİRKETİ,PSEUDONYM_372,1.0
NAR YAZILIM OTOMASYON TEK.EĞİTİM VEDAN.LTD.ŞTİ.,UTARİT BİLİŞİM HİZMETLERİ SANAYİ VE TİCARET A.Ş.,1.0
NOKTASAL YAZILIM İNŞAAT SANAYİ TİCARET LİMİTED ŞİRKETİ,USSAL YAZILIM TİCARET LİMİTED ŞİRKETİ,0.13436692506459946
PLATO BİLGİSAYAR ÜRÜNLERİ PAZ SANAYİ TİCARET LİMİTED ŞİRKETİ,PVA TEKNOLOJİ LİMİTED ŞİRKETİ,1.2
PSEUDONYM_219,SÜRAT BİLİŞİM TEKNOLOJİLERİ SANAYİ TİCARET ANONİM ŞİRKETİ,0.5
SÜRAT BİLİŞİM TEKNOLOJİLERİ SANAYİ TİCARET ANONİM ŞİRKETİ,İ SİSTEM BİLGİ TEKNO LOJİLERİ SAN.VE TİC. A.Ş.,0.20666666666666667
PSEUDONYM_442,VETA BİLGİSAYAR VE YAZILIM HİZMETLERİ SANAYİ VE TİCARET LİMİTED ŞİRKETİ,1.0
TCHEALTH BİLGİ TEKNOLOJİLERİ ANONİM ŞİRKETİ,ÜLKEM İNŞAAT MADENCİLİK VE ELEKTRONİK SANAYİ TİCARET ANONİM ŞİRKETİ,1.0
