mode,name,x,y
F,4 S BİLGİ TEKNOLOJİLERİ ANONİM ŞİRKETİ,-126.19793266276429,307.56991255173267
F,4 TEK BİLİŞİM YAZBİL.KIR.ELK.İNŞ.SAN.TİC.LTD.ŞTİ.,-205.75018204354336,38.58578741246408
F,5M BİLİŞİM YAZILIM ELEKTRONİK REKLAM SİNEMA GIDA EĞİTİM YÖNETİM DANIŞMANLIĞI SANAYİ VE TİCARET LİMİTED ŞİRKETİ,55.50850704299106,-248.73403060965933
F,7K BİLİŞİM TEKNOLOJİLERİ VE DANIŞMANLIK İNŞAAT TAAHHÜT İTHALAT İHRACAT SANAYİ VE TİCARET LİMİTED ŞİRKETİ,668.8981906592509,-309.6907170208763
F,ABİS TEKNOLOJİ LTD.ŞTİ.,-123.98239697735397,-264.2432844767125
F,ABİSENA BİLGİ TEKNOLOJİLERİ ANONİM ŞİRKETİ,-467.35494432328943,-381.59171258522406
F,ADA MÜHENDİSLİK VE Y AZILIM HİZ.TİC.L TD.ŞTİ.,-99.69181400270806,235.44198309034354
F,ADALYA İLETİŞİM TEKNOLOJİ GÜVENLİK SİSTEMLERİ VE BİLGİSAYAR TİCARET LİMİTED ŞİRKETİ,310.29916339663464,-126.35562053535767
F,ADAM TEKNOLOJİ YAZILIM VE DANIŞMANLIK HİZMETLERİ LİMİTED ŞİRKETİ,-321.4056729751688,-11.359335076624474
F,ADEO BİLİŞİM DANIŞMANLIK HİZMETLERİ SANAYİ VE TİCARET ANONİM ŞİRKETİ,70.60227879814033,230.63581933693334
F,AGERSOFT BİLİŞİM TEKNOLOJİLERİ DIŞ TİCARET SANAYİ LİMİTED ŞİRKETİ,-339.4689574343988,-20.31032416502896
F,AIMS ANALİTİK BİLGİ YÖNETİMİ ÇÖZÜMLERİ YAZILIM EĞİTİM DANIŞMANLIK TİCARET LİMİTED ŞİRKETİ.,-200.97493740851786,-207.0706752084281
F,AKGÜN BİLGİSAYAR PROGRAM VE HİZ.SAN.TİC.LTD.ŞİRKETİ,-579.8991125615588,-417.9281531968388
F,ALERTA ELEKTRONİK VE MÜHENDİSLİK TAAHHÜT TİCARET ANONİM ŞİRKETİ,-347.7236877475748,345.7184851898479
F,ALGAN YAZILIM VE BİLİŞİM MAKİNA ELEKTRONİK HAYVANCILIK TİCARET LİMİTED ŞİRKETİ,206.584768037867,-340.3749213952272
F,ALKAYA ELEKTRONİK SANAYİ VE TİC.LTD.ŞTİ.,-55.07267300053704,-60.04721256141141
F,ALPDATA BİLGİSAYAR YAZILIM DONA.SİS.VE MED.PAZ.VE TİC.LTD.ŞT,-495.82104192615583,-189.94739522076154
F,ALSAY İLETİŞİM ELEKTRONİK GIDA İNŞ.SAN.TİC.LTD.ŞTİ.,182.10785470450122,140.35297698092336
F,ALTAR ELEKTRONİK TEK NOLOJİ SAN.VE Tİ C.LTD.ŞTİ.,-61.900167750517824,303.6292201492543
F,ALTO TEKNOLOJİ BİLİŞİM ÇÖZÜMLERİ SANAYİ VE DIŞ TİCARET LİMİTED ŞİRKETİ,-169.26679363321395,-321.9912503015847
F,ALTUS BİLİŞİM HİZMETLERİ ANONİM ŞİRKETİ,-41.74449547030478,231.48215550260923
F,ANKA AKTİF BİLGİSAYAR ELEKTRİK ELEKTRONİK YAZILIM KIRTASİYE İNŞAAT VE DAYANIKLI TÜKETİM MALLARI TIBBİ MALZEMELER İTHALAT İHRACAT DANIŞMANLIK TİCARET LİMİTED ŞİRKETİ,-258.08296530882586,250.65076150644657
F,ANKA COĞRAFİ BİLGİ T EKNOLOJİLERİ SANAYİ TİC.LTD.ŞTİ.,313.54585307836567,38.20483927410346
F,ANKABETA BİLİŞİM TEKNOLOJİLERİ ANONİM ŞİRKETİ,82.97362049956574,-17.344422399976086
F,ANKARA BİLGİ TEKNOLOJİLERİ REKLAMCILTRZ.SA.VE Tİ.LTD,168.23781248220854,293.62938761004335
F,ANKAREF BİLİŞİM TEKN OLOJİLERİ MÜH İM SAN TİC LTD ŞTİ,-94.13218531097746,57.263801286789054
F,APAZ MEDİKAL ÜRÜN VE BİLİŞİM PROĞRAMLAMA SANAYİ TİCARET LİMİTED ŞİRKETİ,-684.6565552006301,-450.82288080092763
F,APAZ MEDİKAL ÜRÜN VE BİLİŞİM YAZILIM SANAYİ VE TİCARET ANONİM ŞİRKETİ,-411.19450127863405,-335.2884203734591
F,APHEL BİLİŞİM HİZMETLERİ DANIŞMANLIK TİCARET LİMİTED ŞİRKETİ,340.32020203344325,4.0142396219380485
F,ARD GRUP BİLİŞİM TEKNOLOJİLERİ ANONİM ŞİRKETİ,83.60109698517488,341.41162174044854
F,ARK BİLİŞİM MEDİKAL SANAYİ VE TİCARET LİMİTED ŞİRKETİ,-446.85788090365617,-201.2301474346148
F,ARKENOM TEKNOLOJİ HİZMETLERİ SANAYİ VE TİCARET ANONİM ŞİRKETİ,120.43793755516208,-154.97221874842313
F,ARKSİGNER YAZILIM VE DONANIM SANAYİ TİCARET ANONİM ŞİRKETİ,37.79095904069913,109.63008131768898
F,ARMAKOM BİLİŞİM TEKNOJİLERİ ANONİM ŞİRKETİ,-26.521596374699545,-61.29888532285695
F,ARNİL-NET BİLGİSAYAR İLETİŞİM HİZMETLERİ YAZILIM TURİZM SANAYİ VE TİCARET LİMİTED ŞİRKETİ,-484.71767355052435,-291.0902284981245
F,ARTEK GRUP BİLİŞİM BÜRO MALZEMELERİ TİCARET LİMİTED ŞİRKETİ,-273.5287190073337,82.13380662994152
F,ARTEKA BİLİŞİM TİCARET LİMİTED ŞİRKETİ,119.04360348426049,396.1874057329768
F,ARTI VE ARTI TEKNOLOJİ HİZM.SAN.TİC.AŞ,-20.940531896375006,80.16108239565389
F,ARVENTO MOBİL SİSTEMLER ANONİM ŞİRKETİ,13.632551618736715,-280.3450965928633
F,ARŞİVİST DİZAYN ARŞİV KÜTÜPHANE BELGE BİLGİ YÖNETİMİ VE BİLİŞİM SİSTEMLERİ LİMİTED ŞİRKETİ,-215.2206983912636,359.37352084803206
F,ASELSAN ELEKTRONİK SANAYİ VE TİC.A.Ş.,-67.31813108378016,32.54466704059368
F,ASIR DİGİTAL BİLGİ SİSTEMLERİ ANONİM ŞİRKETİ,32.678843304403784,-98.43597114368325
F,ASİST BİLGİ TEKNOLOJİLERİ VE ELKTRONİK HABERLEŞME LİMİTED ŞİRKETİ.,228.8552853702024,-133.59546716120147
F,ATIKNAKİT GERİ DÖNÜŞÜM LİMİTED ŞİRKETİ,223.68571735077035,-163.5451768605756
F,ATLANTİS DOĞU BİLGİSAYAR İNŞ.MEDİKAL SANTİC LTD ŞTİ,100.41635328050191,-372.02533790181053
F,ATOS BİLİŞİM DANIŞMANLIK VE MÜŞTERİ HİZMETLERİ SANAYİ VE TİCARET ANONİM ŞİRKETİ,54.69603929717517,-121.96312799182358
F,AVEZ ELEKTRONİK İLET İŞİM EĞİTİM DANI ŞMANLIĞI TİC.AŞ.,-259.43707489746737,-356.83392343054953
F,AXPART BİLİŞİM ANONİM ŞİRKETİ,331.28969462568324,182.17970240188882
F,AY ELEKTRONİK BİLGİS AYAR VE MÜH.HİZ. TİC.LTD.ŞTİ.,-575.3696203953356,-359.1542981487915
F,BALDEM BİLİŞİM LİMİTED ŞİRKETİ,409.5686766314785,-59.284194890110435
F,BARBAROS TEKNOLOJİ ORGANİZASYON İLETİŞİM SANAYİ VE TİCARET LİMİTED ŞİRKETİ,278.4166907354665,-205.01389321147064
F,BARIŞ TELEKOM GÜVENLİK SİSTEMLERİ TİCARET LİMİTED ŞİRKETİ,148.7062771933244,170.0779397480962
F,BARLA BİLGİSAYAR MÜHENDİSLİK MÜŞAVİRLİK GIDA İNŞAAT MEDİKAL SANAYİ VE TİCARET LİMİTED ŞİRKETİ,-674.3603009272077,-497.9634061481492
F,BARİKAT İNTERNET GÜVENLİĞİ BİLİŞİM TİCARET ANONİM ŞİRKETİ,-287.6011973300691,185.90016071402758
F,BARİKATSİSTEM BİLİŞİM TEKNOLOJİLERİ TİCARET ANONİM ŞİRKETİ,-93.3732306104178,201.76023720138045
F,BAŞAR BİLGİSAYAR SİSTEMLERİ VE İLETİŞİM TEKNOLOJİLERİ SANAYİ VE TİCARET LTD ŞTİ,-152.30469932364224,204.5501954450713
F,BAŞARSOFT BİLGİ TEKNOLOJİLERİ ANONİM ŞİRKETİ,58.78339212454909,170.9032137669942
F,BELBİM İSTANBUL BELEDİYELERİ BİLGİ İŞLEM ENERJİ SANAYİ VE TİCARET ANONİM ŞİRKETİ,185.32303255608525,79.62390848341981
F,BELMAP YAZILIM MÜHENDİSLİK DANIŞMANLIK HİZMETLERİ TİC LTD ŞTİ.,222.09001754180943,-362.5313781575031
F,BELSOFT BİLİŞİM SİSTEMLERİ SANAYİ VE TİCARET LİMİTED ŞİRKETİ,941.9828187809272,-513.6728200770815
F,BELSİS BİLGİSAYAR YAZILIM İLETİŞİM HİZM.TİC.VE SAN.LTD.ŞTİ.,-17.47742936799339,37.56256192882819
F,BETA BİLGİ TEKNOLOJİLERİ İNŞAAT SANAYİ VE TİCARET LİMİTED ŞİRKETİ,274.7280481093781,-83.40354004419332
F,BEYAZ BİLGİSAYAR DANIŞMANLIK HİZ.LTD.ŞTİ,186.54808254280633,37.62686871051281
F,BEYAZ BİLGİSAYAR YAZ ILIM TASARIM SAN .VE TİC.LTD.ŞTİ.,325.4786934013432,-63.962238429446515
F,BEYAZ BİLGİSAYAR YAZILIM MÜH.SAN.VETİC.LTD.ŞTİ.,656.9772953398068,-179.386101629638
F,BEYAZ WEB TEKNOLOJİLERİ LİMİTED ŞİRKETİ,312.38975221130994,-44.01744054150949
F,BEYAZNET BİLİŞİM ANONİM ŞİRKETİ,223.82173676032212,-72.44738026255887
F,BGS BİLGİ SİSTEMLERİSANAYİ VE TİCARET LTD.ŞTİ.,104.3430727225023,16.575147231022868
F,BMB SOFT BİLGİSAYAR YAZILIM İLETİŞİM SİS.SAN.VE TİC.L,-458.7723977695642,-360.8085614395318
F,BNTPRO BİLGİ VE İLETİŞİM HİZMETLERİ ANONİM ŞİRKETİ,-77.43304017331361,319.62050730254475
F,BONİTA İNTERNET TEKNOLOJİ TİCARET LİMİTED ŞİRKETİ,279.8847099331709,-68.93740033777077
F,BOTT BİLGİ SİSTEMLER İ SAN.VE TİC.LTD .ŞTİ.,-62.82683054598038,164.76240433618386
F,BSD BİLGİSAYAR SAN.V E TİC.LTD.ŞTİ.,117.12233287101641,-282.85459066116925
F,BVF BİLGİ TEKNOLOJİLERİ YAPI VE DANIŞMANLIK LİMİTED ŞİRKETİ,-87.58776484425258,-165.7460972941618
F,BİGATEK BİLİŞİM SİSTEMLERİ TİCARET ANONİM ŞİRKETİ,263.0117192925072,217.7822632312648
F,BİLBEST BİLİŞİM SAĞ.EĞİT.DIŞ TİC.VESAN.LTD.ŞTİ.,-619.584196107443,-265.9452170701609
F,BİLFO BİLGİSAYAR VE BİLİŞİM SİS.LTD. ŞTİ.,-565.7446027103625,-142.00574456207192
F,BİLGE ADAM BİLGİSAYAR VE EĞİTİM HİZMSAN TİC AŞ,-181.04691923069672,142.9171593032701
F,BİLGE ADAM YAZILIM VE TEKNOLOJİ ANONİM ŞİRKETİ,-172.08363904328502,39.77274333156292
F,BİLGİ BİRİKİM SİSTEMLERİ ELEKTRONİK VE BİLGİSAYAR ENDÜSTRİSİ MÜHENDİSLİK HİZMETLERİ SANAYİ VE TİCARET LİMİTED ŞİRKETİ.,28.320032218005075,-61.048949482662536
F,BİLGİ SİSTEMLERİ SAN .VE DIŞ TİC.LTD. ŞTİ.,-273.7704695064179,-205.56805514373167
F,BİLGİ SİSTEMLERİ SANAYİ VE TİCARET ANONİM ŞİRKETİ,-433.1178933431742,-35.38471251514506
F,BİLGİBİM BİLGİSAYAR TEKNOLOJİLERİ İLETİŞİM ELEKTRONİK SANAYİ VE TİCARET LİMİTED ŞİRKETİ,-221.28229981102334,-33.04614308955385
F,BİLGİKENT BİLİŞİM TEKNOLOJİLERİ TİCARET LİMİTED ŞİRKETİ,69.132260759502,279.5953597348498
F,BİLGİTÜRK BİLG.TEKN.SAN.VE TİC.A.Ş.,-119.58248546388936,-231.13962749520852
F,BİLMED BİLGİSAYAR VE YAZILIM ANONİM ŞİRKETİ,-544.355162711424,-257.77046261538
F,BİLTAM MÜMESSİLLİK DIŞ TİC.VE SAN.A.Ş.,-37.26313021326203,196.69817366387798
F,BİLİCİSOFT BİLİŞİM VE SAVUNMA TEKNOLOJİLERİ SANAYİ TİC.LTD.ŞTİ.,17.69948259019321,514.9200589906554
F,BİLİŞİM BİLGİSAYAR ELEKTRONİK ENDÜSTRİ VE OFİS OTOMASYON SİSTEMLERİ SANAYİ TİCARET LİMİTED ŞİRKETİ,149.74418695567232,-192.14561419277064
F,BİLİŞİM BİLİŞİM VE YAZILIM SİSTEMLERİ SANAYİ VE TİCARET ANONİM ŞİRKETİ,153.50142742581392,431.49522588086495
F,BİLİŞİM KÜPÜ BİLGİSAYAR SANAYİ VE TİCARET LİMİTED ŞİRKETİ,-509.7768111110676,-77.62411635180605
F,BİLİŞİM SANAYİ VE TİCARET LTD.ŞTİ.,58.60341193557115,441.36321682413393
F,BİLİŞİM İNOVASYON SA N.VE TİC.LTD.ŞTİ.,54.30778086999918,221.9295411392323
F,BİMSER ÇÖZÜM YAZILIM TİCARET ANONİM ŞİRKETİ,4.06469664141525,217.17183444084347
F,BİMTAŞ BOĞAZİÇİ PEYZAJ İNŞAAT MÜŞAVİRLİK TEKNİK HİZMETLER SANAYİ TİCARET ANONİM ŞİRKETİ,171.33346003085023,-23.201541320578247
F,BİOPEST ÇEVRE SAĞLIĞI VE VEKTÖR KONTROLHİZ.LTD.ŞTİ.,150.07485420332324,-363.6131201672409
F,BİSAR BİLGİ TEKNOLOJ İLERİ SANAYİ VE TİCA RET A.Ş.,249.858882749566,-83.95410897448373
F,BİSOFT BİLGİ TEKNOLOJİLERİ ANONİM ŞİRKETİ,73.29720300790052,202.22184778860287
F,BİZNET BİLİŞİM SİSTEMLERİ VE DANIŞMANLIK SAN.TİC.A.Ş,-75.64284689885741,199.53018555013077
F,C.B.K.SOFT YAZILIM DONANIM ELEKTRONİK VE BİLGİSAYAR SİSTEMLERİ SANAYİ TİCARET ANONİM ŞİRKETİ,-4.179360445110432,-502.8408663878983
F,CADBİM BİLGİSAYAR ÖZEL EĞİTİM DANIŞMANLIK PAZARLAMA SANAYİ VE TİCARET LİMİTED ŞİRKETİ,282.83206794150504,-220.14133760520377
F,CAN EROĞLU BİLGİ SİSTEMLERİ İNŞAAT SANAYİ VE TİCARET LİMİTED ŞİRKETİ,-363.5859038516467,-106.47955676680134
F,CAZ BİLİŞİM HİZMETLERİ TİCARET ANONİM ŞİRKETİ,-287.189204463834,-485.18659539679015
F,CEIBA TELE ICU SAĞLIK HİZMETLERİ VE TİCARET ANONİM ŞİRKETİ,-339.06502628823733,-377.02953855446924
F,CEREN TANITIM ORGANİ ZASYON VE TİC.LT D.ŞTİ.,370.92668396905924,-15.109849051128455
F,CFN TEKNOLOJİ ANONİM ŞİRKETİ,-109.86387727781482,325.6891955964012
F,COMPRO BİLİŞİM TEKNOLOJİLERİ ANONİM ŞİRKETİ,-47.94611403019042,335.9725944140881
F,CSIT BİLİŞİM ANONİM ŞİRKETİ,-120.55680336581865,262.2028312128925
F,CYBERWİSE SİBER GÜVENLİK TİCARET ANONİM ŞİRKETİ,-146.63581866093332,-17.13434324499307
F,DATA MARKET BİLGİ HİZMETLERİ ANONİM ŞİRKETİ,90.25277633390209,232.2283334840541
F,DATA TEKNİK BİLGİSAY AR SİSTEMLERİ Tİ C.VE SAN.A.Ş.,0.07344675939060402,277.54891188526096
F,DATA TIME BİLGİSAYAR SİSTEMLERİ YAZILIM DANIŞMANLIK HİZMETLERİ İNŞAAT TAAHHÜT İÇ VE DIŞ TİCARET LİMİTED ŞİRKETİ,89.84084506888142,-34.17603465046973
F,DATACORE BİLGİ SİSTEMLERİ SANAYİ VE TİCARET ANONİM ŞİRKETİ,-58.48368134835453,144.2072879112376
F,DATAKEY BİLİŞİM VE DANIŞMANLIK HİZMETLERİ LİMİTED ŞİRKETİ,-51.76918926106932,-270.17702630098194
F,DATAPRİME BİLGİ TEKNOLOJİLERİ ANONİM ŞİRKETİ,-6.293834266928031,207.1922255554755
F,DB TEKNOLOJİ TİCARET A.Ş.,266.8862922695812,42.67738059895547
F,DBI BİLGİ VE İLETİŞİM TEKNOLOJİLERİ ANONİM ŞİRKETİ,-151.07814596019787,-137.42990493539892
F,DCL BİLGİSAYAR SİSTEMLERİ TİC.VE SANLTD.ŞTİ.,153.62406341127615,-133.99124654325513
F,DDI TEKNOLOJİ VE BİL İŞİM ÇÖZÜMLERİ L TD.ŞTİ.,89.47295142845525,-118.97123186528592
F,DEDİCA TEKNOLOJİ ANONİM ŞİRKETİ,118.79807354975553,-69.56049168067916
F,DESTEK BİLGİSAYAR VE İLETİŞİM HİZ.TİC.A.Ş.,-62.360125653187396,499.9623839395461
F,DESTEL BİLİŞİM ÇÖZÜMLERİ A.Ş.,-436.82852673206185,-83.91371629161165
F,DICIWALL DİJİTAL MEDYA ANONİM ŞİRKETİ,184.69085045685813,-194.66062812656986
F,DOCUART BİLGİSAYAR V E İLET.ELK.SER.İ .T.G.P.S.VE T.LT,45.26907453046162,215.2650736449035
F,DONAN BİLİŞİM ELEKTRONİK TEKSTİL SAĞLIK HİZMETLERİ İNŞAAT SANAYİ VE DIŞ TİCARET LİMİTED ŞİRKETİ,-323.6863179094293,-268.9792446530728
F,DONAN TEKNOLOJİ ÇÖZÜMLERİ PROJE ARGE VE DANIŞMANLIK TİCARET LİMİTED ŞİRKETİ,248.63897783651598,171.27627643283955
F,DOSBİL BİLGİSAYAR KİM.TEKS.DAY.TÜK.MAL.TMAL.GI. Tİ.VE SA.LT,-108.41195937456453,-314.69742711265775
F,DOĞUMAK BÜRO SİSTEMLERİ İNŞAAT TİCARET VE SANAYİ LİMİTED ŞİRKETİ,-206.15898324656754,-318.5844072653985
F,DUGAN BİLGİSAYAR VE ELK.HİZM.KIRT.SA N.VE TİC.LTD.ŞTİ,-473.3312697769966,-297.84354196857043
F,DÖRT US BİLİŞİM SANAYİ VE TİCARET ANONİM ŞİRKETİ,-114.20149006284937,-416.0028173456367
F,DİGİTEK BİLİŞİM HİZMETLERİ ANONİM ŞİRKETİ,-86.87277750783252,462.73107813756246
F,DİGİTOLİA DİJİTAL ANADOLU TEKNOLOJİ SANAYİ VE TİCARET LİMİTED ŞİRKETİ,-48.30368393322527,-246.69076017104697
F,DİJİTAL DÜNYA İLETİŞİM BİLGİSAYAR İŞLEM MERKEZİ SES VE GÖRÜNTÜ SİSTEMLERİ ELEKTRİKLİ VE ELEKTRONİK CİHAZLAR SANAYİ VE TİCARET LİMİTED ŞİRKETİ,5.209674409490563,-415.89572242689877
F,E-KALİTE YAZILIM DONANIM MÜHENDİSLİK TASARIM VE İNTERNET HİZMETLERİ SANAYİ TİCARET LİMİTED ŞİRKETİ,157.61847269348326,-0.46177444592726613
F,EDANOVA BİLİŞİM TEKNOLOJİLERİ ANONİM ŞİRKETİ,249.24090036160484,-439.2806149337031
F,EDULINE BİLİŞİM SAN.VE TİC.LTD.ŞTİ.,-261.1904650680247,-62.73626120911245
F,EDUSANO BİLİŞİM YAZILIM TANITIM VE TASARIM HİZMETLERİ SANAYİ VE TİCARET LİMİTED ŞİRKETİ,100.93627324389801,-292.92913432642183
F,EFOR BİLİŞİM TEKNOLO JİLERİ SANAYİ VE TİC ARET LİMİTED ŞİRKETİ,155.36751666169204,-38.39171197790873
F,EG YAZILIM DONANIM DANIŞMANLIK HİZMETLERİ LTD.ŞTİ.,-158.91404166561458,224.00533257574804
F,EGA ELEKTRONİK GÜVENLİK ALTYAPISI ANONİM ŞİRKETİ,-4.24910782697083,-158.45904576132182
F,EGE TETA ELEKTRONİKSAN.VE TİC.LTD.ŞTİ.,232.24707685868069,-265.52487459422514
F,EGESOFT BİLGİ TEKNOLOJİ SAN.TİC.LTD.ŞTİ.,-599.7595885141283,-291.9379442113567
F,EKON EĞİTİM REKLAM BİLİŞİM VE DANIŞMANLIK ANONİM ŞİRKETİ,43.79024764718886,309.01104525536226
F,EKS-PA BİLGİSAYAR PAZARLAMA VE TİCARET A.Ş.,-58.97453085711742,173.38585518058028
F,EKSTREM BİR BİLGİSAYAR DANIŞMANLIK İÇ VE DIŞ TİCARET LİMİTED ŞİRKETİ,-613.3038827497337,-249.11674565009668
F,EKİN SOFTWARE TEKNOLOJİ SANAYİ VE TİCARET ANONİM ŞİRKETİ,344.8557927191254,-351.8574848253917
F,EKİN TEKNOLOJİ SAN.VE TİC.A.Ş.,328.6688023553138,-478.62417017042185
F,ELEKTROTEL TELEKOM ELEKTRONİK TURİZM İNŞAAT GIDA SANAYİ VE TİCARET LİMİTED ŞİRKETİ,-731.3722763237574,-352.367751621733
F,ELEMENT BİLGİSAYAR YAZILIM DON.MÜŞ.VE D.H.S.VE T.LTD,70.51928339719719,-157.4466316577107
F,ELFANET BİLİŞİM ANONİM ŞİRKETİ,-2.8112638779573524,-199.15662282516467
F,ELSA BİLİŞİM ANONİM ŞİRKETİ,62.62442256014488,-371.2205959987777
F,ELİPS ELEKTRONİK SAN .VE TİC.LTD.ŞTİ.,82.12999146943801,-91.42772044240253
F,EMSAL BİLİŞİM MEDİKAL ELEKT.OTOMASYON SİST.SAN.TİC.LTD.ŞTİ.,236.0604236572031,-178.6039042665915
F,EMT ELEKTRONİK MÜHENDİSLİK SAN.VE TİC.LTD.ŞTİ.,12.709352232690774,376.5231802389273
F,EMİTURK ELEKTRONİK SAN.VE TİC.LTD.ŞT,131.8028856346811,107.40123244206991
F,ENFO BİLİŞİM ANONİM ŞİRKETİ,186.14550437366182,-266.33037220864844
F,ENORM TEKNOLOJİ VE YAZILIM ANONİM ŞİRKETİ,13.89976352058399,76.64971291540014
F,ENTEGRE ENFORMASYON SİSTEMLERİ EĞİTİM DANIŞMANLIK TİCARET ANONİM ŞİRKETİ,-310.6087867829154,-228.08739971519162
F,ENTEGRES BİLGİ VE İLETİŞİM TEKNOLOJİLERİ SANAYİ VE TİCARET ANONİM ŞİRKETİ,-60.029490341782555,-91.63713894089703
F,ENTEGRES BİLİŞİM TEKNOLOJİLERİ LİMİTED ŞİRKETİ,-348.13709219847664,-349.0075791717332
F,EPİTEL İLETİŞİM SANAYİ VE TİCARET LİMİTED ŞİRKETİ,127.5167054386659,-120.5688361067541
F,ERGUVAN BİLİŞİM SAN. VE TİC.A.Ş.,-454.88864038339045,-159.6573552536232
F,ERSEL İNŞAAT İMAR PLANLAMA MÜH.VE TİC.LTD.ŞTİ.,183.35248111123684,-48.309423392493365
F,ESC MÜHENDİSLİK ANONİM ŞİRKETİ,231.34234303022072,-258.42047513458726
F,ESRİ BİLGİ SİSTEMLERİ MÜHENDİSLİK VE EĞİTİM LİMİTED ŞİRKETİ,-62.21837887518487,-19.601197975011253
F,ESTEP BİLİŞİM ARAŞTIRMA AJANS EĞİTİM DANIŞMANLIK HİZMETLERİ SANAYİ VE TİCARET LİMİTED ŞİRKETİ,131.6461938132006,318.96011440440117
F,EVREN BİLGİSAYAR MEDKIR.PVC.DOĞ.İNŞ.GID.SN.T.LTD.ŞTİ,385.559721468663,-502.0927563389935
F,EYÖNTEM EĞİTİM VE DANIŞMANLIK ANONİM ŞİRKETİ,334.0184018266021,17.831998242483916
F,EŞKOM BİLGİSAYAR SAN AYİ TİCARET A.Ş.,416.18171280993295,-312.2124165214816
F,F1 TEKNOLOJİ BİLGİSAYAR GÜVENLİK SİSTEMLERİ SANAYİ VE TİCARET ANONİM ŞİRKETİ,258.85950596499305,-168.571985548987
F,FASTSOFT BİLİŞİM TEKNOLOJİ ANONİM ŞİRKETİ,-480.6261558330332,-327.02982590359323
F,FOKUS GÜVENLİK TELEKOMÜNİKASYON MADENCİLİK İNŞAAT İTHALAT İHRACAT SANAYİ VE TİCARET LİMİTED ŞİRKETİ,-675.6247635090388,-484.5494370549813
F,FONET BİLGİ TEKNOLOJİLERİ ANONİM ŞİRKETİ,-421.3646171792507,-414.07059798959466
F,FORTE BİLGİ İLETİŞİM TEKNOLOJİLERİ VE SAVUNMA SANAYİ ANONİM ŞİRKETİ,-250.349550177162,140.69136503185436
F,FPİCT BİLİŞİM SİSTEMLERİ FİNANSAL DANIŞMANLIK VE TİCARET LİMİTED ŞİRKETİ,-323.76547878201586,-7.595575220141937
F,FUJİTSU TECHNOLOGY SOLUTIONS BİLİŞİM LİMİTED ŞİRKETİ,-81.42295027003557,264.28073966337763
F,FİDELTUS İLERİ TEKNO LOJİ ÜRÜNLERİ SA N VE TİC. A.Ş,216.68800579978148,2.908777365465188
F,FİDES TEKNOLOJİ VE GÜVENLİK SİS.TİC.LTD.ŞTİ.,204.5082910759774,-119.84261803178815
F,GALAKSİTY AKILLI ŞEHİR TEKNOLOJİLERİ ANONİM ŞİRKETİ,174.30037349830775,-103.52525534749311
F,GBA BİLİŞİM YAZILIM DANIŞMANLIK LİMİTED ŞİRKETİ,-247.7618894833666,228.26248560211178
F,GCA YAZILIM DANIŞMANLIK BİLGİ TEK.JEO.HİZ.TİC.LTD.ŞT,-57.219884833305876,341.9974690962101
F,GEMİNİ BÜRO SİS.VE DON.LTD.ŞTİ.,-214.84054235439712,-247.41744066667235
F,GENPRO BİLGİSAYAR VEYAZILIM HİZM.LTD.ŞTİ.,-549.1511069965503,-462.3009686433793
F,GENTEL TELEKOMÜNİKASYON ANONİM ŞİRKETİ,67.60304225941813,-20.72304728222154
F,GEOLAB BİLGİ TEKNOLOJİLERİ LİMİTED ŞİRKETİ,228.00579107004194,150.4912140117528
F,GES BİLİŞİM TEKNOLOJİLERİ VE DANIŞMANLIK İÇ VE DIŞ TİCARET LİMİTED ŞİRKETİ,-225.36789132921155,232.69594901985465
F,GNSS HARİTA TEKNİK DANIŞMANLIK SANAYİ VE TİCARET ANONİM ŞİRKETİ,330.2711434486875,-212.87391108030099
F,GOMAP MÜHENDİSLİK MÜŞAVİRLİK DANIŞMANLIK VE ARAŞTIRMA TİCARET LİMİTED ŞİRKETİ,258.65278242497544,-270.83907062743015
F,GÖKDOĞAN LOJİSTİK OTOMOTİV SANAYİ VE TİCARET ANONİM ŞİRKETİ,445.0045127813966,8.265919554819414
F,GÜLTAŞ YAZILIM HARİTA SANAYİ TİCARET LİMİTED ŞİRKETİ,46.55906298809805,78.65578430152792
F,GÜLÜMSER ELEKTRİK ELEKTRONİK GÜVENLİK SİSTEMLERİ BİLGİSAYAR İNŞAAT DANIŞMANLIK TEKNİK HİZMETLER TAAHHÜT TİCARET LTD.ŞTİ.,514.8258373076031,-48.36314740145289
F,GÜNEY BİLİŞİM BİLGİ TEKNOLOJİLERİ TURİZM SANAYİ VE TİCARET LİMİTED ŞİRKETİ,-33.293576464848634,-311.78105061820105
F,HAVELSAN HAVA ELEKTRONİK SANAYİ VE TİCARET ANONİM ŞİRKETİ,-84.16910195090864,22.016799660747512
F,HORİZON BİLGİ TEKNOLOJİLERİ TİC.LTD.ŞTİ,-126.64155909802186,-73.08709445920115
F,HYPERNET BİLİŞİM SANAYİ VE TİCARET LİMİTED ŞİRKETİ,719.9100300824903,-246.24724318543414
F,IBSS TEKNOLOJİ VE YAZILIM ANONİM ŞİRKETİ,71.58645927723836,147.2095385131754
F,IDVLABS YAZILIM VE DANIŞMANLIK HİZMETLERİ ANONİM ŞİRKETİ,193.98870040767073,308.31160535992785
F,INCOTECH ÇÖZÜM SİSTEMLERİ DIŞ TİCARET LİMİTED ŞİRKETİ,34.515373386768594,-154.2924286978151
F,IND YAZILIM BİLİŞİM TEKNOLOJİLERİ SANAYİ VE TİCARET A.Ş.,388.8444355985347,-186.06521485093015
F,INNOSA BİLİŞİM TEKNOLOJİLERİ YAPI SANAYİ VE TİCARET ANONİM ŞİRKETİ,224.00036187835417,-209.91341489478074
F,INNOVERA BİLİŞİM TEKNOLOJİLERİ ANONİM ŞİRKETİ,-61.095699248176075,281.13623426249114
F,ISSD BİLİŞİM ELEKTRO NİK EĞT.SAN.VE TİC.L TD.ŞTİ.,130.17299017064582,-142.14042612342868
F,ISSD BİLİŞİM ELEKTRONİK EĞİTİM SANAYİ VE TİCARET ANONİM ŞİRKETİ,400.5970678305214,-403.82232285919275
F,ITSEC BİLİŞİM SİSTEMLERİ VE DANIŞMANLIK HİZMETLERİ LİMİTED ŞİRKETİ,728.3516988573465,-291.9955660602136
F,JFORCE BİLİŞİM TEKNOLOJİLERİ ANONİMŞİRKETİ,-18.090052269503104,226.84399657613648
F,KAPİTTA BİLGİSAYAR İLETİŞİM ELEKT.EĞİT.VE DAN.PAZ.LTD.ŞTİ.,-396.14488611026604,272.77461704020425
F,KARDELEN BİLGİSAYAR İNŞAAT REKLAM ORMAN ÜRÜNLERİ TEKSTİL İTHALAT VE İHRACAT SANAYİ VE TİCARET LİMİTED ŞİRKETİ,-471.8531234435469,-427.70901431106
F,KARDELEN BİLİŞİM TEKNOLOJİLERİ SANAYİ VE TİCARET LİMİTED ŞİRKETİ,-732.047427895237,-696.2251859293688
F,KARDELEN GLOBAL BİLGİ TEKNOLOJİLERİ ANONİM ŞİRKETİ,-740.9261911593495,-695.4296061155857
F,KAREL ELEKTRONİK SANAYİ VE TİCARET A.Ş.,201.70128992933815,279.21046389124353
F,KAYACI BİLGİSAYAR GÜVENLİK OTOMASYON SİSTEMLERİ ELEKTRONİK GIDA İNŞAAT TAAHÜT İTHALAT İHRACAT SANAYİ VE TİCARET LİMİTED ŞİRKETİ,-758.2511193301883,-404.72612444432485
F,KENT TEKNOLOJİ YAZILIM VE İNŞAAT SAN.TİCARET LTD.ŞTİ.,118.06508043593139,-266.35874672222377
F,KENT YAZILIM BİLİŞİMVE İLETİŞİM TEKNSAN.VE TİC.LTD.Ş,157.8252462448013,-229.2973022811622
F,KEYDATA BİLGİ İŞLEM TEKNOLOJİ SİSTEMLERİ ANONİM ŞİRKETİ,107.89423587687872,397.29735220203344
F,KIRAS GÜVENLİK SİSTEMLERİ TİCARET LİMİTED ŞİRKETİ,275.69672347289344,-152.86513966563808
F,KM BİLİŞİM ELKT.KIR.TEM.OY.EĞ.SAN.VETİC.LTD.ŞTİ,730.4600377736031,-288.0890794538645
F,KODA BİLİŞİM SANAYİ VE TİCARET ANONİM ŞİRKETİ,-159.98727890097854,-25.64939956756157
F,KODGEN PAZARLAMA VE DIŞ TİCARET.LİMİTED ŞİRKETİ,73.15819820739121,-123.80406372532248
F,KORTEKS BİLİŞİM HİZMETLERİ A.Ş.,-352.5000798881222,-62.63936159760559
F,KORUDATA YAZILIM VE BİLGİ TEKNOLOJİLERİ ANONİM ŞİRKETİ,158.42895429175164,-270.60935466673214
F,KOZHAN BİLİŞİM TEKNOLOJİLERİ SANAYİ VE TİCARET LİMİTED ŞİRKETİ,-125.08738036492406,-391.156580039983
F,KOÇ BİLGİ VE SAVUNMA TEKNOLOJİLERİ ANONİM ŞİRKETİ,-243.24761461499847,196.71568956318157
F,KOÇ SİSTEM BİLGİ VE İLETİŞİM HİZMELERİ ANONİM ŞİRKETİ,-167.5224117559356,311.09193383229496
F,KRİZMA BİLGİSAYAR YAZILIM SİSTEMLERİ SAN.LTD.ŞTİ.,-326.7436192165581,-192.58775139278987
F,KURALKAN BİLİŞİM OTOMOTİV SANAYİ VE DIŞ TİCARET ANONİM ŞİRKETİ,-79.54929994635975,276.2172698554018
F,LALEZAR İNŞAAT MEDİKAL BİLGİSAYAR TEMİZLİK İTHALAT İHRACAT SANAYİ VE TİCARET LİMİTED ŞİRKETİ.,-511.7498254209785,-529.2516420123201
F,LDAP BİLGİ TEKNOLOJİLERİ DANIŞMANLIK VE DIŞ TİCARET LİMİTED ŞİRKETİ,73.34688068773862,115.03991838104201
F,LETTRA TEKNOLOJİ ANONİM ŞİRKETİ,97.03154197090527,42.74816288336423
F,LN BİLGİSAYAR VE DANHİZ.SAN.TİC.A.Ş.,60.12916471444526,313.6943863670645
F,LST YAZILIM ELEKTRON İK VE İLETİŞİM T EK.TİC.LTD.ŞTİ.,-34.80767158873964,324.25709450681074
F,LTS BİLİŞİM TEKNOLOJİLERİ TİCARET LİMİTED ŞİRKETİ,36.78604559961198,-171.22748761721806
F,LİTERA BİLİŞİM TEKNOLOJİLERİ SANAYİ VE Tİ CARET LİMİTED ŞİRKETİ,251.62103825846376,-339.93760875174814
F,LİV TEKNOLOJİ PAZARLAMA LİMİTED ŞİRKETİ,-238.07820210356132,109.34120322755955
F,LİVATECH BİLİŞİM TEKNOLOJİLERİ VE DANIŞMANLIK LİMİTED ŞİRKETİ,969.1678419363174,-454.692527637616
F,MACELLAN BİLİŞİM DANIŞMANLIK TİCARET LİMİTED ŞİRKETİ,165.95706419904351,-16.13173059811657
F,MAH ZEN GRUP İNŞAAT BİLGİSAYAR TEMİZLİK TURİZM TEKSTİL MADENCİLİK TİCARET VE SANAYİ LİMİTED ŞİRKETİ.,-474.8610032027027,-515.0846485591273
F,MAİNTY TEKNOLOJİ ANONİM ŞİRKETİ,-4.914102232922736,232.02214890534825
F,MC TEK BİLGİSAYAR MÜHENDİSLİK ARAŞTIRMA GELİŞTİRME PROJE DANIŞMANLIK HİZMETLERİ TELEKOMÜNİKASYON VE ÜRETİM PAZARLAMA İÇ VE DIŞ TİCARET LİMİTED ŞİRKETİ,148.83239032303217,66.69912019957916
F,MDS AP TECH YAZILIM ÜRÜNLERİ VE BİLİŞİM HİZMETLERİ TİCARET LİMİTED ŞİRKETİ,-58.94136548466679,195.01721398682378
F,MEDYASOFT DANIŞMANLIK VE EĞİTİM ANONİM ŞİRKETİ,5.560614000143175,-164.2654624379578
F,MEGA BİLGİSAYAR TİCARET LTD.ŞTİ.,-49.25070293389527,-34.49888973286578
F,MEKANSAL PLANLAMA MİMARLIK MÜHENDİSLİK PROJE BİLİŞİM İNŞAAT TAAHHÜT SANAYİ VE TİCARET LİMİTED ŞİRKETİ,34.591840884814616,301.7994295124233
F,MERGEN YAZILIM ANONİM ŞİRKETİ,-256.6359311199932,-335.48662966197384
F,MERKEZ COĞRAFYA BİLİŞİM SİSTEMLERİ VE MÜHENDİSLİK LİMİTED ŞİRKETİ,265.27811705013846,-240.50753469512128
F,MERİH BİLGİSAYAR ELEKTRİK TEMİZLİK YEMEKÇİLİK İNŞAAT SANAYİ VE TİCARET LİMİTED ŞİRKETİ,-319.1797457969544,-590.1845559768209
F,METASOFT BİLGİSAYAR BİLGİ İŞLEM HİZMETLERİ SANAYİ VE TİCARET LİMİTED ŞİRKETİ,-412.7582511445991,-474.9720401234808
F,METOD ARAŞTIRMA DAN. VE MÜH.İNŞAAT SA N.TİC.LTD.ŞTİ.,351.3745929071398,-93.59913914611833
F,METOD IT AKADEMİ EĞİTİM DANIŞMANLIK BİLİŞİM HİZMETLERİ LİMİTED ŞİRKETİ,165.99451460028848,89.55066846314692
F,MLG BİLİŞİM ANONİM ŞİRKETİ,332.16404702165187,-326.0888348288534
F,MMM GRUP BİLİŞİM VETURİZM SAN.TİC.LTD.ŞTİ.,-83.29841449148265,-284.2508139324859
F,MOBESE MOBİL ELEKTRONİK SİSTEM ENTEGRASYONU SANAYİ VE TİCARET ANONİM ŞİRKETİ,212.69533359457049,224.22399740471892
F,MOBİLİON BİLİŞİM TEKN.VE REK.PAZ.LTD.ŞTİ,128.07977871405646,204.11224747298067
F,MOBİLİZ BİLGİ VE İLE TİŞİM TEKNOLOJİL ERİ A.Ş.,176.81553555388658,-131.5978164800221
F,MONAD YAZILIM BİLGİSAYAR EĞİ.DAN.SAN.VE TİC.LTD.ŞTİ.,-453.5679946395236,-235.65207704467568
F,MOREUM BİLİŞİM TEKNOLOJİLERİ A.Ş.,328.0294638686241,-50.52648409292389
F,MOS BİLİŞİM TEKNOLOJ İLERİ YAZILIM DANIŞM ANLIK HİZ.LTD.ŞTİ.,23.335242472450464,446.02939402015755
F,MOSK BİLİŞİM TEKNOLOJİLERİ SANAYİ VE TİCARET LİMİTED ŞİRKETİ,208.17584427338346,-413.79246348024753
F,MOTTO BİLGİ İŞLEM HİZMETLERİ VE TİCARET ANONİM ŞİRKETİ,65.47198812339964,-150.59441673656198
F,MOZAİK YAZILIM VE BİLİŞİM SİSTEMLERİ SAN VE TİC. LTD. ŞTİ.,163.50059387451728,148.68919362725435
F,MS TEDARİK TEKNOLOJİ SANAYİ VE TİCARET LİMİTED ŞİRKETİ,53.35648958277209,-334.5944173721297
F,MTA GÜVENLİK SİSTEMLERİ VE BİLİŞİM TEKNOLOJİLERİ TİCARET SANAYİ LİMİTED ŞİRKETİ,250.84057359430273,310.15559557486887
F,MİA TEKNOLOJİ YAZILI M TASAR.MÜH.İTH. İHR.PAZ.LTD.ŞTİ.,-184.48271725386687,4.935996491364977
F,MİMAR BİLGİ İLETİŞİM VE SAVUNMA TEKNOLOJİLERİ SAN. VE TİC. LTD. ŞTİ,127.5915045198149,442.2155709283788
F,MİMAR BİLGİ İLETİŞİMVE SAVUNMA TEKNOLOJİLERİ SAVE Tİ LTD ŞTİ,4.181160955225122,300.1769864931466
F,N2MOBİL TAKİP SİSTEMLERİ ANONİM ŞİRKETİ,129.61352185236225,226.01012078895639
F,NASA TEKNİK SERVİS BİLGİSAYAR YAZILIM DANIŞMANLIK İNŞAAT GÜVENLİK TİC.VE SAN.LTD.ŞTİ.,-104.33283642076046,-229.11950061971564
F,NATEK BİLİŞİM BİLGİSAYAR EĞİT.DAN.YAZ.TİC.SAN.LTD.ŞTİ.,43.172217257536666,280.3108186989184
F,NETAŞ TELEKOMÜNİKASYON ANONİM ŞİRKETİ,-2.456586679972862,318.6554691616759
F,NETCAD YAZILIM ANONİM ŞİRKETİ,479.3444989135021,-275.0786218719522
F,NETCOM BİLGİSAYAR YAZ.İNT.VE TELEKO.HİZ.SAN.TİC.A.Ş.,-14.504169730054711,17.313103993024598
F,NETOVA TEKNOLOJİ BİLİŞİM İLETİŞİM ELEKTRONİK VE OFİS OTOMASYON SİSTEMLERİ SAN.VE TİC. LTD.ŞTİ.,726.4832966303613,-272.6098264739822
F,NETTO BİLİŞİM DANIŞMANLIK TİCARET LİMİTED ŞİRKETİ,270.9119916671842,-220.3266772326979
F,NETUCE BİLİŞİM TİCARET LİMİTED ŞİRKETİ,276.763117645275,71.09824386989713
F,NETİKET BİLGİ TEKNOLOJİLERİ LİMİTED ŞİRKETİ,-276.1605987587164,-212.970679696925
F,NEVADA ELEKTRONİK SİS.SAN VE TİC LTD ŞTİ,312.75943113105455,-29.4203065604077
F,NEX TEKNOLOJİ ANONİM ŞİRKETİ,107.48327930551669,147.21572345156073
F,NKT TEKNOLOJİ DAĞITIM TİCARET LİMİTED ŞİRKETİ,-57.02659933323918,-237.52472436374399
F,NODA BİLİŞİM TEKNOLOJİLERİ BİLGİSAYAR ULUSLARARASI İÇ VE DIŞ TİCARET LİMİTED ŞİRKETİ,132.5560128802804,272.02000079373266
F,NORMATÜRK ULUSLARARASI NORMALİZASYON VEBELGELENDİRME LTD ŞT,262.081323473567,-56.37442164043989
F,NORMDATA DESTEK VE D ANIŞMANLIK HİZME TLERİ LTD.ŞTİ,150.12408702827656,-111.03779531733038
F,NSC BİLİŞİM HİZMETLERİ TİCARET ANONİM ŞİRKETİ,198.86513670262477,-51.88919942957511
F,ODAKENT ALTYAPI VE ÇEVRE ÇÖZÜMLERİ MÜHENDİSLİK MÜŞAVİRLİK ARAŞTIRMA VE GELİŞTİRME TİC LİMİTED ŞİRKETİ,128.1378370798822,-166.48287008557787
F,ODAKENT ÇEVRE BİLİŞİM ANONİM ŞİRKETİ,145.36136592292613,-158.69200938404887
F,OLGU BİLGİSAYAR SİST EMLERİ SANAYİ Tİ CARET LTD.ŞTİ.,382.2064088441057,-301.70504727484354
F,ON İLAÇLAMA SAĞLIK HİZMETLERİ İNŞAAT ELETRONİK GIDA ÜRÜNLERİ BİLGİSAYAR TEMİZLİK HİZMETLERİ İNSAN KAYNAKLARI VE TAAHHÜT SANAYİ TİCARET LİMİTED ŞİRKETİ,-234.0267287112693,360.1153547955917
F,OR-BİL BİLİŞİM MAK.V E MAL.EĞ.İNŞ.SAN TİC.LTD.ŞTİ.,-37.23061990946193,291.796680132002
F,ORAN TEKNOLOJİ YAZILIM DANIŞMANLIK VE EĞİTİM LTD ŞTİ,-112.37989862511674,351.0565979061421
F,ORDİNATRUM BİLİŞİM TEKNOLOJİLERİ VE DANIŞMANLIK ANONİM ŞİRKETİ,-174.114893750112,-128.53140408682233
F,OTEK YAZILIM BİLİŞİM ÇÖZÜMLERİ ANONİM ŞİRKETİ,296.8967509949727,320.4051681418798
F,OYAK TEKNOLOJİ BİLİŞ İM VE KART HİZMETLER İ A.Ş.,-93.45224851894041,243.15032702526216
F,PANATES BİLİŞİM VE TEKNOLOJİ SAN.TİC.LTD.ŞTİ.,-421.2094684331041,-363.0603852186581
F,PARABOL YAZILIM ELEKTRONİK DANIŞMANLIK EĞİTİM SANAYİ VE TİCARET LİMİTED ŞİRKETİ,193.811556275589,264.5292400170479
F,PARAMETRE ARAŞTIRMA BİLİŞİM PLANLAMA LTD.ŞTİ.,278.7699984900284,-235.41208313083106
F,PD ANADOLU ARAŞ DANEĞ VE BİL HİZ TİC LTD ŞTİ,148.51892333900255,256.6467767664712
F,PERCOM BİLİŞİM SİSTEMLERİ OTOMOTİV İNŞAAT VE DANIŞMANLIK DIŞ TİCARET LİMİTED ŞİRKETİ,216.83403869310342,93.7265713064414
F,PLATO ŞEHİRCİLİK AKILLI KENT BİLİŞİM TEKNOLOJİLERİ TİC.SAN.A.Ş.,238.91992286458094,-78.46508706117218
F,PLATOBİLGİSAYAR ÜRÜNLERİ PAZARLAMA SAN.VE TİC.LTD.ŞT,-88.92556382821577,152.9241844491565
F,PLUSTECH GÜVENLİK SİSTEMLERİ ANONİM ŞİRKETİ,280.21430652240593,99.15845751121118
F,POLARNEXT MÜHENDİSLİK LİMİTED ŞİRKETİ,-351.95540164347716,-567.9035298632014
F,PRESTİJ BİLGİ SİSTEMLERİ ARGE YAZILIM İNŞAAT MOBİLYA SANAYİ VE TİCARET A.Ş.,-496.108981797798,-358.2805072589346
F,PRESTİJ BİLGİSAYAR S TIBBİ MALZ. ELKT SAN. VE TİC. LTD,-638.7651181453097,-510.3016865247452
F,PRIMEIT BİLİŞİM VE YAZILIM HİZMETLERİ ANONİM ŞİRKETİ,269.28036956857045,334.872099891833
F,PROBEL BİLGİSAYAR YAZILIM DONANIM SANAYİ VE TİCARET ANONİM ŞİRKETİ,-196.51742264360848,-290.80298388756614
F,PROBİL BİLGİ İŞLEM D ESTEK VE DANIŞ.S AN.VE TİC.A.Ş.,47.10743018404581,193.67181777046136
F,PROBİLİŞİM BİLGİSAYAR VE İLETİŞİM SİST.TİC. LTD. ŞTİ.,-10.685932243547,476.9452876166075
F,PROBİM TEKNOLOJİ GIDA SANAYİ VE TİCARET LTD.ŞTİ.,266.8568397628172,25.888489853445616
F,PRODAY BİLİŞİM TEKNOLOJİLERİ TİCARET ANONİM ŞİRKETİ,-58.46069674023442,355.6101801447304
F,PRODES GRUP BİLGİSAYAR YAZILIM BİLİŞİM İNŞAAT HİZMETLERİ OTOMOTİV SANAYİ VE TİCARET ANONİM ŞİRKETİ,110.47881599795845,237.3153421933826
F,PRODİGİ BİLİŞİM TEKNOLOJİLERİ SAN.VETİC.LTD.ŞTİ.,181.14691524625374,100.03421431068729
F,PROFELİS BİLİŞİM VE DANIŞMANLIK TİCARET VE SANAYİ LİMİTED ŞİRKETİ,-143.58954417176412,26.64382914903781
F,PROLİNE BİLİŞİM SİSTEMLERİ VE TİCARET ANONİM ŞİRKETİ.,49.91991766159038,-10.726254710117047
F,PROLİZ BİLGİSAYAR YAZILIM VE DONANIM HİZMETLERİ SANAYİ VE TİCARET LİMİTED ŞİRKETİ,-199.3608781404291,-179.24631942276895
F,PROMER BİLGİ TEKNOLOJİLERİ SANAYİ VE TİCARET ANONİM ŞİRKETİ,-487.06217630502636,-257.4909968645638
F,PROMER BİLGİSAYAR İM VE YAZ.HİZM.SAN. VE TİC.LTD.ŞTİ.,-622.594411682015,-319.35678577919856
F,PROMET BİLGİ SİSTEMLERİ VE DAN.SAN.TİC.LTD.ŞTİ.,-188.1799459240148,410.750056196282
F,PROMETUS BİLG.SİST.SAN.VE TİC.LTD.ŞTİ.,-81.28317603483232,294.10311759456556
F,PROMİS PROSES KONT.VE YÖN.BİLGİ.SİSTLTD.ŞTİ.,188.6622505274425,186.94887351503155
F,PROTA BİLGİSAYAR MÜHENDİSLİK DANIŞMANLIK HİZ.A.Ş.,20.383535150328903,102.32898273367023
F,PROTEC BİLİŞİM SANAYİ VE TİCARET LİMİTED ŞİRKETİ,507.9700648886905,219.53031408161917
F,PRİZMA PERSONEL DESTEK HİZMETLERİ LİMİTED ŞİRKETİ,-392.4708895967198,75.75161969628918
F,PSEUDONYM_034,221.1010040237452,-117.6932730058114
F,PSEUDONYM_048,405.54652398308974,-532.0843148122462
F,PSEUDONYM_164,-397.72328455262357,-497.3085657852467
F,PSEUDONYM_170,105.88374847644975,29.674634926497102
F,PSEUDONYM_269,-541.0208639803893,-158.00186047070537
F,PSEUDONYM_312,-82.86184565783734,-26.069267255888064
F,PSEUDONYM_344,630.3344003266207,63.49678237670775
F,PSEUDONYM_379,26.197620320038098,-129.604223681238
F,PSEUDONYM_391,-333.12896513010924,-299.7497610168596
F,PSEUDONYM_411,498.4061352574077,41.09089521623487
F,PSEUDONYM_442,-461.2286467106179,-513.1660571689207
F,PSEUDONYM_456,266.0658131427327,14.099069063540961
F,PSEUDONYM_468,102.91627179562003,3.7949501018772094
F,PSEUDONYM_482,-746.9629264512332,-444.3007693776598
F,PSEUDONYM_509,362.6364011358019,-253.1332504676613
F,PSEUDONYM_588,-410.60687742069615,-510.9505426984513
F,PSEUDONYM_602,25.569075150974797,-287.0526414454967
F,PSEUDONYM_614,-154.3880967823058,10.356166497055833
F,PSEUDONYM_659,-654.6254126101472,-461.0333713792708
F,PVA TEKNOLOJİ LİMİTED ŞİRKETİ,65.29075934708827,105.25213150356858
F,PİKSEL BİLGİ VE İLİTEŞİM SİSTEMLERİ DIŞ TİCARET YAPI ELEMANLARI SANAYİ LTD.ŞTİ.,331.4248985623583,-92.14460474483285
F,PİKSELSOFT YAZILIM BİLİŞİM SANAYİ VE TİCARET LİMİTED ŞİRKETİ,-6.147123305800859,67.16955469079527
F,PİRAMİT BİLGİSAYAR VE TEKNOLOJİ SİST.SAN.VE TİC.LTD.,120.40167304609673,214.44850387970385
F,PİRİREİS BİLİŞİM TEK NOLOJİLERİ YAZIL IM MÜH.B.E.T.L.Ş,564.0351537212622,52.10987939345354
F,PİTON BİLGİSAYAR TEKEĞİTİM DANIŞMANLIK LTD.ŞTİ.,115.70492160327164,-73.01362347719112
F,QUEEN BİLGİSAYAR SİSTEMLERİ SANAYİ TİC.LTD.ŞTİ.,-84.29039604312871,-137.71735398555504
F,R2 TEKNOLOJİ BİLİŞİM ÇÖZÜMLERİ HİZMETLERİ SANAYİ TİCARET LİMİTED ŞİRKETİ,69.04848285530794,409.9708606117946
F,RASYOTEK İNSAN KAYNAKLARI BİLİŞİM ANONİM ŞİRKETİ,-390.16053835995336,-436.25960106933104
F,RENİS DIŞ TİCARET LİMİTED ŞİRKETİ,157.51859286895458,-177.4736881191841
F,RESET BİLGİ TEKNOLOJİLERİ SANAYİ VE TİCARET ANONİM ŞİRKETİ,-99.25442622256001,-301.58981735115145
F,ROBİT TEKNOLOJİ LİMİTED ŞİRKETİ,-65.13909468249042,317.3707738112494
F,SALDEM BİLİŞİM TEKNOLOJİLERİ ENERJİ İNŞAAT YAZILIM TELEKOMİNİKASYON OTOMOTİV TURİZM GIDA TAAHHÜT SANAYİ TİCARET İTHALAT VE İHRACAT LİMİTED ŞİRKETİ,-342.5764723925943,129.87617897381787
F,SAMPAŞ BİLİŞİM VE İLETİŞİM SİSTEMLERİ SANAYİ VE TİCARET A.Ş.,438.16692914102845,-134.27120960691013
F,SARF BİLİŞİM BÜRO MALZEMELERİ TİCARET LİMİTED ŞİRKETİ,-259.1784451959539,-19.33149808064375
F,SAYKOM ELEK HABERLEŞ GÜVE SİS İTH İHR SAN VE TİC LTD ŞTİ,395.62761205443286,-539.7797702805444
F,SAYSİS BİLGİSAYAR SİSTEMLERİ TİCARETLİMİTED ŞİRKETİ,123.33030144707693,-305.57774805624484
F,SCT BİLİŞİM SİSTEMLERİ LTD.ŞTİ.,46.32864814154554,419.19661608862606
F,SEKOM İLETİŞİM SİSTEMLERİ SANAYİ VETİCARET A.Ş.,38.84126049383884,324.7057971459483
F,SENEKA YAZILIM DONANIM BİLİŞİM TİCARET TAAHHÜT VE SANAYİ LİMİTED ŞİRKETİ,-157.65205301017093,171.41613471055373
F,SENKRON YAZILIM HİZMETLERİ ANONİM ŞİRKETİ,277.36545968991993,-127.51982499696307
F,SENTİM BİLİŞİM TEKNO LOJİLERİ SANAYİ VE TİC.A.Ş.,-166.15146829973727,79.10034484361847
F,SEREL BİLGİ İŞLEM MALZEMELERİ SANAYİVE TİC.LTD.ŞTİ.,-181.12866961893846,-419.50038772785825
F,SERVO ARŞİV BİLİŞİM YÖNETİM HİZMETLERİ LİMİTED ŞİRKETİ,297.42192803233434,-143.1350261556349
F,SERVUS BİLGİSAYAR A.Ş. .,-94.61494571155009,371.0620486358034
F,SHK BİLİŞİM TEKNOLOJİLERİ LİMİTED ŞİRKETİ,55.20060021555689,-208.74799103605972
F,SMARTSİS YAZILIM DONANIMLARI BİLGİ TEKNOLOJİLERİ TURİZM ORGANİZASYON VE BİLGİSAYAR MALZEMELERİ İTHALAT İHRACAT SANAYİ VE TİCARET ANONİM ŞİRKETİ,85.36131907460481,-174.0184914418831
F,SODER BİLGİ TEKNOLOJİLERİ ANONİM ŞİRKETİ,-195.7425079480658,-364.80487817711065
F,SOLARİS YAZILIM BİLGSİS.DON.TEK.İTH.İH.SA.VE Tİ.LTD.,-40.88230522201362,-188.2638690644509
F,SOLUS BİLİŞİM TEKNOLOJİ TİCARET ANONİM ŞİRKETİ,-20.40913093937835,324.0897910967091
F,SOLVENT YAZILIM VE BİLGİSAYAR HİZMETLERİ DANIŞMANLIK İÇ VE DIŞ TİCARET SANAYİ LİMİTED ŞİRKETİ,-378.400599056106,-471.0294003740119
F,SPEKSKO BİLİŞİM YAZILIM SAN.VE TİC.LTD.ŞTİ.,156.7225162754375,47.39307847822709
F,STM SAVUNMA TEKNOLOJİLERİ MÜH.VE TİC.A.Ş.,187.89917724870563,163.35845960121657
F,SUPERCOM BİLİŞİM TEKNOLOJİLERİ SANAYİ VE TİCARET ANONİM ŞİRKETİ,-1.289018708802316,344.6558181354647
F,SUPERONLİNE İLETİŞİM HİZMETLERİ ANONİM ŞİRKETİ,-65.55333839582103,82.03965383363591
F,SUTED BİLİŞİM TEKNOLOJİLERİ YAZILIM DANIŞMANLIK HİZMETLERİ SANAYİ VE TİCARET LİMİTED ŞİRKETİ,342.014526142775,-182.26005862295673
F,SYBASE YAZILIM ÜRÜNLERİ VE BİLİŞİM HİZMETLERİ LİMİTED ŞİRKETİ,-128.75940253225738,42.76428613089235
F,SÜRAT BİLİŞİM TEKNOLOJİLERİ SANAYİ TİCARET ANONİM ŞİRKETİ,11.96251981983157,259.69327626754466
F,SİMURG AJANS BİLİŞİM ARAŞTIRMA SANAYİ TİCARET LİMİTED ŞİRKETİ,326.00237768542104,-11.075967664776766
F,SİNERJİSOFT BİLİŞİM SİSTEMLERİ YAZILIM BİLGİSAYAR DONANIMLARI ELEKTRONİK SANAYİ VE TİCARET ANONİM ŞİRKETİ,-23.673571812456814,163.66447238160129
F,SİSOFT SAĞLIK BİLGİ SİSTEMLERİ LİMİTED ŞİRKETİ,-524.0303300506658,-393.1721009571239
F,SİSTAŞ SAYISAL İLETİŞİM SAN TİC A.Ş.,-87.96579650171718,106.09385090927691
F,TAŞPINAR YAZILIM VE BİLGİ TEKNOLOJİLERİ GIDA İNŞAAT SANAYİ PAZARLAMA TURİZM TİCARET LİMİTED ŞİRKETİ.,-324.92148764293535,-247.46877457950623
F,TCHEALTH BİLGİ TEKNOLOJİLERİ ANONİM ŞİRKETİ,-409.47485987399955,95.453743944232
F,TEKEKİP BİLGİ TEKNOLOJİLERİ REKLAM DANIŞMANLIK VE ORGANİZASYON HİZMETLERİ SANAYİ VE TİCARET LİMİTED ŞİRKETİ,-508.2058038278502,-557.676401688365
F,TEKNODA TEKNOLOJİK ÜRÜNLER DAĞ.VE PAZ.SAN.TİC.A.Ş.,-149.9568826422056,-188.7386747110701
F,TEKNOMAK2000 ELEKTRONİK OFİS MALZ.SAN.VE TİC.LTD.ŞTİ,245.7707956276505,172.9894070501214
F,TEKNORİTMA YAZILIM HİZMETLERİ ANONİM ŞİRKETİ,-502.12822425573796,-291.0082333046647
F,TEKNOSER BİLGİSAYARTEKNİK HİZM.SAN.VE DIŞ TİC.A.Ş.,-227.58138334520308,79.3202043031484
F,TEKNOTEK TEKNOLOJİ SANAYİ TİCARET LİMİTED ŞİRKETİ,-160.7822167584175,125.8473908925444
F,TEKOBEL TEKNOLOJİ HİZM.İMAL.İTH.İHRASAN.TİC.LTD.ŞTİ.,410.7489771948191,328.35952509293554
F,TEKOBİZ ELEKTRONİK VE TEKNİK SANAYİTİCARET LTD.ŞTİ.,105.22342325935381,-384.54292892523927
F,TEOSOFT YAZILIM DONANIM BİLGİSAYAR EĞİTİM DANIŞMANLIK SANAYİ VE TİCARET LİMİTED ŞİRKETİ,332.2494949854982,55.21338043361748
F,TERACİTY YAZILIM TEKNOLOJİLERİ SANAYİ VE TİCARET ANONİM ŞİRKETİ,244.27096844332294,-367.90577498098077
F,TETRA SİBER GÜVENLİK DANIŞMANLIK ANONİM ŞİRKETİ,-94.05522156171824,-37.15442652982242
F,TGAR BİLGİSAYAR ELEKTRONİK İLET.SİS.SAN.VE TİC.A.Ş.,350.4165185806755,-199.01796941693547
F,TIPPLUS YAZILIM VE BİLİŞİM TEKNOLOJİLERİ ANONİM ŞİRKETİ,-506.4549358849161,-341.0375057161897
F,TREO BİLGİ TEKNOLOJİLERİ LTD.ŞTİ.,-40.243441331120614,85.50745846668633
F,TRNETWORK BİLİŞİM DANIŞMANLIK VE DESTEK HİZMETLERİ SANAYİ VE TİCARET LİMİTED ŞİRKETİ,-173.8422519660912,-263.4130497696306
F,TRTEK TEKNOLOJİK ÜRÜNLER BİLGİSAYAR YAZILIM DONANIM SAN.VE TİC.LTD.ŞTİ.,-399.29578730512156,-170.83036130712227
F,TRUSTNET BİLGİ TEKNOLOJİLERİ LİMİTED ŞİRKETİ,137.99396234053123,349.8508953786888
F,TRİO ENTEGRASYON BİLİŞİM TEKNOLOJİLERİ TİCARET ANONİM ŞİRKETİ.,-97.51578992011372,314.37348965949303
F,TUGA TEKNOLOJİ BİLİŞİM VE DANIŞMANLIK HİZMETLERİ LTD. ŞTİ.,-108.51756850516567,-251.54882500801094
F,TURCASOFT YAZILIM SA N.VE TİC.LTD.ŞTİ,-571.8861279137061,-667.8106732508969
F,TURCOM İLETİŞİM SİST EMLERİ SANAYİ VE TİCARET A.Ş.,-68.74225993566213,-49.367820469693285
F,TURKCELL DİJİTAL İŞ SERVİSLERİ ANONİM ŞİRKETİ,84.5647738735575,307.7786408382411
F,TURMAP BİLİŞİM TEKNO LOJİLERİ TİCARET LTD.ŞTİ.,-327.5619043081465,82.34813157567227
F,TÜRK TELEKOMÜNİKASYON ANONİM ŞİRKETİ,209.1607031976997,22.56842749132996
F,TİGA BİLGİ TEKNOLOJİLERİ ANONİM ŞİRKETİ,-287.9559716394311,226.02125741922296
F,ULUSAL CAD VE GIS ÇÖZÜMLERİ MÜH.BİLG.EĞT.TİC.A.Ş.,389.1602366229628,-128.14617566586276
F,UNITURK BİLİŞİM TEKNOLOJİLERİ LİMİTED ŞİRKETİ,-56.97712308773111,-3.0033617685560476
F,UNİVERSAL YAZILIM ANONİM ŞİRKETİ,312.5919213809356,-265.8129478022087
F,UTARİT BİLİŞİM HİZMETLERİ SANAYİ VE TİCARET A.Ş.,209.28814938825425,-389.56589441084736
F,UYUMSOFT BİLGİ SİSTEMLERİ VE TEKNOLOJİLERİ TİCARET ANONİM ŞİRKETİ,57.064060186646635,78.82434195070837
F,UZMAN BİLİŞİM DANIŞMANLIK ANONİM ŞİRKETİ,80.35786471570295,317.6888799004998
F,V.E.B. BİLGİ İŞLEM OTOMASYON ÖZEL EĞİTİM HİZMETLERİ DANIŞMANLIK İNŞAAT YEMEKÇİLİK LOKANTA KAFETERYA GIDA TİCARET VE SANAYİ LİMİTED ŞİRKETİ,-71.62435715089865,-387.64328903152193
F,VADORA YAZILIM BİLİŞİM EĞİTİM DANIŞMANLIK TİCARET A.Ş.,-612.1359132072154,-286.42768461294037
F,VADİ KURUMSAL BİLGİSİSTEMLERİ LTD.ŞTİ.,179.0681076501546,-210.61474593759982
F,VBT BİLGİ TEKNOLOJİLERİ ANONİM ŞİRKETİ,111.89091209237542,185.94015855933282
F,VENDEKA BİLGİ TEKNOLOJİLERİ TİCARET LTD.ŞTİ.,-60.53049901611471,377.59875917436796
F,VENTURA YAZILIM ANONİM ŞİRKETİ,-557.4756489345965,-268.1978734043172
F,VERİ KURTARMA HİZMETLERİ TİC LTD ŞTİ,55.96279112936247,323.8669071686082
F,VERİDATA BİLGİ TEKNOLOJİLERİ LİMİTED ŞİRKETİ,103.69247645455752,-87.73771519659039
F,VERİFY VERİ İLETİŞİM İ.VE ENFORMASYON TEK.LTD.ŞTİ.,-49.93657293148559,43.56309351542311
F,VK BİLGİ TEKNOLOJİLERİ ANONİM ŞİRKETİ,124.17436689454259,-12.264840880982334
F,VODAFONE NET İLETİŞİM HİZMETLERİ ANONİM ŞİRKETİ,164.6707555176241,-121.04387553842787
F,VİRÜS BİLGİSAYAR ELEKT.ELEKTRONİK İLETİ.SAN.TİC.LTD.,-379.180110909385,-411.37845632856516
F,Y.D YAZILIM EĞİTİM DANIŞMANLIK VE BİLGİ SİST.TİC.LTD.ŞTİ,88.800045113017,122.03017004233601
F,YALÇINLAR ELEKTRONİK SANAYİ VE TİC.LT D.ŞTİ.,-2.258444881939027,150.84404787314463
F,YAZILIM 3D BİLGİSAYAR TEKNOLOJİLERİ SANAYİ VE TİCARET ANONİM ŞİRKETİ,138.16309836538935,-116.75805161741872
F,YONCA BİLİŞİM TEKNOLOJİLERİ LTD.ŞTİ.,166.98663082345587,-59.20362578441969
F,YORDAM BİLİŞİM TEKNOLOJİ DANIŞMANLIK EĞİTİM VE ELEKTRONİK SİSTEMLERİ SANAYİ TİCARET ANONİM ŞİRKETİ,281.4235937915413,-47.063783864112814
F,YÖNSİS BİLGİSAYAR SİSTEMLERİ SANAYİVE TİCARET A.Ş.,-133.11365592755024,-3.8981981938304653
F,YÖNTEM BİLGİ TEKNOLOJİLERİ ANONİM ŞİRKETİ,37.723048951015414,315.54945385505465
F,ZAFER BÜRO MAKİNALARI SANAYİ VE TİCARET LTD.ŞTİ.,-68.69884991645053,-231.9450586876944
F,ZEG TEKNOLOJİ BİLİŞİM SİSTEMLERİ YAZILIM DONANIM DANIŞMANLIK HİZMETLERİ ANONİM ŞİRKETİ,-33.12470777701182,132.63078778034566
F,ZENİ SOSYAL HİZMETLER BİLGİSAYAR TAŞIMACILIK TEMİZLİK OTOMOTİV SANAYİ TİCARET LİMİTED ŞİRKETİ.,-190.22686950221689,198.66490975584873
F,ZİRVEDEKİ BEYİNLER BİLİŞİM EĞİTİM ÖĞRETİM HİZMETLERİ İNŞAAT TURİZM BASIM YAYIN DAĞITIM SANAYİ VE TİCARET LİMİTED ŞİRKETİ,42.89712540046816,243.39635397536784
F,ÇEKİNO BİLGİ TEKNOLOJİLERİ ANONİM ŞİRKETİ,219.2164280099195,83.92477195477503
F,ÇEKİNO SAVUNMA ELEKTRONİK VE BİLİŞİM ANONİM ŞİRKETİ,-41.866448141730665,117.11713665553525
F,ÇÖZÜMEVİ YÖNETİM DANIŞMANLIĞI VE BİLGİSAYAR YAZILIM TİCARET ANONİM ŞİRKETİ,305.87180384281055,211.10432114071486
F,ÖZGÜR ENTEGRASYON BİLİŞİM OTOMOTİV İTHALAT İHRACAT SANAYİ VE TİCARET LİMİTED ŞİRKETİ,37.87754878016689,388.92781041463
F,ÖZKARDEŞLER ELK ELKTRONİK GIDA MADL İTHİHR.SAN TİC LTD.ŞTİ.,539.9433934674083,234.16218661437165
F,ÜLKEM İNŞAAT MADENCİLİK VE ELEKTRONİK SANAYİ TİCARET ANONİM ŞİRKETİ,-2.5586997708590897,354.6395811283543
F,ÜNİ-PA ÜNİVERSİTE PA ZARLAMA VE BİLG İNTER TİC A Ş,-159.6435496484031,-143.56012770187647
F,ÜNİ-PA ÜNİVERSİTE PAZARLAMA VE BİLGİSAYAR İNTERNET TİCARET ANONİM ŞİRKETİ,-301.66208622930424,385.5910230263929
F,ÜNİBEL ÖZEL EĞİTİM BİLGİ TEKNOLOJİLERİ KÜLTÜR TANITIM VE YAYINCILIK SANAYİ VE TİCARET ANONİM ŞİRKETİ,50.15192022199371,-232.40709750312215
F,ÜNİVERSAL BİLGİ TEKNOLOJİLERİ LTD.ŞTİ.,242.37550313119303,-37.02331913691704
F,İ SİSTEM BİLGİ TEKNO LOJİLERİ SAN.VE TİC. A.Ş.,-27.071126864364544,84.07615384498087
F,İFOKS BİLİŞİM SAVUNMA TEKNOLOJİLERİ SANAYİ VE TİCARET ANONİM ŞİRKETİ,-264.14059049739075,-336.1092274136407
F,İKOL BİLİŞİM TEKNOLOJİ SANAYİ VE TİCARET LİMİTED ŞİRKETİ,159.89206508059678,231.52539538013696
F,İLKEM TEKNOLOJİ SANAYİ VE TİCARET LİMİTED ŞİRKETİ,-176.78200512535977,-382.08837476366114
F,İMKA BİLGİ İŞLEM DANIŞMANLIK ARŞİV KÜTÜPHANE VE DOKÜMANTASYON HİZMETLERİ SANAYİ TİCARET LİMİTED ŞİRKETİ,133.36946858018456,91.45128803161376
F,İNFO KENT ANALİZ BİLGİ Sİ.Bİ.YA.EN.TU.MAİN.SAN.VE TİC.LTD.ŞT,170.46985896615558,-162.8227745051705
F,İNFOBİM BİLİŞİM TEKNOLOJİLERİ SAN.VE TİCLTD.ŞTİ.,-9.019050430842482,56.28708058185845
F,İNFOLİNE BİLGİ TEKNOLOJİLERİ TİCARET ANONİM ŞİRKETİ,41.29349477085139,397.9539911694621
F,İNFOPARK BİLGİ TEKNOLOJİLERİ SANAYİ VE TİCARET ANONİM ŞİRKETİ,20.54491000417015,357.5730241903486
F,İNFOTELİCA BİLGİ TEKNOLOJİLERİ SANAYİ VE TİCARET LİMİTED ŞİRKETİ,287.03209826237253,-17.384376502208063
F,İNFOTÜRK BİLGİSAYAR.ELEKTRONİK HİZMETLERİ SAN.VE TİC.LTD.ŞTİ,-77.11297211529306,-211.82363086604806
F,İNFRASİS BİLGİ TEKNOLOJİLERİ TİCARET LİMİTED ŞİRKETİ,-125.05756240053036,351.3942485818575
F,İNNOVA BİLİŞİM ÇÖZÜMLERİ A.Ş.,128.26390105874057,292.1406163237334
F,İNOKAS BİLGİ SİSTEMLERİ VE DANIŞMANLIK HİZMETLERİ TİCARET LİMİTED ŞİRKETİ,-47.38254062178092,195.4407022002118
F,İNOVERA BİLGİSAYAR YAZILIM DONANIM ARAŞTIRMA GELİŞTİRME DANIŞMANLIK SANAYİ TİCARET LİMİTED ŞİRKETİ,-253.71751638966467,50.572365010027035
F,İNSPİRE BİLİŞİM TEKNOLOJİLERİ VE DANIŞMANLIK LTD ŞTİ.,-115.057300635215,386.5994331372544
F,İNSPİRİT BİLGİ TEKNOLOJİLERİ YAZILIM DANIŞMANLIK TİC.LTD.ŞTİ,182.67748067272618,-23.087359928653616
F,İNTER-SAN BİLGİSAYAR YAZILIM DONANIM ELEKTRONİK MÜHENDİSLİK İNŞAAT TAAHHÜT SANAYİ TURİZM İÇ VE DIŞ TİCARET LİMİTED ŞİRKETİ,-30.616047175408937,246.90132957823704
F,İNTERSİS YAZILIM VE BİLİŞİM TEKNOLOJİLERİ SANAYİ VE TİCARET ANONİM ŞİRKETİ,-32.09501581996249,-393.7524469167023
F,İNTRON BİLİŞİM YAZILIM TANITIM VE TASARIM HİZMETLERİ SANAYİ TİCARET LİMİTED ŞİRKETİ,-150.00062879894702,-165.6384232582307
F,İOTA BİLGİ TEKNOLOJİLERİ MÜHENDİSLİK SANAYİ VE TİCARET ANONİM ŞİRKETİ,-265.66215228917025,86.39039279104861
F,İSBAK İSTANBUL BİLİŞİM VE AKILLI KENT TEKNOLOJİLERİ A.Ş.,187.84882155366677,4.689131591381143
F,İSNET İSTANBUL NET TELEKOMÜNİKASYON ELEKTRONİK SERVİS HİZMETLERİ TİCARET VE SANAYİ ANONİM ŞİRKETİ,6.392062774510579,38.44215561522777
F,İSTANBUL DİJİTAL MEDYA TİCARET ANONİM ŞİRKETİ,172.64155139327414,121.08570084994663
F,İSTANBUL UYGULAMALIGAZ.VE EN.TEK.ARMÜH.SAN.VE Tİ.AŞ,251.15762965682174,129.20924187145147
F,İSTTELKOM İSTANBUL ELEKTRONİK HABERLEŞME VE ALTYAPI HİZMETLERİ SANAYİ VE TİCARET ANONİM ŞİRKETİ,251.58683838085153,109.92697445446326
F,İZMİR İNOVASYON VE TEKNOLOJİ ANONİM ŞİRKETİ,-4.85672716773296,-182.40211575228366
F,İŞ YAZILIM DONANIM ELEKT DAN TEL KI TU ME İN İT İH S V T L Ş,303.2508506328235,115.78945343518998
F,İŞLEM COĞRAFİ BİLGİ SİSTEMLERİ MÜHENDİSLİK VE EĞİTİM ANONİM ŞİRKETİ,280.03846211196054,-101.22817345500495
F,İŞLEM HARİTA MÜHENDİSLİK MÜŞ.DAN.VE.ARA.TİC.LTD.ŞTİ.,86.16603382372381,-220.02841570279176
F,ŞAH BİLG.BÜRO MAK.MEEĞİT.GEREÇ.SAN.TİC.LTD.ŞTİ.,-217.28952552689236,-474.4618022646964
F,ŞAHİNOĞLU BİLGİSAYARİNŞAAT KIRTASİYESAN.VE TİC.LTD.Ş,-301.4448130937625,388.8364319807139
F,ŞAMPİYON SOSYAL HİZMETLER ÇEVRE TEMİZLİK DAĞITIM GIDA TİCARET LİMİTED ŞİRKETİ,-102.00453570513613,421.19132357828295
K,ADANA BÜYÜKŞEHİR BELEDİYESİ SATINALMA DAİRESİ BAŞKANLIĞI,180.12704853341504,-238.89482245996786
K,AFYONKARAHİSAR BELEDİYESİ İMAR VE ŞEHİRCİLİK MÜDÜRLÜĞÜ,197.56771814919668,-402.334404071701
K,AKDENİZ BELEDİYESİ,-185.97101289475225,128.7402766238112
K,ALTINDAĞ BELEDİYESİ Basın Yayın ve Halkla ilişkiler Müdürlüğü,-189.07397904003471,-27.928129716864206
K,ALTINOVA BELEDİYE BAŞKANLIĞI,267.5992073772287,-381.05659954207664
K,ANFA ANKARA ALTINPAR K İŞL.LTD.ŞTİ.,-187.9940136279245,355.36045367336186
K,ANKARA GAZİ MUSTAFA KEMAL MESLEKİ VE ÇEVRESEL HASTALIKLAR HASTANESİ SAĞLIK BAKANLIĞI BAKAN YARDIMCILIKLARI,-580.3118586393158,-495.6619938208363
K,ANKARA TED.BLG.BŞK (MSB) MİLLİ SAVUNMA BAKANLIĞI MSB BAĞLILARI,-81.01154255431938,225.2734666105989
K,ANTALYA SU VE ATIKSU İDARESİ GENEL MÜDÜRLÜĞÜ(ASAT),113.29483173096027,17.125842603408476
K,ANTALYA İL SAĞLIK MÜDÜRLÜĞÜ,-459.9102594710816,-334.87973048626196
K,ARNAVUTKÖY BELEDİYESİ Bilgi İşlem Müdürlüğü,198.18747250973328,-36.45079142153682
K,ARNAVUTKÖY BELEDİYESİ İnovasyon ve Teknoloji Müdürlüğü,536.3857136198918,-223.58664697884208
K,ATAŞEHİR BELEDİYESİ DESTEK HİZMETLERİ MÜDÜRLÜĞÜ,233.84766032157725,13.395447230397876
K,AVCILAR BELEDİYESİ BİLGİ İŞLEM MÜDÜRLÜĞÜ,201.31838522138264,-91.80382815852505
K,AYDIN BÜYÜKŞEHİR BELEDİYESİ DESTEK HİZMETLERİ DAİRE BAŞKANLIĞI,301.82113569482993,-297.318143143743
K,Adana Numune Hastanesi SAĞLIK BAKANLIĞI BAKAN YARDIMCILIKLARI,-520.3202720023752,-299.3885308484415
K,Adana Su ve Kanalizasyon İdaresi ASKİ Genel Müdürlüğü,130.9390514381288,-172.99097231565153
K,Anadolu Üniversitesi Döner Sermaye İşletmesi,1.474457920694209,110.60479747806913
K,Ankara Büyükşehir Belediyesi Bilgi İşlem Dairesi Başkanlığı,139.76287314387716,52.23508495558721
K,Ankara Büyükşehir Belediyesi Destek Hizmetleri Dairesi Başkanlığı,115.26152593113792,-18.83946554374009
K,Ankara Hastanesi-Eğitim ve Araştırma SAĞLIK BAKANLIĞI BAKAN YARDIMCILIKLARI,-336.61867474657487,-65.89895330856928
K,Ankara Hastanesi-Eğitim ve Araştırma SAĞLIK BAKANLIĞI TÜRKİYE KAMU HASTANELERİ KURUMU,-627.7407152338023,-203.24458937450422
K,Ankara Su ve Kanalizasyon İdaresi Genel Müdürlüğü Bilgi İşlem Dairesi Başkanlığı,-2.9654795288113673,198.30553574024964
K,Ankara Valiliği (YİKOB-maas için) İÇİŞLERİ BAKANLIĞI BAKAN YARDIMCILIĞI,325.62442552061054,-228.8945173987378
K,Antalya Büyükşehir Belediyesi Bilgi İşlem Dairesi Başkanlığı,295.23759131545506,-120.66617792152728
K,Araştırma ve Uygulama Hastanesi YÜKSEKÖĞRETİM KURUMLARI HARRAN ÜNİVERSİTESİ,-47.16146620151719,-427.2375586445787
K,Araştırma ve Uygulama Hastanesi YÜKSEKÖĞRETİM KURUMLARI YOZGAT BOZOK ÜNİVERSİTESİ,-327.38136728382534,-174.1802929272215
K,Artvin İl Özel İdaresi İhale ve Satınalma Müdürlüğü,361.863767542578,-44.16108215922632
K,Aydın Su ve Kanalizasyon İdaresi Genel Müdürlüğü Destek Hizmetleri Daire Başkanlığı,249.7980103936288,-234.42221646418773
K,AÇIK VE UZAKTAN ÖĞRETİM FAKÜLTESİ YÜKSEKÖĞRETİM KURUMLARI ATATÜRK ÜNİVERSİTESİ,-217.08821039136924,373.3562744187463
K,Açık ve Uzaktan Eğitim Fakültesi YÜKSEKÖĞRETİM KURUMLARI İSTANBUL ÜNİVERSİTESİ,-296.05268075032575,-516.9194818448162
K,Ağız ve Diş Sağlığı Merkezi-Diyarbakır SAĞLIK BAKANLIĞI TÜRKİYE KAMU HASTANELERİ KURUMU,-657.0031040519214,-407.0733952769696
K,BAHÇELİEVLER BELEDİYESİ DESTEK HİZMETLER MÜDÜRLÜĞÜ,170.24750152429957,-83.57734576378066
K,BAKIRKÖY BELEDİYESİ DESTEK HİZMETLERİ MÜDÜRLÜĞÜ,233.48729013682106,-139.69693117893664
K,BALIKESİR BELEDİYESİ BİLGİ İŞLEM MÜDÜRLÜĞÜ,329.28343052232975,-166.3874941717226
K,BALIKESİR BÜYÜKŞEHİR BELEDİYESİ BİLGİ İŞLEM DAİRESİ BAŞKANLIĞI,148.67781896629734,-85.47069044193398
K,BALIKESİR BÜYÜKŞEHİR BELEDİYESİ ULAŞIM PLANLAMA VE RAYLI SİSTEMLER DAİRESİ BAŞKANLIĞI,367.0543167290534,294.6981616168048
K,BALIKESİR BÜYÜKŞEHİR BELEDİYESİ İMAR VE ŞEHİRCİLİK DAİRESİ BAŞKANLIĞI,274.3054880585797,-400.9235665516073
K,BARTIN İL SAĞLIK MÜDÜRLÜĞÜ,-732.2663817387097,-688.510821724695
K,BATTALGAZİ  BELEDİYESİ,-113.71408500153845,-274.82620285837766
K,BAYRAKLI BELEDİYESİ BİLGİ İŞLEM MÜDÜRLÜĞÜ,376.30501046244893,95.01371231941745
K,BAYRAMPAŞA BELEDİYESİ DESTEK HİZMETLERİ MÜDÜRLÜĞÜ,481.12468549496987,-130.1426538648198
K,BAŞAKŞEHİR BELEDİYESİ BİLGİ İŞLEM MÜDÜRLÜĞÜ,264.06015719369566,-119.68512546173808
K,BAŞAKŞEHİR BELEDİYESİ İNOVASYON ve TEKNOLOJİ MÜDÜRLÜĞÜ,241.7104604983415,-121.46945286248454
K,BAŞBAKANLIK AFET VE ACİL DURUM YÖNETİMİ BAŞKANLIĞI YÖNETİM HİZMETLERİ DAİRESİ BAŞKANLIĞI,-44.532659282588796,412.7804652477993
K,BAŞBAKANLIK HAZİNE MÜSTEŞARLIĞI Ekonomik Araştirmalar Genel Müdürlüğü,-122.92103681546186,324.67458253221105
K,BAŞBAKANLIK Milli Güvenlik Kurulu Genel Sekreterliği,-112.36449643822489,65.29554609924013
K,BAŞKANLIK VE HİZMET BİRİMLERİ DÜZENLEYİCİ VE DENETLEYİCİ KURUMLAR KİŞİSEL VERİLERİ KORUMA KURUMU,-202.3177138637696,287.2870304529013
K,BAŞİSKELE BELEDİYE BAŞKANLIĞI,192.8721241440418,-375.11226455299385
K,BELBİM ELEKTRONİK PARA VE ÖDEME HİZMETLERİ ANONİM ŞİRKETİ,307.2489736260228,159.5791181145624
K,BEYKOZ BELEDİYE BAŞKANLIĞI - BİLGİ İŞLEM MÜDÜRLÜĞÜ,344.5091068029067,-78.79334514535009
K,BEYKOZ BELEDİYESİ BİLGİ İŞLEM MÜDÜRLÜĞÜ,322.3089874631687,-24.059661509447714
K,BEYOĞLU BELEDİYESİ BİLGİ İŞLEM MÜDÜRLÜĞÜ,340.88207744154323,-35.70671905038953
K,BEŞİKTAŞ BELEDİYESİ DESTEK HİZMETLERİ MÜDÜRLÜĞÜ,5.798956022402377,-71.29346757321973
K,BODRUM BELEDİYESİ MALİ HİZMETLER MÜDÜRLÜĞÜ,715.2919914363207,-416.63549021649237
K,BOLU BELEDİYESİ MALİ  HİZMETLER MÜDÜRLÜĞÜ,134.32685408701064,-186.83696941163672
K,BORNOVA BELEDİYESİ Bilgi İşlem Müdürlüğü,504.459937338265,-71.26064375763042
K,BORU HATLARI İLE PETROL TAŞIMA A.Ş (BOTAŞ) Doğal Gaz İletim ve Piyasa İşlemleri Daire Başkanlığı,-210.61731801559156,-235.51528003028983
K,BORU HATLARI İLE PETROL TAŞIMA A.Ş (BOTAŞ) Tedarik ve Sözleşmeler Daire Başkanlığı,-31.331132984531703,272.42956575796677
K,BOZÜYÜK BELEDİYESİ,644.4687305065612,-176.9329926687813
K,BOĞAZİÇİ TESİS YÖNETİM HİZMETLERİ SANAYİ VE TİCARET ANONİM ŞİRKETİ,485.46581751225546,-424.88393082969606
K,BUCA BELEDİYESİ DESTEK HİZMETLER MÜDÜRLÜĞÜ,-16.29218236000234,-149.08228683644822
K,BURSA BÜYÜKŞEHİR BELEDİYESİ BURSA SU VE KANALİZASYON İDARESİ GENEL MÜDÜRLÜĞÜ (BUSKİ),-128.47551024880988,422.20297165996817
K,Balıkesir Halk Sağlığı Müdürlüğü SAĞLIK BAKANLIĞI TÜRKİYE HALK SAĞLIĞI KURUMU,-555.8739658716245,-215.4836192328655
K,Balıkesir Kamu Hastane Birliği SAĞLIK BAKANLIĞI TÜRKİYE KAMU HASTANELERİ KURUMU,-391.07061014470656,-280.5927028934879
K,Balıkesir Su ve Kanalizasyon İdaresi Genel Müdürlüğü Ticaret İşleri Dairesi Başkanlığı,372.7074407356748,-110.05756732676686
K,Bartın Halk Sağlığı Müdürlüğü SAĞLIK BAKANLIĞI TÜRKİYE HALK SAĞLIĞI KURUMU,-487.0213206537955,-388.4994377191618
K,Batman Kamu Hastane Birliği SAĞLIK BAKANLIĞI TÜRKİYE KAMU HASTANELERİ KURUMU,-541.2774777272384,-579.914755800746
K,Başkan Yardımcılığı SAYIŞTAY BAŞKAN YARDIMCILIĞI,-81.16509576708826,335.1911388301808
K,Beylikdüzü Belediye Başkanlığı,316.83061478520324,9.503957187336995
K,Bilgi Teknolojileri Genel Müdürlüğü  TİCARET BAKANLIĞI BAKAN YARDIMCILIKLARI,-124.56086433422355,218.9820675375315
K,Bilgi İşlem Başkanlığı TÜRKİYE BÜYÜK MİLLET MECLİSİ GENEL SEKRETERLİK,9.071997281903926,342.8252978529593
K,Bilgi İşlem Daire Başkanlığı YÜKSEKÖĞRETİM KURUMLARI ADIYAMAN ÜNİVERSİTESİ,-159.43277615763606,-410.5585484712961
K,Bilgi İşlem Daire Başkanlığı YÜKSEKÖĞRETİM KURUMLARI ANKARA ÜNİVERSİTESİ,-192.11425018964303,258.32987514325225
K,Bilgi İşlem Daire Başkanlığı YÜKSEKÖĞRETİM KURUMLARI ARTVİN ÇORUH ÜNİVERSİTESİ,-118.29755915903738,-332.2495520553675
K,Bilgi İşlem Daire Başkanlığı YÜKSEKÖĞRETİM KURUMLARI AYDIN ADNAN MENDERES ÜNİVERSİTESİ,-67.29937044450475,-369.1464329721846
K,Bilgi İşlem Daire Başkanlığı YÜKSEKÖĞRETİM KURUMLARI BATMAN ÜNİVERSİTESİ,-232.64773909968648,-316.52159760122
K,Bilgi İşlem Daire Başkanlığı YÜKSEKÖĞRETİM KURUMLARI BOLU ABANT İZZET BAYSAL ÜNİVERSİTESİ,-50.967847957014285,-179.04147742719235
K,Bilgi İşlem Daire Başkanlığı YÜKSEKÖĞRETİM KURUMLARI BOĞAZİÇİ ÜNİVERSİTESİ,494.456094248011,226.78004794164244
K,Bilgi İşlem Daire Başkanlığı YÜKSEKÖĞRETİM KURUMLARI ERZİNCAN BİNALİ YILDIRIM ÜNİVERSİTESİ,-320.6141284575365,-181.33314489398845
K,Bilgi İşlem Daire Başkanlığı YÜKSEKÖĞRETİM KURUMLARI KIRŞEHİR AHİ EVRAN ÜNİVERSİTESİ,-369.5100257690975,258.2861748815415
K,Bilgi İşlem Daire Başkanlığı YÜKSEKÖĞRETİM KURUMLARI KONYA NECMETTİN ERBAKAN ÜNİVERSİTESİ,-231.24618268893195,-69.30085616156701
K,Bilgi İşlem Daire Başkanlığı YÜKSEKÖĞRETİM KURUMLARI KÜTAHYA DUMLUPINAR ÜNİVERSİTESİ,-70.81227403428437,-330.16168767417275
K,Bilgi İşlem Daire Başkanlığı YÜKSEKÖĞRETİM KURUMLARI MANİSA CELAL BAYAR ÜNİVERSİTESİ,-212.7434159547719,-104.86090097060388
K,Bilgi İşlem Daire Başkanlığı YÜKSEKÖĞRETİM KURUMLARI MUĞLA SITKI KOÇMAN ÜNİVERSİTESİ,-32.31034777866221,12.768316428765466
K,Bilgi İşlem Daire Başkanlığı YÜKSEKÖĞRETİM KURUMLARI NEVŞEHİR HACI BEKTAŞ VELİ ÜNİVERSİTESİ,-293.3407060806923,275.28679442219413
K,Bilgi İşlem Daire Başkanlığı YÜKSEKÖĞRETİM KURUMLARI PAMUKKALE ÜNİVERSİTESİ,-54.98975978237186,-225.5908422010421
K,Bilgi İşlem Daire Başkanlığı YÜKSEKÖĞRETİM KURUMLARI RECEP TAYYİP ERDOĞAN ÜNİVERSİTESİ,-166.7799532369176,-184.05127182308686
K,Bilgi İşlem Daire Başkanlığı YÜKSEKÖĞRETİM KURUMLARI SİVAS CUMHURİYET ÜNİVERSİTESİ,-171.54631855903529,-169.77399607769098
K,Bilgi İşlem Daire Başkanlığı YÜKSEKÖĞRETİM KURUMLARI TEKİRDAĞ NAMIK KEMAL ÜNİVERSİTESİ,-118.65316763083409,-459.0236585695213
K,Bilgi İşlem Daire Başkanlığı YÜKSEKÖĞRETİM KURUMLARI UŞAK ÜNİVERSİTESİ,-390.4006753751468,322.37180321434613
K,Bilgi İşlem Daire Başkanlığı YÜKSEKÖĞRETİM KURUMLARI ZONGULDAK BÜLENT ECEVİT ÜNİVERSİTESİ,-128.69911244430423,-108.73045460748362
K,Bilgi İşlem Daire Başkanlığı YÜKSEKÖĞRETİM KURUMLARI ÇANAKKALE ONSEKİZ MART ÜNİVERSİTESİ,-239.5593019512237,-468.98396102472447
K,Bilgi İşlem Daire Başkanlığı YÜKSEKÖĞRETİM KURUMLARI İSTANBUL MEDENİYET ÜNİVERSİTESİ,27.830306672062978,-145.00612181002984
K,Bilgi İşlem Daire Başkanlığı YÜKSEKÖĞRETİM KURUMLARI İSTANBUL TEKNİK ÜNİVERSİTESİ,-47.87087265716023,70.11513427251558
K,Bilgi İşlem Daire Başkanlığı YÜKSEKÖĞRETİM KURUMLARI İZMİR BAKIRÇAY ÜNİVERSİTESİ,-11.707479260951455,-289.3222577815141
K,Bilgi İşlem Daire Başkanlığı YÜKSEKÖĞRETİM KURUMLARI İZMİR KATİP ÇELEBİ ÜNİVERSİTESİ,-229.15088719070508,-7.638708119023979
K,Bilgi İşlem Daire Başkanlığı YÜKSEKÖĞRETİM KURUMLARI ŞIRNAK ÜNİVERSİTESİ,153.43164573713918,-257.1539982263508
K,Bilgi İşlem Dairesi Başkanlığı DİĞER ÖZEL BÜTÇELİ KURULUŞLAR TÜRK PATENT VE MARKA KURUMU,-186.35562719283513,165.85709879451173
K,Bilgi İşlem Dairesi Başkanlığı EKONOMİ BAKANLIĞI MÜSTEŞARLIK,-116.14048993511305,413.391456474008
K,Bilgi İşlem Dairesi Başkanlığı ENERJİ VE TABİİ KAYNAKLAR BAKANLIĞI BAKAN YARDIMCILIKLARI,190.36053321078987,397.9589813329147
K,Bilgi İşlem Dairesi Başkanlığı GENÇLİK VE SPOR BAKANLIĞI BAKAN YARDIMCILIKLARI,-148.98969107850036,407.9706544579549
K,Bilgi İşlem Dairesi Başkanlığı SANAYİ VE TEKNOLOJİ BAKANLIĞI BAKAN YARDIMCILIKLARI,-165.49541493784096,290.2981291079746
K,Bilgi İşlem Merkezi YÜKSEKÖĞRETİM KURUMLARI ANADOLU ÜNİVERSİTESİ,-5.505150913138817,86.05188792754156
K,Bilgisayar Bilimleri Uygulama ve Araştırma Merkezi YÜKSEKÖĞRETİM KURUMLARI ATATÜRK ÜNİVERSİTESİ,-96.71991504161309,8.05176533545942
K,Bingöl Özel İdaresi DESTEK HİZMETLERİ MÜDÜRLÜĞÜ,168.50260862958072,318.20495492271147
K,Bitlis Kamu Hastane Birliği SAĞLIK BAKANLIĞI TÜRKİYE KAMU HASTANELERİ KURUMU,-415.8940503828923,-537.5668317117086
K,Burdur İl Özel İdaresi GENEL SEKRETERLİK,-535.647184183978,-592.0013988487118
K,Bursa Büyükşehir Belediyesi Destek Hizmetleri Dairesi Başkanlığı İhale Şube Müdürlüğü,233.34059180676624,162.2276192275639
K,BÜYÜKÇEKMECE BELEDİYESİ Bilgi İşlem Müdürlüğü,343.02178472421605,-144.95537675970198
K,BÜYÜKÇEKMECE BELEDİYESİ FEN İŞLERİ MÜDÜRLÜĞÜ,300.52842995307907,-57.406495757325295
K,BİLGİ SİSTEMLERİ VE HABERLEŞME DAİRESİ BAŞKANLIĞI İÇİŞLERİ BAKANLIĞI AFET VE ACİL DURUM YÖNETİMİ BAŞKANLIĞI,-84.5523919532439,170.27224433131113
K,BİLGİ TEKNOLOJİLERİ GENEL MÜDÜRLÜĞÜ,-233.7690346734863,386.2414719808658
K,BİLGİ TEKNOLOJİLERİ GENEL MÜDÜRLÜĞÜ DIŞİŞLERİ BAKANLIĞI BAKAN YARDIMCILIKLARI,-105.75710623635696,103.92069587850065
K,BİLGİ TEKNOLOJİLERİ GENEL MÜDÜRLÜĞÜ HAZİNE VE MALİYE BAKANLIĞI BAKAN YARDIMCILIKLARI,-203.6010019173475,24.888839375930218
K,BİLGİ TEKNOLOJİLERİ GENEL MÜDÜRLÜĞÜ KÜLTÜR VE TURİZM BAKANLIĞI,100.50247722297078,379.4055321750123
K,BİLGİ TEKNOLOJİLERİ GENEL MÜDÜRLÜĞÜ İÇİŞLERİ BAKANLIĞI BAKAN YARDIMCILIĞI,-215.71218178228816,163.56718706982593
K,BİLGİ TEKNOLOJİLERİ ŞUBE MÜDÜRLÜĞÜ,247.85625110758832,47.225662393553414
K,BİLGİ İŞLEM DAİRE BAŞKANLIĞI DİĞER ÖZEL BÜTÇELİ KURULUŞLAR TÜRKİYE BİLİMSEL VE TEKNOLOJİK ARAŞTIRMA KURUMU,-4.675084416405604,-14.080584858193994
K,BİLGİ İŞLEM DAİRE BAŞKANLIĞI YÜKSEKÖĞRETİM KURUMLARI ANKARA HACI BAYRAM VELİ ÜNİVERSİTESİ,-228.29719647812396,46.19554171986485
K,BİLGİ İŞLEM DAİRE BAŞKANLIĞI YÜKSEKÖĞRETİM KURUMLARI SAĞLIK BİLİMLERİ ÜNİVERSİTESİ,-64.09902583024437,-6.144836961680102
K,BİLGİ İŞLEM DAİRESİ BAŞKANLIĞI ULAŞTIRMA VE ALTYAPI BAKANLIĞI BAKAN YARDIMCILIKLARI,98.37836208960238,307.0337425682463
K,BİLGİ İŞLEM GENEL MÜDÜRLÜĞÜ ADALET BAKANLIĞI BAKAN YARDIMCILIKLARI,33.3372766138188,347.5793544066875
K,BİLGİ İŞLEM MÜDÜRLÜĞÜ | İSTANBUL,326.7282254907581,-156.45635212726555
K,BİLGİ İŞLEM VE ELEKTRONİK ARŞİV DAİRESİ BAŞKANLIĞI CUMHURBAŞKANLIĞI DEVLET ARŞİVLERİ BAŞKANLIĞI,-15.010187604690051,152.67170986921667
K,BİLİM VE TOPLUM BAŞKANLIĞI DİĞER ÖZEL BÜTÇELİ KURULUŞLAR TÜRKİYE BİLİMSEL VE TEKNOLOJİK ARAŞTIRMA KURUMU,-269.22109841227586,68.12065164093717
K,BİMTAŞ BOĞAZİÇİ PEYZAJ İNŞAAT MÜŞAVİRLİK TEKNİK HİZMETLERİ SANAYİ TİCARET ANONİM ŞİRKETİ,-65.27504110919186,-155.52112461462266
K,CERRAHPAŞA TIP FAKÜLTESİ DEKANLIĞI,-450.76018246029844,-54.92920197266287
K,"COĞRAFİ BİLGİ SİSTEMLERİ GEN. MÜD. ÇEVRE, ŞEHİRCİLİK VE İKLİM DEĞİŞİKLİĞİ BAKANLIĞI BAKAN YARDIMCILIKLARI",58.761679251098094,294.28436679925204
K,COĞRAFİ BİLGİ SİSTEMLERİ GENEL MÜDÜRLÜĞÜ,26.29375622950032,306.8736746209799
K,DARICA BELEDİYESİ DESTEK HİZMETLERİ MÜDÜRLÜĞÜ,428.1268152129544,-101.39878832725967
K,DENİZCİLİK GENEL MÜDÜRLÜĞÜ ULAŞTIRMA VE ALTYAPI BAKANLIĞI BAKAN YARDIMCILIKLARI,173.03644962459555,280.7109906905422
K,DENİZLİ BELEDİYESİ BİLGİ İŞLEM MÜDÜRLÜĞÜ,42.082873576506174,-190.78505343237245
K,DENİZLİ BÜYÜKŞEHİR BELEDİYESİ BİLGİ İŞLEM DAİRESİ BAŞKANLIĞI,32.14934325272025,-237.61434225212665
K,DENİZLİ İL SAĞLIK MÜDÜRLÜĞÜ,-717.665673709211,-685.6048807732607
K,DESTEK HİZMETLERİ DAİRE BAŞKANLIĞI,-19.638023983778275,281.2004703174322
K,DESTEK HİZMETLERİ DAİRESİ BAŞKANLIĞI DÜZENLEYİCİ VE DENETLEYİCİ KURUMLAR BİLGİ TEKNOLOJİLERİ VE İLETİŞİM KURUMU,-54.97641439951046,430.79709485876026
K,DESTEK HİZMETLERİ DAİRESİ BAŞKANLIĞI DİĞER ÖZEL BÜTÇELİ KURULUŞLAR KÜÇÜK VE ORTA ÖLÇEKLİ İŞLETMELERİ GELİŞTİRME VE DESTEKLEME İDARESİ BAŞKANLIĞI,87.55140290727677,66.50962859731098
K,DESTEK HİZMETLERİ DAİRESİ BAŞKANLIĞI DİĞER ÖZEL BÜTÇELİ KURULUŞLAR TÜRK STANDARDLARI ENSTİTÜSÜ,-33.86343532396064,396.64262494387316
K,DESTEK HİZMETLERİ DAİRESİ BAŞKANLIĞI | KONYA,145.32034067697435,293.3522582000194
K,DESTEK HİZMETLERİ DAİRESİ BAŞKANLIĞI | SAMSUN,-150.43481995298933,-314.0688966528318
K,DESTEK HİZMETLERİ GENEL MÜDÜRLÜĞÜ,27.68626911330999,369.9666067065618
K,DESTEK HİZMETLERİ MÜDÜRLÜĞÜ | İSTANBUL,369.1715567280891,-40.49906488127109
K,DEVELİ BELEDİYESİ,169.79922434996828,-215.20849279405792
K,DEVLET HAVA MEYDANLARI İŞLETMESİ GENEL MÜDÜRLÜĞÜ (DHMİ) Satın Alma ve İkmal Dairesi Başkanlığı,-101.74855253263397,280.55751404817966
K,DEVLET MALZEME OFİSİ GENEL MÜDÜRLÜĞÜ(DMO) Destek Hizmetleri Daire Başkanlığı,41.275179775886286,360.1770445479551
K,DSİ Bilgi Teknolojileri Dairesi Başkanlığı DİĞER ÖZEL BÜTÇELİ KURULUŞLAR DEVLET SU İŞLERİ GENEL MÜDÜRLÜĞÜ,10.589437977386789,316.47571427082755
K,DULKADİROĞLU BELEDİYESİ Destek Hizmetleri Müdürlüğü,200.55431634708657,-260.63164615516706
K,Denizli Su ve Kanalizasyon İdaresi Genel Müdürlüğü Destek Hizmetleri Dairesi Başkanlığı,143.18796371321076,-133.18672320267595
K,Destek Hizmetleri Dairesi Başkanlığı ORMAN VE SU İŞLERİ BAKANLIĞI MÜSTEŞARLIK,-28.18939695707716,442.7372720920479
K,Destek Hizmetleri Dairesi Başkanlığı TARIM VE ORMAN BAKANLIĞI BAKAN YARDIMCILIKLARI,-3.2448855184794994,286.1565484388284
K,Destek Hizmetleri Genel Müdürlüğü MİLLİ EĞİTİM BAKANLIĞI BAKAN YARDIMCILIKLARI,22.08691799030284,326.20211103137456
K,Destek Hizmetleri ve Bilgi Yönetimi Başkan Yardımcılığı DİĞER ÖZEL BÜTÇELİ KURULUŞLAR TÜRKİYE İLAÇ VE TIBBİ CİHAZ KURUMU,-314.70843785895994,203.25903773748436
K,"Destek Hizmetleri, Tasfiye İşleri ve Döner Sermaye Genel Müdürlüğü TİCARET BAKANLIĞI BAKAN YARDIMCILIKLARI",141.11232275856122,396.49765726893855
K,Devlet Hastanesi - Terme SAĞLIK BAKANLIĞI BAKAN YARDIMCILIKLARI,-706.1840891876212,-500.6943581831371
K,Devlet Hastanesi -Adana SAĞLIK BAKANLIĞI TÜRKİYE KAMU HASTANELERİ KURUMU,-245.48055031424826,-234.96063461336848
K,Devlet Hastanesi -Afyon SAĞLIK BAKANLIĞI BAKAN YARDIMCILIKLARI,-244.92042281733077,-489.9641224356168
K,Devlet Hastanesi -Bartın SAĞLIK BAKANLIĞI BAKAN YARDIMCILIKLARI,-287.58130452274213,-556.1111482566583
K,Devlet Hastanesi -Cizre SAĞLIK BAKANLIĞI BAKAN YARDIMCILIKLARI,-500.3991822816283,-545.9441977036608
K,Devlet Hastanesi -Haymana SAĞLIK BAKANLIĞI BAKAN YARDIMCILIKLARI,-576.3693404804949,-339.9926031860969
K,Devlet Hastanesi -Mersin Toros SAĞLIK BAKANLIĞI TÜRKİYE KAMU HASTANELERİ KURUMU,-755.6328206083623,-356.9812697309853
K,Devlet Hastanesi -Midyat SAĞLIK BAKANLIĞI BAKAN YARDIMCILIKLARI,-427.1077725802341,-539.6741857862129
K,Devlet Hastanesi -Tarsus SAĞLIK BAKANLIĞI BAKAN YARDIMCILIKLARI,-723.0123437440157,-477.10640301708446
K,Devlet Hastanesi -Tire SAĞLIK BAKANLIĞI BAKAN YARDIMCILIKLARI,-190.31537091400622,-462.4781861366143
K,Devlet Hastanesi -Yunus Emre-Eskişehir SAĞLIK BAKANLIĞI TÜRKİYE KAMU HASTANELERİ KURUMU,-525.092648006685,-209.90578089557465
K,Devlet Hastanesi -İstanbul Beylikdüzü SAĞLIK BAKANLIĞI BAKAN YARDIMCILIKLARI,-426.3792921093604,-389.6343909487127
K,Devlet Hastanesi-Ankara Pursaklar SAĞLIK BAKANLIĞI BAKAN YARDIMCILIKLARI,-612.4967394768681,-215.92903892195744
K,Devlet Hastanesi-Arnavutköy SAĞLIK BAKANLIĞI BAKAN YARDIMCILIKLARI,-393.8793725307439,-313.28135538715674
K,Diyarbakır Su Kanal İdaresi,113.1704114848704,-9.52465225443439
K,Diğer Merkezler YÜKSEKÖĞRETİM KURUMLARI MANİSA CELAL BAYAR ÜNİVERSİTESİ,-213.46748842290114,214.62555247304877
K,Diş Hekimliği Fakültesi YÜKSEKÖĞRETİM KURUMLARI KIRIKKALE ÜNİVERSİTESİ,-564.1598140539834,-658.9202721102881
K,DÜZCE BELEDİYESİ DESTEK HİZMETLERİ MÜDÜRLÜĞÜ,315.3804818283282,337.62067508326606
K,Düzce Kamu Hastane Birliği SAĞLIK BAKANLIĞI TÜRKİYE KAMU HASTANELERİ KURUMU,-344.3878457553888,-302.77197416756906
K,DİNİ YAYINLAR GENEL MÜDÜRLÜĞÜ,180.6571367014233,254.05935099106196
K,DİYANET İŞLERİ BAŞKANLIĞI - STRATEJİ GELİŞTİRME BAŞKANLIĞI,86.14987242780703,417.95720272820813
K,DİYANET İŞLERİ BAŞKANLIĞI Strateji Geliştirme Dairesi Başkanlığı,106.36002304597459,277.1968177174146
K,DİYARBAKIR BÜYÜKŞEHİR BELEDİYESİ MALİ HİZMETLER MÜDÜRLÜĞÜ,102.27646936005223,116.2117176383304
K,Dışkapı Yıldırım Beyazıt Eğitim ve Araştırma Hastanesi-Ankara SAĞLIK BAKANLIĞI BAKAN YARDIMCILIKLARI,-641.3433070805784,-216.8148205750896
K,EDİRNE BELEDİYESİ MALİ HİZMETLER MÜDÜRLÜĞÜ SATINALMAM BİRİMİ,50.69003429111814,-147.14197536325028
K,EGM DESTEK HİZMETLERİ DAİRE BAŞKANLIĞ İÇİŞLERİ BAKANLIĞI EMNİYET GENEL MÜDÜRLÜĞÜ,15.43988348154983,295.6216631250466
K,ELAZIĞ BELEDİYESİ MALİ HİZMETLER MÜDÜRLÜĞÜ,127.1331168696259,-348.4959171617937
K,ELEKTRİK SU HAVAGAZI OTOBÜS VE TROLEYBÜS GENEL MÜDÜRLÜĞÜ - HİZMET ALIM İHALELERİ ŞUBE MÜDÜRLÜĞÜ,128.5979671834371,21.52024719047887
K,ELEKTRİK ÜRETİM A.Ş GENEL MÜDÜRLÜĞÜ (EÜAŞ) Satın Alma ve Malzeme Yönetimi Daire Başkanlığı - Dış Satın Alma Müdürlüğü,33.105717310068584,465.0356741405235
K,ELEKTRİK ÜRETİM A.Ş GENEL MÜDÜRLÜĞÜ (EÜAŞ) Ticaret Dairesi Başkanlığı İç Ticaret Müdürlüğü,-12.555898758321888,452.4615096437696
K,ELEKTRİK ÜRETİM A.Ş GENEL MÜDÜRLÜĞÜ(EÜAŞ) Satın Alma ve Malzeme Yönetimi Daire Başkanlığı - İç Satın Alma Müdürlüğü,24.983350311943894,225.41681273268352
K,ENERJİ VE TABİİ KAYNAKLAR BAKANLIĞI Maden İşleri Genel Müdürlüğü,42.29161073451813,335.8013593882476
K,ENERJİ VE TABİİ KAYNAKLAR BAKANLIĞI Strateji Geliştirme Başkanlığı,81.8694928494642,180.79414756179185
K,ERBAA BELEDİYESİ,-36.345685263929596,-82.9277302706571
K,ESENLER BELEDİYESİ MALİ HİZMETLER MÜDÜRLÜĞÜ,194.56092826022507,-135.45004067568482
K,ESENYURT BELEDİYESİ DESTEK HİZMETLERİ MÜDÜRLÜĞÜ,165.0953016395648,-348.5943922751996
K,ESHOT GENEL MÜDÜRLÜĞÜ SATIN ALMA DAİRESİ BAŞKANLIĞI HİZMET ALIM İHALELERİ ŞUBE MÜDÜRLÜĞÜ,75.72635775762426,-205.67086901648506
K,ESHOT GENEL MÜDÜRLÜĞÜ SATINALMA DAİRESİ BAŞKANLIĞI HİZMET ALIM İHALELERİ ŞUBE MÜDÜRLÜĞÜ,70.59266938780897,-217.57294937489158
K,ET VE SÜT KURUMU GENEL MÜDÜRLÜĞÜ Destek Hizmetleri Dairesi Başkanlığı,-463.55984817362327,-27.98750146610067
K,ETİ MADEN İŞLETMELERİ GENEL MÜDÜRLÜĞÜ Satınalma Dairesi Başkanlığı,8.161265078952443,240.01699925418507
K,EYYÜBİYE BELEDİYESİ EYYÜBİYE İLÇE BELEDİYESİ,137.23394567649822,-415.82681628126545
K,EYÜPSULTAN BELEDİYESİ DESTEK HİZMETLERİ MÜDÜRLÜĞÜ,295.86114317735615,-75.09056115034728
K,Edirne Kamu Hastane Birliği SAĞLIK BAKANLIĞI TÜRKİYE KAMU HASTANELERİ KURUMU,-527.9601745965695,-133.1043462898527
K,Edirne İl Özel İdaresi Destek Hizmetleri Müdürlüğü,461.2433321839705,-237.68441452263698
K,Elazığ İl Özel İdaresi,239.79521062831319,-354.18640336045087
K,Erişkin Hastanesi YÜKSEKÖĞRETİM KURUMLARI HACETTEPE ÜNİVERSİTESİ,-472.9823548299295,-22.04322180040469
K,Erzincan Halk Sağlığı Müdürlüğü SAĞLIK BAKANLIĞI TÜRKİYE HALK SAĞLIĞI KURUMU,-538.7705927021267,-452.29232265408695
K,Erzurum Büyükşehir Belediyesi MALİ HİZMETLER DAİRE BAŞKANLIĞI,190.01805183524442,-64.69254239490523
K,Erzurum Kamu Hastane Birliği SAĞLIK BAKANLIĞI TÜRKİYE KAMU HASTANELERİ KURUMU,-368.9432709202834,-257.0190140716843
K,Eshot Genel Müdürlüğü Satınalma Dairesi Başkanlığı İhale İşleri Şube Müdürlüğü,-180.05329645406442,-211.02752680024773
K,Eskişehir Büyükşehir Belediyesi SATINALMA DAİRESİ BAŞKANLIĞI,205.41656544078623,-221.11746325513678
K,Eskişehir Valiliği (YİKOB-maas için) İÇİŞLERİ BAKANLIĞI BAKAN YARDIMCILIĞI,344.65173927882734,-508.28519074323566
K,Eğitim Araştırma Hastanesi-Fizik Tedavi Reh. SAĞLIK BAKANLIĞI TÜRKİYE KAMU HASTANELERİ KURUMU,-581.0211301672614,-285.7088915012043
K,Eğitim ve Araştırma Hastanesi -Bağcılar SAĞLIK BAKANLIĞI BAKAN YARDIMCILIKLARI,-284.9721745578984,-165.71939173779134
K,Eğitim ve Araştırma Hastanesi- Gaziosmanpaşa  SAĞLIK BAKANLIĞI BAKAN YARDIMCILIKLARI,-495.8640857005962,-369.70243615691174
K,Eğitim ve Araştırma Hastanesi-ALANYA SAĞLIK BAKANLIĞI BAKAN YARDIMCILIKLARI,-579.1296065052805,-392.56704968527464
K,Eğitim ve Araştırma Hastanesi-Bağcılar SAĞLIK BAKANLIĞI TÜRKİYE KAMU HASTANELERİ KURUMU,-592.334068388448,-256.8848395223177
K,Eğitim ve Araştırma Hastanesi-ERENKÖY RUH VE SİNİR HASTALIKLARI SAĞLIK BAKANLIĞI BAKAN YARDIMCILIKLARI,-496.3281516966135,-270.3561382520689
K,Eğitim ve Araştırma Hastanesi-Gülhane SAĞLIK BAKANLIĞI BAKAN YARDIMCILIKLARI,-556.411143803816,-581.479239562163
K,Eğitim ve Araştırma Hastanesi-Marmara Üniversitesi Pendik SAĞLIK BAKANLIĞI BAKAN YARDIMCILIKLARI,-570.2613936014347,-182.66407907213144
K,Eğitim ve Araştırma Hastanesi-Sağlık Bil Üniv Süreyyapaşa Göğüs Hastı ve Göğüs Cerrahisi SAĞLIK BAKANLIĞI BAKAN YARDIMCILIKLARI,-473.9090637915143,-340.0911989289467
K,Eğitim ve Araştırma Hastanesi-Sultan 2.Abdülhamid Ha SAĞLIK BAKANLIĞI BAKAN YARDIMCILIKLARI,-499.9256885163592,-237.31333637796277
K,Eğitim ve Araştırma Hastanesi-Van SAĞLIK BAKANLIĞI BAKAN YARDIMCILIKLARI,-663.5876281529723,-480.2193050078378
K,Eğitim ve Araştırma Hastanesi-Zeynep Kamil Kadın ve Çocuk Hastalıkları SAĞLIK BAKANLIĞI BAKAN YARDIMCILIKLARI,-613.6998384824096,-275.45025412466816
K,Eğitim ve Araştırma Hastanesi-Şişli Hamidiye Etfal SAĞLIK BAKANLIĞI BAKAN YARDIMCILIKLARI,-408.04366121096336,-445.8955313784372
K,FATİH BELEDİYESİ DESTEK HİZMETLERİ MÜDÜRLÜĞÜ,60.918154238822865,-103.14151506066013
K,FOÇA AÇIK CEZA İNFAZ KURUMU İŞYURDU DİĞER ÖZEL BÜTÇELİ KURULUŞLAR CEZA İNFAZ KURUMLARI İLE TUTUKEVLERİ İŞ YURTLARI KURUMU,-370.9288774247277,366.0301700024563
K,GAZİEMİR BELEDİYESİ DESTEK HİZMETLERİ MÜDÜRLÜĞÜ - İHALE BÜROSU,395.91253806584166,-228.24390964707192
K,GAZİOSMANPAŞA BELEDİYESİ DESTEK HİZMETLERİ MÜDÜRLÜĞÜ,355.4601475556771,-228.32203805735273
K,GAZİOSMANPAŞA BELEDİYESİ İNOVASYON VE TEKNOLOJİ MÜDÜRLÜĞÜ,114.4013583079924,-252.9862698931675
K,GEBZE BELEDİYESİ DESTEK HİZMETLERİ MÜDÜRLÜĞÜ,225.1124796808593,-196.10954138044158
K,GEBZE BELEDİYESİ FEN İŞLERİ MÜDÜRLÜĞÜ,535.1268102237851,-234.49037929061132
K,GELİBOLU BELEDİYESİ DESTEK HİZMETLER MÜDÜRLÜĞÜ,5.789898948435083,-60.1404006273422
K,GENEL SEKRETERLİK DİĞER ÖZEL BÜTÇELİ KURULUŞLAR TÜRK AKREDİTASYON KURUMU,-223.54404238578303,127.62264587394634
K,GENEL SEKRETERLİK | İSTANBUL,-270.5543625299241,-250.14019407396714
K,GESTAŞ DENİZ ULAŞIM TURİZM TİCARET A .Ş.,79.66622027895728,366.2955389392576
K,Gaziantep Büyükşehir Belediyesi,-92.93138148365091,-110.52109462870266
K,Gaziantep İl Sağlık Müdürlüğü SAĞLIK BAKANLIĞI BAKAN YARDIMCILIKLARI,-305.114099480064,-375.0335448283529
K,Giresun Özel İdaresi Destek Hizmetleri Müdürlüğü,270.76366971267873,-72.17497219466236
K,GÖLBAŞI BELEDİYESİ MALİ HİZMETLER MÜDÜRLÜĞÜ,-24.18377108221708,-30.42457714783965
K,GİRESUN BELEDİYE BAŞKANLIĞI,403.1173290771006,-301.4537530450048
K,GİRESUN İL SAĞLIK MÜDÜRLÜĞÜ,-673.5276943646771,-341.2352942302899
K,HATAY BÜYÜKŞEHİR BELEDİYESİ DESTEK HİZMETLERİ DAİRESİ BAŞKANLIĞI,36.3889465332015,33.82281570849014
K,HATAY BÜYÜKŞEHİR BELEDİYESİ SATIN ALMA DAİRESİ BAŞKANLIĞI,367.7084334456004,141.09407807485516
K,HAVAALANI İŞLETME VE HAVACILIK ENDÜSTRİLERİ ANONİM ŞİRKETİ (HEAŞ),75.9384797304107,264.1619929761358
K,HAZİNE VE MALİYE BAKANLIĞI Gelir İdaresi Başkanlığı,95.63481521633929,253.09346441477058
K,HAZİNE VE MALİYE BAKANLIĞI Milli Emlak Genel Müdürlüğü,-154.68878177182484,268.0121185053918
K,Hakkari İl Özel İdaresi MALİ HİZMETLER MÜDÜRLÜĞÜ,396.69515242111777,-520.8303778444176
K,Halk Sağlığı Genel Müdürlüğü SAĞLIK BAKANLIĞI BAKAN YARDIMCILIKLARI,-417.7206752446904,-141.2613385419633
K,Halk Sağlığı Müdürlüğü SAĞLIK BAKANLIĞI TÜRKİYE HALK SAĞLIĞI KURUMU | İSTANBUL,-656.4657713561012,-291.5295887325776
K,Halk Sağlığı Müdürlüğü SAĞLIK BAKANLIĞI TÜRKİYE HALK SAĞLIĞI KURUMU | İZMİR,-148.27500401901693,-213.16101039291183
K,Harp Akd.K.lığı MİLLİ SAVUNMA BAKANLIĞI MSB BAĞLILARI,-193.01834933379914,-232.6539529122676
K,Hatay Su ve Kanalizasyon İdaresi Genel Müdürlüğü Bilgi İşlem Dairesi Başkanlığı,656.5785328841488,-304.306316696851
K,Isparta Özel İdaresi Plan Proje Yatırım ve İnşaat Müdürlüğü,82.03869471847489,-276.8949256930931
K,Iğdır İl Özel İdaresi Plan Proje Yatırım ve İnşaat Müdürlüğü,19.290976656392605,-339.2375908321966
K,JANDARMA GENEL KOMUTANLIĞI - ANKARA JANDARMA TEDARİK MERKEZİ KOMUTANLIĞI,-454.49669354115275,-46.19868210523542
K,Jandarma Ted.Mrkz.K.lığı(Güvercinlik/Ankara) İÇİŞLERİ BAKANLIĞI JANDARMA GENEL KOMUTANLIĞI,-25.556273217244136,302.4845525307276
K,Jandarma ve Sahil Güvenlik Akademisi Başkanlığı İÇİŞLERİ BAKANLIĞI JANDARMA GENEL KOMUTANLIĞI,-39.89308412373018,369.30394170235223
K,K.MARAŞ BÜYÜKŞEHİR BELEDİYESİ BİLGİ İŞLEM DAİRESİ BAŞKANLIĞI,693.1297373468522,-277.05899460389753
K,KADIKÖY BELEDİYESİ BİLGİ İŞLEM MÜDÜRLÜĞÜ,226.8085830791976,-18.912712583062497
K,KADIKÖY BELEDİYESİ DESTEK HİZMETLER MÜDÜRLÜĞÜ,207.2413767145772,-60.20106249061582
K,KAMU MALİ YÖNETİM VE DÖNÜŞÜM GENEL MÜDÜRLÜĞÜ HAZİNE VE MALİYE BAKANLIĞI BAKAN YARDIMCILIKLARI,-270.4352892605701,588.5170754094017
K,KARS BELEDİYESİ BİLGİ İŞLEM MÜDÜRLÜĞÜ,296.7936758923261,-239.81669630514094
K,KARTEPE  BELEDİYESİ DESTEK HİZMETLERİ MÜDÜRLÜĞÜ,-81.23297169520922,-104.4162819622302
K,KARŞIYAKA BELEDİYESİ BİLGİ İŞLEM MÜDÜRLÜĞÜ,-10.708388056375352,-112.57571539206982
K,KAYSERİ ELEKTRİK PERAKENDE SATIŞ A.Ş.,155.4348293812093,-209.20374326470503
K,KAYSERİ ULAŞIM TURİZ M İNŞ.TAAH.PROJE TEL.SAN.TİC.A.Ş.,222.4592610335554,243.3209534960846
K,KAYSERİ VE CİVARI EL EKTRİK T.A.Ş.,102.34921707277842,-111.77880184731218
K,KAĞITHANE BELEDİYESİ BİLGİ İŞLEM MÜDÜRLÜĞÜ,360.0170145107406,-131.83461104571103
K,KEÇİÖREN BELEDİYESİ BİLGİ İŞLEM MÜDÜRLÜĞÜ,76.18690910930691,433.3741211335176
K,KIRKLARELİ BELEDİYESİ,77.88172472724355,-138.90444881972826
K,KIRŞEHİR BELEDİYESİ DESTEK HİZMETLERİ MÜDÜRLÜĞÜ,-20.92978586636172,238.47850086839136
K,KIYI EMNİYETİ GENEL MÜDÜRLÜĞÜ(KIYEM) Destek Hizmetleri Dairesi Başkanlığı,-71.52524053675769,-5.996004683088161
K,KIYI EMNİYETİ GENEL MÜDÜRLÜĞÜ(KIYEM) Malzeme Dairesi Başkanlığı,-31.550498566154705,160.84028980839153
K,KOCAELİ BÜYÜKŞEHİR BELEDİYE BAŞKANLIĞI - İHALE İŞLERİ ŞUBE MÜDÜRLÜĞÜ,28.933015719664766,-47.00528240102517
K,KOCAELİ SU VE KANALİZASYON İDARESİ GENEL MÜDÜRLÜĞÜ,82.97732382073052,-42.00562793049917
K,KOCAELİ SU VE KANALİZASYON İDARESİ GENEL MÜDÜRLÜĞÜ - İHALE İŞLERİ ŞUBE MÜDÜRLÜĞÜ,477.12946722378297,16.500859914796166
K,KOCASİNAN BELEDİYESİ BİLGİ İŞLEM MÜDÜRLÜĞÜ,41.231516234771455,-28.903660931978123
K,KONAK BELEDİYESİ Bilgi İşlem Müdürlüğü,-21.594009211026407,-179.44210278045614
K,KONYA B.B. SU KANAL İDARESİ,280.5501497407404,-262.9028376895805
K,KONYA BÜYÜKŞEHİR BELEDİYESİ DESTEK HİZMETLERİ DAİRE BAŞKANLIĞI,250.28797288144224,277.88212627920774
K,KONYA BÜYÜKŞEHİR BELEDİYESİ ULAŞIM PLANLAMA VE RAYLI SİSTEM DAİRE BAŞKANLIĞI,222.31879616413795,294.84169056622187
K,KUŞADASI BELEDİYESİ BAŞKANLIK MAKAMI,375.5022812224698,-284.56148437169406
K,Kahramanmaraş Su ve Kanalizasyon İdaresi Genel Müdürlüğü BİLGİ İŞLEM DAİRESİ BAŞKANLIĞI,736.1189703362005,-262.05485371979785
K,Kamu Hastane Birliği (Anadolu Kuzey) SAĞLIK BAKANLIĞI TÜRKİYE KAMU HASTANELERİ KURUMU,-527.7800651539948,-159.65780188507367
K,Kamu Hastane Birliği (Bakırköy) SAĞLIK BAKANLIĞI TÜRKİYE KAMU HASTANELERİ KURUMU,-486.5783523339058,-230.56104641191396
K,Kamu Hastane Birliği (Bilkent) SAĞLIK BAKANLIĞI TÜRKİYE KAMU HASTANELERİ KURUMU,-463.58317197499696,-216.79682302846518
K,Kamu Hastane Birliği (Fatih) SAĞLIK BAKANLIĞI TÜRKİYE KAMU HASTANELERİ KURUMU,-560.2366363316657,-227.79595767932034
K,Kamu Hastane Birliği (Güney) SAĞLIK BAKANLIĞI TÜRKİYE KAMU HASTANELERİ KURUMU,-169.20814622110908,-385.1242585856723
K,Kamu Hastane Birliği (Kuzey) SAĞLIK BAKANLIĞI TÜRKİYE KAMU HASTANELERİ KURUMU,-190.008336065282,-425.07409621857386
K,Kamu Hastane Birliği (Çekmece) SAĞLIK BAKANLIĞI TÜRKİYE KAMU HASTANELERİ KURUMU,-433.94382121245883,-156.59723770738105
K,Kamu Hastane Birliği SAĞLIK BAKANLIĞI TÜRKİYE KAMU HASTANELERİ KURUMU | BURDUR,-524.6528335245022,-607.8200827410245
K,Kamu Hastane Birliği SAĞLIK BAKANLIĞI TÜRKİYE KAMU HASTANELERİ KURUMU | BİNGÖL,-527.347730136242,-534.4410966545153
K,Kamu Hastane Birliği SAĞLIK BAKANLIĞI TÜRKİYE KAMU HASTANELERİ KURUMU | ELAZIĞ,-549.6325622175314,-446.35798811429754
K,Kamu Hastane Birliği SAĞLIK BAKANLIĞI TÜRKİYE KAMU HASTANELERİ KURUMU | ISPARTA,-633.2200173191785,-375.78644295502363
K,Kamu Hastane Birliği SAĞLIK BAKANLIĞI TÜRKİYE KAMU HASTANELERİ KURUMU | KIRIKKALE,-488.5979049704611,-309.3244510834642
K,Kamu Hastane Birliği SAĞLIK BAKANLIĞI TÜRKİYE KAMU HASTANELERİ KURUMU | KIRŞEHİR,-634.7477215463471,-326.15987615472847
K,Kamu Hastane Birliği SAĞLIK BAKANLIĞI TÜRKİYE KAMU HASTANELERİ KURUMU | MALATYA,-376.7544229525459,-348.3346894156468
K,Kamu Hastane Birliği SAĞLIK BAKANLIĞI TÜRKİYE KAMU HASTANELERİ KURUMU | SİİRT,-261.28638670834323,-421.49565877272505
K,Kamu Hastane Birliği SAĞLIK BAKANLIĞI TÜRKİYE KAMU HASTANELERİ KURUMU | TUNCELİ,-547.2264944986272,-539.6955118932117
K,Kamu Hastane Birliği SAĞLIK BAKANLIĞI TÜRKİYE KAMU HASTANELERİ KURUMU | YALOVA,-490.08137695826287,-484.19860212382457
K,Kamu Hastane Birliği SAĞLIK BAKANLIĞI TÜRKİYE KAMU HASTANELERİ KURUMU | İSTANBUL,-297.6363497868935,-171.4160196936373
K,Karabağlar Belediyesi Bilgi İşlem Müdürlüğü,-217.87538799272684,-390.24034935539794
K,Karabük Halk Sağlığı Müdürlüğü SAĞLIK BAKANLIĞI TÜRKİYE HALK SAĞLIĞI KURUMU,-462.6090379776643,-300.0111104309266
K,Kars Özel İdaresi Genel Sekreterlik,251.3543533778552,11.691863413377908
K,Kartal Belediyesi Destek Hizmetleri ve İşletme İştirakler Müdürlüğü,68.15131727816357,50.467155007995004
K,Kayseri Büyükşehir Belediyesi Destek Hizmetleri Daire Başkanlığı,137.7562676732068,176.56441029965072
K,Kayseri Su Kanal İdaresi Destek Hizmetleri Dairesi Başkanlığı,255.3332491404762,-68.28447059316194
K,Kocaeli Büyükşehir Belediyesi Destek Hizmetleri Dairesi Başkanlığı - İhale İşleri Şube Müdürlüğü,112.06056510959618,-66.59181931479473
K,Kocaeli Büyükşehir Belediyesi Fen İşleri Dairesi Başkanlığı,222.9525778196018,-145.27758317433296
K,Konya Kamu Hastane Birliği SAĞLIK BAKANLIĞI TÜRKİYE KAMU HASTANELERİ KURUMU,-608.8200718675486,-302.2948340848026
K,KÜLTÜR VE TURİZM BAKANLIĞI BAKAN YARDIMCILIKLARI Strateji Geliştirme Başkanlığı,23.978760582741256,397.8822852838865
K,KÜLTÜR VE TURİZM BAKANLIĞI DÖNER SERMAYE İŞLT.MER.MD,-2.485411123578845,398.47072667328837
K,KÜLTÜR VE TURİZM BAKANLIĞI Kütüphaneler ve Yayımlar Genel Müdürlüğü,42.66824423849556,163.2376497971783
K,KÜTAHYA BELEDİYESİ KÜTAHYA BELEDİYESİ BİLGİ İŞLEM MÜDÜRLÜĞÜ,162.41123020724544,-152.54535168503836
K,KÜÇÜKÇEKMECE BELEDİYESİ BİLGİ İŞLEM MÜDÜRLÜĞÜ,269.79624019681876,-1.004308651512088
K,KİLİS BELEDİYE BAŞKANLIĞI,934.1607417479919,-509.6587531222453
K,KİPTAŞ İSTANBUL KONUT İMAR PLAN TURİZM ULAŞIM SANAYİ VE TİCARET ANONİM ŞİRKETİ,288.4735230472025,86.14235187869453
K,Kırklareli Kamu Hastane Birliği SAĞLIK BAKANLIĞI TÜRKİYE KAMU HASTANELERİ KURUMU,-446.49087615163774,-476.8510977498717
K,Kırklareli İl Özel İdaresi Destek Hizmetleri Müdürlüğü,368.15044143552825,-229.9132366382984
K,MAKİNA VE KİMYA ENDÜSTRİSİ KURUMU GENEL MÜDÜRLÜĞÜ   İkmal Dairesi Başkanlığı,-93.81786074246331,184.05253480040943
K,MAL ALIMLARI ŞUBE MÜDÜRLÜĞÜ,153.06528107205838,189.72756737260275
K,MALATYA BÜYÜKŞEHİR BELEDİYE BAŞKANLIĞI - İHALE İŞLERİ ŞUBE MÜDÜRLÜĞÜ,16.703216993812013,-108.81494861921651
K,MALATYA BÜYÜKŞEHİR BELEDİYESİ Destek Hizmetleri Dairesi Başkanlığı,-107.87715473389211,-169.41122142810406
K,MALTEPE BELEDİYESİ Bilgi İşlem Müdürlüğü,193.1073319952429,-171.81649656321343
K,MAMAK BELEDİYESİ BİLGİ İŞLEM MÜDÜRLÜĞÜ,-69.33200871702675,127.48170003638252
K,MANİSA BÜYÜKŞEHİR BELEDİYESİ BİLGİ İŞLEM DAİRESİ BAŞKANLIĞI,85.33127924044524,-347.74631390536683
K,MANİSA BÜYÜKŞEHİR BELEDİYESİ ULAŞIM DAİRESİ BAŞKANLIĞI,428.22916711199167,341.9811408152607
K,MARDİN BÜYÜKŞEHİR BELEDİYESİ BİLGİ İŞLEM DAİRESİ BAŞKANLIĞI,679.6126555942855,-226.0444993166409
K,MARDİN BÜYÜKŞEHİR BELEDİYESİ DESTEK HİZMETLERİ DAİRE BAŞKANLIĞI,496.16805050336234,-148.23822600340324
K,MARMARAEREĞLİSİ BELEDİYESİ FEN İŞLERİ MÜDÜRLÜĞÜ,374.4855190323542,-63.24570168097533
K,MELİKGAZİ BELEDİYESİ,131.70693024448857,-191.29893367083645
K,MERAM BELEDİYESİ BİLGİ İŞLEM MÜDÜRLÜĞÜ,66.33002380940972,22.96646897109986
K,MERSİN BÜYÜKŞEHİR BELEDİYE BAŞKANLIĞI - SİSTEM VE DONANIM ŞUBE MÜDÜRLÜĞÜ,493.2820437416251,-414.30018750004734
K,MERSİN BÜYÜKŞEHİR BELEDİYESİ Bilgi İşlem Dairesi Başkanlığı,342.02569452099084,-327.0076779598531
K,MERSİN SU VE KANALİZASYON İDARESİ GENEL MÜDÜRLÜĞÜ,247.10309082152196,-2.4448812268211944
K,"MESLEKİ HİZMETLER GEN. MÜD. ÇEVRE, ŞEHİRCİLİK VE İKLİM DEĞİŞİKLİĞİ BAKANLIĞI BAKAN YARDIMCILIKLARI",80.6120639417516,302.24727065568686
K,"METEOROLOJİ GENEL MÜDÜRLÜĞÜ STRATEJİ GELİŞTİRME DAİRE BAŞKANLIĞI ÇEVRE, ŞEHİRCİLİK VE İKLİM DEĞİŞİKLİĞİ BAKANLIĞI METEOROLOJİ GENEL MÜDÜRLÜĞÜ",-132.20862070525638,60.67257802277308
K,METRO İSTANBUL SANAYİ VE TİCARET A.Ş,287.7264598355104,245.98036728018167
K,MSB Akaryakıt İkmal ve NATO POL Tesisleri İşletme Başkanlığı Merkez Teşkilatı,39.909955479634085,180.18482147654632
K,MUHASEBAT GENEL MÜDÜRLÜĞÜ HAZİNE VE MALİYE BAKANLIĞI BAKAN YARDIMCILIKLARI,-117.24202755059093,184.53559781181718
K,MUĞLA BÜYÜKŞEHİR BELEDİYESİ DESTEK HİZMETLER DAİRESİ BAŞKANLIĞI,144.6159451953411,-202.58837024731838
K,Malatya Su ve Kanalizasyon İdaresi Genel Müdürlüğü Destek Hizmetleri Dairesi Başkanlığı Satınalma Şube Müdürlüğü,107.34964418267259,-180.52447506009028
K,Mali Hizmetler Kurum Başkan Yardımcılığı SAĞLIK BAKANLIĞI TÜRKİYE KAMU HASTANELERİ KURUMU,-286.75119358671117,249.3940781957474
K,Manisa Su ve Kanalizasyon İdaresi Genel Müdürlüğü Bilgi İşlem Daire Başkanlığı,144.20583227794435,-312.62005311314107
K,Mardin Devlet Hastanesi -Kızıltepe SAĞLIK BAKANLIĞI BAKAN YARDIMCILIKLARI,-628.2508761449593,-501.8747101416466
K,Mersin Büyükşehir Belediyesi Destek Hizmetleri Daire Başkanlığı,-203.43478053986448,-273.8781312693093
K,Meteorolojik Veri İşlem Dairesi Başkanlığı ORMAN VE SU İŞLERİ BAKANLIĞI METEOROLOJİ GENEL MÜDÜRLÜĞÜ,-107.41130931145348,167.34889530494573
K,Muğla Su ve Kanalizasyon İdaresi Genel Müdürlüğü Destek Hizmetleri Daire Başkanlığı,410.56563403848577,-153.14780887235594
K,Muş Özel İdaresi,85.92960582011357,7.92060773854144
K,MİLLÎ SAVUNMA ÜNİVERSİTESİ MİLLİ SAVUNMA BAKANLIĞI MSB BAĞLILARI,75.98874015984795,3.6322252560726906
K,MİLLİ SAVUNMA BAKANLIĞI MSB BAĞLILARI ANKARA DENİZ İKMAL G,-228.33006538724726,428.0819544410353
K,NARLIDERE BELEDİYESİ BİLGİ İŞLEM MÜDÜRLÜĞÜ,412.22741175126356,-244.97110771310156
K,Nevşehir Özel İdaresi Yatırım İnşaat Müdürlüğü,494.46651775157216,213.83310703004676
K,Niğde Özel İdaresi DESTEK HİZMETLERİ,362.99761250884995,-404.06289410906464
K,NİKSAR BELEDİYESİ FEN İŞLERİ MÜDÜRLÜĞÜ,462.7783261243763,-352.45124301640953
K,NİLÜFER BELEDİYESİ DESTEK HİZMETLER MÜDÜRLÜĞÜ,255.0988294311399,-373.8649124341894
K,ONİKİŞUBAT BELEDİYESİ Bilgi İşlem Müdürlüğü,742.5935210459658,-294.6244111187202
K,ORDU BÜYÜKŞEHİR BELEDİYESİ DESTEK HİZMETLERİ DAİRESİ BAŞKANLIĞI,59.30516903682724,-298.9526702603763
K,ORDU İL SAĞLIK MÜDÜRLÜĞÜ,-282.2989501407921,-260.9385725465626
K,ORMAN VE SU İŞLERİ BAKANLIĞI Bilgi İşlem Dairesi Başkanlığı,114.85018838639185,352.9203104017678
K,Onkoloji Hastanesi-Ankara Dr.Abdurrahman Yurtaslan SAĞLIK BAKANLIĞI TÜRKİYE KAMU HASTANELERİ KURUMU,-492.8549237206359,-386.4711970968655
K,Orta Doğu Teknik Üniversitesi Döner Sermaye İşletmesi,139.81700591321285,265.13460184261777
K,Osmangazi Belediyesi DESTEK HİZMETLER MÜDÜRLÜĞÜ,218.6290860512696,317.03922826058863
K,PAMUKKALE BELEDİYESİ Destek Hizmetleri Müdürlüğü,222.8632224083833,-229.38279483361376
K,PENDİK BELEDİYESİ DESTEK HİZMETLERİ MÜDÜRLÜĞÜ,151.63146480056807,-57.51172045502576
K,PERSONEL VE DESTEK HİZMETLERİ DAİRESİ BAŞKANLIĞI DİĞER ÖZEL BÜTÇELİ KURULUŞLAR MESLEKİ YETERLİLİK KURUMU,-229.35652948647794,518.3792305696538
K,PURSAKLAR BELEDİYESİ DESTEK HİZMETLERİ MÜDÜRLÜĞÜ,-257.11311329370324,37.5499685992622
K,Pamukkale (AKKÖY) BİLGİ İŞLEM MÜDÜRLÜĞÜ,52.744849921809674,-178.6018267084226
K,Polis Akademisi Başkanlığı Dönersermaye İşletmesi,-309.3122057624955,523.4529919297706
K,Polis Akademisi İÇİŞLERİ BAKANLIĞI EMNİYET GENEL MÜDÜRLÜĞÜ,-157.98297369491243,209.13312591017825
K,Program ve İzleme Dairesi Başkanlığı DİĞER ÖZEL BÜTÇELİ KURULUŞLAR KARAYOLLARI GENEL MÜDÜRLÜĞÜ,2.949508939100939,170.29246009080111
K,RADYO VE TELEVİZYON ÜST KURULU BAŞKANLIĞI,194.8608253464765,377.8501109507998
K,Rektörlüğü Özel Kalem YÜKSEKÖĞRETİM KURUMLARI İZMİR KATİP ÇELEBİ ÜNİVERSİTESİ,-200.0659902091387,62.551916424444514
K,Restorasyon Daire Başkanlığı CUMHURBAŞKANLIĞI MİLLİ SARAYLAR İDARESİ BAŞKANLIĞI,-293.4389553561942,496.8675412370738
K,Rize İl Özel İdaresi,185.77155706387424,-395.3373657963243
K,SAMSUN B.B. SU VE KANALİZASYON İDARESİ GENEL MÜDÜRLÜĞÜ,252.2017034333531,61.115523803004116
K,SAMSUN BÜYÜKŞEHİR BELEDİYESİ DESTEK HİZMETLERİ DAİRE BAŞKANLIĞI,-129.66734087042107,-101.58122961377222
K,SAMSUN BÜYÜKŞEHİR BELEDİYESİ SATINALMA DAİRESİ BAŞKANLIĞI,-92.92965501734537,-349.6461185330291
K,SARIYER BELEDİYESİ Destek Hizmetleri Müdürlüğü,223.02858405827317,-297.98882629292285
K,SAĞLIK BAKANLIĞI - BURSA İL SAĞLIK MÜDÜRLÜĞÜ,-514.3389945109938,-331.0243001874779
K,SAĞLIK BAKANLIĞI - DİYARBAKIR İL SAĞLIK MÜDÜRLÜĞÜ,-403.03490214598065,-350.29939376350995
K,SAĞLIK BAKANLIĞI - SAĞLIK BİLGİ SİSTEMLERİ GENEL MÜDÜRLÜĞÜ,-350.4318617109245,-37.016359208940436
K,SAĞLIK BAKANLIĞI - İZMİR İL SAĞLIK MÜDÜRLÜĞÜ,-469.9471105955237,-581.1990679891325
K,SAĞLIK UYGULAMA VE ARAŞTIRMA MERKEZİ MÜDÜRLÜĞÜ,-329.29773744367475,-32.861883573765816
K,SELÇUKLU BELEDİYESİ BİLGİ İŞLEM MÜDÜRLÜĞÜ,220.8478304898234,-371.44656036464863
K,SEYHAN BELEDİYESİ BİLGİ İŞLEM MÜDÜRLÜĞÜ,216.10763047745803,-330.11092301538093
K,SOSYAL GÜVENLİK KURUMU BAŞKANLIĞI DESTEK HİZMETLERİ DAİRE BAŞKANLIĞI,-1.4753530162469022,265.41099669147917
K,STRATEJİ VE KOORDİNASYON MÜDÜRLÜĞÜ YATIRIM İZLEME VE KOORDİNASYON BAŞKANLIKLARI ANKARA YATIRIM İZLEME VE KOORDİNASYON BAŞKANLIĞI,182.47610367607476,118.09089689140482
K,SULTANBEYLİ BELEDİYESİ BİLGİ İŞLEM MÜDÜRLÜĞÜ,23.78933005629094,-300.9328012463189
K,SULTANGAZİ BELEDİYESİ DESTEK HİZMETLERİ MÜDÜRLÜĞÜ,271.08408749037875,-187.80590412259394
K,Sakarya Büyükşehir Belediyesi,292.0772752026386,359.66040311963116
K,Sakarya Su ve Kanalizasyon İdaresi (SASKİ) Genel Müdürlüğü,102.43922674414821,-132.7421495790728
K,Sakarya İl Sağlık Müdürlüğü SAĞLIK BAKANLIĞI BAKAN YARDIMCILIKLARI,-163.8461610963184,-125.88157950157004
K,Sancaktepe Belediyesi DESTEK HİZMETLERİ MÜDÜRLÜĞÜ,393.22781968321,-81.09744308128862
K,Sağlık Bilgi Sistemleri Genel Müdürlüğü SAĞLIK BAKANLIĞI BAKAN YARDIMCILIKLARI,-123.45202836210632,129.15491743427015
K,"Sağlık, Kültür ve Spor Daire Başkanlığı YÜKSEKÖĞRETİM KURUMLARI İSTANBUL ÜNİVERSİTESİ",-201.65717936422317,-0.9353500389820725
K,Siirt İl Özel İdaresi Destek Hizmetler Müdürlüğü,732.0493285890207,-404.310882455564
K,Sinop İl Özel İdaresi Destek Hizmetleri Müdürlüğü,361.3847064136024,-307.24751289943714
K,Spor Genel Müdürlüğü İdari ve Mali İşler Dairesi Başkanlığı Diğer Özel Bütçeli Kuruluşlar,-90.35465622443775,345.3547416514371
K,Strateji Geliştirme Daire Başkanlığı DİĞER ÖZEL BÜTÇELİ KURULUŞLAR VAKIFLAR GENEL MÜDÜRLÜĞÜ,-82.73061887507288,138.22118928235574
K,SÜLEYMANPAŞA BELEDİYESİ DESTEK HİZMETLERİ MÜDÜRLÜĞÜ,452.68024161987535,-248.29491146618568
K,SİNCAN BELEDİYESİ Destek Hizmetleri Müdürlüğü,320.8000830890715,-119.18559349676923
K,SİNEMA GENEL MÜDÜRLÜĞÜ KÜLTÜR VE TURİZM BAKANLIĞI BAKAN YARDIMCILIKLARI,-103.700208948218,83.1004807922002
K,SİVAS BELEDİYESİ Bilgi İşlem Müdürlüğü,109.30686137522687,-37.01245363827667
K,SİVEREK BELEDİYESİ BİLGİ İŞLEM MÜDÜRLÜĞÜ,-105.44269581808892,115.00978984548463
K,T. Denizcilik İşletmeleri A.Ş. Destek Hizmetler Dairesi Başkanlığı,-451.95025252555473,-413.07662132396837
K,T.C DEVLET DEMİRYOLLARI İŞLETMESİ GENEL MÜDÜRLÜĞÜ(TCDD)  İŞLETMESİ GENEL MÜDÜRLÜĞÜ,-36.984291210046834,259.247942919467
K,T.C DEVLET DEMİRYOLLARI İŞLETMESİ GENEL MÜDÜRLÜĞÜ(TCDD) Bilgi İşlem Dairesi Başkanlığı,33.046107077090745,251.4340792398138
K,T.C. Kültür ve Turizm Bakanlığı Çanakkale Savaşları Gelibolu Tarihi Alan Başkanlığı Personel ve Destek Hizmetleri Grup Başkanlığı,-92.51129660814594,-443.86603257629434
K,T.C. Merkez Bankası İDARE MERKEZİ,-25.499701229597648,137.294788244779
K,"T.C. Çevre, Şehircilik ve İklim Değişikliği Bakanlığı Toplu Konut İdaresi Başkanlığı",65.93898982988497,369.82877006313987
K,T.C.POSTA VE TELGRAF TEŞKİLATI A.Ş. Satınalma Daire Başkanlığı,-108.15721952143875,261.3384004389885
K,TARIM VE ORMAN BAKANLIĞI BİLGİ TEKNOLOJİLERİ GENEL MÜDÜRLÜĞÜ TARIM VE ORMAN BAKANLIĞI BAKAN YARDIMCILIKLARI,30.072075646271365,136.7953064071259
K,TARIM İŞLETMELERİ GENEL MÜDÜRLÜĞÜ(TIGEM) Merkez,140.18832024437015,476.510849795383
K,TAVŞANLI BELEDİYESİ İMAR İŞLERİ MÜDÜRLÜĞÜ,515.3552685872061,-138.13610868453614
K,TCDD TEKNİK MÜHENDİSLİK VE MÜŞAVİRLİK ANONİM ŞİRKETİ,176.87032622834204,197.2337143596336
K,TEDAŞ Genel Müdürlüğü,-54.857046449050166,95.06205833918713
K,TEKİRDAĞ BÜYÜKŞEHİR BELEDİYESİ TEKİRDAĞ BÜYÜKŞEHİR BELEDİYE BAŞKANLIĞI,332.16664138911483,-305.1263253022028
K,TOKAT BELEDİYE BAŞKANLIĞI,390.1458476606812,-391.97624655634894
K,TOPRAK MAHSULLERİ OFİSİ GENEL MÜDÜRLÜĞÜ(TMO) Destek Hizmetleri Dairesi Başkanlığı,-106.53065538310106,-30.202415916012512
K,TOPRAK MAHSULLERİ OFİSİ GENEL MÜDÜRLÜĞÜ(TMO) Teknik İşler Dairesi Başkanlığı,-58.47629535151582,261.51702172865214
K,TORBALI BELEDİYESİ,164.61937413945273,-375.6698418733301
K,TOROSLAR BELEDİYESİ FEN İŞLERİ MÜDÜRLÜĞÜ,227.30170932575382,-348.59014363469
K,TRABZON BELEDİYESİ Destek Hizmetleri Müdürlüğü Satınalma Şefliği,516.8545178371269,-159.2807843225536
K,TRABZON BÜYÜKŞEHİR BELEDİYE BAŞKANLIĞI,-82.91324691047826,-42.05733210669219
K,TRABZON BÜYÜKŞEHİR BELEDİYESİ BİLGİ İŞLEM DAİRE BAŞKANLIĞI,362.41644142113637,40.478240570499985
K,TRABZON BÜYÜKŞEHİR BELEDİYESİ DESTEK HİZMETLERİ DAİRESİ BAŞKANLIĞI,223.67888929038477,-246.29240243639654
K,TURGUTLU BELEDİYESİ BİLGİİŞLEM MÜDÜRLÜĞÜ,376.322454829527,-93.38514715560093
K,TURKISH PETROLEUM INTERNATIONAL ANONİM ŞİRKETİ,182.00770361456986,-152.17948255848344
K,TUZLA BELEDİYESİ DESTEK HİZMETLERİ MÜDÜRLÜĞÜ,-25.469581784860257,-117.5239767497217
K,Tarım Reformu Genel Müdürlüğü TARIM VE ORMAN BAKANLIĞI BAKAN YARDIMCILIKLARI,17.867648145101192,172.82606923500703
K,Tarım ve Kırsal Kalkınmayı Destekleme Kurumu BİLGİ SİSTEMLERİ KOORDİNATÖRLÜĞÜ,-77.33857908661209,390.89651719769796
K,Teknik Uygulama Daire Başkanlığı CUMHURBAŞKANLIĞI MİLLİ SARAYLAR İDARESİ BAŞKANLIĞI,21.8575894361077,191.17431287330274
K,Tokat Bilgi İşlem Daire Başkanlığı YÜKSEKÖĞRETİM KURUMLARI TOKAT GAZİOSMANPAŞA ÜNİVERSİTESİ,-49.984372592917595,139.7517404019496
K,Trabzon Valiliği (YİKOB-maas için) İÇİŞLERİ BAKANLIĞI BAKAN YARDIMCILIĞI,388.7040287530645,-335.36045080086143
K,Trabzon İçmesuyu ve Kanalizasyon İdaresi Genel Müdürlüğü,216.76048935917976,-265.17980055420986
K,TÜRKİYE CUMHURİYETİ DEVLET DEMİRYOLLARI TAŞIMACILIK ANONİM ŞİRKETİ GENEL MÜDÜRLÜĞÜ,51.02684638344795,246.17876015139396
K,TÜRKİYE ELEKTRİK İLETİM A.Ş GENEL MÜDÜRLÜĞÜ(TEİAŞ) Merkez,185.3594584929745,236.9006722888446
K,TÜRKİYE ELEKTRİK İLETİM A.Ş GENEL MÜDÜRLÜĞÜ(TEİAŞ) Ticaret Dairesi Başkanlığı,-79.62126416298464,710.0672849116693
K,TÜRKİYE ELEKTRİK İLETİM ANONİM ŞİRKETİ GENEL MÜDÜRLÜĞÜ,176.67613174003355,348.4108311668477
K,TÜRKİYE KALKINMA VE YATIRIM BANKASI ANONİM ŞİRKETİ,-3.056117644738165,143.7302679230704
K,TÜRKİYE KÖMÜR İŞLETMELERİ KURUMU GENEL MÜDÜRLÜĞÜ(TKİ) Satınalma Daire Başkanlığı,-203.3740923708365,345.8143213218446
K,TÜRKİYE PETROLLERİ ANONİM ORTAKLIĞI GENEL MÜDÜRLÜĞÜ(TPAO) BİLGİ TEKNOLOJİLERİ DAİRE BAŞKANLIĞI,-122.35579818604305,108.26058465732216
K,TÜRKİYE PETROLLERİ ANONİM ORTAKLIĞI GENEL MÜDÜRLÜĞÜ(TPAO) Tedarik ve Lojistik Daire Başkanlığı,-88.66491392897302,319.2486364911178
K,TÜRKİYE RAYLI SİSTEM ARAÇLARI SANAYİİ ANONİM ŞİRKETİ (TÜRASAŞ) Eskişehir Bölge Müdürlüğü,41.40371223427341,-957.7339947185905
K,TÜRKİYE RAYLI SİSTEM ARAÇLARI SANAYİİ ANONİM ŞİRKETİ (TÜRASAŞ) Sakarya Bölge Müdürlüğü,-184.5392195235983,-437.7066766288304
K,TÜRKİYE TAŞ KÖMÜRÜ KURUMU GENEL MÜDÜRLÜĞÜ(TTK) Satınalma Dairesi Başkanlığı,-119.4664655235598,-3.782645437519003
K,TÜRKİYE İŞ KURUMU DESTEK HİZMETLERİ DAİRESİ BAŞKANLIĞI,-79.20122871544612,361.3858912182028
K,Türkiye Belediyeler Birliği,-170.8332402373392,272.51389624457687
K,Türkiye Radyo ve Televizyon Kurumu Genel Müdürlüğü SATINALMA DAİRESİ BAŞKANLIĞI,-31.87306716212215,343.1044000556327
K,Türkiye İhracat Kredi Bankası A.Ş.,84.51215964453812,139.12166923637415
K,Türkiye Şeker Fabrikaları A.Ş. Genel Müdürlüğü,53.387471402450714,140.44049083021412
K,Tıp Fakültesi Araştırma ve Uygulama Hastanesi YÜKSEKÖĞRETİM KURUMLARI MERSİN ÜNİVERSİTESİ,-645.7533805405265,-288.4440311863385
K,Tıp Fakültesi YÜKSEKÖĞRETİM KURUMLARI DİCLE ÜNİVERSİTESİ,-292.39867206909906,-334.4569891294065
K,Tıp Fakültesi YÜKSEKÖĞRETİM KURUMLARI ONDOKUZ MAYIS ÜNİVERSİTESİ,187.0646137367404,-147.92838422277507
K,ULAŞIMPARK ULAŞTIRMA HİZMETLERİ TİCARET ANONİM ŞİRKETİ,165.52460000413132,198.3424871503087
K,Uygulama Araştırma Merkezi YÜKSEKÖĞRETİM KURUMLARI SİVAS CUMHURİYET ÜNİVERSİTESİ,-434.96162750231525,-311.36065736502235
K,Uygulama ve Araştırma Hastanesi YÜKSEKÖĞRETİM KURUMLARI AKDENİZ ÜNİVERSİTESİ,-374.65327558478833,-38.010541551112084
K,Uygulama ve Araştırma Hastanesi YÜKSEKÖĞRETİM KURUMLARI AYDIN ADNAN MENDERES ÜNİVERSİTESİ,-286.5953659793216,-90.31865700079094
K,Uygulama ve Araştırma Hastanesi YÜKSEKÖĞRETİM KURUMLARI BALIKESİR ÜNİVERSİTESİ,-140.49945513012923,-194.04512707367732
K,Uygulama ve Araştırma Hastanesi YÜKSEKÖĞRETİM KURUMLARI EGE ÜNİVERSİTESİ,-533.9889765935322,-319.57666380026495
K,Uygulama ve Araştırma Hastanesi YÜKSEKÖĞRETİM KURUMLARI FIRAT ÜNİVERSİTESİ,-71.10273765283898,-354.9809489397341
K,Uygulama ve Araştırma Hastanesi YÜKSEKÖĞRETİM KURUMLARI KOCAELİ ÜNİVERSİTESİ,-672.1587558503534,-447.67639223438874
K,Uzaktan Eğitim Uygulama ve Araştırma Merkezi YÜKSEKÖĞRETİM KURUMLARI AMASYA ÜNİVERSİTESİ,-279.8145195420046,-442.7850080835122
K,Uzaktan Eğitim Uygulama ve Araştırma Merkezi YÜKSEKÖĞRETİM KURUMLARI İSTANBUL ÜNİVERSİTESİ,-290.0474516747808,-65.91159279817563
K,Uşak İl Özel İdaresi Destek Hizmetleri Müdürlüğü,278.17208647379346,125.6786959074298
K,VAN BÜYÜKŞEHİR BELEDİYESİ Destek Hizmetleri Daire Başkanlığı,615.0837983363327,60.82219453381644
K,VAN YÜZÜNCÜ YIL ÜNİVERSİTESİ Dursun Odabaş Tıp Merkezi YÜKSEKÖĞRETİM KURUMLARI VAN YÜZÜNCÜ YIL ÜNİVERSİTESİ,-312.02950783548937,-433.7246135505189
K,Valilik (YİKOB-maas için) İÇİŞLERİ BAKANLIĞI BAKAN YARDIMCILIĞI,147.58143348729524,302.7900648717096
K,YALOVA BELEDİYESİ BİLGİ İŞLEM MÜDÜRLÜĞÜ,346.3111108565485,-108.057633960921
K,YALOVA BELEDİYESİ DESTEK HİZMETLERİ MÜDÜRLÜĞÜ,122.94451956216693,-113.03234473387087
K,YALOVA İl Özel İdaresi Destek Hizmetler Müdürlüğü,545.5038984150452,-45.640420889667084
K,YATIRIM İZLEME MÜDÜRLÜĞÜ YATIRIM İZLEME VE KOORDİNASYON BAŞKANLIKLARI ANTALYA YATIRIM İZLEME VE KOORDİNASYON BAŞKANLIĞI,276.2875099562777,172.837723520187
K,YATIRIM İZLEME MÜDÜRLÜĞÜ YATIRIM İZLEME VE KOORDİNASYON BAŞKANLIKLARI KOCAELİ YATIRIM İZLEME VE KOORDİNASYON BAŞKANLIĞI,421.9676680958918,34.37678184680739
K,YATIRIM İZLEME MÜDÜRLÜĞÜ YATIRIM İZLEME VE KOORDİNASYON BAŞKANLIKLARI ŞANLIURFA YATIRIM İZLEME VE KOORDİNASYON BAŞKANLIĞI,378.80432920598446,-532.579637852986
K,YEŞİLYURT BELEDİYE BAŞKANLIĞI,-87.57947067532275,-323.2539888957642
K,YEŞİLYURT BELEDİYESİ DESTEK HİZMETLERİ MÜDÜRLÜĞÜ,-97.26515510781779,-268.05984297051396
K,YILDIRIM BELEDİYESİ,413.58408718434157,-219.6365384139242
K,YUNUSEMRE BELEDİYESİ DESTEK HİZMETLERİ MÜDÜRLÜĞÜ,379.87755930693646,-30.3202782130454
K,YÖNETİM HİZMETLERİ GENEL MÜDÜRLÜĞÜ CUMHURBAŞKANLIĞI STRATEJİ VE BÜTÇE BAŞKANLIĞI,66.31478372765156,342.7810378502317
K,YÜREĞİR BELEDİYESİ DESTEK HİZMETLERİ MÜDÜRLÜĞÜ,389.99610415259895,-210.4254401765651
K,Yönetim Hizmetleri Daire Başkanlığı DİĞER ÖZEL BÜTÇELİ KURULUŞLAR TÜRKİYE SAĞLIK ENSTİTÜLERİ BAŞKANLIĞI,-388.1473367084749,-21.013586120342488
K,Yönetim Hizmetleri Dairesi Başkanlığı DIŞİŞLERİ BAKANLIĞI AVRUPA BİRLİĞİ BAŞKANLIĞI,-152.58372299760583,138.5293607174297
K,Yönetim Hizmetleri Dairesi Başkanlığı DÜZENLEYİCİ VE DENETLEYİCİ KURUMLAR REKABET KURUMU,-15.117077327897288,427.50640334466715
K,Yönetim Hizmetleri Genel Müdürlüğü ENERJİ VE TABİİ KAYNAKLAR BAKANLIĞI BAKAN YARDIMCILIKLARI,169.3164359448513,463.2603267451448
K,Yükseköğretim Kurulu Hizmetleri YÜKSEKÖĞRETİM KURUMLARI YÜKSEKÖĞRETİM KURULU,-321.52454227171955,166.62000149197942
K,ZEYTİNBURNU BELEDİYESİ,182.03441416721319,-279.56823650982625
K,ZONGULDAK BELEDİYESİ BİLGİ İŞLEM MÜDÜRLÜĞÜ,133.77887485904967,-395.2079543277786
K,ÇANKAYA BELEDİYESİ BİLGİ İŞLEM MÜDÜRLÜĞÜ,-224.7511832326378,174.24615424995412
K,ÇANKAYA BELEDİYESİ Mali HİZMETLER MÜDÜRLÜĞÜ,403.61070486296495,-7.05698261826942
K,ÇANKIRI BELEDİYESİ DESTEK HİZMETLERİ MÜDÜRLÜĞÜ,960.863102923294,-451.74437557690317
K,ÇAY İŞLETMELERİ GENEL MÜDÜRLÜĞÜ(ÇAYKUR) Satınalma Dairesi Başkanlığı,178.7105665429381,171.96871526798645
K,ÇEKMEKÖY BELEDİYE BAŞKANLIĞI - BİLGİ İŞLEM MÜDÜRLÜĞÜ,261.90487354756107,-466.36351001956683
K,ÇEKMEKÖY BELEDİYESİ BİLGİ İŞLEM MÜDÜRLÜĞÜ,343.1767757281921,-252.78345588643185
K,ÇEKMEKÖY BELEDİYESİ FEN İŞLERİ MÜDÜRLÜĞÜ,333.0266478475338,-239.0255895646437
K,"ÇEVRE, ŞEHİRCİLİK VE İKLİM DEĞİŞİKLİĞİ BAKANLIĞI STRATEJİ GELİŞTİRME BAŞKANLIĞI ÇEVRE, ŞEHİRCİLİK VE İKLİM DEĞİŞİKLİĞİ BAKANLIĞI BAKAN YARDIMCILIKLARI",58.58798111116537,385.1444989386533
K,"ÇEVRESEL ETKİ DEĞERLENDİRMESİ,İZİN VE DENETİM GEN. MÜD. ÇEVRE, ŞEHİRCİLİK VE İKLİM DEĞİŞİKLİĞİ BAKANLIĞI BAKAN YARDIMCILIKLARI",11.578329859504276,450.95399803163673
K,ÇEŞME BELEDİYESİ DESTEK HİZMETLERİ MÜDÜRLÜĞÜ,364.7056172633669,-318.5188808590886
K,ÇORLU BELEDİYESİ FEN İŞLERİ MÜDÜRLÜĞÜ,397.69360588227903,-72.11491445337315
K,ÇORUM BELEDİYESİ DESTEK HİZMETLERİ MÜDÜRLÜĞÜ,482.445613538253,38.04908788590986
K,Çanakkale Onsekiz Mart Üniversitesi Hastanesi  YÜKSEKÖĞRETİM KURUMLARI ÇANAKKALE ONSEKİZ MART ÜNİVERSİTESİ,-281.66243659943854,-317.6744798475857
K,Çorum İl Özel İdaresi Plan Proje Yatırım ve İnşaat Müdürlüğü,558.4109880365675,242.3178271068041
K,ÇİFTLİKKÖY BELEDİYESİ MALİ HİZMETLER MÜDÜRLÜĞÜ,473.70741015244073,-57.68279377132281
K,Özel Kalem (Genel Sekreterlik) YÜKSEKÖĞRETİM KURUMLARI DİCLE ÜNİVERSİTESİ,191.3858831689605,-9.275510702923228
K,Özel Kalem (Genel Sekreterlik) YÜKSEKÖĞRETİM KURUMLARI HACETTEPE ÜNİVERSİTESİ,67.8018447984585,479.310184251594
K,Özel Kalem (Rektörlük) YÜKSEKÖĞRETİM KURUMLARI DÜZCE ÜNİVERSİTESİ,-496.7712838431686,255.02579094223393
K,Özel Kalem Müdürlüğü DİĞER ÖZEL BÜTÇELİ KURULUŞLAR YURTDIŞI TÜRKLER VE AKRABA TOPLULUKLAR BAŞKANLIĞI,-228.35859755516086,199.19432562147992
K,ÜMRANİYE BELEDİYESİ BİLGİ İŞLEM MÜDÜRLÜĞÜ,323.98957198814975,-100.44383299897136
K,ÜSKÜDAR BELEDİYESİ  Bilgi İşlem Müdürlüğü,137.15118502874702,-95.3489620410195
K,ÜSKÜDAR BELEDİYESİ İŞLETME MÜDÜRLÜĞÜ,232.9677796811389,-58.50410854583774
K,İ.E.T.T. İŞLETMELERİ GENEL MÜDÜRLÜGÜ,201.1823425812394,120.14390674449383
K,İDARİ VE MALİ İŞLER DAİRE BAŞKALIĞI DİĞER ÖZEL BÜTÇELİ KURULUŞLAR ÖZELLEŞTİRME İDARESİ BAŞKANLIĞI,-246.34790257302726,288.0019924142383
K,İDARİ VE MALİ İŞLER DAİRE BAŞKANLIĞI YÜKSEKÖĞRETİM KURUMLARI,-273.90655621829535,-222.32634062663107
K,İDARİ VE MALİ İŞLER DAİRE BAŞKANLIĞI YÜKSEKÖĞRETİM KURUMLARI SAKARYA UYGULAMALI BİLİMLER ÜNİVERSİTESİ,-100.69505206363802,29.478382813155637
K,İDARİ VE MALİ İŞLER DAİRE BAŞKANLIĞI | İSTANBUL,-108.56616755362575,-43.085547976604325
K,İDARİ VE MALİ İŞLER DAİRESİ BAŞKANLIĞI DÜZENLEYİCİ VE DENETLEYİCİ KURUMLAR KAMU İHALE KURUMU,-335.4467310329836,146.4702519200408
K,İDARİ VE MALİ İŞLER DAİRESİ BAŞKANLIĞI DÜZENLEYİCİ VE DENETLEYİCİ KURUMLAR RADYO VE TELEVİZYON ÜST KURULU,20.10882231748541,540.1180378222635
K,İDARİ VE MALİ İŞLER DAİRESİ BAŞKANLIĞI DÜZENLEYİCİ VE DENETLEYİCİ KURUMLAR SERMAYE PİYASASI KURULU,-63.00769221395608,247.86934458625922
K,İDARİ VE MALİ İŞLER MÜDÜRLÜĞÜ YATIRIM İZLEME VE KOORDİNASYON BAŞKANLIKLARI İSTANBUL YATIRIM İZLEME VE KOORDİNASYON BAŞKANLIĞI,232.45459645474665,301.7321053607302
K,İDARİ İŞLER DAİRESİ BAŞKANLIĞI DİĞER ÖZEL BÜTÇELİ KURULUŞLAR YÜKSEK ÖĞRENİM KREDİ VE YURTLAR KURUMU,-261.5218845637462,240.78384733763303
K,İGDAŞ İSTANBUL GAZ DAĞITIM SANAYİ VE TİCARET ANONİM ŞİRKETİ,122.27238768027946,98.48797099384167
K,İLLER BANKASI ANONİM ŞİRKETİ GENEL MÜDÜRLÜĞÜ - YATIRIM KOORDİNASYON DAİRESİ BAŞKANLIĞI,79.0680277555776,82.5962417286447
K,İLLER BANKASI ANONİM ŞİRKETİ YATIRIM KOORDİNASYON DAİRESİ BAŞKANLIĞI,-25.423481364287202,121.9291502107927
K,İNEGÖL BELEDİYESİ DESTEK HİZMETLERİ MÜDÜRLÜĞÜ,129.87449939993996,-35.62095016216304
K,"İNSAN KAYNAKLARI VE DESTEK HİZMETLERİ DAİRE BAŞKANLIĞI DÜZENLEYİCİ VE DENETLEYİCİ KURUMLAR KAMU GÖZETİMİ, MUHASEBE VE DENETİM STANDARTLARI KURUMU",192.63703686380802,337.26786895977034
K,İNSAN KAYNAKLARI VE DESTEK HİZMETLERİ DAİRE BAŞKANLIĞI DÜZENLEYİCİ VE DENETLEYİCİ KURUMLAR TÜTÜN VE ALKOL PİYASASI DÜZENLEME KURUMU,-125.75552324838075,443.6967421854828
K,İNŞAAT VE EMLAK GENEL MÜDÜRLÜĞÜ MİLLİ EĞİTİM BAKANLIĞI BAKAN YARDIMCILIKLARI,371.3116682634981,-2.1998624348231224
K,İSPARK İSTANBUL OTOP ARK İŞLETMELERİ TİCARET A.Ş.,165.59128359502176,-97.97427151701805
K,İSPER İSTANBUL PERSONEL YÖNETİM A.Ş.,295.07579808275693,19.393759962605092
K,İSTANBUL ASFALT FABR İKALARI SANAYİ V E TİCARET A.Ş.,251.50908145647227,199.32049566528588
K,İSTANBUL AĞAÇ VE PEY EĞİ.HİZ.HAY.BAH. İŞL.SAN.TİC.A.Ş,76.84967843020928,125.66795330050743
K,İSTANBUL BAYRAMPAŞA DEVLET HASTANESİ BAŞHEKİMLİĞİ,-500.3398229998275,-411.4724269405359
K,İSTANBUL BÜYÜKŞEHİR BELEDİYESİ,169.59521769606982,137.93558235015846
K,İSTANBUL BÜYÜKŞEHİR BELEDİYESİ BİLGİ İŞLEM MÜDÜRLÜĞÜ,161.60514218320975,113.54511326437245
K,İSTANBUL BÜYÜKŞEHİR BELEDİYESİ COĞRAFİ BİLGİ SİSTEMİ MÜDÜRLÜĞÜ,185.4194371198409,60.857706145392406
K,İSTANBUL BÜYÜKŞEHİR BELEDİYESİ HALKLA İLİŞKİLER MÜDÜRLÜĞÜ,-428.18208377539605,85.77391320904471
K,İSTANBUL BÜYÜKŞEHİR BELEDİYESİ HARİTA MÜDÜRLÜĞÜ,224.50653766627173,-100.30142160935169
K,İSTANBUL KÜLTÜR VE S ANAT ÜRÜNLERİ Tİ C.A.Ş.,130.55864995551303,246.06238673438492
K,İSTANBUL SPOR ETKİNL İKLERİ VE İŞLET. TİC.A.Ş.,223.9967006103731,135.9050983091054
K,İSTANBUL SPOR ETKİNLİKLERİ VE İŞLETMECİLİĞİ TİCARET ANONİM ŞİRKETİ,362.5320092140866,190.77015941619075
K,İSTANBUL SPOR ETKİNLİKLERİ VE İŞLETMECİLİĞİ TİCARET ANONİM ŞİRKETİ GENEL MÜDÜRLÜĞÜ,293.22912732179236,146.1071020645249
K,İSTANBUL SU VE KANALİZASYON İDARESİ GENEL MÜDÜRLÜĞÜ,222.70152389400442,-85.86036998482086
K,İSTANBUL ULAŞIM HİZMETLERİ VE ARAÇ KİRALAMA SANAYİ VE TİCARET ANONİM ŞİRKETİ,24.62206630981548,125.8954104432564
K,İSTANBUL UYGULAMALI GAZ.VE EN.TEK.AR MÜH.SAN.VE Tİ.AŞ,348.7423317508521,241.46330719951828
K,İSTANBUL YATIRIM İZLEME VE KOORDİNASYON BAŞKANLIĞI,239.35358027134257,288.5764853321428
K,İSTAÇ İstanbul Çevre Yönetimi San. ve Tic. A.Ş.,122.80520003551567,42.17241955703602
K,İSTON İSTANBUL BETON ELEMANL.VE HAZIR BET ON FAB.SAN.VE TİC.AŞ,344.2190049979475,200.90177025790518
K,İSTTELKOM İSTANBUL ELEKTRONİK HABERLEŞME VE ALTYAPI HİZMETLERİ SANAYİ VE TİCARET ANONİM ŞİRKETİ,281.93195217966337,12.701690730407602
K,İZBETON-İZMİR BÜYÜKŞ B.B.VE A.E.Ü.VE D.T.S.K.T.V.S.AŞ,-7.31402179166939,-247.83609247531214
K,İZELMAN GENEL HİZ.OT OPARK ÖZEL EĞİT.İTFA SAĞ.HİZM.TİC.A.Ş,24.426049631228587,-272.4710331001641
K,İZMİR BANLİYÖ TAŞIMA CILIĞI SİSTEMİ T İCARET A.Ş.,97.57414141760574,-191.71544547147232
K,İZMİR BÜYÜKŞEHİR BELEDİYESİ SATIN ALMA DAİRESİ BAŞKANLIĞI HİZMET ALIMLARI ŞUBE MÜDÜRLÜĞÜ,0.7783478998739451,-129.60515515694627
K,İZMİR BÜYÜKŞEHİR BELEDİYESİ SATINALMA DAİRE BAŞKANLIĞI MAL ALIMLARI ŞUBE MÜDÜRLÜĞÜ,-101.23593594915963,-69.76849324253175
K,İZMİR FUARCILIK HİZM ETLERİ KÜLTÜR VE SAN AT İŞLERİ TİC.A.Ş.,2.3354979432630887,-266.7284240157092
K,İZMİR SU VE KANALİZASYON İDARESİ GENEL MÜDÜRLÜĞÜ,39.68147995500434,-252.4638408652237
K,İdari ve Mali İşler Daire Başkanlığı YÜKSEKÖĞRETİM KURUMLARI ABDULLAH GÜL ÜNİVERSİTESİ,-131.3686640768533,-156.67704718282576
K,İdari ve Mali İşler Daire Başkanlığı YÜKSEKÖĞRETİM KURUMLARI AFYON KOCATEPE ÜNİVERSİTESİ,-159.4129695241815,-233.6634044377
K,İdari ve Mali İşler Daire Başkanlığı YÜKSEKÖĞRETİM KURUMLARI AMASYA ÜNİVERSİTESİ,-231.92097177951962,-174.81877459411436
K,İdari ve Mali İşler Daire Başkanlığı YÜKSEKÖĞRETİM KURUMLARI ANKARA ÜNİVERSİTESİ,134.7436355256116,428.42510154393176
K,İdari ve Mali İşler Daire Başkanlığı YÜKSEKÖĞRETİM KURUMLARI BALIKESİR ÜNİVERSİTESİ,-159.46172838720716,-263.0504447791939
K,İdari ve Mali İşler Daire Başkanlığı YÜKSEKÖĞRETİM KURUMLARI BANDIRMA ONYEDİ EYLÜL ÜNİVERSİTESİ,26.303059490739017,-313.1298509863882
K,İdari ve Mali İşler Daire Başkanlığı YÜKSEKÖĞRETİM KURUMLARI BAYBURT ÜNİVERSİTESİ,-222.62691979595093,6.1579258159386265
K,İdari ve Mali İşler Daire Başkanlığı YÜKSEKÖĞRETİM KURUMLARI BOLU ABANT İZZET BAYSAL ÜNİVERSİTESİ,-290.05181096083464,375.1127036316452
K,İdari ve Mali İşler Daire Başkanlığı YÜKSEKÖĞRETİM KURUMLARI BOĞAZİÇİ ÜNİVERSİTESİ,7.968929051539076,-29.955932856818936
K,İdari ve Mali İşler Daire Başkanlığı YÜKSEKÖĞRETİM KURUMLARI BURSA TEKNİK ÜNİVERSİTESİ,-199.6232334269068,95.10075479419105
K,İdari ve Mali İşler Daire Başkanlığı YÜKSEKÖĞRETİM KURUMLARI BİLECİK ŞEYH EDEBALİ ÜNİVERSİTESİ,-60.27228700525893,-289.2897212124265
K,İdari ve Mali İşler Daire Başkanlığı YÜKSEKÖĞRETİM KURUMLARI BİNGÖL ÜNİVERSİTESİ,-50.61193726848517,-113.69948605519028
K,İdari ve Mali İşler Daire Başkanlığı YÜKSEKÖĞRETİM KURUMLARI BİTLİS EREN ÜNİVERSİTESİ,-459.42233908482376,-488.9891136129034
K,İdari ve Mali İşler Daire Başkanlığı YÜKSEKÖĞRETİM KURUMLARI DOKUZ EYLÜL ÜNİVERSİTESİ,-102.99188706729899,-213.55274706365594
K,İdari ve Mali İşler Daire Başkanlığı YÜKSEKÖĞRETİM KURUMLARI DÜZCE ÜNİVERSİTESİ,-248.89359065498843,-164.65839237199384
K,İdari ve Mali İşler Daire Başkanlığı YÜKSEKÖĞRETİM KURUMLARI DİCLE ÜNİVERSİTESİ,-231.01239149696002,-80.32390245777366
K,İdari ve Mali İşler Daire Başkanlığı YÜKSEKÖĞRETİM KURUMLARI EGE ÜNİVERSİTESİ,-285.9716607942373,13.187652090023917
K,İdari ve Mali İşler Daire Başkanlığı YÜKSEKÖĞRETİM KURUMLARI ERCİYES ÜNİVERSİTESİ,-68.3046074214525,114.23653002612575
K,İdari ve Mali İşler Daire Başkanlığı YÜKSEKÖĞRETİM KURUMLARI ESKİŞEHİR OSMANGAZİ ÜNİVERSİTESİ,-17.71759113822737,-98.34431456387537
K,İdari ve Mali İşler Daire Başkanlığı YÜKSEKÖĞRETİM KURUMLARI FIRAT ÜNİVERSİTESİ,-220.31045521556962,-317.4785946097125
K,İdari ve Mali İşler Daire Başkanlığı YÜKSEKÖĞRETİM KURUMLARI GALATASARAY ÜNİVERSİTESİ,-167.73545828671715,-209.20506352043697
K,İdari ve Mali İşler Daire Başkanlığı YÜKSEKÖĞRETİM KURUMLARI GEBZE TEKNİK ÜNİVERSİTESİ,-154.18694238979563,-423.93560781466823
K,İdari ve Mali İşler Daire Başkanlığı YÜKSEKÖĞRETİM KURUMLARI HİTİT ÜNİVERSİTESİ,-145.65668657622226,-95.32113659258334
K,İdari ve Mali İşler Daire Başkanlığı YÜKSEKÖĞRETİM KURUMLARI KAFKAS ÜNİVERSİTESİ,-191.76191340238856,15.536398961951297
K,İdari ve Mali İşler Daire Başkanlığı YÜKSEKÖĞRETİM KURUMLARI KARADENİZ TEKNİK ÜNİVERSİTESİ,154.49298358603127,154.7484085201637
K,İdari ve Mali İşler Daire Başkanlığı YÜKSEKÖĞRETİM KURUMLARI KARAMANOĞLU MEHMETBEY ÜNİVERSİTESİ,-207.25121809957184,-131.72953481632786
K,İdari ve Mali İşler Daire Başkanlığı YÜKSEKÖĞRETİM KURUMLARI KIRKLARELİ ÜNİVERSİTESİ,-63.39206000779257,-182.35754486562018
K,İdari ve Mali İşler Daire Başkanlığı YÜKSEKÖĞRETİM KURUMLARI KOCAELİ ÜNİVERSİTESİ,-131.88880282740797,-288.2843323544643
K,İdari ve Mali İşler Daire Başkanlığı YÜKSEKÖĞRETİM KURUMLARI KÜTAHYA DUMLUPINAR ÜNİVERSİTESİ,30.565863241930337,-422.5495101077099
K,İdari ve Mali İşler Daire Başkanlığı YÜKSEKÖĞRETİM KURUMLARI MARDİN ARTUKLU ÜNİVERSİTESİ,-353.9850121097515,23.138553382182334
K,İdari ve Mali İşler Daire Başkanlığı YÜKSEKÖĞRETİM KURUMLARI MARMARA ÜNİVERSİTESİ,-250.24132720501396,23.64652238031689
K,İdari ve Mali İşler Daire Başkanlığı YÜKSEKÖĞRETİM KURUMLARI MUĞLA SITKI KOÇMAN ÜNİVERSİTESİ,-117.30365900187415,-127.54936487427959
K,İdari ve Mali İşler Daire Başkanlığı YÜKSEKÖĞRETİM KURUMLARI MUŞ ALPARSLAN ÜNİVERSİTESİ,-285.71442697593415,295.0246645412907
K,İdari ve Mali İşler Daire Başkanlığı YÜKSEKÖĞRETİM KURUMLARI NEVŞEHİR HACI BEKTAŞ VELİ ÜNİVERSİTESİ,-247.74048189667553,-309.23342304294874
K,İdari ve Mali İşler Daire Başkanlığı YÜKSEKÖĞRETİM KURUMLARI NİĞDE ÖMER HALİSDEMİR ÜNİVERSİTESİ,10.216879774454272,-205.61753947073998
K,İdari ve Mali İşler Daire Başkanlığı YÜKSEKÖĞRETİM KURUMLARI ORDU ÜNİVERSİTESİ,-245.98187983410259,-16.091612261995433
K,İdari ve Mali İşler Daire Başkanlığı YÜKSEKÖĞRETİM KURUMLARI ORTA DOĞU TEKNİK ÜNİVERSİTESİ,-19.594419353866673,184.36243205678883
K,İdari ve Mali İşler Daire Başkanlığı YÜKSEKÖĞRETİM KURUMLARI SAKARYA ÜNİVERSİTESİ,-134.50425286530424,78.02586562305396
K,İdari ve Mali İşler Daire Başkanlığı YÜKSEKÖĞRETİM KURUMLARI SÜLEYMAN DEMİREL ÜNİVERSİTESİ,34.280738932066654,-278.2495635510077
K,İdari ve Mali İşler Daire Başkanlığı YÜKSEKÖĞRETİM KURUMLARI TOKAT GAZİOSMANPAŞA ÜNİVERSİTESİ,-322.2130811323989,-361.87943245366864
K,İdari ve Mali İşler Daire Başkanlığı YÜKSEKÖĞRETİM KURUMLARI TRAKYA ÜNİVERSİTESİ,-44.900516762381656,-0.8162491430165559
K,İdari ve Mali İşler Daire Başkanlığı YÜKSEKÖĞRETİM KURUMLARI YILDIZ TEKNİK ÜNİVERSİTESİ,-83.40764830044698,63.86084111682274
K,İdari ve Mali İşler Daire Başkanlığı YÜKSEKÖĞRETİM KURUMLARI YOZGAT BOZOK ÜNİVERSİTESİ,-130.43006936226018,-252.86924883116293
K,İdari ve Mali İşler Daire Başkanlığı YÜKSEKÖĞRETİM KURUMLARI ZONGULDAK BÜLENT ECEVİT ÜNİVERSİTESİ,147.7311096324225,-375.00281977733215
K,İdari ve Mali İşler Daire Başkanlığı YÜKSEKÖĞRETİM KURUMLARI | ANKARA,-286.93557179832385,-219.7600871250364
K,İdari ve Mali İşler Daire Başkanlığı YÜKSEKÖĞRETİM KURUMLARI | İZMİR,-24.34861446083384,-254.88714502492442
K,İdari ve Mali İşler Daire Başkanlığı YÜKSEKÖĞRETİM KURUMLARI İSTANBUL ÜNİVERSİTESİ,-86.4730695786327,39.53415732156465
K,İdari ve Mali İşler Daire Başkanlığı YÜKSEKÖĞRETİM KURUMLARI İZMİR KATİP ÇELEBİ ÜNİVERSİTESİ,-373.3746903113739,204.82524082447614
K,İdari ve Mali İşler Daire Başkanlığı YÜKSEKÖĞRETİM KURUMLARI ŞIRNAK ÜNİVERSİTESİ,-433.5405428409167,-571.3335151034644
K,İdari ve Mali İşler Dairesi Başkanlığı DİĞER ÖZEL BÜTÇELİ KURULUŞLAR ORMAN GENEL MÜDÜRLÜĞÜ,-234.69924369514166,309.05449958563935
K,İl Sağlık Müdürlüğü - İstanbul Avrupa SAĞLIK BAKANLIĞI BAKAN YARDIMCILIKLARI,-356.6134866344862,-154.42480519796092
K,İl Sağlık Müdürlüğü SAĞLIK BAKANLIĞI BAKAN YARDIMCILIKLARI | AFYONKARAHİSAR,-368.18001329838927,-417.7546774502055
K,İl Sağlık Müdürlüğü SAĞLIK BAKANLIĞI BAKAN YARDIMCILIKLARI | AKSARAY,-506.51263685159495,-263.6092895418065
K,İl Sağlık Müdürlüğü SAĞLIK BAKANLIĞI BAKAN YARDIMCILIKLARI | ANKARA,-299.0428497774146,-7.794503904383502
K,İl Sağlık Müdürlüğü SAĞLIK BAKANLIĞI BAKAN YARDIMCILIKLARI | ARTVİN,-300.02393478011845,-300.66894785976666
K,İl Sağlık Müdürlüğü SAĞLIK BAKANLIĞI BAKAN YARDIMCILIKLARI | BOLU,-443.6959141923735,-445.65866710708264
K,İl Sağlık Müdürlüğü SAĞLIK BAKANLIĞI BAKAN YARDIMCILIKLARI | BURDUR,-221.83695075372302,-435.5787549123919
K,İl Sağlık Müdürlüğü SAĞLIK BAKANLIĞI BAKAN YARDIMCILIKLARI | BURSA,-507.66850984627786,-320.97400887553124
K,İl Sağlık Müdürlüğü SAĞLIK BAKANLIĞI BAKAN YARDIMCILIKLARI | BİLECİK,-407.69366931099853,-553.3421194099118
K,İl Sağlık Müdürlüğü SAĞLIK BAKANLIĞI BAKAN YARDIMCILIKLARI | BİNGÖL,-496.33575842495054,-535.9086497759273
K,İl Sağlık Müdürlüğü SAĞLIK BAKANLIĞI BAKAN YARDIMCILIKLARI | DİYARBAKIR,-361.6507353705107,-397.4439777365771
K,İl Sağlık Müdürlüğü SAĞLIK BAKANLIĞI BAKAN YARDIMCILIKLARI | ESKİŞEHİR,-441.53509475124224,-398.7823600582747
K,İl Sağlık Müdürlüğü SAĞLIK BAKANLIĞI BAKAN YARDIMCILIKLARI | HAKKARİ,357.7044283453955,-461.49447442600564
K,İl Sağlık Müdürlüğü SAĞLIK BAKANLIĞI BAKAN YARDIMCILIKLARI | HATAY,-187.59313689236726,-158.10065817894926
K,İl Sağlık Müdürlüğü SAĞLIK BAKANLIĞI BAKAN YARDIMCILIKLARI | KARAMAN,-521.1034446345556,-482.04210071561084
K,İl Sağlık Müdürlüğü SAĞLIK BAKANLIĞI BAKAN YARDIMCILIKLARI | KARS,-610.3097252935553,-472.13530575610935
K,İl Sağlık Müdürlüğü SAĞLIK BAKANLIĞI BAKAN YARDIMCILIKLARI | KASTAMONU,-414.6874901489412,56.54677674919396
K,İl Sağlık Müdürlüğü SAĞLIK BAKANLIĞI BAKAN YARDIMCILIKLARI | KAYSERİ,-439.9824351432711,-255.95255773550772
K,İl Sağlık Müdürlüğü SAĞLIK BAKANLIĞI BAKAN YARDIMCILIKLARI | KOCAELİ,-492.45460654880014,-159.57056617786935
K,İl Sağlık Müdürlüğü SAĞLIK BAKANLIĞI BAKAN YARDIMCILIKLARI | KÜTAHYA,-463.14795694073297,-262.7642446485607
K,İl Sağlık Müdürlüğü SAĞLIK BAKANLIĞI BAKAN YARDIMCILIKLARI | KİLİS,-147.5092212455707,-241.2846705293481
K,İl Sağlık Müdürlüğü SAĞLIK BAKANLIĞI BAKAN YARDIMCILIKLARI | MANİSA,-437.69568784193547,-367.9615214868476
K,İl Sağlık Müdürlüğü SAĞLIK BAKANLIĞI BAKAN YARDIMCILIKLARI | MARDİN,-133.3194050029702,-274.82443793079926
K,İl Sağlık Müdürlüğü SAĞLIK BAKANLIĞI BAKAN YARDIMCILIKLARI | MERSİN,-745.7651322361866,-401.0381812290241
K,İl Sağlık Müdürlüğü SAĞLIK BAKANLIĞI BAKAN YARDIMCILIKLARI | MUĞLA,-143.95963418257037,-262.8370651729444
K,İl Sağlık Müdürlüğü SAĞLIK BAKANLIĞI BAKAN YARDIMCILIKLARI | MUŞ,-602.5268004209337,-501.7897332604
K,İl Sağlık Müdürlüğü SAĞLIK BAKANLIĞI BAKAN YARDIMCILIKLARI | RİZE,-606.8806724265507,-384.25673222094173
K,İl Sağlık Müdürlüğü SAĞLIK BAKANLIĞI BAKAN YARDIMCILIKLARI | SAMSUN,-47.757845670514435,-393.85886714921213
K,İl Sağlık Müdürlüğü SAĞLIK BAKANLIĞI BAKAN YARDIMCILIKLARI | SİNOP,-344.0873151284572,-595.8112214327346
K,İl Sağlık Müdürlüğü SAĞLIK BAKANLIĞI BAKAN YARDIMCILIKLARI | SİVAS,-632.8240775883396,-355.880551256257
K,İl Sağlık Müdürlüğü SAĞLIK BAKANLIĞI BAKAN YARDIMCILIKLARI | TEKİRDAĞ,-550.5182586878881,-245.59406245090136
K,İl Sağlık Müdürlüğü SAĞLIK BAKANLIĞI BAKAN YARDIMCILIKLARI | TOKAT,-421.06604372684905,-442.45505002509543
K,İl Sağlık Müdürlüğü SAĞLIK BAKANLIĞI BAKAN YARDIMCILIKLARI | TRABZON,-609.1569322273044,-370.9539813335237
K,İl Sağlık Müdürlüğü SAĞLIK BAKANLIĞI BAKAN YARDIMCILIKLARI | TUNCELİ,-471.2469769363786,-527.0473807856204
K,İl Sağlık Müdürlüğü SAĞLIK BAKANLIĞI BAKAN YARDIMCILIKLARI | UŞAK,-576.3798260108377,-232.05688084996063
K,İl Sağlık Müdürlüğü SAĞLIK BAKANLIĞI BAKAN YARDIMCILIKLARI | VAN,-495.27694208724444,-463.3116417464425
K,İl Sağlık Müdürlüğü SAĞLIK BAKANLIĞI BAKAN YARDIMCILIKLARI | YALOVA,-190.1213695939675,-413.88419112703303
K,İl Sağlık Müdürlüğü SAĞLIK BAKANLIĞI BAKAN YARDIMCILIKLARI | ZONGULDAK,-305.4353780731486,-265.74927523376704
K,İl Sağlık Müdürlüğü SAĞLIK BAKANLIĞI BAKAN YARDIMCILIKLARI | ÇANAKKALE,-311.51185084773124,-457.9912505569632
K,İl Sağlık Müdürlüğü SAĞLIK BAKANLIĞI BAKAN YARDIMCILIKLARI | ÇORUM,-550.1850744791401,-367.496738682606
K,İl Sağlık Müdürlüğü SAĞLIK BAKANLIĞI BAKAN YARDIMCILIKLARI | İSTANBUL,-433.9210391935504,-200.87275390258475
K,İl Sağlık Müdürlüğü SAĞLIK BAKANLIĞI BAKAN YARDIMCILIKLARI | İZMİR,-48.61521716123396,-161.72708928040387
K,İlkokul Öğretmenleri Sağlık ve Sosyal Yardım Sandığı Muhasebe ve Mali İşler Müdürlüğü,257.8837480455203,257.10395340370377
K,İnsan Kaynakları ve Destek Hizmetleri Dairesi Başkanlığı DÜZENLEYİCİ VE DENETLEYİCİ KURUMLAR ENERJİ PİYASASI DÜZENLEME KURUMU,-213.65755495848484,266.93006292908524
K,İstanbul Adli Tıp Kurumu Başkanlığı ADALET BAKANLIĞI ADLİ TIP KURUMU,75.70403069129506,355.549009849059
K,İstanbul Fatih Kamu Hastane Birliği Genel Sekreterliği SAĞLIK BAKANLIĞI TÜRKİYE KAMU HASTANELERİ KURUMU,-434.2185170665987,-342.7830826224751
K,İstanbul Menkul Kıymetler Borsası(İMKB),0.022749427618600583,0.003997032437482864
K,İstanbul Su ve Kanalizasyon İdaresi Genel Müdürlüğü,160.31302152191824,18.029630383799493
K,İstanbul İl Emniyet Müdürlüğü İÇİŞLERİ BAKANLIĞI EMNİYET GENEL MÜDÜRLÜĞÜ,-16.979445956704698,368.73130686670225
K,İzmir Büyükşehir Belediyesi SATINALMA DAİRE BAŞKANLIĞI HİZMET ALIMLARI ŞUBE MÜDÜRLÜĞÜ,20.677233068130736,-177.01127743732349
K,İzmir Diş Hekimliği Fakültesi  YÜKSEKÖĞRETİM KURUMLARI İZMİR KATİP ÇELEBİ ÜNİVERSİTESİ,-384.82337813222944,-497.76187964349975
K,İzmir Su ve Kanalizasyon İdaresi Genel Müdürlüğü (İZSU),-25.462298831245366,-128.73435320289545
K,İŞ SAĞLIĞI VE GÜVENLİĞİ GENEL MÜDÜRLÜĞÜ ÇALIŞMA VE SOSYAL GÜVENLİK BAKANLIĞI MÜSTEŞARLIK,135.66327705928865,475.1840488106203
K,Şehir Hastanesi-Ankara SAĞLIK BAKANLIĞI BAKAN YARDIMCILIKLARI,-467.35507703525246,-252.6848239973785
K,Şehir Hastanesi-Antalya SAĞLIK BAKANLIĞI BAKAN YARDIMCILIKLARI,-309.5970540524047,-340.4270019369682
K,Şeker Kurumu  Personel İdari ve Mali İşler Koordinatörlüğü,-87.18975574358386,725.5882843495696
K,ŞİŞLİ BELEDİYE BAŞKANLIĞI,297.295298225004,-29.143429739706217
K,Şırnak Kamu Hastane Birliği SAĞLIK BAKANLIĞI TÜRKİYE KAMU HASTANELERİ KURUMU,-449.8191652059238,-487.2798914761492
