node_type,name,degree,strength,in_gc,community,label,n_markets
firm,12M BİLİŞİM HİZMETLERİ SANAYİ VE TİCARET LİMİTED ŞİRKETİ,2,2,True,4,cybersecurity,1.0
firm,2 B TEMİZLİK VE GIDA MADDELERİ TEKSTİL TİCARET VE SANAYİ LİMİTED ŞİRKETİ,1,1,True,18,computers_peripherals,1.0
firm,2 EN BİLİŞİM VE İLETİŞİM HİZMETLERİ SANAYİ TİCARET LİMİTED ŞİRKETİ.,1,1,True,19,computers_peripherals,1.0
firm,24 EĞİTİM YAZILIM TEKNOLOJİ BİLİŞİM DANIŞMANLIK SANAYİ VE TİCARET ANONİM ŞİRKETİ,2,2,True,24,custom_software_web_mobile,2.0
firm,2C BİLGİ TEKNOLOJİLERİ LİMİTED ŞİRKETİ,1,1,True,9,custom_software_web_mobile,1.0
firm,2M YAZILIM BİLİŞİM TEKNOLOJİLERİ TİCARET LTD.ŞTİ.,1,2,True,3,computers_peripherals,1.0
firm,3 ARTI BİLGİ TEKN.MÜ H.YÖN.EĞT.DANŞ.S AN.VE TİC.LTD.ŞT,1,1,True,2,ERP_management_software,1.0
firm,3 BAY ELEKTRONİK SANAYİ VE TİCARET LİMİTED ŞİRKETİ,1,1,True,7,smart_city_traffic_OT,1.0
firm,32 BİT BİLGİSAYAR Hİ Z.SAN.VE TİC.LTD .ŞTİ.,1,1,True,23,ERP_management_software,1.0
firm,360 AKADEMİ EĞİTİM BİLİŞİM TİCARET LİMİTED ŞİRKETİ,1,1,True,2,ERP_management_software,1.0
firm,362 YAZILIM BİLİŞİM TEKNOLOJİLERİ VE TASARIM HİZMETLERİ TİCARET PAZARLAMA LİMİTED ŞİRKETİ,1,1,True,33,network_datacentre_infrastructure,1.0
firm,3B DİJİTAL OFİS TEKNOLOJİ TİCARET VE SANAYİ LİMİTED ŞİRKETİ,1,1,False,-1,other_IT,1.0
firm,3BAY BİLİŞİM SANAYİ VE TİCARET LİMİTED ŞİRKETİ,1,1,True,1,computers_peripherals,1.0
firm,3E5 İLETİŞİM TANITIM VE TİCARET LİMİTED ŞİRKETİ,1,2,True,2,maintenance_support_services,1.0
firm,3K2M BİLİŞİM YAZILIM DONANIM OYUN VE TİCARET LİMİTED ŞİRKETİ,1,1,True,30,cybersecurity,1.0
firm,3M BİLİŞİM TEKNOLOJİLERİ LİMİTED ŞİRKETİ,1,1,True,21,ERP_management_software,1.0
firm,"3M BİLİŞİM TEKNOLOJİLERİ LİMİTED ŞİRKETİ, ANKAREF BİLİŞİM TEKN OLOJİLERİ MÜH İM SAN TİC LTD ŞTİ, UDEA UZMAN DENEYSEL ELEK.ARA.DAN.SAN .VE TİC.LTD.ŞTİ. Ortak Girişimi",1,1,True,1,health_information_systems,1.0
firm,4 S BİLGİ TEKNOLOJİLERİ ANONİM ŞİRKETİ,17,19,True,0,network_datacentre_infrastructure,5.0
firm,4 TEK BİLİŞİM YAZBİL.KIR.ELK.İNŞ.SAN.TİC.LTD.ŞTİ.,7,7,True,30,custom_software_web_mobile,3.0
firm,4 YÜZ PRODÜKSİYON SANAYİ VE DIŞ TİC.LTD.ŞTİ.,1,1,True,4,custom_software_web_mobile,1.0
firm,4D SİSTEM TİCARET LTD.ŞTİ.,2,2,True,2,computers_peripherals,2.0
firm,4G İLETİŞİM TEKNOLOJİ.BİLG.İML.SAN.TİC.ANONİM ŞİRKETİ,1,1,True,9,network_datacentre_infrastructure,1.0
firm,4K GRUP GENEL GÜVENLİK SİSTEMLERİ ELEKTRİK İNŞAAT MALZEMELERİ OTOMOBİL PETROL ÜRÜNLERİ TİCARET SANAYİ LİMİTED ŞİRKETİ,1,1,False,-1,other_IT,1.0
firm,4P OTOMASYON YAZILIM VE DANIŞMANLIK HİZMETLERİ SANAYİ VE TİCARET LİMİTED ŞİRKETİ,1,1,False,-1,physical_security_surveillance,1.0
firm,5M BİLİŞİM YAZILIM ELEKTRONİK REKLAM SİNEMA GIDA EĞİTİM YÖNETİM DANIŞMANLIĞI SANAYİ VE TİCARET LİMİTED ŞİRKETİ,4,4,True,10,ERP_management_software,2.0
firm,5M TEKNOLOJİ GÜVENLİK SİSTEMLERİ SANAYİ VE TİCARET LİMİTED ŞİRKETİ,2,2,False,-1,computers_peripherals,2.0
firm,6A BİLİŞİM HİZMETLERİ ANONİM ŞİRKETİ,2,2,True,0,cybersecurity,2.0
firm,7GEN BİLGİ VE İLETİŞ İM HİZMETLERİ SA N.VE TİC.LTD.ŞTİ,1,1,True,4,custom_software_web_mobile,1.0
firm,7K BİLİŞİM TEKNOLOJİLERİ VE DANIŞMANLIK İNŞAAT TAAHHÜT İTHALAT İHRACAT SANAYİ VE TİCARET LİMİTED ŞİRKETİ,5,5,True,5,ERP_management_software,2.0
firm,A GARANTİ POMPA ELEKTRİK ELEKTRONİK OTOMASYON İNŞAAT TAAHHÜT SANAYİ VE TİCARET LİMİTED ŞİRKETİ,2,2,False,-1,smart_city_traffic_OT,1.0
firm,A PLUS OFİS VE TEKNOLOJİ ÇÖZÜMLERİ SANAYİ VE TİCARET LİMİTED ŞİRKETİ,1,1,False,-1,computers_peripherals,1.0
firm,A VE G ARAŞTIRMA LTDŞTİ.,2,2,True,16,custom_software_web_mobile,1.0
firm,A-TEM ALTERNATİF İNŞAAT TEMİZLİK GÜVENLİK TEL.REK.PAZ.SANAYİ TİCARET LTD.ŞTİ.,1,1,True,15,maintenance_support_services,1.0
firm,A.D.R.İLKER OTOMOTİV TUR.SAN.VE TİC.L TD.ŞTİ.,1,1,True,24,custom_software_web_mobile,1.0
firm,A.T.K.GÜVENLİK LTD.Ş Tİ.,1,1,True,23,physical_security_surveillance,1.0
firm,A.Z.M.HARİTA JEOLOJİ İNŞAAT TURİZM MEDİKAL SANAYİ VE TİCARET LİMİTED ŞİRKETİ,1,2,True,0,GIS_city_information,2.0
firm,A4 NETWORK BİLİŞİM TİCARET LİMİTED ŞİRKETİ,1,1,True,27,custom_software_web_mobile,1.0
firm,ABAKÜS MÜHENDİSLİK TURİZM İNŞ.SAN.VEDIŞ TİC.LTD.ŞTİ.,1,1,True,0,GIS_city_information,1.0
firm,ABH AVRUPA BİLİŞİM HİZMETLERİ SANAYİ TİCARET LİMİTED ŞİRKETİ.,5,6,True,14,health_information_systems,1.0
firm,ABM BİLGİSAYAR HİZME TLERİ SANAYİ VE TİCARAT LİMİTED,1,1,False,-1,software_licences,1.0
firm,ABİS TEKNOLOJİ LTD.ŞTİ.,3,3,True,2,ERP_management_software,2.0
firm,ABİSENA BİLGİ TEKNOLOJİLERİ ANONİM ŞİRKETİ,12,16,True,17,health_information_systems,1.0
firm,"ABİSENA BİLGİ TEKNOLOJİLERİ ANONİM ŞİRKETİ, ÇAĞLAYAN BİLGİ TEKNOLOJİLERİ SANAYİ TİCARET LİMİTED ŞİRKETİ İş Ortaklığı",1,1,True,17,health_information_systems,1.0
firm,AC-YT BİLGİSAYAR TURİZM İNŞAAT GIDATİC.VE SAN.LTD,1,1,True,1,cybersecurity,1.0
firm,ACH İNŞAAT TEMİZLİKKIRT.GIDA TEKST.SAN.TİC.LTD.ŞTİ.,1,1,False,-1,GIS_city_information,1.0
firm,ACOD BİLİŞİM HİZMETLERİ LİMİTED ŞİRKETİ,1,1,True,14,custom_software_web_mobile,1.0
firm,ACON BİLGİ TEKNOLOJİLERİ İNŞAAT SANAYİ VE TİCARET ANONİM ŞİRKETİ,1,1,True,3,custom_software_web_mobile,1.0
firm,ACRONET BİLİŞİM VE İLETİŞİM TEKNOLOJİLERİ TİCARET LİMİTED ŞİRKETİ,1,1,True,2,call_centre_helpdesk,1.0
firm,ADA MÜHENDİSLİK VE Y AZILIM HİZ.TİC.L TD.ŞTİ.,10,10,True,0,ERP_management_software,6.0
firm,ADALI GRUP BİLGİ İŞLEM TEKNİK VE SOSYAL HİZMETLER TEMİZLİK TAŞIMACILIK İNŞAAT PEYZAJ GIDA SANAYİ TAAHHÜT TİCARET LİMİTED ŞİRKETİ,1,1,False,-1,maintenance_support_services,1.0
firm,ADALYA İLETİŞİM TEKNOLOJİ GÜVENLİK SİSTEMLERİ VE BİLGİSAYAR TİCARET LİMİTED ŞİRKETİ,3,3,True,16,computers_peripherals,2.0
firm,ADAM TEKNOLOJİ YAZILIM VE DANIŞMANLIK HİZMETLERİ LİMİTED ŞİRKETİ,3,4,True,30,cybersecurity,4.0
firm,ADASOFT DANIŞMANLIKVE YAZ.HİZ.TİC.LTD.ŞTİ.,1,2,True,0,ERP_management_software,2.0
firm,ADATA ELEKTRONİK GÜV ENLİK SİS.SANAYİ TİC.LMT.ŞTİ,2,5,True,5,physical_security_surveillance,3.0
firm,ADATECH OTOMASYON VE BİLİŞİM SİSTEMLERİ İNŞAAT SANAYİ DIŞ TİCARET LİMİTED ŞİRKETİ,1,1,True,4,smart_city_traffic_OT,1.0
firm,ADEKS BİLGİSAYAR VE ELEKTRONİK HİZM. TİC.LTD.ŞTİ.,2,2,True,4,computers_peripherals,1.0
firm,ADEO BİLİŞİM DANIŞMANLIK HİZMETLERİ SANAYİ VE TİCARET ANONİM ŞİRKETİ,7,11,True,0,cybersecurity,6.0
firm,ADER TEKNOLOJİ İNŞAAT TURİZM GIDA SANAYİ VE TİCARET LİMİTED ŞİRKETİ,1,1,True,19,network_datacentre_infrastructure,1.0
firm,ADL KURUMSAL HİZMETLERİ ANONİM ŞİRKETİ,1,1,True,3,maintenance_support_services,1.0
firm,ADM ARGE VE DANIŞMANLIK HİZMETLERİ SANAYİ TİCARET LİMİTED ŞİRKETİ,1,2,True,5,ERP_management_software,1.0
firm,ADONİS ELEKTRONİK HİZMETLER MAĞAZACILIK OTOMOTİV İNŞAAT ORGANİZASYON TEKSTİL OPTİK LİMİTED ŞİRKETİ,1,1,True,27,computers_peripherals,1.0
firm,ADUM BİLİŞİM YAZILIMVE DANIŞMANLIK SAN VE TİC LTD ŞTİ,1,1,True,2,maintenance_support_services,1.0
firm,AEC BİLİŞİM TEKNOLOJİ SANAYİ VE TİCARET LİMİTED ŞİRKETİ,1,1,True,24,other_IT,1.0
firm,AFATEK BİLİŞİM TEKNOLOJİ YAZILIM REKLAM İMALAT İTHALAT İHRACAT SANAYİ VE TİCARET LİMİTED ŞİRKETİ,1,1,True,0,cybersecurity,1.0
firm,AFM TEKNOLOJİ İÇECEK NAKLİYE DANIŞMANLIK. AŞ,2,2,True,9,network_datacentre_infrastructure,2.0
firm,AGARANTİ POMPA ELEKTRİK ELEKTRONİK OTOMASYON İNŞAAT TAAHHÜT TEMİZLİK SANAYİ VE TİCARET LİMİTED ŞİRKETİ,1,1,False,-1,smart_city_traffic_OT,1.0
firm,AGARTHA TEKNOLOJİ ANONİM ŞİRKETİ,1,4,True,0,ERP_management_software,1.0
firm,AGARTHA TEKNOLOJİ BİLİŞİM YAZILIM MÜHENDİSLİK PAZARLAMA VE TİCARET LİMİTED ŞİRKETİ,2,2,True,0,ERP_management_software,2.0
firm,AGERSOFT BİLİŞİM TEKNOLOJİLERİ DIŞ TİCARET SANAYİ LİMİTED ŞİRKETİ,4,4,True,30,health_information_systems,1.0
firm,AGM BİLGİ TEKNOL.REKBAS.YAY.İNŞ.TURZ.SANVE TİC.LTD.ŞTİ.,1,1,False,-1,computers_peripherals,1.0
firm,AGMLAB ARAŞTIRMA GELİŞTİRME MERKEZ LARATUVARI BİLİŞİM TEKNOLOJİLERİ ANONİM ŞİRKETİ,1,1,True,0,custom_software_web_mobile,1.0
firm,AGREDOR BİLİŞİM TEKNOLOJİLERİ SANAYİ VE TİCARET LTD.ŞTİ.,1,1,True,0,GIS_city_information,1.0
firm,AGROVİSİO TARIM BİLİŞİM SANAYİ VE TİCARET LİMİTED ŞİRKETİ,1,1,True,31,ERP_management_software,1.0
firm,AHMERA TEMİZLİK YEMEK TAŞIMACILIK MÜHENDİSLİK PEYZAJ BİLGİSAYAR VE ÖZEL SAĞLIK HİZMETLERİ TİCARET VE SANAYİ LİMİTED ŞİRKETİ,1,1,True,19,health_information_systems,1.0
firm,AHS OFİS MALZEMELERİ SANAYİ VE TİCARET ANONİM ŞİRKETİ,1,1,False,-1,computers_peripherals,1.0
firm,AIMS ANALİTİK BİLGİ YÖNETİMİ ÇÖZÜMLERİ YAZILIM EĞİTİM DANIŞMANLIK TİCARET LİMİTED ŞİRKETİ.,9,9,True,2,custom_software_web_mobile,2.0
firm,AIRCOM TEKNOLOJİ ANONİM.ŞİRKETİ,1,1,True,20,physical_security_surveillance,1.0
firm,AJANS ORGANİZASYON FUARCILIK VE PRODÜKSİYON HİZMETLERİ LİMİTED ŞİRKETİ,1,1,False,-1,custom_software_web_mobile,1.0
firm,AJANS İLETİŞİM VE TELEKOMÜNİKASYON HİZMETLERİ TİCARET LİMİTED ŞİRKETİ.,1,1,True,32,network_datacentre_infrastructure,1.0
firm,AK GROUP HIZMET TAAHHÜT TEMİZLİK İNŞAAT TURİZM TAŞ.OTOM. GIDA VE DAY ANIKLI TÜKETİM MALLARI LİMİTED ŞİRKET,1,1,False,-1,other_IT,1.0
firm,AK HİM YAPI MÜHENDİSLİK BİLİŞİM GIDA ÇEVRE YATIRIM İNŞAAT SANAYİ VE TİCARET LİMİTED ŞİRKETİ,1,1,False,-1,computers_peripherals,1.0
firm,AK TEKNİK VE ELEKTRONİK SAN.TİC.LTD.ŞTİ.,1,1,True,9,network_datacentre_infrastructure,1.0
firm,AKADEMİ İLERİ TEKNOLOJİ SAVUNMA SANAYİ TİCARET LİMİTED ŞİRKETİ,2,2,True,13,physical_security_surveillance,1.0
firm,AKARSU OĞULLARI İNŞAAT ELEKTRİK GIDA TEMİZLİK MADENCİLİK SANAYİ VE DIŞ TİCARET LİMİTED ŞİRKETİ,1,1,False,-1,computers_peripherals,1.0
firm,AKAY ELEKTRONİK ELEK TRİK TİC.LTD.ŞTİ,1,1,True,9,education_technology,1.0
firm,AKBİLGE BİLİŞİM TEKNOLOJİLERİ SANAYİ TİCARET A.Ş.,1,1,True,0,custom_software_web_mobile,1.0
firm,AKDAMAR SAĞLIK ÜRÜNLERİ ELEKTRİK İNŞAAT TEMİZLİK SANAYİ VE TİCARET LİMİTED ŞİRKETİ,1,1,True,19,computers_peripherals,1.0
firm,AKDENİZ TEMİZLİK GIDA ELEKTRONİK MAKİNE TEKNİK SERVİS HİZMETLERİ SANAYİ VE TİCARET LİMİTED ŞİRMETİ,1,1,True,17,network_datacentre_infrastructure,1.0
firm,AKELSAN ELEKRONİK SİSTEMLER SANAYİ VE TİCARET ANONİM ŞİRKETİ,2,3,True,5,other_IT,2.0
firm,AKER BÜRO MAK. BİL. KIRTASİYE GIDA İNŞ. PROJE VE SAN. TİC. LTD.ŞTİ.,1,1,True,0,cybersecurity,1.0
firm,AKER PROJE DANIŞMANLIK EĞİTİM ARAÇLARI SANAYİ VE TİCARET ANONİM ŞİRKETİ,1,1,False,-1,custom_software_web_mobile,1.0
firm,AKFA BİLİŞİM VE YAZILIM SİSTEMLERİ SANAYİ VE TİCARET A.Ş.,2,2,True,24,cybersecurity,2.0
firm,AKFA TEKNOLOJİ SES VE GÖRÜNTÜ SİSTEMLERİ SANAYİ VE TİCARET A.Ş.,1,1,False,-1,computers_peripherals,1.0
firm,AKGÜN BİLGİSAYAR PROGRAM VE HİZ.SAN.TİC.LTD.ŞİRKETİ,110,166,True,1,health_information_systems,8.0
firm,AKGİZ BİLGİSAYAR OTOMASYON SANAYİ VE TİCARET ANONİM ŞİRKETİ,1,1,True,18,computers_peripherals,1.0
firm,AKILCI BİLİŞİM ÇÖZÜMLERİ VE DANIŞMANLIK ANONİM ŞİRKETİ,1,1,True,0,ERP_management_software,1.0
firm,AKIM ELEKTRONİK İNŞAAT BİL.SİS.TAAH.SAN.VE TİC.LTD.Ş,2,2,False,-1,network_datacentre_infrastructure,1.0
firm,AKIN GÜVENLİK SİSTEMLERİ BİLGİSAYAR İNŞAAT MADENCİLİK SANAYİ VE TİCARET LİMİTED ŞİRKETİ,1,1,True,13,physical_security_surveillance,1.0
firm,"AKINCILAR TESİS YÖNE DAN.SOS.HİZM.İNŞ.TAŞ GID.SAN.VE TİC.LTD.Ş, AYS GRUP TEMİZLİK TURİZM SOSYAL HİZMETLER OTOPARK İŞLETMECİLİĞİ DANIŞMANLIK TAŞIMACILIK TİCARET LİMİTED ŞİRKETİ. İş Ortaklığı",1,1,True,10,maintenance_support_services,1.0
firm,AKKOR YAPI MALZEMELERİ İNŞAAT ELEKTRİK ELEKTRONİK ISITMA SİSTEMLERİ SANAYİ VE TİCARET LİMİTED ŞİRKETİ,1,1,True,17,computers_peripherals,1.0
firm,AKPINAR BİLİŞİM HİZMETLERİ SAN VE TİC LTD ŞTİ,1,1,True,13,computers_peripherals,1.0
firm,AKROPOL PROJE MİMARLIK MÜHENDİSLİK SANAYİ VE TİCARET LİMİTED ŞİRKETİ,1,1,True,5,GIS_city_information,1.0
firm,AKSAN BİLGİSAYAR TELEKOMÜNİKASYON İLETİŞİM HİZMETLERİ BÜRO MOBİLYALARI DAYANIKLI EV ALETLERİ NAKLİYAT SANAYİ VE TİCARET LİMİTED ŞİRKETİ.,1,1,False,-1,other_IT,1.0
firm,AKSAN BİLİŞİM GÖRÜNTÜLEME PROJE İNŞAAT DANIŞMANLIK SANAYİ VE TİCARET LİMİTED ŞİRKETİ,1,1,False,-1,custom_software_web_mobile,1.0
firm,AKSU TEKNOLOJİ DIŞ T İCARET LTD.ŞTİ.,1,1,True,3,custom_software_web_mobile,1.0
firm,AKSİYON BİLGİ DANIŞMANLIK VE ORGANİZASYON SANAYİ TİCARET ANONİM ŞİRKETİ,1,1,False,-1,custom_software_web_mobile,1.0
firm,AKSİYON TEKNOLOJİ HİZMETLERİ TİCARET LİMİTED ŞİRKETİ,1,1,True,10,software_licences,1.0
firm,AKSİYONER BİLGİ YÖNETİMİ YAZIMIL SİSTEM ORG.EĞİTİM VE DANIŞMANLIK SANAYİ TİCARET LTD ŞTİ,2,2,True,30,ERP_management_software,2.0
firm,AKTAŞ BİLGİ TEKNOLOJİLERİ SANAYİ VE TİCARET ANONİM ŞİRKETİ,1,1,False,-1,education_technology,1.0
firm,AKTEK BİLGİ İLETİŞİMTEKNOLOJİSİ SANVE TİC A.Ş.,2,2,True,11,software_licences,1.0
firm,AKTEL BİLGİSAYAR EĞİTİM ÖĞRETİM İNŞAAT NAKLİYE TURİZM MAKİNE MADENCİLİK TARIM GIDA İTHALAT İHRACAT SANAYİ TİCARET LİMİTED ŞİRKETİ,1,1,True,20,physical_security_surveillance,1.0
firm,AKTİF BİLİM EĞİTİM ORGANİZASYON VE İNŞAAT ANONİM ŞİRKETİ,1,1,False,-1,custom_software_web_mobile,1.0
firm,AKTİF DESTEK BİLİŞİMSİSTEMLERİ TİCARET LTD.ŞTİ.,1,1,True,25,network_datacentre_infrastructure,1.0
firm,AKTİF ELEKTROTEKNİKSAN.VE TİC.AŞ.,1,1,True,8,network_datacentre_infrastructure,1.0
firm,AKTİF TELEKOMÜNİKASYON VE OTOMASYON SİSTEMLERİ SANAYİ VE TİCARET LİMİTED ŞİRKETİ,1,1,True,8,custom_software_web_mobile,1.0
firm,AKVA EĞİTİM İNŞAAT ELEKTRONİK KIRTASİYE TEMİZLİK MOBİLYA TAŞIMACILIK SANAYİ VE TİCARET LİMİTED ŞİRKETİ.,1,1,True,0,custom_software_web_mobile,1.0
firm,AKVA EĞİTİM İNŞAAT ELEKTRONİK KIRTASİYE TEMİZLİK MOBİLYA TAŞIMACILIĞI SANAYİ VE TİCARET LİMİTED ŞİRKETİ,1,1,False,-1,custom_software_web_mobile,1.0
firm,AKYOL BİLGİSAYAR BİLİŞİM ULUSLAR ARASI TAŞIMACILIK TARIM ÜRÜNLERİ PETROL ÜRÜNLERİ İTHALAT İHRACAT SANAYİ TİCARET LİMİTED ŞİRKETİ,1,1,False,-1,computers_peripherals,1.0
firm,AKÇAY OTOMASYON ENERJİ ELEKTRİK MÜHENDİSLİK İNŞAAT SANAYİ TİCARET LİMİTED ŞİRKETİ,3,3,False,-1,smart_city_traffic_OT,2.0
firm,AL.KEN TEM.BİLG.İNŞA TURİZM.OTO KİRALA.SA N.TİC.LTD.ŞTİ.,1,2,True,29,maintenance_support_services,1.0
firm,ALAATTİN BİLİŞİM VE OTOMASYON HİZMETLERİ LİMİTED ŞİRKETİ,1,1,False,-1,software_licences,1.0
firm,ALANGOYA BİLGİ TEKNOLOJİLERİ YAZILIM BİLGİSAYAR EĞİTİM DANIŞMANLIK HİZMETLERİ SANAYİ VE TİCARET LİMİTED ŞİRKETİ,2,2,True,0,custom_software_web_mobile,2.0
firm,ALANYA BURAK BİLGİSAYAR TEKNOLOJİLERİ TURİZM TİCARET VE SANAYİ LTD.ŞTİ.,1,1,False,-1,physical_security_surveillance,1.0
firm,ALBASOFT BİLİŞİM TEKNOLOJİLERİ ARGE MİMARLIK İNŞAAT ELEKTRİK ELEKTRONİK MAKİNA GIDA EĞİTİM DANIŞMANLIK SANAYİ VE TİCARET LİMİTED ŞİRKETİ,1,1,False,-1,custom_software_web_mobile,1.0
firm,ALCHEMY SMART BİLGİ TEKNOLOJİLERİ SANAYİ VE TİCARET LİMİTED ŞİRKETİ,1,1,True,35,education_technology,1.0
firm,ALDEMİRLER HAYVAN ÜRÜNLERİ GIDA MADDELERİ DAYANIKLI TÜKETİM ZİRAİ VE ORMAN ÜRÜNLERİ MADEN TEMİZLİK AKARYAKIT ÖZEL GÜVENLİK TAŞIMACILIK ACENTE İTHALAT İHRACAT TİCARET TURİZM SANAYİ LİMİTED ŞİRKETİ,1,1,False,-1,maintenance_support_services,1.0
firm,ALERTA ELEKTRONİK VE MÜHENDİSLİK TAAHHÜT TİCARET ANONİM ŞİRKETİ,3,3,True,24,physical_security_surveillance,1.0
firm,ALFABE İLETİŞİM VE H ALKLA İLİŞKİLER LTD. ŞTİ.,1,1,True,6,maintenance_support_services,1.0
firm,ALGAN YAZILIM VE BİLİŞİM MAKİNA ELEKTRONİK HAYVANCILIK TİCARET LİMİTED ŞİRKETİ,3,3,True,21,ERP_management_software,2.0
firm,ALKAN GÜVENLİK TEMİZ İNŞ.GI.TA.SOS.Hİ SAN.VE TİC.LTD.Ş,2,2,True,28,health_information_systems,2.0
firm,ALKAR GÜVENLİK VE SO S.HZM.İNŞ.TRZ.Tİ C.LTD.ŞTİ.,1,1,False,-1,maintenance_support_services,1.0
firm,ALKAYA ELEKTRONİK SANAYİ VE TİC.LTD.ŞTİ.,3,5,True,10,computers_peripherals,2.0
firm,ALLGEIER BİLGİ İŞLEM SİSTEM.DANIŞ.VE TİC.LTD.ŞTİ.,1,1,True,5,software_licences,1.0
firm,ALM BİLGİSAYAR SAN. TİC.LTD ŞTİ.,1,1,True,10,computers_peripherals,1.0
firm,ALMER ORGANİZASYON TURİZM İNŞAAT TAŞIMACILIK GIDA SANAYİ VE TİCARETLİMİTED ŞİRKETİ,1,1,False,-1,computers_peripherals,1.0
firm,ALMERA BİLİŞİM SANAY İ VE TİC.LTD.ŞTİ,2,2,True,11,computers_peripherals,1.0
firm,ALNİS GIDA TEKNOLOJİ VE LOJİSTİK TİCARET ANONİM ŞİRKETİ,1,1,True,4,maintenance_support_services,1.0
firm,ALP SESLENDİRME ÇANAK ANTEN GÜV.İLETİŞİMSAN.TİC.LTD.ŞTİ.,1,2,False,-1,physical_security_surveillance,1.0
firm,ALPATA TEKNOLOJİ YAZILIM VE BİLİŞİM HİZMETLERİ SANAYİ VE TİCARET ANONİM ŞİRKETİ,2,2,True,0,custom_software_web_mobile,2.0
firm,ALPDATA BİLGİSAYAR YAZILIM DONA.SİS.VE MED.PAZ.VE TİC.LTD.ŞT,11,14,True,1,health_information_systems,3.0
firm,ALSANCAK DIJITAL BASKI BİLGİSAYAR SİSTEMLERİ İTHALAT İHRACAK SANAYİ VE TİCARET LİMİTED ŞİRKETİ,1,1,True,29,software_licences,1.0
firm,ALSAY İLETİŞİM ELEKTRONİK GIDA İNŞ.SAN.TİC.LTD.ŞTİ.,5,9,True,25,custom_software_web_mobile,4.0
firm,ALSİN ALARM İZLEME HİZMETLERİ ANONİM ŞİRKETİ,1,1,True,6,computers_peripherals,1.0
firm,ALTAR ELEKTRONİK TEK NOLOJİ SAN.VE Tİ C.LTD.ŞTİ.,5,5,True,2,custom_software_web_mobile,2.0
firm,ALTERNATİF BİLGİSAYAR YAZILIM YATIRIM VE YÖNETİM DANIŞMANLIK HİZMETLERİ LİMİTED ŞİRKETİ,1,1,False,-1,ERP_management_software,1.0
firm,ALTERNATİF BİLGİSAYAR YAZILIM YATIRIM VE YÖNETİM DANIŞMANLIĞI HİZMETLERİ LİMİTED ŞİRKETİ,1,1,True,10,ERP_management_software,1.0
firm,ALTINAY BİLGİSAYAR VE TEKNOLOJİ ÜRÜNLERİ GIDA İNŞAAT TAAHHÜT TURİZM TİCARET LİMİTED ŞİRKETİ.,1,3,False,-1,computers_peripherals,1.0
firm,ALTINOVA ELEKTRONİK BİLİŞİM VE İLETİŞİM TEKNOLOJİLERİ DANIŞMANLIK MİMARLIK BİLGİSAYAR İNŞAAT TAAHHÜT İÇ VE DIŞ TİCARET LİMİTED ŞİRKETİ,1,1,True,39,network_datacentre_infrastructure,1.0
firm,ALTO TEKNOLOJİ BİLİŞİM ÇÖZÜMLERİ SANAYİ VE DIŞ TİCARET LİMİTED ŞİRKETİ,30,63,True,8,software_licences,9.0
firm,ALTUS BİLİŞİM HİZMETLERİ ANONİM ŞİRKETİ,4,8,True,2,ERP_management_software,2.0
firm,ALTUS YAZILIM DESTEK VE DANIŞMANLIK HİZME LTD ŞTİ,1,2,True,0,maintenance_support_services,1.0
firm,ALTİVA YAZILIM VE BİLGİ SİSTEMLERİ ELEKTRONİK TIBBİ MALZEME TURİZM İNŞAAT MAKİNA BANAYİ TİCARET LİMİTED ŞIRKETİ,8,8,True,36,health_information_systems,1.0
firm,"ALTİVA YAZILIM VE BİLGİ SİSTEMLERİ ELEKTRONİK TIBBİ MALZEME TURİZM İNŞAAT MAKİNA SANAYİ TİCARET LİMİTED ŞIRKETİ, METASOFT BİLGİSAYAR BİLGİ İŞLEM HİZMETLERİ SANAYİ VE TİCARET LİMİTED ŞİRKETİ Ortak Girişimi",1,1,True,1,health_information_systems,1.0
firm,ALYAMİN ENERJİ BİLİŞİM SİSTEMLERİ TAAHHÜT SANAYİ VE DIŞ TİCARET LİMİTED ŞİRKETİ,2,4,True,19,physical_security_surveillance,1.0
firm,ALİMA FİLM YAPIM ENERJİ TARIM İNŞAAT SANAYİ VE TİCARET ANONİM ŞİRKETİ,1,1,False,-1,custom_software_web_mobile,1.0
firm,ALİN BİLİŞİM KIRTASİYE GIDA TEMİZLİK TURİZM TAŞIMACILIK İNŞAAT SANAYİ VE TİCARET LİMİTED ŞİRKETİ,1,1,True,30,other_IT,1.0
firm,AMC-PRO SİSTEM ENTEGRASYON SANAYİ VE TİC.LTD.ŞTİ.,2,3,True,27,computers_peripherals,2.0
firm,AMP YAZILIM SANAYİ VE TİCARET LTD.ŞTİ.,2,2,True,2,GIS_city_information,2.0
firm,AMR YEMEKÇİLİK TEMİZLİK SPOR PEYZAJ BİLGİSAYAR ÖZEL SAĞLIK TİCARET VE SANAYİLİMİTED ŞİRKETİ,1,1,False,-1,other_IT,1.0
firm,ANADEĞER KENT EKİPMANLARI İLAÇLAMA BİLİŞİM HİZMETLERİ TEMİZLİK VE İNŞAAT SANAYİ TİCARET LİMİTED ŞİRKETİ,1,1,True,3,computers_peripherals,1.0
firm,ANADOLU AJANSI TÜRK ANONİM ŞİRKETİ,1,1,False,-1,cybersecurity,1.0
firm,ANADOLUNET DİJİTAL YAPI SERVİSLERİ ANONİM ŞİRKETİ,1,3,True,3,maintenance_support_services,2.0
firm,ANALİTİK BİLİŞİM YAZILIM DANIŞMANLIK EĞİTİM HİZMETLERİ TİCARET LİMİTED ŞİRKETİ.,2,2,True,2,ERP_management_software,1.0
firm,ANALİTİK YAZILIM DONANIM BİL.HIZ.SANTİC.LTD.ŞTİ,2,2,True,0,ERP_management_software,1.0
firm,ANALİZ BİLGİSAYAR İNTERNET HİZ.TEKS.SAN.VE TİC.LTD.Ş,2,2,True,30,ERP_management_software,2.0
firm,ANATOLİA BİLGİSAYAR DESTEK HİZMETLERİ BİLİŞİM DANIŞMANLIK SANAYİ VE TİCARET LİMİTED ŞİRKETİ,1,1,True,0,software_licences,1.0
firm,ANAYAZILIM BİLİŞİM V E DANIŞMANLIK Tİ C LTD ŞTİ.,1,1,False,-1,custom_software_web_mobile,1.0
firm,ANCORAX YAZILIM VE TIBBİ CİHAZLAR İMALAT TİCARET LİMİTED ŞİRKETİ,1,1,False,-1,custom_software_web_mobile,1.0
firm,ANKA AKTİF BİLGİS.EL K.ELEKT.YAZ.KR.İNŞ.D T.M.T.M.İ.İ.D.TT.L.,1,1,True,0,computers_peripherals,1.0
firm,ANKA AKTİF BİLGİSAYAR ELEKTRİK ELEKTRONİK YAZILIM KIRTASİYE İNŞAAT VE DAYANIKLI TÜKETİM MALLARI TIBBİ MALZEMELER İTHALAT İHRACAT DANIŞMANLIK TİCARET LİMİTED ŞİRKETİ,5,5,True,0,computers_peripherals,4.0
firm,ANKA BİLİŞİM VE DANIŞMANLIK HİZT.SANTİC.LTD.ŞTİ.,2,2,True,9,GIS_city_information,2.0
firm,ANKA COĞRAFİ BİLGİ T EKNOLOJİLERİ SANAYİ TİC.LTD.ŞTİ.,6,6,True,5,GIS_city_information,2.0
firm,ANKA DANIŞMA GRUBU ANONİM ŞİRKETİ,1,1,False,-1,ERP_management_software,1.0
firm,ANKABETA BİLİŞİM TEKNOLOJİLERİ ANONİM ŞİRKETİ,3,3,True,0,computers_peripherals,3.0
firm,ANKARA BİLGİ TEKNOLOJİLERİ REKLAMCILIK TURİZM SANAYİ VE TİCARET LİMİTED ŞİRKETİ,1,1,True,32,physical_security_surveillance,1.0
firm,ANKARA BİLGİ TEKNOLOJİLERİ REKLAMCILTRZ.SA.VE Tİ.LTD,5,5,True,0,ERP_management_software,3.0
firm,ANKARA DESTEK SOSYAL HİZMETLER SANAYİ VE TİCARET LİMİTED ŞİRKETİ,1,1,True,0,other_IT,1.0
firm,ANKARA EGS ELEKTRİK ELEKTRONİK MİMARLIK MÜHENDİSLİK İNŞAAT SANAYİ VE TİCARET LİMİTED ŞİRKETİ,1,1,True,0,network_datacentre_infrastructure,1.0
firm,ANKARA NETSE İLETİŞİM TEKNOLOJİ YAZILIM SANAYİ TİCARET LİMİTED ŞİRKETİ,1,1,True,1,network_datacentre_infrastructure,1.0
firm,ANKARA TEKNOBİL BİLGİSAY.GÜ.SİS.MÜ.KIR.EL.ELK.SA.VE Tİ.LT.ŞT,1,1,True,9,network_datacentre_infrastructure,1.0
firm,ANKAREF BİLİŞİM TEKN OLOJİLERİ MÜH İM SAN TİC LTD ŞTİ,9,12,True,28,education_technology,4.0
firm,"ANKAREF İNOVASYON VE TEKNOLOJİ ANONİM ŞİRKETİ, ERBUL BİLGİ TEKNOLOJİLERİ ANONİM ŞİRKETİ İş Ortaklığı",1,1,True,1,health_information_systems,1.0
firm,"ANKAREF İNOVASYON VE TEKNOLOJİ ANONİM ŞİRKETİ, ORDULU BİLGİ TEKNOLOJİLERİ ANONİM ŞİRKETİ İş Ortaklığı",1,1,True,1,health_information_systems,1.0
firm,ANKATUR ORGANİZASYON SEYAHAT TURİZM OTOMOTİV SANAYİ VE TİCARET LİMİTED ŞİRKETİ,1,1,True,15,computers_peripherals,1.0
firm,ANKET ANKARA KÜLTÜR TURİZM ETKİNLİKLERİ TEKSTİL TEMİZLİK ORGANİZASYON HİZMETLERİ RESTORASYON VE İNŞAAT TİCARET ANONİM ŞİRKETİ,1,1,False,-1,other_IT,1.0
firm,ANKON MİMARLIK MÜHENDİSLİK İNŞAAT SAN VE TİC.LTD.ŞTİ,1,1,False,-1,physical_security_surveillance,1.0
firm,ANLAŞ OTOMASYON BİLGİSAYAR MÜHENDİSLİK SANAYİ VE TİCARET LİMİTED ŞİRKETİ,1,1,True,19,education_technology,1.0
firm,ANOT ELEKTRİK ELEKT. OTOMAS.SAN.VE Tİ C.LTD.ŞTİ.,1,1,False,-1,custom_software_web_mobile,1.0
firm,ANOVA ARGE TEKNOLOJİLERİ SANAYİ VE TİCARET ANONİM ŞİRKETİ,1,1,True,11,custom_software_web_mobile,1.0
firm,ANSA OTOMASYON BİLGİ SAYAR MÜHENDİSLİ K SAN.TİC.LTD.ŞT,2,2,True,18,computers_peripherals,2.0
firm,ANT TEKNİK CİHAZLARPAZARLAMA VE DIŞTİC.LTD.ŞTİ.,1,1,True,7,network_datacentre_infrastructure,1.0
firm,ANT-BİM BİLGİSAYAR HİZMETLERİ TİC.LTD.ŞTİ.,1,1,False,-1,ERP_management_software,1.0
firm,ANTALYA MEDİAN SAĞLIK ÜRÜNLERİ TURİZM SANAYİ TİCARET LİMİTED ŞİRKETİ,1,1,False,-1,custom_software_web_mobile,1.0
firm,ANTASYA YAZILIM BİLGİSAYAR VE ELEKRONİK SİSTEMLERİ İLETİŞİM ENERJİ İNŞAAT MEDİKAL TİCARET LTD ŞTİ,1,1,True,11,education_technology,1.0
firm,ANTE GRUP ELEKTRİK ELEKTRONİK BİLİŞİM İNŞAAT DANIŞMANLIK SANAYİ VE TİCARET LİMİTED ŞİRKETİ.,2,2,True,3,ERP_management_software,2.0
firm,ANTE SAVUNMA ELEKTRONİK VE GÜVENLİK TEKNOLOJİLERİ SANAYİ TİCARET ANONİM ŞİRKETİ,1,1,True,0,physical_security_surveillance,1.0
firm,ANİTEC TEKNOLOJİ VE MÜHENDİSLİK ANONİM ŞİRKETİ,1,1,False,-1,ERP_management_software,1.0
firm,AOG BİLİŞİM İLETİŞİM GÜVENLİK SİSTEMLERİ SANAYİ VE TİCARET LİMİTED ŞİRKETİ,1,1,True,3,computers_peripherals,1.0
firm,AORT SAĞLIK HİZMETLERİ VE BİLGİ İŞLEM SİSTEMLERİ TURİZM İNŞAAT SANAYİ TİCARET LİMİTED ŞİRKETİ,1,1,True,14,computers_peripherals,1.0
firm,APAZ MEDİKAL ÜRÜN VE BİLİŞİM PROĞRAMLAMA SANAYİ TİCARET LİMİTED ŞİRKETİ,3,4,True,32,health_information_systems,1.0
firm,APAZ MEDİKAL ÜRÜN VE BİLİŞİM YAZILIM SANAYİ VE TİCARET ANONİM ŞİRKETİ,5,7,True,12,health_information_systems,1.0
firm,APEKS YAZILIM DANIŞMANLIK VE DONANIM HİZMETLERİ PAZARLAMA TİCARET LİMİTED ŞİRKETİ,2,2,False,-1,ERP_management_software,2.0
firm,APHEL BİLİŞİM HİZMETLERİ DANIŞMANLIK TİCARET LİMİTED ŞİRKETİ,22,28,True,3,call_centre_helpdesk,6.0
firm,APPS AKADEMİ YAZILIM SANAYİ TİCARET LİMİTED ŞİRKETİ,1,2,True,8,software_licences,1.0
firm,APPSCON BİLİŞİM HİZMETLERİ SAN.TİC.LTD.ŞTİ.,1,2,True,16,ERP_management_software,1.0
firm,APRO BİLGİ TEKNOLOJİLERİ ANONİM ŞİRKETİ,1,1,True,9,computers_peripherals,1.0
firm,APRON TEKNOLOJİ ANONİM ŞİRKETİ,2,2,True,16,custom_software_web_mobile,2.0
firm,ARAL İKLİMLENDİRME TEMİZLİK İNŞAAT TARIM İZOLASYON BİLGİSAYAR SANAYİ VE TİCARET LİMİTED ŞİRKETİ,1,1,True,12,other_IT,1.0
firm,ARBE BİLGİSAYAR YAZILIM TİCARET LİMİTED ŞİRKETİ,2,2,True,8,ERP_management_software,1.0
firm,ARCEON ELEKTRONİK Sİ STEMLERİ VE TEKN SAN.VE TİC.LTD.Ş,1,1,True,0,physical_security_surveillance,1.0
firm,ARD GRUP BİLİŞİM MEDİKAL DANIŞMANLIK TİCLTD ŞTİ,2,3,True,2,GIS_city_information,3.0
firm,ARD GRUP BİLİŞİM TEKNOLOJİLERİ ANONİM ŞİRKETİ,4,5,True,0,ERP_management_software,4.0
firm,ARESS TURUZM REKLAMCILIK DANIŞMANLIK İNŞAAT EĞİTİM İTHALAT İHRACAT TİCARET LİMİTED ŞİRKETİ,1,1,True,2,custom_software_web_mobile,1.0
firm,ARF BİLGİ TEKNOLOJİL ERİ YAZ.EĞT.VE D AN.HİZ.TC.LTD.ŞT,1,1,False,-1,ERP_management_software,1.0
firm,ARG GRUP BİLİŞİM TEKNOLOJİLERİ TİCARET LİMİTED ŞİRKETİ,2,2,True,0,GIS_city_information,1.0
firm,ARGA BİLİŞİM ELEKTRONİK MAKİNA HAYVANCILIK TİC. LTD.ŞTİ.,1,1,False,-1,ERP_management_software,1.0
firm,ARGE GRUP BİLİŞİM İN Ş MAK.ELEK.TEKS. SAN.VE TİC.LTD.Ş,1,1,True,18,cybersecurity,1.0
firm,ARGE İNOVASYON ARAŞTIRMA GELİŞTİRME ENERJİ YÖNETİMİ VE ÖZEL EĞİTİM ÖZEL SAĞLIK HİZMATLERİ DANIŞMANLIK LİMİTED ŞİRKETİ,1,1,False,-1,education_technology,1.0
firm,ARGEDE BİLİŞİM TEKNOLOJİLERİ SANAYİ VE TİCARET LİMİTED ŞİRKETİ,1,1,True,0,maintenance_support_services,1.0
firm,ARGELİNE TEKNİK EĞİTİM CİHAZLARI SANAYİ VE TİCARET LİMİTED ŞİRKETİ,1,1,False,-1,computers_peripherals,1.0
firm,ARGEM YAZILIM VE DANIŞMANLIK TİCARET LİMİTED ŞİRKETİ,1,2,True,0,custom_software_web_mobile,1.0
firm,ARGEMSAN EĞİTİM TEKNOLOJİLERİ SANAYİ VE TİCARET A.Ş.,1,1,False,-1,other_IT,1.0
firm,ARGETE YAZILIM BİLİŞİM SANAYİ VE TİCARET LİMİTED ŞİRKETİ LİMİTED ŞİRKETİ,1,1,True,10,maintenance_support_services,1.0
firm,ARGOSIA TEKNOLOJİ DANIŞMANLIK YAZ.PAZ.TİC.LTD.ŞTİ.,1,1,True,3,custom_software_web_mobile,1.0
firm,ARGUS TEKNOLOJİ BİLİŞİM SANAYİ TİCARET ANONİM ŞİRKETİ,1,2,True,11,ERP_management_software,2.0
firm,ARIKAN GRUP GIDA DANIŞMANLIĞI SERBEST GIDA MÜŞAVİRLİĞİ MÜHENDİSLİK HİZMETLERİ BİLİŞİM TEKNOLOJİLERİ GIDA TARIM VE HAYVANCILIK LİMİTED ŞİRKETİ,2,2,True,11,ERP_management_software,2.0
firm,ARK BİLİŞİM MEDİKAL SANAYİ VE TİCARET LİMİTED ŞİRKETİ,3,6,True,32,health_information_systems,1.0
firm,ARKENOM TEKNOLOJİ HİZMETLERİ SANAYİ VE TİCARET ANONİM ŞİRKETİ,5,8,True,25,network_datacentre_infrastructure,3.0
firm,ARKSOFT BİLİŞİM TEKNOLOJİ TİCARET SANAYİ ANONİM ŞİRKETİ,1,2,True,0,ERP_management_software,2.0
firm,ARKSİGNER YAZILIM VE DONANIM SANAYİ TİCARET ANONİM ŞİRKETİ,3,3,True,3,custom_software_web_mobile,3.0
firm,ARMA 1 SOSYAL VE PERSONEL HİZMETLERİ TEMİZLİK SAĞLIK TAŞIMACILIK BİLİŞİM GIDA SPOR TEKSTİL İMALAT SANAYİ VE TİCARET LİMİTED ŞİRKETİ,1,1,True,2,other_IT,1.0
firm,ARMADA YAZILIM ANONİM ŞİRKETİ,1,1,False,-1,software_licences,1.0
firm,ARMAKOM BİLİŞİM TEKNOJİLERİ ANONİM ŞİRKETİ,12,14,True,21,ERP_management_software,6.0
firm,ARMASİS BİLGİ TEKNOLOJİLERİ İLETİŞİM SANVE TİC.LTD.ŞTİ,2,2,True,4,network_datacentre_infrastructure,2.0
firm,ARMY BASKI TEKNOLOJİLERİ SANAYİ VE TİCARET LİMİTED ŞİRKETİ,1,1,True,8,other_IT,1.0
firm,ARMİN DANIŞMANLIK BİLİŞİM VE EĞİTİM HİZMETLERİ LİMİTED ŞİRKETİ,1,1,True,11,ERP_management_software,1.0
firm,ARNECA DANIŞMANLIK VE TİC.LTD.ŞTİ.,1,1,True,4,custom_software_web_mobile,1.0
firm,ARNİL-NET BİLGİSAYAR İLETİŞİM HİZMETLERİ YAZILIM TURİZM SANAYİ VE TİCARET LİMİTED ŞİRKETİ,17,43,True,14,health_information_systems,2.0
firm,AROX BİLİŞİM SİSTEML ERİ ANONİM ŞİRKETİ,1,1,False,-1,custom_software_web_mobile,1.0
firm,ARPHIS SOSYAL HİZMETLER LTD.ŞTİ.,1,1,False,-1,other_IT,1.0
firm,ARSİS BİLİŞİM PRODÜK SİYON VE REKLAM HİZM LTD ŞTİ.,1,1,True,25,computers_peripherals,1.0
firm,ART TELEKOM SANAYİ VE TİCARET LTD.ŞTİ,2,2,True,13,network_datacentre_infrastructure,2.0
firm,ART1 SİSTEM YAZILIM BİLİŞİM EĞİTİM DANIŞMANLIK SANAYİ VE TİCARET LİMİTED ŞİRKETİ,1,1,True,2,custom_software_web_mobile,1.0
firm,ARTBİL BİLGİSAYAR Sİ STEMLERİ YAYIN İ NŞ.TURZ.T.LTD.ŞT,1,1,True,3,ERP_management_software,1.0
firm,ARTBİL BİLGİSAYAR SİSTEMLERİ YAYINCILIK İNŞAAT TURİZM SANAYİ VE TİCARET LİMİTED ŞİRKETİ,2,2,True,3,ERP_management_software,1.0
firm,ARTEK GRUP BİLİŞİM BÜRO MALZEMELERİ TİCARET LİMİTED ŞİRKETİ,4,4,True,30,network_datacentre_infrastructure,3.0
firm,ARTEKA BİLİŞİM TİCARET LİMİTED ŞİRKETİ,3,3,True,35,computers_peripherals,3.0
firm,ARTEM GRUP SOSYAL HİZM.BİLGİ VERİ OTOMASİNŞ.SAN.VE TİC.LTD.Ş,1,1,True,12,health_information_systems,1.0
firm,ARTI BİLİŞİM TEKNOLOJİLERİ BİLGİSAYAR ELEKTRONİK VE OTOMASYON SİSTEMLERİ DIŞ TİCARET PAZARLAMA LİMİTED ŞİRKETİ,1,2,True,2,software_licences,1.0
firm,ARTI SİSTEM TURİZM TAŞIMACILIK NAKLİYE OTOMOTİV İNŞAAT EMLAK SANAYİ VE TİCARET LİMİTED ŞİRKETİ.,1,1,True,0,ERP_management_software,1.0
firm,ARTI TEK. BORA TAYFUN ŞAHİNOĞLU SÜLEYMANŞAHİNOĞLU KOLL.ŞTİ.,1,1,True,3,ERP_management_software,1.0
firm,ARTI TELEKOMÜNİKASYON ELEKTRİK ELEKTRONİK İNŞAAT TURİZM SANAYİ VE TİCARET LİMİTED ŞİRKETİ,1,1,True,2,call_centre_helpdesk,1.0
firm,ARTI VE ARTI TEKNOLOJİ HİZM.SAN.TİC.AŞ,9,12,True,0,computers_peripherals,4.0
firm,ARTPRO TEKNOLOJİ LİMİTED ŞİRKETİ,1,1,True,7,network_datacentre_infrastructure,1.0
firm,ARTİST FİLM PRODÜKSİ YON SANAYİ TİCARET L TD.ŞTİ.,1,1,True,0,custom_software_web_mobile,1.0
firm,ARVENTO MOBİL SİSTEMLER ANONİM ŞİRKETİ,4,4,True,13,smart_city_traffic_OT,2.0
firm,ARY DANIŞMANLIK YAZILIM VE TİCARET ANONİM ŞİRKETİ,1,1,False,-1,software_licences,1.0
firm,ARYA BİLGİ TEKNOLOJİLERİ LİMİTED ŞİRKETİ,1,1,True,25,computers_peripherals,1.0
firm,ARYASOFT BİLGİ TEKNOLOJİLERİ YAZILIM VE DANIŞMANLIK SANAYİ TİCARET LİMİTED ŞİRKETİ,1,2,True,29,custom_software_web_mobile,2.0
firm,ARÇAM TEMİZLİK MEDİKAL GIDA İNŞAAT TURİZM BİLGİSAYAR KRTASİYE SANAYİ TİCARAT LİMİTED ŞİRKETİ,1,1,True,35,other_IT,1.0
firm,"ARÇAM TEMİZLİK MEDİKAL GIDA İNŞAAT TURİZM BİLGİSAYAR KRTASİYE SANAYİ TİCARAT LİMİTED ŞİRKETİ, ZENİ SOSYAL HİZMETLER BİLGİSAYAR TAŞIMACILIK TEMİZLİK OTOMOTİV SANAYİ TİCARET LİMİTED ŞİRKETİ. İş Ortaklığı",2,2,True,30,other_IT,1.0
firm,ARİON BİLİŞİM SİSTEM LERİ TİC.A.Ş.,1,1,True,39,network_datacentre_infrastructure,1.0
firm,ARŞİVİST DİZAYN ARŞİV KÜTÜPHANE BELGE BİLGİ YÖNETİMİ VE BİLİŞİM SİSTEMLERİ LİMİTED ŞİRKETİ,3,3,True,39,ERP_management_software,1.0
firm,AS BİLİŞİM TEKNOLOJİ ÜRÜNLERİ ELEKRONİK PAZARLAMA VE TİCARET LTD.ŞTİ.,1,1,True,28,computers_peripherals,1.0
firm,AS GRUP TAAHHÜT ÖZEL SAĞLIK TURİZM İNŞAAT NAKLİYAT SANAYİ VE TİCARET LİMİTED ŞİRKETİ,1,4,True,30,other_IT,1.0
firm,AS MÜHENDİSLİK MEDİKAL ÖZEL SAĞLIK VE ERİŞİM HİZMETLERİ İNŞAAT SANAYİ VE TİCARET LİMİTED ŞİRKETİ,1,1,True,7,custom_software_web_mobile,1.0
firm,AS&amp;G MÜH.MİM.İNŞ.TAH DAN.MED.ÖZ.SAĞ.H.MOB Ö.EĞ.RH.ET.H.TŞ.LT.Ş,1,1,True,5,network_datacentre_infrastructure,1.0
firm,AS-DAB MÜTEAHHİTLİK TEMİZLİK OTOMASYON GÜVENLİK NAKLİYE OTOMATİV MADEN GIDA TARIM SARRAFİYE TURİZM YEMEK SANAYİ VE TİCARET LİMİTED ŞİRKETİ,1,1,True,30,network_datacentre_infrastructure,1.0
firm,ASA BİLGİ VE GÜVENLİK SİSTEMLERİ ELEKTRİK ELEKTRONİK İNŞAAT İNSAN KAYNAKLARI GIDA SANAYİ VE TİCARET LİMİTED ŞİRKETİ,1,1,True,27,physical_security_surveillance,1.0
firm,ASAY İLETİŞİM HİZMETLERİ SANAYİ VE TİCARET ANONİM ŞİRKETİ,1,1,True,33,network_datacentre_infrastructure,1.0
firm,ASELSAN ELEKTRONİK SANAYİ VE TİC.A.Ş.,3,4,True,0,smart_city_traffic_OT,1.0
firm,ASELSANNET ELEKTRONİK VE HABERLEŞME SİS.S.TC.İN.TAAH.LTD.ŞTİ,1,1,True,23,physical_security_surveillance,1.0
firm,ASELSANNET ELEKTRONİK VE HABERLEŞME SİSTEMLERİ SANAYİ TİCARET İNŞAAT VE TAAHHÜT LTD.ŞTİ.,2,2,True,23,GIS_city_information,2.0
firm,ASF BİLİŞİM TEKNOLOJİLERİ DANIŞMANLIK HİZMETLERİ SANAYİ VE TİCARET LİMİTED ŞİRKETİ,2,2,True,11,computers_peripherals,2.0
firm,ASIR BİLGİSAYAR SİSTEMLERİ SAN.VE TİC.LTD.ŞTİ.,1,1,True,4,ERP_management_software,1.0
firm,ASIR DİGİTAL BİLGİ SİSTEMLERİ ANONİM ŞİRKETİ,4,4,True,11,computers_peripherals,3.0
firm,ASMİN SOSYAL HİZMETLER ÖZEL EĞİTİM GIDAİ NŞAAT İNSAN KAYNAKLARI VE TAAHHÜT NAKLİYE SANAYİ VE TİCARET LİMİTED ŞİRKETİ,1,1,True,1,cybersecurity,1.0
firm,ASOS EĞİTİM BİLİŞİM DANIŞMANLIK OTOMASYON YAYINCILIK REKLAM SANAYİ VE TİCARET LİMİTED ŞİRKETİ,1,1,True,22,maintenance_support_services,1.0
firm,ASP OTOMASYON ANONİM ŞİRKETİ,1,1,False,-1,smart_city_traffic_OT,1.0
firm,ASSECO SEE TEKNOLOJİ ANONİM ŞİRKETİ,1,2,True,11,call_centre_helpdesk,1.0
firm,AST SAVUNMA SANAYİ ANONİM ŞİRKETİ,1,1,True,23,physical_security_surveillance,1.0
firm,ASTAŞ ENDÜSTRİ TEKSTİL MAKİNALARI SANAYİ VE TİC.A.Ş.,1,1,False,-1,custom_software_web_mobile,1.0
firm,ASYA EĞİTİM TURİZM PROD.NAK.İNŞ.SAN.VE TİC.LTD.ŞTİ.,1,1,True,0,other_IT,1.0
firm,ASYA LOJİSTİK İNŞAAT YAK.GID.TEKS.TEM.SAN .VE TİC. LTD.ŞTİ,1,1,True,28,maintenance_support_services,1.0
firm,ASİA ELEKTRİK İNŞAAT HAYVANCILIK TELEKOMİNİKASYON HİZMETLERİ VE MADENCİLİK SANAYİ TİCARET LİMİTED ŞİRKETİ.,1,1,False,-1,physical_security_surveillance,1.0
firm,ASİS ELEKTRONİK VE BİLİŞİM SİSTEMLERİ ANONİM ŞİRKETİ,1,1,True,20,smart_city_traffic_OT,1.0
firm,ASİS GRUP YAZILIM DONANIM GIDA KİMYA ELEKTRİK VE ELEKTRONİK SANAYİ VE TİCARET LİMİTED ŞİRKETİ,1,1,False,-1,custom_software_web_mobile,1.0
firm,ASİS SAVUNMA TEKNOLOJİLERİ TİCARET ANONİM ŞİRKETİ,1,1,True,0,physical_security_surveillance,1.0
firm,ASİST BİLGİ TEKNOLOJİLERİ ANONİM ŞİRKETİ,1,1,True,33,maintenance_support_services,1.0
firm,ASİST BİLGİ TEKNOLOJİLERİ VE ELKTRONİK HABERLEŞME LİMİTED ŞİRKETİ.,4,4,True,5,call_centre_helpdesk,4.0
firm,ATA BİLGİSAYAR VE ELEKTRONİK SİSTEM.SAN.LTD.ŞTİ.,1,1,False,-1,computers_peripherals,1.0
firm,ATA BİLİŞİM SANAYİ V E TİC.LTD.ŞTİ.,2,3,True,12,maintenance_support_services,1.0
firm,ATA GRUP SOS.HİZ.TEMGID.BİL.PEY.İLETEĞT.ORG.TİC.LTD.,1,1,True,0,maintenance_support_services,1.0
firm,ATAY MÜHENDİSLİK TEKNİK İŞLEMLER SANAYİ VE TİCARET LİMİTED ŞİRKETİ,1,1,False,-1,custom_software_web_mobile,1.0
firm,ATHENA BİLİŞİM ÇÖZÜMLERİ TİCARET LİMİTED ŞİRKETİ,1,1,True,33,software_licences,1.0
firm,ATIKNAKİT GERİ DÖNÜŞÜM LİMİTED ŞİRKETİ,8,9,True,3,custom_software_web_mobile,4.0
firm,ATILGAN SİNYALİZASYON ELEKTR.ELEKTRO.İNŞ.İTH.İHR.SAN.VE TİC.LTD.ŞTİ,1,1,True,0,smart_city_traffic_OT,1.0
firm,ATLANTİK BİLGİSAYARİLETİŞİM MED.TU.BÜ.İT.İH.T.LT.ŞT,2,2,True,7,custom_software_web_mobile,2.0
firm,ATLANTİS DOĞU BİLGİSAYAR İNŞ.MEDİKAL SANTİC LTD ŞTİ,3,5,True,13,GIS_city_information,5.0
firm,ATLANTİS İNSAN KAYNAKLARI TİCARET LİMİTED ŞİRKETİ,1,1,True,11,other_IT,1.0
firm,ATLAS BİLİŞİM MÜHEND İSLİK ELEK.SAN.T İC.LTD.ŞTİ.,1,1,False,-1,computers_peripherals,1.0
firm,ATLAS KURUMSAL BİLİŞİM EĞİTİM MEDİKAL SANAYİ VE TİCARET LİMİTED ŞİRKETİ,1,1,True,2,software_licences,1.0
firm,ATLAS YEMEK VE YEMEKHANE HİZMETLERİ PEYZAJ TEMİZLİK HİZMETLERİ TEKSTİL BİLGİSAYAR HİZMETLERİ TİCARET VE SANAYİ LİMİTED ŞİRKETİ,1,1,False,-1,other_IT,1.0
firm,ATMACA TEMİZLİK SOSY AL HİZ.BİL.İNŞ.T AAH.SAN.VE TİC.L,1,2,False,-1,health_information_systems,1.0
firm,ATOM YAZILAM DANIŞMANLIK BİLGİSAYAR ELEKTİRİK İLETİŞİM HİZMET İŞLETMELERİ TURUZM SANAYİ VE TİCARET LİMİTED ŞİRKETİ,1,1,False,-1,computers_peripherals,1.0
firm,ATOS BİLİŞİM DANIŞMANLIK VE MÜŞTERİ HİZMETLERİ SANAYİ VE TİCARET ANONİM ŞİRKETİ,3,3,True,3,ERP_management_software,1.0
firm,ATOS BİLİŞİM VE DANIŞMANLIK ANONİM ŞİRKETİ,2,3,True,10,ERP_management_software,3.0
firm,ATR SAĞLIK TEKNİK SİSTEMLERİ İNŞAATSAN.TİC.LTD.ŞTİ.,1,1,True,14,other_IT,1.0
firm,ATİ YAZILIM TEKNOLOJİ VE DANIŞMANLIK HİZMETLERİ SANAYİ TİCARET LİMİTED ŞİRKETİ,1,1,False,-1,custom_software_web_mobile,1.0
firm,ATİUS İNOVASYON VE İLERİ TEKNOLOJİ ÇÖZÜMLERİ LİMİTED ŞİRKETİ,1,1,False,-1,cybersecurity,1.0
firm,AURALET ICT YAZILIM VE ELEKTRONİK TİCARET LİMİTED ŞİRKETİ,1,1,True,11,custom_software_web_mobile,1.0
firm,AURE YAZILIM BİLİŞİMSANAYİ VE TİCARET LİMİTED ŞİRKETİ,1,1,True,9,custom_software_web_mobile,1.0
firm,AVATEK YAZILIM VE BİLGİ İŞLEM TEKNOLOJİLERİ DANIŞMANLIK SANAYİ TİCARET LİMİTED ŞİRKETİ,1,2,True,0,ERP_management_software,1.0
firm,AVD TEKNOLOJİK ÇÖZÜMLER SANAYİ VE TİCARET LİMİTED ŞİRKETİ,2,2,True,3,network_datacentre_infrastructure,2.0
firm,AVE BİLİŞİM YAZILIM DANIŞMANLIK TAAHHÜT İÇ VE DIŞ TİCARET ANONİM ŞİRKETİ,2,4,True,0,maintenance_support_services,2.0
firm,AVEGS GÜVENLİK SİSTEMLERİ SANAYİ VE TİCARET LİMİTED ŞİRKETİ,2,2,True,2,computers_peripherals,2.0
firm,AVES YAYINCILIK LTD.ŞTİ.,2,3,False,-1,network_datacentre_infrastructure,1.0
firm,AVEZ ELEKTRONİK İLET İŞİM EĞİTİM DANI ŞMANLIĞI TİC.AŞ.,5,7,True,11,education_technology,3.0
firm,AVKOM TEKNOLOJİ BİLG İSAYAR VE ELEKT.SİST SAN.VE TİC.A.Ş.,2,2,True,2,custom_software_web_mobile,2.0
firm,AVİKON ELEKTRONİK YAZILIM VE ENERJİ SANAYİ TİCARET LİMİTED ŞİRKETİ,1,1,True,25,call_centre_helpdesk,1.0
firm,AXPART BİLİŞİM ANONİM ŞİRKETİ,4,12,True,4,ERP_management_software,3.0
firm,AY ELEKTRONİK BİLGİS AYAR VE MÜH.HİZ. TİC.LTD.ŞTİ.,9,17,True,1,health_information_systems,2.0
firm,AYATEK TEKNOLOJİ YAZILIM BİLGİS.ELK.TELKİNŞ.SAN.VE TİC.LTD.Ş,1,1,True,3,ERP_management_software,1.0
firm,AYAZ TEKNOLOJİ SİSTEMLERİ SANAYİ VE TİCARET LİMİTED ŞİRKETİ,1,3,True,3,computers_peripherals,1.0
firm,AYBEST BİLGİSAYAR SİSTEMLERİ MADENCİLİK TEKSTİL GIDA TEMİZLİK GÜVENLİK MEDİKAL SANAYİ VE DIŞ TİCARET LİMİTED ŞİRKETİ,1,1,True,12,ERP_management_software,1.0
firm,AYBÜ MÜHENDİSLİK ORMANCILIK SANAYİ VE TİCARET LİMİTED ŞİRKETİ,1,1,False,-1,custom_software_web_mobile,1.0
firm,AYCAN ALARM GÜVENLİK SİSTEMLERİ BİLGİSAYAR İNŞAAT İTHALAT İHRACAT PAZARLAMA SANAYİ VE TİCARET ANONİM ŞİRKETİ,2,2,True,6,physical_security_surveillance,1.0
firm,AYDAN İSTANBUL KİTAP DAĞITIM LİMİTED ŞİRKETİ,1,1,False,-1,education_technology,1.0
firm,AYDIN ARAS ELEKT.SAN VE TİC.LTD.ŞTİ.,2,2,True,29,physical_security_surveillance,1.0
firm,AYDIN GÜVENLİK SİSTEMLERİ TELEKOMÜNİKASYON İNŞAAT TAAHHÜT SERVİS HİZMETLERİ TİC.LTD.ŞTİ.,2,2,True,20,physical_security_surveillance,1.0
firm,AYDO YAZILIM BİLGİSAYAR TEKNOLOJİLERİ VE TİCARET LİMİTED ŞİRKETİ,1,4,True,0,ERP_management_software,2.0
firm,AYDOĞAN GRUP BİLGİSAYAR İNŞAAT TEMİZLİK İLAÇLAMA TAŞIMA GIDA YEMEK MÜHENDİSLİK İÇ VE DIŞ TİCARET LİMİTED ŞİRKETİ.,1,1,True,12,health_information_systems,1.0
firm,AYELTEKS GÜVENLİK SİSTEMLERİ TEKSTİL TİCARET ANONİM ŞİRKETİ,1,1,False,-1,physical_security_surveillance,1.0
firm,AYFORM OFSET KAĞITÇILIK AMBALAJ MALZEMELERİ ELEKTRİK ELEKTRONİK MATBAACILIK İNŞAAT TAAHHÜT MÜHENDİSLİK İMALAT SANAYİ VE TİCARET LTD.ŞTİ.,1,1,True,0,ERP_management_software,1.0
firm,AYN MEDYA İLETİŞİM REKLAM ORGANİZASYON İNSAN KAYNAKLARI EĞİTİM DANIŞMANLIK HİZMETLERİ LİMİTED ŞİRKETİ,2,2,True,2,custom_software_web_mobile,2.0
firm,AYNET BİLGİ TEKNOLOJİLERİ SANAYİ VE TİCARET LİMİTED ŞİRKETİ,1,1,True,3,cybersecurity,1.0
firm,AYRO TEKNOLOJİ YAZIL IM DANIŞMANLIK VE EĞ İT.TİC.LTD.ŞTİ.,2,2,True,9,custom_software_web_mobile,2.0
firm,AYS ELEKTRONİK BELGE YÖNETİM SİSTEMLERİ TİCARET LİMİTED ŞİRKETİ,2,2,True,7,education_technology,1.0
firm,AYÇAĞ MEDİKAL TEMİZLİK SAĞLIK İNŞAAT BİLGİSAYAR OTOMASYON HİZMETLERİ SANAYİ VE TİCARET LİMİTED ŞİRKETİ,1,1,False,-1,health_information_systems,1.0
firm,AYİZİ BİLİŞİM TEKNOLOJİLERİ ELEKTRİK İNŞAAT SANAYİ VE TİCARET LİMİTED ŞİRKETİ,1,1,True,5,GIS_city_information,1.0
firm,AZ DAĞITIM PAZARLAMA SAN.VE TİC.A.Ş.,1,1,False,-1,computers_peripherals,1.0
firm,AZİM TEKNOLOJİ MÜHENDİSLİK İNŞAAT ENERJİ GIDA TEMİZLİK TEKSTİL TURİZM SANAYİ VE TİCARET LİMİTED ŞİRKETİ,1,1,False,-1,GIS_city_information,1.0
firm,AÇIK KART BİLGİ TEKNOLOJİLERİ TİCARET ANONİM ŞİRKETİ,1,1,False,-1,custom_software_web_mobile,1.0
firm,AÇIK KART TEKNOLOJİLERİ VE ÖDEME SİSTEMLERİ SANAYİ VE TİCARET ANONİM ŞİRKETİ,1,1,True,25,physical_security_surveillance,1.0
firm,AÇIKGÖZ BİLGİSAYAR S İSTEMLERİ SAN.VE TİC.LTD.ŞTİ.,1,1,True,16,GIS_city_information,1.0
firm,AÇILIM OTOMASYON YAZ ILIM DON.BİLG.İNTERN ET HİZM.TİC.LTD.ŞTİ.,3,3,True,34,health_information_systems,1.0
firm,AÇILIM OTOMASYON YAZILIM DONANIM BİLGİSAYAR İNTERNET HİZMETLERİ TURİZM TEMİZLİK VE MALZEMELERİ YEMEKÇİLİK İNŞAAT TAAHHÜT GIDA TIBBİ MALZEMELER VE ÜRÜNLERİ KIRTASİYE RESTORAN İTHALAT İHRACAT VE TİCARET PAZARLAMA LİMİTED ŞİRKETİ,3,3,True,34,health_information_systems,2.0
firm,AĞDAŞ BİLGİ TEKNOLOJİLERİ SOSYAL HİZMETLER PERSONEL HİZMETLERİ TEMİZLİK İNŞAAT GIDA TAŞIMACILIK SANAYİ VE TİCARET LİMİTED ŞİRKETİ.,1,1,True,28,ERP_management_software,1.0
firm,AİDATA BİLİŞİM KURUMSAL TİCARET VE SANAYİ ANONİM ŞİRKETİ,1,1,True,1,computers_peripherals,1.0
firm,B2M SİSTEM MÜHENDİSLİĞİ İNŞAAT VE TİCARET LTD.ŞTİ.,2,2,True,9,GIS_city_information,2.0
firm,BABAOĞLU İLET.TELEKO SİS.İTH.İHR.SAN.VE T İC.LİTD ŞİRKETİ.,1,1,False,-1,network_datacentre_infrastructure,1.0
firm,BABPA BİLGİ TEKNOLOJİLERİ ANONİM ŞİRKETİ,1,2,True,25,cybersecurity,2.0
firm,BAHÇEŞEHİR WİSSEN TEKNOLOJİ İNSAN KAYNAKLARI VE DANIŞMANLIK ANONİM ŞİRKETİ,1,1,True,5,custom_software_web_mobile,1.0
firm,BAKIRKÖY YAPI İNŞAAT ULAŞIM HİZMETLERİ ANONİM ŞİRKETİ,2,2,False,-1,maintenance_support_services,1.0
firm,BALDEM BİLİŞİM LİMİTED ŞİRKETİ,13,15,True,3,GIS_city_information,1.0
firm,BALKAN ELEKT.ELEKTRO VE FOTOĞRAFÇ.SAN VE TİC.LTD.ŞTİ.,1,1,True,3,computers_peripherals,1.0
firm,BALKAN ELEKTRİK ELEKTRONİK VE FOTOĞRAFÇILIK SANAYİ VE TİCARET LİMİTED ŞİRKETİ,1,1,False,-1,ERP_management_software,1.0
firm,BAMMA TEKNOLOJİ ANONİM ŞİRKETİ,1,2,True,2,custom_software_web_mobile,1.0
firm,BARBAROS TEKNOLOJİ ORGANİZASYON İLETİŞİM SANAYİ VE TİCARET LİMİTED ŞİRKETİ,5,7,True,19,cybersecurity,5.0
firm,BARIŞ SAĞL.TEM.DAĞ.HİZ.BİL. İŞL.OTO.S.İÇ.DŞ TC.LTD.Ş,1,1,True,19,health_information_systems,1.0
firm,BARIŞ TELEKOM GÜVENLİK SİSTEMLERİ TİCARET LİMİTED ŞİRKETİ,6,7,True,33,physical_security_surveillance,1.0
firm,BARIŞ İLETİŞİM HİZMETLERİ VE MALZEMELERİ SANAYİ VE TİCARET LİMİTED ŞİRKETİ,1,1,True,8,physical_security_surveillance,1.0
firm,BARLA BİLGİSAYAR MÜHENDİSLİK MÜŞAVİRLİK GIDA İNŞAAT MEDİKAL SANAYİ VE TİCARET LİMİTED ŞİRKETİ,8,15,True,34,health_information_systems,1.0
firm,"BARLA BİLGİSAYAR MÜHENDİSLİK MÜŞAVİRLİK GIDA İNŞAAT MEDİKAL SANAYİ VE TİCARET LİMİTED ŞİRKETİ, TEKNOKOLİK BİLGİSAYAR TEMİZLİK HAZIR YEMEK İNŞAAT GIDA PAZARLAMA SANAYİ DIŞ TİCARET LİMİTED ŞİRKETİ Ortak Girişimi",1,1,False,-1,health_information_systems,1.0
firm,BARİKAT İNTERNET GÜVENLİĞİ BİLİŞİM TİCARET ANONİM ŞİRKETİ,32,54,True,0,cybersecurity,7.0
firm,BARİKATSİSTEM BİLİŞİM TEKNOLOJİLERİ TİCARET ANONİM ŞİRKETİ,3,3,True,0,custom_software_web_mobile,3.0
firm,BASE BİLGİ TEKNOLOJİLERİ LİMİTED ŞİRKETİ,1,1,False,-1,ERP_management_software,1.0
firm,BASİSTEK BİLGİ TEKNO LOJİLERİ SAN VE TİC LTD ŞTİ.,1,1,True,10,ERP_management_software,1.0
firm,BAYBORA OTOMASYON Bİ LİŞİM HİZM.TURZ.TAŞ. GIDA SAN.LTD.ŞTİ.,1,1,True,32,network_datacentre_infrastructure,1.0
firm,BAYLAN OTOMASYON SİSTEMLERİ BİLİŞİM MOBİL SANAYİ TİCARET LİMİTED ŞİRKETİ,2,2,True,13,smart_city_traffic_OT,1.0
firm,BAYLAN OTOMASYON SİSTEMLERİ BİLİŞİM SANAYİ TİCARET ANONİM ŞİRKETİ,1,1,True,13,smart_city_traffic_OT,1.0
firm,BAYLAN ÖLÇÜ ALETLERİ SAN.VE TİC.LTD.Ş Tİ.,1,1,False,-1,smart_city_traffic_OT,1.0
firm,BAĞCILAR YANGIN VE GÜVENLİK MALZEMELERİ ELEKTRİK TEKSTİL PETROL NAKLİYAT TAAHHÜT TİCARET VE SANAYİ LİMİTED ŞİRKETİ,1,1,False,-1,computers_peripherals,1.0
firm,BAŞAR BİLGİSAYAR SİSTEMLERİ VE İLETİŞİM TEKNOLOJİLERİ SANAYİ VE TİCARET LTD ŞTİ,3,3,True,0,GIS_city_information,2.0
firm,BAŞARAN İLERİ TEKNOLOJİ ÜRÜNLERİ İNŞAAT MEDİKAL TİCARET VE SANAYİ LTD.ŞTİ.,2,2,True,7,computers_peripherals,2.0
firm,BAŞARSOFT BİLGİ TEKNOLOJİLERİ ANONİM ŞİRKETİ,17,20,True,10,GIS_city_information,4.0
firm,BAŞKENT IMG GÜVENLİK SİSTEMLERİ ELEKTRİK ELEKTRONİK SANAYİ TİCARET LİMİTED ŞİRKETİ,1,1,False,-1,ERP_management_software,1.0
firm,BAŞKENT ULUSLARARASIAJANS TURİZM İÇVE DIŞ TİC.LTD.Ş,1,1,True,10,other_IT,1.0
firm,BEAM TEKNOLOJİ ANONİM ŞİRKETİ,2,3,True,0,cybersecurity,2.0
firm,BEDEN GRUP MEDİKAL SAĞLIK SİSTEMLERİ İTHALAT VE İHRACAT TİCARET LİMİTED ŞİRKETİ,1,1,True,3,computers_peripherals,1.0
firm,BEESYSTEM YAZILIM BİLİŞİM ELEKTRONİK SANAYİ VE TİCARET LİMİTED ŞİRKETİ,1,1,True,28,custom_software_web_mobile,1.0
firm,BEKAD BİLİŞİM EĞİTİM KÜLTÜR ARAŞTIRMA DERNEĞİ-İKTİSADİ İŞLETMESİ,2,2,True,13,ERP_management_software,1.0
firm,BEKDATA TEKNOLOJİ Bİ LİŞİM BİL.İNŞ.GI D TİC.VE SAN.A.Ş,1,1,False,-1,education_technology,1.0
firm,BEL-LAS LAST.KAP.MAL İNŞ.MAAT.TEM.SAN TİC.LTD.ŞTİ.,1,1,False,-1,custom_software_web_mobile,1.0
firm,BELBİM İSTANBUL BELEDİYELERİ BİLGİ İŞLEM ENERJİ SANAYİ VE TİCARET ANONİM ŞİRKETİ,3,4,True,4,maintenance_support_services,2.0
firm,BELGE ELEKTRONİK SANTİC.LTD.ŞTİ.,1,1,True,1,physical_security_surveillance,1.0
firm,BELMAP YAZILIM MÜHENDİSLİK DANIŞMANLIK HİZMETLERİ TİC LTD ŞTİ.,8,9,True,21,custom_software_web_mobile,3.0
firm,BELSOFT BİLİŞİM SİSTEMLERİ SANAYİ VE TİCARET LİMİTED ŞİRKETİ,16,18,True,7,ERP_management_software,6.0
firm,BELSİS BİLGİSAYAR YAZILIM İLETİŞİM HİZM.TİC.VE SAN.LTD.ŞTİ.,27,28,True,31,GIS_city_information,6.0
firm,BELTUR TURİZM TAŞIMACILIK OTOMOTİV GIDA ÜRÜNLERİ TEMİZLİK HİZMETLERİ İLETİŞİM SANAYİ VE DIŞ TİCARET LİMİTED ŞİRKETİ,1,1,False,-1,ERP_management_software,1.0
firm,BEMAR BİLGİSAYAR ÖZEL EĞT.MÜH.SAN.VETİC.LTD.ŞTİ.,2,2,False,-1,ERP_management_software,1.0
firm,BERA ARGE YAZILIM VE DANIŞMANLIK HİZMETLERİ SANAYİ VE TİCARET LİMİTED ŞİRKETİ,1,1,True,5,custom_software_web_mobile,1.0
firm,BERKA BİLGİ TEKNOLOJ İLERİ VE DANIŞMA NLIK HİZMET.A.Ş.,1,1,True,5,custom_software_web_mobile,1.0
firm,BES TEKNOLOJİ ELEKTRİK ELEKTRONİK GÜVENLİK SİSTEMLERİ SAN.VE TİC.LTD.ŞTİ.,2,9,True,0,physical_security_surveillance,1.0
firm,BESKOM ELEKTRONİK TİCARET LTD.ŞTİ.,1,1,True,2,computers_peripherals,1.0
firm,BESOT MANİSA BELEDİYESİ MÜŞAVİRLİK MÜHENDİSLİK MÜTEAHHİTLİK HİZMETLERİ ULAŞIM TOPLU TAŞIMACILIK SOSYAL TESİSLER İŞLETMECİLİĞİ TURİZM VE ENERJİ SANAYİ VE TİCARET ANONİM ŞİRKETİ,1,1,True,31,GIS_city_information,1.0
firm,BESOT MANİSA BELEDİYESİ SOSYAL TESİSLERİ VE ENERJİ TİCARET VE SANAYİ ANONİM ŞİRKETİ,1,1,False,-1,ERP_management_software,1.0
firm,BETA BİLGİ TEKNOLOJİLERİ İNŞAAT SANAYİ VE TİCARET LİMİTED ŞİRKETİ,3,4,True,16,ERP_management_software,3.0
firm,BETEK BİLİŞİM EĞİTİM VE BÜRO DON SAN TİC LTD ŞTİ,1,1,False,-1,custom_software_web_mobile,1.0
firm,BETİ BİLİŞİM TEKNOLO JİLE.İMAL.SAN.İÇ .DIŞ.TİC.LTD.ŞTİ,1,1,True,2,computers_peripherals,1.0
firm,BETİK BİLİŞİM VE REK LAM HİZM.TİC.VE SAN.LTD.ŞTİ.,1,1,True,7,software_licences,1.0
firm,BETİMAR ARAŞTIRMA DANIŞMANLIK TELEKOMÜNİKASYON REKLAMCILIK TURİZM SANAYİ VE TİCARET LTD.ŞTİ.,2,2,True,24,ERP_management_software,2.0
firm,BEY BİLGİSAYAR ELEKTRONİK YAZILIM İLETİŞİM SİSTEMLERİ KIRTASİYE İNŞAAT SANAYİ VE TİCARET LİMİTED ŞİRKETİ,1,1,True,7,education_technology,1.0
firm,BEY-BEL TURİZM İNŞAAT TAAHHÜT NAKLİYAT MADENCİLİK GIDA PETROL ORGANİZASYON SANAYİ TİCARET LİMİTED ŞİRKETİ,1,1,False,-1,ERP_management_software,1.0
firm,BEYAZ 1 BİLİŞİM TEKNOLOJİLERİ TİCARET LİMİTED ŞİRKETİ,1,1,True,23,custom_software_web_mobile,1.0
firm,BEYAZ BİLGİSAYAR DANIŞMANLIK HİZ.LTD.ŞTİ,18,31,True,3,cybersecurity,7.0
firm,BEYAZ BİLGİSAYAR YAZ ILIM TASARIM SAN .VE TİC.LTD.ŞTİ.,6,7,True,3,ERP_management_software,2.0
firm,BEYAZ BİLGİSAYAR YAZILIM MÜH.SAN.VETİC.LTD.ŞTİ.,3,3,True,20,ERP_management_software,2.0
firm,BEYAZ WEB TEKNOLOJİLERİ LİMİTED ŞİRKETİ,7,9,True,3,ERP_management_software,3.0
firm,BEYAZ YAZILIM TELEKOMİNİKASYON DONANIM BİLGİSAYAR SANAYİ VE TİCARET LİMİTED ŞİRKETİ,1,1,False,-1,ERP_management_software,1.0
firm,BEYAZNET BİLİŞİM ANONİM ŞİRKETİ,3,4,True,3,computers_peripherals,3.0
firm,BEYKOZ GALERİ OTOMOTİV İNŞAAT TAAHHÜT İTHALAT İHRACAT SANAYİ VE TİCARET LİMİTED ŞİRKETİ,1,1,True,4,ERP_management_software,1.0
firm,BEYİD BİLİŞİM EĞİTİMYAY.İLET.DAN.SANVE DIŞ TİC.LTD.Ş,2,2,False,-1,computers_peripherals,1.0
firm,BEŞEL BİLGİSAYAR TEKSTİL TUR.EĞT.TELSAN.VE Tİ.LT.ŞT.,1,1,True,3,computers_peripherals,1.0
firm,BEŞORAK FİBER OPTİK VE YAP.KA.HİZ.ELK.İN.DA.Tİ.VE SA.LT.ŞTİ.,1,1,True,0,network_datacentre_infrastructure,1.0
firm,BFC BİLİŞİM DANIŞMANLIK MÜHENDİSLİK EĞİTİM VE TİCARET LİMİTED ŞİRKETİ,1,1,True,9,maintenance_support_services,1.0
firm,BFM MİMARLIK MÜH.İNŞDEK.ELE.VE GÜ.SİSN.VE TC.LTD.ŞTİ,1,1,False,-1,network_datacentre_infrastructure,1.0
firm,BG-TEK BİLİŞİM GÜVENLİK TEKNOLOJİLERİ ULUSLAR ARASI EĞİTİM DANIŞMANLIĞI BİLGİSAYAR ELEKTRONİK GÜVENLİK SİSTEMLERİ İTHALAT İHRACAT SANAYİ VE TİCARET LİMİTED ŞİRKETİ,2,2,True,2,cybersecurity,1.0
firm,BGS BİLGİ SİSTEMLERİSANAYİ VE TİCARET LTD.ŞTİ.,5,7,True,10,software_licences,3.0
firm,BGS TEKNOLOJİ LİMİTED ŞİRKETİ,1,1,True,28,computers_peripherals,1.0
firm,BHA İMAR PL.MÜ.İNŞ.İ NŞ.MLZ.MÜŞ.T.T.G T.P.Ü.İ.İ.S.T.LT,1,1,False,-1,GIS_city_information,1.0
firm,BHA İMAR PLANLAMA MÜHENDİSLİK İNŞAAT İNŞAAT MALZEMELERİ MÜŞAVİRLİK TURİZM TARIM GIDA TEKSTİL VE PETROL ÜRÜNLERİ İTHALAT İHRACAT SANAYİ VE TİCARET LİMİTED ŞİRKETİ.,1,1,True,31,GIS_city_information,1.0
firm,BKS REKLAM TANITIM ORGANİZASYON İLETİŞİM TURİZM EĞİTİM EMLAK İNŞAAT TAAHHÜT SANAYİ VE TİCARET LİMİTED ŞİRKETİ,1,2,False,-1,custom_software_web_mobile,1.0
firm,BLİNK BİLİŞİM HİZETLERİ ANONİM ŞİRKETİ,1,1,True,13,smart_city_traffic_OT,1.0
firm,BMB SOFT BİLGİSAYAR YAZILIM İLETİŞİM SİS.SAN.VE TİC.L,15,18,True,36,health_information_systems,2.0
firm,"BMB SOFT BİLGİSAYARYAZILIM İLETİŞİMSİS.SAN.VE TİC.L, METASOFT BİLGİSAYAR BİLGİ İŞLEM HİZMETLERİ SANAYİ VE TİCARET LİMİTED ŞİRKETİ İş Ortaklığı",1,1,True,36,health_information_systems,1.0
firm,"BMB SOFT BİLGİSAYARYAZILIM İLETİŞİMSİS.SAN.VE TİC.L, VBT BİLGİ TEKNOLOJİLERİ ANONİM ŞİRKETİ İş Ortaklığı",1,1,True,27,custom_software_web_mobile,1.0
firm,BMM MEDİKAL TURİZM TEMİZLİK İNŞAAT GIDA HAYVANCILIK SOSYAL HİZMETLER SANAYİ VE TİCARET LİMİTED ŞİRKETİ,1,1,True,0,call_centre_helpdesk,1.0
firm,BN GRUP EĞİTİM LİMİTED ŞİRKETİ,1,1,False,-1,education_technology,1.0
firm,BNK TEKNOLOJİ VE BİLİŞİM SİSTEMLERİ TİCARET LTD.ŞTİ,1,1,True,10,computers_peripherals,1.0
firm,BNTPRO BİLGİ VE İLETİŞİM HİZMETLERİ ANONİM ŞİRKETİ,4,4,True,9,cybersecurity,3.0
firm,BODÜSAN MOBİLYA DEKORASYON İNŞAAT NAKLİYE TURİZM KIRTASİYE İTHALAT İHRACAT TİCARET LİMİTED ŞİRKETİ,1,1,True,10,computers_peripherals,1.0
firm,BOM BİLİŞİM SANAYİ VE TİCARET ANONİM ŞİRKETİ,1,1,True,18,cybersecurity,1.0
firm,BONİ TEKNOLOJİ ANONİM ŞİRKETİ,1,1,True,9,custom_software_web_mobile,1.0
firm,BONİTA İNTERNET TEKNOLOJİ TİCARET LİMİTED ŞİRKETİ,3,11,True,3,ERP_management_software,6.0
firm,BOR YAZILIM SANAYİ TİCARET ANONİM ŞİRKETİ,1,1,True,35,ERP_management_software,1.0
firm,BORANEL TEMİZLİK YEMEK OTOMASYON İNŞAAT VE TAAHHÜT TAŞIMACILIK İTHALAT VE İHRACAT SANAYİ VE TİCARET LİMİTED ŞİRKETİ.,1,1,False,-1,network_datacentre_infrastructure,1.0
firm,BORDO DOKÜMAN VE ATIK GERİ DÖNÜŞÜM SİST.TİC.VE SAN.A.Ş,1,1,False,-1,other_IT,1.0
firm,BORDOTEK BİLGİSAYAR YAZ.EL.TE.DA.VE S.T.S.VE T.LTD.Ş,1,1,True,1,custom_software_web_mobile,1.0
firm,BORGA BİLİŞİM TEKNOLOJİ TİCARET ANONİM ŞİRKETİ,1,1,True,0,maintenance_support_services,1.0
firm,BOSS BİLİŞİM OTOMOTİV İNŞAAT HIRDAVAT KIRTASİYE YAYINCILIK SANAYİ TİCARET LİMİTED ŞİRKETİ,1,1,False,-1,computers_peripherals,1.0
firm,BOTT BİLGİ SİSTEMLER İ SAN.VE TİC.LTD .ŞTİ.,3,4,True,2,maintenance_support_services,3.0
firm,BOZDAĞLAR YEMEK NAK.TEM.İNŞ.TURİZM SANAYİ VE TİC.LTD.ŞTİ,1,2,True,17,ERP_management_software,1.0
firm,BOĞAZİÇİ HİZMET GRUP İNŞ.MÜH.EĞİT.DANIŞ.T EM.TAAH.VE TİC.LT.ŞT,2,3,True,4,ERP_management_software,1.0
firm,"BOĞAZİÇİ HİZMET GRUPİNŞ.MÜH.EĞİT.DANIŞ.TEM.TAAH.VE TİC.LT.ŞT, AKSİYONER BİLGİ YÖNETİMİ YAZIMIL SİSTEM ORG.EĞİTİM VE DANIŞMANLIK SANAYİ TİCARET LTD ŞTİ Ortak Girişimi",1,1,True,4,ERP_management_software,1.0
firm,"BOĞAZİÇİ HİZMET GRUPİNŞ.MÜH.EĞİT.DANIŞ.TEM.TAAH.VE TİC.LT.ŞT, ASAL BİLİM KÜLTÜR SANAT SPOR SAĞLIK VE REHABİLİTASYON MERK.ORG.LTD.ŞTİ. İş Ortaklığı",1,1,True,4,ERP_management_software,1.0
firm,BPM TEKNOLOJİ SANAYİ TİCARET LİMİTED ŞİRKETİ,1,1,True,14,software_licences,1.0
firm,BPM ULUSLARARASI MÜŞAVİRLİK İNŞAAT TAAHÜT LTD.ŞTİ.,1,1,True,4,custom_software_web_mobile,1.0
firm,BRAIN BİLGİ TEKNOLOJİLERİ ANONİM ŞİRKETİ,2,2,True,37,ERP_management_software,2.0
firm,BRAVOMED MEDİKAL SAĞLIK ÜRÜNLERİ KARA VE DENİZ ARAÇLARI TARIM SANAYİ TİCARET LİMİTED ŞİRKETİ,2,2,False,-1,custom_software_web_mobile,1.0
firm,BRIDGE BİLİŞİM TEKNOLOJİ DANIŞMANLIK YATIRIM ANONİM ŞİRKETİ,1,1,True,0,software_licences,1.0
firm,BRONTO BİLİŞİM İLETİŞİM DANIŞMANLIK SANAYİ VE TİCARET LİMİTED ŞİRKETİ,2,2,True,16,cybersecurity,2.0
firm,BSD BİLGİSAYAR SAN.V E TİC.LTD.ŞTİ.,3,3,True,13,cybersecurity,3.0
firm,BSS BİLİŞİM SAVUNMASANAYİ DANIŞMANLIK LTD.ŞTİ.,1,1,True,23,custom_software_web_mobile,1.0
firm,BTC BİLİŞİM HİZMETLERİ ANONİM ŞİRKETİ,1,1,True,33,ERP_management_software,1.0
firm,BTE BİLGİSAYAR YAZIL IM DONANIM TEK.SER.S AN.VE TİC.LTD.ŞTİ.,1,1,False,-1,software_licences,1.0
firm,BTE BİLGİSAYAR YAZILIM DONANIM TEKNİK SERVİS SANAYİ VE TİCARET LİMİTED ŞİRKETİ,1,1,False,-1,network_datacentre_infrastructure,1.0
firm,BTECH SAVUNMA HAVACILIK MEDİKAL VE İLERİ TEKNOLOJİLER SANAYİ TİCARET ANONİM ŞİRKETİ,2,2,True,11,maintenance_support_services,1.0
firm,BTG GRUP TOPLU TÜKETİM MALLARI İÇ VE DIŞ TİCARET LİMİTED ŞİRKETİ,1,1,False,-1,software_licences,1.0
firm,BTM TEKNOLOJİ BİLGİSAYAR VE GÜVENLİK SİSTEMLERİ SANAYİ TİCARET LİMİTED ŞİRKETİ,1,2,True,16,computers_peripherals,2.0
firm,BTPLUS BİLİŞİM TEKNOLOJİLERİ TİCARET LİMİTED ŞİRKETİ,1,1,True,16,network_datacentre_infrastructure,1.0
firm,BTS KURUMSAL BİLİŞİM TEKNOLOJİLERİ ANONİM ŞİRKETİ,1,1,True,29,network_datacentre_infrastructure,1.0
firm,BTSECTOR BİLİŞİM TEKNOLOJİ ANONİM ŞİRKETİ,2,2,True,0,custom_software_web_mobile,2.0
firm,BTUNE BİLİŞİM TEKNOLOJİLERİ ULAŞIM ELEKTRİK ELEKTRONİK İNŞAAT ANONİM ŞİRKETİ,1,1,True,21,custom_software_web_mobile,1.0
firm,BTYÖN DANIŞMANLIK EĞİTİM YAZILIM VE TEKNOLOJİ HİZMETLERİ SANAYİ VE TİCARET LİMİTED ŞİRKETİ,1,1,False,-1,cybersecurity,1.0
firm,BTYÖN TEKNOLOJİ ANONİM ŞİRKETİ,2,3,True,8,cybersecurity,1.0
firm,BULAK BİLGİSAYAR YAZ ILIM SERV.HİZ.İN Ş.TU.TİC.LTD.ŞTİ,2,2,False,-1,other_IT,1.0
firm,BULUT BİLİŞİM TEKNOLOJİLERİ LİMİTED ŞİRKETİ,2,3,True,27,network_datacentre_infrastructure,2.0
firm,BULUT FİLO YÖNETİMİ ANONİM ŞİRKETİ,1,1,False,-1,ERP_management_software,1.0
firm,BULUT TEKNOLOJİ TIBBİ MALZEMELERİ ELEKTRONİK SANAYİ TİCARET LİMİTED ŞİRKETİ,1,1,False,-1,computers_peripherals,1.0
firm,BULUTANKA REKLAM TANITIM ORGANİZASYON İLETİŞİM TURİZM EĞİTİM İNŞAAT TAAHHÜT EMLAK NAKLİYAT GIDA VE TEKSTİL SANAYİ TİCARET LİMİTED ŞİRKETİ,1,2,False,-1,custom_software_web_mobile,1.0
firm,BUĞRA HAN MÜTEAHHİTL İK İNŞ.YEMEK.TEM.TUR GI.TEKS.SAN.VE TİC.L,1,1,False,-1,network_datacentre_infrastructure,1.0
firm,BVF BİLGİ TEKNOLOJİLERİ YAPI VE DANIŞMANLIK LİMİTED ŞİRKETİ,18,24,True,2,software_licences,6.0
firm,BYGO BİLİŞİM YAZILIM DANIŞMANLIK EĞİTİM SANAYİ VE TİCARET LİMİTED ŞİRKETİ,1,1,True,0,custom_software_web_mobile,1.0
firm,BYS GRUP BİLİŞİM SİSTEMLERİ DANIŞMANLIK TİCARET VE SANAYİ LİMİTED ŞİRKETİ,2,3,True,27,software_licences,2.0
firm,BYTEDATA BİLGİSAYAR SİS.TİC.LTD.ŞTİ.,1,5,True,0,physical_security_surveillance,2.0
firm,BÜCÜRÜK KIRTASİYE İTRİYAT TİCARET LİMİTED ŞİRKETİ,1,1,False,-1,network_datacentre_infrastructure,1.0
firm,BÜKEY FOTOĞRAFÇILIK TİC LTD ŞTİ.,1,1,True,11,custom_software_web_mobile,1.0
firm,BÜRMAKSER BÜRO MAKİNA VE MALZEMELERİ GÜVENLİK SİSTEMLERİ İNŞAAT TAAHHÜT SANAYİ VE TİCARET LİMİTED ŞİRKETİ,1,1,True,9,computers_peripherals,1.0
firm,BÜYÜTEÇ İLETİŞİM MEDYA BİLİŞİM LİMİTED ŞİRKETİ,1,1,True,3,custom_software_web_mobile,1.0
firm,Bİ STRATEJİK YAZILIM SANAYİ TİCARET ANONİM ŞİRKETİ,1,1,True,4,custom_software_web_mobile,1.0
firm,BİGATEK BİLİŞİM SİSTEMLERİ TİCARET ANONİM ŞİRKETİ,3,5,True,4,custom_software_web_mobile,2.0
firm,BİL YAZILIM VE ELEKTRONİK SİS.BLG.MÜH.SAN.VE TİC.LTD.ŞTİ.,2,2,True,39,ERP_management_software,2.0
firm,BİLAR FOTOKOPİ KIRTASİYE İNŞ ELEKTROGIDA SAN TİC.L.Ş,1,1,True,1,computers_peripherals,1.0
firm,BİLBAN BİGİSAYR.EĞT. LTD.ŞTİ.,2,2,True,13,cybersecurity,2.0
firm,BİLBEST BİLİŞİM SAĞ.EĞİT.DIŞ TİC.VESAN.LTD.ŞTİ.,11,29,True,17,health_information_systems,1.0
firm,BİLDEM BİLGİ ÖLÇME LİMİTED ŞİRKETİ,1,1,True,11,education_technology,1.0
firm,BİLDES BİLİŞİM DESTEK HİZMETLERİ DANIŞMANLIK ORGANİZASYON TURİZM İÇ VE DIŞ TİCARET LİMİTED ŞİRKETİ,1,1,True,0,maintenance_support_services,1.0
firm,BİLEKSİSTEM BİLGİ VE İLETİŞİM TEKNOLOJİLE Rİ SAN.TC.LTD.ŞTİ,1,1,False,-1,software_licences,1.0
firm,BİLEN BİLGİSAYAR VE GÜVENLİK SİSTEMLERİ SANAYİ TİCARET LİMİTED ŞİRKETİ,1,1,True,3,computers_peripherals,1.0
firm,BİLFO BİLGİSAYAR VE BİLİŞİM SİS.LTD. ŞTİ.,18,34,True,1,health_information_systems,2.0
firm,BİLGE ADAM BİLGİSAYAR VE EĞİTİM HİZMSAN TİC AŞ,18,45,True,29,custom_software_web_mobile,6.0
firm,BİLGE ADAM YAZILIM VE TEKNOLOJİ ANONİM ŞİRKETİ,3,6,True,29,ERP_management_software,4.0
firm,BİLGE ELEKTRONİK BİLVE ENDÜS.SİS.GIDKAF.H.S.T.LTD.ŞT,1,1,True,2,network_datacentre_infrastructure,1.0
firm,BİLGE SİBER GÜVENLİK TEKNOLOJİLERİ VE SAN VE TİCARET LİMİTED ŞİRKETİ,1,1,True,0,maintenance_support_services,1.0
firm,BİLGE İLETİŞİM ORGANİZASYON REHBERLİK İNŞAAT TAAHHÜT TİCARET VE SANAYİ LİMİTED ŞİRKETİ,1,1,False,-1,network_datacentre_infrastructure,1.0
firm,BİLGECOM BİLİŞİM TEKNOLOJİLERİ SANAYİ VE TİCARET LİMİTED ŞİRKETİ,1,1,True,1,custom_software_web_mobile,1.0
firm,BİLGÜN BİLİŞİM HİZMETLERİ REKLAMCILIK FOTOĞRAFÇILIK SANAYİ VE TİCARET LTD.ŞTİ.,2,2,False,-1,education_technology,1.0
firm,BİLGİ BİRİKİM SİSTEMLERİ ELEKTRONİK VE BİLGİSAYAR ENDÜSTRİSİ MÜHENDİSLİK HİZMETLERİ SANAYİ VE TİCARET LİMİTED ŞİRKETİ.,6,11,True,21,GIS_city_information,6.0
firm,BİLGİ GRUBU YAZILIM ARAŞ.EĞİTİM VE D AN.LTD.ŞTİ.,1,1,False,-1,ERP_management_software,1.0
firm,BİLGİ SİSTEMLERİ SAN .VE DIŞ TİC.LTD. ŞTİ.,7,7,True,23,software_licences,4.0
firm,BİLGİ SİSTEMLERİ SANAYİ VE TİCARET ANONİM ŞİRKETİ,3,4,True,22,network_datacentre_infrastructure,2.0
firm,BİLGİ UZMANLARI E İŞ ÇÖZÜMLERİ SANAYİ VE TİCARET LİMİTED ŞİRKETİ,1,1,True,24,GIS_city_information,1.0
firm,BİLGİ-TEK BİLGİ TEKN O.EĞİT.UYG.TİC. LTD.ŞTİ.,1,1,True,39,ERP_management_software,1.0
firm,BİLGİBİM BİLGİSAYAR TEKNOLOJİLERİ İLETİŞİM ELEKTRONİK SANAYİ VE TİCARET LİMİTED ŞİRKETİ,18,22,True,7,network_datacentre_infrastructure,6.0
firm,BİLGİKENT BİLİŞİM TEKNOLOJİLERİ TİCARET LİMİTED ŞİRKETİ,8,9,True,16,cybersecurity,4.0
firm,BİLGİPA BİLGİSAYAR PAZARLAMA ASANSÖR İNŞAAT MATBAACILIK YAYINCILIK KIRTASİYE SANAYİ TİCARET LİMİTED ŞİRKETİ,2,3,True,17,other_IT,2.0
firm,BİLGİS BİLGİ TEKNOLOJİLERİ ANONİM ŞİRKETİ,1,1,True,3,GIS_city_information,1.0
firm,BİLGİSARAY BİLGİSAYA R SİSTEMLERİ TİC LTD.ŞTİ.,1,1,False,-1,computers_peripherals,1.0
firm,BİLGİSER ELEKTRONİK HİZMETLER MAĞAZACILIK OTOMOTİV TURİZM İNŞAAT ORGANİZASYON DANIŞMANLIK İTHALAT VE İHRACAT TİCARET LİMİTED ŞİRKETİ,1,1,True,27,computers_peripherals,1.0
firm,BİLGİTÜRK BİLG.TEKN.SAN.VE TİC.A.Ş.,14,27,True,8,network_datacentre_infrastructure,6.0
firm,BİLGİYÖN YAZILIM DANIŞMANLIK İÇ VE DIŞ TİCARET LİMİTED ŞİRKETİ,1,1,False,-1,custom_software_web_mobile,1.0
firm,BİLKA BİLGİSAYAR PAZ.VE TİC.LTD.ŞTİ,1,1,False,-1,computers_peripherals,1.0
firm,BİLMED BİLGİSAYAR VE YAZILIM ANONİM ŞİRKETİ,6,13,True,14,health_information_systems,1.0
firm,BİLSA BİLİŞİM TİCARET LİMİTED ŞİRKETİ,1,1,False,-1,computers_peripherals,1.0
firm,BİLSANGRUP BİLİŞİM TEKNOLOJİ EĞİTİM HİZMTİC.LTD.ŞTİ.,2,3,True,2,GIS_city_information,3.0
firm,BİLTAM MÜMESSİLLİK DIŞ TİC.VE SAN.A.Ş.,4,5,True,7,network_datacentre_infrastructure,3.0
firm,BİLTEK HABERLEŞME ELEKTROMEKANİK ELEKTRİK İLETİŞİM İNŞAAT SANAYİ VE TİCERET LİMİTED ŞİRKETİ,2,2,True,24,computers_peripherals,1.0
firm,BİLTEKSAN BÜRO MAKİNALARI SAN.VE TİC.LTD.ŞTİ.,1,2,False,-1,computers_peripherals,1.0
firm,BİLTEMAK GRUP BİLİŞİM KIRTASİYE KİTAP TEMİZLİK MAKİNE SANAYİ VE TİCARET LİMİTED ŞİRKETİ,1,1,False,-1,computers_peripherals,1.0
firm,BİLİCİSOFT BİLİŞİM VE SAVUNMA TEKNOLOJİLERİ SANAYİ TİC.LTD.ŞTİ.,3,6,True,37,maintenance_support_services,3.0
firm,BİLİKOM BİLGİSAYAR KIRTASİYE TEKSTİL SANAYİ VE TİCARET LİMİTED ŞİRKETİ,1,1,True,3,physical_security_surveillance,1.0
firm,BİLİŞİM BİLGİSAYAR ELEKTRONİK ENDÜSTRİ VE OFİS OTOMASYON SİSTEMLERİ SANAYİ TİCARET LİMİTED ŞİRKETİ,3,7,True,0,cybersecurity,2.0
firm,BİLİŞİM BİLGİSAYAR EĞİTİM VE MÜHENDİS.SAN.TİC.LTD.ŞT,1,2,True,2,network_datacentre_infrastructure,1.0
firm,BİLİŞİM BİLİŞİM VE YAZILIM SİSTEMLERİ SANAYİ VE TİCARET ANONİM ŞİRKETİ,5,13,True,35,ERP_management_software,2.0
firm,BİLİŞİM HARİTA MÜHENDİSLİK İNŞ.TİC.LTD.ŞTİ.,2,2,True,0,GIS_city_information,1.0
firm,BİLİŞİM KÜPÜ BİLGİSAYAR SANAYİ VE TİCARET LİMİTED ŞİRKETİ,3,3,True,14,cybersecurity,3.0
firm,BİLİŞİM SANAYİ VE TİCARET LTD.ŞTİ.,6,9,True,35,ERP_management_software,3.0
firm,BİLİŞİM İNOVASYON SA N.VE TİC.LTD.ŞTİ.,13,13,True,11,software_licences,4.0
firm,BİMEL-İZMİR ELEKT.MAMÜL SAN.PAZ.LTD.ŞTİ.,1,1,True,8,other_IT,1.0
firm,BİMSER ÇÖZÜM YAZILIM TİCARET ANONİM ŞİRKETİ,17,17,True,11,ERP_management_software,3.0
firm,BİMTAŞ BOĞAZİÇİ PEYZAJ İNŞAAT MÜŞAVİRLİK TEKNİK HİZMETLER SANAYİ TİCARET ANONİM ŞİRKETİ,3,4,True,4,GIS_city_information,3.0
firm,BİMTAŞ BOĞAZİÇİ PEYZAJ İNŞAAT MÜŞAVİRLİK TEKNİK HİZMETLERİ SANAYİ TİCARET ANONİM ŞİRKETİ,2,2,True,4,GIS_city_information,2.0
firm,BİOMERİEUX DİAGNOSTİK MALZEMELERİ VE HİZMETLERİ TİCARET ANONİM ŞİRKETİ,1,1,True,22,custom_software_web_mobile,1.0
firm,BİOPEST ÇEVRE SAĞLIĞI VE VEKTÖR KONTROLHİZ.LTD.ŞTİ.,6,11,True,7,GIS_city_information,1.0
firm,BİR BİLEN BİLİŞİM LİMİTED ŞİRKETİ,1,1,True,11,education_technology,1.0
firm,BİRAY SAĞLIK SOSYAL HİZMETLER TURİZM NAKLİYE BİLİŞİM GIDA MAKİNA TEKSİL İNŞAAT İMALAT İHRACAT İTHALAT PAZARLAMA SANAYİ VE TİCARET LİMİTED ŞİRKETİ,1,1,False,-1,ERP_management_software,1.0
firm,BİRCAN BİLGİSAYAR İNŞAAT SAN VE TİC.LTD ŞTİ.,1,1,False,-1,custom_software_web_mobile,1.0
firm,BİRTEL İLETİŞİM TEKNOLOJİLERİ TURİZM SANAYİ VE TİCARET LİMİTED ŞİRKETİ,1,1,True,3,maintenance_support_services,1.0
firm,BİRİKİM OTOMASYON Sİ ST.TİC.VE SAN.LT D.ŞTİ,1,1,False,-1,ERP_management_software,1.0
firm,BİRİKİM YEMİNLİ MALİ MÜŞAVİRLİK VE BAĞIMSIZ DENETİM A.Ş.,1,1,False,-1,other_IT,1.0
firm,BİRİM BİLGİ TEKNOLOJ İLERİ TİCARET A. Ş.,8,8,True,32,health_information_systems,2.0
firm,BİSAR BİLGİ TEKNOLOJ İLERİ SANAYİ VE TİCA RET A.Ş.,4,7,True,3,custom_software_web_mobile,2.0
firm,BİSOFT BİLGİ TEKNOLOJİLERİ ANONİM ŞİRKETİ,16,20,True,0,software_licences,5.0
firm,BİTE BİLİŞİM TEKNOLOJİLERİ SANAYİ VE TİCARET ANONİM ŞİRKETİ,1,1,False,-1,computers_peripherals,1.0
firm,BİVENT YAZILIM ANONİM ŞİRKETİ,2,2,True,2,ERP_management_software,1.0
firm,BİZ-ERK ETİKET MARKA LAMA REK.KALIP Ü SAN.TİC.LTD.ŞTİ.,1,1,True,6,other_IT,1.0
firm,BİZNET BİLİŞİM SİSTEMLERİ VE DANIŞMANLIK SAN.TİC.A.Ş,19,23,True,0,cybersecurity,6.0
firm,BİZTEK SİBER GÜVENLİK VE BİLİŞİM TEKNOLOJİLERİ DANIŞMANLIK TİCARET ANONİM ŞİRKETİ,2,2,True,35,cybersecurity,2.0
firm,C SİSTEM BİLİŞİM LİMİTED ŞİRKETİ,1,1,True,8,GIS_city_information,1.0
firm,C TECH BİLİŞİM TEKNO LOJİLERİ SAN.VE TİC.A.Ş.,1,1,True,3,cybersecurity,1.0
firm,C.B.K.SOFT YAZILIM DONANIM ELEKTRONİK VE BİLGİSAYAR SİSTEMLERİ SANAYİ TİCARET ANONİM ŞİRKETİ,72,82,True,8,ERP_management_software,2.0
firm,C.S.S.YAZILIM ÇÖZÜML ERİ LTD ŞTİ,1,2,True,4,custom_software_web_mobile,1.0
firm,C/S ENFORMASYON TEKN OLOJİLERİ LTD.ŞT İ.,1,1,True,27,network_datacentre_infrastructure,1.0
firm,C2E TEKNOLOJİ SERVİSLERİ TİCARET LİMİTED ŞİRKETİ,1,1,True,4,ERP_management_software,1.0
firm,CADBİM BİLGİSAYAR ÖZEL EĞİTİM DANIŞMANLIK PAZARLAMA SANAYİ VE TİCARET LİMİTED ŞİRKETİ,7,12,True,16,software_licences,3.0
firm,CALL CENTER RESOURCES DAN.LTD.ŞTİ.,1,1,True,11,call_centre_helpdesk,1.0
firm,CALL CENTER RESOURCES DANIŞMANLIK ANONİM ŞİRKETİ,2,3,True,11,call_centre_helpdesk,1.0
firm,CAMPAK TEMİZLİK BİLGİ İŞLEM OTOMASYON SAĞLIK HİZMETLERİ İNŞAAT SANAYİ VE TİCARET ANONİM ŞİRKETİ,1,13,True,29,network_datacentre_infrastructure,2.0
firm,CAN EROĞLU BİLGİ SİSTEMLERİ İNŞAAT SANAYİ VE TİCARET LİMİTED ŞİRKETİ,4,7,True,22,health_information_systems,2.0
firm,"CAN EROĞLU BİLGİ SİSTEMLERİ İNŞAAT SANAYİ VE TİCARET LİMİTED ŞİRKETİ, ELEKTROTEL TELEKOM ELEKTRONİK TURİZM İNŞAAT GIDA SANAYİ VE TİCARET LİMİTED ŞİRKETİ Ortak Girişimi",1,1,True,34,health_information_systems,1.0
firm,CAN-MED MEDİKAL GEREÇLER SAN.VE TİC.LTD.ŞTİ.,1,1,True,1,computers_peripherals,1.0
firm,CANCAN TIBBİ MALZEME TEMİZLİK YEMEK YAPIMI İNŞAAT ELETRONİK SANAYİ VE TİCARET LİMİTED ŞİRKETİ,1,1,True,1,health_information_systems,1.0
firm,CANON EURASİA GÖRÜNTÜLEME VE OFİS SİSTEMLERİ ANONİM ŞİRKETİ,1,1,True,24,computers_peripherals,1.0
firm,CAPTURE BİLGİSAYAR BİLİŞİM VE İSTİHDAM HİZMETLERİ SANAYİ TİCARET LİMİTED ŞİRKETİ,1,1,True,10,smart_city_traffic_OT,1.0
firm,CAPİTAL ENDÜSTRİ VE SAVUNMA TEKNOLOJİLERİ A.Ş.,1,1,True,25,ERP_management_software,1.0
firm,CAZ BİLİŞİM HİZMETLERİ TİCARET ANONİM ŞİRKETİ,5,7,True,22,education_technology,2.0
firm,CBM BÜRO MAKİNELERİSAN. VE TİC.LTD.ŞTİ.,1,1,True,10,computers_peripherals,1.0
firm,CEBECİ TEKNOLOJİ SANAYİ VE TİCARET ANONİM ŞİRKETİ,1,1,True,32,computers_peripherals,1.0
firm,CED TEKNOLOJİ DANIŞMAN. BİLİŞ. VE DEST.HİZ.TİC.LTD.ŞTİ.,1,1,True,16,network_datacentre_infrastructure,1.0
firm,CED TEKNOLOJİ DANIŞMANLIK BİLİŞİM VE DESTEK HİZMETLERİ TİCARET ANONİM ŞİRKETİ,2,2,True,0,cybersecurity,1.0
firm,CEIBA TELE ICU SAĞLIK HİZMETLERİ VE TİCARET ANONİM ŞİRKETİ,15,15,True,17,health_information_systems,3.0
firm,CEN-KA ELEKTRİK ELEKTRONİK TURİZM İNŞAAT SANAYİ VE TİCARET LİMİTED ŞİRKETİ,1,2,True,10,network_datacentre_infrastructure,1.0
firm,CENTER ON DİGİTAL BİLİŞİM HİZMETLERİ ANONİM ŞİRKETİ,1,1,True,0,cybersecurity,1.0
firm,CEREBRUM TEKNOLOJİ YAZILIM SANAYİ VE TİCARET ANONİM ŞİRKETİ,1,1,True,29,custom_software_web_mobile,1.0
firm,CEREN TANITIM ORGANİ ZASYON VE TİC.LT D.ŞTİ.,3,3,True,3,ERP_management_software,1.0
firm,"CERTBY ULUSLARARASI DENETİM BELGELENDİRME VE EĞİTİM HİZMETLERİ LTD.ŞTİ., SECRİSE YAZILIM VE BİLGİ GÜVENLİĞİ HİZMETLERİ LİMİTED ŞİRKETİ İş Ortaklığı",1,1,True,3,cybersecurity,1.0
firm,CETINSOFT YAZILIM BİLGİ TEKNOLOJİLERİ SANAYİ VE TİCARET LİMİTED ŞİRKETİ,2,9,True,9,ERP_management_software,2.0
firm,CEYTECH BİLİŞİM VE İLETİŞİM TEKNOLOJİLERİ TİCARET LİMİTED ŞİRKETİ,2,2,False,-1,health_information_systems,1.0
firm,CFN TEKNOLOJİ ANONİM ŞİRKETİ,4,4,True,0,GIS_city_information,3.0
firm,CMT MÜHENDİSLİK TEKNİK HİZMETLER TURİZM İNŞAAT VE SANAYİ TİCARET LİMİTED ŞİRKETİ,1,1,True,8,custom_software_web_mobile,1.0
firm,CMYK REKLAM PAZARLAMA SANAYI TICARETLIMITED ŞIRKETI,1,1,False,-1,custom_software_web_mobile,1.0
firm,CNM GÜVENLİK SİSTEML ERİ LTD.ŞTİ.,1,1,True,11,custom_software_web_mobile,1.0
firm,CNN MİMARLIK İNŞ GID TUR İÇ VE DIŞ TİCARE SAN LTD ŞTİ,1,1,False,-1,other_IT,1.0
firm,CODEX YAZILIM HİZMETLERİ TİCARET LİMİTED ŞİRKETİ.,1,6,True,16,maintenance_support_services,3.0
firm,COMPAREX TURKEY BİLİŞİM TEKNOLOJİLERİ TİC.A.Ş.,1,1,True,0,computers_peripherals,1.0
firm,COMPECTA BİLİŞİM VE İLETİŞİM HİZMETLERİ SANAYİ VE TİCARET LİMİTED ŞİRKETİ,1,1,True,2,computers_peripherals,1.0
firm,COMPRO BİLİŞİM TEKNOLOJİLERİ ANONİM ŞİRKETİ,6,12,True,2,software_licences,4.0
firm,CONVERGE BİLİŞİM VE TEKNOLOJİ HİZMETLERİ TİCARET LİMİTED ŞİRKETİ,1,3,True,4,custom_software_web_mobile,2.0
firm,CORPUPP BİLGİ TEKNOLOJİLERİ SANAYİ VE TİCARET LİMİTED ŞİRKETİ,1,1,True,3,maintenance_support_services,1.0
firm,CORVUS İLETİŞİM GÜVE NLİK TE.EL.SAN.V E TİC.LTD.ŞTİ.,2,2,False,-1,ERP_management_software,2.0
firm,COĞRAFİ MÜHENDİSLİK HİZMETLERİ TİCARET LİMİTED ŞİRKETİ,1,1,True,0,network_datacentre_infrastructure,1.0
firm,CREAS BİLİŞİM TEKNOLOJİLERİ İTHALAT İHRACAAT SANAYİ VE TİCARET LİMİTED ŞİRKETİ,1,1,True,13,ERP_management_software,1.0
firm,CS ÇÖZÜM BİLGİSAYAR HİZMETLERİ İLETİŞİM PAZARLAMA SANAYİ VE TİCARET LİMİTED ŞİRKETİ,1,1,False,-1,other_IT,1.0
firm,CSIT BİLİŞİM ANONİM ŞİRKETİ,12,16,True,0,network_datacentre_infrastructure,8.0
firm,CSK BİLİŞİM TEKNOLOJİLERİ SANAYİ VE TİCARET LİMİTED ŞİRKETİ,1,1,True,5,computers_peripherals,1.0
firm,CYBERDATA BİLGİ GÜVENLİĞİ VE TEKNOLOJİLERİ ANONİM ŞİRKETİ,1,1,True,0,ERP_management_software,1.0
firm,CYBERSYS BİLİŞİM İLETİŞİM ELEKTRONİK İTHALAT İHRACAT SANAYİ VE TİCARET LİMİTED ŞİRKETİ,1,1,True,0,maintenance_support_services,1.0
firm,CYBERWİSE SİBER GÜVENLİK TİCARET ANONİM ŞİRKETİ,4,5,True,8,cybersecurity,1.0
firm,CYNOKS BİLİŞİM TEKNOLOJİLERİ DANIŞMANLIK HİZMETLERİ LİMİTED ŞİRKETİ,1,1,True,0,custom_software_web_mobile,1.0
firm,CİHANTAŞ BÜRO DONANIMLARI SAN.VE TİC.LTD.ŞTİ.,1,1,True,24,network_datacentre_infrastructure,1.0
firm,D.E.S.P.R.O.BİLGİSAYAR ELEKTRONİK T.S.H.S.VE T.L.Ş.,1,1,True,9,software_licences,1.0
firm,DABNET BİLİŞİM TEKNOLOJİLERİ VE HİZMETLERİ LİMİTED ŞİRKETİ,2,2,True,13,ERP_management_software,1.0
firm,DAL-PA GIDA TEMİZLİK HİZMETLERİ BİLGİ İŞLEM İNŞAAT TAAHHÜT TEKSTİL TAŞIMACILIK SANAYİ TİCARET PİZİRLİMİ LİMİTED ŞİRKETİ,1,1,True,28,health_information_systems,1.0
firm,DAMLA İNTERNET HİZ.REKLAM.DANIŞ.TİC.LTD.ŞTİ.,1,1,False,-1,computers_peripherals,1.0
firm,DAPA TEKNOLOJİ SANAYİ VE TİCARET ANONİM ŞİRKETİ,1,1,True,19,cybersecurity,1.0
firm,DARENDELİ TEKNOLOJİ SANAYİ VE TİCARET ANONİM ŞİRKETİ,2,2,True,11,software_licences,1.0
firm,DATA MARKET BİLGİ HİZMETLERİ ANONİM ŞİRKETİ,21,27,True,9,software_licences,3.0
firm,DATA TEKNİK BİLGİSAY AR SİSTEMLERİ Tİ C.VE SAN.A.Ş.,3,3,True,27,custom_software_web_mobile,2.0
firm,DATA TIME BİLGİSAYAR SİSTEMLERİ YAZILIM DANIŞMANLIK HİZMETLERİ İNŞAAT TAAHHÜT İÇ VE DIŞ TİCARET LİMİTED ŞİRKETİ,3,3,True,29,ERP_management_software,2.0
firm,DATABUL YAZILIM DANIŞMANLIK TİCARET LİMİTED ŞİRKETİ,1,1,True,3,computers_peripherals,1.0
firm,DATACORE BİLGİ SİSTEMLERİ SANAYİ VE TİCARET ANONİM ŞİRKETİ,5,6,True,0,network_datacentre_infrastructure,3.0
firm,DATAKEY BİLİŞİM VE DANIŞMANLIK HİZMETLERİ LİMİTED ŞİRKETİ,3,3,True,1,custom_software_web_mobile,3.0
firm,DATAPLATFORM BİLGİ SİSTEMLERİ ANONİM ŞİRKETİ,1,1,True,4,other_IT,1.0
firm,DATAPROSES BİLİŞİM VE İLETİŞİM TEKNOLOJİLERİ SANAYİ VE TİCARET LİMİTED ŞİRKETİ.,1,1,False,-1,software_licences,1.0
firm,DATAPRİME BİLGİ TEKNOLOJİLERİ ANONİM ŞİRKETİ,3,3,True,9,software_licences,2.0
firm,DATASEC BİLİŞİM ÇÖZÜ MLERİ YAZ.İNŞ.SA N.TİC.LTD.ŞTİ.,2,2,True,2,custom_software_web_mobile,1.0
firm,DATASERV BİLİŞİM TE KNOLOJ.SINAİ EKİ PMAN VE TİC.A.Ş.,1,1,True,0,software_licences,1.0
firm,DATATEAM BİLGİ TEKNOLOJİLERİ ANONİM ŞİRKETİ,1,1,False,-1,other_IT,1.0
firm,DATNET MÜHENDİSLİK BİLİŞİM DANIŞMANLIK SANAYİ VE TİCARET LİMİTED ŞİRKETİ,2,3,True,1,computers_peripherals,2.0
firm,DB TEKNOLOJİ TİCARET A.Ş.,6,9,True,16,maintenance_support_services,2.0
firm,DBI BİLGİ VE İLETİŞİM TEKNOLOJİLERİ ANONİM ŞİRKETİ,7,7,True,2,software_licences,2.0
firm,DBM DİJİTAL BASKI MERK.MATB.YAY.REKL.VE TANIT. DIŞ TİC.LTD.Ş,1,1,False,-1,other_IT,1.0
firm,DBMASTER BİLGİ TEKNOLOJİLERİ ANONİM ŞİRKETİ,1,1,True,33,maintenance_support_services,1.0
firm,DCL BİLGİSAYAR SİSTEMLERİ TİC.VE SANLTD.ŞTİ.,5,5,True,31,custom_software_web_mobile,4.0
firm,DDI TEKNOLOJİ VE BİL İŞİM ÇÖZÜMLERİ L TD.ŞTİ.,3,3,True,16,ERP_management_software,1.0
firm,DDI TEKNOLOJİ VE BİLİŞİM ÇÖZÜMLERİ ARAŞTIRMA GELİŞETİRME HİZM.LTD.ŞTİ.,1,1,True,16,ERP_management_software,1.0
firm,DDS İLETİŞİM VE BİLİ ŞİM TİC VE SAN L TD ŞTİ.,1,1,True,25,network_datacentre_infrastructure,1.0
firm,DE BİLİŞİM HİZMETLERİ ANONİM ŞİRKETİ,1,3,True,0,maintenance_support_services,1.0
firm,DECOL STÜDYO YAZILIM TASARIM ANONİM ŞİRKETİ,1,1,False,-1,other_IT,1.0
firm,DEDİCA TEKNOLOJİ ANONİM ŞİRKETİ,3,3,True,10,custom_software_web_mobile,2.0
firm,DEFNE GRUP OTOMOTİV TAAHHÜT SANAYİ VE TİCARET LİMİTED ŞİRKETİ,1,2,True,4,custom_software_web_mobile,2.0
firm,DEHA DİJİTAL OFİS ÜRBİL.İL.SAN.VE TİC LTD.ŞTİ.,2,2,True,30,ERP_management_software,1.0
firm,DEKA BİLİŞİM KURUMSAL HİZMETLER SANAYİ VE TİCARET LİMİTED ŞİRKETİ,2,2,True,1,cybersecurity,2.0
firm,DEKON KONGRE VE TURİZM HİZM.A.Ş.,1,1,True,6,ERP_management_software,1.0
firm,DELPHİSONİC ELEKTRONİK ANONİM ŞİRKETİ,1,1,False,-1,custom_software_web_mobile,1.0
firm,DELTA PROSES OTOMASYON KONTROL VE ELEKTRONİK SİSTEMLERİ SANAYİ VE TİCARET LİMİTED ŞİRKETİ,1,1,True,7,smart_city_traffic_OT,1.0
firm,DELTOİD ELEKTRONİK SİSTEMLERİ TEKNOLOJİ VE İNŞAAT SANAYİ TİCARET LİMİTED ŞİRKETİ,2,2,True,25,computers_peripherals,2.0
firm,DEM ÇE İNŞ METAL ELEMAD GID TAAH SAN VETİC LTD ŞTİ.,2,2,True,20,computers_peripherals,2.0
firm,DEMAK HIRDAVAT MAKİNA ELEKTRİK İNŞAAT YEDEKPARÇA TAAHHÜT TİCARET VE SANAYİ LİMİTED ŞİRKETİ,1,1,True,8,network_datacentre_infrastructure,1.0
firm,DEMTAŞ BİLGİ SİSTEMLERİ VE TEKNOLOJİLERİ TİC.A.Ş.,2,4,True,4,custom_software_web_mobile,1.0
firm,DEMULAŞ MÜHENDİSLİK MÜŞAVİRLİK DANIŞMANLIK İTHALAT İHRACAT SANAYİ VE TİCARET LİMİTED ŞİRKETİ,1,1,False,-1,smart_city_traffic_OT,1.0
firm,DEMİR TEMİZLİK İLAÇLAMA BİLGİ SİSTEM MEDİKAL PETROL GIDA KUYUMCULUK ORGANİZASYON REKLAM NAKLİYAT İNŞAAT SANAYİ VE TİCARET LİMİTED ŞİRKETİ,1,2,True,36,health_information_systems,1.0
firm,DEN-BİL BİLGİSAYAR TELEKOMÜNİKASYON İNŞAAT SANAYİ VE TİCARET LİMİTED ŞİRKETİ,1,1,True,7,other_IT,1.0
firm,DENEYSAN EĞİTİM CİHA ZLARI SAN.VE TİC.LTD ŞTİ.,1,1,True,6,custom_software_web_mobile,1.0
firm,DENEYİM TEKN.ÜRÜN.ELBİLG.YAZ.TANIT.HİZ.TİC.LTD.ŞTİ.,1,1,True,2,custom_software_web_mobile,1.0
firm,DENGE BİLGİ SİSTEMLERİ SANAYİ VE TİCARET LİMİTED ŞİRKETİ,1,1,True,7,software_licences,1.0
firm,DENGE BİLİŞİM HİZMETLERİ TİCARET LTD.ŞTİ.,1,1,True,1,ERP_management_software,1.0
firm,DENGE ELEKTRONİK SAN AYİ VE TİCARET L TD.ŞTİ.,2,2,True,17,network_datacentre_infrastructure,2.0
firm,DENİZHAN PROFESYONEL SİTE VE BİNA YÖNTEMİ SOSYAL HİZMETLER TEMİZLİK DANIŞMANLIK GIDA SANAYİ VE TİCARET LİMİTED ŞİRKETİ,1,2,True,7,maintenance_support_services,1.0
firm,DERTA PROJE MÜHENDİSLİK ELEKTRİK İNŞAAT TAAHHÜT SANAYİ VE TİCARET LİMİTED ŞİRKETİ,1,1,True,20,custom_software_web_mobile,1.0
firm,DESCOM BİLİŞİM TEKNOLOJİLERİ SANAYİ VE TİCARET LTD.ŞTİ.,1,1,False,-1,cybersecurity,1.0
firm,DESTEK BİLGİSAYAR VE İLETİŞİM HİZ.TİC.A.Ş.,27,66,True,0,maintenance_support_services,8.0
firm,DESTEL BİLİŞİM ÇÖZÜMLERİ A.Ş.,3,3,True,22,network_datacentre_infrastructure,2.0
firm,DETAY BİLGİSAYAR SİS T.SAN.VE TİC.LTD .ŞTİ.,1,1,False,-1,computers_peripherals,1.0
firm,DETAY DANIŞMANLIK BİLGİS.HİZM.SAN.VEDIŞ TİC.A.Ş.,2,2,True,4,ERP_management_software,2.0
firm,DETAY DANIŞMANLIK BİLGİSAYAR HİZMETLERİ SANAYİ VE DIŞ TİCARET ANONİM ŞİRKETİ,1,1,True,4,ERP_management_software,1.0
firm,DETAY OTOMASYON SOSY AL HİZ.TAŞ.TEM.E.O.Ü O.T.İ.T.Y.R.S.T.LT.Ş,1,1,False,-1,network_datacentre_infrastructure,1.0
firm,DEVA YAZILIM BİLGİSAYAR OTOM.SAĞ.DANŞ.SAN.VE TİC.LTD.ŞTİ.,3,4,False,-1,health_information_systems,1.0
firm,DEVRAN BİLGİSAYAR İL ET.İNŞ.VE GIDA S AN.TİC.LTD.ŞTİ.,2,2,True,0,ERP_management_software,1.0
firm,DEVİNİM YAZILIM DONA NIM EĞİTİM TİCAR ET VE SAN.LTD.ŞT,1,1,True,0,maintenance_support_services,1.0
firm,DEVİNİM YAZILIM DONANIM EĞİTİM DANIŞMANLIK BİLGİSAYAR SİSTEMLERİ TİCARET VE SANAYİ LİMİTED ŞİRKETİ,1,3,True,9,education_technology,1.0
firm,DEZMED SAĞLIK TEMİZLİK MEDİKAL GERİ DÖNÜŞÜM İNŞAAT VE TAAHHÜT SANAYİ VE TİCARET LİMİTED ŞİRKETİ,1,1,False,-1,other_IT,1.0
firm,DGS İNŞAAT ELEKTRİK ELEKTRONİK SANAYİ VE TİCARET LİMİTED ŞİRKETİ,1,1,False,-1,physical_security_surveillance,1.0
firm,DICIWALL DİJİTAL MEDYA ANONİM ŞİRKETİ,3,3,True,21,custom_software_web_mobile,1.0
firm,DIGITAL DEALS TEKNOLOJİ HİZMETLERİ ANONİM ŞİRKETİ,1,1,False,-1,network_datacentre_infrastructure,1.0
firm,DMV BİLİŞİM VE REKLAMCILIK TİCARET LİMİTED ŞİRKETİ,1,1,True,4,network_datacentre_infrastructure,1.0
firm,DNA MEDYA ORGANİZASY ON DANIŞMANLIK S AN.VE TİC.LTD.ŞT,1,1,True,13,computers_peripherals,1.0
firm,DNB BİLİŞİM SANAYİ TİCARET LİMİTED ŞİRKETİ,1,1,True,30,education_technology,1.0
firm,DND YAZILIM BİLİŞİM TEKNOLOJİLERİ SANAYİ VE TİCARET LİMİTED ŞİRKETİ,1,1,False,-1,custom_software_web_mobile,1.0
firm,DNZ CATERING TEMİZLİK LİMİTED ŞİRKETİ,1,1,False,-1,ERP_management_software,1.0
firm,DOA BİLGİ TEKNOLOJİLERİ ANONİM ŞİRKETİ,1,1,True,3,ERP_management_software,1.0
firm,DOCUART BİLGİSAYAR V E İLET.ELK.SER.İ .T.G.P.S.VE T.LT,3,4,True,0,ERP_management_software,2.0
firm,DOCUART BİLGİSAYAR VE İLETİŞİM ELEKTRONİK SERVİS İNŞAAT TEKSTİL GIDA PAZARLAMA SANAYİ VE TİCARET LİMİTED ŞİRKETİ,1,1,False,-1,custom_software_web_mobile,1.0
firm,DOKTAR TEKNOLOJİ ANONİM ŞİRKETİ,1,1,True,10,custom_software_web_mobile,1.0
firm,DOKUNMATİK EKRAN TEKNOLOJİLERİ BİLİŞİM İNŞAAT SANAYİ TİCARET LİMİTED ŞİRKETİ,1,1,True,3,custom_software_web_mobile,1.0
firm,DONAN BİLGİSAYAR DIŞ TİCARET VE SANAYİ LİMİTED ŞİRKETİ,1,1,True,7,physical_security_surveillance,1.0
firm,DONAN BİLİŞİM ELEKTRONİK TEKSTİL SAĞLIK HİZMETLERİ İNŞAAT SANAYİ VE DIŞ TİCARET LİMİTED ŞİRKETİ,5,5,True,11,computers_peripherals,3.0
firm,DONAN BİLİŞİM TEKNOL İTH.İHR.SAN.TİC. LTD.ŞTİ,1,1,True,2,custom_software_web_mobile,1.0
firm,DONAN TEKNOLOJİ ÇÖZÜMLERİ PROJE ARGE VE DANIŞMANLIK TİCARET LİMİTED ŞİRKETİ,4,4,True,13,computers_peripherals,1.0
firm,DONBAY YAZILIM HİZMETLERİ SANAYİ VE TİCARET LİMİTED ŞİRKETİ,1,1,True,5,ERP_management_software,1.0
firm,DORUK HARİTA İNŞAATMÜH.TİC.LTD.ŞTİ.,1,1,True,10,GIS_city_information,1.0
firm,DOSBİL BİLGİSAYAR KİM.TEKS.DAY.TÜK.MAL.TMAL.GI. Tİ.VE SA.LT,11,11,True,8,network_datacentre_infrastructure,4.0
firm,DOTSOFT BİLİŞİM HİZM ETLERİ SANAYİ VE TİCARET LTD.ŞTİ.,1,1,False,-1,ERP_management_software,1.0
firm,DOĞA BÜRO ARAÇLARI TİCARET VE SERVİSLTD.ŞTİ.,1,1,True,21,computers_peripherals,1.0
firm,DOĞADAN GRUP ISITMA ENERJİ SİSTEMLERİ MADEN.BİLG.SİSTEMLERİ SAĞLIK VE EĞİTİM SAN.VE TİC.LTD.ŞTİ,1,1,True,19,physical_security_surveillance,1.0
firm,DOĞADAN GRUP ISITMA ENERJİ SİSTEMLERİ MADENCİLİK BİLGİSAYAR SİSTEMLERİ SAĞLIK VE EĞİTİM SANAYİ VE TİCARET LİMİTED ŞİRKETİ,1,1,True,13,physical_security_surveillance,1.0
firm,DOĞRU BİLGİ TEKNOLOJ İLERİ SANAYİ VE TİC. LTD.ŞT.,2,5,True,24,ERP_management_software,3.0
firm,DOĞUANADOLU ELEKTRONİK GÜVENLİK BİLGİSAYAR TEKNOLOJİ DIŞ TİCARET LİMİTED ŞİRKETİ,1,1,False,-1,physical_security_surveillance,1.0
firm,DOĞUMAK BÜRO SİSTEMLERİ İNŞAAT TİCARET VE SANAYİ LİMİTED ŞİRKETİ,4,4,True,5,custom_software_web_mobile,2.0
firm,DOĞUSAN BÜRO MAKİNALARI BİLGİSAYAR KIRTASİYE TEMİZLİK MOBİLYA SANAYİ VE TİCARET LİMİTED ŞİRKETİ,1,1,True,14,computers_peripherals,1.0
firm,DR DENTAL ELEKTRONİK İLİTİŞİM TİBBİ CİHAZLAR SANAYİ VE TİCARET LİMİTED ŞİRKETİ,1,1,True,0,GIS_city_information,1.0
firm,DR.NET BİLİŞİM BİLGİSAYAR ELEKTRONİK GÜVENLİK NETWORK SİSTEMLERİ OTOMOTİV İNŞAAT SANAYİ VE TİCARET LİMİTED ŞİRKETİ,1,2,True,37,computers_peripherals,2.0
firm,DRAMA MÜHENDİSLİK EĞİTİM DANIŞMANLIK HİZİNŞ.ELEK.SAN.TİC.LTD,1,1,True,16,cybersecurity,1.0
firm,DT TELEKOMÜNİKASYON BİLİŞİM VE DAYANIKLI TÜKETİM MALLARI SERVİS HİZM.TURİZM VE İNŞAAT TİC.LTD.ŞTİ.,1,1,True,4,network_datacentre_infrastructure,1.0
firm,DTEK BİLİŞİM SİSTEM VE ÇÖZÜMLERİ SANAYİ TİCARET LİMİTED ŞİRKETİ,1,1,True,2,ERP_management_software,1.0
firm,DUAL BİLGİ SİSTEMLERİ SANAYİ VE TİCARET LİMİTED ŞİRKETİ,1,1,False,-1,network_datacentre_infrastructure,1.0
firm,DUGAN BİLGİSAYAR VE ELK.HİZM.KIRT.SA N.VE TİC.LTD.ŞTİ,3,3,True,1,computers_peripherals,3.0
firm,DURANOĞULLARI OR.ÜR.GID.KO.MO.İ.NA.TTİC SAN.LTD.ŞTİ.,2,2,True,29,education_technology,1.0
firm,DURU BİLİŞİM TEKNOLOJİLERİ İLETİŞİM YAYINCILIK EĞİTİM İNŞAAT EMLAK ELEKTRONİK İTHALAT İHRACAT İÇ VE DIŞ TİCARET LİMİTED ŞİRKETİ,3,3,True,31,ERP_management_software,2.0
firm,DURUKAN SOSYAL HİZMETLER BİLİŞİM EĞİTİM DANIŞMANLIK PEYZAJ TEMİZLİK TURİZM İTHALAT İHRACAT SANAYİ VE TİCARET LİMİTED ŞİRKETİ,1,1,True,29,network_datacentre_infrastructure,1.0
firm,DY BİLGİ TEKNOLOJİLERİ SANAYİ VE TİCARET LİMİTED ŞİRKETİ,1,1,False,-1,ERP_management_software,1.0
firm,DÖRT MEVSİM ORMANCILIK MÜHENDİSLİK İNŞAAT SANAYİ VE TİCARET LİMİTED ŞİRKETİ,2,4,True,24,other_IT,1.0
firm,DÖRT US BİLİŞİM BİLGİSAYAR OTO KİRALAMA GIDA İNŞAAT REKLAMCILIK SANAYİ VE TİCARET LİMİTED ŞİRKETİ,1,1,True,18,maintenance_support_services,1.0
firm,DÖRT US BİLİŞİM SANAYİ VE TİCARET ANONİM ŞİRKETİ,4,5,True,2,cybersecurity,4.0
firm,DÜNYA BİLGİSAYAR ELEKTRİK VE İLE.SİSS.VE T.İT.İH.L.Ş,2,2,True,2,computers_peripherals,2.0
firm,DÜNYA HARİTA MÜHENDİ SLİK İNŞ.TAAH.SA N.TİC.LTD.ŞTİ,1,2,True,8,other_IT,1.0
firm,DÜNYA MÜHENDİSLİK Bİ LGİSAYAR SİS.VE İL.SAN.Tİ.LTD.ŞT,1,1,True,31,cybersecurity,1.0
firm,DÜNYAM SANAL MAĞAZACILIK BİLİŞİM İNŞAAT TEKSTİL SAN.VE DIŞ TİC.LTD.ŞTİ.,1,1,True,1,other_IT,1.0
firm,DİCLE LABORATUVAR EĞİTİM HİZMETLERİ SANAYİ VE TİCARET LİMİTED ŞİRKETİ,1,1,False,-1,education_technology,1.0
firm,DİFOSE BİLİŞİM BİLGİSAYAR EĞİTİM DANIŞMANLIK İTHALAT İHRACAT TİCARET LİMİTED ŞİRKETİ,1,1,True,0,network_datacentre_infrastructure,1.0
firm,DİGİTAL DREAM INFORMATİON TEKNOLOJİ BİLİŞİM VE TİCARET LİMİTED ŞİRKETİ,1,1,False,-1,custom_software_web_mobile,1.0
firm,DİGİTEK BİLİŞİM HİZMETLERİ ANONİM ŞİRKETİ,3,3,True,0,computers_peripherals,3.0
firm,DİGİTOLİA DİJİTAL ANADOLU TEKNOLOJİ SANAYİ VE TİCARET LİMİTED ŞİRKETİ,9,9,True,5,software_licences,3.0
firm,DİJİTAL ARŞİV BELGE BİLGİ TEKNOLOJİLERİ SANAYİ VE TİCARET ANONİM ŞİRKETİ,2,2,True,11,ERP_management_software,1.0
firm,DİJİTAL DÜNYA BİLİŞİM EĞİTİM SANAYİ TİCARET LİMİTED ŞİRKETİ,1,1,False,-1,cybersecurity,1.0
firm,DİJİTAL DÜNYA İLETİŞİM BİLGİSAYAR İŞLEM MERKEZİ SES VE GÖRÜNTÜ SİSTEMLERİ ELEKTRİKLİ VE ELEKTRONİK CİHAZLAR SANAYİ VE TİCARET LİMİTED ŞİRKETİ,9,10,True,5,software_licences,4.0
firm,DİJİTEK BİLGİ TEKNOLOJİLERİ BİLGİSAYAR YAZILIM EĞİTİM VE DANIŞMANLIK HİZMETLERİ SANAYİ VE TİCARET LİMİTED ŞİRKETİ,1,1,True,8,ERP_management_software,1.0
firm,DİJİTEK BİLGİSAYAR V E TEKNOLOJİ TİC. SAN.LTD.ŞTİ.,2,2,True,38,ERP_management_software,2.0
firm,DİJİTEK VİTAMİN YAZILIM BİLİŞİM HİZMETLERİ TAAHHÜT EĞİTİM SAĞLIK SANAYİ VE TİCARET LİMİTED ŞİRKETİ,1,1,True,8,ERP_management_software,1.0
firm,DİLARA BİLGİSAYAR ELEKTRONİK REKLAMCILIK İNŞAAT TURİZM SANAYİ VE TİCARET LİMİTED ŞİRKETİ.,1,1,False,-1,computers_peripherals,1.0
firm,DİNAMİK KIRTASİYE SPOR MALZEMELERİ GIDA TEKSTİL TEMİZLİK MOBİLYA KUYUMCULUK BİLGİSAYAR İNŞAAT SANAYİ VE TİCARET LİMİTED ŞİRKETİ.,1,1,False,-1,computers_peripherals,1.0
firm,DİYARBAKIR DEMİRCİOĞLU BİLGİSAYAR SİSTEMLERİ ELEKTRİK ELEKTRONİK NAKLİYAT GIDA TEMİZLİK İTHALAT İHRACAT SANAYİ TİCARET LİMİTED ŞİRKETİ,2,2,True,6,network_datacentre_infrastructure,2.0
firm,E KAMPÜS EĞİTİM YAZILIM VE DANIŞMANLIK ANONİM ŞİRKETİ,1,1,True,2,custom_software_web_mobile,1.0
firm,E MEKTEP EĞİTİM LİMİTED ŞİRKETİ,1,2,True,5,other_IT,1.0
firm,E ÇÖZÜM BİLİŞİM SANAYİ VE TİCARET ANONİM ŞİRKETİ,1,1,True,13,cybersecurity,1.0
firm,E&amp;K ARGE MÜHENDİSLİK DANIŞMANLIK TURİZM İNŞAAT ORMAN ÜRÜNLERİ ENERJİ SANAYİ TİCARET LİMİTED ŞİRKETİ,1,1,True,33,other_IT,1.0
firm,E-KALİTE YAZILIM DONANIM MÜHENDİSLİK TASARIM VE İNTERNET HİZMETLERİ SANAYİ TİCARET LİMİTED ŞİRKETİ,3,3,True,21,custom_software_web_mobile,2.0
firm,E-KENT GEÇİŞ SİSTEMLERİ VE BİLETLEME TEKNOLOJİLERİ A.Ş.,1,1,False,-1,smart_city_traffic_OT,1.0
firm,E-İMZA BİLİŞİM İLETİ ŞİM BİL GÜV HİZ ME PA SA TLTDŞTİ,1,1,True,29,maintenance_support_services,1.0
firm,E.K.S.ELEKTRONİK VEİLETİŞİM SİSTEMLERİ SANAYİ VE TİCARET LİMİTED ŞİRKETİ,1,1,True,2,other_IT,1.0
firm,E.M.N.EĞİTİM CİHAZLARI SANAYİ VE TİCARET LİMİTED ŞİRKETİ,2,2,True,11,custom_software_web_mobile,1.0
firm,EB TAŞIMACILIK MED.TUR.ORG.TEKS.İNŞ.SAN.VE TİC.LTD.ŞTİ,1,1,False,-1,custom_software_web_mobile,1.0
firm,EBTY YAZILIM DANIŞMANLIK TİCARET LİMİTED ŞİRKETİ,2,3,True,4,ERP_management_software,1.0
firm,EBİM BİLİŞİM ÇÖZÜMLERİ TIBBİ CİHAZ VE MALZEMELERİ SANAYİ VE DIŞ TİCARET LİMİTED ŞİRKETİ,1,1,True,5,software_licences,1.0
firm,EBİMTES BİLGİ TEKNO. SAN.VE TİC.LTD.Ş Tİ.,1,1,True,11,ERP_management_software,1.0
firm,ECO FİLO BİLGİ TEKNOLOJİLERİ TİCARET LİMİTED ŞİRKETİ,1,1,True,21,call_centre_helpdesk,1.0
firm,ECO NORM TEKNİK SERVİS HİZMETLERİ PAZARLAMA ÇEVRE VE İŞ GÜVENLİĞİ TEKNOLOJİLERİ TELEKOMİNİKASYON ELEKTRONİK SANAYİ TİCARET LİMİTED ŞİRKETİ,1,1,True,6,maintenance_support_services,1.0
firm,ECOLARIUM DİJİTAL TEKNOLOJİLER ANONİM ŞİRKETİ,2,2,True,21,ERP_management_software,2.0
firm,EDANOVA BİLİŞİM TEKNOLOJİLERİ ANONİM ŞİRKETİ,5,6,True,21,GIS_city_information,3.0
firm,EDM BİLİŞİM SİSTEMLERİ VE DANIŞMANLIK HİZMETLERİ ANONİM ŞİRKETİ,1,1,True,30,ERP_management_software,1.0
firm,EDULINE BİLİŞİM SAN.VE TİC.LTD.ŞTİ.,6,8,True,2,ERP_management_software,5.0
firm,EDUSANO BİLİŞİM YAZILIM TANITIM VE TASARIM HİZMETLERİ SANAYİ VE TİCARET LİMİTED ŞİRKETİ,4,10,True,4,network_datacentre_infrastructure,5.0
firm,EDİ TASARIM MİMARLIKELEK.REK.İNŞ.SAN.VE TİC.LTD.ŞTİ.,1,4,True,10,other_IT,1.0
firm,EFA BİLİŞİM YAZIL.DA NIŞ.BİLGİ.EĞİTİM SAN.VE TİC.LTD.Ş,2,2,False,-1,cybersecurity,2.0
firm,EFABRİKA BİLİŞİM TİCARET ANONİM ŞİRKETİ,1,1,False,-1,custom_software_web_mobile,1.0
firm,EFELER BİLİŞİM TEDARİK VE ORGANİZASYON LİMİTED ŞİRKETİ,1,1,True,25,software_licences,1.0
firm,EFEM TEKNİK SOSYAL HİZMETLER İNŞAAT TAAHHÜT TURİZM SANAYİ VE TİCARET LİMİTED ŞİRKETİ.,1,1,False,-1,ERP_management_software,1.0
firm,EFENDİ BİLİŞİM VE MÜHENDİSLİK LİMİTED ŞİRKETİ,2,2,True,6,ERP_management_software,2.0
firm,EFOR BİLİŞİM TEKNOLO JİLERİ SANAYİ VE TİC ARET LİMİTED ŞİRKETİ,3,3,True,16,ERP_management_software,3.0
firm,EFOR ETKİLEŞİM MERKEZİ YÖNETİM SİSTEMLERİ ANONİM ŞİRKETİ,2,2,True,21,call_centre_helpdesk,2.0
firm,EG YAZILIM DONANIM DANIŞMANLIK HİZMETLERİ LTD.ŞTİ.,9,16,True,39,ERP_management_software,4.0
firm,EGA ELEKTRONİK GÜVENLİK ALTYAPISI ANONİM ŞİRKETİ,3,3,True,0,custom_software_web_mobile,3.0
firm,EGE BİMTES BİLGİ İŞLEM MAKİNALARI TEKNİK SERVİS SANAYİ VE TİCARET LİMİTED ŞİRKETİ,2,2,True,14,software_licences,1.0
firm,EGE TETA ELEKTRONİKSAN.VE TİC.LTD.ŞTİ.,3,3,True,13,physical_security_surveillance,2.0
firm,EGESOFT BİLGİ TEKNOLOJİ SAN.TİC.LTD.ŞTİ.,22,28,True,1,health_information_systems,2.0
firm,EGROUP TIBBİ CİHAZLAR TEKNOLOJİ DANIŞMANLIK İNŞAAT İTHALAT İHRACAT LİMİTED ŞİRKETİ,1,1,True,5,software_licences,1.0
firm,EKO ELEKTRONİK KORUMA VE BİLGİSAYARTEK.SAN.TİC.LTD.,1,1,False,-1,physical_security_surveillance,1.0
firm,EKOBİL KURUMSAL HİZMET VE TEKNOLOJİ ÜRÜNLERİ BİLGİSAYAR SANAYİ VE TİCARET LTD.ŞTİ.,1,1,False,-1,network_datacentre_infrastructure,1.0
firm,EKON EĞİTİM REKLAM BİLİŞİM VE DANIŞMANLIK ANONİM ŞİRKETİ,3,3,True,0,cybersecurity,2.0
firm,EKONT BİLGİSAYAR REK .İNŞ.GIDA DIŞ Tİ C.SAN.VE TİC.LTD,1,1,False,-1,maintenance_support_services,1.0
firm,EKS-PA BİLGİSAYAR PAZARLAMA VE TİCARET A.Ş.,6,10,True,0,software_licences,4.0
firm,EKSERA ELEKTRONİK Bİ LGİSAYAR HİZ.SAN VE TİC.LTD.ŞTİ.,1,1,True,4,network_datacentre_infrastructure,1.0
firm,EKSPAR OTOMOTİV BİLİŞİM HİZMETLERİ ANONİM ŞİRKETİ,1,1,True,2,education_technology,1.0
firm,EKSPERCE BİLGİSAYARVE BİLGİ İŞLEM SAN.VE TİC.LTD.ŞT,2,2,False,-1,computers_peripherals,1.0
firm,EKSPRES ELEKTRONİK E GİTİM ÖĞR. GIDA SAN.TİC.LTD.ŞTİ.,2,2,True,9,computers_peripherals,2.0
firm,EKSTREM BİR BİLGİSAYAR DANIŞMANLIK İÇ VE DIŞ TİCARET LİMİTED ŞİRKETİ,3,4,True,1,health_information_systems,1.0
firm,EKİM HARİTA İNŞAAT TURİZM SAN.VE TİC.LTD.ŞTİ.,1,1,True,8,other_IT,1.0
firm,EKİN SOFTWARE TEKNOLOJİ SANAYİ VE TİCARET ANONİM ŞİRKETİ,6,6,True,20,physical_security_surveillance,1.0
firm,EKİN TEKNOLOJİ SAN.VE TİC.A.Ş.,6,7,True,20,physical_security_surveillance,1.0
firm,EKİNOKS YAZILIM DONANIM DANIŞMANLIK ELEKTRONİK İNŞAAT HARİTA VE MÜHENDİSLİK HİZMETLERİ SANAYI TİCARET LİMİTED ŞİRKETİ,2,2,True,0,ERP_management_software,2.0
firm,EL-KA BÜRO MAKİNALARI BİLGİSAYAR SATIŞ VE SERVİS TİCARET LİMİTED ŞİRKETİ,1,2,False,-1,computers_peripherals,1.0
firm,ELADA TEKNOLOJİ ANONİM ŞİRKETİ,1,2,True,0,ERP_management_software,2.0
firm,ELAPRO AJANS YAPIM REKLAM ORGANİZASYON TİCARET LİMİTED ŞİRKETİ,1,2,True,3,ERP_management_software,1.0
firm,ELAZIĞ ZEMİN HARİTA MÜHENDİSLİK MÜTEAHHİTLİK SANAYİ VE TİCARET LİMİTED ŞİRKETİ,1,1,True,15,GIS_city_information,1.0
firm,ELECTROER MÜHENDİSLİK ELEKTRİK ELEKTRONİK TAAHHÜT TİCARET SANAYİ LİMİTED ŞİRKETİ,2,2,True,23,physical_security_surveillance,1.0
firm,ELEKTROLİNE BÜRO MAKİNALARI SANAYİ VE TİCARET LİMİTED ŞİRKETİ,1,1,True,21,other_IT,1.0
firm,ELEKTROSER BÜRO MAKİNALARI TEKNİK SERVİS SANAYİ VE TİCARET LTD.ŞTİ.,2,2,True,13,computers_peripherals,1.0
firm,ELEKTROTEL TELEKOM ELEKTRONİK TURİZM İNŞAAT GIDA SANAYİ VE TİCARET LİMİTED ŞİRKETİ,7,13,True,34,health_information_systems,2.0
firm,ELEKTROVİSİON GÜVENLİK OTOMASYON SİSTEMLERİ ELEKTRİK TELEKOMÜNİKASYON İNŞAAT SANAYİ VE TİCARET LİMİTED ŞİRKETİ,2,4,True,33,physical_security_surveillance,1.0
firm,ELEMENT BİLGİSAYAR YAZILIM DON.MÜŞ.VE D.H.S.VE T.LTD,5,6,True,10,ERP_management_software,1.0
firm,ELFA BİLGİ VE İLETİŞİM SİSTEMLERİ SAN.VE TİC.LTD.ŞTİ,2,3,True,8,network_datacentre_infrastructure,2.0
firm,ELFANET BİLİŞİM ANONİM ŞİRKETİ,4,9,True,8,cybersecurity,3.0
firm,ELFCAN TEKNOLOJİ ANONİM ŞİRKETİ,2,2,True,9,education_technology,2.0
firm,ELMER YAZILIM DANIŞMANLIK VE TİCARET LİMİTED ŞİRKETİ,2,2,True,0,custom_software_web_mobile,2.0
firm,ELSA BİLİŞİM ANONİM ŞİRKETİ,6,7,True,31,network_datacentre_infrastructure,1.0
firm,ELSA MÜHENDİSLİK MÜŞAVİRLİK VE ORMANCILIK SANAYİ TİCARET LİMİTED ŞİRKETİ,2,3,True,24,other_IT,1.0
firm,ELSA ORTOPEDİ REHABİLİTASYON VE SPOR MALZEMELERİ İÇ VE DIŞ TİCARET LİMİTED ŞİRKETİ,1,1,False,-1,custom_software_web_mobile,1.0
firm,ELSA TEKNOLOJİK ÜRÜNLER SANAYİ VE TİCARET LİMİTED ŞİRKETİ,1,1,True,0,ERP_management_software,1.0
firm,ELTEM-TEK ELEKTRİK TESİSLERİ MÜHENDİSLİK MÜTEAHHİTLİK DANIŞMANLIK VE TİCARET ANONİM ŞİRKETİ,1,1,True,35,custom_software_web_mobile,1.0
firm,ELİPS ELEKTRONİK SAN .VE TİC.LTD.ŞTİ.,32,34,True,19,software_licences,6.0
firm,ELİS DANIŞMANLIK BİL GİSAYAR YAZ.TURZ SAN.VE TİC.LTD.Ş,1,1,True,24,custom_software_web_mobile,1.0
firm,ELİT ARGE YAZILIM BİLİŞİM PROJE REKLAM DANIŞMANLIK SANAYİ VE TİCARET LİMİTED ŞİRKETİ,1,1,True,0,software_licences,1.0
firm,ELİT ELEKTRONİK GÜVENLİK SİSTEMLERİ İNŞAAT TAŞIMACILIK TURİZM SANAYİ VE TİCARET LİMİTED ŞİRKETİ,1,1,True,11,physical_security_surveillance,1.0
firm,EMAK ELEKTRONİK PETROL NAKLİYE TEKSTİL İNŞAAT GIDA TEMİZLİK SANAYİ VE TİCARET LİMİTED ŞİRKETİ,1,1,False,-1,custom_software_web_mobile,1.0
firm,EMAK MOBİLYA İNŞAAT GIDA TAŞIMACILIK TEKSTİL SANAYİ VE TİCARET LİMİTED ŞİRKETİ,1,1,False,-1,custom_software_web_mobile,1.0
firm,EMAK ORMANCILIK MÜHENDİSLİK MÜŞAVİRLİK VE ORGANİZASYON HİZMETLERİ TİCARET LİMİTED ŞİRKETİ,1,1,False,-1,other_IT,1.0
firm,EMAY KIRTASİYE İNŞAAT NAKLİYE MADENCİLİK SANAYİ VE TİCARET LİMİTED ŞİRKETİ,1,1,False,-1,other_IT,1.0
firm,EMFA YAZILIM DANIŞMANLIK ANONİM ŞİRKETİ,1,1,True,0,ERP_management_software,1.0
firm,EMFA YAZILIM DANIŞMANLIK ELEKTRONİK İLETİŞİM TEKNOLOJİLERİ VE ORGANİZASYON SANAYİ VE TİCARET LİMİTED ŞİRKETİ,2,2,True,9,ERP_management_software,2.0
firm,EML ELEKTRONİK SİSTEMLER SANAYİ ANONİM ŞİRKETİ,1,1,True,0,cybersecurity,1.0
firm,EMO ENGELLİ MALZ. VETEKN.SAN.DIŞ TİC.LTDŞTİ.,1,1,False,-1,education_technology,1.0
firm,EMPATİK İNSAN KAYNAK LARI EĞİTİM VE D ANŞ.LTD.ŞTİ.,2,4,True,3,ERP_management_software,1.0
firm,EMSA GRUP DEMİR ÇELİ K İNŞ.MAK.VE MAD.SAN TİC.LTD.ŞTİ.,1,1,True,31,GIS_city_information,1.0
firm,EMSAL BİLİŞİM MEDİKAL ELEKT.OTOMASYON SİST.SAN.TİC.LTD.ŞTİ.,8,10,True,21,ERP_management_software,3.0
firm,EMSAL MÜHENDİZLİK TAAHHÜT YAZILIM İNŞAAT ELEKTRİK İNSAN KAYNAKLARI İLETİŞİM SANAYİ VE TİCARET LİMİTED ŞİRKETİ,1,1,True,5,custom_software_web_mobile,1.0
firm,EMSE ELEKTRO MEKANİK SİSTEMLER ENDÜSTRİSİ MÜHENDİSLİK SANAYİ VE TİCARET ANONİM ŞİRKETİ.,1,1,True,7,computers_peripherals,1.0
firm,EMT ELEKTRONİK MÜHENDİSLİK SAN.VE TİC.LTD.ŞTİ.,4,15,True,0,maintenance_support_services,4.0
firm,EMİ GRUP BİLGİ TEKNOLOJİLERİ ANONİM ŞİRKETİ,2,2,True,7,GIS_city_information,1.0
firm,EMİN BİLİŞİM İNŞAAT TEMİZLİK MOBİLYA KIRTASİYE SANAYİ VE TİCARET LİMİTED ŞİRKETİ,1,1,True,19,computers_peripherals,1.0
firm,EMİTURK ELEKTRONİK SAN.VE TİC.LTD.ŞT,7,7,True,22,ERP_management_software,2.0
firm,ENARTEC TEKNOLOJİ VE MÜHENDİSLİK ANONİM ŞİRKETİ,1,1,True,2,custom_software_web_mobile,1.0
firm,ENDERUN BİLGİ TEKNOL OJİLERİ DANIŞMAN LIK TİC.LTD.ŞTİ.,1,1,True,4,ERP_management_software,1.0
firm,ENDOKS ENERJİ DAĞITI M SİST.SAN.İTH.V E İHR.LTD.ŞTİ.,1,1,True,0,custom_software_web_mobile,1.0
firm,ENES BOZKUŞ KIRTASİYE BİLGİSAYAR İNŞAAT TEMİZLİK MADDELERİ TEKSTİL SANAYİ VE TİCARET LİMİTED ŞİRKETİ,1,2,False,-1,computers_peripherals,1.0
firm,ENES GIDA TEKSTİL TEMİZLİK CANLI HAYVAN VE ÜRÜNLERİ İLETİŞİM MEDİKAL YAKIT TİCARET VE SANAYİ LİMİTED ŞİRKETİ,1,1,False,-1,other_IT,1.0
firm,ENFO BİLİŞİM ANONİM ŞİRKETİ,7,7,True,5,ERP_management_software,2.0
firm,ENKONET İLETİŞİM HİZMETLERİ SANAYİ VE TİCARET LİMİTED ŞİRKETİ,1,1,True,21,call_centre_helpdesk,1.0
firm,ENORM TEKNOLOJİ VE YAZILIM ANONİM ŞİRKETİ,3,3,True,7,software_licences,2.0
firm,ENOSİM MÜHENDİSLİK VE DANIŞMANLIK ENERJİ OTOMASYON SİSTEMLERİ TAAHHÜT SANAYİ TİCARET LİMİTED ŞİRKETİ,1,1,True,4,smart_city_traffic_OT,1.0
firm,ENOVAS MÜHENDİSLİK DANIŞMANLIK BİLGİSAYAR SANAYİ VE TİCARET LİMİTED ŞİRKETİ,1,1,True,2,custom_software_web_mobile,1.0
firm,ENS YAZILIM VE BİLİŞİM TEKNOLOJİLERİ TİCARET LİMİTED ŞİRKETİ,1,2,True,37,maintenance_support_services,2.0
firm,ENSO ELEKTRİK MÜHENDİSLİK MÜŞAVİRLİK LİMİTED ŞİRKETİ,1,1,False,-1,education_technology,1.0
firm,ENTEGRE ENFORMASYON SİSTEMLERİ EĞİTİM DANIŞMANLIK TİCARET ANONİM ŞİRKETİ,14,19,True,1,health_information_systems,2.0
firm,ENTEGRES BİLGİ VE İLETİŞİM TEKNOLOJİLERİ SANAYİ VE TİCARET ANONİM ŞİRKETİ,11,12,True,23,software_licences,3.0
firm,ENTEGRES BİLİŞİM TEKNOLOJİLERİ LİMİTED ŞİRKETİ,37,51,True,32,network_datacentre_infrastructure,9.0
firm,"ENTEGRES BİLİŞİM TEKNOLOJİLERİ LİMİTED ŞİRKETİ, NETRA TELEKOMÜNİKASY ON VE İLETİŞİM HİZ.S AN.TİC.LTD.ŞTİ.",2,2,True,32,network_datacentre_infrastructure,2.0
firm,"ENTEGRES BİLİŞİM TEKNOLOJİLERİ LİMİTED ŞİRKETİ, İNSPİRİT BİLGİ TEKNOLOJİLERİ YAZILIM DANIŞMANLIK TİC.LTD.ŞTİ Ortak Girişimi",1,1,True,1,software_licences,1.0
firm,ENTERPRİSECODİNG YAZILIM VE DANIŞMANLIK TİCARET LİMİTED ŞİRKETİ,1,1,True,22,custom_software_web_mobile,1.0
firm,ENTİ MÜH.MÜŞ.PRJ.İNŞÇE.EL.ELKT.İT.İH.SAN.VE TİC.LTD.Ş,1,1,True,4,software_licences,1.0
firm,ENVEST ENERJİ VE SU TEKNOLOJİLERİ SANAYİ TİCARET LİMİTED ŞİRKETİ,1,1,True,10,smart_city_traffic_OT,1.0
firm,ENÇA İLETİŞİM İNŞ.ELEKT.NAK.TAAH.TUR.PET.ÜRÜNSAN.TİC.LTD.ŞTİ,1,1,True,20,computers_peripherals,1.0
firm,ENİGMUS TEKNOLOJİ TAAHHÜT ANONİM ŞİRKETİ,2,2,True,4,ERP_management_software,2.0
firm,EPATİ BİLİŞİM TEKN.SAN.VE TİC.LTD.ŞTİ,2,2,True,24,custom_software_web_mobile,2.0
firm,EPLATFORM BULUT BİLİŞİM A.Ş.,1,1,True,0,ERP_management_software,1.0
firm,EPRA ELEKTRİK ENERJİ İNŞAAT VE TİCARET LİMİTED ŞİRKETİ,1,1,True,0,custom_software_web_mobile,1.0
firm,EPSİLON ELEKTRONİK SAN.VE TİC.A.Ş.,1,1,False,-1,custom_software_web_mobile,1.0
firm,EPİK MOBİL YAZILIM TİCARET LİMİTED ŞİRKETİ,1,1,True,0,custom_software_web_mobile,1.0
firm,EPİTEL İLETİŞİM SANAYİ VE TİCARET LİMİTED ŞİRKETİ,5,6,True,3,software_licences,5.0
firm,ER GÖK-TUĞ TURİZM TA Ş.GID.HAY.REK.İN TEM.SAN.TİC.LTD.,1,1,False,-1,maintenance_support_services,1.0
firm,ER-MA SOSYAL HİZMETLER ÖZEL GÜVENLİK GIDA İNŞAAT NAKLİYAT TAAHHÜT VE TİCARET LİMİTED ŞİRKETİ,2,2,True,19,health_information_systems,2.0
firm,ERAL BİLGİSAYAR YAZILIM SANAYİ VE TİCARET LİMİTED ŞİRKETİ.,2,2,True,28,computers_peripherals,1.0
firm,ERATECH TEKNOLOJİ Sİ STEMLERİ SAN.TİC .A.Ş.,1,1,True,23,physical_security_surveillance,1.0
firm,ERATIP SAĞLIK ÜRÜNLERİ SAN.VE DIŞ TİC.LTD.ŞTİ.,1,1,True,13,computers_peripherals,1.0
firm,ERB TEKNOLOJİ VE BİLİŞİM HİZMETLERİ SANAYİ VE TİCARET ANONİM ŞİRKETİ,1,1,True,0,physical_security_surveillance,1.0
firm,ERBA GRUP MEDİKAL PAZARLAMA İÇ VE DIŞ TİCARET LİMİTED ŞİRKETİ,1,1,False,-1,other_IT,1.0
firm,ERBAY GES ENERJİ ELKBİL.ELK.TAH.İT.İH.SAVE TİC.LTD.ŞTİ.,1,1,True,22,other_IT,1.0
firm,ERBİL COMPUTER İNŞAAT TURİZM SANAYİ VE TİCARET LİMİTED ŞİRKETİ.,1,1,True,8,network_datacentre_infrastructure,1.0
firm,ERCANLAR DAYANIKLI TÜKETİM MALLARI VE KIRTASİYE TURİZM TİCARET SANAYİ LİMİTED ŞİRKETİ,2,2,True,8,computers_peripherals,1.0
firm,ERCOŞKUN BİLGİSAYAR YAZILIM DONANIM VE DANIŞMANLIK HİZMETLERİ LİMİTED ŞİRKETİ,1,1,False,-1,physical_security_surveillance,1.0
firm,ERDEM BÜRO MOBİLYALARI SANAYİ VE TİCARET ANONİM ŞİRKETİ,1,1,False,-1,ERP_management_software,1.0
firm,ERETNA KIRTASİYE İNŞAAT OTOMOTİV SANAYİ VE TİCARET LİMİTED ŞİRKETİ,1,1,False,-1,computers_peripherals,1.0
firm,ERGUN MEDİKAL BİLİŞİM SANAYİ VE TİCARET LİMİTED ŞİRKETİ,1,1,False,-1,custom_software_web_mobile,1.0
firm,ERGUVAN BİLİŞİM SAN. VE TİC.A.Ş.,14,25,True,26,health_information_systems,3.0
firm,ERGUVAN ORMANCILIK FİDANCILIK PEYZAJ VE İNŞAAT MÜHENDİSLİK MÜŞAVİRLİK İTHALAT İHRACAT PAZARLAMA SANAYİ TİCARET LİMİTED ŞİRKETİ,2,2,False,-1,custom_software_web_mobile,1.0
firm,ERHAN REKLAM VE MATBAACILIK TANITIM HİZMETLERİ SANAYİ VE TİCARET LİMİTED ŞİRKETİ,1,1,True,6,GIS_city_information,1.0
firm,ERKO BİLGİSAYAR TİCARET VE SANAYİ LİMİTED ŞİRKETİ,1,1,False,-1,physical_security_surveillance,1.0
firm,ERKİN BİLİŞİM İLETİŞİM GÜVENLİK İNŞAAT SANAYİ VE TİCARET LİMİTED ŞİRKETİ,1,1,True,5,physical_security_surveillance,1.0
firm,ERLAB YAZILIM VE BİLİŞİM HİZMETLERİ HAYVANCILIK GIDA İNŞAAT TAAHHÜT SANAYİ TİCARET LİMİTED ŞİRKETİ,1,1,True,7,education_technology,1.0
firm,ERNST YOUNG KURUMSAL FİNANSMAN DANIŞM ANLIK A.Ş,1,1,True,4,custom_software_web_mobile,1.0
firm,ERSEL İNŞAAT İMAR PLANLAMA MÜH.VE TİC.LTD.ŞTİ.,6,6,True,3,GIS_city_information,1.0
firm,ESC BİLGİ İŞLEM YAZI LIM DANŞ.VE REK. TİC.LTD.ŞTİ.,1,1,True,27,software_licences,1.0
firm,ESC MÜHENDİSLİK ANONİM ŞİRKETİ,3,3,True,5,ERP_management_software,3.0
firm,ESCAPE BİLGİSAYAR İN TAŞ.DAY.TÜK.GIDA MAD.SAN.TİC.LTD.,1,1,False,-1,physical_security_surveillance,1.0
firm,ESEN ENTEGRE HİZMET YÖNETİMİ SANAYİ VE TİCARET LİMİTED ŞİRKETİ,2,2,True,16,GIS_city_information,1.0
firm,ESENGÜL DAYANIKLI TÜKETİM MALLARI TİCARET LİMİTED ŞİRKETİ,1,1,True,3,computers_peripherals,1.0
firm,ESKER İNŞAAT TAAHHÜT ENERJİ ÜRETİM GIDA VE DERİ MAMULLERİ SANAYİ VE TİCARET ANONİM ŞİRKETİ,1,1,True,6,computers_peripherals,1.0
firm,ESKON ESENLER İNŞAAT SANAYİ VE TİCARET ANONİM ŞİRKETİ.,1,1,True,3,software_licences,1.0
firm,ESRİ BİLGİ SİSTEMLERİ MÜHENDİSLİK VE EĞİTİM LİMİTED ŞİRKETİ,4,4,True,6,GIS_city_information,1.0
firm,ESTEP BİLİŞİM ARAŞTIRMA AJANS EĞİTİM DANIŞMANLIK HİZMETLERİ SANAYİ VE TİCARET LİMİTED ŞİRKETİ,4,7,True,9,custom_software_web_mobile,3.0
firm,ESTEPETA ORGANİZASYON SANAYİ VE TİCARET LİMİTED ŞİRKETİ,1,1,True,4,ERP_management_software,1.0
firm,ESİM BİLG.MAKİNLR.VE PRĞ.İTH-İHR.TİC. VE SAN.LTD.ŞTİ.,3,3,True,32,health_information_systems,1.0
firm,ESİSTEM BİLGİSAYAR SARF MALZEMELERİ İHRACAT İTHALAT VE TİCARET ANONİM ŞİRKETİ,1,1,True,9,computers_peripherals,1.0
firm,ETA ELEKTRONİK YAZILIM İMALAT SANAYİ TİCARET LİMİTED ŞİRKETİ,1,2,True,20,physical_security_surveillance,1.0
firm,ETGİ GRUP BİLİŞİM TEKNOLOJİLERİ YAZILIM DONANIM BİLGİSAYAR MİMARLIK MÜHENDİSLİK İNŞAAT TAAHHÜT İTHALAT İHRACAT TİCARET ANONİM ŞİRKETİ,2,5,True,11,custom_software_web_mobile,1.0
firm,ETHA MÜHENDİSLİK GÜVENLİK SİSTEMLERİ ELEKTRİK MAKİNA İNŞAAT NAKLİYAT SANAYİ VE TİCARET LİMİTED ŞİRKETİ.,1,1,True,9,ERP_management_software,1.0
firm,ETİQA BİLİŞİM HİZMETLERİ ANONİM ŞİRKETİ,2,3,True,35,education_technology,2.0
firm,ETİYA BİLGİ TEKNOLOJİLERİ YAZILIM SANAYİ VE TİCARET ANONİM ŞİRKETİ,1,1,True,22,education_technology,1.0
firm,EVA YAZILIM BİLİŞİM İLETİŞİM EĞİTİM ULAŞTIRMA MAKİNA MALZEME İNŞAAT SANAYİ TİCARET LİMİTED ŞİRKETİ,1,1,True,7,computers_peripherals,1.0
firm,EVANT TEKNOLOJİ BİLGİSAYAR YAZILIM VE DONANIMLARI İNŞAAT SANAYİ VE TİCARET LİMİTED ŞİRKETİ,2,4,True,4,custom_software_web_mobile,4.0
firm,EVATECH BİLGİ TEKNOLOJİLERİ DANIŞMANLIK MEDİKAL SANAYİ VE TİCARET LİMİTED ŞİRKETİ,2,2,True,22,cybersecurity,2.0
firm,EVKAL YAZILIM EĞİTİM DANIŞMANLIK TASARIM SAĞLIK HİZMETLERİ TİCARET VE SANAYİ LİMİTED ŞİRKETİ,1,1,True,31,ERP_management_software,1.0
firm,EVREKA BİLİŞİM TEKNOLOJİLERİ SANAYİVE TİC.LTD.ŞTİ.,1,1,True,3,ERP_management_software,1.0
firm,EVREKA YAZILIM DONANIM DANIŞMANLIK EĞİTİM SANAYİ VE TİCARET ANONİM ŞİRKETİ,1,1,False,-1,ERP_management_software,1.0
firm,EVREN BİLGİSAYAR MEDKIR.PVC.DOĞ.İNŞ.GID.SN.T.LTD.ŞTİ,12,19,True,20,computers_peripherals,5.0
firm,EVSA TİCARET KAĞIT ÜRÜNLERİ BİLİŞİM VE MEDİKAL ANONİM ŞİRKETİ,1,1,True,30,network_datacentre_infrastructure,1.0
firm,EXABİLTEKNOLOJİ SİSTEMLERİ PAZARLAMA BİLİŞİM SANAYİ VE TİCARET LİMİTED ŞİRKETİ.,2,3,True,0,maintenance_support_services,2.0
firm,EXEN ERP YAZILIM DANIŞMANLIK SANAYİ TİCARET ANONİM ŞİRKETİ,1,1,False,-1,network_datacentre_infrastructure,1.0
firm,EXPER BİLGİSAYAR SİS TEMLERİ SANAYİ VE Tİ C.ARET A.Ş.,1,2,True,28,custom_software_web_mobile,1.0
firm,EXPERIAN BİLGİ HİZMETLERİ LİMİTED ŞİRKETİ,1,1,True,33,software_licences,1.0
firm,EXPERT BİLGİSAYAR SOSYAL HİZMETLER İNŞAAT OTOMOTİV TURİZM SANAYİ TİCARET LİMİTED ŞİRKETİ,1,1,False,-1,physical_security_surveillance,1.0
firm,EYLÜL GROUP MADEN İŞLETMECİLİĞİ İNŞAAT LOJİSTİK ENDÜSTRİYEL TEMİZLİK TAAHHÜT TURİZM TİCARET ANONİM ŞİRKETİ,1,2,True,5,computers_peripherals,1.0
firm,EYÖNTEM EĞİTİM VE DANIŞMANLIK ANONİM ŞİRKETİ,3,3,True,13,custom_software_web_mobile,2.0
firm,EŞKOM BİLGİSAYAR SAN AYİ TİCARET A.Ş.,6,6,True,6,ERP_management_software,2.0
firm,F.I.T. BİLGİ İŞLEM SİSTEMLERİ SERVİSLERİ SANAYİ VE TİCARET ANONİM ŞİRKETİ,1,1,True,4,ERP_management_software,1.0
firm,F.I.T.BİLGİ İŞLEM Sİ STEMLERİ SERV.SA N.VE TİC.LTD.ŞTİ,1,1,False,-1,ERP_management_software,1.0
firm,F1 TEKNOLOJİ BİLGİSA YAR GÜVENLİK SİS SAN.VE TİC.LTD.Ş,1,1,True,11,custom_software_web_mobile,1.0
firm,F1 TEKNOLOJİ BİLGİSAYAR GÜVENLİK SİSTEMLERİ SANAYİ VE TİCARET ANONİM ŞİRKETİ,3,5,True,16,software_licences,2.0
firm,F2 CONNECT ELEKTRİK ELEKTRONİK SANAYİ VE TİCARET LİMİTED ŞİRKETİ,1,1,True,3,maintenance_support_services,1.0
firm,FALEZ MEDİKAL TİCARET LTD.ŞTİ.,1,1,True,1,other_IT,1.0
firm,FAMAL KABLO VE ELEKT RİK SAN.VE TİC.L TD.ŞTİ.,1,1,False,-1,physical_security_surveillance,1.0
firm,FASTCOM BİLGİSAYAR V E GIDA HİZ.LTD.Ş Tİ.,1,1,False,-1,custom_software_web_mobile,1.0
firm,FASTSOFT BİLİŞİM TEKNOLOJİ ANONİM ŞİRKETİ,9,10,True,1,ERP_management_software,1.0
firm,FAZİLET TİCARETTURİZM SANAYİLTD ŞTİ,2,2,True,18,computers_peripherals,2.0
firm,FBN FİNANS VE YÖNETİM DANIŞMANLIĞI LİMİTED ŞİRKETİ,1,1,True,4,maintenance_support_services,1.0
firm,FDN SOFT BİLGİSAYAR İNŞ.TEM.TEKS.GID.PAZ .SAN.VE TİC.LTD.ŞTİ.,1,1,False,-1,health_information_systems,1.0
firm,FDN SOFT BİLİŞİM TEKNOLOJİLERİ .SAN.TİC.LTD.ŞTİ.,1,1,True,3,computers_peripherals,1.0
firm,FEBRİCS BİLİŞİM ENERJİ İNŞAAT TEKSTİL GIDA İÇ VE DIŞ TİCARET LİMİTED ŞİRKETİ,1,1,True,6,software_licences,1.0
firm,FENER TEKNOLOJİ VE BİLİŞİM DANIŞMANLIK ANONİM ŞİRKETİ,2,2,True,3,cybersecurity,1.0
firm,FENET BİLGİ TEKNOLOJİLERİ LİMİTED ŞİRKETİ,1,1,True,0,software_licences,1.0
firm,FENİKS DİJİTAL TEKNOLOJİ HİZMETLERİ TİCARET ANONİM ŞİRKETİ,1,1,True,4,maintenance_support_services,1.0
firm,FERAM TURİZM ORGANİZASYON NAKLİYE SERVİS TAŞIMACILIĞI İNŞAAT TEMİZLİK PERSONEL HİZMETLERİ SANAYİ VE TİCARET LİMİTED ŞİRKETİ,2,4,True,22,custom_software_web_mobile,3.0
firm,FERMUR HARİTA İNŞAAT SANAYİ VE TİC.LTD.ŞTİ,1,1,True,9,ERP_management_software,1.0
firm,FEROFEN BİLİŞİM ANONİM ŞİRKETİ,1,2,True,6,ERP_management_software,2.0
firm,FERTECH YAZILIM VE BİLİŞİM TEK.EĞ.DAN.S.T.L.Ş.,1,1,False,-1,maintenance_support_services,1.0
firm,FGA MİMARLIK BİLGİSAYAR ELEKT.İNŞ.TURZ.SAN.VE TİC.LT,2,3,True,21,custom_software_web_mobile,2.0
firm,FGA MİMARLIK BİLGİSAYAR ELEKTRONİK İNŞAAT TURİZM SANAYİ VE TİCARET LİMİTED ŞİRKETİ,1,1,True,31,software_licences,1.0
firm,FITAY IT DANIŞMANLIK BİLİŞİM SİSTEMLERİ LİMİTED ŞİRKETİ,1,1,True,0,ERP_management_software,1.0
firm,FLORA ORMANCILIK SANAYİ VE TİCARET LİMİTED ŞİRKETİ,1,1,False,-1,GIS_city_information,1.0
firm,FMB HIRDAVAT MAKİNA ELEKTRİK İNŞAAT YEDEK PARÇA TAAHHÜT TİCARET VE SANAYİ LİMİTED ŞİRKETİ,2,3,True,30,computers_peripherals,2.0
firm,FOKUS GÜVENLİK TELEKOMÜNİKASYON MADENCİLİK İNŞAAT İTHALAT İHRACAT SANAYİ VE TİCARET LİMİTED ŞİRKETİ,3,3,True,32,physical_security_surveillance,2.0
firm,FONET BİLGİ TEKNOLOJİLERİ ANONİM ŞİRKETİ,115,208,True,1,health_information_systems,4.0
firm,FORENDA BİLİŞİM TEKNOLOJİLERİ EĞİTİM VE DANIŞMANLIK TİCARET LİMİTED ŞİRKETİ,1,1,True,8,software_licences,1.0
firm,FORESTALL BİLİŞİM ARGE VE DANIŞMANLIK HİZMETLERİ LİMİTED ŞİRKETİ,1,1,True,0,custom_software_web_mobile,1.0
firm,FORMAKSAN MÜH.BİL.EĞDA.MAK.KA.İM.SANVE TİC.LTD.ŞTİ.,1,1,False,-1,custom_software_web_mobile,1.0
firm,FORMALİS BİLGİ TEKNOLOJİLERİ ANONİM ŞİRKETİ,1,2,True,10,ERP_management_software,1.0
firm,FORMANT BİLİŞİM TEKNOLOJİLERİ SANAYİ VE TİCARET LİMİTED ŞİRKETİ,1,1,True,22,custom_software_web_mobile,1.0
firm,FORTE BİLGİ İLETİŞİM TEKNOLOJİLERİ VE SAVUNMA SANAYİ ANONİM ŞİRKETİ,48,82,True,9,software_licences,10.0
firm,FORTE BİLİŞİM YAZILI M TEKNOLOJİLERİ TİCARET. A.Ş.,1,1,False,-1,custom_software_web_mobile,1.0
firm,FOTO ÇARŞI TEKNOLOJİK ÜRÜNLER İÇ VE DIŞ TİCARET SANAYİ LİMİTED ŞİRKETİ,1,1,False,-1,computers_peripherals,1.0
firm,FOTOMAP HARİTA VE DANIŞMANLIK İNŞAAT ANONİM ŞİRKETİ,1,1,False,-1,GIS_city_information,1.0
firm,FOURAS TEKNOLOJİ ANONİM ŞİRKETİ,2,2,True,0,ERP_management_software,2.0
firm,FOX TEKNOLOJİ VE BİLİŞİM HİZMETLERİ DIŞ TİCARET LİMİTED ŞİRKETİ,1,1,True,21,ERP_management_software,1.0
firm,FPİCT BİLİŞİM SİSTEMLERİ FİNANSAL DANIŞMANLIK VE TİCARET LİMİTED ŞİRKETİ,5,13,True,30,ERP_management_software,3.0
firm,FS BİLGİSAYAR YAZILIM DONANIM VE DAN.HİZ.TİC.LTD.ŞTİ,1,1,True,6,custom_software_web_mobile,1.0
firm,FSB TEKNOLOJİ BİLİŞİM GRAFİK TASARIM REKLAM DANIŞMANLIK TİCARET ANONİM ŞİRKETİ,1,1,True,24,maintenance_support_services,1.0
firm,FTNET BİLGİ VE İLETİŞİM HİZMETLERİ TİCARET LTD.ŞTİ.,1,1,True,3,network_datacentre_infrastructure,1.0
firm,FTNET BİLİŞİM ANONİM ŞİRKETİ,1,2,True,3,custom_software_web_mobile,2.0
firm,FUJIFILM DIŞ TİCARET ANONİM ŞİRKETİ,1,1,True,0,health_information_systems,1.0
firm,FUJİMED TIBBİ ÜRÜNLER PAZARLAMA TİCARET ANONİM ŞİRKETİ,1,1,True,26,health_information_systems,1.0
firm,FUJİTSU TECHNOLOGY SOLUTIONS BİLİŞİM LİMİTED ŞİRKETİ,11,14,True,2,cybersecurity,7.0
firm,FURKAN BİLGİ TEKNOLOJİLERİ VERİ MERKEZİ HİZMET VE DANIŞMANLIK ANONİM ŞİRKETİ,2,3,True,1,network_datacentre_infrastructure,2.0
firm,FUTUREPRİNTS BİLGİSA YAR SAN.VE TİC. A.Ş.,1,1,False,-1,software_licences,1.0
firm,Fİ TEKNOLOJİ VE MÜHENDİSLİK LİMİTED ŞİRKETİ,1,4,True,11,education_technology,1.0
firm,FİBERKON İLETİŞİM OTOMOTİV GIDA İNŞAAT TAAHHÜT SANAYİ TİCARET LİMİTED ŞİRKETİ,1,4,True,29,physical_security_surveillance,1.0
firm,FİCOM BİLGİSAYAR YAZ ILIM VE DANIŞM.HİZ. SAN.VE TİC.LTD.ŞTİ.,3,3,False,-1,health_information_systems,2.0
firm,FİCOM BİLİŞİM YAZILIM SAĞLIKTEMİZLİK HİZMETLERİ İNŞAAT SANAYİ VE TİCARET LİMİTED ŞİRKETİ,1,1,False,-1,GIS_city_information,1.0
firm,FİDELTUS İLERİ TEKNO LOJİ ÜRÜNLERİ SA N VE TİC. A.Ş,4,4,True,13,smart_city_traffic_OT,1.0
firm,FİDES TEKNOLOJİ VE GÜVENLİK SİS.TİC.LTD.ŞTİ.,6,8,True,23,physical_security_surveillance,1.0
firm,FİGESFİZİK VE GEOMETRİDE BİLG.SİMİLAS.HİZ.TİC.A.Ş.,1,1,True,0,software_licences,1.0
firm,FİGESFİZİK VE GEOMETRİDE BİLGİSAYAR SİMÜLASYONU HİZMET TİCARET ANONİM ŞİRKETİ,1,1,True,29,software_licences,1.0
firm,FİLİZ GÜVENLİK SİSTEMLERİ PROJE İNŞAAT SANAYİ VE TİCARET LİMİTED ŞİRKETİ.,1,1,False,-1,physical_security_surveillance,1.0
firm,FİZ BİLİŞİM ANONİM ŞİRKETİ,1,1,True,4,ERP_management_software,1.0
firm,G TEKNOLOJİ BİLİŞİM SANAYİ VE TİCARET ANONİM ŞİRKETİ,2,3,True,4,software_licences,1.0
firm,GABİM BİLGİSAYAR SANTİC.LTD.ŞTİ.,2,4,True,28,computers_peripherals,2.0
firm,GALAKSİTY AKILLI ŞEHİR TEKNOLOJİLERİ ANONİM ŞİRKETİ,3,3,True,4,custom_software_web_mobile,1.0
firm,GAMA BÜRO OTOMASYONSİSTEMLERİ SANAYİ VE TİC.LTD.ŞTİ,2,2,True,16,network_datacentre_infrastructure,2.0
firm,GAMATECH MEKANİK ELE KTRİK MÜHENDİSLİK SA N.VE TİC.LTD.ŞTİ.,1,1,False,-1,computers_peripherals,1.0
firm,GANTEK TEKNOLOJİ BİLİŞİM ÇÖZÜMLERİ ANONİM ŞİRKETİ,1,1,True,16,network_datacentre_infrastructure,1.0
firm,GARDİYAN SİSTEM GÜVENLİK TEKNOLOJİLERİ ANONİM ŞİRKETİ,1,1,False,-1,custom_software_web_mobile,1.0
firm,GATE ELEKTRONİK SANAYİ VE TİC.A.Ş.,2,3,True,2,maintenance_support_services,2.0
firm,GAZİANTEP BİLİŞİM VE AKILLI KENT TEKNOLOJİLERİ ANONİM ŞİRKETİ,2,2,True,28,ERP_management_software,2.0
firm,GAZİSOFT BİLİŞİM SANAYİ TİC.LTD.ŞTİ,1,3,True,5,ERP_management_software,3.0
firm,GBA BİLİŞİM YAZILIM DANIŞMANLIK LİMİTED ŞİRKETİ,4,4,True,24,cybersecurity,1.0
firm,GCA YAZILIM DANIŞMANLIK BİLGİ TEK.JEO.HİZ.TİC.LTD.ŞT,3,6,True,0,maintenance_support_services,2.0
firm,GE MEDİCAL SYSTEMS TÜRKİYE LTD.ŞTİ,2,3,True,22,health_information_systems,2.0
firm,GELİŞİM TİCARİ YAZILIM LİMİTED ŞİRKETİ,1,1,True,4,software_licences,1.0
firm,GELİŞİM YÖNETİM SİSTEMLERİ A.Ş.,2,2,True,4,ERP_management_software,1.0
firm,GEMALTO S.A.,1,5,True,0,physical_security_surveillance,1.0
firm,GEMİNİ BÜRO SİS.VE DON.LTD.ŞTİ.,3,3,True,11,education_technology,2.0
firm,GEMİNİ BİLGİ TEKNOLOJİLERİ ANONİM ŞİRKETİ,2,3,True,0,education_technology,2.0
firm,GEN MEDYA ANONİM ŞİRKETİ,1,1,True,0,ERP_management_software,1.0
firm,GENPRO BİLGİSAYAR VEYAZILIM HİZM.LTD.ŞTİ.,4,5,True,36,ERP_management_software,2.0
firm,GENTEL TELEKOMÜNİKASYON ANONİM ŞİRKETİ,17,22,True,27,software_licences,5.0
firm,GENÇ BİLGİ SİSTEMLER İ YAZL.BİLŞ.DANŞM.OR GN.SERV.ÖZ EĞT LTD.Ş,1,1,True,15,custom_software_web_mobile,1.0
firm,GENÇ DATA BİLGİSAYAR SİS EĞT SER TİC VE PAZ LTD ŞTİ,1,1,True,27,physical_security_surveillance,1.0
firm,GENÇ İNNOVATİON BİLİŞİM SİSTEMLERİ TİCARET LİMİTED ŞİRKETİ,1,1,True,5,computers_peripherals,1.0
firm,GEO TEKNİK GEODEZİ V E ELEKTRONİK ALE T.SAN.VE TİC.LTD,1,1,True,5,GIS_city_information,1.0
firm,GEO TEKNİK GEODEZİ VE ELEKTRONİK ALETLERİ SANAYİ VE TİCARET LİMİTED ŞİRKETİ,1,1,False,-1,custom_software_web_mobile,1.0
firm,GEOLAB BİLGİ TEKNOLOJİLERİ LİMİTED ŞİRKETİ,5,6,True,0,GIS_city_information,1.0
firm,GEOMATİCS HARİTA MÜH ENDİSLİK VE MÜŞA VİRLİK LTD.ŞTİ.,1,1,False,-1,network_datacentre_infrastructure,1.0
firm,GEOMATİK HİZMETLER SANAYİ DIŞ TİCARET LİMİTED ŞİRKETİ,2,2,True,13,GIS_city_information,1.0
firm,GEOPOS HARİTA İNŞAAT SANAYİ DIŞ TİCARET LİMİTED ŞİRKETİ,1,1,True,13,GIS_city_information,1.0
firm,GEOSYS COĞRAFİ BİLGİ SİSTEMLERİ VE ŞEHİR PLANLAMA ELEKTRONİK BİLİŞİM MÜHENDİSLİK VE MÜŞAVİRLİK İNŞAAT REKLAMCILIK SANAYİ VE TİCARET LİMİTED ŞİRKETİ,2,2,True,0,custom_software_web_mobile,1.0
firm,GEOTECMAPS BİLGİ TEKNOLOJİLERİ SANAYİ VE TİCARET LİMİTED ŞİRKETİ,2,2,True,31,GIS_city_information,1.0
firm,GEPA ELEKTRO MEKANİK SANAYİ VE TİCARET LİMİTED ŞİRKETİ,1,1,True,4,custom_software_web_mobile,1.0
firm,GES BİLİŞİM TEKNOLOJİLERİ VE DANIŞMANLIK İÇ VE DIŞ TİCARET LİMİTED ŞİRKETİ,6,6,True,0,custom_software_web_mobile,4.0
firm,GES EĞİTİM VE TEKNOLOJİ ANONİM ŞİRKETİ,1,1,False,-1,custom_software_web_mobile,1.0
firm,GEST ÖLÇÜM VE OTOMASYON TEKNOLOJİLERİ SANAYİ TİCARET ANONİM ŞİRKETİ,2,2,True,4,ERP_management_software,2.0
firm,GG SOFT YAZILIM HİZM ETLERİ TİC.LTD.Ş Tİ.,1,1,True,0,ERP_management_software,1.0
firm,GGS BİLİŞİM TEKNOLOJİLERİ SANAYİ TİCARET ANONİM ŞİRKETİ,2,2,True,0,physical_security_surveillance,1.0
firm,GISLAND BİLİŞİM TİCARET LİMİTED ŞİRKETİ,2,2,True,13,GIS_city_information,1.0
firm,GLOBAL BİLGİ PAZARLAMA DANIŞMANLIK VE ÇAĞRI SERVİSİ HİZMETLERİ ANONİM ŞİRKETİ,1,1,True,10,call_centre_helpdesk,1.0
firm,GLOBAL EMR BİLGİSAYAR YAZILIM VE TEKNOLOJİ ÜRÜNLERİ DIŞ TİCARET LİMİTED ŞİRKETİ,1,2,True,3,custom_software_web_mobile,2.0
firm,GLOBAL FORTE BİLİŞİM TEKNOLOJİLERİ VE DANIŞMANLIK ANONİM ŞİRKETİ,2,2,True,13,physical_security_surveillance,1.0
firm,GLİA İNOVASYON BİLGİ TEKNOLOJİLERİ A.Ş.,1,1,True,16,custom_software_web_mobile,1.0
firm,GNC GÜVENLİK HABERLEŞME BİLİŞİM İNŞAAT ELEKTRİK SANAYİ VE TİCARET LİMİTED ŞİRKETİ,1,1,True,20,physical_security_surveillance,1.0
firm,GNG OFSET MATBAACILIK VE AMBALAJ SANAYİ VE TİCARET A.Ş.,1,1,False,-1,custom_software_web_mobile,1.0
firm,GNSS HARİTA TEKNİK DANIŞMANLIK SANAYİ VE TİCARET ANONİM ŞİRKETİ,4,4,True,25,custom_software_web_mobile,3.0
firm,GO ON BİLİŞİM DANIŞMANLIK SANAYİ VE TİCARET LİMİTED ŞİRKETİ,1,1,True,32,other_IT,1.0
firm,GOBLİN SİSTEM ELEKTRONİK ANONİM ŞİRKETİ,1,1,True,4,smart_city_traffic_OT,1.0
firm,GOLD TEKNİK İNŞAAT BİLGİ TEKNOLOJİLERİ SANAYİ LİMİTED ŞİRKETİ,1,1,True,23,physical_security_surveillance,1.0
firm,GOLİVE BİLİŞİM HİZMETLERİ SANAYİ VE TİCARET LİMİTED ŞİRKETİ,1,1,True,11,maintenance_support_services,1.0
firm,GOMAP MÜHENDİSLİK MÜŞAVİRLİK DANIŞMANLIK VE ARAŞTIRMA TİCARET LİMİTED ŞİRKETİ,17,18,True,13,GIS_city_information,4.0
firm,GOODTECH PARTNERS TEKNOLOJİ LİMİTED ŞİRKETİ,1,1,True,4,custom_software_web_mobile,1.0
firm,GRA-DA GRAFİK MÜHENDİSLİK İNŞAAT DANIŞMANLIK YAYINCILIK REKLAM TASARIM TANITIM ORGANİZASYON HİZMETLERİ TİCARET LİMİTED ŞİRKETİ,1,1,False,-1,other_IT,1.0
firm,GRANDTEAM BİLİŞİM TEKNOLOJİLERİ SANAYİ TİCARET LİMİTED ŞİRKETİ,1,1,True,0,software_licences,1.0
firm,GRID BİLİŞİM VE BİLGİ TEKNOLOJİSİ DANIŞMAN.SAN.TİC.LTD.ŞTİ.,1,1,True,11,custom_software_web_mobile,1.0
firm,GRUP EKSEN BİLİŞİM T İC.LTD.ŞT.,1,1,False,-1,custom_software_web_mobile,1.0
firm,GRUP GÜVENLİK İNŞAAT TEMİZLİK ELEKTRİK İŞLERİ GIDA MEDİKAL VE MERMER SANAYİ VE TİCARET LİMİTED ŞİRKETİ,1,1,True,0,cybersecurity,1.0
firm,GRUP OFİS BÜRO MAKİNALARI OTOMOTİV İNŞAAT SANAYİ VE TİCARET LİMİTED ŞİRKETİ,1,1,True,15,computers_peripherals,1.0
firm,GRUPTECHS BİLGİ TEKNOLOJİLERİ YAPI VE DANIŞMANLIK LİMİTED ŞİRKETİ,2,2,True,12,cybersecurity,2.0
firm,GRİSOFT BİLİŞİM HİZMETLERİ LİMİTED ŞİRKETİ,2,4,True,6,physical_security_surveillance,1.0
firm,GSA ELEKTRONİK PAZARLAMA VE TİC.LTD.ŞTİ.,1,1,True,13,physical_security_surveillance,1.0
firm,GÖKAY İNŞ.TEM.TAAH. VE TİC.A.Ş.,1,1,False,-1,health_information_systems,1.0
firm,GÖKDOĞAN LOJİSTİK OTOMOTİV SANAYİ VE TİCARET ANONİM ŞİRKETİ,3,3,True,33,computers_peripherals,3.0
firm,GÖKKUŞAĞI BİLGİSAYARSANAYİ VE TİC.LTD.ŞTİ.,2,2,True,3,custom_software_web_mobile,1.0
firm,GÖKKUŞAĞI SOSYAL HİZMET.SAĞ.YAT.BİL.SİS.GIDA TEMİZLİK.HİZ.SAN.VE.DIŞ.TİC.LTD.ŞTİ,1,1,True,15,maintenance_support_services,1.0
firm,GÖKÇELİK TEKSTİL DANIŞMANLIK YAPI PETROL TARIM SAN.VE TİC.LTD.ŞTİ,1,1,False,-1,health_information_systems,1.0
firm,GÖZDE EĞİTİM TEM.İNŞ GIDA TUR.VE SOS. HİZ.LTD.ŞTİ.,1,2,False,-1,maintenance_support_services,1.0
firm,GÜ-PA GIDA İNŞAAT TAAHHÜT BİLGİ İŞLEM MEDİKAL ÇAY ORMAN ÜRÜNLERİ TEMİZLİK TURİZM DIŞ TİCARET LİMİTED ŞİRKETİ,1,2,False,-1,health_information_systems,1.0
firm,"GÜ-PA GIDA İNŞAAT TAAHHÜT BİLGİ İŞLEM MEDİKAL ÇAY ORMAN ÜRÜNLERİ TEMİZLİK TURİZM DIŞ TİCARET LİMİTED ŞİRKETİ, SİLPAK GENEL TEM.HİZ M.GIDA İNŞ.MALZ.SAN. PAZ.İTH.İHR.LTD.ŞTİ.",1,1,True,1,health_information_systems,1.0
firm,GÜL TEKNOOFİS BİLGİSAYAR KIRTASİYE İNŞAAT TEMİZLİK GIDA TARIM PAZARLAMA İMALAT İTHALAT İHRACAT SANAYİ VE TİCARET LİMİTED ŞİRKETİ,1,1,True,7,computers_peripherals,1.0
firm,GÜLDEM HARİTA İNŞAATTÜKETİM MADD.TİCSAN.LTD.ŞTİ.,1,2,True,3,GIS_city_information,1.0
firm,GÜLSA TIBBİ CİHAZLAR VE MALZEME SANAYİ TİCARET ANONİM ŞİRKETİ.,2,2,True,15,custom_software_web_mobile,2.0
firm,GÜLTAŞ YAZILIM HARİTA SANAYİ TİCARET LİMİTED ŞİRKETİ,5,7,True,0,GIS_city_information,3.0
firm,GÜLÜMSER ELEKTRİK ELEKTRONİK GÜVENLİK SİSTEMLERİ BİLGİSAYAR İNŞAAT DANIŞMANLIK TEKNİK HİZMETLER TAAHHÜT TİCARET LTD.ŞTİ.,5,5,True,33,physical_security_surveillance,1.0
firm,GÜNCEL MEVZUATI ARAŞTIRMA VE EĞİTİM DERNEĞİ İKTİSADİ İŞLETMESİ,2,2,True,14,health_information_systems,1.0
firm,"GÜNCEL MEVZUATI ARAŞTIRMA VE EĞİTİM DERNEĞİ İKTİSADİ İŞLETMESİ, SYSTEM BİLİŞİM İNŞAAT TEKSTİL GIDA SANAYİ DIŞ TİCARET LİMİTED ŞİRKETİ Ortak Girişimi",1,1,True,0,ERP_management_software,1.0
firm,GÜNEY BİLİŞİM BİLGİ TEKNOLOJİLERİ TURİZM SANAYİ VE TİCARET LİMİTED ŞİRKETİ,3,3,True,12,cybersecurity,1.0
firm,GÜNEY GÜVENLİK SİSTEMLERİ OTOMASYON BİLGİSAYAR ELEKTRİK ELEKTRONİK İNŞ.TAAH.PROJE YEM.SAN.VE TİC.LTD.ŞTİ.,1,1,False,-1,physical_security_surveillance,1.0
firm,GÜNKA HARİTA TAAHHÜT TİCARET ANONİM ŞİRKETİ,1,1,True,3,GIS_city_information,1.0
firm,GÜNPAK TEMİZLİK HİZMETLERİ BİLGİ İŞLEM OTOMASYON İNŞAAT SANAYİ VE TİCARET LİMİTED ŞİRKETİ,1,1,False,-1,cybersecurity,1.0
firm,GÜR GRUP BİLGİSAYAR DANIŞMANLIK SOSYAL HİZMETLER TEKNİK DESTEK SAĞLIK HİZMETLERİ TEMİZLİK TURİZM GIDA İNŞAAT TAAHHÜT SANAYİ TİCARET LİMİTED ŞİRKETİ,1,6,True,35,other_IT,1.0
firm,GÜVEN BİLİŞİM TEKNOLOJİLERİ TEKEL ÜRÜNLERİ GÜVENLİK SİSTEMLERİ BİLGİSAYAR BÜRO MAKİNALARI KIRTASİYE BASIN YAYIN DAĞITIM GIDA TARIM SANAYİ VE TİCARET LİMİTED ŞİRKETİ,1,1,False,-1,computers_peripherals,1.0
firm,GÜVEN GİRİŞİM GRUBU BİLGİSAYAR GIDA TEKSTİL İNŞAAT TURİZM SANAYİ VE TİCARET LİMİTED ŞİRKETİ,1,1,True,21,computers_peripherals,1.0
firm,GÜÇSAN MAK.SAN.VE TİC.LTD.ŞTİ.,1,1,True,8,computers_peripherals,1.0
firm,GİLBO ELEKTRONİK MAKİNE ENERJİ GIDA İNŞAAT SANAYİ İÇ VE DIŞ TİCARET LİMİTED ŞİRKETİ,2,2,True,15,GIS_city_information,2.0
firm,GİRİŞİM BİLİŞİM TEKN MEDİKAL LOJ.SAN.VE D IŞ TİC.LTD.ŞTİ.,2,8,True,3,computers_peripherals,3.0
firm,GİRİŞİMPARK BİLİŞİM HİZMETLERİ SANAYİ VE TİCARET ANONİM ŞİRKETİ,2,2,False,-1,computers_peripherals,2.0
firm,GİSELE BİLGİ TEKNOLOJİLERİ LİMİTED ŞİRKETİ,1,1,True,27,software_licences,1.0
firm,GİZ BİLGİ TEKNOLOJİLERİ VE DANIŞMANLIK TİCARET LİMİTED ŞİRKETİ,1,1,True,0,ERP_management_software,1.0
firm,HABİM BİLİŞİM MÜHEND İSLİK MÜŞ.SAN.VE TİC.LTD.ŞTİ.,1,1,False,-1,software_licences,1.0
firm,HADE İNŞ.TAŞ.TEM.OTO PETROL GIDA TİC.VE S AN.LTD.ŞTİ.,1,1,True,28,maintenance_support_services,1.0
firm,HALICI ELEKTRONİK VETELEKOMİNİKASYONSAN.TİC.LTD.ŞTİ.,1,1,True,10,smart_city_traffic_OT,1.0
firm,HAMLE MÜH.OTOMASYONELEK.MAK.İNŞ.SANTİC.LTD.ŞTİ.,1,1,False,-1,custom_software_web_mobile,1.0
firm,HAN GRUP TANITIM AJANS ORGANİZASYON BİLİŞİM BASIN YAYIN İLETİŞİM DANIŞMANLIK HİZMETLERİ TİCARET LİMİTED ŞİRKETİ,1,1,True,0,other_IT,1.0
firm,HANTECH MÜHENDİSLİK HAVACILIK SAVUNMA SANAYİ VE TİCARET LİMİTED ŞİRKETİ,1,1,False,-1,maintenance_support_services,1.0
firm,HASAN ATALAY İNŞAAT MÜTEAHHİTLİK NAKLİYE TEMİZLİK SANAYİ VE TİCARET LİMİTED ŞİRKETİ,1,1,False,-1,ERP_management_software,1.0
firm,HASVET MEDİKAL YAZILIM SAĞLIK HİZMETLERİ SANAYİ VE TİCARET ANONİM ŞİRKETİ,1,1,True,9,custom_software_web_mobile,1.0
firm,HATAY MB GÜVENLİK SİSTEMLERİ MÜHENDİSLİK BİLİŞİM TEKNOLOJİLERİ ELEKTRİK ELEKTRONİK İLETİŞİM PAZARLAMA SANAYİ VE TİCARET İTHALAT İHRACAT LİMİTED ŞİRKETİ,1,1,False,-1,physical_security_surveillance,1.0
firm,HAVELSAN HAVA ELEKTRONİK SANAYİ VE TİCARET ANONİM ŞİRKETİ,8,9,True,7,ERP_management_software,4.0
firm,HAVELSAN TEKNOLOJİ RADAR (HTR) SANAYİ VE TİCARET ANONİM ŞİRKETİ,1,1,True,0,network_datacentre_infrastructure,1.0
firm,HAVSAN ORMAN ÜRÜNLERİ MÜHENDİSLİK TARIM İNŞAAT GIDA MADENCİLİK TEMİZLİK NAKLİYE TURİZM SANAYİ VE TİCARET LİMİTED ŞİRKETİ,1,1,False,-1,custom_software_web_mobile,1.0
firm,HAY PARK MOBİLYALARI GÜVENLİK YAZILIM SANAYİ TİCARET LİMİTED ŞİRKETİ,1,1,False,-1,computers_peripherals,1.0
firm,HAYAT ORMANCILIK SANAYİ VE TİCARET LİMİTED ŞİRKETİ,3,3,False,-1,custom_software_web_mobile,1.0
firm,HAZİNEDAR MÜHENDİSLİK DANIŞMANLIK ORMANCILIK İNŞAAT TARIM MADENCİLİK ENERJİ SANAYİ VE TİCARET LİMİTED ŞİRKETİ,1,1,False,-1,GIS_city_information,1.0
firm,HDH TEKNOLOJİ SANAYİ LİMİTED ŞİRKETİ,2,2,True,25,physical_security_surveillance,1.0
firm,HEDEF SERVİS HİZMETLERİ TAŞIMACILIK OTOMOTİV GIDA MOBİLYA TEKSTİL İNŞAAT SANAYİ VE TİCARET LİMİTED ŞİRKETİ,1,1,False,-1,ERP_management_software,1.0
firm,HELEZON BİLGİSAYAR Y AZILIM DAN.VE EL EK.TİC.LTD.ŞTİ.,2,2,True,9,custom_software_web_mobile,2.0
firm,HEY TEKNOLOJİ YAZILIM DANIŞMANLIK SANAYİ VE TİCARET LİMİTED ŞİRKETİ,1,1,True,0,GIS_city_information,1.0
firm,HGM BİLGİSAYAR OTOMASYON YAZILIM DONANIM TUR.TEM.YEM.İNŞ.TAAH.GIDA TIB.MALZ.VE ÜRÜN.KIRT.İLET.TEL.İTH.İHR.VE TİC.PAZ.LİMİTED ŞİRKETİ,3,3,False,-1,health_information_systems,1.0
firm,HMD BİLİŞİM VE TEKNOLOJİ HİZMETLERİ SANAYİ TİCARET LİMİTED ŞİRKETİ,1,1,True,5,software_licences,1.0
firm,HMH TEKSTİL MEDİKAL İNŞAAT SANAYİ VE Tİ.LTD.ŞTİ.,1,1,True,1,custom_software_web_mobile,1.0
firm,HOLYUM YAZILIM DONANIM MÜHENDİSLİK DANIŞMANLIK SANAYİ VE TİCARET LİMİTED ŞİRKETİ,2,5,True,0,ERP_management_software,2.0
firm,HORİZON BİLGİ TEKNOLOJİLERİ HABERLEŞME KIRTASİYE İNŞAAT GIDA DANIŞMANLIK İTHALAT İHRACAT SANAYİ VE TİCARET LİMİTED ŞİRKETİ,1,1,True,35,computers_peripherals,1.0
firm,HORİZON BİLGİ TEKNOLOJİLERİ TİC.LTD.ŞTİ,3,3,True,11,software_licences,2.0
firm,HTB BİLİŞİM TEKNOLOJİLERİ DANIŞMANLIK SANAYİ VE TİCARET LİMİTED ŞİRKETİ,1,1,True,2,software_licences,1.0
firm,HTH BİLİŞİM SANAYİ VE TİCARET LİMİTED ŞİRKETİ,1,1,True,25,custom_software_web_mobile,1.0
firm,HUGOTEK BİLİŞİM ÇÖZÜMLERİ ANONİM ŞİRKETİ,2,2,True,0,custom_software_web_mobile,1.0
firm,HYPER TEKNOLOJİ LTD.ŞTİ.,1,1,True,3,custom_software_web_mobile,1.0
firm,HYPERNET BİLİŞİM SANAYİ VE TİCARET LİMİTED ŞİRKETİ,7,7,True,28,ERP_management_software,3.0
firm,HÜNER KAĞIT KIRTASİYE VE İHT.MAD.TİC.PAZ.LTD.ŞTİ.,1,1,False,-1,ERP_management_software,1.0
firm,HİDROMOD ARGE VE YAZILIM LİMİTED ŞİRKETİ,1,1,True,9,custom_software_web_mobile,1.0
firm,HİDROTEK MİMARLIK MÜ HENDİSLİK TİC.LTD.ŞT İ.,1,1,True,0,GIS_city_information,1.0
firm,HİGHTECHNOLOGY BİLİŞİM SİSTEMLERİ LİMİTED ŞİRKETİ,2,2,True,0,cybersecurity,2.0
firm,HİLAL TEKSTİL İNŞAATGIDA VE İHT.MAD.SAN.TİC.LTD.ŞTİ.,1,2,False,-1,maintenance_support_services,1.0
firm,HİMTEK MÜH.İNŞ.TİC.V E SAN.LTD.ŞTİ.,1,1,True,3,maintenance_support_services,1.0
firm,HİPERLİNK EĞİTİM İLETİŞİM YAYINCILIK GIDA SAN.PAZ.VE TİC.LTD.ŞTİ.,1,1,True,32,education_technology,1.0
firm,HİV-VA PEYZAJ UYGULAMA TASARIM İNŞAAT NAKLİYAT ÖZEL EĞİTİM VE SOSYAL HİZMETLER TEMİZLİK SANAYİ TİCARET LİMİTED ŞİRKETİ,1,1,True,29,maintenance_support_services,1.0
firm,I MEAN IT REKLAM TASARIM PAZARLAMA TİCARET LİMİTED ŞİRKETİ,1,1,True,10,custom_software_web_mobile,1.0
firm,IBSS TEKNOLOJİ VE YAZILIM ANONİM ŞİRKETİ,3,4,True,0,ERP_management_software,2.0
firm,ICON SYSTEMS TEKNOLOJİ SİSTEM YAPI VE SANAYİ ANONİM ŞİRKETİ,1,1,False,-1,network_datacentre_infrastructure,1.0
firm,IDEA BİLGİ TEKNOLOJİ HİZMETLERİ VE TİCARET ANONİM ŞİRKETİ,1,1,True,5,network_datacentre_infrastructure,1.0
firm,IDS SİSTEM YAPI SANAYİ VE TİCARET ANONİM ŞİRKETİ,1,2,True,4,smart_city_traffic_OT,1.0
firm,IDVLABS YAZILIM VE DANIŞMANLIK HİZMETLERİ ANONİM ŞİRKETİ,3,4,True,35,maintenance_support_services,3.0
firm,IG ANALİZ DANIŞMANLIK ARAŞTIRMA BİLGİSAYAR YAZILIM REKLAM EĞİTİM SANAYİ VE TİCARET ANONİM ŞİRKETİ,1,3,True,5,ERP_management_software,2.0
firm,IMIS GLOBAL LIMITED,1,1,True,4,maintenance_support_services,1.0
firm,INCOTECH ÇÖZÜM SİSTEMLERİ DIŞ TİCARET LİMİTED ŞİRKETİ,7,9,True,16,computers_peripherals,3.0
firm,IND YAZILIM BİLİŞİM TEKNOLOJİLERİ SANAYİ VE TİCARET A.Ş.,28,54,True,5,ERP_management_software,7.0
firm,INFOPRO BİLİŞİM TİCARET ANONİM ŞİRKETİ,1,2,True,0,cybersecurity,1.0
firm,INFOTECH BİLİŞİM VE İLETİŞİM TEK.SAN .VE TİC.A.Ş.,1,1,True,5,software_licences,1.0
firm,INNOSA BİLİŞİM TEKNOLOJİLERİ YAPI SANAYİ VE TİCARET ANONİM ŞİRKETİ,20,50,True,8,ERP_management_software,6.0
firm,INNOVERA BİLİŞİM TEKNOLOJİLERİ ANONİM ŞİRKETİ,9,9,True,0,software_licences,5.0
firm,INOVATECH GÜVENLİK VE BİLGİSAYAR SİSTEMLERİ DIŞ TİCARET LİMİTED ŞİRKETİ,1,1,False,-1,physical_security_surveillance,1.0
firm,INTERACT MEDİKAL TEKNOLOJİLERİ ANONİM ŞİRKETİ,1,1,False,-1,custom_software_web_mobile,1.0
firm,INTERPRESS MEDYA HİZMETLERİ TİCARETLİMİTED ŞİRKETİ,1,1,False,-1,ERP_management_software,1.0
firm,INTERSYS TEKNOLOJİ SANAYİ TİCARET ANONİM ŞİRKETİ,1,1,False,-1,software_licences,1.0
firm,IPM BİLGİ İŞL.ELEKT.VE OTOM.İTH.İHR.SAN.TİC.LTD.ŞTİ.,1,1,True,4,software_licences,1.0
firm,IRMAK YAZILIM BİLİŞİM VE BİLGİSAYAR HİZMETLERİ TİCARET LİMİTED ŞİRKETİ,1,1,True,4,ERP_management_software,1.0
firm,ISS YAZILIM BİLİŞİM DANIŞMANLIK ENERJİ SANAYİ VE TİCARET LİMİTED ŞİRKETİ,1,3,True,5,software_licences,2.0
firm,ISSD BİLİŞİM ELEKTRO NİK EĞT.SAN.VE TİC.L TD.ŞTİ.,3,3,True,13,smart_city_traffic_OT,1.0
firm,ISSD BİLİŞİM ELEKTRONİK EĞİTİM SANAYİ VE TİCARET ANONİM ŞİRKETİ,3,3,True,8,smart_city_traffic_OT,2.0
firm,IT SERVİS TEKNOLOJİ HİZMETLERİ EĞİTİM DANIŞMANLIK TURİZM VE İNŞAAT SANAYİ VE TİCARET ANONİM ŞİRKETİ,1,1,True,7,software_licences,1.0
firm,ITECH BİLGİ TEKNOLOJİ TIBBİ CİHAZLAR ELEKTRONİK SANAYİ VE TİCARET LİMİTED ŞİRKETİ.,2,5,True,0,maintenance_support_services,2.0
firm,ITM TEKNOLOJİ İLETİŞİM SİSTEMLER ANONİM ŞİRKETİ,2,2,True,16,physical_security_surveillance,2.0
firm,ITM ÜREME SAĞLIĞI ÜRÜNLERİ LİMİTED ŞİRKETİ,1,1,True,29,ERP_management_software,1.0
firm,ITSEC BİLİŞİM SİSTEMLERİ VE DANIŞMANLIK HİZMETLERİ LİMİTED ŞİRKETİ,3,7,True,28,computers_peripherals,3.0
firm,ITSS BİLİŞİM HİZMETLERİ TİCARET ANONİM ŞİRKETİ,1,1,True,1,network_datacentre_infrastructure,1.0
firm,ITSTACK BİLGİ SİSTEMLERİ SANAYİ VE TİCARET LİMİTED ŞİRKETİ,1,1,True,0,cybersecurity,1.0
firm,IŞIK GRUP SOSYAL HİZMETLER TEMİZLİK SAĞLIK TAŞIMACILIK BİLİŞİM GIDA İNŞAAT TEKSTİL İMALAT SANAYİ VE TİCARET LİMİTED ŞİRKETİ,1,1,True,9,maintenance_support_services,1.0
firm,JEKİRDEK TEKNOLOJİ LİMİTED ŞİRKETİ,1,1,False,-1,custom_software_web_mobile,1.0
firm,JEO İNTERNET TEKNOLO JİLERİ BİL MÜH EN Tİ LTD ŞTİ,1,1,True,0,ERP_management_software,1.0
firm,JEO İNTERNET TEKNOLOJİLERİ BİLGİSAYAR BİLİŞİM MÜHENDİSLİK ENERJİ TİCARET LİMİTED ŞİRKETİ,1,1,True,9,ERP_management_software,1.0
firm,JFORCE BİLİŞİM TEKNOLOJİLERİ ANONİMŞİRKETİ,7,12,True,0,software_licences,4.0
firm,KADIOĞLU BİLGİ İŞLEM AŞ,2,2,True,14,ERP_management_software,2.0
firm,KAHRAMANMARAŞ FURKAN RADYO TELEVİZYON İLETİŞİM YAY.A.Ş,1,1,False,-1,ERP_management_software,1.0
firm,KALE BÜRO MAKİNALARI TİC.LTD.ŞTİ.,1,1,False,-1,computers_peripherals,1.0
firm,KALE YAZILIM SANAYİ VE TİCARET LTD.Ş Tİ.,1,1,True,0,ERP_management_software,1.0
firm,KALLİ TEKNOLOJİ EĞİTİM İNŞAAT SAĞLIK TURİZM GIDA SANAYİ VE TİCARET A.Ş.,1,1,True,21,custom_software_web_mobile,1.0
firm,KALİTE BİLGİSAYAR İLETİŞİM ELEK.ELEKT.TİC.LTD.ŞTİ.,1,1,True,2,other_IT,1.0
firm,KALİTE BİLGİSAYAR İLETİŞİM ELEKTRİK ELEKTRONİK SANAYİ VE TİCARET LİMİTED ŞİRKETİ,1,1,True,18,computers_peripherals,1.0
firm,KALİTE BİLİŞİM YÖNETİM STRATESTLERİEĞ.DA.ELK.PA.L.Ş,1,1,False,-1,ERP_management_software,1.0
firm,KALİTTE PROFESYONELBİLGİ TEKNOLOJİLBAS.YAY.LTD.ŞTİ.,2,5,True,37,maintenance_support_services,1.0
firm,KAMUSİS YAZILIM BİLGİSAYAR YÖNETİM DANIŞMANLIK YAYINCILIK TURİZM İNŞAAT TİCARET ANONİM ŞİRKETİ,1,1,False,-1,ERP_management_software,1.0
firm,KAMUTECH YAZILIM EĞİTİM DANIŞMANLIK SANAYİ VE TİCARET ANONİM ŞİRKETİ,1,1,False,-1,ERP_management_software,1.0
firm,KANT YAZILIM ANONİM ŞİRKETİ,2,3,True,16,ERP_management_software,3.0
firm,KAPADOKYA İSTANBUL EĞİTİM MÜHENDİSLİK İŞ SAĞLIĞI VE GÜVENLİĞİ HİZMETLERİ TİCARET LİMİTED ŞİRKETİ,1,1,False,-1,custom_software_web_mobile,1.0
firm,KAPİTTA BİLGİSAYAR İLETİŞİM ELEKT.EĞİT.VE DAN.PAZ.LTD.ŞTİ.,5,5,True,24,custom_software_web_mobile,2.0
firm,KARADENİZ HARİTA MÜHENDİSLİK MÜŞAVİRLİK VE TAAHHÜT LİMİTED ŞİRKETİ,1,1,True,5,GIS_city_information,1.0
firm,KARAELMAS SOSYAL HİZ ORG.TEM.YEM.SAN.TİC. LTD.ŞTİ.,1,1,False,-1,ERP_management_software,1.0
firm,KARAHAN TIP SANAYİ VE TİCARET LİMİTED ŞİRKETİ,1,1,True,22,ERP_management_software,1.0
firm,KARAMANOĞLU TEMİZLİK YEMEK OTOMASYON SAĞLIK PERBONEL HİZMETLERİ SANAYİ VE TİCARET LİMİTED ŞİRKETİ.,1,1,False,-1,health_information_systems,1.0
firm,KARAT BİLİŞİM TEKNOLOJİLERİ SANAYİ VE TİCARET ANONİM ŞİRKETİ,1,1,True,3,ERP_management_software,1.0
firm,KARBEL İZMİR KARABAĞ LAR BEL İNŞ TEM TA T UR SA VE TİC LTD ŞTİ,1,1,True,26,ERP_management_software,1.0
firm,KARDELEN BİLGİSAYAR İNŞAAT REKLAM ORMAN ÜRÜNLERİ TEKSTİL İTHALAT VE İHRACAT SANAYİ VE TİCARET LİMİTED ŞİRKETİ,83,142,True,18,health_information_systems,6.0
firm,KARDELEN BİLİŞİM TEKNOLOJİLERİ SANAYİ VE TİCARET LİMİTED ŞİRKETİ,5,5,True,18,computers_peripherals,3.0
firm,"KARDELEN BİLİŞİM TEKNOLOJİLERİ SANAYİ VE TİCARET LİMİTED ŞİRKETİ, METHACOM TEKNOLOJİ DANIŞMANLIK ANONİM ŞİRKETİ İş Ortaklığı",1,1,False,-1,computers_peripherals,1.0
firm,KARDELEN GLOBAL BİLGİ TEKNOLOJİLERİ ANONİM ŞİRKETİ,3,4,True,18,health_information_systems,1.0
firm,KAREL ELEKTRONİK SANAYİ VE TİCARET A.Ş.,11,13,True,23,physical_security_surveillance,3.0
firm,KARFO ENDÜSTRİYEL VE LAB CİHAZLARI SA N DIŞ TC LTD.ŞTİ,1,1,False,-1,custom_software_web_mobile,1.0
firm,KARMASİS BİLİŞİM ÇÖZ UMLERİ TİCARET L TD.ŞTİ.,1,1,True,0,computers_peripherals,1.0
firm,KARTOTEK HARİTA İNŞAAT ÜRETİM VE TEKNOLOJİLERİ TİCARET LİMİTED ŞİRKETİ,1,1,True,13,GIS_city_information,1.0
firm,KARYA TEKNOLOJİ VE DANIŞMANLIK HİZMETLERİ A.Ş,1,2,True,5,cybersecurity,1.0
firm,KARİYER.NET ELEKTRONİK YAYINCILIK VE İLETİŞİM HİZMETLERİ ANONİM ŞİRKETİ,1,1,True,3,custom_software_web_mobile,1.0
firm,KATRE TECH BİLİŞİM SİSTEMLERİ LİMİTED ŞİRKETİ,1,1,False,-1,ERP_management_software,1.0
firm,KAYACI BİLGİSAYAR GÜVENLİK OTOMASYON SİSTEMLERİ ELEKTRONİK GIDA İNŞAAT TAAHÜT İTHALAT İHRACAT SANAYİ VE TİCARET LİMİTED ŞİRKETİ,3,5,True,34,health_information_systems,1.0
firm,KAYI HİZMET TİCARET LİMİTED ŞİRKETİ,1,1,True,12,health_information_systems,1.0
firm,KAYNAK ARAŞTIRMA EĞİ T.PAZ.TELEK ORG. SAN.VE TİC.A.Ş.,1,1,True,5,custom_software_web_mobile,1.0
firm,KAYNAK BİLİŞİM KURUM SAL TİCARET VE SANAY İ A.Ş.,2,3,True,3,software_licences,2.0
firm,KBM BİLGİSAYAR İLETİŞİM SANAYİ VE TİCARET LİMİTED ŞİRKETİ,1,2,True,0,custom_software_web_mobile,2.0
firm,KC TEK ARGE BİLİŞİM VE EĞİTİM TEKNOLOJİLERİ SANAYİ VE TİCARET ANONİM ŞİRKETİ,1,1,True,37,software_licences,1.0
firm,KEBİR EĞİTİM SAĞLIK SAN.VE TİC.LTD.ŞTİ.,1,1,False,-1,other_IT,1.0
firm,KEDİNFO İLETİŞİM SANAYİ VE TİCARET LİMİTED ŞİRKETİ,1,1,True,16,call_centre_helpdesk,1.0
firm,KENT ATM YAPI GAYRİMENKUL SANAYİ TİCARET ANONİM ŞİRKETİ,1,1,True,2,ERP_management_software,1.0
firm,KENT SOSYAL HİZ TURİ ZM DAĞITIM ORG İ NŞ SAN VE TİC LT,1,1,False,-1,education_technology,1.0
firm,KENT TEKNOLOJİ YAZILIM VE İNŞAAT SAN.TİCARET LTD.ŞTİ.,3,4,True,3,computers_peripherals,2.0
firm,KENT YAZILIM BİLİŞİMVE İLETİŞİM TEKNSAN.VE TİC.LTD.Ş,3,5,True,13,ERP_management_software,1.0
firm,KENT-YOL ŞİŞ.BL.TK.MD.İNŞ.ZEM.ET.TR TEM.HZ.GD.RK.OT.VE MET.TES.CİH.İST.EĞT.VE SAĞ.HZM.ÜR.PAZ.İŞ.DI.TİC.A.Ş,1,1,True,3,ERP_management_software,1.0
firm,KENTBT AKILLI ŞEHİR VE YAŞAM TEKNOLOJİLERİ ANONİM ŞİRKETİ,2,3,True,40,smart_city_traffic_OT,1.0
firm,KENTBİS YAZILIM İŞLE TİM MÜH.LTD.ŞTİ.,1,1,True,29,GIS_city_information,1.0
firm,"KENTBİS YAZILIM İŞLE TİM MÜH.LTD.ŞTİ., BSK MÜHENDİSLİK SAN. VE TİC.LTD.ŞTİ. Ortak Girişimi",1,1,True,9,GIS_city_information,1.0
firm,KENTBİS YAZILIM İŞLETİM PLANLAMA PROJE İNŞAAT MÜHENDİSLİK SANAYİ VE TİCARET LİMİTED ŞİRKETİ,2,2,False,-1,GIS_city_information,1.0
firm,KENTİM BİLİŞİM ANONİM ŞİRKETİ,1,1,True,10,other_IT,1.0
firm,KERVAN EKE OTOMOSYON TEMİZLİK İNŞAAT TEKSTİL YEMEK TURİZM TAAHHÜT SANAYİ TİCARET LİMİTED ŞİRKETİ,1,1,False,-1,other_IT,1.0
firm,KERİMOĞLU İNŞAAT TEMİZLİK GIDA TEKSTİL ELEKTİRİK ELEKTRONİK MADEN-ENERJİ ÜRÜNLERİ ORMAN VE AHŞAP ÜRÜNLERİ TİCARET VE SANAYİ LİMİTED ŞİRKETİ.,1,1,True,0,physical_security_surveillance,1.0
firm,KETS BİLGİSAYAR ELEKTRO. İLET.HİZ.SAN.VE TİC.LTD.ŞTİ,1,1,True,0,ERP_management_software,1.0
firm,KEYDATA BİLGİ İŞLEM TEKNOLOJİ SİSTEMLERİ ANONİM ŞİRKETİ,3,4,True,9,health_information_systems,2.0
firm,KEYLESS İNŞAAT TELEKOMÜNİKASYON EMLAK OTOMOTİV TİCARET LİMİTED ŞİRKETİ,1,3,True,0,maintenance_support_services,3.0
firm,KEYM KENTSEL YENİLEME MERKEZİ VE GAYRİMENKUL YATIRIMLARI İNŞAAT SANAYİ VE TİC.A.Ş.,2,2,True,27,custom_software_web_mobile,2.0
firm,KEYS TEKNOLOJİ YATIRIMLARI DANIŞMANLIK TURİZM TAAHHÜT İÇ VE DIŞ TİCARET ANONİM ŞİRKETİ,1,1,True,0,software_licences,1.0
firm,KGN İNŞAAT SANAYİ VE TİCARET LİMİTED ŞİRKETİ,1,1,True,30,network_datacentre_infrastructure,1.0
firm,KILIÇASLAN METAL BÜRO MOBİLYALARI İNŞAAT GIDA SANAYİ VE TİCARET LİMİTED ŞİRKETİ,1,1,True,24,ERP_management_software,1.0
firm,KIRAS GÜVENLİK SİSTEMLERİ TİCARET LİMİTED ŞİRKETİ,3,3,True,3,cybersecurity,2.0
firm,KISAYOL BİLİŞİM TEKNOLOJİLERİ VE DANIŞMANLIK TİCARET LİMİTED ŞİRKETİ,1,1,False,-1,maintenance_support_services,1.0
firm,KIVILCIM MED.TIBBİ ÜR.GIDA.SAĞ.TEM.HİZ.SAN.VE TİC.LTD.ŞTİ.,1,1,True,18,ERP_management_software,1.0
firm,KIZILAY ARGE VE BİLGİ TEKNOLOJİLERİ TİCARET ANONİM ŞİRKETİ,1,1,True,3,custom_software_web_mobile,1.0
firm,KLİK YAZILIM BİLGİSAYAR SAN.VE TİC.LTD.ŞTİ.,1,1,True,33,custom_software_web_mobile,1.0
firm,KM BİLİŞİM ELKT.KIR.TEM.OY.EĞ.SAN.VETİC.LTD.ŞTİ,4,6,True,28,computers_peripherals,1.0
firm,KML BİLGİSAYAR VE YAZILIM TEKNOLOJİLERİSAN TİC LTD,1,1,True,0,computers_peripherals,1.0
firm,KOBİT BİLİŞİM YAZILIM DANIŞMANLIK SANAYİ VE TİCARET LİMİTED ŞİRKETİ.,1,1,True,28,ERP_management_software,1.0
firm,KOBİZON PROJE DANIŞMANLIK VE YAZILIM TİCARET LİMİTED ŞİRKETİ,1,1,False,-1,custom_software_web_mobile,1.0
firm,KOCAMAN SAĞLIK ARAÇVE GEREÇLERİ TİCLTD.ŞTİ.,1,1,True,1,computers_peripherals,1.0
firm,KODA BİLİŞİM SANAYİ VE TİCARET ANONİM ŞİRKETİ,11,11,True,0,ERP_management_software,1.0
firm,KODFU BİLİŞİM ANONİM ŞİRKETİ,1,1,True,0,maintenance_support_services,1.0
firm,KODGEN PAZARLAMA VE DIŞ TİCARET.LİMİTED ŞİRKETİ,4,6,True,4,cybersecurity,3.0
firm,KODPİT TEKNOLOJİ ANONİM ŞİRKETİ,1,3,True,22,custom_software_web_mobile,2.0
firm,KOLAYSOFT TEKNOLOJİ ANONİM ŞİRKETİ,1,1,True,0,custom_software_web_mobile,1.0
firm,KOMEDYA BİLİŞİM VE İLETİŞİM TEK.TİC.LTD.ŞTİ.,1,2,True,21,computers_peripherals,1.0
firm,KOMEDYA BİLİŞİM VE İLETİŞİM TEKNOLOJİLERİ TİCARET LİMİTED ŞİRKETİ,1,1,False,-1,computers_peripherals,1.0
firm,KOMTAŞ BİLGİ YÖNETİMİ DAN.VE TİC.A.Ş.,1,1,True,0,software_licences,1.0
firm,KONATUS BİLGİSAYAR YAZILIM VE DANIŞMANLIK HİZMETLERİ SANAYİ VE TİCARET LİMİTED ŞİRKETİ,1,2,True,8,custom_software_web_mobile,2.0
firm,KONEVİ KATI ATIK YÖNETİMİ ENERJİ İNŞAAT VE HİZMET İŞLERİ SANAYİ TİCARET LİMİTED ŞİRKETİ,1,1,False,-1,maintenance_support_services,1.0
firm,KONSALTUS BİLİŞİM DANIŞMANLIK ELEKTRONİK LİMİTED ŞİRKETİ,2,10,True,0,network_datacentre_infrastructure,4.0
firm,KONSEPT YAZILIM GÜVENLİK SİSTEMLERİ MOBİL OTOMASYON BİLİŞİM SANAYİ VE TİCARET LİMİTED ŞİRKETİ,1,1,False,-1,smart_city_traffic_OT,1.0
firm,KONUMSAL BİLGİ SİSTEMLERİ SANAYİ TİCARET LİMİTED ŞİRKETİ.,2,4,True,0,ERP_management_software,2.0
firm,KONYA BİLİM TEKNOLOJİ VE İNOVASYON HİZMETLERİ SANAYİ TİCARET ANONİM ŞİRKETİ,1,4,True,9,custom_software_web_mobile,2.0
firm,KONİCA MİNOLTA TURKEY İŞ TEKNOLOJİLERİ ANONİM ŞİRKETİ,1,1,True,16,ERP_management_software,1.0
firm,KOPİTAŞ DOKÜMAN ÇÖZÜMLERİ SANAYİ VE TİCARET LİMİTED ŞİRKETİ,2,2,False,-1,computers_peripherals,1.0
firm,KORKMAZ GIDA TEMİZLİK HİZMETLERİ HAZIR YEMEK FOTOĞRAFÇILIK İNŞAAT NAKLİYAT TAAHHÜT SANAYİ VE TİCARET LİMİTED ŞİRKETİ.,1,1,True,20,GIS_city_information,1.0
firm,KORTEKS BİLİŞİM HİZMETLERİ A.Ş.,5,14,True,1,ERP_management_software,2.0
firm,KORUDATA YAZILIM VE BİLGİ TEKNOLOJİLERİ ANONİM ŞİRKETİ,4,5,True,4,cybersecurity,3.0
firm,KOZHAN BİLİŞİM TEKNOLOJİLERİ SANAYİ VE TİCARET LİMİTED ŞİRKETİ,4,4,True,19,computers_peripherals,3.0
firm,KOÇ BİLGİ VE SAVUNMA TEKNOLOJİLERİ ANONİM ŞİRKETİ,3,5,True,0,maintenance_support_services,4.0
firm,KOÇ SİSTEM BİLGİ VE İLETİŞİM HİZMELERİ ANONİM ŞİRKETİ,32,63,True,0,software_licences,8.0
firm,KOÇKAR BİLİŞİM GÜVENLİK SİSTEMLERİ GIDA OTOMOTİV İNŞAAT REKLAM SANAYİ VE TİCARET LİMİTED ŞİRKETİ,1,1,False,-1,computers_peripherals,1.0
firm,KOÜ TEKNOPARK ANONİMŞİRKETİ,1,3,True,10,custom_software_web_mobile,2.0
firm,KPM İLERİ TEKNOLOJİLERİ VE DANIŞMANLIK LİMİTED ŞİRKETİ,1,1,True,30,computers_peripherals,1.0
firm,KPMG YÖNETİM DANIŞMANLIĞI ANONİM ŞİRKETİ,1,1,True,24,cybersecurity,1.0
firm,KR OTOMASYON VE ENDÜSTRİYEL BİL.HİZMETLESAN VE TİC.LTD.ŞTİ.,1,1,True,13,custom_software_web_mobile,1.0
firm,KRESİS KURUMSAL BİLİŞİM HİZMETLERİ SANAYİ VE TİCARET LİMİTED ŞİRKETİ,2,2,True,3,network_datacentre_infrastructure,2.0
firm,KRM HARİTA İNŞAAT TAAHHÜT SANAYİ VE TİCARET LİMİTED ŞİRKETİ,1,1,False,-1,GIS_city_information,1.0
firm,KRN EĞİTİM REKLAMCILIK SANAYİ VE TİCARET LİMİTED ŞİRKETİ,1,1,False,-1,custom_software_web_mobile,1.0
firm,KRİPTEK KRİPTO VE BİLİŞİM TEKNOLOJİLERİ SANAYİ TİCARET ANONİM ŞİRKETİ,1,1,True,19,ERP_management_software,1.0
firm,KRİZMA BİLGİSAYAR YAZILIM SİSTEMLERİ SAN.LTD.ŞTİ.,3,4,True,13,custom_software_web_mobile,2.0
firm,KUANTUM MAKİNE ÇELİK KONSTRÜKSİYON MÜHENDİSLİK İNŞAAT TELEKOMÜNİKASYON SANAYİ VE TİCARET LİMİTED ŞİRKETİ,1,1,True,6,cybersecurity,1.0
firm,KUARTSİS BİLİŞİM MÜHENDİSLİK EĞİTİM DANIŞMANLIK SANAYİ VE TİCARET LİMİTED ŞİRKETİ,1,1,True,0,ERP_management_software,1.0
firm,KUATRO YÖNETİM DANIŞ MANLIĞI VE DIŞ T İC.LTD.ŞTİ.,1,1,False,-1,custom_software_web_mobile,1.0
firm,KUDAY BİLİŞİM VE MÜHENDİSLİK HİZMETLERİ YAZILIM DANIŞMANLIK EĞİTİM İÇ VE DIŞ TİCARET LİMİTED ŞİRKETİ,1,1,False,-1,health_information_systems,1.0
firm,KULVAR MEDİKAL SAĞLIK HİZMETLERİ BİLİŞİM TURİZM MADENCİLİK OTOMOTİV ENERJİ İNŞAAT SANAYİ VE TİCARET LİMİTED ŞİRKETİ,1,2,False,-1,health_information_systems,1.0
firm,KUM SAATİ TASARIM BİSİS.VE DAN.HİZ.ELK.SA.VE Tİ.LT.Ş,1,2,True,25,ERP_management_software,2.0
firm,KUMRAL İNŞAAT MOBİLYA GIDA EMLAK SANAYİ VE TİCARET LİMİTED ŞİRKETİ,1,1,True,33,physical_security_surveillance,1.0
firm,KUMRU LOJİSTİK TİCARET LİMİTED ŞİRKETİ,1,1,True,0,maintenance_support_services,1.0
firm,KUN TURİZM TATİL HİZMETLERİ LTD.ŞTİ.,1,1,True,0,ERP_management_software,1.0
firm,KURALKAN BİLİŞİM OTOMOTİV SANAYİ VE DIŞ TİCARET ANONİM ŞİRKETİ,5,5,True,0,software_licences,4.0
firm,KURMAY BİLİŞİM DANIŞMANLIK GIDA TAŞIMACILIK TEMİZLİK TEKSTİL İNŞAAT TAAHHÜT SANAYİ VE TİCARET LİMİTED ŞİRKETİ,1,1,True,7,network_datacentre_infrastructure,1.0
firm,KURUMSOFT KURUMSAL BİLİŞİM TEKNOLOJİLERİ VE DANIŞMANLIK HİZMETLERİ ANONİM ŞİRKETİ,2,4,True,4,custom_software_web_mobile,2.0
firm,KUTAY İNOVASYON İNŞAAT SANAYİ VE TİCARET LİMİTED ŞİRKETİ,1,1,False,-1,other_IT,1.0
firm,KUTNAY BİLGİ SİSTEML ERİ DAN.ORG.SAN. PAZ.VE TİC.LTD.Ş,1,1,True,25,ERP_management_software,1.0
firm,KUVARS YAPI MARKET İNŞAAT ELEKTRİK TESİSAT LTD.ŞTİ.,1,1,True,30,computers_peripherals,1.0
firm,KUZENLER ELEKTRONİK TUR.GIDA MOB.SAN VETİC.LTD.ŞTİ.,2,2,True,1,computers_peripherals,2.0
firm,KUZEY MÜHENDİSLİK İNŞAAT SANAYİ VE TİCARET LİMİTED ŞİRKETİ,2,2,True,27,ERP_management_software,2.0
firm,KUZEYTEK GRUP ENDÜSTRİYEL HIRDAVAT SANAYİ VE TİCARET LİMİTED ŞİRKETİ,1,1,True,27,computers_peripherals,1.0
firm,KVM MÜHENDİSLİK MÜŞAVİRLİK ENERJİ İNŞAAT TAAHHÜT SANAYİ VE TİCARET LİMİTED ŞİRKETİ,1,2,True,4,software_licences,1.0
firm,KYN ELEKTRİK MÜHENDİSLİK İNŞAAT SANAYİ TİCARET LİMİTED ŞİRKETİ,1,1,True,15,other_IT,1.0
firm,KYOCERA BİLGİTAŞ TURKEY DOKÜMAN ÇÖZÜMLERİ A.Ş.,1,1,True,0,computers_peripherals,1.0
firm,KÖKSAL BİLİŞİM TEKNO LOJİ İLET.ELK.FOTOĞ. SAN.TİC.LTD.ŞTİ.,1,1,True,21,network_datacentre_infrastructure,1.0
firm,KÖPRÜM İNŞAAT NAKLİYAT HAFRİYAT GIDA YEMEK SANAYİ VE TİCARET LİMİTED ŞİRKETİ,1,1,True,7,custom_software_web_mobile,1.0
firm,KÖSTEBEK TEKNOLOJİ YAZIL.BİLİŞ.EĞİT.DANARA.GEL.TİC.LTD.ŞTİ,1,1,True,33,software_licences,1.0
firm,KİDA TEKNOLOJİ BİLGİSAYAR GÜVENLİK SİSTEM LERİ VE REKLAMCILIK TİCARET SANAYİ LİMİTED ŞİRKETİ,1,1,True,2,software_licences,1.0
firm,KİKSOFTNET BİLİŞİM SİSTEMLERİ VE DANIŞMANLIK HİZMETLERİ TİCARET LİMİTED ŞİRKETİ,1,1,True,1,health_information_systems,1.0
firm,LABİRENT BİNA OTOMAS YON VE ELEKT.SİS .TİC.LTD.ŞTİ.,1,1,True,0,software_licences,1.0
firm,LACİTEK BİLİŞİM ANONİM ŞİRKETİ,2,2,True,21,GIS_city_information,2.0
firm,LACİTEK İLERİ TEKNOLOJİLER ARAŞTIRMA GELİŞTİRME DANIŞMANLIK SANAYİ İÇ VE DIŞ TİCARET LİMİTED ŞİRKETİ,1,1,True,7,ERP_management_software,1.0
firm,LALEZAR İNŞAAT MEDİKAL BİLGİSAYAR TEMİZLİK İTHALAT İHRACAT SANAYİ VE TİCARET LİMİTED ŞİRKETİ.,6,8,True,15,health_information_systems,2.0
firm,LDAP BİLGİ TEKNOLOJİLERİ DANIŞMANLIK VE DIŞ TİCARET LİMİTED ŞİRKETİ,3,4,True,0,cybersecurity,3.0
firm,LETA GRUP ELEKTRİK ELEKTRONİK BİLGİSAYAR TURİZM İNŞAAT OTOMOTİV İTHALAT İHRACAT SANAYİ VE TİCARET LİMİTED ŞİRKETİ,1,1,True,0,computers_peripherals,1.0
firm,LETTRA TEKNOLOJİ ANONİM ŞİRKETİ,3,3,True,0,ERP_management_software,3.0
firm,LN BİLGİSAYAR VE DANHİZ.SAN.TİC.A.Ş.,10,17,True,0,maintenance_support_services,5.0
firm,LODOS BİLGİSAYAR YAZILIM DONANIM VE DANIŞMANLIK TURİZM TİCARET LİMİTED ŞİRKETİ,1,4,True,32,computers_peripherals,3.0
firm,LOG YAZILIM EĞİTİM DANIŞMANLIK VE ARGE SANAYİ TİCARET LİMİTED ŞİRKETİ,2,2,True,11,custom_software_web_mobile,1.0
firm,LOGO YAZILIM SANAYİ VE TİÇARET ANONİM ŞİRKETİ,1,2,True,4,ERP_management_software,1.0
firm,LOKUS BİLİŞİM TEKNOLOJİLERİ SAN VE TİC LTD ŞTİ.,2,2,True,9,network_datacentre_infrastructure,1.0
firm,LOTUS BİLGİ TEKNOLOJİLERİ SANAYİ VE TİCARET ANONİM ŞİRKETİ,1,1,False,-1,cybersecurity,1.0
firm,LOTUS LİFE AJAN.REK.TANT.BASI.YAY.ORG.AMBL.İTH.İHR.SAN.TİC.LTD.ŞTİ.,1,1,True,9,custom_software_web_mobile,1.0
firm,LPS ENERJİ VE BİLİŞİM TEKNOLOJİLERİ SANAYİ TİCARET LİMİTED ŞİRKETİ,1,1,True,0,custom_software_web_mobile,1.0
firm,LST YAZILIM ELEKTRON İK VE İLETİŞİM T EK.TİC.LTD.ŞTİ.,10,10,True,0,ERP_management_software,7.0
firm,LTS BİLGİSAYAR ELEKTRONİK REKLAMCILIK BİLİŞİM VE DANIŞMANLIK HİZMETLERİ İTHALAT İHRACAT SANAYİ VE TİCARET LİMİTED ŞİRKETİ,1,1,True,13,network_datacentre_infrastructure,1.0
firm,LTS BİLİŞİM TEKNOLOJİLERİ TİCARET LİMİTED ŞİRKETİ,7,10,True,10,network_datacentre_infrastructure,5.0
firm,LUKA ENDÜSTRİYEL MAKİNA SANAYİ VE TİCARET LİMİTED ŞİRKETİ,1,1,True,4,software_licences,1.0
firm,LUKSTOR BİLİŞİM SİSTEMLERİ LİMİTED ŞİRKETİ,1,1,False,-1,network_datacentre_infrastructure,1.0
firm,LUNA ICT YAZILIM BİLGİSAYAR TİCARET LİMİTED ŞİRKETİ,1,1,True,33,maintenance_support_services,1.0
firm,LİBERYUS DİJİTAL MEDYA AJANSI VE DANIŞMANLIK LİMİTED ŞİRKETİ,1,1,True,0,network_datacentre_infrastructure,1.0
firm,LİDER KIRTASİYE MALZEMELERİ VE BÜRO MAK.SAN.TİC.LTD.ŞTİ.,1,1,True,36,computers_peripherals,1.0
firm,LİDYA BİLİŞİM TEKNOL OJİ SİSTEMLERİ T İC.VE SAN.LTD.ŞT,1,1,True,10,computers_peripherals,1.0
firm,LİDYA DÖKÜMANTASYON VE DİJİTAL BASKI HİZMETLERİ SANAYİ TİCARET LİMİTED ŞİRKETİ,1,1,True,9,computers_peripherals,1.0
firm,LİKARBA MÜHENDİSLİK ENERJİ ÇEVRE MADENCİLİK İNŞAAT İŞ SAĞLIĞI VE GÜVENLİĞİ ORMANCILIK LİMİTED ŞİRKETİ,2,4,False,-1,other_IT,2.0
firm,LİMATEK SİSTEM TEKNOLOJİLERİ SANAYİ VE TİCARET ANONİM ŞİRKETİ,1,1,True,0,software_licences,1.0
firm,LİMİT BİLGİSAYAR VE DANIŞMANLIK LTD. ŞTİ.,1,1,False,-1,education_technology,1.0
firm,LİNECOM GÜVENLİK SİSTEMLERİ HABERLEŞME TARIM TURİZM VE TİCARET LİMİTED ŞİRKETİ,1,1,True,27,computers_peripherals,1.0
firm,LİNEER BİLİŞİM TEKNO LOJİLERİ CBS OTOM.Bİ LG.TİC.LTD.ŞTİ.,2,2,True,0,GIS_city_information,2.0
firm,LİNGOSOFT BİLGİ TEKNOLOJİLERİ DANIŞMANLIK VE DİL HİZMETLERİ TİCARET LİMİTED ŞİRKETİ,1,1,True,0,ERP_management_software,1.0
firm,LİNGOSOFT BİLGİ TEKNOLOJİSİ HİZMETLERİ TİCARET LİMİTED ŞİRKETİ,1,1,True,5,custom_software_web_mobile,1.0
firm,LİNK BİLGİSAYAR SİSTEMLERİ YAZILIMI VE DONANIMI SANAYİ VE TİCARET ANONİM ŞİRKETİ,1,1,True,40,smart_city_traffic_OT,1.0
firm,LİNK PLUS BİLGİSAYAR SİSTEMLERİ SANAYİ VE TİCARET ANONİM ŞİRKETİ,1,1,True,0,network_datacentre_infrastructure,1.0
firm,LİNNO GIDA TEKSTİL REKLAM SANAYİ VE TİCARET LİMİTED ŞİRKETİ,1,1,False,-1,ERP_management_software,1.0
firm,LİTERA BİLİŞİM TEKNOLOJİLERİ SANAYİ VE Tİ CARET LİMİTED ŞİRKETİ,12,14,True,5,ERP_management_software,3.0
firm,LİV TEKNOLOJİ PAZARLAMA LİMİTED ŞİRKETİ,3,3,True,11,network_datacentre_infrastructure,2.0
firm,LİVATECH BİLİŞİM TEKNOLOJİLERİ VE DANIŞMANLIK LİMİTED ŞİRKETİ,4,5,True,6,ERP_management_software,2.0
firm,LİYA ORMANCILIK İNŞAAT HAFRİYAT PEYZAJ SANAYİ VE TİCARET LİMİTED ŞİRKETİ,2,2,False,-1,custom_software_web_mobile,1.0
firm,M.B.İ.S BİLGİSAYAR OTOMASYON DANIŞMANLIK VE EĞİTİM HİZMETLERİ SANAYİ TİCARET ANONİM ŞİRKETİ,2,2,True,4,ERP_management_software,2.0
firm,M.N.A TABLDOT TEM.Hİ Z.İNŞ.BİL.OTO.TU R.NAK.SAN.TİC.LT,1,2,False,-1,maintenance_support_services,1.0
firm,M.N.A TABLDOT TEMİZLİK HİZMETLERİ İNŞAAT BİLGİSAYAR OTOMASYON TURİZM NAKLİYE SANAYİ TİCARET LİMİTED ŞİRKETİ,1,1,False,-1,maintenance_support_services,1.0
firm,M2 ORGANİZASYON REKLAM TURİZM OTO KİRALAMA YAZILIM HİZMETLERİ YAYINCILIK İNŞAAT SANAYİ VE TİCARET LİMİTED ŞİRKETİ,1,1,False,-1,custom_software_web_mobile,1.0
firm,MAARİF MEKTEPLERİ EĞİTİM BASIN YAYIN DANIŞMANLIK ORGANİZASYON ARAŞTIRMA İNŞAAT TURİZM SANAYİ VE TİCARET LİMİTED ŞİRKETİ,1,1,True,19,custom_software_web_mobile,1.0
firm,MACELLAN BİLİŞİM DANIŞMANLIK TİCARET LİMİTED ŞİRKETİ,5,6,True,3,ERP_management_software,2.0
firm,MACROM TEKNOLOJİ ÜRÜNLERİ İTHALAT İHRACAT TASARIM BİLİŞİM BASIN YAYIN SAĞLIK EĞİTİM VE KUYUMCULUK SANAYİ TİCARET LİMİTED ŞİRKETİ,1,1,True,0,software_licences,1.0
firm,MAH ZEN GRUP İNŞAAT BİLGİSAYAR TEMİZLİK TURİZM TEKSTİL MADENCİLİK TİCARET VE SANAYİ LİMİTED ŞİRKETİ.,4,6,True,15,health_information_systems,1.0
firm,MAH ZEN GRUP İNŞAAT BİLGİSAYAR TEMİZLİK İTHALAT İHRACAT SANAYİ VE TİCARET LİMİTED ŞİRKETİ,1,1,True,15,health_information_systems,1.0
firm,MAHYA GIDA PAZ.TEMİZ İLETİ.TARIM HAYV TİC.VE SAN.LTD.Ş,1,1,False,-1,health_information_systems,1.0
firm,MAKBİM BİLGİSAYAR ELEKTRONİK TEMİZLİK İNŞAAT TURİZM VE NAKLİYAT SANAYİ VE TİCARET LİMİTED ŞİRKETİ,2,2,True,13,physical_security_surveillance,2.0
firm,MAKRO RİSK DEĞERLENDİRME İŞ SAĞLIĞI GÜVENLİĞİ YAZILIM VE EĞİTİM DANIŞMANLIĞI ANONİM ŞİRKETİ,1,1,True,2,ERP_management_software,1.0
firm,MAKRO TEMİZLİK OTOMASYON BİLGİ İŞLEM ORGANİZASYON SANAYİ VE TİCARET LİMİTED ŞİRKETİ,1,1,True,1,network_datacentre_infrastructure,1.0
firm,MAKROEM BİLGİSAYAR ELEKTRONİK PAZARLAMA İTHALAT İHRACAT MEDİKAL VE İNŞAAT SANAYİ TİCARET LİMİTED ŞİRKETİ,1,1,True,19,cybersecurity,1.0
firm,MAKROMED TURİZM ORGANİZASYON MEDİKAL SANAYİ İÇ VE DIŞ TİCARET LİMİTED ŞİRKETİ,1,1,True,0,custom_software_web_mobile,1.0
firm,MAKRON TEKNOLOJİ VE GÜVENLİK SİSTEMLERİ ELEKTRİK ELEKTRONİK TİCARET LİMİTED ŞİRKETİ,1,1,True,21,other_IT,1.0
firm,MAKSİMUM DONAN.YAZL.BİL.İLTŞ.VE REKLSAN.TİC.LTD.ŞTİ.,1,1,False,-1,computers_peripherals,1.0
firm,MALİ HİZMETLER DERNEĞİ İKTİSADİ İŞLETMESİ,1,1,True,16,custom_software_web_mobile,1.0
firm,MANAS ENERJİ YÖNETİM İ SANAYİ VE TİCARET A.Ş.,1,1,False,-1,custom_software_web_mobile,1.0
firm,MANTİS YAZ.DAN YAY EMÜH BİL DON İTHİHR SAN V T.LTD.,1,1,True,2,custom_software_web_mobile,1.0
firm,MAPİSSO YAZILIM MÜHENDİSLİK DANIŞMANLIK HİZMETLERİ SANAYİ VE TİCARET LİMİTED ŞİRKETİ,2,3,True,13,GIS_city_information,1.0
firm,MARCOM TEKNOLOJİ YAZILIM DANIŞMANLIK SANAYİ VE TİCARET LİMİTED ŞİRKETİ,1,1,False,-1,computers_peripherals,1.0
firm,MARKAFA İLETİŞİM ORGANİZASYON LİMİTED ŞİRKETİ,1,1,False,-1,custom_software_web_mobile,1.0
firm,MARKAJ REKLAMCILIK TURİZM ÖZEL SAĞLIK HİZMETLERİ SANAYİ VE TİCARET LİMİTED ŞİRKETİ,1,1,True,3,ERP_management_software,1.0
firm,MARKAM TEKNOLOJİ BİLİŞİM VE İLETİŞİM HİZMETLERİ LİMİTED ŞİRKETİ,1,1,True,9,custom_software_web_mobile,1.0
firm,MARMARA TEM.HİZM.GIDA BİLG.REKL.VE ORG.SAN.TİC.LTD.ŞTİ.,1,1,False,-1,ERP_management_software,1.0
firm,MARMARA TEMİZLİK HİZMETLERİ ANONİM ŞİRKETİ,2,2,False,-1,ERP_management_software,1.0
firm,MARMARA TEMİZLİK İNŞ GIDA VE KARGO DA Ğ.HİZ.SAN.LTD.ŞT,1,1,True,7,other_IT,1.0
firm,MARMARA ŞEHİRCİLİK KENTSEL DÖNÜŞÜM PROJE GELİŞTİRME YÖNETİM ANONİM ŞİRKETİ,1,1,True,33,custom_software_web_mobile,1.0
firm,MARSER SPOR MAL.KIR.BİLG.TEKS.İNŞ.İTH.İHR.SAN.VE TİC.LTD.ŞTİ,1,1,True,9,computers_peripherals,1.0
firm,MART YAZILIM EĞİTİM DANIŞMANLIK SANAYİ VE TİCARET LİMİTED ŞİRKETİ,1,3,True,37,ERP_management_software,1.0
firm,MARTA TEKNOLOJİ SANAYİ VE TİCARET ANONİM ŞİRKETİ,1,1,True,11,custom_software_web_mobile,1.0
firm,MARTI BÜRO SİSTEMLERİ İTHALAT İHRACAT VE DIŞ TİCARET LİMİTED ŞİRKETİ,1,1,True,2,computers_peripherals,1.0
firm,MAS GRUP ELEKTRONİK SANAYİ VE TİCARET LİMİTED ŞİRKETİ,1,1,True,3,custom_software_web_mobile,1.0
firm,MAS İNSAN KAYNAKLARI İNŞAAT TURİZM TEKSTİL SANAYİ VE TİCARET LİMİTED ŞİRKETİ,1,2,True,2,custom_software_web_mobile,1.0
firm,MASTERCOM BİLGİSAYARMOBİL.TEKSTİL VE İNŞAAT İTHALAT İHRACAT LTD.ŞTİ.,1,1,True,27,smart_city_traffic_OT,1.0
firm,MASTERTEK BİLGİ TEKNOLOJİLERİ TİCARET LİMİTED ŞİRKETİ,1,1,False,-1,custom_software_web_mobile,1.0
firm,MATBUU BASKI VE İNTERNET HİZMETLERİ ORGANİZASYON LİMİTED ŞİRKETİ,1,1,True,4,ERP_management_software,1.0
firm,MATE TEKNOLOJİ TİCARET LİMİTED ŞİRKETİ,1,2,True,4,maintenance_support_services,1.0
firm,MATRİS BİLİŞİM TEKNOLOJİLERİ TİCARET ANONİM ŞİRKETİ,2,2,True,3,computers_peripherals,2.0
firm,MATRİSLED ELEKTRİK ELEKTRONİK İNŞAAT TİCARET LİMİTED ŞİRKETİ,1,1,True,9,computers_peripherals,1.0
firm,MAVİ GÜVENLİK ELEKTRONİK SAN.TİC.LTD.ŞTİ.,2,3,True,8,physical_security_surveillance,1.0
firm,MAVİ YEŞİL YAZILIM OTOMASYON SANAYİ VE TİCARET LİMİTED ŞİRKETİ,1,1,False,-1,custom_software_web_mobile,1.0
firm,MAVİNCİ BİLİŞİM ENDÜSTRİYELUYGULAMALAR EĞİTİM VE DANIŞMANLIK HİZMETLERİ SANAYİ TİCARET LİMİTED ŞİRKETİ,1,1,True,2,GIS_city_information,1.0
firm,MAVİON BİLİŞİM TEKNOLOJİLERİ SAN.VE TİC.LTD.ŞTİ.,2,2,True,24,ERP_management_software,2.0
firm,MAY SİBER TEKNOLOJİ BİLİŞİM BİLGİSAYAR EĞİTİM DANIŞMANLIK YAZILIM TİCARET SANAYİ ANONİM ŞİRKETİ,2,2,True,0,custom_software_web_mobile,2.0
firm,MAYEB ORGANİZASYON İNŞAAT TAAHHÜT GIDA ULAŞIM TEMİZLİK EĞİTİM BİLİŞİM AKARYAKIT REKLAM TURİZM SAĞLIK HİZMETLERİ SANAYİ VE TİCARET ANONİM ŞİRKETİ,1,1,True,5,computers_peripherals,1.0
firm,MAYES İKLİMLENDİRME VE ENDÜSTRİYEL SOĞUTMA SİSTEMLERİ LİMİTED ŞİRKETİ,1,1,False,-1,network_datacentre_infrastructure,1.0
firm,MAİNTY TEKNOLOJİ ANONİM ŞİRKETİ,3,3,True,11,maintenance_support_services,3.0
firm,MBM TURİZM OTOMASYON TEMİZLİK İNŞAAT YEMEK KIRTASİYE BİLGİSAYAR TAAHHÜT SANAYİ VE TİCARET LİMİTED ŞİRKETİ,1,1,True,20,computers_peripherals,1.0
firm,MBS BİLGİ TEKNOLOJİLERİ SANAYİ VE TİCARET LİMİTED ŞİRKETİ,1,1,True,10,computers_peripherals,1.0
firm,MC SERVİS DANIŞMANLIK BİLGİSAYAR SİSTEMLERİ VE TİCARET LİMİTED ŞİRKETİ,1,1,True,2,computers_peripherals,1.0
firm,MC TEK BİLGİSAYAR MÜHENDİSLİK ARAŞTIRMA GELİŞTİRME PROJE DANIŞMANLIK HİZMETLERİ TELEKOMÜNİKASYON VE ÜRETİM PAZARLAMA İÇ VE DIŞ TİCARET LİMİTED ŞİRKETİ,4,6,True,0,GIS_city_information,3.0
firm,MCA YAZILIM BİLİŞİMVE DANIŞMANLIK HİZ LTD ŞTİ,1,1,True,11,maintenance_support_services,1.0
firm,MCH İNTERAKTİF TASAR IM VE GELİŞT.HİZMETL ERİ LTD.ŞTİ.,1,1,True,8,maintenance_support_services,1.0
firm,MDA TECH TEKNOLOJİ LİMİTED ŞİRKETİ,1,1,True,0,cybersecurity,1.0
firm,MDI BİLGİSAYAR VE MEDİKAL TEKNOLOJİLERİ SANAYİ VE TİCARET LTD.ŞTİ.,1,1,False,-1,network_datacentre_infrastructure,1.0
firm,MDS AP TECH YAZILIM ÜRÜNLERİ VE BİLİŞİM HİZMETLERİ TİCARET LİMİTED ŞİRKETİ,7,8,True,0,software_licences,3.0
firm,MDSAP TR YAZILIM ÜRÜNLERİ VE BİLİŞ.HİZM.TİC.LTD.ŞTİ.,2,3,True,0,custom_software_web_mobile,3.0
firm,MDSOFT BİLİŞİM MÜHENDİSLİK ARGE MÜŞAVİRLİK VE TİCARET LİMİTED ŞİRKETİ,1,1,False,-1,ERP_management_software,1.0
firm,MEBA ELEKTRONİK İLETİŞİM SİSTEMLERİTİC.LTD.ŞTİ.,2,2,True,5,network_datacentre_infrastructure,2.0
firm,MEBITECH BİLİŞİM ANONİM ŞİRKETİ.,2,2,True,9,custom_software_web_mobile,1.0
firm,MECHSOFT BİLGİ VE İLETİŞİM TEKNOLOJİLERİ TİCARET ANONİM ŞİRKETİ,1,1,True,0,custom_software_web_mobile,1.0
firm,MEDDATA BİLİŞİM İLET İŞİM SİS.PRO.DAN .MED.TİC.VE S.LT,2,2,True,34,custom_software_web_mobile,2.0
firm,MEDDATA BİLİŞİM İLETİŞİM SİSTEMLERİ PROJE DANIŞMANLIK MEDİKAL ENERJİ SANAYİ VE TİCARET LİMİTED ŞİRKETİ.,1,1,True,12,health_information_systems,1.0
firm,MEDOC TEKNOLOJİ YAZILIM DANIŞMANLIK BİLİŞİM PAZARLAMA İTHALAT İHRACAT TİCARET LİMİTED ŞİRKETİ,2,2,True,7,ERP_management_software,2.0
firm,MEDYASOFT BİLGİ SİSTEMLERİ SAN.VE TİC.A.Ş.,1,1,False,-1,ERP_management_software,1.0
firm,MEDYASOFT DANIŞMANLIK VE EĞİTİM ANONİM ŞİRKETİ,6,6,True,13,custom_software_web_mobile,2.0
firm,MEDİFARM DIŞ TİC.VE PAZ.LTD.ŞTİ.,1,1,True,24,custom_software_web_mobile,1.0
firm,MEDİSABA MEDİKAL SAĞLIK İNŞAAT TEMİZLİK ELEKTRONİK SANAYİ TİCARET LİMİTED ŞİRKETİ.,1,1,True,1,computers_peripherals,1.0
firm,MEEAPPS YAZILIM VE İNTERNET TEKNOLOJİLERİ ANONİM ŞİRKETİ,1,1,True,5,ERP_management_software,1.0
firm,MEG POİNT BİLİŞİM TEKNOLOJİLERİ ANONİM ŞİRKETİ,1,1,True,0,custom_software_web_mobile,1.0
firm,MEGA BİLGİSAYAR TİCARET LTD.ŞTİ.,16,22,True,7,network_datacentre_infrastructure,5.0
firm,MEGA TEKNİK KAĞIT SANAYİ VE GIDA ÜRÜNLERİ TİCARET LİMİTED ŞİRKETİ,2,2,True,17,ERP_management_software,2.0
firm,MEGIS BİLİŞİM TEKNOLOJİLERİ YAZILIM MÜHENDİSLİK BİLGİSAYAR EĞİTİM VE DANIŞMANLIK TİCARET LİMİTED ŞİRKETİ,1,1,False,-1,GIS_city_information,1.0
firm,MEHAZ TEKNOLOJİ YAZILIM BİLİŞİM VE GIDA TİCARET LİMİTED ŞİRKETİ,2,3,True,4,maintenance_support_services,2.0
firm,MEKANSAL PLANLAMA MİMARLIK MÜHENDİSLİK PROJE BİLİŞİM İNŞAAT TAAHHÜT SANAYİ VE TİCARET LİMİTED ŞİRKETİ,4,5,True,0,GIS_city_information,2.0
firm,"MEKANSAL PLANLAMA MİMARLIK MÜHENDİSLİK PROJE BİLİŞİM İNŞAAT TAAHHÜT SANAYİ VE TİCARET LİMİTED ŞİRKETİ, HÜNER MÜH.TİC.LTD.ŞTİ. İş Ortaklığı",1,1,True,4,GIS_city_information,1.0
firm,MEKANSAL YAZILIM DANIŞMANLIK TİCARET LİMİTED ŞİRKETİ,1,1,True,9,GIS_city_information,1.0
firm,MEKANSAL ZEKA YAZILIM ELEKTRONİK DANIŞMANLIK EĞİTİM ORGANİZASYON TİCARET LİMİTED ŞİRKETİ,1,1,True,0,custom_software_web_mobile,1.0
firm,MEKSEM MÜHENDİSLİK DANIŞMANLIK ENERJİ SİSTEMLERİ SANAYİ TİCARET LİMİTED ŞİRKETİ,1,1,True,13,education_technology,1.0
firm,MERGEN YAZILIM ANONİM ŞİRKETİ,18,25,True,22,health_information_systems,3.0
firm,MERKEZ COĞRAFYA BİLİŞİM SİSTEMLERİ VE MÜHENDİSLİK LİMİTED ŞİRKETİ,9,9,True,6,GIS_city_information,3.0
firm,MERSİN BÜYÜKŞEHİR İMAR İNŞAAT ELEKTRİK ÜRETİM ÖZEL GÜVENLİK HİZMETLERİ SANAYİ VE TİCARET ANONİM ŞİRKETİ,2,4,True,4,ERP_management_software,4.0
firm,MERSİN ÇİZGİ TEKNOLOJİ BÜRO MAKİNALARI GÜVENLİK SANAYİ VE TİCARET LİMİTED ŞİRKETİ,1,2,True,18,ERP_management_software,1.0
firm,MERİH BİLGİSAYAR ELEKTRİK TEMİZLİK YEMEKÇİLİK İNŞAAT SANAYİ VE TİCARET LİMİTED ŞİRKETİ,3,5,True,18,computers_peripherals,1.0
firm,MERİT İLETİŞİM TEKNOLOJİLERİ TİCARET VE SANAYİ ANONİM ŞİRKETİ,2,2,True,7,network_datacentre_infrastructure,1.0
firm,MESCİOĞLU MÜHENDİSLİK VE MÜŞAVİRLİK A.Ş,1,1,True,6,GIS_city_information,1.0
firm,MESS TÜRKİYE METAL SANAYİCİLERİ SENDİKASI İKTİSADİ İŞLETMESİ,1,1,False,-1,education_technology,1.0
firm,METAFORM BİLİŞİM VE İLETİŞİM TEKNOLOJİLERİ DANIŞMANLIK SANAYİ VE TİCARET LİMİTED ŞİRKETİ,1,1,True,24,ERP_management_software,1.0
firm,METASOFT BİLGİSAYAR BİLGİ İŞLEM HİZMETLERİ SANAYİ VE TİCARET LİMİTED ŞİRKETİ,85,140,True,15,health_information_systems,3.0
firm,METAVERSE TEKNOLOJİ VE TİCARET ANONİM ŞİRKETİ,1,1,False,-1,network_datacentre_infrastructure,1.0
firm,METEK GRUP BİLİŞİM TEKNOLOJİLERİ ANONİM ŞİRKETİ,1,1,True,0,physical_security_surveillance,1.0
firm,METEK GÜVENLİK SİSTEMLERİ BİLİŞİM İÇ VE DIŞ TİC.LTD.ŞTİ.,3,3,True,24,physical_security_surveillance,2.0
firm,METOD ARAÇ TAKİP VE ARAÇ İÇİ İZLEME ÇÖZÜMLERİ İLETİŞİM BİLGİSAYAR SANAYİ VE TİCARET ANONİM ŞİRKETİ,1,1,True,9,smart_city_traffic_OT,1.0
firm,METOD ARAŞTIRMA DAN. VE MÜH.İNŞAAT SA N.TİC.LTD.ŞTİ.,3,5,True,3,ERP_management_software,3.0
firm,METOD IT AKADEMİ EĞİTİM DANIŞMANLIK BİLİŞİM HİZMETLERİ LİMİTED ŞİRKETİ,3,5,True,4,software_licences,3.0
firm,METROBİL TEKNOLOJİ LİMİTED ŞİRKETİ,1,2,True,3,custom_software_web_mobile,2.0
firm,METRİK BİLGİSAYAR YA ZILIM DAN.SERV.S AN.TİC.LTD.ŞTİ.,1,1,True,0,software_licences,1.0
firm,METRİK BİLGİSAYAR YAZILIM DANIŞMANLIK SERVİS SANAYİ TİCARET LİMİTED ŞİRKETİ,1,5,True,0,software_licences,2.0
firm,METSİS BİLİŞİM SANAYİ VE TİCARET LİMİTED ŞİRKETİ,2,2,True,1,cybersecurity,1.0
firm,METİS BİLİŞİM YAZILIM DANIŞMANLIK EĞT.VE YAY HİZ TİC LTD ŞTİ,2,3,True,35,ERP_management_software,1.0
firm,MEVA BİLGİ TEKNOLOJİLERİ LİMİTED ŞİRKETİ,1,1,True,23,physical_security_surveillance,1.0
firm,MEVA MEDİKAL İNŞAAT TURİZM GIDA TEKSTİL SANAYİ VE TİCARET LİMİTED ŞİRKETİ,1,1,True,17,computers_peripherals,1.0
firm,MEYSA TEKNİK TAAHHÜT MÜHENDİSLİK PROJE İNŞAAT EĞİTİM VE ÖĞRETİM HİZMETLERİ LİMİTED ŞİRKETİ,2,2,True,17,computers_peripherals,2.0
firm,MISC YAZILIM BİLİŞİM VE DANIŞMANLIK LİMİTED ŞİRKETİ,1,1,True,16,ERP_management_software,1.0
firm,MKA YAZILIM VE MÜHENDİSLİK HİZ.TİC.LTD.ŞTİ.,1,1,True,8,software_licences,1.0
firm,MLG BİLİŞİM ANONİM ŞİRKETİ,3,3,True,13,ERP_management_software,3.0
firm,MLS BİLİŞİM SANAYİ VE TİCARET LTD ŞTİ,1,1,True,0,ERP_management_software,1.0
firm,MMM GRUP BİLİŞİM VETURİZM SAN.TİC.LTD.ŞTİ.,9,9,True,21,ERP_management_software,2.0
firm,MMSG MOBİL PAZARLAMA VE İLETİŞİM HİZM ETLERİ LTD.ŞTİ.,1,1,True,9,maintenance_support_services,1.0
firm,MOBESE MOBİL ELEKTRONİK SİSTEM ENTEGRASYONU SANAYİ VE TİCARET ANONİM ŞİRKETİ,4,9,True,0,physical_security_surveillance,1.0
firm,MOBVEN TEKNOLOJİ ANONİM ŞİRKETİ,1,2,True,25,custom_software_web_mobile,1.0
firm,MOBİLSERVİS ÇAĞRI TAKİP VE BİLGİLENDİRME SİSTEMLERİ ANONİM ŞİRKETİ,1,1,True,31,GIS_city_information,1.0
firm,MOBİLTURK İLETİŞİM EĞİTİM DANIŞMANLIK HİZMETLERİ İNTERNET TELEKOMÜNİKASYON LİMİTED ŞİRKETİ,1,1,True,11,physical_security_surveillance,1.0
firm,MOBİLİON BİLİŞİM TEKN.VE REK.PAZ.LTD.ŞTİ,9,10,True,33,custom_software_web_mobile,4.0
firm,MOBİLİZ BİLGİ VE İLE TİŞİM TEKNOLOJİL ERİ A.Ş.,5,5,True,10,smart_city_traffic_OT,1.0
firm,MOBİLİŞİM İLETİŞİM ANONİM ŞİRKETİ,2,2,True,4,custom_software_web_mobile,2.0
firm,MOBİNTEK MOBİL VE İN TERNET TEKN.BİL.İLE. REK.ORGA.DAN.LTD.ŞTİ,1,1,False,-1,network_datacentre_infrastructure,1.0
firm,MOBİS BİLİŞİM ELEKTR ONİK PROJE DAN.İ N.SAN.VE D.T.LŞ.,1,1,True,25,computers_peripherals,1.0
firm,MOBİSOFT BİLİŞİM HİZMETLERİ SANAYİ VE TİCARET LTD.ŞTİ.,1,1,True,21,GIS_city_information,1.0
firm,MOBİSİS TEKNOLOJİ ANONİM ŞİRKETİ,2,2,True,4,computers_peripherals,2.0
firm,MODÜL PLANLAMA HARİTA İNŞ. VE TİC. LTD.ŞTİ.,1,1,True,13,GIS_city_information,1.0
firm,MOMENDE BİLİŞİM DANIŞMANLIK VE TEKN HİZMTİC LTD ŞTİ,1,1,True,4,cybersecurity,1.0
firm,MONAD YAZILIM BİLGİSAYAR EĞİ.DAN.SAN.VE TİC.LTD.ŞTİ.,20,37,True,17,health_information_systems,1.0
firm,MOOR YAZILIM DANIŞMANLIK VE REKLAMCILIK HİZMETLERİ LİMİTED ŞİRKETİ,1,2,True,11,ERP_management_software,2.0
firm,MOR YAZILIM HİZMETLERİ VE BİLGİSAYARSİSTEML.LTD.ŞTİ.,2,2,True,6,ERP_management_software,2.0
firm,MOREUM BİLİŞİM TEKNOLOJİLERİ A.Ş.,3,4,True,3,ERP_management_software,1.0
firm,MORTEN BİLGİ VE İLETİŞİM HİZMETLERİ ANONİM ŞİRKETİ,2,3,True,11,software_licences,1.0
firm,MOS BİLİŞİM TEKNOLOJ İLERİ YAZILIM DANIŞM ANLIK HİZ.LTD.ŞTİ.,3,3,True,37,maintenance_support_services,2.0
firm,MOSAŞ AKILLI ULAŞIM TEKNOLOJİLERİ ANONİM ŞİRKETİ,1,1,True,8,smart_city_traffic_OT,1.0
firm,MOSK BİLİŞİM TEKNOLOJİLERİ SANAYİ VE TİCARET LİMİTED ŞİRKETİ,3,3,True,6,GIS_city_information,2.0
firm,MOSSTAR YÜKSEK TEKNOLOJİ ÇÖZÜMLERİ SANAYİ TİCARET LİMİTED ŞİRKETİ,1,1,True,0,ERP_management_software,1.0
firm,MOTTO BİLGİ İŞLEM HİZMETLERİ VE TİCARET ANONİM ŞİRKETİ,3,3,True,31,custom_software_web_mobile,2.0
firm,MOZAİK YAZILIM VE BİLİŞİM SİSTEMLERİ SAN VE TİC. LTD. ŞTİ.,6,7,True,25,custom_software_web_mobile,4.0
firm,MRD BİLİŞİM YAZILIM AR-GE EĞİTİM DANIŞMANLIK YAYINCILIK TURİZM SANAYİ VE TİCARET ANONİM ŞİRKETİ,1,1,True,11,ERP_management_software,1.0
firm,MRK BASKI VE TANITIMHİZM.TİC.LTD.ŞTİ,1,1,False,-1,custom_software_web_mobile,1.0
firm,MS TEDARİK TEKNOLOJİ SANAYİ VE TİCARET LİMİTED ŞİRKETİ,9,10,True,13,computers_peripherals,4.0
firm,MSD TEMİZLİK BİLGİ SİSTEM MEDİKAL SAĞLIK TURİZM İNŞAAT PETROL GIDA SANAYİ VE TİCARET LİMİTED ŞİRKETİ,1,2,True,36,health_information_systems,1.0
firm,MSM BİLİŞİM TEKNOLOJİLERİ BİLGİSAYAR ELEKTRONİK İLETİŞİM KIRTASİYE SANAYİ VE TİCARET LİMİTED ŞİRKETİ,2,2,True,18,computers_peripherals,2.0
firm,MST GLOBAL DANIŞMANLIK TİCARET LİMİTED ŞİRKETİ,1,1,False,-1,custom_software_web_mobile,1.0
firm,MTA GÜVENLİK SİSTEMLERİ VE BİLİŞİM TEKNOLOJİLERİ TİCARET SANAYİ LİMİTED ŞİRKETİ,3,3,True,0,physical_security_surveillance,1.0
firm,MUAD PLANLAMA MİMARLIK İNŞAAT SANAYİ VE TİCARET LİMİTED ŞİRKETİ,1,1,True,16,GIS_city_information,1.0
firm,MULTİMEDYA TEKNOLOJİ BİLİŞİM BİLGİSAYAR TİCARET LİMİTED ŞİRKETİ,1,1,True,13,network_datacentre_infrastructure,1.0
firm,MYRONET TELEKOMİNİKASYON VE BİLGİ TEKNOLOJİLERİ TİCARET LİMİTED ŞİRKETİ,1,1,True,19,network_datacentre_infrastructure,1.0
firm,MYSİS BİLGİ TEKNOLOJİLERİ SAN.VE DIŞ TİC. LTD.ŞTİ.,1,1,True,21,cybersecurity,1.0
firm,MİA TEKNOLOJİ YAZILI M TASAR.MÜH.İTH. İHR.PAZ.LTD.ŞTİ.,17,24,True,22,ERP_management_software,7.0
firm,MİCROBİL BİLGİSAYAR SAĞLIK ENERJİ İNŞAAT SANAYİ VE TİCARET LİMİTED ŞİRKETİ,1,1,False,-1,custom_software_web_mobile,1.0
firm,MİCROCENT ELEKTRONİK VE BİLGİ İŞLEM SİSTEMLERİ İNŞAAT SANAYİ VE DIŞ TİCARET LİMİTED ŞİRKETİ,1,1,True,8,physical_security_surveillance,1.0
firm,MİKRODATA BİLİŞİM TE KNOLOJİLERİ İMAL SAN.VE TİC.LTD.Ş,5,6,True,18,health_information_systems,1.0
firm,MİKROLİNK BİLİŞİM SANAYİ TİCARET ANONİM ŞİRKETİ,1,1,True,0,physical_security_surveillance,1.0
firm,MİKROSARAY MİKROBİLGİSAYAR PAZ.VE TİC.A.Ş.,1,1,False,-1,custom_software_web_mobile,1.0
firm,MİL YAZILIM BİLİŞİMVE OYUN TEK.TİC.LTD.ŞTİ.,2,5,True,21,ERP_management_software,2.0
firm,MİMAR BİLGİ İLETİŞİM VE SAVUNMA TEKNOLOJİLERİ SAN. VE TİC. LTD. ŞTİ,3,3,True,24,ERP_management_software,3.0
firm,MİMAR BİLGİ İLETİŞİMVE SAVUNMA TEKNOLOJİLERİ SAVE Tİ LTD ŞTİ,6,6,True,24,ERP_management_software,3.0
firm,MİMOZA MÜHENDİSLİK M ÜŞAVİRLİK HİZ.İNŞ.TU RİZM TİC.LTD.ŞTİ.,1,1,False,-1,GIS_city_information,1.0
firm,MİMSAY YAZILIM ARAŞTIRMA GELİŞTİRME MÜHENDİSLİK REKLAM SANAYİ TİCARET LİMİTED ŞİRKETİ,1,1,False,-1,ERP_management_software,1.0
firm,MİNERVA YAZILIM A.Ş.,1,8,False,-1,maintenance_support_services,2.0
firm,MİNOVA TEK.ELKTRONİK SAN.VE TİC.LTD.Ş Tİ.,1,1,True,0,smart_city_traffic_OT,1.0
firm,MİR BİLGİ ELEKTRİK ELEKTRONİK TEKNOLOJİ İLETİŞİM KIRTASİYE TEMİZLİK İNŞAAT SANAYİ TİCARET LİMİTED ŞİRKETİ,1,1,False,-1,computers_peripherals,1.0
firm,MİRAKIL VERİ İŞLEME YAZILIM DONANIM EĞİTİM DANIŞMANLIK TİCARET LİMİTED ŞİRKETİ,1,1,True,9,education_technology,1.0
firm,MİRAY BİO MEDİKAL ÜRÜNLER TİCARET LİMİTED ŞİRKETİ,1,1,True,17,ERP_management_software,1.0
firm,MİRON YAZILIM VE BİL Gİ TEKNOLOJİLERİ TİC.LTD.ŞTİ.,1,1,True,2,computers_peripherals,1.0
firm,MİRSOFT BİLİŞİM YAZILIM TEKNOLOJİLERİ TİCARET LİMİTED ŞİRKETİ,1,1,True,19,computers_peripherals,1.0
firm,MİRSİS BİLGİ TEKNOLO JİLERİ LTD.ŞTİ.,1,1,True,0,software_licences,1.0
firm,MİRZA ÖZEL SAĞLIK HİZMETLERİ İNŞAAT TEMİZLİK BİLİŞİM OTOMOTİV SAN.VE TİC.LTD.ŞTİ.,1,1,True,32,other_IT,1.0
firm,MİX TEKNOLOJİ ANONİM ŞİRKETİ,2,2,True,7,network_datacentre_infrastructure,2.0
firm,MİYA DONANIM EĞİTİM YAZILIM DANIŞMANLIK HİZMETLERİ SANAYİ VE TİCARET LTD.ŞTİ.,1,1,True,0,custom_software_web_mobile,1.0
firm,N-D TEKNOLOJİ SİSTEMLERİ İLETİŞİM HİZMETLERİ İNŞAAT TAAHHÜT SANAYİ TURİZM TİCARET LİMİTED ŞİRKETİ,1,1,True,4,custom_software_web_mobile,1.0
firm,N.C.S.BİLGİSAYAR BİL İŞİM DANIŞ.SAN.V E TİC.LTD.ŞTİ.,1,1,True,23,custom_software_web_mobile,1.0
firm,N2MOBİL TAKİP SİSTEMLERİ ANONİM ŞİRKETİ,4,4,True,11,smart_city_traffic_OT,2.0
firm,NAATURE BİLİŞİM TEKNOLOJİLERİ ANONİM ŞİRKETİ,1,3,False,-1,network_datacentre_infrastructure,2.0
firm,NABU BİLİŞİM İTHALAT İHRACAT LİMİTED ŞİRKETİ,1,1,True,35,other_IT,1.0
firm,NAR YAZILIM OTOMASYON TEK.EĞİTİM VEDAN.LTD.ŞTİ.,1,2,True,6,ERP_management_software,1.0
firm,NARA EĞİTİM TEKNOLOJİLERİ ANONİM ŞİRKETİ,2,2,False,-1,custom_software_web_mobile,1.0
firm,NARVERİ EĞİTİM BİLİŞİM DANIŞMANLIK YAYINCILIK REKLAM SANAYİ VE TİCARET LİMİTED ŞİRKETİ,1,1,True,2,custom_software_web_mobile,1.0
firm,NAS GRUP BİLGİ VE İLETİŞİM TEKNOLOJİLERİ ÖZEL EĞİTİM İNŞAAT SANAYİ TİCARET LİMİTED ŞİRKETİ,1,1,True,17,software_licences,1.0
firm,NASA BİLGİ İŞLEM ÜRÜ NLERİ İTH.İHR.VE TİC.LTD.ŞTİ.,1,1,True,25,computers_peripherals,1.0
firm,NASA TEKNİK SERVİS BİLGİSAYAR YAZILIM DANIŞMANLIK İNŞAAT GÜVENLİK TİC.VE SAN.LTD.ŞTİ.,4,4,True,7,computers_peripherals,2.0
firm,NASIM ÖZEN ELEKTRİKİNŞ.MAK.TAAH.SAN.VETİC.LTD.ŞTİ.,1,1,False,-1,computers_peripherals,1.0
firm,NATEK BİLİŞİM BİLGİSAYAR EĞİT.DAN.YAZ.TİC.SAN.LTD.ŞTİ.,16,19,True,0,cybersecurity,6.0
firm,NATURA OTOMASYON VE YAZILIM SİSTEMLERİ SANAYİ TİCARET LİMİTED ŞİRKETİ,1,4,True,10,smart_city_traffic_OT,1.0
firm,NATİCA TEKNOLOJİ DANTİC. LTD.ŞTİ,1,1,False,-1,custom_software_web_mobile,1.0
firm,NATİONAL KEEP NK BİLİŞİM TEKNOLOJİLERİ ULUSLARARASI SİBER GÜVENLİK HİZMETLERİ DANIŞMANLIK YAZILIM VE LABORATUVAR HİZMETLERİ TİCARET LİMİTED ŞİRKETİ,1,1,True,37,maintenance_support_services,1.0
firm,NATİVE TEKNOLOJİ VE BİLİŞİM HİZMETLERİ LİMİTED ŞİRKETİ,1,1,True,3,cybersecurity,1.0
firm,NBN BİLİŞİM VE TİCARET LİMİTED ŞİRKETİ,1,4,True,10,network_datacentre_infrastructure,3.0
firm,NDR GLOBAL TEDARİK HİZMETLERİ ANONİM ŞİRKETİ,1,1,False,-1,custom_software_web_mobile,1.0
firm,NEBULA BİLİŞİM SİSTEMLERİ SAN.VE TİCLTD.ŞTİ.,1,1,True,4,other_IT,1.0
firm,NEBULA MÜHENDİSLİK İNŞAAT HARİTA SANVE DIŞ TİC LTD Ş,2,2,True,4,GIS_city_information,1.0
firm,NEDOSİS BİLİŞİM VE İLETİŞİM TEKNOLOJİLERİ SANAYİ VE TİCARET LİMİTED ŞİRKETİ,1,1,False,-1,ERP_management_software,1.0
firm,NEFAN TİCARET VE SAN AYİ LTD.ŞTİ.,1,1,True,2,physical_security_surveillance,1.0
firm,NEG TEKNOLOJİ SANAYİ VE TİCARET ANONİM ŞİRKETİ,1,1,True,5,cybersecurity,1.0
firm,NEKSGEN BİLİŞİM TEKNOLOJİLERİ ANONİM ŞİRKETİ,1,2,False,-1,cybersecurity,1.0
firm,NELİT İLERİ TEKNOLOJİ ANONİM ŞİRKETİ,2,2,True,35,cybersecurity,2.0
firm,NEND TEKNOLOJİ LİMİTED ŞİRKETİ,1,1,False,-1,custom_software_web_mobile,1.0
firm,NEOCOM İLETİŞİM TEKN OLOJİLERİ LTD.ŞTİ.,1,1,False,-1,network_datacentre_infrastructure,1.0
firm,NERGİZOĞLU İNŞAAT SANAYİ TİCARET LİMİTED ŞİRKETİ,2,3,False,-1,maintenance_support_services,1.0
firm,NET HARİTA İNŞ.SAN.VE TİC.LTD.ŞTİ.,1,1,True,0,custom_software_web_mobile,1.0
firm,NET SOLUTİONS BİLİŞİM EĞİTİM DANIŞMANLIK SN.VETC.LTD,1,1,True,2,ERP_management_software,1.0
firm,NETAŞ TELEKOMÜNİKASYON ANONİM ŞİRKETİ,7,7,True,6,software_licences,3.0
firm,NETCAD YAZILIM ANONİM ŞİRKETİ,92,112,True,6,GIS_city_information,6.0
firm,NETCOM BİLGİSAYAR YAZ.İNT.VE TELEKO.HİZ.SAN.TİC.A.Ş.,16,19,True,2,software_licences,5.0
firm,NETCORE BİLİŞİM HİZMETLERİ ANONİM ŞİRKETİ,1,1,True,3,ERP_management_software,1.0
firm,NETCORE BİLİŞİM HİZMETLERİ ANONİM ŞİRKETİ - ANKARA,1,1,True,3,software_licences,1.0
firm,NETEL BİLİŞİM OTOMASYON VE ELEKTRİK TAAHHÜT DIŞ TİCARET LİMİTED ŞİRKETİ,1,1,True,10,call_centre_helpdesk,1.0
firm,NETFİKS BİLGİ TEKNOLOJİLERİ SANAYİ VE TİCARET LİMİTED ŞİRKETİ,2,3,True,8,computers_peripherals,2.0
firm,NETIX BİLİŞİM TEKNOLOJİLERİ YAZILIM DANIŞMANLIK EĞİTİM VE İLETİŞİM HİZMETLERİ SANAYİ TİCARET LİMİTED ŞİRKETİ,2,2,True,6,ERP_management_software,1.0
firm,NETKUR BİLGİ TEKNOLOJİLERİ İLETİŞİM YAZILIM SANAYİ VE TİCARET LİMİTED ŞİRKETİ,2,2,True,0,physical_security_surveillance,1.0
firm,NETLINE BİLGİ İŞLEM BİLGİSAYAR DONANIM VE PROGRAM HİZMETLERİ TİCARET LİMİTED ŞİRKETİ,1,1,True,4,ERP_management_software,1.0
firm,NETOVA TEKNOLOJİ BİLİŞİM İLETİŞİM ELEKTRONİK VE OFİS OTOMASYON SİSTEMLERİ SAN.VE TİC. LTD.ŞTİ.,4,4,True,28,computers_peripherals,3.0
firm,NETPRO BİLGİSAYAR BÜRO MAKİNALARI ELEKTRONİK SANAYİ VE ÖZEL EĞİTİM HİZMETLERİ TİCARET LİMİTED ŞİRKETİ,1,3,True,13,computers_peripherals,1.0
firm,NETS KIRTASİYE ANONİM ŞİRKETİ,1,1,True,9,physical_security_surveillance,1.0
firm,NETSERVİS BİLGİSAYAR SİSTEMLERİ TİCARET A.Ş.,2,2,True,11,custom_software_web_mobile,2.0
firm,NETSİS İLETİŞİM VE BİLGİ TEKNO İNŞ TUR SAN TİC LTD Ş,1,1,True,2,custom_software_web_mobile,1.0
firm,NETSİTE İLETİŞİM VEELEKTRONİK SİSTEMLERİ SAN.VE TİC.LTD.ŞTİ,1,1,False,-1,education_technology,1.0
firm,NETTO BİLİŞİM DANIŞMANLIK TİCARET LİMİTED ŞİRKETİ,3,3,True,5,maintenance_support_services,3.0
firm,NETUCE BİLİŞİM TİCARET LİMİTED ŞİRKETİ,3,5,True,3,network_datacentre_infrastructure,2.0
firm,NETUS OTOMASYON SİSTEMLERİ VE BİLİŞİM TEKNOLOJİLERİ TİCARET LİMİTED ŞİRKETİ,1,1,True,7,other_IT,1.0
firm,NETWAY TEKNOLOJİ BİLİŞİM DANIŞMANLIK SANAYİ VE TİCARET LİMİTED ŞİRKETİ,1,2,True,0,ERP_management_software,2.0
firm,NETWORK KURUMSAL BİLGİSAYAR YAZILIM İNŞAAT LİMİTED ŞİRKETİ,1,1,True,11,network_datacentre_infrastructure,1.0
firm,NETİKET BİLGİ TEKNOLOJİLERİ LİMİTED ŞİRKETİ,3,3,True,11,ERP_management_software,2.0
firm,NETİKET BİLİŞİM İLE. DAN.EĞİT.HİZM.SA N.VE TİC.LTD.ŞTİ,2,2,True,7,custom_software_web_mobile,1.0
firm,NETİN HABERLEŞME TEKNOLOJİLERİ VE İLETİŞİM HİZMETLERİ SANAYİ VE TİCARET ANONİM ŞİRKETİ,1,1,True,21,other_IT,1.0
firm,NEUTECH YAPAY ZEKA BİLİŞİM ANONİM ŞİRKETİ,1,1,True,6,education_technology,1.0
firm,NEVADA ELEKTRONİK SİS.SAN VE TİC LTD ŞTİ,3,3,True,3,network_datacentre_infrastructure,1.0
firm,NEVMED SAĞLIK TEKSTİ L MOBİLYA VE BİLİŞİM HİZMETLERİ LTD.ŞTİ.,1,1,False,-1,health_information_systems,1.0
firm,NEX TEKNOLOJİ ANONİM ŞİRKETİ,9,12,True,0,software_licences,5.0
firm,NEXTDATA BİLGİ İLETİŞİM DANIŞMANLIK VE SATIŞ HİZMETLERİ SANAYİ VE TİCARET ANONİM ŞİRKETİ,1,2,True,2,custom_software_web_mobile,1.0
firm,NEXTNORMAL TEKNOLOJİ VE YAZILIM GELİŞTİRME TİCARET LİMİTED ŞİRKETİ,2,2,True,4,ERP_management_software,1.0
firm,NFC ÇELİK İNŞAAT SANAYİ VE TİCARET LİMİTED ŞİRKETİ,1,1,False,-1,smart_city_traffic_OT,1.0
firm,NGTECH BİLGİ VE İLETİŞİM TEKNOLOJİLERİ LİMİTED ŞİRKETİ,1,1,True,11,physical_security_surveillance,1.0
firm,NKT TEKNOLOJİ DAĞITIM TİCARET LİMİTED ŞİRKETİ,3,3,True,7,computers_peripherals,2.0
firm,NODA BİLİŞİM TEKNOLOJİLERİ BİLGİSAYAR ULUSLARARASI İÇ VE DIŞ TİCARET LİMİTED ŞİRKETİ,9,10,True,0,ERP_management_software,3.0
firm,NOES TİCARET İTHALAT VE İHRACAT LİMİTED ŞİRKETİ,1,2,False,-1,maintenance_support_services,1.0
firm,NOKTA BİLGİSAYAR EĞİTİM VE DANIŞMANLIK İNŞAAT TEKSTİL GIDA OTOMOTİV MEDİKAL TİCARET VE SANAYİ LİMİTED ŞİRKETİ.,1,1,True,2,software_licences,1.0
firm,NOKTA HEDEF SİSTEM YAZILIMLARI ANONİM ŞİRKETİ,2,2,False,-1,computers_peripherals,1.0
firm,NOKTA İŞLER YAZILIM REKLAMCILIK EĞİTİM DANIŞMANLIK LİMİTED ŞİRKETİ,1,1,True,2,network_datacentre_infrastructure,1.0
firm,NOKTASAL YAZILIM İNŞAAT SANAYİ TİCARET LİMİTED ŞİRKETİ,2,3,True,10,GIS_city_information,1.0
firm,NOKTASİS BİLGİ TEKNOLOJİ VE DANIŞMANLIK ANONİM ŞİRKETİ,1,1,False,-1,computers_peripherals,1.0
firm,NORM SİSTEM TEKNOLOJİ ANONİM ŞİRKETİ,1,2,True,0,ERP_management_software,1.0
firm,NORMATÜRK ULUSLARARASI NORMALİZASYON VEBELGELENDİRME LTD ŞT,3,3,True,3,cybersecurity,1.0
firm,NORMDATA DESTEK VE D ANIŞMANLIK HİZME TLERİ LTD.ŞTİ,12,14,True,19,software_licences,4.0
firm,NOYA BİLGİSAYAR SİST VE DAN.SAN.VE TİC.LTD.ŞTİ.,1,1,True,25,computers_peripherals,1.0
firm,NOYA TİCARET ANONİM ŞİRKETİ,1,1,True,0,physical_security_surveillance,1.0
firm,NSC BİLİŞİM HİZMETLERİ TİCARET ANONİM ŞİRKETİ,7,8,True,4,ERP_management_software,5.0
firm,NTN BİLGİ İŞLEM HİZ. BİL.YAZ.DON.SAN. VE TİC.LTD.ŞTİ.,1,1,False,-1,software_licences,1.0
firm,NURBİN TEMİZLİK İNŞA TURZ.GI.TARIM ÜRN.Bİ L.SAN.VE TİC.LTD.ŞTİ,1,1,False,-1,health_information_systems,1.0
firm,Nedsense Nedgraphics B.V.,1,1,False,-1,custom_software_web_mobile,1.0
firm,NİHAT ÖZEL SAĞLIK HİZMETLERİ TEMİZLİK BİLGİSAYAR GIDA İNŞAAT TİCARET VE SANAYİ LİMİTED ŞİRKETİ,1,1,False,-1,other_IT,1.0
firm,NİLTEK YAZILIM TEKNOLOJİLERİ ANONİM ŞİRKETİ,1,1,True,0,custom_software_web_mobile,1.0
firm,NİSAN BİLGİSAYAR LTD .ŞTİ.,1,1,False,-1,computers_peripherals,1.0
firm,NİTRO TEKNOLOJİ ELEKTRİK İNŞAAT ARAŞTIRMA VE DANIŞMANLIK SANAYİ TİCARET LİMİTED ŞİRKETİ,1,1,True,6,physical_security_surveillance,1.0
firm,OAK SERBEST MUHASEBECİ MALİ MÜŞAVİRLİK LİMİTED ŞİRKETİ,1,2,True,2,ERP_management_software,1.0
firm,OANDA MÜHENDİSLİK DANIŞMANLIK İNŞAAT SANAYİ VE TİCARET LİMİTED ŞİRKETİ,1,1,True,13,ERP_management_software,1.0
firm,OBASE BİLGİSAYAR VE DANIŞMANLIK HİZMETLERİ TİCARET ANONİM ŞİRKETİ,1,2,True,0,ERP_management_software,2.0
firm,OBJEKT BİLİŞİM BİLGİVE ÖLÇÜ SİSTEM.İNŞ.SAN.TİC.A.Ş.,2,9,True,39,maintenance_support_services,2.0
firm,OBS TEKNOLOJİ VE SAVUNMA SANAYİ TİCARET LİMİTED ŞİRKETİ,1,1,False,-1,ERP_management_software,1.0
firm,OBSS BİLİŞİM BİLGİSA HİZM.DAN.SAN.VE TİC.LTD.ŞTİ.,1,1,True,23,health_information_systems,1.0
firm,ODAKENT ALTYAPI VE ÇEVRE ÇÖZÜMLERİ MÜHENDİSLİK MÜŞAVİRLİK ARAŞTIRMA VE GELİŞTİRME TİC LİMİTED ŞİRKETİ,3,3,True,10,GIS_city_information,3.0
firm,ODAKENT ÇEVRE BİLİŞİM ANONİM ŞİRKETİ,8,9,True,4,GIS_city_information,2.0
firm,ODAMOBİL TEKNOLOJİ LİMİTED ŞİRKETİ,1,1,True,10,custom_software_web_mobile,1.0
firm,ODESAN BİLİŞİM ELEKTRONİK LİMİTED ŞİRKETİ,1,1,False,-1,computers_peripherals,1.0
firm,ODYA BİLGİSAYAR VE TEKNOLOJİ ÜRÜNLERİ SANAYİ VE TİCARET LİMİTED ŞİRKETİ,1,1,True,2,software_licences,1.0
firm,ODYA BİLİŞİM TEKNOLOJİLERİ ANONİM ŞİRKETİ,1,1,True,9,software_licences,1.0
firm,OEM BİLİŞİM TEKNOLOJİLERİ VE TİCARET LİMİTED ŞİRKETİ,1,1,True,2,computers_peripherals,1.0
firm,OFİS MARMARA BÜRO MAKİNELERİ SANAYİ TİCARET LİMİTED ŞİRKETİ,2,3,True,3,software_licences,1.0
firm,OFİSSA BÜRO MOBİLYALARI DEKORASYON İMALAT İNŞAAT İTHALAT İHRACAT PAZARLAMA NAKLİYE TİCARET LİMİTED ŞİRKETİ,1,1,False,-1,custom_software_web_mobile,1.0
firm,OFİST MEDYA DANIŞMANLIK LİMİTED ŞİRKETİ,1,1,True,3,computers_peripherals,1.0
firm,OKDATEK TEKNOLOJİ ANONİM ŞİRKETİ,1,1,True,0,custom_software_web_mobile,1.0
firm,OKSİTED ÖZEL SAĞLIKHİZMET.DANIŞ.BİLGİSAOTOM.TURZ.SAN.TİC.LT,1,1,False,-1,network_datacentre_infrastructure,1.0
firm,OLGU BİLGİSAYAR SİST EMLERİ SANAYİ Tİ CARET LTD.ŞTİ.,22,25,True,6,ERP_management_software,3.0
firm,OMEGA KURUMSAL HİZMETLER END.TEM.GIDA İNŞ.SAN.VE TİC.LTD.ŞTİ,1,1,False,-1,health_information_systems,1.0
firm,ON PLUZZ DIŞ TİCARET ANONİM ŞİRKETİ,1,1,False,-1,cybersecurity,1.0
firm,ON İLAÇLAMA SAĞLIK HİZMETLERİ İNŞAAT ELETRONİK GIDA ÜRÜNLERİ BİLGİSAYAR TEMİZLİK HİZMETLERİ İNSAN KAYNAKLARI VE TAAHHÜT SANAYİ TİCARET LİMİTED ŞİRKETİ,6,13,True,9,maintenance_support_services,4.0
firm,ON2 ELEKTRONİK GIDATANITIM REKLAM DIŞ TİC.LTD.ŞTİ.,1,1,False,-1,custom_software_web_mobile,1.0
firm,ONASOR BİLGİ TEKNOLOJİLERİ İNTERNET HİZMETLERİ YAZILIM SANAYİ VE TİCARET LİMİTED ŞİRKETİ,1,1,True,4,ERP_management_software,1.0
firm,ONAT TEMİZLİK BİLGİ İŞLEM İNŞAAT GID .SAN.TİC.LTD.ŞTİ,1,1,True,19,health_information_systems,1.0
firm,ONE ELEKTRİK TEKNOLOJİ SANAYİ VE TİCARET LİMİTED ŞİRKETİ,1,1,True,5,computers_peripherals,1.0
firm,ONES MEDİKAL BİLGİSAYAR YAZILIM ELEKTRONİK İLETİŞİM İÇ VE DIŞ TİCARET LİMİTED ŞİRKETİ,1,1,False,-1,physical_security_surveillance,1.0
firm,ONLİNE BLT TURİZM ORGANİZASYON İNŞAAT MEDİKAL TAŞIMACILIK İTHALAT İHRACAT SANAYİ VE TİCARET LİMİTED ŞİRKETİ,1,2,False,-1,ERP_management_software,1.0
firm,ONPRO BİLİŞİM DANIŞMANLIK DESTEK VE EĞTİM HİZMETLERİ TİC.AŞ,1,1,True,21,network_datacentre_infrastructure,1.0
firm,ONİKS BİLGİ SİSTEMLERİ EĞİTİM DANIŞMANLIK SANAYİ VE TİCARET LİMİTED ŞİRKETİ,1,1,False,-1,custom_software_web_mobile,1.0
firm,OPC TEKNİK SERVİS HİZMETLERİ VE BÜROMALZ.TİC.LTD.ŞTİ,1,1,True,21,computers_peripherals,1.0
firm,OPTİMUM SİBER GÜVENLİK VE BİLİŞİM HİZMETLERİ LİMİTED ŞİRKETİ,1,1,False,-1,cybersecurity,1.0
firm,OR-BİL BİLİŞİM MAK.V E MAL.EĞ.İNŞ.SAN TİC.LTD.ŞTİ.,3,3,True,0,GIS_city_information,3.0
firm,OR-BİM BİLGİ İŞLEM V E İLET.HİZ.SAN.V E TİC.LTD.ŞTİ.,1,1,True,0,custom_software_web_mobile,1.0
firm,ORAN TEKNOLOJİ YAZILIM DANIŞMANLIK VE EĞİTİM LTD ŞTİ,4,6,True,2,maintenance_support_services,4.0
firm,ORATECH BİLİŞİM DANIŞMANLIK PAZARLAMA HİKMETLERİ SANAYİ VE TİCARET LİMİTED ŞİRKETİ,2,3,True,0,network_datacentre_infrastructure,2.0
firm,ORATECH TEKNOLOJİ Sİ STEMLERİ SAN.VE TİC.LTD.ŞTİ.,1,1,True,0,network_datacentre_infrastructure,1.0
firm,ORBİSİS BİLİŞİM SANAYİ VE TİCARET LİMİTED ŞİRKETİ,1,1,True,3,network_datacentre_infrastructure,1.0
firm,ORDİNATRUM BİLİŞİM TEKNOLOJİLERİ VE DANIŞMANLIK ANONİM ŞİRKETİ,6,10,True,18,health_information_systems,1.0
firm,OREED BİLİŞİM TEKNOLOJİLERİ İNŞAAT OTOMOTİV PAZARLAMA SANAYİ VE TİCARET LİMİTED ŞİRKETİ,1,1,True,23,smart_city_traffic_OT,1.0
firm,ORGANİK İNSAN KAYNAKLARI DANIŞMANLIK HİZMETLERİ LİMİTED ŞİRKETİ,1,1,True,35,ERP_management_software,1.0
firm,ORGANİZER SES EFEKT REK.TAN.ORG.TİC. VE SAN.LTD.ŞTİ.,1,1,False,-1,education_technology,1.0
firm,ORKATEK ELEKTRONİK SANAYİ VE TİCARET LİMİTED ŞİRKETİ,1,1,True,3,other_IT,1.0
firm,ORSABİL BİLİŞİM ELEKTRİK ELEKTRONİK HIRD.SAN.VE TİC.LTD.ŞTİ.,1,1,True,31,computers_peripherals,1.0
firm,ORTA KARADENİZ SAĞLI K GID.İNŞ.NAK.BİL.TE HZ.TC.LTD.ŞTİ.,1,1,True,1,ERP_management_software,1.0
firm,ORTADOĞU AZS İLETİŞİM İNŞAAT BİLGİSAYAR ELEKTRİK MADENCİLİK SANAYİ VE TİCARET LİMİTED ŞİRKETİ,1,1,True,6,other_IT,1.0
firm,ORTADOĞU BİLİŞİM TEKNOLOJİLERİ SANAYİ VE TİC.LTD.ŞTİ,1,1,True,10,custom_software_web_mobile,1.0
firm,ORTANA ELEKTRONİK YAZILIM TAAHHÜT SANAYİ VE TİC.A.Ş.,1,1,True,0,smart_city_traffic_OT,1.0
firm,ORYAZ ORDU YAZILIM DONANIM ARGE ALTYAPI SANAYİ VE TİCARET ANONİM ŞİRKETİ,1,2,True,21,ERP_management_software,2.0
firm,ORİON BT BİLİŞİM HİZMETLERİ LİMİTED ŞİRKETİ,1,1,True,2,custom_software_web_mobile,1.0
firm,ORİON NET BİLİŞİM TE NOLOJ.TURZM.T.G.T.H. KO.MOB.S.TİC LTD ŞTİ,1,1,False,-1,custom_software_web_mobile,1.0
firm,OSAK BİLGİSAYAR VE YAZILIM SANAYİ VE TİCARET LİMİTED ŞİRKETİ,1,1,True,25,ERP_management_software,1.0
firm,OSEM İNŞAAT TEKNOLOJİ SANAYİ VE TİCARET LİMİTED ŞİRKETİ,1,1,True,27,ERP_management_software,1.0
firm,OSMANİYEÇÖZÜM GÜVENLİK BİLGİSAYAR İNŞAAT OTOMOTİV TEMİZLİK VE DAYANIKLI TÜKETİM ÜRÜNLERİ LİMİTED ŞİRKETİ,1,1,False,-1,ERP_management_software,1.0
firm,OTEK YAZILIM BİLİŞİM ÇÖZÜMLERİ ANONİM ŞİRKETİ,3,3,True,9,ERP_management_software,2.0
firm,OVERTECH BİLGİ TEKNOLOJİLERİ ANONİM ŞİRKETİ,1,4,True,4,maintenance_support_services,1.0
firm,OYAK TEKNOLOJİ BİLİŞ İM VE KART HİZMETLER İ A.Ş.,6,12,True,0,cybersecurity,5.0
firm,OYANUR POLAT ATLAS ORMANCILIK MÜHENDİSLİK MÜŞAVİRLİK LİMİTED ŞİRKETİ,1,1,False,-1,GIS_city_information,1.0
firm,OYTUN TEMİZLİK EMLAK İNŞAAT GIDA OTOMOTİV TİCARET LİMİTED ŞİRKETİ,1,1,True,9,maintenance_support_services,1.0
firm,OĞULCAN İNŞ TURZ ELE K GIDA NAK İTH SAN TİC LTD ŞTİ.,1,1,True,12,maintenance_support_services,1.0
firm,PAKSOY TEKNİK HİZMET LER VE TİCARET L TD.ŞTİ.,1,1,True,20,GIS_city_information,1.0
firm,PANATES BİLİŞİM VE TEKNOLOJİ SAN.TİC.LTD.ŞTİ.,43,150,True,17,health_information_systems,2.0
firm,PANO EĞİTİM DANIŞMANLIK ORGANİZASYON TURİZM VE SEYAHAT TİCARET LİMİTED ŞİRKETİ,1,1,True,22,custom_software_web_mobile,1.0
firm,PANTECH TEKNOLOJİ VE İNOVASYON ÇÖZÜMLERİ ANONİM ŞİRKETİ,1,1,True,13,computers_peripherals,1.0
firm,PARABOL YAZILIM ELEKTRONİK DANIŞMANLIK EĞİTİM SANAYİ VE TİCARET LİMİTED ŞİRKETİ,5,9,True,0,ERP_management_software,3.0
firm,PARAMETRE ARAŞTIRMA BİLİŞİM PLANLAMA LTD.ŞTİ.,12,15,True,3,GIS_city_information,4.0
firm,PARANTEZ TEKNOLOJİ BİLİŞİM EĞİTİM REKLAM KIRTASİYE İNŞAAT ENERJİ ELEKTRİK ELEKTRONİK DANIŞMANLIK SANAYİ VE TİCARET LİMİTED ŞİRKETİ,1,3,True,9,education_technology,1.0
firm,PARDUS ORMANCILIK MÜHENDİSLİK SANAYİ VE TİCARET LİMİTED ŞİRKETİ,1,1,False,-1,maintenance_support_services,1.0
firm,PARDUS PROSES ELEKTRİK ELEKTRONİK OTOMASYON TAAHHÜT VE MAKİNA SANAYİ TİCARET LİMİTED ŞİRKETİ,1,1,False,-1,smart_city_traffic_OT,1.0
firm,PARKMETROPOL FİBER OMURGA GÜVENLİK SİSTEMLERİ VE BİLGİSAYAR TEKSTİL SAN TİC A.Ş.,1,1,True,6,smart_city_traffic_OT,1.0
firm,PARNET İLERİ TEKNOLOJİ ÇÖZÜMLERİ YAZILIM BİLİŞİM DANIŞMANLIK EĞİTİM HİZMETLERİ SANAYİ VE TİCARET LİMİTED ŞİRKETİ,1,2,True,39,maintenance_support_services,1.0
firm,PARS SAVUNMA SANAYİ LİMİTED ŞİRKETİ,1,1,True,23,physical_security_surveillance,1.0
firm,PARSHAN EĞİTİM YAYINCILIK BİLİŞİM GIDA İNŞAAT OTOMOTİV İTHALAT İHRACAT TİCARET LİMİTED ŞİRKETİ,1,1,False,-1,custom_software_web_mobile,1.0
firm,PARTA BİLGİ TEKNOLOJYAZILIM VE DANIŞLTD.ŞTİ.,1,1,True,21,computers_peripherals,1.0
firm,PAYTEN TEKNOLOJİ ANONİM ŞİRKETİ,1,1,True,11,ERP_management_software,1.0
firm,PAŞA PROJE YATIRIM DANIŞMANLIK TİCARET ANONİM ŞİRKETİ,1,1,True,4,maintenance_support_services,1.0
firm,PAŞAM HİZMET KUYUMCULUK İNŞAAT GIDA İTHALAT VE İHRACAT SANAYİ VE TİCARET LİMİTED ŞİRKETİ,1,1,True,15,health_information_systems,1.0
firm,PBS BİLGİSAYAR ELEKTGÜV.SİST.SAN.VEDIŞ TİC.LTD.ŞTİ.,2,2,True,19,custom_software_web_mobile,2.0
firm,PBS BİLGİSAYAR ELEKTRONİK GÜVENLİK SİSTEMLERİ SANAYİ VE DIŞ TİCARET LİMİTED ŞİRKETİ,1,1,True,7,custom_software_web_mobile,1.0
firm,PD ANADOLU ARAŞ DANEĞ VE BİL HİZ TİC LTD ŞTİ,3,3,True,4,software_licences,2.0
firm,PEGAS GRUP TEMZ.BİLG PEYZAJ VE ÇEV.DÜZ.YE M.ÜR.HİZ.NAK.SAN.LTD,2,3,True,10,maintenance_support_services,1.0
firm,"PEHLİVANOĞLU YAPI NA K TURZ GIDA EMLA K SAN V TİC L ŞT, ÖZ ER-KA İNŞAAT TURİZM ELEKTRİK TAAHHÜT TİCARET VE SANAYİ LİMİTED ŞİRKETİ Ortak Girişimi",1,1,True,0,other_IT,1.0
firm,PENGUEN BİLGİSAYAR E LEKTONİK KUYUMCULUK SANAYİ VE TİC.LTD.ŞT,1,1,False,-1,education_technology,1.0
firm,PENTAŞ PENDİK İNŞAAT ORGANİZASYON YAYINCILIK TURİZM GIDA SANAYİ VE TİCARET ANONİM ŞİRKETİ,1,3,True,3,custom_software_web_mobile,2.0
firm,PERCOM BİLİŞİM SİSTEMLERİ OTOMOTİV İNŞAAT VE DANIŞMANLIK DIŞ TİCARET LİMİTED ŞİRKETİ,7,11,True,29,network_datacentre_infrastructure,3.0
firm,PERFORMA BİLGİ TEKNOLOJİLERİ DANIŞMANLIK EĞİTİM SANAYİ VE TİCARET ANONİM ŞİRKETİ,1,1,True,29,custom_software_web_mobile,1.0
firm,PERSPEKTİF KURUMSAL ÇÖZÜMLER LİMİTED ŞİRKETİ,1,1,True,2,custom_software_web_mobile,1.0
firm,PETRA İNSAN KAYNAKLARI EĞİTİM DANIŞMANLIK SAN. TİC. LTD. ŞTİ,1,1,True,16,GIS_city_information,1.0
firm,PETRAN BİLGİ TEKNOLO JİLERİ SAN.VE Tİ C.LTD.ŞTİ.,2,4,True,10,computers_peripherals,2.0
firm,PEYK LOJİSTİK SANAYİ VE TİCARET ANONİM ŞİRKETİ,1,1,True,9,ERP_management_software,1.0
firm,PEYTEM SOSYAL HİZMET LTD.ŞTİ,2,2,True,0,custom_software_web_mobile,2.0
firm,PGS BİLİŞİM MÜHENDİSLİK EĞİTİM DANIŞMANLIK VE YAZILIM HİZMETLERİ ANONİM ŞİRKETİ,1,1,False,-1,GIS_city_information,1.0
firm,PINAR TELEKOM BİLİŞİM TEKNOLOJİLERİ ELEKTRİK İNŞAAT MEDİKAL MAKİNALARI İTHALAT VE TİCARET LİMİTED ŞİRKETİ,1,1,True,5,software_licences,1.0
firm,PIXELATE İNTERAKTİF MEDYA HİZMETLERİ LİMİTED ŞİRKETİ,1,1,True,33,custom_software_web_mobile,1.0
firm,PLANB ORGANİZASYON HALKLA İLİŞKİLER REKLAM VE TURİZM SANAYİ TİCARET LİMİTED ŞİRKETİ.,1,1,True,4,maintenance_support_services,1.0
firm,PLANET BİLGİSAYAR VE MAKİNE SANAYİ TİCARET LİMİTED ŞİRKETİ,1,2,True,16,computers_peripherals,1.0
firm,PLATFORM İSTANBUL TEKNOLOJİ ANONİM ŞİRKETİ,1,1,True,4,custom_software_web_mobile,1.0
firm,PLATO BİLGİSAYAR ÜRÜNLERİ PAZ SANAYİ TİCARET LİMİTED ŞİRKETİ,2,2,True,2,cybersecurity,2.0
firm,PLATO ŞEHİRCİLİK AKILLI KENT BİLİŞİM TEKNOLOJİLERİ TİC.SAN.A.Ş.,5,5,True,16,call_centre_helpdesk,3.0
firm,PLATOBİLGİSAYAR ÜRÜNLERİ PAZARLAMA SAN.VE TİC.LTD.ŞT,6,7,True,2,network_datacentre_infrastructure,4.0
firm,PLUS BİLGİSAYAR İLETİŞİM SİSTEMLERİELEK.SN.TC.LT.ŞT,2,2,False,-1,computers_peripherals,1.0
firm,PLUSTECH GÜVENLİK SİSTEMLERİ ANONİM ŞİRKETİ,4,4,True,23,physical_security_surveillance,1.0
firm,PLUXEE ÇALIŞAN DENEYİMİ DANIŞMANLIK VE PAZARLAMA HİZMETLERİ ANONİM ŞİRKETİ,1,1,True,8,network_datacentre_infrastructure,1.0
firm,POLARNEXT MÜHENDİSLİK LİMİTED ŞİRKETİ,3,4,True,18,computers_peripherals,2.0
firm,POLDY İNSAN KAYNAKLARI YAZILIM DAN.VE PAZ.TİC.A.Ş.,1,1,False,-1,ERP_management_software,1.0
firm,PORTAKAL BİLGİ İŞLEM HİZMETLERİ YAZL. TEK.SAN.TİC.LT.Ş,6,6,True,34,health_information_systems,2.0
firm,PORTERA BİLGİ TEKNOLOJİLERİ LİMİTED ŞİRKETİ,1,1,False,-1,software_licences,1.0
firm,POZİTİFİK ÖLÇME DEĞERLENDİRME VE ARAŞTIRMA HİZ.LTD.ŞTİ.,1,1,True,2,ERP_management_software,1.0
firm,POİNT BİLGİSAYAR YAZILIM İTHALAT VEİHR.LTD.ŞTİ.,2,2,True,16,health_information_systems,1.0
firm,PREMIERTURK BİLGİ TEKNOLOJİLERİ ANONİM ŞİRKETİ,2,3,True,4,network_datacentre_infrastructure,2.0
firm,"PRESTİJ BİLGİ SİSTEMLERİ ARGE ANONİM ŞİRKETİ, ARNİL-NET BİLGİSAYAR İLETİŞİM HİZMETLERİ YAZILIM TURİZM SANAYİ VE TİCARET LİMİTED ŞİRKETİ İş Ortaklığı",1,1,True,14,health_information_systems,1.0
firm,PRESTİJ BİLGİ SİSTEMLERİ ARGE YAZILIM İNŞAAT MOBİLYA SANAYİ VE TİCARET A.Ş.,47,76,True,14,health_information_systems,1.0
firm,"PRESTİJ BİLGİ SİSTEMLERİ ARGE YAZILIM İNŞAAT MOBİLYA SANAYİ VE TİCARET A.Ş., ARNİL-NET BİLGİSAYAR İLETİŞİM HİZMETLERİ YAZILIM TURİZM SANAYİ VE TİCARET LİMİTED ŞİRKETİ İş Ortaklığı",1,1,True,14,health_information_systems,1.0
firm,PRESTİJ BİLGİSAYAR S TIBBİ MALZ. ELKT SAN. VE TİC. LTD,6,6,True,36,health_information_systems,1.0
firm,PRIMEIT BİLİŞİM VE YAZILIM HİZMETLERİ ANONİM ŞİRKETİ,4,4,True,9,GIS_city_information,3.0
firm,PRO ANKET VERİ ANALİZ HİZMETLERİ TİCARET LİMİTED ŞİRKETİ,1,1,True,25,physical_security_surveillance,1.0
firm,PRO7 BİLİŞİM GÜVENLİK SİSTEMLERİ TELEKOMÜNİKASYON İLETİŞİM VE TİCARET LİMİTED ŞİRKETİ,1,1,True,8,computers_peripherals,1.0
firm,PROAKTİF MEDİKAL PAZARLAMA BİLİŞİM TEMİZLİK İNŞAAT SANAYİ VE TİCARET LİMİTED ŞİRKETİ,2,2,True,6,ERP_management_software,2.0
firm,PROBEL BİLGİSAYAR YAZILIM DONANIM SANAYİ VE TİCARET ANONİM ŞİRKETİ,71,210,True,26,health_information_systems,7.0
firm,PROBİL BİLGİ İŞLEM D ESTEK VE DANIŞ.S AN.VE TİC.A.Ş.,9,10,True,27,network_datacentre_infrastructure,5.0
firm,PROBİLİŞİM BİLGİSAYAR VE İLETİŞİM SİST.TİC. LTD. ŞTİ.,3,4,True,0,ERP_management_software,4.0
firm,PROBİLİŞİM BİLGİSAYAR VE İLETİŞİM SİSTEMLERİ TİCARET LİMİTED ŞİRKETİ,1,1,False,-1,maintenance_support_services,1.0
firm,PROBİM TEKNOLOJİ GIDA SANAYİ VE TİCARET LTD.ŞTİ.,11,14,True,3,network_datacentre_infrastructure,5.0
firm,PROCEN DANIŞMANLIK BİLGİ TEKNOLOJİLERİ EĞİTİM VE BELGELENDİRME HİZMETLERİ TİCARET LİMİTED ŞİRKETİ,1,1,True,11,cybersecurity,1.0
firm,PROCORE BİLİŞİM SANAYİ VE DIŞ TİCARET LİMİTED ŞİRKETİ,1,1,True,32,network_datacentre_infrastructure,1.0
firm,PRODA YAZILIM BİLİŞİM DONANIM TEKNOLOJİLER ELEKTRONİK İLETİŞİM SANAYİ TİCARET LİMİTED ŞİRKETİ,1,1,True,24,network_datacentre_infrastructure,1.0
firm,PRODA YAZILIM BİLİŞİM DONANIM TEKNOLOJİLER ELEKTRONİK İLETİŞİM TERCÜME SANAYİ TİCARET LİMİTED ŞİRKETİ,1,1,True,9,custom_software_web_mobile,1.0
firm,PRODAY BİLİŞİM TEKNOLOJİLERİ TİCARET ANONİM ŞİRKETİ,20,30,True,0,software_licences,4.0
firm,PRODEA BİLGİ TEKNOLOJİLERİ DANIŞMANLIK A.Ş.,2,2,True,4,ERP_management_software,2.0
firm,PRODES BİLGİSAYAR VEPROGRAM DESTEK HİZMETLERİ LTD.ŞT,1,1,True,6,network_datacentre_infrastructure,1.0
firm,PRODES GRUP BİLGİSAYAR YAZILIM BİLİŞİM İNŞAAT HİZMETLERİ OTOMOTİV SANAYİ VE TİCARET ANONİM ŞİRKETİ,4,5,True,9,physical_security_surveillance,2.0
firm,PRODES GRUP BİLGİSAYAR YAZILIM BİLİŞİM İNŞAAT HİZMETLERİ SANAYİ VE TİCARET LİMİTED ŞİRKETİ,2,3,True,0,network_datacentre_infrastructure,2.0
firm,PRODROM BİLİŞİM TEKNOLOJİLERİ LTD.ŞTİ,2,2,True,13,GIS_city_information,2.0
firm,PRODİGİ BİLİŞİM TEKNOLOJİLERİ SAN.VETİC.LTD.ŞTİ.,5,11,True,25,maintenance_support_services,5.0
firm,PROFELİS BİLİŞİM VE DANIŞMANLIK TİCARET VE SANAYİ LİMİTED ŞİRKETİ,4,6,True,0,ERP_management_software,3.0
firm,PROFSOL OTOMASYON ELEKTRİK ELEKTRONİK TAAHHÜT PROJE MÜHENDİSLİK DANIŞMANLIK SANAYİ İÇ VE DIŞ TİCARET LİMİTED ŞİRKETİ,1,1,False,-1,software_licences,1.0
firm,PROJEBT BİLGİ TEKNOLOJİLERİ YAZILIM VE DANIŞMANLIK SANAYİ TİCARET ANONİM ŞİRKETİ,2,2,False,-1,network_datacentre_infrastructure,1.0
firm,PROJET YAZILIM VE DANIŞMANLIK ANONİM ŞİRKETİ,1,3,False,-1,ERP_management_software,1.0
firm,PROKOM BİLGİSAYAR VEELEKTRONİK TİC.LTD.ŞTİ.,2,2,True,1,computers_peripherals,2.0
firm,PROLİNE BİLİŞİM SİSTEMLERİ VE TİCARET ANONİM ŞİRKETİ.,7,8,True,4,network_datacentre_infrastructure,5.0
firm,PROLİZ BİLGİSAYAR YAZILIM VE DONANIM HİZMETLERİ SANAYİ VE TİCARET LİMİTED ŞİRKETİ,28,30,True,11,education_technology,3.0
firm,PROMC PROFESYONEL MAKİNE CİHAZ VE BİLGİ TEKNHOLOJİLERİ LİMİTED ŞİRKETİ,1,1,True,7,computers_peripherals,1.0
firm,PROMER BİLGİ TEKNOLOJİLERİ SANAYİ VE TİCARET ANONİM ŞİRKETİ,5,6,True,28,health_information_systems,1.0
firm,PROMER BİLGİSAYAR İM VE YAZ.HİZM.SAN. VE TİC.LTD.ŞTİ.,4,4,True,14,health_information_systems,1.0
firm,PROMET BİLGİ SİSTEMLERİ VE DAN.SAN.TİC.LTD.ŞTİ.,31,56,True,0,network_datacentre_infrastructure,11.0
firm,PROMETUS BİLG.SİST.SAN.VE TİC.LTD.ŞTİ.,12,12,True,0,ERP_management_software,1.0
firm,PROMİS PROSES KONT.VE YÖN.BİLGİ.SİSTLTD.ŞTİ.,3,4,True,35,ERP_management_software,2.0
firm,PROPOİNT BİLİŞİM ELEKTRİK SANAYİ VE DIŞ TİCARET LTD.ŞTİ.,1,1,True,23,physical_security_surveillance,1.0
firm,PROSİGHT TEKNOLOJİ YAZILIM VE DANIŞMANLIK LİMİTED ŞİRKETİ,1,1,False,-1,computers_peripherals,1.0
firm,PROSİSTEM BİLGİSAYAR SİSTEM VE SERVİS HİZMETLERİ LTD.Ş,1,1,True,8,custom_software_web_mobile,1.0
firm,PROTA BİLGİSAYAR MÜHENDİSLİK DANIŞMANLIK HİZ.A.Ş.,10,12,True,0,software_licences,2.0
firm,PROTEAM BİLGİ TEKNOLOJİLERİ VE DANŞMANLIK TİCARET LİMİTED ŞİRKETİ,1,6,True,0,ERP_management_software,2.0
firm,PROTEC BİLİŞİM SANAYİ VE TİCARET LİMİTED ŞİRKETİ,3,3,True,29,cybersecurity,3.0
firm,PROTEKİLA ELEKTR.YAZILIM.VE OTOMAS.SİS.SAN VE TİC.LT,1,3,True,11,maintenance_support_services,2.0
firm,PROTEZ SAĞLIK ÇÖZÜML ERİ BİLİŞİM İNŞAAT T ARIM SAN VE TİC A.Ş.,3,3,True,15,GIS_city_information,3.0
firm,PROVUS TEKNİK HİZMETLERİ VE BİLİŞİM A.Ş.,1,1,True,0,maintenance_support_services,1.0
firm,PROVİDEO VİDEO TEKNOLOJİLERİ TİCARET ANONİM ŞİRKETİ,1,1,True,2,custom_software_web_mobile,1.0
firm,PROVİS BİLGİ SİSTEMLERİ YAZILIM DONANIM HİZMETLERİ İLETİŞİM DANIŞMANLIK PAZARLAMA SANAYİ TİCARET LİMİTED ŞİRKETİ,2,2,True,27,network_datacentre_infrastructure,2.0
firm,PROVİT BİLİŞİM TEKNOLOJİLERİ TİCARETLTD.ŞTİ.,2,2,True,29,network_datacentre_infrastructure,2.0
firm,PROYA PROFESYONEL YA ZILIM ÇÖZÜM VE D ANI.TİC.LTD.ŞTİ.,2,2,True,0,network_datacentre_infrastructure,1.0
firm,PROYAP MİMARLIK MÜHENDİSLİK İNŞAAT VE BİLİŞİM SAN TİC LTD ŞT,1,1,False,-1,custom_software_web_mobile,1.0
firm,PROYAPI MÜHENDİSLİK VE MÜŞAVİRLİK ANONİM ŞİRKETİ,1,1,True,13,smart_city_traffic_OT,1.0
firm,PRİME SİSTEM VE TEKNOLOJİ ANONİM ŞİRKETİ,1,1,False,-1,maintenance_support_services,1.0
firm,PRİNTEL BÜRO MAKİNALARI TİCARET LTD.ŞTİ.,1,1,True,16,computers_peripherals,1.0
firm,PRİNTER CENTER BİLİŞİM ELEKTRONİK VE GÜÇ SİSTEMLERİ SANAYİ VE TİCARET LİMİTED ŞİRKETİ,1,1,True,28,computers_peripherals,1.0
firm,PRİZMA PERSONEL DESTEK HİZMETLERİ LİMİTED ŞİRKETİ,4,4,True,2,maintenance_support_services,3.0
firm,PSEUDONYM_001,1,1,False,-1,physical_security_surveillance,1.0
firm,PSEUDONYM_004,1,1,True,25,physical_security_surveillance,1.0
firm,PSEUDONYM_009,1,1,False,-1,custom_software_web_mobile,1.0
firm,PSEUDONYM_010,1,1,True,8,cybersecurity,1.0
firm,PSEUDONYM_011,2,2,False,-1,custom_software_web_mobile,2.0
firm,PSEUDONYM_012,1,1,False,-1,computers_peripherals,1.0
firm,PSEUDONYM_016,1,1,True,27,computers_peripherals,1.0
firm,PSEUDONYM_017,1,1,True,4,other_IT,1.0
firm,PSEUDONYM_018,2,2,True,3,custom_software_web_mobile,1.0
firm,PSEUDONYM_019,1,1,False,-1,computers_peripherals,1.0
firm,PSEUDONYM_021,1,1,True,0,ERP_management_software,1.0
firm,PSEUDONYM_022,1,1,True,3,other_IT,1.0
firm,PSEUDONYM_023,2,2,True,5,computers_peripherals,1.0
firm,PSEUDONYM_024,1,1,True,8,custom_software_web_mobile,1.0
firm,PSEUDONYM_029,1,1,True,2,ERP_management_software,1.0
firm,PSEUDONYM_031,1,2,True,10,computers_peripherals,2.0
firm,PSEUDONYM_032,1,1,True,18,computers_peripherals,1.0
firm,PSEUDONYM_033,1,1,False,-1,software_licences,1.0
firm,PSEUDONYM_034,18,69,True,16,network_datacentre_infrastructure,7.0
firm,PSEUDONYM_037,1,1,True,4,GIS_city_information,1.0
firm,PSEUDONYM_039,1,1,False,-1,custom_software_web_mobile,1.0
firm,PSEUDONYM_043,1,1,True,4,custom_software_web_mobile,1.0
firm,PSEUDONYM_044,1,1,True,0,custom_software_web_mobile,1.0
firm,PSEUDONYM_046,1,1,True,13,custom_software_web_mobile,1.0
firm,PSEUDONYM_048,4,8,True,20,education_technology,4.0
firm,PSEUDONYM_049,1,1,False,-1,other_IT,1.0
firm,PSEUDONYM_051,1,1,False,-1,custom_software_web_mobile,1.0
firm,PSEUDONYM_052,1,1,True,15,health_information_systems,1.0
firm,PSEUDONYM_053,1,1,False,-1,custom_software_web_mobile,1.0
firm,PSEUDONYM_055,1,2,True,11,maintenance_support_services,2.0
firm,PSEUDONYM_057,1,1,False,-1,computers_peripherals,1.0
firm,PSEUDONYM_058,1,1,False,-1,call_centre_helpdesk,1.0
firm,PSEUDONYM_059,2,2,True,5,physical_security_surveillance,1.0
firm,PSEUDONYM_063,1,1,True,8,computers_peripherals,1.0
firm,PSEUDONYM_064,1,2,True,3,computers_peripherals,1.0
firm,PSEUDONYM_065,1,1,True,1,health_information_systems,1.0
firm,PSEUDONYM_068,1,1,True,20,physical_security_surveillance,1.0
firm,PSEUDONYM_069,1,1,False,-1,ERP_management_software,1.0
firm,PSEUDONYM_070,1,1,False,-1,physical_security_surveillance,1.0
firm,PSEUDONYM_072,2,2,True,8,computers_peripherals,1.0
firm,PSEUDONYM_074,1,1,True,16,custom_software_web_mobile,1.0
firm,PSEUDONYM_078,1,1,False,-1,network_datacentre_infrastructure,1.0
firm,PSEUDONYM_081,1,1,False,-1,computers_peripherals,1.0
firm,PSEUDONYM_082,2,3,True,13,physical_security_surveillance,1.0
firm,PSEUDONYM_084,2,2,True,7,custom_software_web_mobile,2.0
firm,PSEUDONYM_085,1,1,False,-1,maintenance_support_services,1.0
firm,PSEUDONYM_086,1,1,False,-1,other_IT,1.0
firm,PSEUDONYM_088,2,2,False,-1,smart_city_traffic_OT,1.0
firm,PSEUDONYM_090,1,1,True,6,physical_security_surveillance,1.0
firm,PSEUDONYM_091,1,1,False,-1,other_IT,1.0
firm,PSEUDONYM_092,1,1,False,-1,other_IT,1.0
firm,PSEUDONYM_095,1,1,False,-1,other_IT,1.0
firm,PSEUDONYM_099,1,1,True,2,software_licences,1.0
firm,PSEUDONYM_100,1,1,True,15,computers_peripherals,1.0
firm,PSEUDONYM_103,1,1,False,-1,other_IT,1.0
firm,PSEUDONYM_109,1,2,True,2,other_IT,1.0
firm,PSEUDONYM_111,2,2,True,7,ERP_management_software,2.0
firm,PSEUDONYM_112,1,1,True,7,software_licences,1.0
firm,PSEUDONYM_113,1,2,True,19,health_information_systems,1.0
firm,PSEUDONYM_114,2,2,True,11,custom_software_web_mobile,2.0
firm,PSEUDONYM_115,1,1,True,16,software_licences,1.0
firm,PSEUDONYM_116,1,1,True,1,smart_city_traffic_OT,1.0
firm,PSEUDONYM_120,1,1,True,2,other_IT,1.0
firm,PSEUDONYM_124,1,1,True,24,software_licences,1.0
firm,PSEUDONYM_125,1,2,True,28,computers_peripherals,1.0
firm,PSEUDONYM_126,1,5,True,0,custom_software_web_mobile,2.0
firm,PSEUDONYM_128,1,1,False,-1,computers_peripherals,1.0
firm,PSEUDONYM_130,1,1,False,-1,health_information_systems,1.0
firm,PSEUDONYM_135,2,2,False,-1,health_information_systems,1.0
firm,PSEUDONYM_137,1,1,False,-1,education_technology,1.0
firm,PSEUDONYM_138,1,1,False,-1,other_IT,1.0
firm,PSEUDONYM_141,1,1,True,3,custom_software_web_mobile,1.0
firm,PSEUDONYM_142,1,1,True,25,computers_peripherals,1.0
firm,PSEUDONYM_146,2,4,True,6,computers_peripherals,3.0
firm,PSEUDONYM_148,1,1,True,29,physical_security_surveillance,1.0
firm,PSEUDONYM_150,1,1,True,1,computers_peripherals,1.0
firm,PSEUDONYM_153,1,1,True,4,cybersecurity,1.0
firm,PSEUDONYM_154,1,2,True,3,custom_software_web_mobile,1.0
firm,PSEUDONYM_155,1,1,False,-1,custom_software_web_mobile,1.0
firm,PSEUDONYM_156,1,1,True,16,network_datacentre_infrastructure,1.0
firm,PSEUDONYM_157,1,1,True,0,GIS_city_information,1.0
firm,PSEUDONYM_158,1,1,True,13,GIS_city_information,1.0
firm,PSEUDONYM_161,1,1,True,1,health_information_systems,1.0
firm,PSEUDONYM_163,2,2,True,17,computers_peripherals,2.0
firm,PSEUDONYM_164,10,12,True,12,health_information_systems,1.0
firm,PSEUDONYM_165,1,1,True,28,computers_peripherals,1.0
firm,PSEUDONYM_166,1,1,True,23,custom_software_web_mobile,1.0
firm,PSEUDONYM_167,1,1,False,-1,ERP_management_software,1.0
firm,PSEUDONYM_169,1,1,True,17,computers_peripherals,1.0
firm,PSEUDONYM_170,3,10,True,10,computers_peripherals,3.0
firm,PSEUDONYM_172,1,1,False,-1,GIS_city_information,1.0
firm,PSEUDONYM_174,1,1,True,9,software_licences,1.0
firm,PSEUDONYM_176,1,1,True,5,smart_city_traffic_OT,1.0
firm,PSEUDONYM_177,1,1,True,18,computers_peripherals,1.0
firm,PSEUDONYM_181,1,1,False,-1,other_IT,1.0
firm,PSEUDONYM_182,1,1,True,12,maintenance_support_services,1.0
firm,PSEUDONYM_183,1,1,True,20,GIS_city_information,1.0
firm,PSEUDONYM_191,1,1,False,-1,custom_software_web_mobile,1.0
firm,PSEUDONYM_192,1,1,True,21,custom_software_web_mobile,1.0
firm,PSEUDONYM_193,1,1,True,21,cybersecurity,1.0
firm,PSEUDONYM_195,1,1,False,-1,ERP_management_software,1.0
firm,PSEUDONYM_196,1,2,True,6,other_IT,1.0
firm,PSEUDONYM_198,1,1,True,8,computers_peripherals,1.0
firm,PSEUDONYM_200,1,1,False,-1,other_IT,1.0
firm,PSEUDONYM_206,1,1,False,-1,computers_peripherals,1.0
firm,PSEUDONYM_209,1,2,True,29,physical_security_surveillance,1.0
firm,PSEUDONYM_211,1,2,True,17,maintenance_support_services,2.0
firm,PSEUDONYM_214,1,3,True,28,computers_peripherals,2.0
firm,PSEUDONYM_215,1,1,False,-1,computers_peripherals,1.0
firm,PSEUDONYM_216,1,1,True,20,software_licences,1.0
firm,PSEUDONYM_217,1,1,True,6,GIS_city_information,1.0
firm,PSEUDONYM_219,1,1,True,4,custom_software_web_mobile,1.0
firm,PSEUDONYM_220,1,1,False,-1,GIS_city_information,1.0
firm,PSEUDONYM_221,2,2,True,16,GIS_city_information,2.0
firm,PSEUDONYM_226,1,4,True,20,physical_security_surveillance,1.0
firm,PSEUDONYM_227,2,2,True,10,ERP_management_software,2.0
firm,PSEUDONYM_229,1,1,False,-1,other_IT,1.0
firm,PSEUDONYM_231,1,1,True,12,health_information_systems,1.0
firm,PSEUDONYM_232,1,1,True,12,health_information_systems,1.0
firm,PSEUDONYM_233,1,1,True,20,physical_security_surveillance,1.0
firm,PSEUDONYM_238,1,1,True,7,network_datacentre_infrastructure,1.0
firm,PSEUDONYM_239,1,1,False,-1,other_IT,1.0
firm,PSEUDONYM_242,1,2,True,7,computers_peripherals,1.0
firm,PSEUDONYM_243,1,2,True,2,software_licences,1.0
firm,PSEUDONYM_244,1,1,True,31,ERP_management_software,1.0
firm,PSEUDONYM_247,1,1,False,-1,custom_software_web_mobile,1.0
firm,PSEUDONYM_248,1,1,True,19,computers_peripherals,1.0
firm,PSEUDONYM_249,1,1,True,13,custom_software_web_mobile,1.0
firm,PSEUDONYM_254,1,1,False,-1,custom_software_web_mobile,1.0
firm,PSEUDONYM_255,1,1,False,-1,network_datacentre_infrastructure,1.0
firm,PSEUDONYM_257,1,1,True,4,ERP_management_software,1.0
firm,PSEUDONYM_258,1,1,False,-1,custom_software_web_mobile,1.0
firm,PSEUDONYM_261,1,1,True,19,education_technology,1.0
firm,PSEUDONYM_262,1,1,False,-1,physical_security_surveillance,1.0
firm,PSEUDONYM_264,1,1,True,6,smart_city_traffic_OT,1.0
firm,PSEUDONYM_266,1,1,True,36,health_information_systems,1.0
firm,PSEUDONYM_267,2,2,True,20,computers_peripherals,2.0
firm,PSEUDONYM_269,11,12,True,12,health_information_systems,1.0
firm,PSEUDONYM_271,1,2,True,0,physical_security_surveillance,1.0
firm,PSEUDONYM_273,1,1,True,9,custom_software_web_mobile,1.0
firm,PSEUDONYM_275,1,1,True,15,health_information_systems,1.0
firm,PSEUDONYM_278,1,1,True,0,other_IT,1.0
firm,PSEUDONYM_279,1,1,True,2,computers_peripherals,1.0
firm,PSEUDONYM_280,1,2,False,-1,custom_software_web_mobile,2.0
firm,PSEUDONYM_284,2,6,True,3,maintenance_support_services,3.0
firm,PSEUDONYM_285,1,1,False,-1,physical_security_surveillance,1.0
firm,PSEUDONYM_286,1,1,False,-1,other_IT,1.0
firm,PSEUDONYM_287,1,1,True,3,computers_peripherals,1.0
firm,PSEUDONYM_288,1,1,False,-1,computers_peripherals,1.0
firm,PSEUDONYM_292,1,1,False,-1,custom_software_web_mobile,1.0
firm,PSEUDONYM_295,1,1,True,23,custom_software_web_mobile,1.0
firm,PSEUDONYM_296,1,1,True,2,ERP_management_software,1.0
firm,PSEUDONYM_298,1,1,False,-1,physical_security_surveillance,1.0
firm,PSEUDONYM_299,1,1,True,2,ERP_management_software,1.0
firm,PSEUDONYM_301,1,1,True,2,custom_software_web_mobile,1.0
firm,PSEUDONYM_302,1,2,True,34,health_information_systems,1.0
firm,PSEUDONYM_307,2,4,True,1,computers_peripherals,3.0
firm,PSEUDONYM_309,1,1,True,1,cybersecurity,1.0
firm,PSEUDONYM_310,2,3,True,2,GIS_city_information,1.0
firm,PSEUDONYM_312,3,6,True,2,software_licences,2.0
firm,PSEUDONYM_316,1,1,True,29,education_technology,1.0
firm,PSEUDONYM_320,1,1,True,16,network_datacentre_infrastructure,1.0
firm,PSEUDONYM_321,1,1,True,4,smart_city_traffic_OT,1.0
firm,PSEUDONYM_322,1,1,False,-1,education_technology,1.0
firm,PSEUDONYM_323,1,3,False,-1,software_licences,1.0
firm,PSEUDONYM_326,1,1,True,9,custom_software_web_mobile,1.0
firm,PSEUDONYM_327,1,1,True,8,other_IT,1.0
firm,PSEUDONYM_328,1,1,False,-1,other_IT,1.0
firm,PSEUDONYM_329,1,1,True,40,smart_city_traffic_OT,1.0
firm,PSEUDONYM_331,2,2,True,22,health_information_systems,1.0
firm,PSEUDONYM_332,1,1,True,5,education_technology,1.0
firm,PSEUDONYM_333,1,1,False,-1,computers_peripherals,1.0
firm,PSEUDONYM_334,6,6,True,38,health_information_systems,1.0
firm,PSEUDONYM_337,2,2,True,19,computers_peripherals,2.0
firm,PSEUDONYM_340,1,1,True,6,custom_software_web_mobile,1.0
firm,PSEUDONYM_341,1,1,True,0,ERP_management_software,1.0
firm,PSEUDONYM_342,1,1,True,1,health_information_systems,1.0
firm,PSEUDONYM_343,1,1,False,-1,other_IT,1.0
firm,PSEUDONYM_344,3,3,True,19,health_information_systems,2.0
firm,PSEUDONYM_345,1,1,True,17,computers_peripherals,1.0
firm,PSEUDONYM_347,1,1,True,0,custom_software_web_mobile,1.0
firm,PSEUDONYM_351,1,1,True,30,software_licences,1.0
firm,PSEUDONYM_356,1,1,True,7,computers_peripherals,1.0
firm,PSEUDONYM_357,1,1,True,2,software_licences,1.0
firm,PSEUDONYM_359,1,1,False,-1,other_IT,1.0
firm,PSEUDONYM_360,1,1,True,19,network_datacentre_infrastructure,1.0
firm,PSEUDONYM_361,1,1,True,8,custom_software_web_mobile,1.0
firm,PSEUDONYM_362,3,3,False,-1,computers_peripherals,3.0
firm,PSEUDONYM_363,1,1,False,-1,custom_software_web_mobile,1.0
firm,PSEUDONYM_364,1,1,True,13,computers_peripherals,1.0
firm,PSEUDONYM_365,1,1,False,-1,computers_peripherals,1.0
firm,PSEUDONYM_367,2,2,True,11,ERP_management_software,1.0
firm,PSEUDONYM_368,2,2,True,3,custom_software_web_mobile,2.0
firm,PSEUDONYM_370,1,1,False,-1,smart_city_traffic_OT,1.0
firm,PSEUDONYM_371,1,1,True,32,other_IT,1.0
firm,PSEUDONYM_372,1,1,True,31,software_licences,1.0
firm,PSEUDONYM_374,1,1,True,3,maintenance_support_services,1.0
firm,PSEUDONYM_376,1,1,True,7,custom_software_web_mobile,1.0
firm,PSEUDONYM_377,1,2,True,3,computers_peripherals,1.0
firm,PSEUDONYM_379,5,5,True,33,physical_security_surveillance,3.0
firm,PSEUDONYM_380,1,1,False,-1,other_IT,1.0
firm,PSEUDONYM_382,2,2,False,-1,smart_city_traffic_OT,1.0
firm,PSEUDONYM_384,1,1,False,-1,computers_peripherals,1.0
firm,PSEUDONYM_385,1,1,True,7,computers_peripherals,1.0
firm,PSEUDONYM_386,1,1,True,0,custom_software_web_mobile,1.0
firm,PSEUDONYM_387,1,1,False,-1,health_information_systems,1.0
firm,PSEUDONYM_389,1,1,False,-1,custom_software_web_mobile,1.0
firm,PSEUDONYM_391,4,4,True,1,computers_peripherals,4.0
firm,PSEUDONYM_396,1,1,True,32,computers_peripherals,1.0
firm,PSEUDONYM_397,1,1,False,-1,education_technology,1.0
firm,PSEUDONYM_398,1,1,False,-1,GIS_city_information,1.0
firm,PSEUDONYM_399,2,2,False,-1,smart_city_traffic_OT,1.0
firm,PSEUDONYM_400,1,1,True,22,physical_security_surveillance,1.0
firm,PSEUDONYM_402,1,1,True,12,computers_peripherals,1.0
firm,PSEUDONYM_404,1,1,False,-1,GIS_city_information,1.0
firm,PSEUDONYM_405,2,2,False,-1,computers_peripherals,1.0
firm,PSEUDONYM_408,1,1,False,-1,custom_software_web_mobile,1.0
firm,PSEUDONYM_409,1,1,True,0,cybersecurity,1.0
firm,PSEUDONYM_410,1,1,False,-1,health_information_systems,1.0
firm,PSEUDONYM_411,3,3,True,19,computers_peripherals,2.0
firm,PSEUDONYM_413,1,1,True,3,network_datacentre_infrastructure,1.0
firm,PSEUDONYM_416,1,1,True,17,custom_software_web_mobile,1.0
firm,PSEUDONYM_420,1,1,True,6,computers_peripherals,1.0
firm,PSEUDONYM_422,1,1,True,13,software_licences,1.0
firm,PSEUDONYM_424,1,1,True,16,GIS_city_information,1.0
firm,PSEUDONYM_427,1,2,True,8,custom_software_web_mobile,1.0
firm,PSEUDONYM_428,1,1,True,22,education_technology,1.0
firm,PSEUDONYM_429,1,1,False,-1,computers_peripherals,1.0
firm,PSEUDONYM_431,1,1,False,-1,computers_peripherals,1.0
firm,PSEUDONYM_432,1,1,False,-1,computers_peripherals,1.0
firm,PSEUDONYM_433,1,1,False,-1,health_information_systems,1.0
firm,PSEUDONYM_434,1,1,True,17,computers_peripherals,1.0
firm,PSEUDONYM_435,1,1,True,1,computers_peripherals,1.0
firm,PSEUDONYM_436,1,1,True,4,network_datacentre_infrastructure,1.0
firm,PSEUDONYM_439,1,1,True,2,custom_software_web_mobile,1.0
firm,PSEUDONYM_440,1,1,False,-1,custom_software_web_mobile,1.0
firm,PSEUDONYM_442,12,12,True,17,software_licences,4.0
firm,PSEUDONYM_444,1,1,False,-1,ERP_management_software,1.0
firm,PSEUDONYM_447,1,2,True,30,physical_security_surveillance,1.0
firm,PSEUDONYM_450,1,1,True,6,computers_peripherals,1.0
firm,PSEUDONYM_455,1,1,True,5,physical_security_surveillance,1.0
firm,PSEUDONYM_456,4,4,True,23,software_licences,3.0
firm,PSEUDONYM_457,1,2,True,31,ERP_management_software,2.0
firm,PSEUDONYM_459,1,1,True,11,other_IT,1.0
firm,PSEUDONYM_461,1,1,False,-1,computers_peripherals,1.0
firm,PSEUDONYM_462,1,1,False,-1,computers_peripherals,1.0
firm,PSEUDONYM_463,1,1,False,-1,computers_peripherals,1.0
firm,PSEUDONYM_464,1,1,False,-1,custom_software_web_mobile,1.0
firm,PSEUDONYM_466,1,2,True,23,physical_security_surveillance,1.0
firm,PSEUDONYM_467,1,1,True,0,computers_peripherals,1.0
firm,PSEUDONYM_468,5,6,True,6,software_licences,3.0
firm,PSEUDONYM_469,1,1,False,-1,other_IT,1.0
firm,PSEUDONYM_470,1,1,False,-1,other_IT,1.0
firm,PSEUDONYM_472,1,1,True,16,ERP_management_software,1.0
firm,PSEUDONYM_475,1,1,False,-1,other_IT,1.0
firm,PSEUDONYM_476,1,1,False,-1,ERP_management_software,1.0
firm,PSEUDONYM_477,1,1,True,16,software_licences,1.0
firm,PSEUDONYM_479,1,1,False,-1,education_technology,1.0
firm,PSEUDONYM_480,1,1,True,2,network_datacentre_infrastructure,1.0
firm,PSEUDONYM_482,7,13,True,34,health_information_systems,2.0
firm,PSEUDONYM_484,1,1,True,11,software_licences,1.0
firm,PSEUDONYM_489,1,1,False,-1,computers_peripherals,1.0
firm,PSEUDONYM_493,1,1,False,-1,other_IT,1.0
firm,PSEUDONYM_494,1,1,False,-1,network_datacentre_infrastructure,1.0
firm,PSEUDONYM_502,1,2,True,25,computers_peripherals,1.0
firm,PSEUDONYM_505,1,1,False,-1,other_IT,1.0
firm,PSEUDONYM_507,1,1,False,-1,other_IT,1.0
firm,PSEUDONYM_508,1,1,True,17,computers_peripherals,1.0
firm,PSEUDONYM_509,4,4,True,19,network_datacentre_infrastructure,2.0
firm,PSEUDONYM_510,1,1,False,-1,computers_peripherals,1.0
firm,PSEUDONYM_511,1,1,True,16,other_IT,1.0
firm,PSEUDONYM_513,2,2,True,9,computers_peripherals,2.0
firm,PSEUDONYM_515,1,1,True,33,computers_peripherals,1.0
firm,PSEUDONYM_516,1,1,False,-1,network_datacentre_infrastructure,1.0
firm,PSEUDONYM_519,1,1,True,10,maintenance_support_services,1.0
firm,PSEUDONYM_521,1,1,False,-1,custom_software_web_mobile,1.0
firm,PSEUDONYM_523,1,2,True,8,other_IT,1.0
firm,PSEUDONYM_527,1,1,False,-1,other_IT,1.0
firm,PSEUDONYM_529,1,1,False,-1,custom_software_web_mobile,1.0
firm,PSEUDONYM_530,1,1,True,7,computers_peripherals,1.0
firm,PSEUDONYM_533,1,1,False,-1,network_datacentre_infrastructure,1.0
firm,PSEUDONYM_535,1,1,True,6,network_datacentre_infrastructure,1.0
firm,PSEUDONYM_536,1,1,False,-1,ERP_management_software,1.0
firm,PSEUDONYM_542,1,1,False,-1,computers_peripherals,1.0
firm,PSEUDONYM_544,1,1,True,6,network_datacentre_infrastructure,1.0
firm,PSEUDONYM_545,2,2,True,5,smart_city_traffic_OT,1.0
firm,PSEUDONYM_547,1,1,True,38,custom_software_web_mobile,1.0
firm,PSEUDONYM_549,1,1,False,-1,software_licences,1.0
firm,PSEUDONYM_553,1,1,False,-1,custom_software_web_mobile,1.0
firm,PSEUDONYM_554,1,1,True,16,network_datacentre_infrastructure,1.0
firm,PSEUDONYM_557,1,1,False,-1,GIS_city_information,1.0
firm,PSEUDONYM_558,1,1,True,3,custom_software_web_mobile,1.0
firm,PSEUDONYM_561,1,1,False,-1,computers_peripherals,1.0
firm,PSEUDONYM_562,1,2,False,-1,education_technology,1.0
firm,PSEUDONYM_564,1,1,False,-1,computers_peripherals,1.0
firm,PSEUDONYM_567,1,1,True,36,computers_peripherals,1.0
firm,PSEUDONYM_568,1,1,True,1,physical_security_surveillance,1.0
firm,PSEUDONYM_570,2,2,True,0,ERP_management_software,2.0
firm,PSEUDONYM_571,1,1,False,-1,other_IT,1.0
firm,PSEUDONYM_572,1,1,True,16,software_licences,1.0
firm,PSEUDONYM_573,1,1,True,21,custom_software_web_mobile,1.0
firm,PSEUDONYM_574,1,1,True,1,computers_peripherals,1.0
firm,PSEUDONYM_577,1,1,False,-1,other_IT,1.0
firm,PSEUDONYM_578,1,1,False,-1,physical_security_surveillance,1.0
firm,PSEUDONYM_580,1,1,True,5,custom_software_web_mobile,1.0
firm,PSEUDONYM_581,1,1,True,5,cybersecurity,1.0
firm,PSEUDONYM_582,1,1,True,0,physical_security_surveillance,1.0
firm,PSEUDONYM_584,1,1,True,0,custom_software_web_mobile,1.0
firm,PSEUDONYM_585,1,1,True,1,network_datacentre_infrastructure,1.0
firm,PSEUDONYM_587,1,1,True,30,cybersecurity,1.0
firm,PSEUDONYM_588,14,24,True,12,health_information_systems,3.0
firm,PSEUDONYM_589,1,1,False,-1,physical_security_surveillance,1.0
firm,PSEUDONYM_591,1,1,False,-1,physical_security_surveillance,1.0
firm,PSEUDONYM_593,1,1,False,-1,call_centre_helpdesk,1.0
firm,PSEUDONYM_594,1,1,True,22,other_IT,1.0
firm,PSEUDONYM_595,1,1,True,4,software_licences,1.0
firm,PSEUDONYM_596,1,1,True,1,computers_peripherals,1.0
firm,PSEUDONYM_597,1,1,False,-1,smart_city_traffic_OT,1.0
firm,PSEUDONYM_598,1,1,True,24,custom_software_web_mobile,1.0
firm,PSEUDONYM_600,1,1,True,33,physical_security_surveillance,1.0
firm,PSEUDONYM_601,1,1,False,-1,custom_software_web_mobile,1.0
firm,PSEUDONYM_602,3,3,True,8,physical_security_surveillance,1.0
firm,PSEUDONYM_603,1,1,True,30,ERP_management_software,1.0
firm,PSEUDONYM_604,1,1,False,-1,ERP_management_software,1.0
firm,PSEUDONYM_605,1,1,False,-1,custom_software_web_mobile,1.0
firm,PSEUDONYM_608,1,1,False,-1,computers_peripherals,1.0
firm,PSEUDONYM_610,1,11,True,32,ERP_management_software,3.0
firm,PSEUDONYM_611,1,1,True,25,ERP_management_software,1.0
firm,PSEUDONYM_612,1,1,False,-1,other_IT,1.0
firm,PSEUDONYM_613,1,1,True,5,custom_software_web_mobile,1.0
firm,PSEUDONYM_614,3,3,True,7,computers_peripherals,3.0
firm,PSEUDONYM_620,1,1,True,32,custom_software_web_mobile,1.0
firm,PSEUDONYM_622,1,1,True,25,ERP_management_software,1.0
firm,PSEUDONYM_623,1,1,True,13,GIS_city_information,1.0
firm,PSEUDONYM_624,1,1,False,-1,education_technology,1.0
firm,PSEUDONYM_627,1,1,False,-1,ERP_management_software,1.0
firm,PSEUDONYM_629,1,1,False,-1,custom_software_web_mobile,1.0
firm,PSEUDONYM_633,1,1,False,-1,ERP_management_software,1.0
firm,PSEUDONYM_635,1,1,True,1,computers_peripherals,1.0
firm,PSEUDONYM_636,1,1,False,-1,other_IT,1.0
firm,PSEUDONYM_638,1,1,False,-1,computers_peripherals,1.0
firm,PSEUDONYM_642,1,1,True,23,physical_security_surveillance,1.0
firm,PSEUDONYM_645,1,1,True,24,other_IT,1.0
firm,PSEUDONYM_647,1,1,False,-1,computers_peripherals,1.0
firm,PSEUDONYM_648,1,1,True,12,cybersecurity,1.0
firm,PSEUDONYM_650,1,1,True,0,physical_security_surveillance,1.0
firm,PSEUDONYM_651,1,1,True,5,ERP_management_software,1.0
firm,PSEUDONYM_652,1,1,False,-1,computers_peripherals,1.0
firm,PSEUDONYM_656,1,2,True,17,software_licences,1.0
firm,PSEUDONYM_657,2,6,True,10,computers_peripherals,1.0
firm,PSEUDONYM_658,1,1,True,14,health_information_systems,1.0
firm,PSEUDONYM_659,10,12,True,14,health_information_systems,1.0
firm,PSEUDONYM_660,1,1,False,-1,computers_peripherals,1.0
firm,PSEUDONYM_662,1,1,True,3,computers_peripherals,1.0
firm,PSEUDONYM_663,1,1,True,28,computers_peripherals,1.0
firm,PSEUDONYM_666,1,1,False,-1,other_IT,1.0
firm,PSEUDONYM_672,1,1,True,8,maintenance_support_services,1.0
firm,PSEUDONYM_674,1,1,True,8,ERP_management_software,1.0
firm,PSEUDONYM_675,1,1,False,-1,other_IT,1.0
firm,PSEUDONYM_678,2,2,True,20,physical_security_surveillance,1.0
firm,PSEUDONYM_679,1,1,True,20,computers_peripherals,1.0
firm,PSEUDONYM_681,1,1,False,-1,GIS_city_information,1.0
firm,PSEUDONYM_684,1,1,True,19,custom_software_web_mobile,1.0
firm,PSEUDONYM_685,1,1,True,0,software_licences,1.0
firm,PSEUDONYM_686,1,1,False,-1,computers_peripherals,1.0
firm,PSEUDONYM_690,1,1,True,6,custom_software_web_mobile,1.0
firm,PSEUDONYM_691,1,1,False,-1,custom_software_web_mobile,1.0
firm,PSEUDONYM_692,1,1,True,5,ERP_management_software,1.0
firm,PSEUDONYM_693,1,1,True,10,other_IT,1.0
firm,PSEUDONYM_695,2,5,True,9,education_technology,1.0
firm,PSEUDONYM_696,2,2,True,11,ERP_management_software,2.0
firm,PSEUDONYM_697,1,1,True,29,GIS_city_information,1.0
firm,PSEUDONYM_698,1,1,True,0,custom_software_web_mobile,1.0
firm,PSEUDONYM_700,1,1,True,10,computers_peripherals,1.0
firm,PSİKOTEK DANIŞMANLIK VE TİC.LTD.ŞTİ.,1,1,True,9,custom_software_web_mobile,1.0
firm,PTT BİLGİ TEKNOLOJİLERİ ANONİM ŞİRKETİ,1,1,True,7,computers_peripherals,1.0
firm,PUENTECH BİLİŞİM VE DANIŞMANLIK HİZMETLERİ ANONİM ŞİRKETİ,1,1,True,4,ERP_management_software,1.0
firm,PUKASOFT YAZILIM SANAYİ VE TİCARET LİMİTED ŞİRKETİ,1,1,True,8,custom_software_web_mobile,1.0
firm,PVA TEKNOLOJİ LİMİTED ŞİRKETİ,3,3,True,2,ERP_management_software,3.0
firm,PİKAN TEKNOLOJİ VE PROJE YÖNETİMİ ANONİM ŞİRKETİ,1,1,True,21,computers_peripherals,1.0
firm,PİKSEL BİLGİ VE İLİTEŞİM SİSTEMLERİ DIŞ TİCARET YAPI ELEMANLARI SANAYİ LTD.ŞTİ.,3,4,True,10,software_licences,3.0
firm,PİKSELSOFT YAZILIM BİLİŞİM SANAYİ VE TİCARET LİMİTED ŞİRKETİ,8,8,True,30,software_licences,4.0
firm,PİMSER PROJE ELEKTRONİK ANONİM ŞİRKETİ,1,1,False,-1,custom_software_web_mobile,1.0
firm,PİNET BİLİŞİM ANONİM ŞİRKETİ,1,1,False,-1,network_datacentre_infrastructure,1.0
firm,PİOMAK OTOMASYON MAK SAN.VE TİC.A.Ş.,1,1,True,25,ERP_management_software,1.0
firm,PİRAMİD FOTOGRAMETRİK HİZ.VE BİL.TEK.MÜH.MÜŞ.TİC.LTD,1,1,False,-1,GIS_city_information,1.0
firm,PİRAMİT BİLGİSAYAR VE TEKNOLOJİ SİST.SAN.VE TİC.LTD.,3,4,True,25,computers_peripherals,3.0
firm,PİRAMİT MAKİNA İNŞAAT SAN.VE TİC.LTDŞTİ.,1,1,True,12,health_information_systems,1.0
firm,PİRİ1513 COĞRAFİ BİLGİ SİSTEMLERİ MÜHENDİSLİK VE EĞİTİM LİMİTED ŞİRKETİ,2,4,True,10,GIS_city_information,1.0
firm,PİRİREİS BİLİŞİM TEK NOLOJİLERİ YAZIL IM MÜH.B.E.T.L.Ş,3,3,True,19,GIS_city_information,1.0
firm,PİRİZMA BİLİŞİM ORGANİZASYON TANITIM MEDYA MATBAACILIK GIDA TEKSTİL SANAYİ VE TİCARET LİMİTED ŞİRKETİ,1,3,True,25,software_licences,1.0
firm,PİTON BİLGİSAYAR TEKEĞİTİM DANIŞMANLIK LTD.ŞTİ.,5,7,True,6,ERP_management_software,4.0
firm,QBITWISE TEKNOLOJİ VE BİLİŞİM ANONİM ŞİRKETİ,1,1,False,-1,software_licences,1.0
firm,QUASER ULUSLARARASI BELGELENDİRME VE GÖZETİM HİZMETLERİ LİMİTED ŞİRKETİ,2,2,True,35,cybersecurity,1.0
firm,QUEEN BİLGİSAYAR SİSTEMLERİ SANAYİ TİC.LTD.ŞTİ.,9,13,True,11,computers_peripherals,4.0
firm,R2 TEKNOLOJİ BİLİŞİM ÇÖZÜMLERİ HİZMETLERİ SANAYİ TİCARET LİMİTED ŞİRKETİ,3,3,True,9,ERP_management_software,3.0
firm,RAHİ BİLGİ SİSTEMLERİ DIŞ TİCARET LİMİTED ŞİRKETİ,2,3,True,11,custom_software_web_mobile,2.0
firm,RAMOSİS TEKNOLOJİ TASARIM SANAYİ VE TİCARET LİMİTED ŞİRKETİ,1,1,True,3,computers_peripherals,1.0
firm,RAMİB NAKLİYE İNŞAAT BİLGİSAYAR ELEKTRİK OTOMOTİV TEKSTİL SANAYİ VE TİCARET LİMİTED ŞİRKETİ,1,2,True,8,computers_peripherals,2.0
firm,RAPTOR TEKNOLOJİ VE MÜHENDİSLİK LİMİTED ŞİRKETİ,2,4,True,9,education_technology,1.0
firm,RAST MOBİLE BİLGİ TEKNOLOJİLERİ YAZILIM HİZMETLERİ TİCARET LİMİTED ŞİRKETİ,2,3,True,7,custom_software_web_mobile,2.0
firm,RASYOTEK İNSAN KAYNAKLARI BİLİŞİM ANONİM ŞİRKETİ,3,3,True,18,health_information_systems,1.0
firm,RAVZA GÜVENLİK SİSTEMLERİ ELEKTRONİK BİLİŞİM İNŞAAT TAAHHÜT ANONİM ŞİRKETİ,1,1,True,23,physical_security_surveillance,1.0
firm,RDS TEKNOLOJİ DANIŞMANLIK SANAYİ VE TİCARET LİMİTED ŞİRKETİ,1,1,True,21,smart_city_traffic_OT,1.0
firm,REAL GIDA TURZ İNŞ KIRTAS TEM TEKST NAKSAN VE LTD ŞTİ,1,1,False,-1,other_IT,1.0
firm,REDDLYNE YAZILIM SANAYİ VE TİCARET ANONİM ŞİRKETİ,1,1,True,29,network_datacentre_infrastructure,1.0
firm,REDVECTOR BİLİŞİM ARGE VE DANIŞMANLIK HİZMETLERİ ANONİM ŞİRKETİ,1,1,True,8,custom_software_web_mobile,1.0
firm,REF-SAN İZOLASYON SA N.TİC.LTD.ŞTİ.,2,2,True,2,computers_peripherals,2.0
firm,REGEN PROJE MÜHENDİSLİK DANIŞMANLIK TİCARET VE SANAYİ LİMİTED ŞİRKETİ,1,1,False,-1,computers_peripherals,1.0
firm,REHBER BİLGİSAYAR YAZILIM DANIŞMANLIK LİMİTED ŞİRKETİ,1,1,True,4,maintenance_support_services,1.0
firm,REMAP TEKNOLOJİ ÇÖZÜMLERİ ANONİM ŞİRKETİ,1,1,True,4,ERP_management_software,1.0
firm,REMM ENERJİ MÜHENDİSLİK DANIŞMANLIK HAYVANCILIK SANAYİ VE TİCARET LİMİTED ŞİRKETİ,1,2,True,13,physical_security_surveillance,1.0
firm,REMO BİLİŞİM TEKNOLOJİLERİ TİCARET LİMİTED ŞİRKETİ,1,1,True,5,ERP_management_software,1.0
firm,RENKLAM MEDYA İLETİŞİM VE TİC.LTD.ŞTİ.,2,2,True,2,custom_software_web_mobile,1.0
firm,RENPRO ENERJİ MÜHENDİSLİK ARGE YAZILIM İÇ VE DIŞ TİCARET LİMİTED ŞİRKETİ,1,1,False,-1,smart_city_traffic_OT,1.0
firm,RENİS DIŞ TİCARET LİMİTED ŞİRKETİ,14,16,True,3,computers_peripherals,4.0
firm,"RENİS DIŞ TİCARET LİMİTED ŞİRKETİ, LTS BİLİŞİM TEKNOLOJİ ANONİM ŞİRKETİ İş Ortaklığı",1,1,True,4,ERP_management_software,1.0
firm,REO-TEK ELEKTRONİK Y AZILIM TASARIM E ĞT.SAN VE TİC.LT,3,3,False,-1,custom_software_web_mobile,2.0
firm,RESET BİLGİ TEKNOLOJİLERİ SANAYİ VE TİCARET ANONİM ŞİRKETİ,7,7,True,2,computers_peripherals,5.0
firm,RESOLUTİON7 TEKNOLOJİ ANONİM ŞİRKETİ,1,4,True,30,custom_software_web_mobile,3.0
firm,RESTOPOS DONANIM VE YAZILIM ANONİM ŞİRKETİ.,1,1,False,-1,ERP_management_software,1.0
firm,RET ANONİM ŞİRKE FESTO SANAYİ VE TİCA,1,1,False,-1,network_datacentre_infrastructure,1.0
firm,REVO ELEKTRİK ELEKTRONİK İNŞAAT TUR.TİCARET LİMİTED ŞİRKETİ,2,2,False,-1,software_licences,1.0
firm,REVİ İTHALAT İHRACAT TEMİZLİK TAAHHÜT GIDA İNŞAAT PAZARLAMA TURİZM ÖZEL SAĞLIK BASIM YAYIN DAĞITIM DANIŞMANLIK TİC. LTD.ŞTİ.,1,1,True,29,maintenance_support_services,1.0
firm,REİN YAZILIM TEKNOLOJİ LİMİTED ŞİRKETİ,2,3,True,0,network_datacentre_infrastructure,1.0
firm,RICOH TURKEY BASKI ÇÖZÜMLERİ LİMİTED ŞİRKETİ,1,1,True,30,computers_peripherals,1.0
firm,RKSOFT MÜHENDİSLİK B İLGİS.PRG.DAN.EĞT.İT H.İHR.LTD.ŞTİ.,2,2,True,27,GIS_city_information,1.0
firm,RKSOFT MÜHENDİSLİK BİLGİSAYAR PROGRAMLAMA DANIŞMANLIK EĞİTİM İTHALAT İHRACAT TİCARET LİMİTED ŞİRKETİ,2,2,True,4,GIS_city_information,2.0
firm,ROBOCOMBO TEKNOLOJİ ÜRÜNLERİ SANAYİ VE TİCARET LİMİTED ŞİRKETİ,1,1,False,-1,education_technology,1.0
firm,ROBUSTA YAZILIM OTOMASYON DANIŞMANLIK SANAYİ VE TİCARET ANONİM ŞİRKETİ,1,1,True,37,education_technology,1.0
firm,ROBİT ROBOT OTOM.TEK DONANIM AR-GE DANŞMA TAAH.SAN.VE T.LDT.ŞT,1,1,True,2,maintenance_support_services,1.0
firm,ROBİT TEKNOLOJİ LİMİTED ŞİRKETİ,8,22,True,0,software_licences,6.0
firm,ROKHSİS BİLİŞİM ANONİM ŞİRKETİ,1,1,True,2,custom_software_web_mobile,1.0
firm,ROLVA BİLGİSAYAR TİC .VE PAZ.LTD.ŞTİ.,1,1,True,27,cybersecurity,1.0
firm,ROTA BİLGİ TEKNOLOJİLERİ DANIŞMANLIKHİZM.LTD.ŞTİ.,1,2,False,-1,ERP_management_software,2.0
firm,ROTA BİLGİSAYAR OFİS SİSTEMLERİ İNŞAAT GIDA TEMİZLİK SANAYİ VE TİCARET LİMİTED ŞİRKETİ,1,1,False,-1,computers_peripherals,1.0
firm,ROTA HİZMET ORGANİZASYON SANAYİ TİCARET LİMİTED ŞİRKETİ,1,1,True,34,health_information_systems,1.0
firm,ROTA VEKTÖR KONTROLHİZMETLERİ SANAYİ VETİC.LTD.ŞTİ.,1,1,False,-1,GIS_city_information,1.0
firm,ROYAL SOSYAL HİZMETLER İNŞAAT OTOMASYON ÖZEL SAĞLIK TAAHÜT VE TİCARET LİMİTED ŞİRKETİ,1,1,True,0,smart_city_traffic_OT,1.0
firm,RPATECH BİLİŞİM SANAYİ VE TİCARET LİMİTED ŞİRKETİ,1,1,True,3,cybersecurity,1.0
firm,RTM OTOMASYON SİSTEMLERİ MÜHENDİSLİK ÇÖZÜMLERİ ANONİM ŞİRKETİ,2,2,False,-1,maintenance_support_services,1.0
firm,RİGEL YAZILIM VE BİLGİ TEKNOLOJİLERİ SANAYİ TİCARET LİMİTED ŞİRKETİ,1,1,True,0,cybersecurity,1.0
firm,RİSKAKTİF DANIŞMANLI K EĞİTİM VE YAZI LIM SAN.TİC.LTD.,1,1,True,0,custom_software_web_mobile,1.0
firm,S.G.A. İNSAN KAYNAKL ARI MED TEM HİZ TAAH SAN VE TİC LTD ŞTİ,1,1,False,-1,health_information_systems,1.0
firm,SAAS YAZILIM ANONİM ŞİRKETİ,1,1,True,9,maintenance_support_services,1.0
firm,SABİT ÖLÇME DEĞERLEN DİRME BİLİŞİM VE TİC AŞ,1,1,True,0,cybersecurity,1.0
firm,SADAM SIFIR ATIK EĞİTİM PROJE VE DANIŞMANLIK MERKEZİ LİMİTED ŞİRKETİ,1,1,True,13,ERP_management_software,1.0
firm,SADER İÇ VE DIŞ TİCARET LTD.ŞTİ.,1,1,False,-1,network_datacentre_infrastructure,1.0
firm,SADTEK ELEKTRONİK SA NAYİ VE TİCARET LİMİ TED ŞİRKETİ,1,1,True,9,custom_software_web_mobile,1.0
firm,SAFRANTEK BİLİŞİM VE TEKNOLOJİ GELİŞTİRME HİZMETLERİ ANONİM ŞİRKETİ,2,3,True,5,ERP_management_software,1.0
firm,SALDEM BİLİŞİM TEKNOLOJİLERİ ENERJİ İNŞAAT YAZILIM TELEKOMİNİKASYON OTOMOTİV TURİZM GIDA TAAHHÜT SANAYİ TİCARET İTHALAT VE İHRACAT LİMİTED ŞİRKETİ,4,4,True,0,ERP_management_software,4.0
firm,SAMPAŞ BİLİŞİM VE İLETİŞİM SİSTEMLERİ SANAYİ VE TİCARET A.Ş.,17,20,True,19,ERP_management_software,4.0
firm,SAMSUN PROJE ULAŞIM İMAR İNŞAAT YATIRIM SANAYİ VE TİCARET ANONİM ŞİRKETİ,1,1,False,-1,call_centre_helpdesk,1.0
firm,SAMYELİ LOJİSTİK SANAYİ TİCARET LİMİTED ŞİRKETİ,1,3,True,32,computers_peripherals,2.0
firm,SANAL SANTRAL TELEKOMÜNİKASYON TİCARET ANONİM ŞİRKETİ,1,1,True,24,network_datacentre_infrastructure,1.0
firm,SANLAB SİMÜLASYON ARAŞTIRMA GELİŞTİRME SANAYİ TİCARET LİMİTED ŞİRKETİ,5,5,False,-1,education_technology,2.0
firm,SAPPROF YAZILIM VE DANIŞMANLIK HİZMETLERİ LİMİTED ŞİRKETİ,2,2,True,4,ERP_management_software,2.0
firm,SARENTE BİLGİ TEKNOLOJİLERİ ANONİM ŞİRKETİ,1,2,True,0,ERP_management_software,2.0
firm,SARF BİLİŞİM BÜRO MALZEMELERİ TİCARET LİMİTED ŞİRKETİ,4,4,True,30,custom_software_web_mobile,3.0
firm,SATA BİLİŞİM TEKNOLOJİLERİ İLT.S.İTHİH.T.TİC.LTD.ŞTİ,1,1,False,-1,network_datacentre_infrastructure,1.0
firm,SATEL HABERLEŞME HİZMETLERİ TİCARETLTD.ŞTİ.,1,1,True,5,smart_city_traffic_OT,1.0
firm,SAV DANIŞMANLIK MEDİKAL İLAÇ SAĞLIK VE EĞİTİM HİZMETLERİ TİCARET LİMİTED ŞİRKETİ,1,1,True,11,other_IT,1.0
firm,SAVAŞ MEDİKAL LABORATUAR MALZEMELERİ SANAYİ TİCARET ANONİM ŞİRKETİ,1,1,True,1,health_information_systems,1.0
firm,SAVRONİK SİST.TAAH.S AN.TİC.A.Ş.,1,1,True,3,computers_peripherals,1.0
firm,SAYEL YATIRIM ELEKTRONİK BİLGİSAYAR MÜHENDİSLİK SANAYİ TİCARET LİMİTED ŞİRKETİ,1,1,True,14,cybersecurity,1.0
firm,SAYGIN BİLGİSAYAR Sİ STEMLERİ GI.TURZ SAN.VE TİC LTD.Ş,1,3,True,3,computers_peripherals,2.0
firm,SAYKOM ELEK HABERLEŞ GÜVE SİS İTH İHR SAN VE TİC LTD ŞTİ,6,13,True,20,physical_security_surveillance,2.0
firm,SAYSİS BİLGİSAYAR SİSTEMLERİ TİCARETLİMİTED ŞİRKETİ,15,15,True,7,ERP_management_software,2.0
firm,SAĞLIK.NET BİLİŞİM T EKNO MTB VE TANT HİZ TİC LTD ŞTİ,1,1,True,12,health_information_systems,1.0
firm,SBI BİLİŞİM ANONİM ŞİRKETİ,1,1,True,2,software_licences,1.0
firm,SCT BİLİŞİM SİSTEMLERİ LTD.ŞTİ.,4,8,True,9,maintenance_support_services,3.0
firm,SD OTO KİRALAMA SOSYAL HİZMETLER İNŞAAT GIDA SANAYİ VE TİCARET LİMİTED ŞİRKETİ,1,1,False,-1,maintenance_support_services,1.0
firm,SDD BİLGİSAYAR YAZILIM HİZ.SAN.VE TİC.LTD.ŞTİ.,1,1,False,-1,ERP_management_software,1.0
firm,SEBİL BİLGİSAYAR MÜHENDİSLİK İNŞAAT SANAYİ VE TİCARET ANONİM ŞİRKETİ.,1,1,True,0,software_licences,1.0
firm,SECNET DİGİTAL BİLGİ TEKNOLOJİLERİ VE DANIŞMANLIK LİMİTED ŞİRKETİ,2,2,True,8,cybersecurity,1.0
firm,SECURE FUTURE BİLGİ TEKNOLOJİLERİ VE HİZMETLERİ TİCARET ANONİM ŞİRKETİ,1,1,True,33,software_licences,1.0
firm,SECURITY HOUSE TEKNOLOJİ A.Ş.,1,1,True,4,cybersecurity,1.0
firm,SECURİTAS TEKNOLOJİ HİZMETLERİ TİCARET ANONİM ŞİRKETİ,2,2,True,24,physical_security_surveillance,1.0
firm,SECUVVORLD GÜVENLİK TEKNOLOJİLERİ DIŞ TİCARET LİMİTED ŞİRKETİ,1,1,True,29,physical_security_surveillance,1.0
firm,SED OTOMOTİV GIDA MADENCİLİK MEDİKAL MÜTEAHHİTLİK İNŞAAT TURİZM NAKLİYAT TİCARET VE SANAYİ LİMİTED ŞİRKETİ,1,1,False,-1,ERP_management_software,1.0
firm,SEDAŞ İNŞAAT BİLGİSAYAR ÜR.VE HİZ.SNTİC.LTD.ŞTİ.,1,1,False,-1,ERP_management_software,1.0
firm,SEFKOM BİL.İŞ.BİLG.İLT.REK.EĞT.TEKS.SAN.VE TİC.LTD.ŞTİ.,1,1,True,17,health_information_systems,1.0
firm,SEKOM İLETİŞİM SİSTEMLERİ SANAYİ VETİCARET A.Ş.,3,4,True,9,maintenance_support_services,2.0
firm,SEKON ELEKTRİK ELEKTRONİK MAKİNA OTOMASYON VE BİLİŞİM SANAYİ VE TİCARET LİMİTED ŞİRKETİ,2,2,True,13,ERP_management_software,2.0
firm,SEKTÖRSOFT YAZILIM ARGE ANONİM ŞİRKETİ,1,1,True,11,custom_software_web_mobile,1.0
firm,SELEVRE BİLİŞİM ORGANİZASYON HİZMETLERİ DANIŞMANLIK SANAYİ VE TİCARET LİMİTED ŞİRKETİ,1,1,True,3,smart_city_traffic_OT,1.0
firm,SELEVRE BİLİŞİM ORĞ.HİZ.DANŞ.SAN.LTDŞTİ.,2,4,True,3,maintenance_support_services,3.0
firm,SEM LABORATUAR CİHAZLARI PAZARLAMA SAN.VE TİC.A.Ş.,2,2,True,2,custom_software_web_mobile,1.0
firm,SENEKA YAZILIM DONANIM BİLİŞİM TİCARET TAAHHÜT VE SANAYİ LİMİTED ŞİRKETİ,14,16,True,0,ERP_management_software,2.0
firm,SENIOR DANIŞMANLIK TEKNOLOJİ MÜHENDİSLİK SANAYİ VE TİCARET LİMİTED ŞİRKETİ,1,1,True,9,custom_software_web_mobile,1.0
firm,SENKRON BİLGİSAYAR OTOM.SİST.EĞİT.DAN.SAN.VE TİC.LTD,1,1,True,3,custom_software_web_mobile,1.0
firm,SENKRON ELEK.MÜH.OTOYAZI.İNŞ.TAAH.SAN.VE TİC.LTD.ŞTİ,1,1,False,-1,ERP_management_software,1.0
firm,SENKRON YAZILIM HİZMETLERİ ANONİM ŞİRKETİ,4,8,True,3,software_licences,3.0
firm,SENSORMATİC GÜVENLİK HİZMETLERİ TİCARET ANONİM ŞİRKETİ,2,2,True,24,physical_security_surveillance,2.0
firm,SENTEZ BİLGİ SİSTEMLERİ VE DANIŞMANLIK HİZMETLERİ TİCARET LİMİTED ŞİRKETİ,1,1,True,5,computers_peripherals,1.0
firm,SENTEZ GEÇİŞ KONTROL GÜVENLİK SİSTEMLERİ VE YAZILIM HİZMETLERİ TİCARET LİMİTED ŞİRKETİ,1,1,True,0,ERP_management_software,1.0
firm,SENTİM BİLİŞİM TEKNO LOJİLERİ SANAYİ VE TİC.A.Ş.,57,78,True,2,software_licences,7.0
firm,SEPRA EĞİTİM DANIŞMANLIK TARIM İMAR VE KENTSEL DÖNÜŞÜM ANONİM ŞİRKETİ,1,1,True,27,custom_software_web_mobile,1.0
firm,SEPRASOFT BİLGİSAYARYAZILIM MED.İNŞ.TA TEM O İTİHVETİCLTDŞTİ,1,1,True,26,health_information_systems,1.0
firm,SERALBA BİLGİSAYAR İLETİŞİM İNŞAAT PEYZAJ REKLAM ORGANİZASYON TAAHHÜT İTHALAT İHRACAT VE TİCARET LİMİTED ŞİRKETİ,2,4,True,27,maintenance_support_services,3.0
firm,SERBÜLENT TAÇ BİLGİSAYAR SANAYİ VE TİCARET LİMİTED ŞİRKETİ,1,1,True,5,GIS_city_information,1.0
firm,SEREL BİLGİ İŞLEM MALZEMELERİ SANAYİVE TİC.LTD.ŞTİ.,3,3,True,8,computers_peripherals,1.0
firm,SERENAS ULUSLARARASITURİZM KONGRE ORGANİZASYON ANONİM ŞİRKETİ,1,1,False,-1,call_centre_helpdesk,1.0
firm,SERVO ARŞİV BİLİŞİM YÖNETİM HİZMETLERİ LİMİTED ŞİRKETİ,8,20,True,16,ERP_management_software,3.0
firm,SERVOTEL ELEKTRİK ELEKTRONİK İNŞAAT SANAYİ VE TİCARET LİMİTED ŞİRKETİ.,1,1,False,-1,physical_security_surveillance,1.0
firm,SERVUS BİLGİSAYAR A.Ş. .,16,21,True,2,ERP_management_software,7.0
firm,SERVUS BİLİŞİM TEKNO LOJİLERİ A.Ş.,2,2,True,2,computers_peripherals,2.0
firm,SERVİSİON GÜVENLİK TEKNOLOJİLERİ İNŞAAT ANONİM ŞİRKETİ,1,1,True,15,computers_peripherals,1.0
firm,SERİPOS ELEKTRONİK VE BİLGİSAYAR SİSTEMLERİ LİMİTED ŞİRKETİ,1,1,True,2,computers_peripherals,1.0
firm,SESA GRUP MEDİKAL BİLİŞİM MÜHENDİSLİK İNŞAAT MAKİNA VE TECHİZAT SANAYİ İÇ VE DIŞ TİCARET LİMİTED ŞİRKETİ,1,1,True,1,network_datacentre_infrastructure,1.0
firm,SESASİS BİLGİ TEKNOLOJİLERİ YAZILIM EĞİTİM DANIŞMANLIK ENERJİ İNŞAAT TAAHHÜT İTHALAT İHRACAT SANAYİ VE TİCARET LİMİTED ŞİRKETİ,2,2,True,0,ERP_management_software,1.0
firm,SESDATA İLETİŞİM HİZMETLERİ LTD.ŞTİ.,1,3,False,-1,network_datacentre_infrastructure,1.0
firm,SETAP TEKNOLOJİ SİSTEMLERİ SANAYİ VE TİCARET ANONİM ŞİRKETİ,1,1,True,2,software_licences,1.0
firm,SEVEN İNŞAAT TEMİZLİ TURİZM VE TİCARE ANONİM ŞİRKETİ,1,1,True,7,custom_software_web_mobile,1.0
firm,SEVEN İNŞAAT TEMİZLİK TURİZM VE TİCARET ANONİM ŞİRKETİ,1,1,True,1,network_datacentre_infrastructure,1.0
firm,"SEYRANİ İNSAN KAY.MED.TEM.HİZ.TAAH.SAN.VE TİC.LTD.ŞT, BHM TEMİZLİK İNŞAAT VE MALZEMELERİ NAKLİYE GIDA İTHALAT İHRACAT SANAYİ VE TİCARET LİMİTED ŞİRKETİ İş Ortaklığı",1,1,True,8,maintenance_support_services,1.0
firm,SEYİR MOBİL ELEKTRONİK OTOMASYON SİSTEMLERİ SANAYİ VE TİCARET ANONİM ŞİRKETİ,1,1,True,4,smart_city_traffic_OT,1.0
firm,SEZİN BİLGİ TEKNOLOJİLERİ HİZMET YÖNETİMİ DANIŞMANLIK SANAYİ VE TİCARET LİMİTED ŞİRKETİ,2,3,True,34,health_information_systems,2.0
firm,SFY DANISMANLIK HİZMETLERİ BİL.GID.SAN VTİC.LTD.ŞTİ.,1,1,True,0,ERP_management_software,1.0
firm,SGE MÜHENDİSLİK ELEKTRİK OTOMASYON BİLGİ İŞLEM SANAYİ VE TİCARET LİMİTED ŞİRKETİ,1,1,True,35,ERP_management_software,1.0
firm,SHARKUTERİ MEDYA REKLAM BİL.YAZ.HİZ.VE TİC.LTD.ŞTİ.,1,1,True,4,education_technology,1.0
firm,SHK BİLİŞİM TEKNOLOJİLERİ LİMİTED ŞİRKETİ,9,11,True,6,GIS_city_information,3.0
firm,SHOV BİLGİSAYAR TANI TIM HİZMETLERİ P AZ.TUR.TİC.LTD.Ş,1,1,True,16,custom_software_web_mobile,1.0
firm,SIEMENS SANAYİ VE TİCARET A.Ş,1,1,False,-1,ERP_management_software,1.0
firm,SK TEKNOLOJİ ANONİM ŞİRKETİ,1,1,True,7,ERP_management_software,1.0
firm,SMARTES TEKNOLOJİ YAZILIM DANIŞMANLIK SANAYİ VE TİCARET LİMİTED ŞİRKETİ,1,1,False,-1,custom_software_web_mobile,1.0
firm,SMARTSİS YAZILIM DONANIMLARI BİLGİ TEKNOLOJİLERİ TURİZM ORGANİZASYON VE BİLGİSAYAR MALZEMELERİ İTHALAT İHRACAT SANAYİ VE TİCARET ANONİM ŞİRKETİ,3,3,True,8,ERP_management_software,3.0
firm,SMARTİKS BİLGİ TEKNOLOJİSİ HİZ.A.Ş.,1,2,True,4,ERP_management_software,2.0
firm,SMARTİKS YAZILIM A.Ş.,2,2,True,4,ERP_management_software,2.0
firm,SMF BİLGİ İLETİŞİM BİLİŞİM VE YAZILIM SİSTEMLERİ SANAYİ TİCARET LİMİTED ŞİRKETİ.,1,1,False,-1,custom_software_web_mobile,1.0
firm,SMOD BİLİŞİM YAZILIM VE DANIŞMANLIK PAZARLAMA SANAYİ VE TİCARET LTD.ŞTİ.,1,2,True,4,ERP_management_software,2.0
firm,SMT İLETİŞİM VE BİLGİ TEKNOLOJİLERİ MİMARLIK DANIŞMANLIK YAPI TİCARET ANONİM ŞİRKETİ,1,1,False,-1,custom_software_web_mobile,1.0
firm,SOAGEN BİLİŞİM TEKNOLOJİLERİ YAZILIM VE DANIŞMANLIK LİMİTED ŞİRKETİ,2,2,True,14,ERP_management_software,1.0
firm,SODER BİLGİ TEKNOLOJİLERİ ANONİM ŞİRKETİ,8,9,True,2,cybersecurity,2.0
firm,SOFTAY BİLGİSAYAR YA ZILIM VE DANIŞMA NLIK LTD ŞTİ,1,2,True,5,ERP_management_software,1.0
firm,SOFTLINE YAZILIM HİZ M.TİC.LTD.ŞTİ.,2,2,True,2,custom_software_web_mobile,2.0
firm,SOFTWARE ARGE SANAYİ VE TİCARET ANONİM ŞİRKETİ,1,1,False,-1,custom_software_web_mobile,1.0
firm,SOLARİS YAZILIM BİLGSİS.DON.TEK.İTH.İH.SA.VE Tİ.LTD.,3,3,True,10,software_licences,2.0
firm,SOLENT BİLİŞİM TEKNOLOJİLERİ YAZILIM VE DONANIM ANONİM ŞİRKETİ,2,2,True,4,ERP_management_software,2.0
firm,SOLUS BİLİŞİM TEKNOLOJİ TİCARET ANONİM ŞİRKETİ,8,13,True,0,software_licences,5.0
firm,SOLVAYTECH MÜHENDİSLİK SANAYİ VE TİCARET LİMİTED ŞİRKETİ,1,1,False,-1,physical_security_surveillance,1.0
firm,SOLVEKA YAZILIM TELEKOMİNİKASYON BİLGİ VE İLETİŞİM EĞİTİM TEKNOLOJİLERİ VE HİZMETLERİ ELEKTRONİK SANAYİ VE TİCARET LİMİTED ŞİRKETİ,1,1,True,2,custom_software_web_mobile,1.0
firm,SOLVENT KALE BİLİŞİM HİZMETLERİ YAZILIM DANIŞMANLIK İÇ VE DIŞ TİCARET LİMİTED ŞİRKETİ,7,7,True,15,health_information_systems,1.0
firm,SOLVENT YAZILIM LTD.ŞTİ.-KALE BİLİLİŞİM A.Ş İŞ ORTAKLIĞI,1,1,False,-1,health_information_systems,1.0
firm,SOLVENT YAZILIM VE BİLGİSAYAR HİZMETLERİ DANIŞMANLIK İÇ VE DIŞ TİCARET SANAYİ LİMİTED ŞİRKETİ,9,10,True,14,health_information_systems,1.0
firm,"SOLVENT YAZILIM VE BİLGİSAYAR HİZMETLERİ DANIŞMANLIK İÇ VE DIŞ TİCARET SANAYİ LİMİTED ŞİRKETİ, KUDAY BİLİŞİM VE MÜHENDİSLİK HİZMETLERİ YAZILIM DANIŞMANLIK EĞİTİM İÇ VE DIŞ TİCARET LİMİTED ŞİRKETİ İş Ortaklığı",1,1,False,-1,health_information_systems,1.0
firm,SOLVERA YAZILIM HİZMETLERİ TİCARET LİMİTED ŞİRKETİ,1,1,False,-1,network_datacentre_infrastructure,1.0
firm,SOME PROJE MÜHENDİSLİK TİCARET LİMİTED ŞİRKETİ,1,1,True,10,computers_peripherals,1.0
firm,SORENTUM TEKNOLOJİ SANAYİ VE TİCARET ANONİM ŞİRKETİ,1,1,True,10,custom_software_web_mobile,1.0
firm,SORGUNTAŞ NAKLİYE İNŞAAT MADENCİLİK SANAYİ VE TİCARET LİMİTED ŞİRKETİ,1,1,False,-1,ERP_management_software,1.0
firm,SOSMART TEKNOLOJİ ANONİM ŞİRKETİ,2,2,True,22,health_information_systems,1.0
firm,SOTECH BİLGİ TEKNOLOJİLERİ LİMİTED ŞİRKETİ,1,1,True,0,ERP_management_software,1.0
firm,SOİTRON SİBER GÜVENLİK SERVİSLERİ ANONİM ŞİRKETİ,2,2,True,0,cybersecurity,1.0
firm,SPARTA SİBER GÜVENLİK TEKNOLOJİLERİ LİMİTED ŞİRKETİ,1,1,True,8,cybersecurity,1.0
firm,SPECTRUM YAZILIM BİLİŞİM SANAYİ VE TİCARET LİMİTED ŞİRKETİ,2,4,True,4,ERP_management_software,4.0
firm,SPEKSKO BİLİŞİM YAZILIM SAN.VE TİC.LTD.ŞTİ.,8,9,True,4,custom_software_web_mobile,4.0
firm,SPP MÜHENDİSLİK TAAHHÜT VE BİLİŞİM SANAYİ TİCARET LİMİTED ŞİRKETİ,1,1,True,5,smart_city_traffic_OT,1.0
firm,SPİDYA YAZILIM ANONİM ŞİRKETİ,2,2,True,16,call_centre_helpdesk,2.0
firm,SSL BİLİŞİM EĞİTİM DANIŞMANLIK ANONİM ŞİRKETİ,1,1,True,8,ERP_management_software,1.0
firm,STANDTASARIM STAND TASARIM VE DEK.SAN.TİC.LTD.ŞTİ.,1,1,True,10,maintenance_support_services,1.0
firm,STARTECH BT BİLGİ SİSTEMLERİ SANAYİ VE TİCARET LİMİTED ŞİRKETİ,2,4,False,-1,ERP_management_software,1.0
firm,STELAB YAZILIM MÜHENDİSLİK ANONİM ŞİRKETİ,1,1,False,-1,physical_security_surveillance,1.0
firm,STM SAVUNMA TEKNOLOJİLERİ MÜH.VE TİC.A.Ş.,4,7,True,35,maintenance_support_services,3.0
firm,STRATEJİ BİLGİ TEKNO LOJİLERİ YAZILIM VE DANŞ.HİZ.LTD.ŞTİ.,1,1,True,7,education_technology,1.0
firm,STS-E TEKNOLOJİ BİLG İSAYAR DAN.HİZ.S AN.VE TİC.LTD.ŞT,1,1,True,24,ERP_management_software,1.0
firm,STT SİSTEM TRAFİK TEKNOLOJİ İNŞAAT MAKİNA SANAYİ VE TİCARET LİMİTED ŞİRKETİ,1,1,True,13,smart_city_traffic_OT,1.0
firm,STİL GRUP İNŞAAT TEMİZLİK TURİZM BİLGİSAYAR SAĞLIK HİZMETLERİ YEMEK ÜRETİMİ TAŞIMACILIK TİCARET LİMİTED ŞİRKETİ,1,1,False,-1,GIS_city_information,1.0
firm,SUBNET ELEKTRONİK ALTYAPI SİSTEMLERİTİC.LTD.ŞTİ.,1,1,True,0,network_datacentre_infrastructure,1.0
firm,SUKONT TEKNOLOJİ SANAYİ TİCARET ANONİM ŞİRKETİ,1,1,False,-1,ERP_management_software,1.0
firm,SUMAY ASANSÖR MÜHEN.İNŞ. MAK. SAN VETİC. LTD. ŞTİ.,1,1,False,-1,custom_software_web_mobile,1.0
firm,SUPERCOM BİLİŞİM TEKNOLOJİLERİ SANAYİ VE TİCARET ANONİM ŞİRKETİ,3,5,True,27,software_licences,2.0
firm,SUPERONLİNE İLETİŞİM HİZMETLERİ ANONİM ŞİRKETİ,14,18,True,2,network_datacentre_infrastructure,6.0
firm,"SUPERONLİNE İLETİŞİM HİZMETLERİ ANONİM ŞİRKETİ, DOSBİL BİLGİSAYAR KİM.TEKS.DAY.TÜK.MAL.TMAL.GI. Tİ.VE SA.LT İş Ortaklığı",1,1,False,-1,GIS_city_information,1.0
firm,SUR PEYZAJ OTOMASYON TEMİZLİK SANAYİ VE TİCARET LİMİTED ŞİRKETİ,1,1,False,-1,ERP_management_software,1.0
firm,SUR TEKNOLOJİ ELEKTRİK TAAHHÜT ELEKTRONİK ENDÜSTRİYEL ARAÇLAR MOBİLYA SANAYİ VE TİCARET LİMİTED ŞİRKETİ,1,1,True,6,computers_peripherals,1.0
firm,SUTED BİLİŞİM TEKNOLOJİLERİ YAZILIM DANIŞMANLIK HİZMETLERİ SANAYİ VE TİCARET LİMİTED ŞİRKETİ,5,6,True,25,ERP_management_software,2.0
firm,SYBASE YAZILIM ÜRÜNLERİ VE BİLİŞİM HİZMETLERİ LİMİTED ŞİRKETİ,3,4,True,0,software_licences,1.0
firm,SYMPRO BİLİŞİM TEKNOJİLERİ TİCARET LİMİTED ŞİRKETİ,1,1,True,33,cybersecurity,1.0
firm,SYMPRO BİLİŞİM TEKNOLOJİLERİ TİCARET LİMİTED ŞİRKETİ,1,1,True,27,cybersecurity,1.0
firm,SYMTURK BİLGİSAYAR SİSTEM YÖNETİM VE MÜŞAVİRLİK LİMİTED ŞİRKETİ,1,1,True,0,network_datacentre_infrastructure,1.0
firm,SYMTURK BİLGİSAYAR SİSTEM YÖNETİŞİM VE MÜŞAVİRLİK LİMİTED ŞİRKETİ,2,2,True,2,custom_software_web_mobile,2.0
firm,SZR BİLİŞİM TEKNOLOJİLERİ TİCARET LİMİTED ŞİRKETİ,1,1,True,10,network_datacentre_infrastructure,1.0
firm,SÜMERLER KURUMSAL TEMİZLİK VE SAĞLIK HİZ SAN TİC LTD ŞTİ,1,1,True,14,health_information_systems,1.0
firm,SÜNBÜL GIDA BESİCİLİK TAŞIMACILIK TEMİZLİK GÜVENLİK İNŞAAT SANAYİ VE TİCARET LİMİTED ŞİRKETİ.,1,1,True,28,network_datacentre_infrastructure,1.0
firm,SÜRAT BİLİŞİM TEKNOLOJİLERİ SANAYİ TİCARET ANONİM ŞİRKETİ,6,8,True,0,computers_peripherals,6.0
firm,SİBEL ELEKTRİK TİC. VE SAN.LTD.ŞTİ.,1,1,True,0,network_datacentre_infrastructure,1.0
firm,SİBER ÇAĞ BİLGİ VE GÜVENLİK SİSTEMLERİ ANONİM ŞİRKETİ,1,1,True,16,cybersecurity,1.0
firm,SİBERA İLETİŞİM TEKNOLOJİLERİ SAN VETİC.LTD.ŞTİ.,2,3,True,28,custom_software_web_mobile,2.0
firm,SİBEREUM BİLGİ GÜVENLİĞİ VE DANIŞMANLIĞI TİCARET LİMİTED ŞİRKETİ,1,2,True,0,cybersecurity,1.0
firm,SİBERNET BİLEŞİM TEK NOLOJİLERİ SANAY İ VE TİC.LTD.ŞTİ,1,1,False,-1,network_datacentre_infrastructure,1.0
firm,SİBERNETİK TEKNOLOJİ BİLİŞİM ÇÖZÜMLERİ SANAYİ VE TİCARET LİMİTED ŞİRKETİ,1,1,True,0,custom_software_web_mobile,1.0
firm,SİBERUS BİLGİ TEKNOLOJİLERİ YAZILIM DANIŞMANLIK EĞİTİM BİLGİSAYAR TİCARET LİMİTED ŞİRKETİ,2,2,True,24,custom_software_web_mobile,2.0
firm,SİGMA MERKEZİ YÖNETİM SİSTEMLERİ DANIŞMANLIĞI TİCARET LİMİTED ŞİRKETİ,2,2,True,9,ERP_management_software,1.0
firm,SİGNUM TEKNOLOJİ TAN ITIM VE EĞİTİM L TD.ŞTİ.,1,1,True,21,custom_software_web_mobile,1.0
firm,SİMTERNET İLETİŞİM S İST.REKLAM SAN.V E TİC.LTD.ŞTİ.,1,1,True,16,custom_software_web_mobile,1.0
firm,SİMURG AJANS BİLİŞİM ARAŞTIRMA SANAYİ TİCARET LİMİTED ŞİRKETİ,4,5,True,3,GIS_city_information,3.0
firm,SİNERJİ BİLİŞİM VE İLETİŞİM TEKNOLOJİLERİ GIDA TEMİZLİK MADDELERİ TEKSTİL İNŞAAT MALZEMELERİ TURİZM OTOMOTİV PETROL ÜRÜNLERİ NAKLİYE HAYVANCILIK İTHALAT İHRACAT SANAYİ VE TİCARET LİMİTED ŞİRKETİ,1,1,False,-1,other_IT,1.0
firm,SİNERJİK BİLİŞİM ANONİM ŞİRKETİ,1,1,True,3,computers_peripherals,1.0
firm,SİNERJİSOFT BİLİŞİM SİSTEMLERİ YAZILIM BİLGİSAYAR DONANIMLARI ELEKTRONİK SANAYİ VE TİCARET ANONİM ŞİRKETİ,3,5,True,9,education_technology,4.0
firm,SİNTAŞ İNŞ.ELEK.NAK. SAN.TAAH.TİC.LTD ŞTİ.,1,1,False,-1,GIS_city_information,1.0
firm,SİRAÇ BULUT İNŞAAT ANONİM ŞİRKETİ,1,1,False,-1,physical_security_surveillance,1.0
firm,SİREN BİLİŞİM YAZILIM TEKNOLOJİ EĞİTİM VE DANIŞMANLIK HİZMETLERİ SANAYİ İÇ VE DIŞ TİCARET LİMİTED ŞİRKETİ,1,1,False,-1,ERP_management_software,1.0
firm,SİSOFT BİLGİ TEKNOLOJİLERİ ANONİM ŞİRKETİ,1,2,True,12,health_information_systems,1.0
firm,SİSOFT SAĞLIK BİLGİ SİSTEMLERİ LİMİTED ŞİRKETİ,90,149,True,12,health_information_systems,3.0
firm,SİSTAŞ SAYISAL İLETİŞİM SAN TİC A.Ş.,5,6,True,8,network_datacentre_infrastructure,3.0
firm,SİSTEK DATA İLETİŞİMSİSTEMLERİ SAN.VE TİC.LTD.ŞTİ.,3,3,True,23,custom_software_web_mobile,2.0
firm,SİSTEM 24 BİLİŞİM VEDANIŞMANLIK HİZMLTD.ŞTİ,1,1,True,0,maintenance_support_services,1.0
firm,SİSTEM ARENA KURUMSAL BİLİŞİM VE DANIŞMANLIK HİZMETLERİ ANONİM ŞİRKETİ,2,3,True,1,network_datacentre_infrastructure,1.0
firm,SİSTEM BİLGİSAYAR VE TEKNİK HİZ.SAN.A.Ş.,1,1,True,5,custom_software_web_mobile,1.0
firm,SİSTEM ELEKTRONİK BÜRO DONANIMLARI TİC.LTD.ŞTİ.,1,2,False,-1,education_technology,1.0
firm,SİSTEMAR TEKNOLOJİ VE BİLGİSAYAR SİSTEMLERİ SANAYİ VE TİCARET LİMİTED ŞİRKETİ,1,1,True,11,computers_peripherals,1.0
firm,SİSTEMO YAZILIM SANA Yİ VE TİCARET LT D.ŞTİ.,2,2,False,-1,health_information_systems,1.0
firm,SİSTEMTECH BİLİŞİM HİZMETLERİ SAN.VE TİC.LTD.ŞTİ.,1,1,True,23,network_datacentre_infrastructure,1.0
firm,SİTE TELEKOM ANONİM ŞİRKETİ,1,2,True,0,call_centre_helpdesk,1.0
firm,SİVAS ŞİMŞEK BİLGİSAYAR YAZ.ELEK.İLESAN.LTD.ŞTİ.,1,1,False,-1,computers_peripherals,1.0
firm,T2 YAZILIM LTD.ŞTİ.,1,1,True,2,custom_software_web_mobile,1.0
firm,TA BA BASIN YAYIN REKLAMCILIK YAZILIM BİLGİSAYAR DANIŞMANLIK SANAYİ VE TİCARET LİMİTED ŞİRKETİ,1,1,True,21,GIS_city_information,1.0
firm,TAAB ULUSLARARASI TİCARET ANONİM ŞİRKETİ,1,1,True,2,custom_software_web_mobile,1.0
firm,TAHA BİLGİ TEKNOLOJİLERİ VE DANIŞMANLIK HİZMETLERİ SANAYİ VE TİCARET LİMİTED ŞİRKETİ,1,1,True,7,network_datacentre_infrastructure,1.0
firm,TAHA ORHAN PLANLAMA MÜHENDİSLİK ENERJİ VE TURİZM A.Ş.,1,1,False,-1,GIS_city_information,1.0
firm,TALHA TEKNOLOJİ SANAYİ TİCARET LİMİTED ŞİRKETİ,1,1,False,-1,education_technology,1.0
firm,TAN OTOMASYON ELEKTRİK İNŞAAT VE YANGIN SÖNDÜRME SİSTEMLERİ SANAYİ VE TİCARET LTD.ŞTİ,1,1,True,13,ERP_management_software,1.0
firm,TANITEK BİLİŞİM SİSTEMLERİ SANAYİ VE TİCARET ANONİM ŞİRKETİ,1,1,False,-1,ERP_management_software,1.0
firm,TATAROĞLU MÜHENDİSLİK PROJE İNŞAAT SANAYİ VE TİCARET LİMİTED ŞİRKETİ,1,1,True,27,physical_security_surveillance,1.0
firm,TAYKA TEKNOLOJİ SANAYİ VE TİCARET ANONİM ŞİRKETİ,1,1,True,14,network_datacentre_infrastructure,1.0
firm,TAŞPINAR YAZILIM VE BİLGİ TEKNOLOJİLERİ GIDA İNŞAAT SANAYİ PAZARLAMA TURİZM TİCARET LİMİTED ŞİRKETİ.,7,7,True,1,health_information_systems,4.0
firm,TAŞTEPE İNŞ.OTO.OTOMBİLG.SOS.HİZM.İTH.İHSAN.TİC.LTD.ŞTİ.,1,2,False,-1,GIS_city_information,1.0
firm,TBM ENDÜSTRİ OTOMASYON SANAYİ VE TİCARET ANONİM ŞİRKETİ,2,2,True,5,smart_city_traffic_OT,1.0
firm,TBİM BİLİŞİM TEKNOLOJİLERİ SANAYİ VE TİCARET LİMİTED ŞİRKETİ,1,1,True,27,software_licences,1.0
firm,TBİM BİLŞİM TEKNOLOJİLERİ SANAYİ VE TİCARET LİMİTED ŞİRKETİ,1,1,True,27,computers_peripherals,1.0
firm,TCDD TEKNİK MÜHENDİSLİK VE MÜŞAVİRLİK ANONİM ŞİRKETİ,1,1,True,0,ERP_management_software,1.0
firm,TCHEALTH BİLGİ TEKNOLOJİLERİ ANONİM ŞİRKETİ,3,4,True,0,maintenance_support_services,3.0
firm,TECHNOPC TEKNOLOJİ SANAYİ VE TİCARET ANONİM ŞİRKETİ,1,1,True,21,computers_peripherals,1.0
firm,TECHNOTEAM ELEKTRONİK VE GÜVENLİK SİSTEMLERİ SAN.TİC.LTD.ŞTİ,1,2,True,29,physical_security_surveillance,1.0
firm,TECHPLUS BİLGİ TEKNOLOJİLERİ LTD.ŞTİ.,2,2,True,9,network_datacentre_infrastructure,2.0
firm,TECHRESTA BİLİŞİM VE TİCARET LİMİTED ŞİRKETİ,1,1,False,-1,custom_software_web_mobile,1.0
firm,TECHSİGN BİLGİ TEKNOLOJİLERİ YAZILIM SANAYİ VE TİCARET ANONİM ŞİRKETİ,1,1,True,4,ERP_management_software,1.0
firm,TECHWAY BİLİŞİM VE DANIŞMANLIK LİMİTED ŞİRKETİ,1,1,True,10,cybersecurity,1.0
firm,TEDERGA BİLİŞİM HİZMETLERİ LİMİTED ŞİRKETİ,1,1,True,32,ERP_management_software,1.0
firm,TEKBİZ BİLİŞİM TEKNOLOJİLERİ LİMİTED ŞİRKETİ,1,1,True,5,computers_peripherals,1.0
firm,TEKBİZ TEKNOLOJİ ÜRÜNLERİ VE ELEKTRONİK SANAYİ TİCARET LİMİTED ŞİRKETİ,2,4,True,29,physical_security_surveillance,1.0
firm,TEKE ORGANİZASYON ETKİNLİK YÖNETİMİ TİCARET LİMİTED ŞİRKETİ,1,1,True,5,custom_software_web_mobile,1.0
firm,TEKEKİP BİLGİ TEKNOLOJİLERİ REKLAM DANIŞMANLIK VE ORGANİZASYON HİZMETLERİ SANAYİ VE TİCARET LİMİTED ŞİRKETİ,6,6,True,17,health_information_systems,1.0
firm,TEKNO OFİS OTOMASYONU LİMİTED ŞİRKETİ,1,1,True,21,computers_peripherals,1.0
firm,TEKNO SERHATOĞLU BİLGİSAYAR SANAYİ VE TİCARET LİMİTED ŞİRKETİ,3,4,True,16,physical_security_surveillance,2.0
firm,TEKNOBİM BİLGİ SİSTE MLERİ SANAYİ VE TİC.LTD.ŞTİ.,1,4,True,25,computers_peripherals,1.0
firm,TEKNODA TEKNOLOJİK ÜRÜNLER DAĞ.VE PAZ.SAN.TİC.A.Ş.,5,5,True,8,computers_peripherals,2.0
firm,TEKNOKOLİK BİLGİSAYAR TEMİZLİK HAZIR YEMEK İNŞAAT GIDA PAZARLAMA SANAYİ DIŞ TİCARET LİMİTED ŞİRKETİ,1,1,False,-1,health_information_systems,1.0
firm,TEKNOLAB BİLGİ SİSTEMLERİ VE TEKNOLOJİLERİ LİMİTED ŞİRKETİ,1,1,False,-1,custom_software_web_mobile,1.0
firm,TEKNOLED TEKNOLOJİ SANAYİ VE TİCARET LİMİTED ŞİRKETİ,1,1,True,3,network_datacentre_infrastructure,1.0
firm,TEKNOMAK2000 ELEKTRONİK OFİS MALZ.SAN.VE TİC.LTD.ŞTİ,3,7,True,13,custom_software_web_mobile,2.0
firm,TEKNOMAK2000 ELEKTRONİK OFİS MALZEMELERİ İNŞAAT TAAHHÜT SANAYİ VE TİCARET LİMİTED ŞİRKETİ,1,1,False,-1,custom_software_web_mobile,1.0
firm,TEKNOMAKER BİLİŞİM VE EĞİTİM HİZMETLERİ SANAYİ TİCARET LİMİTED ŞİRKETİ,1,1,True,20,education_technology,1.0
firm,TEKNOMART İLETİŞİM VE YAZILIM HİZMETLERİ ANONİM ŞİRKETİ,2,4,True,4,custom_software_web_mobile,3.0
firm,TEKNOMAT İNŞ.TEKNOLO Jİ BİLG.HİZM.SAN VE TİC.LTD.ŞTİ.,2,2,True,0,computers_peripherals,2.0
firm,TEKNOMED BİLİŞ TEK SAĞ VE MED HİZM SANATİC LTD ŞTİ.,2,2,True,20,computers_peripherals,1.0
firm,TEKNOPOLİTEN KURUMSAL BİLGİ TEKNOLOJİLERİ ELEKT.OTOM.EML.DAN.SAN. VE TİC.LTD.ŞTİ.,1,1,True,3,custom_software_web_mobile,1.0
firm,TEKNOPORTSOFT ARGE YAZILIM BİLİŞİM VE DANIŞMANLIK HİZMETLERİ SANAYİ TİCARET LİMİTED ŞİRKETİ,1,1,True,11,custom_software_web_mobile,1.0
firm,TEKNORİTMA YAZILIM HİZMETLERİ ANONİM ŞİRKETİ,19,49,True,1,health_information_systems,1.0
firm,TEKNOSER BİLGİSAYARTEKNİK HİZM.SAN.VE DIŞ TİC.A.Ş.,36,66,True,2,software_licences,9.0
firm,TEKNOSİM GÜVENLİK SİSTEMLERİ MÜHENDİSLİK OTOMASYON ELEKTRONİK EĞİTİM DANIŞMANLIK İNŞAAT SANAYİ VE TİCARET LİMİTED ŞİRKETİ.,1,1,False,-1,physical_security_surveillance,1.0
firm,TEKNOTEK TEKNOLOJİ SANAYİ TİCARET LİMİTED ŞİRKETİ,3,3,True,24,computers_peripherals,3.0
firm,TEKNOTEL ENERJİ TELEKOMÜNİKASYON İNŞAAT SANAYİ VE TİCARET ANONİM ŞİRKETİ,1,1,True,10,physical_security_surveillance,1.0
firm,TEKNOVİZYON BİLİŞİM SİSTEMLERİ VE DIŞ TİCARET LİMİTED ŞİRKETİ,1,1,False,-1,computers_peripherals,1.0
firm,TEKNOWITH BİLİŞİM VE TİCARET LİMİTED ŞİRKETİ,1,1,True,5,computers_peripherals,1.0
firm,TEKNİK BİLGİ İŞLEM VE OTOMOSYON EĞİTİM TİCARET SANAYİ LİMİTED ŞİRKETİ,1,1,False,-1,ERP_management_software,1.0
firm,TEKNİK BİLİŞİM İNŞAAT KIRTASİYE MEDİKAL TAAHHÜT SANAYİ VE TİCARET LİMİTED ŞİRKETİ,1,1,False,-1,custom_software_web_mobile,1.0
firm,TEKNİK DESTEK GRUBU BİLM.ÖLÇ.ARAŞ.DAN.EĞ .TER.BİL.MÜH.MAK.LTD,1,1,False,-1,custom_software_web_mobile,1.0
firm,TEKNİK MÜHENDİSLİK H ARİTA İNŞAAT TİCARET VE SANAYİ LTD.ŞTİ.,1,1,True,3,GIS_city_information,1.0
firm,TEKNİKALPARK KOPYALAMA BASKI SİSTEMLERİ BİLGİSAYAR VE BÜRO MAKİNALARI KIRTASİYE DAYANIKLI TÜKETİM MALLARI İNŞAAT TAŞIMACILIK LİMİTED ŞİRKETİ,1,1,True,19,computers_peripherals,1.0
firm,TEKOBEL TEKNOLOJİ HİZM.İMAL.İTH.İHRASAN.TİC.LTD.ŞTİ.,4,15,True,40,smart_city_traffic_OT,3.0
firm,TEKOBİZ ELEKTRONİK VE TEKNİK SANAYİTİCARET LTD.ŞTİ.,4,5,True,23,physical_security_surveillance,3.0
firm,TEKOFARK GÖRÜNTÜLEME VE OFİS SİSTEMLERİ PAZARLAMA TİCARET LİMİTED ŞİRKETİ,1,1,False,-1,computers_peripherals,1.0
firm,TEKOFİS BÜRO MAKİNALARI PAZ.SAN.VE TİC.LTD.ŞTİ.,1,9,True,7,computers_peripherals,2.0
firm,TEKOLAB LABORATUAR SİSTEMLERİ VE MÜHENDİSLİK SANAYİ VE TİCARET LİMİTED ŞİRKETİ,1,1,False,-1,other_IT,1.0
firm,TEKSAM İLETİŞİM TİCARET VE SANAYİ LİMİTED ŞİRKETİ,1,1,True,0,network_datacentre_infrastructure,1.0
firm,TEKSOFT BİLİŞİM GIDA ORGANİZASYON SANAYİ VE TİCARET LİMİTED ŞİRKETİ,1,1,True,4,education_technology,1.0
firm,TEKTEM SOSYAL HİZ.TU RZ.İNŞ.GIDA SAN. VE TİC.LTD.ŞTİ.,1,1,True,8,other_IT,1.0
firm,TEKYAZ TEKNOLOJİK YAZILIMLAR VE MAKİNA TİC.A.Ş.,2,3,True,4,software_licences,2.0
firm,TELEMETRİK ELEKTRONİ K YAZILIM BİLGİS.SAN TİC.LTD.ŞTİ.,1,1,True,0,GIS_city_information,1.0
firm,TELESKOP YAZILIM TEKNOLOJİLERİ ANONİM ŞİRKETİ,2,2,True,11,software_licences,1.0
firm,TELPA ELEKTR ALARM H AB SİST İNŞ TUR TİC SAN LTD ŞTİ,1,1,True,31,health_information_systems,1.0
firm,TELSAN İLETİŞİM ELEKTRİK BİLİŞİM YAZILIM PERSONEL SERVİS VE TELEKOMÜNİKASYON HİZMETLERİ İNŞAAT TAAHHÜT TİCARET LİMİTED ŞİRKETİ,1,1,True,1,computers_peripherals,1.0
firm,TELİX ELEKTRONİK OTOMASYON SANAYİ VE TİCARET LİMİTED ŞİRKETİ,1,1,False,-1,maintenance_support_services,1.0
firm,TEMA SOFT GRUP BİLİŞİM TEKNOLOJİLERİ TİCARET LİMİTED ŞİRKETİ,1,2,True,9,education_technology,1.0
firm,TEMA TEKNİK MÜHENDİSLİK TAAHHÜT TİCARET LİMİTED ŞİRKETİ,1,1,False,-1,custom_software_web_mobile,1.0
firm,TEMAS BİLGİ VE GÖRSEL İLETİŞİM TEKNOLOJİLERİ LİMİTED ŞİRKETİ,1,1,True,2,computers_peripherals,1.0
firm,TEMPAR LOJİSTİK DESTEK HİZMETLERİ TEMİZLİK İNŞAAT SANAYİ VE TİCARET ANONİM ŞİRKETİ,1,1,True,7,other_IT,1.0
firm,TEMSU SONDAJ MÜHENDİSLİK MÜŞAVİRLİK İNŞAAT TAAHHÜT ZİRAAT TAŞIMACILIK TURİZM İTHALAT İHRACAT SANAYİ VE TİCARET LİMİTED ŞİRKETİ,2,3,True,10,smart_city_traffic_OT,1.0
firm,TEMİKAN BİLİŞİM GÜVENLİK SİSTEMLERİ İNŞAAT SANAYİ VE TİCARET LTD ŞTİ,1,1,True,13,computers_peripherals,1.0
firm,TEOGEN TEKNOLOJİ VE ENDÜSTRİYEL YAZILIM SİSTEMLERİ SANAYİ TİCARET LİMİTED ŞİRKETİ,1,1,True,0,custom_software_web_mobile,1.0
firm,TEOSOFT YAZILIM DONANIM BİLGİSAYAR EĞİTİM DANIŞMANLIK SANAYİ VE TİCARET LİMİTED ŞİRKETİ,3,5,True,21,GIS_city_information,4.0
firm,TERACİTY YAZILIM TEKNOLOJİLERİ SANAYİ VE TİCARET ANONİM ŞİRKETİ,7,11,True,6,ERP_management_software,3.0
firm,TERVELLİ ENDÜSTRİYEL ÜRÜNLER DIŞ TİCARET LİMİTED ŞİRKETİ,1,1,True,9,ERP_management_software,1.0
firm,TES BİLİŞİM HİZMETLERİ SANAYİ VE TİCARET LİMİTED ŞİRKETİ,1,1,True,4,ERP_management_software,1.0
firm,TESAN ELEKTRİK OTOMASYON TİCARET LİMİTED ŞİRKETİ,1,1,True,4,smart_city_traffic_OT,1.0
firm,TETO GAMES BİLİŞİM ELEKTRONİK SPOR ANONİM ŞİRKETİ,1,1,True,4,custom_software_web_mobile,1.0
firm,TETRA SANAYİ TİCARETLTD.ŞTİ.,1,1,False,-1,ERP_management_software,1.0
firm,TETRA SİBER GÜVENLİK DANIŞMANLIK ANONİM ŞİRKETİ,3,3,True,31,cybersecurity,1.0
firm,TEVAFUK YAYINLARI TANITIM VE REKLAM AJANSI TİCARET LİMİTED ŞİRKETİ,1,1,False,-1,education_technology,1.0
firm,TGAR BİLGİSAYAR ELEKTRONİK İLET.SİS.SAN.VE TİC.A.Ş.,10,10,True,25,computers_peripherals,3.0
firm,THALİA BİLİŞİM VE DANIŞMANLIK HİZMETLERİ LİMİTED ŞİRKETİ,1,1,True,3,ERP_management_software,1.0
firm,THSNET BİLİŞİM TEKNOLOJİ VE DANIŞMANLIK LİMİTED ŞİRKETİ,1,1,True,11,maintenance_support_services,1.0
firm,TIPNET BİLGİSAYAR VE YAZILIM HİZMETLERİ SANAYİ VE TİCARET LİMİTED ŞİRKETİ,1,1,True,15,health_information_systems,1.0
firm,TIPPLUS YAZILIM VE BİLİŞİM TEKNOLOJİLERİ ANONİM ŞİRKETİ,8,10,True,14,health_information_systems,1.0
firm,TM PLANLAMA PROJE MÜ ENDİSLİK DANIŞMANLIK İNŞ. VE Tİ. LTD. ŞTİ,1,1,False,-1,ERP_management_software,1.0
firm,TMAAS YAZILIM TEKNOLOJİLERİ SANAYİ VE TİCARET ANONİM ŞİRKETİ,1,1,True,21,network_datacentre_infrastructure,1.0
firm,TMARKA MULTİMEDYA GRAFİK İLETİŞİM BİLİŞİM DANIŞMANLIK VE REKLAM HİZMETLERİ LİMİTED ŞİRKETİ,2,2,True,25,custom_software_web_mobile,1.0
firm,TMY BİLİŞİM OTOMASYON VE GÜVENLİK SİSTEMLERİ SANAYİ TİCARET LİMİTED ŞİRKETİ,1,2,True,20,physical_security_surveillance,1.0
firm,TNETWORKS BİLİŞİM TEKNOLOJİLERİ ANONİM ŞİRKETİ,1,1,True,5,custom_software_web_mobile,1.0
firm,TOKAT YAPAR HARİTA MİM.MÜH.İNŞ.TAAH.SAN.TİC.LTD.ŞTİ.,1,1,True,33,computers_peripherals,1.0
firm,TONSES ELEKTRONİK SANAYİ VE TİCARET LİMİTED ŞİRKETİ,1,3,True,23,physical_security_surveillance,1.0
firm,TOPRAK TIBBİ ÜRÜNLER VETERİNER VE LABORATUVAR ÜRÜNLERİ SANAYİ TİCARET LİMİTED ŞİRKETİ,1,1,True,33,custom_software_web_mobile,1.0
firm,TOPRAKKALE AYAKKABI MAKİNA NAKLİYAT SANAYİ VE TİCARET LİMİTED ŞİRKETİ,1,1,False,-1,maintenance_support_services,1.0
firm,TOPSAKAL BİLGİ TEKNOLOJİLERİ EMLAK İNŞAAT TURİZM OTOMOTİV SANAYİ VE TİCARET LİMİTED ŞİRKETİ,2,2,True,6,computers_peripherals,2.0
firm,TOSHIBA TURKEY TIBBİ SİSTEMLER ANONİM ŞİRKETİ,1,1,True,0,custom_software_web_mobile,1.0
firm,TOYA YAZILIM DANIŞMANLIK BİLİŞİM HİZMETLERİ İNŞAAT TARIM HAYVANCILIK YENİLENEBİLİR ENERJİ SANAYİ TİCARET LİMİTED ŞİRKETİ,1,1,True,6,other_IT,1.0
firm,TOYİSTAN EĞLENCE VE OYUNCAK SANAYİ LİMİTED ŞİRKETİ,1,1,True,5,custom_software_web_mobile,1.0
firm,TRAMON MOBİL SİSTEMLER İLETİŞİM TURİZM MEDİKAL İNŞAAT SANAYİ TİCARET LİMİTED ŞİRKETİ,1,1,True,40,smart_city_traffic_OT,1.0
firm,TRANSTEK LOJİSTİK VE BİLİŞİM HİZMETLERİ LİMİTED ŞİRKETİ,1,1,False,-1,ERP_management_software,1.0
firm,TREND TEKNOLOJİ SİST EMLERİ İTH.İHR.L TD.ŞTİ.,1,1,True,0,computers_peripherals,1.0
firm,TREO BİLGİ TEKNOLOJİLERİ LTD.ŞTİ.,3,3,True,25,custom_software_web_mobile,2.0
firm,TREVİ TEKNOLOJİ BİLGİ İŞLEM DANIŞMANLIK İNTERNET HİZMETLERİ ELEKTRİK ELEKTRONİK SARF MALZEME TEKNİK SERVİS HİZMETLERİ İTHALAT İHRACAT SANAYİ VE TİCARET LİMİTED ŞİRKETİ,1,1,True,6,network_datacentre_infrastructure,1.0
firm,TRNETWORK BİLİŞİM DANIŞMANLIK VE DESTEK HİZMETLERİ SANAYİ VE TİCARET LİMİTED ŞİRKETİ,4,5,True,28,software_licences,4.0
firm,TROYA BİLİŞİM İNSAN KAYNAKLARI İNŞAAT OTOMOBİL İLAÇLAMA SANAYİ TİCARET LİMİTED ŞİRKETİ İ,1,1,True,25,custom_software_web_mobile,1.0
firm,TROİS YAZILIM VE MÜHENDİSLİK LİMİTED ŞİRKETİ,1,1,True,0,custom_software_web_mobile,1.0
firm,TRSİBER BİLİŞİM VE DANIŞMANLIK ANONİM ŞİRKETİ,1,1,False,-1,cybersecurity,1.0
firm,TRTEK TEKNOLOJİK ÜRÜNLER BİLGİSAYAR YAZILIM DONANIM SAN.VE TİC.LTD.ŞTİ.,59,148,True,10,health_information_systems,4.0
firm,"TRTEK TEKNOLOJİK ÜRÜNLER BİLGİSAYAR YAZILIM DONANIM SAN.VE TİC.LTD.ŞTİ., METASOFT BİLGİSAYAR BİLGİ İŞLEM HİZMETLERİ SANAYİ VE TİCARET LİMİTED ŞİRKETİ İş Ortaklığı",1,1,True,14,health_information_systems,1.0
firm,TRUST BİLGİ TEKNOLOJİLERİ ARGE TİCARET ANONİM ŞİRKETİ,1,1,True,3,cybersecurity,1.0
firm,TRUSTNET BİLGİ TEKNOLOJİLERİ LİMİTED ŞİRKETİ,3,3,True,9,software_licences,2.0
firm,TRUVA YEREL YÖNETİM YAZILIMLARI SANAYİ T İC.LTD.ŞTİ.,1,1,True,20,ERP_management_software,1.0
firm,TRİO ENTEGRASYON BİLİŞİM TEKNOLOJİLERİ TİCARET ANONİM ŞİRKETİ.,10,12,True,9,software_licences,5.0
firm,TS OTOMASYON BİLİŞİM ELEKTRİK SANAYİ VE TİCARET LİMİTED ŞİRKETİ,1,1,True,0,smart_city_traffic_OT,1.0
firm,TSM DANIŞMANLIK ORGANİZASYON VE PAZARLAMA A.Ş.,1,5,True,16,ERP_management_software,1.0
firm,TUGA TEKNOLOJİ BİLİŞİM VE DANIŞMANLIK HİZMETLERİ LTD. ŞTİ.,4,5,True,7,custom_software_web_mobile,3.0
firm,TULEN TEKNOLOJİ VE SAVUNMA LİMİTED ŞİRKETİ,3,3,False,-1,custom_software_web_mobile,2.0
firm,TUNA BİLGİ TEKNOLOJİLERİ SANAYİ VE TİCARET LİMİTED ŞİRKETİ,1,1,True,2,custom_software_web_mobile,1.0
firm,TUNÇ YAPI İNŞAAT KÖPRÜ OTOYOL BAKIM SİSTEMLERİ KİMYASAL MADDE PETROL TURİZM TAŞIMACILIK İHR.İTH.SAN.TİC.LTD.ŞTİ.,1,1,False,-1,ERP_management_software,1.0
firm,TURCASOFT YAZILIM SA N.VE TİC.LTD.ŞTİ,7,9,True,15,health_information_systems,2.0
firm,TURCOM İLETİŞİM SİST EMLERİ SANAYİ VE TİCARET A.Ş.,6,7,True,0,software_licences,4.0
firm,TURKCELL DİJİTAL İŞ SERVİSLERİ ANONİM ŞİRKETİ,4,4,True,0,ERP_management_software,3.0
firm,TURKCELL SATIŞ VE DİJİTAL İŞ SERVİSLERİ ANONİM ŞİRKETİ,2,2,True,8,custom_software_web_mobile,2.0
firm,TURKCELL İLETİŞİM HİZMETLERİ ANONİM ŞİRKETİ,1,1,False,-1,call_centre_helpdesk,1.0
firm,TURKGEN YAZILIM DANIŞMANLIK SANAYİ VE TİCARET ANONİM ŞİRKETİ,1,1,True,29,network_datacentre_infrastructure,1.0
firm,TURKNET İLETİŞİM HİZMETLERİ ANONİM ŞİRKETİ,1,2,True,0,network_datacentre_infrastructure,1.0
firm,TURKOSİS BİLGİ TEKNOLOJİLERİ LİMİTED ŞİRKETİ,1,1,True,29,ERP_management_software,1.0
firm,TURMAP BİLİŞİM TEKNO LOJİLERİ TİCARET LTD.ŞTİ.,6,6,True,9,ERP_management_software,2.0
firm,TURNA TEKNOLOJİ ANONİM ŞİRKETİ,1,1,False,-1,custom_software_web_mobile,1.0
firm,TUZCUOĞLU EVDEN EVE LOJİSTİK LİMİTED ŞİRKETİ,1,1,True,7,education_technology,1.0
firm,TWAIN BİLGİ TEKNOLOJİLERİ SANAYİ VE TİCARET ANONİM ŞİRKETİ,2,3,True,9,custom_software_web_mobile,3.0
firm,TWİN UP TEKNOLOJİ SANAYİ VE TİCARET LİMİTED ŞİRKETİ,1,1,True,11,education_technology,1.0
firm,TÜRK TELEKOMÜNİKASYAN ANONİM ŞİRKETİ,1,1,True,2,ERP_management_software,1.0
firm,TÜRK TELEKOMÜNİKASYON ANONİM ŞİRKETİ,25,32,True,27,network_datacentre_infrastructure,8.0
firm,TÜRKAY ET GIDA TEMİZLİK KÖMÜR TURİZM İNŞAAT PAZARLAMA SANAYİ VE TİCARET LİMİTED ŞİRKETİ,1,1,True,16,GIS_city_information,1.0
firm,TÜRKELİ SOSYAL HİZMETLER İNŞ.GID.TEMZ.VE TİC.LTD.ŞTİ.,1,1,True,12,maintenance_support_services,1.0
firm,TÜRKOM HABERLEŞME TE K.ELEK.ELEKT.PR.MÜ.İ N.SA.TİC.LTD.ŞTİ.,2,2,False,-1,call_centre_helpdesk,1.0
firm,TÜRKTRUST BİLGİ İLET İŞİM VE BİL.GÜV. HİZ.A.Ş.,2,2,True,0,maintenance_support_services,2.0
firm,TÜRKVAS YAZILIM PROJE YÖNETİMİ VE YAYINCILIK LİMİTED ŞİRKETİ,2,2,True,0,computers_peripherals,2.0
firm,TİGA BİLGİ TEKNOLOJİLERİ ANONİM ŞİRKETİ,3,3,True,0,ERP_management_software,3.0
firm,TİGA BİLİŞİMVE MEDYAHİZMETLERİ LTD ŞTİ,2,3,True,0,ERP_management_software,2.0
firm,UFUK BİLİM YAZILIM TEKNOLOJİ BİLİŞİM SANAYİ VE TİCARET ANONİM ŞİRKETİ,1,1,True,2,other_IT,1.0
firm,UFUK TUNÇ TEKNOLOJİ HABERLEŞME OTOMOTİV MEDİKAL TEKSTİL İNŞAAT TURİZM GIDA SANAYİ VE TİCARET LİMİTED ŞİRKETİ,1,1,True,23,physical_security_surveillance,1.0
firm,UI SOFT BİLİŞİM TEKNOLOJİLERİ SANAYİ VE TİCARET LİMİTED ŞİRKETİ,1,1,True,0,network_datacentre_infrastructure,1.0
firm,UITSEC TEKNOLOJİ ANONİM ŞİRKETİ,2,2,True,16,cybersecurity,1.0
firm,ULTRON BİLİŞİM ANONİM ŞİRKETİ,1,1,True,0,software_licences,1.0
firm,ULUSAL CAD VE GIS ÇÖZÜMLERİ MÜH.BİLG.EĞT.TİC.A.Ş.,32,34,True,20,GIS_city_information,5.0
firm,UMUT ÖZEL EĞİTİM SAĞHİZMETLERİ TİCVE SAN LTD ŞTİ,1,1,False,-1,GIS_city_information,1.0
firm,UNIKON BİLİŞİM ARAÇ KİRALAMA SANAYİ VE DIŞ TİCARET LİMİTED ŞİRKETİ.,1,1,True,1,software_licences,1.0
firm,UNIKON BİLİŞİM SANAYİ VE DIŞ TİCARET LİMİTED ŞİRKETİ.,1,1,True,1,ERP_management_software,1.0
firm,UNITEDWIT BİLİŞİM MÜHENDİSLİK DANIŞMANLIK İÇ VE DIŞ TİCARET SANAYİ LİMİTED ŞİRKETİ,2,2,True,5,cybersecurity,2.0
firm,UNITURK BİLİŞİM TEKNOLOJİLERİ LİMİTED ŞİRKETİ,3,3,True,7,ERP_management_software,3.0
firm,UNX TEKNOLOJİ BİLİŞİM EĞİTİM DANIŞMANLIK LİMİTED ŞİRKETİ,1,1,True,0,network_datacentre_infrastructure,1.0
firm,UNİCOM UNİVERSAL BİL GİSAYAR HİZ.TİC. LTD.ŞTİ.,4,5,True,2,ERP_management_software,1.0
firm,UNİCON KALİTE ENFORMASYON SİS.DANIŞMANLIK TAAHHÜT TİCARET LİMİTED ŞİRKETİ,1,1,True,0,network_datacentre_infrastructure,1.0
firm,UNİCORP BİLİŞİM HİZMETLERİ TİCARET LİMİTED ŞİRKETİ,1,2,True,25,network_datacentre_infrastructure,1.0
firm,UNİTY ORGANİZASYON YÖNETİMİ LİMİTED ŞİRKETİ,1,1,False,-1,custom_software_web_mobile,1.0
firm,UNİVERSAL YAZILIM ANONİM ŞİRKETİ,45,79,True,5,ERP_management_software,7.0
firm,URBAN HACKS BİLGİ TEKNOLOJİLERİ LİMİTED ŞİRKETİ,1,1,True,3,maintenance_support_services,1.0
firm,USANMAZ ENERJİ İNŞAAT BİLİŞİM MÜHENDİSLİK SANAYİ VE TİCARET LİMİTED ŞİRKETİ,1,1,True,39,computers_peripherals,1.0
firm,"USANMAZ ENERJİ İNŞAAT BİLİŞİM MÜHENDİSLİK SANAYİ VE TİCARET LİMİTED ŞİRKETİ, EMİTURK ELEKTRONİK SAN.VE TİC.LTD.ŞT İş Ortaklığı",1,1,False,-1,ERP_management_software,1.0
firm,USSAL YAZILIM TİCARET LİMİTED ŞİRKETİ,2,3,True,10,ERP_management_software,1.0
firm,USTA BİLGİ SİSTEMLERİ A.Ş.,1,1,False,-1,custom_software_web_mobile,1.0
firm,UTARİT BİLİŞİM HİZMETLERİ SANAYİ VE TİCARET A.Ş.,4,4,True,6,physical_security_surveillance,3.0
firm,UTE MÜHENDİSLİK MİMARLIK İNŞAAT SANAYİ VE TİCARET LİMİTED ŞİRKETİ,1,1,True,16,physical_security_surveillance,1.0
firm,UTM OTOMASYON SİSTEMLERİ SANAYİ VE TİCARET LİMİTED ŞİRKETİ,1,1,True,4,smart_city_traffic_OT,1.0
firm,UTİS GÜVENLİK SİSTEMLERİ TEKNOLOJİ YAZILIM VE DANIŞMANLIK ANONİM ŞİRKETİ,1,1,False,-1,software_licences,1.0
firm,UVMSYSTEMS TR BİLİŞİM TEKNOLOJİLERİ LİMİTED ŞİRKETİ,1,1,True,6,GIS_city_information,1.0
firm,UYUM ORMANCILIK ÇEVRE PROJE DANIŞMANLIK BİLİŞİM TURİZM SANAYİ VE TİCARET LİMİTED ŞİRKETİ,2,2,True,24,other_IT,1.0
firm,UYUMSOFT BİLGİ SİSTEMLERİ VE TEKNOLOJİLERİ TİCARET ANONİM ŞİRKETİ,5,12,True,3,maintenance_support_services,4.0
firm,UZAK YAZILIM VE BİLİŞİM SİSTEMLERİ TİC.LTD.ŞTİ.,1,1,False,-1,software_licences,1.0
firm,UZAY GÖK BİLİŞİM İNŞAAT LOJİSTİK OTOMOTİV PETROL LİMİTED ŞİRKETİ,1,1,False,-1,cybersecurity,1.0
firm,UZMAN BİLİŞİM DANIŞMANLIK ANONİM ŞİRKETİ,5,8,True,2,ERP_management_software,2.0
firm,UZUNLU HARİTA İNŞAATLİMİTED ŞİRKETİ,1,1,True,21,GIS_city_information,1.0
firm,UÇAR ELEKTRİK ELEKTRONİK SAN.VE TİC.LTD.ŞTİ.,1,2,True,25,cybersecurity,2.0
firm,UÇBEYİ SİBER GÜVENLİK VE BİLİŞİM SİSTEMLERİ ANONİM ŞİRKETİ,2,2,True,11,custom_software_web_mobile,2.0
firm,UĞUR BİLGİ TEKNOLOJİLERİ ENERJİ VE DANIŞ HİZ. SAN. TİC. A.Ş.,1,1,True,3,custom_software_web_mobile,1.0
firm,UĞUR HARİTA İNŞAAT MÜHENDİSLİK DIŞ TİC.LTD.ŞTİ.,1,1,False,-1,GIS_city_information,1.0
firm,V.E.B. BİLGİ İŞLEM OTOMASYON ÖZEL EĞİTİM HİZMETLERİ DANIŞMANLIK İNŞAAT YEMEKÇİLİK LOKANTA KAFETERYA GIDA TİCARET VE SANAYİ LİMİTED ŞİRKETİ,3,4,True,31,cybersecurity,3.0
firm,V.O.S.S. VARİNAK ONKOLOJİ SİSTEMLERİ SATIŞ VE SERVİS ANONİM ŞİRKETİ,1,1,False,-1,computers_peripherals,1.0
firm,V.R.P VERİ RAPORLAMAPROG.BİL.YAZ.VEDAN.HİZ.TİC.A.Ş,2,2,True,2,custom_software_web_mobile,2.0
firm,VADORA VERİ ARŞİV DÖ KÜMAN RAP.SİS.Bİ L.EĞ.YAZ.DN.T.L.,1,1,True,1,health_information_systems,1.0
firm,VADORA YAZILIM BİLİŞİM EĞİTİM DANIŞMANLIK TİCARET A.Ş.,12,15,True,1,health_information_systems,1.0
firm,VADİ KURUMSAL BİLGİSİSTEMLERİ LTD.ŞTİ.,15,45,True,3,GIS_city_information,6.0
firm,VAKIF GLOBAL BİLİŞİM VE TEKNOLOJİ SANAYİ TİCARET LİMİTED ŞİRKETİ,1,1,True,33,custom_software_web_mobile,1.0
firm,VAKIF GLOBAL TUR ULUSLARARASI TURİZM SANAYİ VE TİCARET LİMİTED ŞİRKETİ,1,1,False,-1,call_centre_helpdesk,1.0
firm,VALİN BİLGİ TEKNOLOJİLERİ VE İLETİŞİM DANIŞMANLIK SANAYİ VE TİCARET LİMİTED ŞİRKETİ,1,1,True,0,cybersecurity,1.0
firm,VAS CX DENEYİM İŞ GELİŞTİRME LİMİTED ŞİRKETİ,2,3,True,0,computers_peripherals,3.0
firm,VAŞA TURİZM TEM.İNŞ.TAAH.MED.BİLG.SAN.VE TİC.LTD.ŞTİ,1,1,True,9,ERP_management_software,1.0
firm,VBT BİLGİ TEKNOLOJİLERİ ANONİM ŞİRKETİ,7,21,True,27,maintenance_support_services,7.0
firm,VBT YAZILIM ANONİM ŞİRKETİ,1,1,True,27,software_licences,1.0
firm,VDITURK BİLİŞİM TEKNOLOJİLERİ TİCARET ANONİM ŞİRKETİ,1,4,True,3,network_datacentre_infrastructure,1.0
firm,VEKTORA BİLİŞİM TEKNOLOJİLERİ A.Ş.,2,2,True,33,ERP_management_software,1.0
firm,VEKTRA BİLGİ İŞLEM BİL.KUR.ELK.REK.MATBAEĞİ.SAN TİC.LTD.ŞTİ,2,2,True,9,computers_peripherals,2.0
firm,VELORA TEKNOLOJİ VE BİLİŞİM LİMİTED ŞİRKETİ,1,1,True,3,physical_security_surveillance,1.0
firm,VENDEKA BİLGİ TEKNOLOJİLERİ TİCARET LTD.ŞTİ.,3,3,True,0,custom_software_web_mobile,3.0
firm,VENDROPS TEKNOLOJİ ANONİM ŞİRKETİ,1,2,True,5,custom_software_web_mobile,2.0
firm,VENERO BİLİŞİM SAN. VE TİCARET LİMİT ED ŞİRKETİ.,1,1,True,0,software_licences,1.0
firm,VENGO BİLGİSAYAR İLETİŞİM TEKNOLOJİLERİ MEDİKAL ÜRNLER SANAYİ VE TİCARET LİMİTED ŞİRKETİ,1,1,True,18,computers_peripherals,1.0
firm,VENHANCER BİLİŞİM VE DANIŞMANLIK HİZMETLERİ SANAYİ TİCARET ANONİM ŞİRKETİ,1,1,True,25,custom_software_web_mobile,1.0
firm,VENTURA YAZILIM ANONİM ŞİRKETİ,45,104,True,1,health_information_systems,3.0
firm,VERİ KORUMA YAZILIM İLETİŞİM HİZMETLERİ SANAYİ TİCARET LİMİTED ŞİRKETİ,1,1,True,0,ERP_management_software,1.0
firm,VERİ KURTARMA HİZMETLERİ TİC LTD ŞTİ,3,6,True,0,maintenance_support_services,3.0
firm,VERİ SECURITY BİLİŞİM VE DANIŞMANLIK HİZMETLERİ ANONİM ŞİRKETİ,1,1,True,37,ERP_management_software,1.0
firm,VERİ YAZILIM PROJE DANIŞMANLIK HİZMETLERİ SANAYİ VE TİCARET ANONİM ŞİRKETİ,1,3,False,-1,ERP_management_software,1.0
firm,VERİ-SİS VERİ VE İLETİŞİM SİST.SAN.VE TİC.A.Ş.,1,2,True,0,ERP_management_software,2.0
firm,VERİDATA BİLGİ TEKNOLOJİLERİ LİMİTED ŞİRKETİ,4,12,True,10,software_licences,4.0
firm,VERİFONE ELEKTRONİK VE DANIŞMANLIK LTD ŞTİ,1,1,True,0,custom_software_web_mobile,1.0
firm,VERİFY VERİ İLETİŞİM İ.VE ENFORMASYON TEK.LTD.ŞTİ.,6,6,True,3,network_datacentre_infrastructure,3.0
firm,VERİFY VERİ İLETİŞİMİ VE ENFORMASYON TEKNOLOJİSİ LİMİTED ŞİRKETİ,1,1,True,9,cybersecurity,1.0
firm,VERİGO TEKNOLOJİ VE İNŞAAT TİCARET LİMİTED ŞİRKETİ,1,1,True,0,custom_software_web_mobile,1.0
firm,VERİM HARİTA MÜHENDİSLİK PLANLAMA.İNŞAAT SANAYİ VE TİCARET LİMİTED ŞİRKETİ,1,1,True,13,GIS_city_information,1.0
firm,VERİSUN BİLİŞİM VE DANIŞMANLIK SANAYİ VE TİCARET LİMİTED ŞİRKETİ,2,2,True,4,custom_software_web_mobile,2.0
firm,VERİTİM VERİ İLETİŞİMİ TELEKOM.BİLG.TEK.SAN.T.LTD.ŞT,1,1,True,5,custom_software_web_mobile,1.0
firm,VESPRİME TURİZM ORGANİZASYON VE DANIŞMANLIK HİZMETLERİ LİMİTED ŞİRKETİ,1,1,True,4,custom_software_web_mobile,1.0
firm,VETA BİLGİSAYAR VE YAZILIM HİZMETLERİ SANAYİ VE TİCARET LİMİTED ŞİRKETİ,11,11,True,38,health_information_systems,1.0
firm,VEYSEL MÜTEAHİTLİK YEMEKÇİLİK TEMİZLİK NAKLİYAT TURİZM OTOMOTİV TEKSTİL GIDA İNŞAAT ELEKTRİK BİLGİSAYAR HAYVAN SU ÜRÜNLERİ MEDİKAL SANAYİ VE TİCARET LİMİTED ŞİRKETİ,2,2,True,12,health_information_systems,2.0
firm,VK BİLGİ TEKNOLOJİLERİ ANONİM ŞİRKETİ,3,4,True,2,cybersecurity,3.0
firm,VNV DİJİTAL ETKİNLİK AJANSI SANAYİ VE TİCARET LİMİTED ŞİRKETİ,1,1,False,-1,custom_software_web_mobile,1.0
firm,VODAFONE NET İLETİŞİM HİZMETLERİ ANONİM ŞİRKETİ,10,11,True,4,software_licences,3.0
firm,VODAFONE TELEKOMÜNİKASYON A.Ş,1,1,True,8,custom_software_web_mobile,1.0
firm,VOLARİSTECH BİLİŞİM TEKNOLOJİLERİ ELEKTRONİK OTOMASYON SİSTEMLERİ YAZILIM MEKANİK TİCARET LİMİTED ŞİRKETİ,1,1,True,0,education_technology,1.0
firm,VOLOMAPS SİSTEM MÜHENDİSLİĞİ İNŞAAT PAZARLAMA SANAYİ VE TİCARET LİMİTED ŞİRKETİ,1,1,True,6,custom_software_web_mobile,1.0
firm,VRLAB ACADEMY YAZILIM ANONİM ŞİRKETİ,1,1,True,3,custom_software_web_mobile,1.0
firm,VTC ENERJİ ANONİM ŞİRKETİ,1,1,True,4,custom_software_web_mobile,1.0
firm,VURAL YAZ. BİLGİ.DAY TÜK.MAL.TEM.VE İLET. SAN. TİC. LTD. ŞTİ.,1,1,False,-1,computers_peripherals,1.0
firm,VİA BİLGİSAYAR SİSTEMLERİ LİMİTED ŞİRKETİ,2,2,True,2,maintenance_support_services,2.0
firm,VİA DİJİTAL TEKNOLOJİLERİ ARAŞTIRMA GELİŞTİRME YAZILIM MÜHENDİSLİK İLETİŞİM DANIŞMANLIK SANAYI VE TİCARET LİMİTED.ŞİRKETİ,2,2,True,0,software_licences,1.0
firm,VİA GRUP EĞİTİM DANIŞMANLIK ORGANİZASYON TURZM VE YAYINCILIK LTD ŞTİ.,2,3,True,37,ERP_management_software,1.0
firm,VİA İNSAN KAYNAKLARI HİZMETLERİ VE LİMİTED ŞİRKETİ,1,1,True,0,network_datacentre_infrastructure,1.0
firm,VİAVİZYON LED TEKNOLOJİLERİ TRAFİK YÖNETİM SİSTEMLERİ SANAYİ VE TİCARET LİMİTED ŞİRKETİ,1,1,True,9,physical_security_surveillance,1.0
firm,VİGOR KÜLTÜR SANAT DANIŞMANLIK AJANSI ANONİM ŞİRKETİ,1,1,True,25,other_IT,1.0
firm,VİGİ GRUP TEKSTİL İNŞAAT MEDİKAL MALZEME SANAYİ VE TİCARET LİMİTED ŞİRKETİ,1,1,False,-1,custom_software_web_mobile,1.0
firm,VİP BİLGİ İŞL.OTOMAS YON TİC.SAN.LTD. ŞTİ.,1,1,False,-1,ERP_management_software,1.0
firm,VİRÜS BİLGİSAYAR ELEKT.ELEKTRONİK İLETİ.SAN.TİC.LTD.,3,3,True,19,custom_software_web_mobile,2.0
firm,VİS TEKNOLOJİ VE BİLİŞİM HİZMETLERİ SANAYİ TİC.LTD.ŞTİ.,1,1,True,0,ERP_management_software,1.0
firm,VİSİOSOFT TEKNOLOJİ ANONİM ŞİRKETİ,1,1,True,3,maintenance_support_services,1.0
firm,VİSİOSOFT YAZILIM SANAYİ VE TİCARET LİMİTED ŞİRKETİ,1,1,True,3,custom_software_web_mobile,1.0
firm,VİTAMİN YAZILIM BİLİ HİZ.TAAH.EĞİT.SAĞLIK SAN.TİC.LTD.ŞTİ.,1,1,True,1,health_information_systems,1.0
firm,VİTAMİN YAZILIM BİLİŞİM HİZMETLERİ TAAHHÜT EĞİTİM SAĞLIK SANAYİ TİCARET LİMİTED ŞİRKETİ,2,2,True,34,health_information_systems,1.0
firm,VİZYON ELEKTRONİK BİLŞ.SİS.VE DANŞ.SAN.TİC.LTD.ŞTİ.,2,2,True,12,ERP_management_software,2.0
firm,VİZYONEKS BİLGİ TEKNOLOJİLERİ ANONİM ŞİRKETİ,2,2,True,9,maintenance_support_services,2.0
firm,VİZYONER BİLİŞİMVE YÖNETİM DANIŞ LTD ŞTİ,1,1,True,25,ERP_management_software,1.0
firm,WABP REKLAMCILIK MATBAA YAZILIM ORGANİZASYON DANIŞMANLIK VE TİCARET LİMİTED ŞİRKETİ,1,1,False,-1,custom_software_web_mobile,1.0
firm,WALNUT LAB TEKNOLOJİ VE DİJİTAL ÇÖZÜMLER ANONİM ŞİRKETİ,1,1,True,0,maintenance_support_services,1.0
firm,WDR BİLGİ TEKNOLOJİLERİ VE SAVUNMA SANAYİ TİCARET LİMİTED ŞİRKETİ,1,1,True,0,physical_security_surveillance,1.0
firm,WHİ MEDYA REKLAM DANIŞMANLIK BİLİŞİM LİMİTED ŞİRKETİ,1,1,False,-1,custom_software_web_mobile,1.0
firm,WID TİCARET VE SANAYİ ANONİM ŞİRKETİ,1,1,True,1,health_information_systems,1.0
firm,WID TİCARET VE SANAYİ LİMİTED ŞİRKETİ,1,1,False,-1,maintenance_support_services,1.0
firm,WIMS TEKNOLOJİ LİMİTED ŞİRKETİ,2,2,False,-1,ERP_management_software,2.0
firm,WORKCUBE E-İŞ SİSTEM LERİ SAN.VE TİC. ANONİM ŞİRKETİ,1,1,False,-1,ERP_management_software,1.0
firm,WOTECH BİLGİ TEKNOLOJİLERİ VE DANIŞMANLIK HİZMETLERİ LİMİTED ŞİRKETİ,1,1,True,4,maintenance_support_services,1.0
firm,WTECHIN YAZILIM BİLİŞİM VE DANIŞMANLIK ANONİM ŞİRKETİ,1,1,False,-1,smart_city_traffic_OT,1.0
firm,XLOOP BİLİŞİM TEKNOLOJİLERİ SANAYİ VE TİCARET LİMİTED ŞİRKETİ,2,3,True,16,custom_software_web_mobile,2.0
firm,Y.D YAZILIM EĞİTİM DANIŞMANLIK VE BİLGİ SİST.TİC.LTD.ŞTİ,5,8,True,21,ERP_management_software,3.0
firm,YAHYA KAPTAN MÜHENDİSLİK SANAYİ TİCARET LİMİTED ŞİRKETİ,1,1,False,-1,other_IT,1.0
firm,YAKO BİLGİSAYAR GÜVENLİK SİSTEMLERİ ELEKTRİK VE DAYANIKLI TÜKETİM MALLARI İTHALAT VE İHRACAT SANAYİ TİCARET LİMİTED ŞİRKETİ,1,1,True,32,physical_security_surveillance,1.0
firm,YAKO BİLGİSAYAR SANAYİ VE TİCARET LİMİTED ŞİRKETİ,1,3,True,10,education_technology,1.0
firm,YALÇINLAR ELEKTRONİK SANAYİ VE TİC.LT D.ŞTİ.,4,4,True,0,ERP_management_software,2.0
firm,YANKI AKADEMİ YÖNETİM VE İŞ ÇÖZÜMLERİ TİCARET LİMİTED ŞİRKETİ,1,1,False,-1,custom_software_web_mobile,1.0
firm,YAPAŞ ZÜCCACİYE TİC. VE SAN.LTD.ŞTİ,1,1,False,-1,other_IT,1.0
firm,YAPI BİLGİSAYAR MİM. MÜH.İNŞ.TAAH.TUR SAN.VE TİC.LTD.Ş,1,1,True,2,software_licences,1.0
firm,YAPITEK TEKNOLOJİ VE YAPI ANONİM ŞİRKETİ,1,1,False,-1,other_IT,1.0
firm,YATEM BİLİŞİM VE TEK NOLOJİ SİST.LTD. ŞTİ.,1,1,True,2,maintenance_support_services,1.0
firm,YAZ BİLGİ SİSTEMLERİVE TİC.A.Ş.,1,1,True,0,software_licences,1.0
firm,YAZILIM 3D BİLGİSAYAR TEKNOLOJİLERİ SANAYİ VE TİCARET ANONİM ŞİRKETİ,6,18,True,10,software_licences,3.0
firm,YAZMER BİLGİSAYAR YAZILIM DONANIM DANIŞMANLIK SANAYİ VE TİCARET LİMİTED ŞİRKETİ,1,1,True,6,GIS_city_information,1.0
firm,YAŞAM ELEKTRONİK SAYAÇ TEKNOLOJİLERİ ÇEVRE MAKİNA İNŞAAT MÜHENDİSLİK BİLİŞİM REKLAM VE YAYINCILIK SANAYİ VE TİCARET ANONİM ŞİRKETİ,1,1,True,5,ERP_management_software,1.0
firm,YAŞAROĞULLARI DAYANIKLI TÜKETİM MALLARI OTOMOTİV İNŞAAT TURİZM İLETİŞİM SANAYİ VE TİCARET LİMİTED ŞİRKETİ,1,1,True,29,physical_security_surveillance,1.0
firm,YD YAZILIM VE TEKNOLOJİ ANONİM ŞİRKETİ,2,2,True,0,ERP_management_software,2.0
firm,YDK BİLİŞİM REKLAM İNŞAAT SANAYİ VE TİCARET LİMİTED ŞİRKETİ,1,1,True,0,network_datacentre_infrastructure,1.0
firm,YE-PA YENİMAHALLE GIYAY.TEM.ÇE.DÜZ.İNŞ.TUR.SAN.TİC.LTD.ŞTİ.,1,1,True,16,smart_city_traffic_OT,1.0
firm,YEDİDENİZ DIŞ TİCARET VE DANIŞMANLIK LİMİTED ŞİRKETİ,1,1,False,-1,education_technology,1.0
firm,YEDİTEPE ANKARA ÇAĞRI HİZMETLERİ SOSYAL EĞİTİM HİZMETLERİ İNŞAAT TEMİZLİK OTO KİRALAMA PETROL SANAYİ VE TİCARET LTD.ŞTİ.,1,1,False,-1,maintenance_support_services,1.0
firm,YEDİTEPE ARŞİV KÜLTÜR SANAT VE YAZILIM HİZMETLERİ SANAYİ VE TİCARET LTD.ŞTİ,1,1,True,3,ERP_management_software,1.0
firm,YEDİYİRMİDÖRT BİLİŞİM ENERJİ İNŞAAT ELEKTRİK MÜHENDİSLİK SANAYİ VE TİCARET LİMİTED ŞİRKETİ,1,1,True,39,computers_peripherals,1.0
firm,YENTEK MODEL TASARIM MÜHENDİSLİK TURİZM LİMİTED ŞİRKETİ,1,1,True,28,custom_software_web_mobile,1.0
firm,YENİ ANADOLU BİLGİSA EML GIDA MAD TEM İNŞ MALZ TİC SAN LTD ŞTİ,1,1,True,25,computers_peripherals,1.0
firm,YENİ NESİL SAĞLIK TURİZM OTOMOTİV İNŞAAT SOSYAL HİZMETLER GIDA SANAYİ VE TİCARET A.Ş.,1,2,True,0,other_IT,1.0
firm,YENİTEKNOLOJİ BİLİŞİM HİZMETLERİ SANAYİ VE TİCARET LİMİTED ŞİRKETİ.,1,1,True,3,network_datacentre_infrastructure,1.0
firm,YEO TEKNOLOJİ ENERJİ VE ENDÜSTRİ A.Ş,1,1,True,5,smart_city_traffic_OT,1.0
firm,YERSİS ANALİZ MODELLEME EĞİTİM DANIŞMANLIK HİZMETLERİ SANAYİ VE TİCARET LİMİTED ŞİRKETİ,1,1,True,0,GIS_city_information,1.0
firm,YES BİLİŞİM TEKNOLOJİLERİ YAZILIM DANIŞMANLIK SANAYİ VE TİCARET ANONİM ŞİRKETİ,2,2,True,3,computers_peripherals,1.0
firm,YES DONANIM YAZILIM VE BİLİŞİM TEKNOLOJİLERİ TİCARET LİMİTED ŞİRKETİ,1,1,False,-1,education_technology,1.0
firm,YILDIRIM BİLGİSAYAR VE KURS HİZMETLERİ PAZARLAMA VE DIŞ TİCARET LİMİTED ŞİRKETİ,2,2,False,-1,computers_peripherals,1.0
firm,YILDIRIM MEDYA YAZILIM TEKNOLOJİLERİ RESTORASYON İNŞAAT TURİZM SANAYİ VETİCARET LİMİTED ŞİRKETİ.,3,3,True,5,ERP_management_software,2.0
firm,YILDIZ TEKNOLOJİ TRANSFER OFİSİ ANONİM ŞİRKETİ,1,2,True,1,health_information_systems,1.0
firm,"YILDIZEFE BİLGİSAYARYEMEK SAN.TEM.TAAH.VE TİC.LTD.ŞT, AL.KEN TEM.BİLG.İNŞATURİZM.OTO KİRALA.SAN.TİC.LTD.ŞTİ. Ortak Girişimi",1,1,True,29,maintenance_support_services,1.0
firm,YILMAZ ELEKTRİK OTOMASYON MAK.İNŞ.SAN.VE TİC.A.Ş,1,2,True,10,smart_city_traffic_OT,1.0
firm,YILMAZ ORMANCILIK MÜHENDİSLİK DANIŞMANLIK TEMİZLİK GIDA İNŞAAT TURİZM VE TİCARET LİMİTED ŞİRKETİ,1,1,False,-1,other_IT,1.0
firm,YONCA BİLİŞİM TEKNOLOJİLERİ LTD.ŞTİ.,6,12,True,10,ERP_management_software,4.0
firm,YONCA TEKNOLOJİ MÜHENDİSLİK VE ELEKTRONİK HİZ.LTD.ŞT,1,2,True,35,maintenance_support_services,1.0
firm,YORDAM BİLGİ TEKNOLO Jİ DAN.EĞ.ELEKT. SİS.SAN.TİC.LTD.,1,1,True,4,ERP_management_software,1.0
firm,YORDAM BİLGİ TEKNOLOJİ DANIŞMANLIK EĞİTİM VE ELEKTRONİK SİSTEMLERİ SANAYİ TİCARET LİMİTED ŞİRKETİ,2,3,True,11,education_technology,2.0
firm,YORDAM BİLİŞİM TEKNOLOJİ DANIŞMANLIK EĞİTİM VE ELEKTRONİK SİSTEMLERİ SANAYİ TİCARET ANONİM ŞİRKETİ,6,6,True,3,education_technology,2.0
firm,YUCHISOFT BİLİŞİM SİSTEM VE ÇÖZÜMLERİ SANAYİ VE TİCARET LİMİTED ŞİRKETİ,1,1,True,22,education_technology,1.0
firm,YUNTAŞ BETON ELEMANLARI ASFALT İNŞAAT SANAYİ VE TİCARET ANONİM ŞİRKETİ,1,2,True,5,computers_peripherals,2.0
firm,YUNTAŞ TAAHHÜT İNŞAAT SANAYİ VE TİCARET ANONİM ŞİRKETİ,1,2,True,5,computers_peripherals,2.0
firm,YURTOFİS TEKNOLOJİLERİ MOBİLYA MEDİKAL MADENCİLİK GIDA SANAYİ TİCARET LİMİTED ŞİRKETİ,1,1,False,-1,cybersecurity,1.0
firm,YUVALI BÜRO MAKİNA SİST.SAN.TİC.PAZ.VE OTO KİRALAMA LTD.ŞTİ.,1,1,True,28,software_licences,1.0
firm,YUVAM BİLİŞİM TEKNOL OJİLERİ SAN TİC.A.Ş.,2,2,True,28,ERP_management_software,2.0
firm,YÖNETİM EĞİTİM VE KÜLTÜR DERNEĞİ İKTİSADİ İŞLETMESİ,1,1,True,13,ERP_management_software,1.0
firm,YÖNEYLEM SOSYAL ARAŞTIRMALAR MERKEZİ LİMİTED ŞİRKETİ,1,1,False,-1,other_IT,1.0
firm,YÖNSİS BİLGİSAYAR SİSTEMLERİ SANAYİVE TİCARET A.Ş.,13,18,True,7,software_licences,4.0
firm,YÖNTEM BİLGİ TEKNOLOJİLERİ ANONİM ŞİRKETİ,3,5,True,0,ERP_management_software,2.0
firm,YÖNTEM FİLO YÖNETİMİ ARAÇ İZLEME SİSTEMLERİ İLETİŞİM BİLGİSAYAR SANAYİ VE TİCARET ANONİM ŞİRKETİ,1,1,True,0,smart_city_traffic_OT,1.0
firm,YÖNTEM TEKNOLOJİ VE ENDÜSTRİ ÜRÜNLER İ SAN.TİC.LTD.ŞT,3,3,False,-1,ERP_management_software,3.0
firm,YÜKSEL DOMANİÇ MÜH.LTD.ŞTİ.,1,1,True,0,ERP_management_software,1.0
firm,YÜKSEL PROJE ULUSLARARASI ANONİM ŞİRKETİ,1,1,True,0,ERP_management_software,1.0
firm,ZAFER BÜRO MAKİNALARI SANAYİ VE TİCARET LTD.ŞTİ.,3,3,True,10,computers_peripherals,3.0
firm,ZAL YAPIMCILIK PRODÜKSİYON ORGANİZASYON TİCARET LİMİTED ŞİRKETİ,1,1,False,-1,computers_peripherals,1.0
firm,ZALOĞLU TUR.İNŞ.TEM. BİL.SS.OTMS MED. GD.PZ.SA.Tİ.LT.Ş,1,1,True,36,health_information_systems,1.0
firm,ZASİS ELEKTRİK ELEKTRONİK YAZILIM SANAYİ VE TİCARET LİMİTED ŞİRKETİ,1,1,False,-1,network_datacentre_infrastructure,1.0
firm,ZDS İNŞAAT TAAHHÜT VE TİCARET LİMİTED ŞİRKETİ,1,1,False,-1,cybersecurity,1.0
firm,ZEG TEKNOLOJİ BİLİŞİM SİSTEMLERİ YAZILIM DONANIM DANIŞMANLIK HİZMETLERİ ANONİM ŞİRKETİ,5,5,True,35,ERP_management_software,4.0
firm,ZEKASOFT YAZILIM TİCARET ANONİM ŞİRKETİ,1,1,False,-1,education_technology,1.0
firm,ZEMİN BİLGİSAYAR YAZ ILIM TAN.İLET.ME D.ELK.İN.SA.Tİ.L,1,1,True,20,computers_peripherals,1.0
firm,ZEMİN BİLGİSAYAR YAZILIM TANITIM İLETİŞİM MEDİKAL ELEKTRONİK İNŞAAT SANAYİ VE TİCARET LİMİTED ŞİRKETİ,1,1,True,22,computers_peripherals,1.0
firm,ZENİ SOSYAL HİZMETLER BİLGİSAYAR TAŞIMACILIK TEMİZLİK OTOMOTİV SANAYİ TİCARET LİMİTED ŞİRKETİ.,3,3,True,30,other_IT,2.0
firm,"ZENİ SOSYAL HİZMETLER BİLGİSAYAR TAŞIMACILIK TEMİZLİK OTOMOTİV SANAYİ TİCARET LİMİTED ŞİRKETİ., ARÇAM TEMİZLİK MEDİKAL GIDA İNŞAAT TURİZM BİLGİSAYAR KRTASİYE SANAYİ TİCARAT LİMİTED ŞİRKETİ Ortak Girişimi",1,1,True,2,other_IT,1.0
firm,ZERODAY BİLGİ TEKNOLOJİLERİ SANAYİ VE TİCARET ANONİM ŞİRKETİ,1,1,True,6,network_datacentre_infrastructure,1.0
firm,ZXCORE BİLGİ TEKNOLOJİLERİ ANONİM ŞİRKETİ,1,1,False,-1,cybersecurity,1.0
firm,ZİRVE 7 DANIŞMANLIK EĞİTİM DENETİM ORGANİZESYON LOJİSTİK İNŞAAT VE TİCARET LİMİTED ŞİRKETİ,1,1,True,19,smart_city_traffic_OT,1.0
firm,ZİRVE ELEKTROMEKANİK İNŞAAT TAAHHÜT SANAYİ VE TİCARET LİMİTED ŞİRKETİ,1,1,True,0,network_datacentre_infrastructure,1.0
firm,ZİRVE TRAFİK İNŞAAT SANAYİ VE TİCARET ANONİM ŞİRKETİ,1,1,True,16,smart_city_traffic_OT,1.0
firm,ZİRVEDEKİ BEYİNLER BİLİŞİM EĞİTİM ÖĞRETİM HİZMETLERİ İNŞAAT TURİZM BASIM YAYIN DAĞITIM SANAYİ VE TİCARET LİMİTED ŞİRKETİ,3,6,True,0,ERP_management_software,3.0
firm,ÇANKAYA GROUP AKILLI BİNA TEKNOLOJİLERİ TİCARET LİMİTED ŞİRKETİ,1,1,False,-1,maintenance_support_services,1.0
firm,ÇANKAYA GROUP GÜVENLİK SİSTEMLERİ TİCARET LİMİTED ŞİRKETİ,1,1,True,6,physical_security_surveillance,1.0
firm,ÇANKAYA İMAR PROJE İNŞAAT MADEN BELDE GEREKSİNMELERİ SANAYİ VE TİCARET ANONİM ŞİRKETİ.,1,1,True,0,maintenance_support_services,1.0
firm,ÇAĞDAŞ BİLGİSAYAR ÖZ L EĞT.HİZ.İL.İNŞ MAD.PET.LTD.,2,2,False,-1,health_information_systems,1.0
firm,ÇAĞDAŞ DIŞ TİCARET A.Ş.,1,1,False,-1,computers_peripherals,1.0
firm,ÇAĞDAŞ MÜTEAHHİTLİK VE İNŞAAT TEMİZLİK TAAHHÜT HİZMETLERİ GIDA SANAYİ TİCARET LİMİTED ŞİRKETİ,2,2,True,12,health_information_systems,1.0
firm,ÇAĞRI NAK.TAA.TUR.TE K.GÜV.SİS.VE TEM HİZ.TİC.SN.LTD.Ş,1,1,True,22,health_information_systems,1.0
firm,ÇEKİNO BİLGİ TEKNOLOJİLERİ ANONİM ŞİRKETİ,4,4,True,4,custom_software_web_mobile,4.0
firm,"ÇEKİNO BİLGİ TEKNOLOJİLERİ ANONİM ŞİRKETİ, BİMTAŞ BOĞAZİÇİ PEYZAJ İNŞAAT MÜŞAVİRLİK TEKNİK HİZMETLER SANAYİ TİCARET ANONİM ŞİRKETİ İş Ortaklığı",1,1,True,4,custom_software_web_mobile,1.0
firm,ÇEKİNO SAVUNMA ELEKTRONİK VE BİLİŞİM ANONİM ŞİRKETİ,4,4,True,0,network_datacentre_infrastructure,2.0
firm,ÇELİKLER İNŞAAT NAKLİYAT GIDA TEMİZLİK SANAYİ VE.TİC.LTD.ŞTİ,1,1,False,-1,health_information_systems,1.0
firm,ÇEVRE KATI ATIK YÖNETİMİ PEYZAJ İNŞAAT OTOMASYON TEMİZLİK HİZMETLERİ TAAHÜT SANAYİ VE TİCARET LİMİTED ŞİRKETİ.,1,1,False,-1,ERP_management_software,1.0
firm,ÇÖZ-ÜM BİLGİSAYAR SA NAYİ VE TİCARET LTD.ŞTİ.,1,1,False,-1,computers_peripherals,1.0
firm,ÇÖZÜM ECZA DEPOSU MEDİKAL LİMİTED ŞİRKETİ,1,1,True,22,custom_software_web_mobile,1.0
firm,ÇÖZÜM MARKET BİLGİSAYAR SİST.SAN.VEDAN.TİC.LTD.ŞTİ.,2,2,False,-1,ERP_management_software,1.0
firm,ÇÖZÜM OFİS ORGANİZASYON İNŞ.TURZ.SANVE TİC.LTD.ŞTİ.,1,1,False,-1,ERP_management_software,1.0
firm,ÇÖZÜM SERVİS EKİPMANLARI TİC.LTD.ŞTİ.,1,1,False,-1,ERP_management_software,1.0
firm,ÇÖZÜM YAZILIM DONANIM ELEKT.İÇ VE DIŞ TİC.A.Ş.,1,1,True,10,network_datacentre_infrastructure,1.0
firm,ÇÖZÜMEVİ YÖNETİM DANIŞMANLIĞI VE BİLGİSAYAR YAZILIM TİCARET ANONİM ŞİRKETİ,5,13,True,4,ERP_management_software,3.0
firm,ÖLMEZ İNŞAAT SAN.TİC LTD.ŞTİ.,1,2,True,19,ERP_management_software,2.0
firm,ÖLÇEN HARİTA İNŞAAT MÜHENDİSLİK SAN. VE TİC.LTD.ŞTİ.,1,1,True,8,ERP_management_software,1.0
firm,ÖNER ELEKTRİK ELEKTR ONİK İNŞ.TURİZM DIŞ TİC.LTD.ŞTİ.,1,1,True,15,custom_software_web_mobile,1.0
firm,ÖZ PA TEKNİK İNŞ.SAN VE KİMYEVİ ÜRÜN. TİC.LTD.ŞTİ.,1,1,False,-1,other_IT,1.0
firm,ÖZ SOFT BİLGİSYARPAZ. İTH. İHR. SVE TİC. LTD. ŞTİ,1,1,False,-1,computers_peripherals,1.0
firm,ÖZAKKAYA İNŞ GIDA TE MİZLİK SANAYİ VE TİC.LTD.ŞTİ.,1,2,True,12,maintenance_support_services,1.0
firm,ÖZAYDIN ELEKTRİK VEİNŞAAT MAL.İTH.İHR.SAN.VE TİC.LT,1,1,False,-1,computers_peripherals,1.0
firm,ÖZBAŞLAR DAYANIKLI TÜK.MAL.SAN.VE TİC.LTD.ŞTİ.,1,1,True,3,computers_peripherals,1.0
firm,ÖZBELSAN MAKİNE ARAÇ GER.KON.TUR.GID H.M.SAN.TİC.A.Ş.,1,1,True,16,GIS_city_information,1.0
firm,ÖZBİLİCİ KİTAP KIRTASİYE BİLGİSAYAR İNŞAAT GIDA TEMİZLİK KONFEKSİYON TURİZM PAZARLAMA TİCARET VE SANAYİ LİMİTED ŞİRKETİ,1,1,False,-1,ERP_management_software,1.0
firm,ÖZEL ALFA BİLGİSAYAR EĞİTİM ÖĞR.HİZ. PAZ. TİC.LTD.ŞTİ,1,1,False,-1,computers_peripherals,1.0
firm,ÖZELSEM EĞİTİM DANIŞMANLIK LİMİTED ŞİRKETİ,1,1,False,-1,custom_software_web_mobile,1.0
firm,ÖZER KİTAPÇILIK YAY. TİC.VE SAN.LTD. ŞTİ.,1,1,False,-1,custom_software_web_mobile,1.0
firm,ÖZERK BÜRO MAK.SAN.T İC.LTD.ŞTİ.,1,1,True,13,software_licences,1.0
firm,ÖZGÜN ÖDÜL KİT.KIR.RMED.TIB.ÜR.E.EL.BİL.T.S.ML.LTD.Ş,1,1,False,-1,education_technology,1.0
firm,ÖZGÜR ENTEGRASYON BİLİŞİM OTOMOTİV İTHALAT İHRACAT SANAYİ VE TİCARET LİMİTED ŞİRKETİ,6,8,True,0,maintenance_support_services,3.0
firm,ÖZGÜR YAZILIM BİLİŞİM EĞİTİM TİCARET AN ONİM ŞİRKETİ,2,2,True,35,custom_software_web_mobile,2.0
firm,ÖZGÜR ZAMAN KONTROLSİSTEMLERİ TİC.LTD.ŞTİ.,1,1,False,-1,custom_software_web_mobile,1.0
firm,ÖZGÜRTEM TOPLU TEMİZLİK YEMEK İLAÇLAMA ÖZEL GÜVENLİK TOPLU TAŞIMACILIK HAYVANCILIK İNŞAAT TAAHHÜT TURİZM TİCARET LİMİTED ŞİRKETİ,1,1,False,-1,network_datacentre_infrastructure,1.0
firm,ÖZKARDEŞLER ELK ELKTRONİK GIDA MADL İTHİHR.SAN TİC LTD.ŞTİ.,5,5,True,29,physical_security_surveillance,2.0
firm,ÖZNET TEMİZLİK ORMAN ÜRÜNLERİ BİLGİSAYAR OTOMASYON KARGO KURYE SERVİS ZİRAAT ELEK.ELEKT.İNŞ.YEMEK.PAZ.TİC.VE SAN.LİMİTED ŞİRKETİ,1,2,True,34,health_information_systems,1.0
firm,ÖZTÜRK ORMAN MÜHENDİSLİK TİCARET VE SANAYİ LİMİTED ŞİRKETİ,1,1,False,-1,custom_software_web_mobile,1.0
firm,ÜLKEM İNŞAAT MADENCİLİK VE ELEKTRONİK SANAYİ TİCARET ANONİM ŞİRKETİ,3,3,True,0,network_datacentre_infrastructure,3.0
firm,ÜLKÜSAN ÇELİK KALIPİNŞ.MÜH.SAN.VE TİC.LTD.ŞTİ.,1,1,True,1,computers_peripherals,1.0
firm,ÜNKA TEMİZLİK PAK.Hİ Z.TAŞ.İNŞ.ELEKT.PAR. SAN.VE TİC.LTD.ŞTİ.,1,1,False,-1,custom_software_web_mobile,1.0
firm,ÜNİ-PA ÜNİVERSİTE PA ZARLAMA VE BİLG İNTER TİC A Ş,3,3,True,11,ERP_management_software,2.0
firm,ÜNİ-PA ÜNİVERSİTE PAZARLAMA VE BİLGİSAYAR İNTERNET TİCARET ANONİM ŞİRKETİ,3,3,True,5,custom_software_web_mobile,2.0
firm,ÜNİBEL ÖZEL EĞİTİM BİLGİ TEKNOLOJİLERİ KÜLTÜR TANITIM VE YAYINCILIK SANAYİ VE TİCARET ANONİM ŞİRKETİ,7,31,True,8,other_IT,5.0
firm,ÜNİNET TELEKOM BİLGİSAYAR TELEKOMÜNİKASYON İLETİŞİM ELEKTRONİK MEDİKAL VE TIBBİ CİHAZLAR PAZARLAMA İTHALAT İHRACAT SANAYİ VE TİCARET LİMİTED ŞİRKETİ,2,2,True,23,physical_security_surveillance,1.0
firm,ÜNİTAŞ ARGE DANIŞMANLIK SANAYİ VE TİCARET ANONİM ŞİRKETİ,1,1,False,-1,other_IT,1.0
firm,ÜNİVERSAL BİLGİ TEKNOLOJİLERİ LTD.ŞTİ.,24,34,True,16,ERP_management_software,6.0
firm,ÜÇ YAZILIMEVİ DANIŞM ANLIK VE BİL.TEK SAN.TİC.LTD.ŞTİ.,1,1,True,1,health_information_systems,1.0
firm,İ SİSTEM BİLGİ TEKNO LOJİLERİ SAN.VE TİC. A.Ş.,4,4,True,25,ERP_management_software,3.0
firm,İ-AKADEMİ SİAS BİLİŞİM PROJE DANIŞMANLIK ÖZEL EĞİTİM TERCÜMANLIK ELEKTRONİK SANAYİ VE TİCARET LİMİTED ŞİRKETİ,1,1,True,8,software_licences,1.0
firm,İ3 TEKNOLOJİ YATIRIMLARI ANONİM ŞİRKETİ,1,1,True,3,ERP_management_software,1.0
firm,İDANET BİLİŞİM VE İLETİŞİM HİZMETLERİ SANAYİ VE TİCARET LİMİTED ŞİRKETİ,1,2,True,26,cybersecurity,1.0
firm,İDE TEKNOLOJİ MÜHENDİSLİK VE DANIŞMANLIK TİC.LTD.ŞTİ.,1,2,True,0,software_licences,1.0
firm,İDEA BİLİŞİM DAN.VESAV.SİST.SAN.VETİC.LTD.ŞTİ.,1,1,True,13,ERP_management_software,1.0
firm,İDEAKTİF DANIŞMANLIK VE YAZILIM SANAYİ TİCARET LİMİTED ŞİRKETİ,1,2,True,8,physical_security_surveillance,1.0
firm,İDEAL BİLGİ YÖNETİMİ SOSYAL SAĞLIK HİZMETLER EĞİTİM TERCÜME ORGANİZASYON SANAYİ VE TİCARET LİMİTED ŞİRKETİ,1,3,True,30,other_IT,1.0
firm,İDEKS DANIŞMANLIK EĞİTİM VE BİLİŞİM TEKNOLOJİLERİ MEDYA REKLAM TİCARET LTD.ŞTİ.,1,1,True,0,network_datacentre_infrastructure,1.0
firm,İFOKS BİLİŞİM SAVUNMA TEKNOLOJİLERİ SANAYİ VE TİCARET ANONİM ŞİRKETİ,3,4,True,26,network_datacentre_infrastructure,3.0
firm,İHLAS GAZETECİLİK ANONİM ŞİRKETİ,1,1,True,33,other_IT,1.0
firm,İKOL BİLİŞİM TEKNOLOJİ SANAYİ VE TİCARET LİMİTED ŞİRKETİ,3,3,True,9,custom_software_web_mobile,2.0
firm,İKON ARAŞTIR.DANIŞMA EĞİTİM REKLAM VE ORG TEKST.SAN.TİC.LT.ŞTİ,1,1,False,-1,maintenance_support_services,1.0
firm,İKİNOKTA BİLGİ TEKNOLOJİLERİ VE SİSTEM ENTEGRASYON HİZMETLERİ TİCARET ANONİM ŞİRKETİ,1,2,True,3,custom_software_web_mobile,1.0
firm,İKİSEL ELEKTRONİK İNŞAAT SANAYİ VE TİCARET LİMİTED ŞİRKETİ,1,1,True,13,custom_software_web_mobile,1.0
firm,İKİTEK TEKNOLOJİ İNŞAAT SANAYİ VE TİCARET ANONİM ŞİRKETİ,1,2,True,3,ERP_management_software,2.0
firm,İL SA İNŞAAT İLETİŞ. MEDK.TUR.İTH.İHR SAN.VE TİC.LTD.Ş,4,5,False,-1,health_information_systems,2.0
firm,İLET BİLİŞİM HİZMETLERİ TİCARET LİMİTED ŞİRKETİ,1,1,False,-1,custom_software_web_mobile,1.0
firm,İLKE BİLGİSAYAR TELK .YAZ.SER.TİC.SAN .LTD.ŞTİ.,1,1,True,24,maintenance_support_services,1.0
firm,İLKE OTOMOTİV DANIŞM ANLIK BİLGİSAYAR DIŞ TİC.LTD.ŞTİ.,1,1,True,13,physical_security_surveillance,1.0
firm,İLKE İLET.BİLG.VE SA Ğ.HİZ.MAD.İNŞ.EL ELTR.S.TİC.LTD.Ş,1,1,True,2,computers_peripherals,1.0
firm,İLKEM GÜVENLİK SİSTEMLERİ BİLİŞİM İNŞAAT GIDA TEMİZLİK TAAHHÜT SANAYİ VE TİCARET LİMİTED ŞİRKETİ.,2,2,True,23,physical_security_surveillance,1.0
firm,İLKEM TEKNOLOJİ SANAYİ VE TİCARET LİMİTED ŞİRKETİ,4,5,True,23,software_licences,4.0
firm,İLTELİS İLERİ TEKNOLOJİ ELEKTRONİK VE İLETİŞİM SİSTEMLERİ MÜHENDİSLİK BİLGİSAYAR SANAYİ VE TİCARET LİMİTED ŞİRKETİ,2,2,True,6,GIS_city_information,2.0
firm,İLTER GRUP MÜHENDİSLİK TİCARET LİMİTED ŞİRKETİ,1,1,True,30,network_datacentre_infrastructure,1.0
firm,İLTER TEKNOLOJİ LİMİTED ŞİRKETİ,1,3,True,30,ERP_management_software,2.0
firm,İLİM TEKNOLOJİ ANONİM ŞİRKETİ,1,1,True,4,cybersecurity,1.0
firm,İM PARK BİLİŞM ELEKTRONİK BASIN YAYIN VE REKLAMCILIK EĞİTİM LİMİTED ŞİRKETİ,1,1,False,-1,software_licences,1.0
firm,İMAJ DİZAYN STÜDYO TANITIM VE BİLİŞİM SANAYİ VE TİCARET ANONİM ŞİRKETİ,2,6,True,9,ERP_management_software,2.0
firm,İMEX GLOBAL DANIŞMANLIK VE DIŞ TİCARET LİMİTED ŞİRKETİ,1,1,True,3,education_technology,1.0
firm,İMKA BİLGİ İŞLEM DANIŞMANLIK ARŞİV KÜTÜPHANE VE DOKÜMANTASYON HİZMETLERİ SANAYİ TİCARET LİMİTED ŞİRKETİ,7,10,True,7,ERP_management_software,2.0
firm,İMONTECH BİLİŞİM LİMİTED ŞİRKETİ,1,1,False,-1,custom_software_web_mobile,1.0
firm,İMPERİTEK BİLİŞİM YÖ NETİMİ DANIŞMANLIK M ÜH.EĞİT.SAN.VE TİC.L,1,1,True,0,custom_software_web_mobile,1.0
firm,İMS YAZILIM OTOMASYO N SİSTEMLERİ ELEKT.S AN VE TİC.LTD.ŞTİ.,2,2,True,7,computers_peripherals,2.0
firm,İMS YAZILIM OTOMASYON SİSTEMLERİ ELEKT.TAŞIMACILIK MEDİKAL SAN.VE TİC.LTD.ŞTİ.,1,1,True,15,health_information_systems,1.0
firm,İMZATEK BİLGİ GÜVENLİĞİ TEKNOLOJİLERİ LTD.ŞTİ.,1,1,True,11,software_licences,1.0
firm,İNFO KENT ANALİZ BİLGİ Sİ.Bİ.YA.EN.TU.MAİN.SAN.VE TİC.LTD.ŞT,3,3,True,5,GIS_city_information,1.0
firm,İNFOBİM BİLİŞİM TEKNOLOJİLERİ SAN.VE TİCLTD.ŞTİ.,3,4,True,29,network_datacentre_infrastructure,3.0
firm,İNFOLOJİ TEKNOLOJİ VE İNOVASYON A.Ş.,1,1,True,4,custom_software_web_mobile,1.0
firm,İNFOLİNE BİLGİ TEKNOLOJİLERİ BİLGİSAYAR YAZILIM DESTEK EĞİTİM DONANIM GÜVENLİK TASARIM VE DANIŞMANLIK SANAYİ VE TİCARET LİMİTED ŞİRKETİ,2,2,True,0,GIS_city_information,2.0
firm,İNFOLİNE BİLGİ TEKNOLOJİLERİ TİCARET ANONİM ŞİRKETİ,3,3,True,37,ERP_management_software,3.0
firm,İNFOMAB COĞRAFİ BİLGİ TEKNOLOJİLERİ A.Ş.,1,1,True,10,GIS_city_information,1.0
firm,İNFOPARK BİLGİ TEKNOLOJİLERİ SANAYİ VE TİCARET ANONİM ŞİRKETİ,14,22,True,2,maintenance_support_services,5.0
firm,İNFORMASCOPE BİLİŞİM TEKNOLOJİLERİ YAYINC ILIK TİC.LTD.ŞTİ.,2,2,True,8,education_technology,1.0
firm,İNFOTELİCA BİLGİ TEKNOLOJİLERİ SANAYİ VE TİCARET LİMİTED ŞİRKETİ,5,16,True,3,maintenance_support_services,3.0
firm,İNFOTELİCA BİLİŞİM YAZILIM VE DONANIM HİZMETLERİ SANAYİ VE TİCARET LİMİTED ŞİRKETİ,1,1,True,0,custom_software_web_mobile,1.0
firm,İNFOTRON ELEKTRONİK VE BİL.SİSTEMLER İ ÜR.VE TİC.A.Ş.,1,1,False,-1,custom_software_web_mobile,1.0
firm,İNFOTÜRK BİLGİSAYAR.ELEKTRONİK HİZMETLERİ SAN.VE TİC.LTD.ŞTİ,18,29,True,7,software_licences,7.0
firm,İNFRASİS BİLGİ TEKNOLOJİLERİ TİCARET LİMİTED ŞİRKETİ,10,13,True,0,software_licences,5.0
firm,İNFİNİDİUM TEKNOLOJİ VE BİLİŞİM SANAYİ TİCARET ANONİM ŞİRKETİ,1,1,True,4,smart_city_traffic_OT,1.0
firm,İNFİNİTUM BİLGİ SİSTEMLERİ SANAYİ TİCARET LİMİTED ŞİRKETİ,1,5,True,0,cybersecurity,2.0
firm,İNNOSFER TEKNOLOJİ LİMİTED ŞİRKETİ,1,1,True,5,ERP_management_software,1.0
firm,İNNOVA BİLİŞİM ÇÖZÜMLERİ A.Ş.,20,30,True,0,ERP_management_software,9.0
firm,İNOKAS BİLGİ SİSTEMLERİ VE DANIŞMANLIK HİZMETLERİ TİCARET LİMİTED ŞİRKETİ,4,11,True,0,network_datacentre_infrastructure,6.0
firm,İNOOSTER BİLGİ TEKNOLOJİLERİ ANONİM ŞİRKETİ,1,1,True,10,network_datacentre_infrastructure,1.0
firm,İNOSYS TEKNOLOJİ VE MÜHENDİSLİK LİMİTED ŞİRKETİ,1,1,True,4,physical_security_surveillance,1.0
firm,İNOVERA BİLGİSAYAR YAZILIM DONANIM ARAŞTIRMA GELİŞTİRME DANIŞMANLIK SANAYİ TİCARET LİMİTED ŞİRKETİ,6,9,True,2,ERP_management_software,4.0
firm,İNSOFTPRO YAZILIM HİZMETLERİ SANAYİ VE TİCARET LİMİTED ŞİRKETİ,1,1,True,0,ERP_management_software,1.0
firm,İNSPİRE BİLİŞİM TEKNOLOJİLERİ VE DANIŞMANLIK LTD ŞTİ.,3,3,True,9,ERP_management_software,2.0
firm,İNSPİRİT BİLGİ TEKNOLOJİLERİ YAZILIM DANIŞMANLIK TİC.LTD.ŞTİ,13,25,True,33,software_licences,5.0
firm,İNTAÇ EĞİTİM DANIŞMANLIK ORGANİZASYON ARAŞTIRMA İNŞAAT SANAYİ VE TİCARET LİMİTED ŞİRKETİ,1,1,False,-1,custom_software_web_mobile,1.0
firm,İNTEGRAL KURUMSAL TE KNOLOJİ ÇÖZÜMLERİ SA N. VE TİC. LTD. ŞTİ.,2,2,True,2,custom_software_web_mobile,2.0
firm,İNTER BİLGİSAYAR ELE KTRİK ELEKT.SAN. DIŞ.TİC.LTD.ŞTİ.,2,2,True,9,computers_peripherals,2.0
firm,İNTER-MED MEDİKAL SİSTEMLER TUR.SAN.VE TİC.A.Ş.,1,1,False,-1,computers_peripherals,1.0
firm,İNTER-SAN BİLGİSAYAR YAZILIM DONANIM ELEKTRONİK MÜHENDİSLİK İNŞAAT TAAHHÜT SANAYİ TURİZM İÇ VE DIŞ TİCARET LİMİTED ŞİRKETİ,3,5,True,24,ERP_management_software,3.0
firm,İNTERAKTİFNET EĞİTİM VE BİLİŞİM HİZMETLER İ LTD.ŞTİ.,1,1,False,-1,custom_software_web_mobile,1.0
firm,İNTERGRAF BİLİŞİM TEKNOLOJİLERİ SANAYİ VE TİCARET ANONİM ŞİRKETİ,1,1,True,11,ERP_management_software,1.0
firm,İNTERNETTE REKLAM REKLAM HİZMETLERİ A.Ş.,1,1,True,27,network_datacentre_infrastructure,1.0
firm,İNTERSEK GÜVENLİK SİSTEMLERİ SAVUNMA SANAYİ VE TİCARET LİMİTED ŞİRKETİ,1,1,True,0,physical_security_surveillance,1.0
firm,İNTERSİS YAZILIM VE BİLİŞİM TEKNOLOJİLERİ SANAYİ VE TİCARET ANONİM ŞİRKETİ,3,3,True,33,cybersecurity,2.0
firm,İNTERVA BİLİŞİM HİZMETLERİ LİMİTED ŞİRKETİ,1,1,True,9,ERP_management_software,1.0
firm,İNTERİVA BİLGİ TEKNOLOJİLERİ SANAYİ VE TİCARET LİMİTED ŞİRKETİ,1,3,True,0,maintenance_support_services,1.0
firm,İNTESASOFT YAZILIM DANIŞMANLIK BİLGİSAYAR HİZMETLERİ SANAYİ VE TİCARET LİMİTED ŞİRKETİ,1,1,False,-1,software_licences,1.0
firm,İNTRO İNŞAAT DIŞ TİCARET LİMİTED ŞİRKETİ,1,1,False,-1,other_IT,1.0
firm,İNTRON BİLİŞİM YAZILIM TANITIM VE TASARIM HİZMETLERİ SANAYİ TİCARET LİMİTED ŞİRKETİ,19,25,True,2,network_datacentre_infrastructure,8.0
firm,İOTA BİLGİ TEKNOLOJİLERİ MÜHENDİSLİK SANAYİ VE TİCARET ANONİM ŞİRKETİ,3,3,True,30,ERP_management_software,3.0
firm,İPA STRATEJİK DANIŞMANLIK ANONİM ŞİRKETİ,1,1,False,-1,GIS_city_information,1.0
firm,İPEK HIRDAVAT DEMİR ÇELİK ELEKTRONİK TAAHHÜT TİCARET VE SANAYİ LİMİTED ŞİRKETİ,1,1,True,8,other_IT,1.0
firm,İPEK HIRDAVAT DEMİRÇELİK ELEK TAAHTİC VE SAN LTD Ş,1,1,True,17,computers_peripherals,1.0
firm,İPEKNET BİLİŞİM ÇÖZÜMLERİ SANAYİ VE TİCARET ANONİM ŞİRKETİ,1,1,True,6,software_licences,1.0
firm,İPS İNŞAAT PETROL ENERJİ SANAYİ TİCARET LİMİTED ŞİRKETİ,1,1,False,-1,cybersecurity,1.0
firm,İRİS BİLGİSAYAR VE BÜRO MALZEMELERİSAN.TİC.LTD.ŞTİ.,1,2,True,13,software_licences,1.0
firm,İS TEKNOLOJİ BİLİŞİM YAZILIM DANIŞMANLIK MÜHENDİSLİK BÜRO MAKİNALARI ELEKTRONİK İNŞAAT TAAHHÜT SANAYİ VE TİCARET LİMİTEDŞİRKETİ,1,1,True,24,ERP_management_software,1.0
firm,İS-HA TEKSTİL OFSET MATBAACILIK SANAYİ VE TİCARET LİMİTED ŞİRKETİ,1,2,False,-1,other_IT,1.0
firm,"İSBAK İST.ULAŞIM HABVE GÜVENLİK TEKNSAN.VE TİC.A.Ş., ANKA COĞRAFİ BİLGİ TEKNOLOJİLERİ SANAYİTİC.LTD.ŞTİ. İş Ortaklığı",1,1,True,8,GIS_city_information,1.0
firm,İSBAK İSTANBUL BİLİŞİM VE AKILLI KENT TEKNOLOJİLERİ A.Ş.,14,19,True,4,custom_software_web_mobile,8.0
firm,"İSBAK İSTANBUL BİLİŞİM VE AKILLI KENT TEKNOLOJİLERİ A.Ş., ANKA COĞRAFİ BİLGİ TEKNOLOJİLERİ SANAYİTİC.LTD.ŞTİ. İş Ortaklığı",1,1,True,0,ERP_management_software,1.0
firm,"İSKELE EĞİTİM SAĞLIK VE TURİZM HİZMETLERİ SANAYİ TİCARET LİMİTED ŞİRKETİ, TOPRAK SOSYAL HİZMETLER SAĞLIK İLAÇLAMA VETER.TEM.EĞ.İNŞ.TİC.LTD.ŞTİ. İş Ortaklığı",1,1,True,5,ERP_management_software,1.0
firm,İSNET TELEKOM TELEKOMÜNİKASYON HİZ.SAN.VE TİC.LTD.ŞT,1,1,True,16,ERP_management_software,1.0
firm,İSNET İSTANBUL NET TELEKOMÜNİKASYON ELEKTRONİK SERVİS HİZMETLERİ TİCARET VE SANAYİ ANONİM ŞİRKETİ,3,3,True,3,call_centre_helpdesk,2.0
firm,İSOMER BİLİŞİM HİZM. SAN.VE TİC.LTD.Ş Tİ.,1,1,True,0,custom_software_web_mobile,1.0
firm,İSTANBUL DİJİTAL MEDYA TİCARET ANONİM ŞİRKETİ,3,3,True,4,custom_software_web_mobile,3.0
firm,İSTANBUL UYGULAMALIGAZ.VE EN.TEK.ARMÜH.SAN.VE Tİ.AŞ,5,7,True,4,ERP_management_software,3.0
firm,İSTANBUL ÇEKİRDEK ARAŞTIRMA GELİŞTİRME VE YAZILIM DANIŞMANLIK TİCARET LİMİTED ŞİRKETİ,1,1,True,7,ERP_management_software,1.0
firm,İSTAR ARAŞTIRMA EĞİTİM DANIŞMANLIK LİMİTED ŞİRKETİ,1,1,False,-1,custom_software_web_mobile,1.0
firm,İSTAR ELEKTRONİK VE BİLİŞİM HİZMETLERİ TİCARET LİMİTED ŞİRKETİ,1,1,True,26,software_licences,1.0
firm,İSTTELKOM İSTANBUL ELEKTRONİK HABERLEŞME VE ALTYAPI HİZMETLERİ SANAYİ VE TİCARET ANONİM ŞİRKETİ,16,34,True,4,software_licences,6.0
firm,İTD İLETİŞİM-TEKNOLO Jİ-DANIŞMANLIK T İC.A.Ş.,1,1,True,11,call_centre_helpdesk,1.0
firm,İTECH ROBOTİK OTOMASYON YENİLENEBİLİR ENERJİ EĞİTİM MEDİKAL TAAHHÜT SANAYİ VE TİCARET LİMİTED ŞİRKETİ,1,1,True,13,custom_software_web_mobile,1.0
firm,İTEZ MİMARLIK MÜHEND İSLİK İNŞ.VE TİC .LTD.ŞTİ.,1,1,True,0,smart_city_traffic_OT,1.0
firm,İTÜNOVA TEKNOLOJİ ANONİM ŞİRKETİ,1,1,False,-1,custom_software_web_mobile,1.0
firm,İVME BİLİŞİM VE SAĞL IK HİZMETLERİ LT D.ŞTİ.,1,1,False,-1,health_information_systems,1.0
firm,İZMİR İNOVASYON VE TEKNOLOJİ ANONİM ŞİRKETİ,7,9,True,8,maintenance_support_services,5.0
firm,İZMİRCOMP BİLGİSAYAR YAZILIM SANAYİ VE TİCARET ANONİM ŞİRKETİ,1,7,True,8,maintenance_support_services,3.0
firm,İŞ NET ELEKTRONİK BİLGİ ÜRET.DAĞ.TİCVE İLET.HİZ.A.Ş.,1,4,True,2,custom_software_web_mobile,3.0
firm,İŞ YAZILIM DONANIM ELEKT DAN TEL KI TU ME İN İT İH S V T L Ş,41,46,True,0,ERP_management_software,5.0
firm,İŞBAY İNŞ.TEMİZL.TUR SAĞ.HİZM.ELEK.GI BİL.TİC.LTD.ŞTİ.,1,1,True,0,ERP_management_software,1.0
firm,İŞLEM COĞRAFİ BİLGİ SİSTEMLERİ MÜHENDİSLİK VE EĞİTİM ANONİM ŞİRKETİ,27,27,True,13,GIS_city_information,3.0
firm,İŞLEM HARİTA MÜHENDİSLİK MÜŞ.DAN.VE.ARA.TİC.LTD.ŞTİ.,6,6,True,5,GIS_city_information,3.0
firm,ŞAH BİLG.BÜRO MAK.MEEĞİT.GEREÇ.SAN.TİC.LTD.ŞTİ.,3,3,True,22,computers_peripherals,1.0
firm,ŞAHİN TELEKOM SANAYİVE TİCARET LTD.ŞTİ.,1,1,True,21,physical_security_surveillance,1.0
firm,ŞAHİNOĞLU BİLGİSAYARİNŞAAT KIRTASİYESAN.VE TİC.LTD.Ş,3,4,True,5,software_licences,3.0
firm,ŞAMPİYON SOSYAL HİZMETLER ÇEVRE TEMİZLİK DAĞITIM GIDA TİCARET LİMİTED ŞİRKETİ,4,4,True,30,other_IT,3.0
firm,ŞEHREMİNİ ŞEHİR KURUMLARI SİYASETİ VE YÖNETİM HİZMETLERİ A.Ş.,2,2,True,16,custom_software_web_mobile,1.0
firm,ŞEHİR BİLİŞİM MÜHENDİSLİK İNŞAAT SANAYİ VE TİCARET LİMİTED ŞİRKETİ,2,2,True,5,ERP_management_software,2.0
firm,ŞERBETCİ ELEKTRONİK LİMİTED ŞİRKETİ,2,2,False,-1,custom_software_web_mobile,1.0
firm,ŞHN LİDER İNŞAAT ORMANCILIK PEYZAJ TARIM HAYVANCILIK SANAYİ VE TİCARET LİMİTED ŞİRKETİ,1,1,False,-1,other_IT,1.0
firm,ŞİMŞEK OTOMASYON VE.TEM.HİZMT.TUR.İNŞAATTİCARET LTD.ŞTİ.,1,1,True,2,other_IT,1.0
firm,ŞİTEM BİLİŞİM TAAHHÜT SOSYAL HİZMETLER İNSAN KAYNAKLARI İNŞAAT GIDA TAŞIMACILIK TEMİZLİK TEKSTİL SANAYİ VE TİCARET LİMİTED ŞİRKETİ,1,2,True,7,maintenance_support_services,2.0
buyer,- SAĞLIK BAKANLIĞI TÜRKİYE KAMU HASTANELERİ KURUMU,1,1,True,12,Health,
buyer,29 MAYIS DEVLET HASTANESİ BAŞHEKİMLİĞİ,1,1,True,14,Health,
buyer,ADALAR BELEDİYESİ Destek Hizmetleri Müdürlüğü,1,1,True,5,Municipal/Local,
buyer,ADANA BÜYÜKŞEHİR BELEDİYE BAŞKANLIĞI - SATIN ALMA DAİRESİ BAŞKANLIĞI,2,2,True,27,Municipal/Local,
buyer,ADANA BÜYÜKŞEHİR BELEDİYESİ SATINALMA DAİRESİ BAŞKANLIĞI,10,12,True,13,Municipal/Local,
buyer,ADANA KADIN DOĞUM VE ÇOCUK HASTALIKLARI HASTANESİ SAĞLIK BAKANLIĞI BAKAN YARDIMCILIKLARI,1,1,False,-1,Health,
buyer,ADANA SU VE KANALİZASYON İDARESİ GENEL MÜDÜRLÜĞÜ,1,1,True,5,Infrastructure/Transport,
buyer,ADANA ULAŞIM ORGANİZASYON TURİZM ZİRAAT SU VE SU TESİSLERİ GIDA VE ET ÜRÜNLERİ TEMİZLİK HİZMETLERİ TİCARET VE SANAYİ ANONİM ŞİRKETİ,1,1,False,-1,Infrastructure/Transport,
buyer,ADANA ŞEHİR HASTANESİ BAŞHEKİMLİĞİ,1,1,True,32,Health,
buyer,ADAPAZARI BELEDİYESİ Bilgi İşlem Müdürlüğü,2,11,True,5,Municipal/Local,
buyer,ADIYAMAN BELEDİYESİ BİLGİ İŞLEM MÜDÜRLÜĞÜ,3,3,False,-1,Municipal/Local,
buyer,ADIYAMAN İL MİLLİ EĞİTİM MÜDÜRLÜĞÜ,1,1,False,-1,Education,
buyer,ADIYAMAN İL SAĞLIK MÜDÜRLÜĞÜ,2,3,True,18,Health,
buyer,ADIYAMAN İL ÖZEL İDARESİ İMAR VE KENTSEL İYİLEŞTİRME MÜDÜRLÜĞÜ,1,1,False,-1,Provincial admin,
buyer,ADIYAMAN İl Özel İdaresi YOL VE ULAŞIM HİZMETLERİ MÜDÜRLÜĞÜ,1,1,True,13,Provincial admin,
buyer,AFJET AFYON JEOTERM TES. TURİZM SAN. A.Ş.,2,9,True,33,Other public,
buyer,AFYONKARAHİSAR BELEDİYESİ MUHTARLIK İŞLERİ MÜDÜRLÜĞÜ,1,1,True,2,Municipal/Local,
buyer,AFYONKARAHİSAR BELEDİYESİ İMAR VE ŞEHİRCİLİK MÜDÜRLÜĞÜ,5,5,True,6,Municipal/Local,
buyer,AHLAT BELEDİYESİ MUHASEBE MÜDÜRLÜĞÜ,1,1,True,28,Municipal/Local,
buyer,AKDENİZ BELEDİYESİ,3,3,True,24,Municipal/Local,
buyer,AKDENİZ BELEDİYESİ KÜLTÜR VE SOSYAL İŞLER MÜDÜRLÜĞÜ,1,1,False,-1,Municipal/Local,
buyer,AKHİSAR BELEDİYESİ BİLGİ İŞLEM MÜDÜRLÜĞÜ,1,1,True,5,Municipal/Local,
buyer,AKHİSAR BELEDİYESİ FEN İŞLERİ MÜDÜRLÜĞÜ,2,2,True,8,Municipal/Local,
buyer,AKILLI ŞEHİR ŞUBE MÜDÜRLÜĞÜ,1,1,False,-1,Other public,
buyer,AKSARAY BELEDİYESİ DESTEK HİZMETLERİ,2,2,True,10,Municipal/Local,
buyer,AKSARAY İl Özel İdaresi Tüm Birimler,1,1,True,0,Provincial admin,
buyer,AKSU BELEDİYESİ İMAR VE ŞEHİRCİLİK MÜDÜRLÜĞÜ,1,1,True,31,Municipal/Local,
buyer,AKYAZI BELEDİYESİ İMAR VE ŞEHİRCİLİK MÜDÜRLÜĞÜ,1,1,True,6,Municipal/Local,
buyer,AKYURT BELEDİYESİ İMAR VE ŞEHİRCİLİK MÜDÜRLÜĞÜ,1,1,True,13,Municipal/Local,
buyer,ALANYA BELEDİYESİ FEN İŞLERİ MÜDÜRLÜĞÜ,4,4,True,27,Municipal/Local,
buyer,ALANYA ORMAN İŞLETME MÜDÜRLÜĞÜ,1,1,False,-1,Agriculture/Environment,
buyer,ALAŞEHİR BELEDİYESİ DESTEK HİZMETLERİ MÜDÜRLÜĞÜ,1,1,True,27,Municipal/Local,
buyer,ALAŞEHİR BELEDİYESİ ÖZEL KALEM MÜDÜRLÜĞÜ,1,1,True,19,Municipal/Local,
buyer,ALTIEYLÜL BELEDİYESİ BİLGİ İŞLEM MÜDÜRLÜĞÜ,2,2,True,3,Municipal/Local,
buyer,ALTIEYLÜL BELEDİYESİ DESTEK HİZMETLERİ MÜDÜRLÜĞÜ,2,2,True,6,Municipal/Local,
buyer,ALTINDAĞ BELEDİYESİ Basın Yayın ve Halkla ilişkiler Müdürlüğü,4,4,True,30,Municipal/Local,
buyer,ALTINDAĞ BELEDİYESİ BİLGİ İŞLEM MÜDÜRLÜĞÜ,2,2,True,11,Municipal/Local,
buyer,ALTINORDU BELEDİYESİ Destek Hizmetleri Müdürlüğü,1,1,True,5,Municipal/Local,
buyer,ALTINOVA BELEDİYE BAŞKANLIĞI,3,3,True,6,Municipal/Local,
buyer,ALTYAPI YATIRIMLARI GENEL MÜDÜRLÜĞÜ ULAŞTIRMA VE ALTYAPI BAKANLIĞI BAKAN YARDIMCILIKLARI,1,1,True,20,Infrastructure/Transport,
buyer,ALİAĞA BELEDİYESİ Bilgi İşlem Müdürlüğü,1,1,True,5,Municipal/Local,
buyer,ALİAĞA BELEDİYESİ Özel Kalem Müdürlüğü,1,1,True,1,Municipal/Local,
buyer,ALİFUATPAŞA BELEDİYESİ,1,1,True,31,Municipal/Local,
buyer,AMASRA BELEDİYE BAŞKANLIĞI - FEN İŞLERİ MÜDÜRLÜĞÜ,1,1,True,5,Municipal/Local,
buyer,AMASRA BELEDİYESİ MALİ HİZMETLER MÜDÜRLÜĞÜ,1,1,True,8,Municipal/Local,
buyer,AMASYA BELEDİYESİ FEN İŞLERİ MÜDÜRLÜĞÜ,1,1,False,-1,Municipal/Local,
buyer,AMASYA BELEDİYESİ KÜLTÜR VE SOSYAL İŞLER MÜDÜRLÜĞÜ,1,1,False,-1,Municipal/Local,
buyer,AMASYA BELEDİYESİ SU VE KANALİZASYON MÜDÜRLÜĞÜ,1,1,False,-1,Municipal/Local,
buyer,AMASYA İl Özel İdaresi PLAN PROJE YATIRIM VE İNŞAAT MÜDÜRLÜĞÜ,1,1,True,13,Provincial admin,
buyer,ANADOLU ÜNİVERSİTESİ REKTÖRLÜĞÜ - AÇIKÖĞRETİM FAKÜLTESİ DEKANLIĞI,1,2,True,7,Education,
buyer,ANAMUR BELEDİYESİ DESTEK HİZMETLERİ MÜDÜRLÜĞÜ,1,1,True,6,Municipal/Local,
buyer,ANFA ANKARA ALTINPAR K İŞL.LTD.ŞTİ.,3,3,True,0,Other public,
buyer,ANKARA BEYPAZARI DEVLET HASTANESİ BAŞHEKİMLİĞİ,1,2,True,1,Health,
buyer,ANKARA BÜYÜKŞEHİR BELEDİYE BAŞKANLIĞI - ANKARA HALK EKMEK VE UN FABRİKASI ANONİM ŞİRKETİ GENEL MÜDÜRLÜĞÜ,1,1,False,-1,Municipal/Local,
buyer,ANKARA ELMADAĞ DR. HULUSİ ALATAŞ DEVLET HASTANESİ BAŞHEKİMLİĞİ,1,2,True,1,Health,
buyer,ANKARA GAZİ MUSTAFA KEMAL MESLEKİ VE ÇEVRESEL HASTALIKLAR HASTANESİ SAĞLIK BAKANLIĞI BAKAN YARDIMCILIKLARI,3,7,True,12,Health,
buyer,ANKARA GENÇLİK VE SPOR İL MÜDÜRLÜĞÜ GENÇLİK VE SPOR İL MÜDÜRLÜKLERİ GENÇLİK VE SPOR İL MÜDÜRLÜĞÜ,1,1,False,-1,Other public,
buyer,ANKARA GÖLBAŞI ŞEHİT AHMET ÖZSOY DEVLET HASTAHANESİ SAĞLIK BAKANLIĞI BAKAN YARDIMCILIKLARI,1,2,True,1,Health,
buyer,ANKARA GÜLHANE EĞİTİM VE ARAŞTIRMA HASTANESİ BAŞHEKİMLİĞİ,1,1,True,1,Health,
buyer,ANKARA HALK EKMEK VE UN FABRİKASI A. Ş.,1,1,False,-1,Other public,
buyer,ANKARA ORMAN BÖLGE MÜDÜRLÜĞÜ,1,1,False,-1,Agriculture/Environment,
buyer,ANKARA POLATLI DUATEPE DEVLET HASTANESİ BAŞHEKİMLİĞİ,1,1,True,1,Health,
buyer,ANKARA SU  ve KANALİZASYON İDARESİ GENEL MÜDÜRLÜĞÜ ANKARA 2.BÖLGE SU ve KANAL İŞLETME DAİRESİ BAŞKANLIĞI,1,1,True,9,Infrastructure/Transport,
buyer,ANKARA TED.BLG.BŞK (MSB) MİLLİ SAVUNMA BAKANLIĞI MSB BAĞLILARI,32,59,True,2,Defence,
buyer,ANKARA YILDIRIM BEYAZIT ÜNİVERSİTESİ REKTÖRLÜĞÜ - DİŞ HEKİMLİĞİ UYGULAMA VE ARAŞTRIMA MERKEZİ MÜDÜRLÜĞÜ,1,1,True,15,Health,
buyer,ANKARA İL SAĞLIK MÜDÜRLÜĞÜ ANKARA DIŞKAPI YILDIRIM BEYAZIT EĞİTİM VE ARAŞTIRMA HASTANESİ BAŞHEKİMLİĞİ,1,1,True,1,Health,
buyer,ANKARA İL SAĞLIK MÜDÜRLÜĞÜ ANKARA GÖLBAŞI ŞEHİT AHMET ÖZSOY DEVLET HASTANESİ BAŞHEKİMLİĞİ,1,1,True,1,Health,
buyer,ANKARA İL SAĞLIK MÜDÜRLÜĞÜ ETİMESGUT AĞIZ VE DİŞ SAĞLIĞI MERKEZİ BAŞHEKİMLİĞİ,1,1,True,15,Health,
buyer,ANKARA İL SAĞLIK MÜDÜRLÜĞÜ SİNCAN EĞİTİM VE ARAŞTIRMA HASTANESİ BAŞHEKİMLİĞİ,1,1,True,30,Health,
buyer,ANTAKYA BELEDİYESİ BİLGİ İŞLEM MÜDÜRLÜĞÜ,1,1,True,7,Municipal/Local,
buyer,ANTAKYA BELEDİYESİ FEN İŞLERİ MÜDÜRLÜĞÜ,1,1,False,-1,Municipal/Local,
buyer,ANTAKYA BELEDİYESİ MALİ HİZMETLER MÜDÜRLÜĞÜ,2,2,True,23,Municipal/Local,
buyer,ANTALYA ATATÜRK DEVLET HASTANESİ BAŞHEKİMLİĞİ,1,1,True,1,Health,
buyer,ANTALYA KEPEZ DEVLET HASTANESİ BAŞHEKİMLİĞİ,1,1,True,18,Health,
buyer,ANTALYA SU VE ATIKSU İDARESİ GENEL MÜDÜRLÜĞÜ(ASAT),5,5,True,4,Other public,
buyer,ANTALYA ULAŞIM HİZMETLERİ PETROL  SANAYİ VE TİCARET A.Ş.,1,1,False,-1,Infrastructure/Transport,
buyer,ANTALYA İL SAĞLIK MÜDÜRLÜĞÜ,10,10,True,1,Health,
buyer,ARAŞTIRMA DESTEK PROGRAMLARI BAŞKANLIĞI DİĞER ÖZEL BÜTÇELİ KURULUŞLAR TÜRKİYE BİLİMSEL VE TEKNOLOJİK ARAŞTIRMA KURUMU,1,1,True,7,Other public,
buyer,ARAŞTIRMA VE UYGULAMA HASTANESİ BAŞHEKİMLİĞİ | ISPARTA,1,1,False,-1,Health,
buyer,ARAŞTIRMA VE UYGULAMA HASTANESİ BAŞHEKİMLİĞİ | YOZGAT,1,4,True,22,Health,
buyer,ARDAHAN İl Özel İdaresi Yol ve Ulaşım Hizmetleri Müdürlüğü,2,2,True,13,Provincial admin,
buyer,ARDAHAN İl Özel İdaresi İŞLETME VE İŞTİRAKLER MÜDÜRLÜĞÜ,1,1,False,-1,Provincial admin,
buyer,ARNAVUTKÖY BELEDİYE BAŞKANLIĞI - EMLAK VE İSTİMLAK MÜDÜRLÜĞÜ,1,1,False,-1,Municipal/Local,
buyer,ARNAVUTKÖY BELEDİYE BAŞKANLIĞI - YAZI İŞLERİ MÜDÜRLÜĞÜ,1,1,True,3,Municipal/Local,
buyer,ARNAVUTKÖY BELEDİYE BAŞKANLIĞI - İNOVASYON VE TEKNOLOJİ MÜDÜRLÜĞÜ,4,4,True,4,Municipal/Local,
buyer,ARNAVUTKÖY BELEDİYESİ Bilgi İşlem Müdürlüğü,15,16,True,3,Municipal/Local,
buyer,ARNAVUTKÖY BELEDİYESİ STRATEJİ GELİŞTİRME MÜDÜRLÜĞÜ,1,1,False,-1,Municipal/Local,
buyer,ARNAVUTKÖY BELEDİYESİ İnovasyon ve Teknoloji Müdürlüğü,3,4,True,5,Municipal/Local,
buyer,ARTUKLU BELEDİYESİ MALİ HİZMETLER MÜDÜRLÜĞÜ,2,2,False,-1,Municipal/Local,
buyer,ARTVİN BELEDİYESİ Destek Hizmetleri Müdürlüğü,1,1,True,8,Municipal/Local,
buyer,ATAKUM BELEDİYESİ BİLGİ İŞLEM MÜDÜRLÜĞÜ,2,2,True,6,Municipal/Local,
buyer,ATAKUM BELEDİYESİ İMAR VE ŞEHİRCİLİK MÜDÜRLÜĞÜ,1,1,True,20,Municipal/Local,
buyer,ATAŞEHİR BELEDİYESİ DESTEK HİZMETLERİ MÜDÜRLÜĞÜ,17,40,True,16,Municipal/Local,
buyer,AVCILAR BELEDİYESİ BİLGİ İŞLEM MÜDÜRLÜĞÜ,10,11,True,3,Municipal/Local,
buyer,AVCILAR BELEDİYESİ MALİ HİZMETLER MÜDÜRLÜĞÜ,1,1,True,13,Municipal/Local,
buyer,AVCILAR BELEDİYESİ İMAR VE ŞEHRİCİLİK MÜDÜRLÜĞÜ,1,1,True,3,Municipal/Local,
buyer,AVRUPA BİRLİĞİ BAŞKANLIĞI,1,1,False,-1,Other public,
buyer,AYBEL İNŞAAT ORGANİZASYON SPOR HİZMETLERİ TEMİZLİK GIDA SANAYİ VE TİCARET ANONİM ŞİRKETİ.,1,1,False,-1,Other public,
buyer,AYDIN BELEDİYESİ MALİ HİZMETLER MÜDÜRLÜĞÜ,1,1,True,16,Municipal/Local,
buyer,AYDIN BÜYÜKŞEHİR BELEDİYESİ DESTEK HİZMETLERİ DAİRE BAŞKANLIĞI,8,9,True,13,Municipal/Local,
buyer,AYDIN İL SAĞLIK MÜDÜRLÜĞÜ,1,1,True,1,Health,
buyer,AYDIN İl Özel İdaresi İL AFET VE ACİL DURUM MÜDÜRLÜĞÜ,1,1,False,-1,Provincial admin,
buyer,AYDINLAR BELEDİYE BAŞKANLIĞI,1,1,False,-1,Municipal/Local,
buyer,AYVALIK BELEDİYESİ DESTEK HİZMETLERİ MÜDÜRLÜĞÜ,1,1,True,6,Municipal/Local,
buyer,AYVALIK BELEDİYESİ Mali Hizmetler Müdürlüğü,1,1,True,8,Municipal/Local,
buyer,AZİZİYE BELEDİYESİ DESTEK HİZMETLERİ MÜDÜRLÜĞÜ,1,1,False,-1,Municipal/Local,
buyer,AZİZİYE BELEDİYESİ YAZI İŞLERİ MÜDÜRLÜĞÜ,1,1,False,-1,Municipal/Local,
buyer,Acil Sağlık Hizmetleri Genel Müdürlüğü SAĞLIK BAKANLIĞI BAKAN YARDIMCILIKLARI,2,4,True,21,Health,
buyer,Acıpayam Levent Devrim Birlikbaş Mesleki Eğitim Merkezi- MİLLİ EĞİTİM BAKANLIĞI BAKAN YARDIMCILIKLARI,1,1,False,-1,Education,
buyer,Adana Kamu Hastane Birliği SAĞLIK BAKANLIĞI TÜRKİYE KAMU HASTANELERİ KURUMU,2,3,True,18,Health,
buyer,Adana Numune Hastanesi SAĞLIK BAKANLIĞI BAKAN YARDIMCILIKLARI,3,3,True,28,Health,
buyer,Adana Prof. Dr. Nusret Karasu Göğüs Hastalıkları Hastanesi SAĞLIK BAKANLIĞI BAKAN YARDIMCILIKLARI,1,1,True,1,Health,
buyer,Adana Su ve Kanalizasyon İdaresi ASKİ Genel Müdürlüğü,14,15,True,5,Municipal/Local,
buyer,Adana Valiliği (YİKOB-maas için) İÇİŞLERİ BAKANLIĞI BAKAN YARDIMCILIĞI,3,3,True,5,Security/Interior,
buyer,Adana İl Emniyet Müdürlüğü İÇİŞLERİ BAKANLIĞI EMNİYET GENEL MÜDÜRLÜĞÜ,1,1,True,5,Security/Interior,
buyer,Adıyaman Halk Sağlığı Müdürlüğü SAĞLIK BAKANLIĞI TÜRKİYE HALK SAĞLIĞI KURUMU,1,2,True,18,Health,
buyer,Adıyaman İl Emniyet Müdürlüğü İÇİŞLERİ BAKANLIĞI EMNİYET GENEL MÜDÜRLÜĞÜ,1,1,False,-1,Security/Interior,
buyer,Afyonkarahisar Zübeydehanım Doğum ve Çocuk Hastanesi SAĞLIK BAKANLIĞI BAKAN YARDIMCILIKLARI,1,2,True,36,Health,
buyer,Afyonkarahisar Özel İdaresi Yazı İşleri Müdürlüğü,1,1,True,6,Other public,
buyer,Afyonkarahisar İl Kültür ve Turizm Müdürlüğü KÜLTÜR VE TURİZM BAKANLIĞI BAKAN YARDIMCILIKLARI,1,1,False,-1,Other public,
buyer,Ahlat İlçe Milli Eğitim Müdürlüğü- MİLLİ EĞİTİM BAKANLIĞI BAKAN YARDIMCILIKLARI,1,1,False,-1,Education,
buyer,Aile ve Sosyal Hizmetler İl Müdürlüğü AİLE VE SOSYAL HİZMETLER BAKANLIĞI BAKAN YARDIMCILIKLARI | IĞDIR,1,3,False,-1,Social/Finance,
buyer,Aile ve Sosyal Hizmetler İl Müdürlüğü AİLE VE SOSYAL HİZMETLER BAKANLIĞI BAKAN YARDIMCILIKLARI | KARS,1,1,False,-1,Social/Finance,
buyer,Aile ve Sosyal Hizmetler İl Müdürlüğü AİLE VE SOSYAL HİZMETLER BAKANLIĞI BAKAN YARDIMCILIKLARI | İZMİR,2,2,True,1,Social/Finance,
buyer,Akhisar Ticaret ve Sanayi Odası (ATSO)  Ağız ve Diş Sağlığı Merkezi SAĞLIK BAKANLIĞI BAKAN YARDIMCILIKLARI,1,1,True,36,Health,
buyer,Aksaray Halk Sağlığı Müdürlüğü SAĞLIK BAKANLIĞI TÜRKİYE HALK SAĞLIĞI KURUMU,2,5,True,1,Health,
buyer,Aksaray Kamu Hastane Birliği SAĞLIK BAKANLIĞI TÜRKİYE KAMU HASTANELERİ KURUMU,2,3,True,1,Health,
buyer,Aksaray İl Milli Eğitim Müdürlüğü- MİLLİ EĞİTİM BAKANLIĞI BAKAN YARDIMCILIKLARI,1,1,True,10,Education,
buyer,Akçaabat Haçkalı Baba Devlet Hastanesi SAĞLIK BAKANLIĞI BAKAN YARDIMCILIKLARI,2,3,True,36,Health,
buyer,Akçakale Tarım ve Orman Bakanlığı İlçe Müdürlüğü TARIM VE ORMAN BAKANLIĞI BAKAN YARDIMCILIKLARI,1,1,False,-1,Agriculture/Environment,
buyer,Alanya Zühtüye-Sabri Hatipoğlu Ağız ve Diş Sağlığı Merkezi SAĞLIK BAKANLIĞI BAKAN YARDIMCILIKLARI,1,1,True,34,Health,
buyer,"Altyapı ve Kentsel Dönüşüm Hizmetleri Genel Müdürlüğü ÇEVRE, ŞEHİRCİLİK VE İKLİM DEĞİŞİKLİĞİ BAKANLIĞI BAKAN YARDIMCILIKLARI",1,2,True,7,Agriculture/Environment,
buyer,Amasya DKMP İl Şube Müdürlüğü TARIM VE ORMAN BAKANLIĞI BAKAN YARDIMCILIKLARI,2,2,False,-1,Agriculture/Environment,
buyer,Amasya Halk Sağlığı Müdürlüğü SAĞLIK BAKANLIĞI TÜRKİYE HALK SAĞLIĞI KURUMU,1,3,True,1,Health,
buyer,Amasya Kamu Hastane Birliği SAĞLIK BAKANLIĞI TÜRKİYE KAMU HASTANELERİ KURUMU,1,1,True,12,Health,
buyer,Amasya Özel İdaresi Destek Hizmetleri Müdürlüğü,1,1,False,-1,Other public,
buyer,Amasya Özel İdaresi Eski Çeltek Kömür İşletmesi Müdürlüğü,1,1,False,-1,Other public,
buyer,Amasya İl Sağlık Müdürlüğü SAĞLIK BAKANLIĞI BAKAN YARDIMCILIKLARI,2,2,True,15,Health,
buyer,Amasya İli İlçeleri ve Beldeleri Katı Atık Bertaraf Tesisleri Yapma ve İşletme Birliği,1,1,True,7,Other public,
buyer,Anadolu Öğretmen Lisesi-Merkez MİLLİ EĞİTİM BAKANLIĞI BAKAN YARDIMCILIKLARI,2,2,False,-1,Education,
buyer,Anadolu Üniversitesi Döner Sermaye İşletmesi,8,10,True,7,Education,
buyer,Ankara Büyükşehir Belediyesi BASIN YAYIN VE HALKLA İLİŞKİLER DAİRESİ BAŞKANLIĞI,5,5,False,-1,Municipal/Local,
buyer,Ankara Büyükşehir Belediyesi Bilgi İşlem Dairesi Başkanlığı,40,51,True,21,Municipal/Local,
buyer,Ankara Büyükşehir Belediyesi Destek Hizmetleri Dairesi Başkanlığı,4,4,True,21,Municipal/Local,
buyer,Ankara Büyükşehir Belediyesi Fen İşleri Dairesi Başkanlığı,1,1,False,-1,Municipal/Local,
buyer,Ankara Büyükşehir Belediyesi MALİ HİZMETLER DAİRESİ BAŞKANLIĞI,1,1,True,16,Municipal/Local,
buyer,Ankara Büyükşehir Belediyesi İmar ve Şehircilik Dairesi Başkanlığı,2,3,True,6,Municipal/Local,
buyer,Ankara DKMP İl Şube Müdürlüğü TARIM VE ORMAN BAKANLIĞI BAKAN YARDIMCILIKLARI,2,2,False,-1,Agriculture/Environment,
buyer,Ankara Defterdarlığı Personel Müdürlüğü HAZİNE VE MALİYE BAKANLIĞI BAKAN YARDIMCILIKLARI,1,1,True,2,Social/Finance,
buyer,Ankara Doğal Elektrik Üretim ve Ticaret A.Ş.,1,1,True,6,Infrastructure/Transport,
buyer,Ankara Etlik İhtisas Eğitim ve Araştırma Hastanesi SAĞLIK BAKANLIĞI BAKAN YARDIMCILIKLARI,1,1,True,12,Health,
buyer,Ankara Fizik Tedavi Rehabilitasyon Merkezi SAĞLIK BAKANLIĞI BAKAN YARDIMCILIKLARI,2,7,True,1,Health,
buyer,Ankara Fizik Tedavi Rehabilitasyon Merkezi SAĞLIK BAKANLIĞI TÜRKİYE KAMU HASTANELERİ KURUMU,2,3,True,1,Health,
buyer,Ankara Hastanesi-Eğitim ve Araştırma SAĞLIK BAKANLIĞI BAKAN YARDIMCILIKLARI,3,3,True,30,Health,
buyer,Ankara Hastanesi-Eğitim ve Araştırma SAĞLIK BAKANLIĞI TÜRKİYE KAMU HASTANELERİ KURUMU,3,4,True,1,Health,
buyer,Ankara Meslek Hastalıkları Hastanesi SAĞLIK BAKANLIĞI BAKAN YARDIMCILIKLARI,1,1,True,1,Health,
buyer,Ankara Su ve Kanalizasyon İdaresi Genel Müdürlüğü Arıtma Tesisleri Dairesi Başkanlığı,1,1,True,24,Infrastructure/Transport,
buyer,Ankara Su ve Kanalizasyon İdaresi Genel Müdürlüğü Barajlar ve Ana İsale Hatları Dairesi Başkanlığı,1,1,False,-1,Infrastructure/Transport,
buyer,Ankara Su ve Kanalizasyon İdaresi Genel Müdürlüğü Bilgi İşlem Dairesi Başkanlığı,14,19,True,9,Infrastructure/Transport,
buyer,Ankara Su ve Kanalizasyon İdaresi Genel Müdürlüğü Emlak ve İstimlak Dairesi Başkanlığı,1,1,True,6,Infrastructure/Transport,
buyer,Ankara Valiliği (YİKOB-maas için) İÇİŞLERİ BAKANLIĞI BAKAN YARDIMCILIĞI,4,4,True,25,Security/Interior,
buyer,Ankara Vergi Dairesi  İdari ve Mali İşler Müdürlüğü HAZİNE VE MALİYE BAKANLIĞI GELİR İDARESİ BAŞKANLIĞI,1,1,False,-1,Social/Finance,
buyer,Ankara Çalış.Sos.Güv.Eğt.ve Araş.Mrk.Bşk. Döner Sermaye İşletmesi,1,1,False,-1,Other public,
buyer,Ankara Üniversitesi Döner Sermaye İşletmesi,1,1,True,0,Education,
buyer,Ankara İl Emniyet Müdürlüğü İÇİŞLERİ BAKANLIĞI EMNİYET GENEL MÜDÜRLÜĞÜ,2,2,True,23,Security/Interior,
buyer,Ankara İl Kültür ve Turizm Müdürlüğü KÜLTÜR VE TURİZM BAKANLIĞI BAKAN YARDIMCILIKLARI,1,1,True,37,Other public,
buyer,Antalya Büyükşehir Belediyesi Bilgi İşlem Dairesi Başkanlığı,9,13,True,16,Municipal/Local,
buyer,Antalya Büyükşehir Belediyesi Ulaşım Planlama ve Raylı Sistem Dairesi Başkanlığı,1,1,False,-1,Municipal/Local,
buyer,Antalya Büyükşehir Belediyesi İMAR VE ŞEHİRCİLİK DAİRESİ BAŞKANLIĞI,2,2,True,13,Municipal/Local,
buyer,Antalya Büyükşehir Belediyesi İTFAİYE DAİRESİ BAŞKANLIĞI,1,1,True,3,Municipal/Local,
buyer,Antalya Devlet Hastanesi -Atatürk SAĞLIK BAKANLIĞI BAKAN YARDIMCILIKLARI,1,1,True,19,Health,
buyer,Antalya Serik Devlet Hastanesi Başhekimliği,1,1,True,14,Health,
buyer,Antalya İl Emniyet Müdürlüğü İÇİŞLERİ BAKANLIĞI EMNİYET GENEL MÜDÜRLÜĞÜ,1,2,True,23,Security/Interior,
buyer,Antalya İl Özel İdaresi Destek Hizmetleri Müdürlüğü,1,1,False,-1,Provincial admin,
buyer,Araştırma ve Uygulama Hastanesi YÜKSEKÖĞRETİM KURUMLARI HARRAN ÜNİVERSİTESİ,3,3,True,13,Health,
buyer,Araştırma ve Uygulama Hastanesi YÜKSEKÖĞRETİM KURUMLARI MANİSA CELAL BAYAR ÜNİVERSİTESİ,1,3,True,26,Health,
buyer,Araştırma ve Uygulama Hastanesi YÜKSEKÖĞRETİM KURUMLARI YOZGAT BOZOK ÜNİVERSİTESİ,4,9,True,22,Health,
buyer,Arnavutköy Belediyesi Emlak ve İstimlak Müdürlüğü,2,4,True,3,Municipal/Local,
buyer,Arnavutköy Belediyesi İmar ve Şehircilik Müdürlüğü,1,1,True,20,Municipal/Local,
buyer,Artvin İl Özel İdaresi İhale ve Satınalma Müdürlüğü,3,3,True,13,Provincial admin,
buyer,Atatürk Eğitim Hastanesi-İzmir T.C.Sağlık Bkn.Katip Çelebi SAĞLIK BAKANLIĞI TÜRKİYE KAMU HASTANELERİ KURUMU,3,4,False,-1,Health,
buyer,Atatürk Kız Teknik-Anadolu Meslek Lisesi-Terzilik M.L. MİLLİ EĞİTİM BAKANLIĞI BAKAN YARDIMCILIKLARI,1,1,False,-1,Education,
buyer,Atatürk Orman Çiftliği Müdürlüğü TİCARET MÜDÜRLÜĞÜ,2,2,True,0,Agriculture/Environment,
buyer,Avrupa Birliği Genel Sekreterliği,2,2,True,0,Other public,
buyer,Avrupa Birliği ve Mali Yardımlar Dairesi Başkanlığı ÇALIŞMA VE SOSYAL GÜVENLİK BAKANLIĞI MÜSTEŞARLIK,1,1,True,39,Social/Finance,
buyer,Aydın Ağız ve Diş Sağlığı Merkezi- SAĞLIK BAKANLIĞI BAKAN YARDIMCILIKLARI,1,1,True,36,Health,
buyer,Aydın Dilek Yarımadası-Büyük Menderes Deltası Milli Park Md.Döner Sermaye İşletmesi,1,1,False,-1,Other public,
buyer,Aydın Halk Sağlığı Müdürlüğü SAĞLIK BAKANLIĞI TÜRKİYE HALK SAĞLIĞI KURUMU,2,2,True,8,Health,
buyer,Aydın Kamu Hastane Birliği SAĞLIK BAKANLIĞI TÜRKİYE KAMU HASTANELERİ KURUMU,2,2,True,12,Health,
buyer,Aydın Su ve Kanalizasyon İdaresi Genel Müdürlüğü Destek Hizmetleri Daire Başkanlığı,10,12,True,5,Infrastructure/Transport,
buyer,Aydın İl Sağlık Müdürlüğü SAĞLIK BAKANLIĞI BAKAN YARDIMCILIKLARI,1,1,True,10,Health,
buyer,AÇIK VE UZAKTAN ÖĞRETİM FAKÜLTESİ YÜKSEKÖĞRETİM KURUMLARI ATATÜRK ÜNİVERSİTESİ,4,4,True,9,Education,
buyer,Açık ve Uzaktan Eğitim Fakültesi YÜKSEKÖĞRETİM KURUMLARI İSTANBUL ÜNİVERSİTESİ,5,7,True,22,Education,
buyer,Açıköğretim Fakültesi YÜKSEKÖĞRETİM KURUMLARI ANADOLU ÜNİVERSİTESİ,2,2,True,7,Education,
buyer,AĞIZ VE DİŞ SAĞLIĞI UYGULAMA VE ARAŞTIRMA MERKEZİ YÜKSEKÖĞRETİM KURUMLARI KAFKAS ÜNİVERSİTESİ,1,1,True,10,Education,
buyer,AĞIZ ve DİŞ SAĞLIĞI MERKEZİ -MERSİN SAĞLIK BAKANLIĞI BAKAN YARDIMCILIKLARI,1,1,False,-1,Health,
buyer,AĞRI BELEDİYE BAŞKANLIĞI,1,2,True,7,Municipal/Local,
buyer,AĞRI İL SAĞLIK MÜDÜRLÜĞÜ,1,1,True,18,Health,
buyer,Ağrı Devlet Hastanesi - SAĞLIK BAKANLIĞI BAKAN YARDIMCILIKLARI,1,1,True,38,Health,
buyer,Ağrı İl Özel İdaresi Plan Proje Yatırım ve İnşaat Müdürlüğü,1,1,False,-1,Provincial admin,
buyer,Ağız ve Diş Sağlığı Eğitim ve Araştırma Hastanesi-Erzincan SAĞLIK BAKANLIĞI TÜRKİYE KAMU HASTANELERİ KURUMU,1,1,True,15,Health,
buyer,Ağız ve Diş Sağlığı Eğitim ve Araştırma Hastanesi-Karabük SAĞLIK BAKANLIĞI BAKAN YARDIMCILIKLARI,1,2,True,10,Health,
buyer,Ağız ve Diş Sağlığı Hastanesi - Nilüfer SAĞLIK BAKANLIĞI BAKAN YARDIMCILIKLARI,1,1,True,10,Health,
buyer,Ağız ve Diş Sağlığı Hastanesi -Düzce  SAĞLIK BAKANLIĞI BAKAN YARDIMCILIKLARI,1,1,False,-1,Health,
buyer,Ağız ve Diş Sağlığı Hastanesi -Malatya SAĞLIK BAKANLIĞI BAKAN YARDIMCILIKLARI,1,2,True,15,Health,
buyer,Ağız ve Diş Sağlığı Hastanesi -Malatya SAĞLIK BAKANLIĞI TÜRKİYE KAMU HASTANELERİ KURUMU,1,1,True,15,Health,
buyer,Ağız ve Diş Sağlığı Hastanesi-75.Yıl-Ankara SAĞLIK BAKANLIĞI BAKAN YARDIMCILIKLARI,1,2,True,15,Health,
buyer,Ağız ve Diş Sağlığı Hastanesi-Adana Yüreğir Karşıyaka SAĞLIK BAKANLIĞI BAKAN YARDIMCILIKLARI,1,1,True,18,Health,
buyer,Ağız ve Diş Sağlığı Hastanesi-Ataşehir SAĞLIK BAKANLIĞI BAKAN YARDIMCILIKLARI,1,5,True,10,Health,
buyer,Ağız ve Diş Sağlığı Hastanesi-Bağcılar SAĞLIK BAKANLIĞI BAKAN YARDIMCILIKLARI,1,3,True,15,Health,
buyer,Ağız ve Diş Sağlığı Hastanesi-Küçükçekmece SAĞLIK BAKANLIĞI BAKAN YARDIMCILIKLARI,1,6,True,10,Health,
buyer,Ağız ve Diş Sağlığı Hastanesi-Mersin SAĞLIK BAKANLIĞI TÜRKİYE KAMU HASTANELERİ KURUMU,2,2,True,34,Health,
buyer,Ağız ve Diş Sağlığı Hastanesi-Nimet Bayraktar SAĞLIK BAKANLIĞI BAKAN YARDIMCILIKLARI,1,1,True,10,Health,
buyer,Ağız ve Diş Sağlığı Hastanesi-Nimet Bayraktar SAĞLIK BAKANLIĞI TÜRKİYE KAMU HASTANELERİ KURUMU,1,1,True,10,Health,
buyer,Ağız ve Diş Sağlığı Hastanesi-Pendik SAĞLIK BAKANLIĞI BAKAN YARDIMCILIKLARI,1,2,True,10,Health,
buyer,Ağız ve Diş Sağlığı Hastanesi-Sivas SAĞLIK BAKANLIĞI BAKAN YARDIMCILIKLARI,1,2,True,12,Health,
buyer,Ağız ve Diş Sağlığı Hastanesi-Sivas SAĞLIK BAKANLIĞI TÜRKİYE KAMU HASTANELERİ KURUMU,1,2,True,12,Health,
buyer,Ağız ve Diş Sağlığı Hastanesi-Tepebaşı SAĞLIK BAKANLIĞI BAKAN YARDIMCILIKLARI,1,1,True,15,Health,
buyer,Ağız ve Diş Sağlığı Hastanesi-İstanbul Okmeydanı SAĞLIK BAKANLIĞI BAKAN YARDIMCILIKLARI,1,3,True,10,Health,
buyer,Ağız ve Diş Sağlığı Hastanesi-İstanbul Okmeydanı SAĞLIK BAKANLIĞI TÜRKİYE KAMU HASTANELERİ KURUMU,1,1,True,10,Health,
buyer,Ağız ve Diş Sağlığı Merkezi - Isparta SAĞLIK BAKANLIĞI BAKAN YARDIMCILIKLARI,1,1,True,18,Health,
buyer,Ağız ve Diş Sağlığı Merkezi SAĞLIK BAKANLIĞI BAKAN YARDIMCILIKLARI,1,4,True,10,Health,
buyer,Ağız ve Diş Sağlığı Merkezi- Başakşehir SAĞLIK BAKANLIĞI BAKAN YARDIMCILIKLARI,1,4,True,10,Health,
buyer,Ağız ve Diş Sağlığı Merkezi- Polatlı SAĞLIK BAKANLIĞI BAKAN YARDIMCILIKLARI,1,1,True,1,Health,
buyer,Ağız ve Diş Sağlığı Merkezi- SAĞLIK BAKANLIĞI BAKAN YARDIMCILIKLARI | ADANA,1,1,True,15,Health,
buyer,Ağız ve Diş Sağlığı Merkezi- SAĞLIK BAKANLIĞI BAKAN YARDIMCILIKLARI | NEVŞEHİR,1,1,True,10,Health,
buyer,Ağız ve Diş Sağlığı Merkezi- SAĞLIK BAKANLIĞI BAKAN YARDIMCILIKLARI | İZMİR,1,1,True,15,Health,
buyer,Ağız ve Diş Sağlığı Merkezi- SAĞLIK BAKANLIĞI TÜRKİYE KAMU HASTANELERİ KURUMU,1,1,True,14,Health,
buyer,Ağız ve Diş Sağlığı Merkezi- Sancaktepe SAĞLIK BAKANLIĞI BAKAN YARDIMCILIKLARI,1,5,True,10,Health,
buyer,Ağız ve Diş Sağlığı Merkezi- Sancaktepe SAĞLIK BAKANLIĞI TÜRKİYE KAMU HASTANELERİ KURUMU,1,1,True,10,Health,
buyer,Ağız ve Diş Sağlığı Merkezi- Sultangazi SAĞLIK BAKANLIĞI BAKAN YARDIMCILIKLARI,1,8,True,17,Health,
buyer,Ağız ve Diş Sağlığı Merkezi-75.Yıl-Ankara SAĞLIK BAKANLIĞI TÜRKİYE KAMU HASTANELERİ KURUMU,1,2,True,15,Health,
buyer,Ağız ve Diş Sağlığı Merkezi-ALİ FAHRİ AKILLIOĞLU SAĞLIK BAKANLIĞI BAKAN YARDIMCILIKLARI,1,1,True,36,Health,
buyer,Ağız ve Diş Sağlığı Merkezi-Afyonkarahisar SAĞLIK BAKANLIĞI TÜRKİYE KAMU HASTANELERİ KURUMU,1,1,True,36,Health,
buyer,Ağız ve Diş Sağlığı Merkezi-Ahmet Yüksel Özemre SAĞLIK BAKANLIĞI BAKAN YARDIMCILIKLARI,1,2,True,10,Health,
buyer,Ağız ve Diş Sağlığı Merkezi-Aksaray SAĞLIK BAKANLIĞI TÜRKİYE KAMU HASTANELERİ KURUMU,1,1,True,10,Health,
buyer,Ağız ve Diş Sağlığı Merkezi-Alanya SAĞLIK BAKANLIĞI BAKAN YARDIMCILIKLARI,1,1,False,-1,Health,
buyer,Ağız ve Diş Sağlığı Merkezi-Alsancak SAĞLIK BAKANLIĞI TÜRKİYE KAMU HASTANELERİ KURUMU,1,1,False,-1,Health,
buyer,Ağız ve Diş Sağlığı Merkezi-Ataşehir SAĞLIK BAKANLIĞI TÜRKİYE KAMU HASTANELERİ KURUMU,1,2,True,10,Health,
buyer,Ağız ve Diş Sağlığı Merkezi-Avcılar SAĞLIK BAKANLIĞI BAKAN YARDIMCILIKLARI,1,9,True,10,Health,
buyer,Ağız ve Diş Sağlığı Merkezi-Ağrı SAĞLIK BAKANLIĞI TÜRKİYE KAMU HASTANELERİ KURUMU,1,1,True,15,Health,
buyer,Ağız ve Diş Sağlığı Merkezi-Bahçelievler İstanbul SAĞLIK BAKANLIĞI BAKAN YARDIMCILIKLARI,1,2,True,15,Health,
buyer,Ağız ve Diş Sağlığı Merkezi-Bahçelievler İstanbul SAĞLIK BAKANLIĞI TÜRKİYE KAMU HASTANELERİ KURUMU,2,4,True,15,Health,
buyer,Ağız ve Diş Sağlığı Merkezi-Balgat SAĞLIK BAKANLIĞI BAKAN YARDIMCILIKLARI,2,3,True,15,Health,
buyer,Ağız ve Diş Sağlığı Merkezi-Balgat SAĞLIK BAKANLIĞI TÜRKİYE KAMU HASTANELERİ KURUMU,1,2,True,15,Health,
buyer,Ağız ve Diş Sağlığı Merkezi-Balıkesir SAĞLIK BAKANLIĞI BAKAN YARDIMCILIKLARI,1,1,True,1,Health,
buyer,Ağız ve Diş Sağlığı Merkezi-Balıkesir SAĞLIK BAKANLIĞI TÜRKİYE KAMU HASTANELERİ KURUMU,1,1,False,-1,Health,
buyer,Ağız ve Diş Sağlığı Merkezi-Beykoz SAĞLIK BAKANLIĞI BAKAN YARDIMCILIKLARI,1,7,True,10,Health,
buyer,Ağız ve Diş Sağlığı Merkezi-Beykoz SAĞLIK BAKANLIĞI TÜRKİYE KAMU HASTANELERİ KURUMU,1,1,True,15,Health,
buyer,Ağız ve Diş Sağlığı Merkezi-Bolu SAĞLIK BAKANLIĞI BAKAN YARDIMCILIKLARI,1,1,True,15,Health,
buyer,Ağız ve Diş Sağlığı Merkezi-Bursa İnegöl SAĞLIK BAKANLIĞI BAKAN YARDIMCILIKLARI,1,2,True,10,Health,
buyer,Ağız ve Diş Sağlığı Merkezi-Büyükçekmece SAĞLIK BAKANLIĞI BAKAN YARDIMCILIKLARI,1,3,True,10,Health,
buyer,Ağız ve Diş Sağlığı Merkezi-BİTLİS SAĞLIK BAKANLIĞI BAKAN YARDIMCILIKLARI,1,3,True,15,Health,
buyer,Ağız ve Diş Sağlığı Merkezi-Cizre SAĞLIK BAKANLIĞI TÜRKİYE KAMU HASTANELERİ KURUMU,1,1,True,34,Health,
buyer,Ağız ve Diş Sağlığı Merkezi-Denizli SAĞLIK BAKANLIĞI BAKAN YARDIMCILIKLARI,1,4,True,10,Health,
buyer,Ağız ve Diş Sağlığı Merkezi-Denizli SAĞLIK BAKANLIĞI TÜRKİYE KAMU HASTANELERİ KURUMU,2,3,True,12,Health,
buyer,Ağız ve Diş Sağlığı Merkezi-Diyarbakır SAĞLIK BAKANLIĞI TÜRKİYE KAMU HASTANELERİ KURUMU,3,3,True,14,Health,
buyer,Ağız ve Diş Sağlığı Merkezi-Duaçınarı SAĞLIK BAKANLIĞI BAKAN YARDIMCILIKLARI,1,2,True,10,Health,
buyer,Ağız ve Diş Sağlığı Merkezi-Duaçınarı SAĞLIK BAKANLIĞI TÜRKİYE KAMU HASTANELERİ KURUMU,1,2,True,14,Health,
buyer,Ağız ve Diş Sağlığı Merkezi-Dörtyol SAĞLIK BAKANLIĞI BAKAN YARDIMCILIKLARI,1,1,True,34,Health,
buyer,Ağız ve Diş Sağlığı Merkezi-Düzce SAĞLIK BAKANLIĞI BAKAN YARDIMCILIKLARI,1,1,True,34,Health,
buyer,Ağız ve Diş Sağlığı Merkezi-Düzce SAĞLIK BAKANLIĞI TÜRKİYE KAMU HASTANELERİ KURUMU,1,1,True,32,Health,
buyer,Ağız ve Diş Sağlığı Merkezi-Elbistan SAĞLIK BAKANLIĞI BAKAN YARDIMCILIKLARI,1,1,True,15,Health,
buyer,Ağız ve Diş Sağlığı Merkezi-Ereğli SAĞLIK BAKANLIĞI TÜRKİYE KAMU HASTANELERİ KURUMU,1,1,True,15,Health,
buyer,Ağız ve Diş Sağlığı Merkezi-Eyüpsultan  SAĞLIK BAKANLIĞI BAKAN YARDIMCILIKLARI,1,5,True,10,Health,
buyer,Ağız ve Diş Sağlığı Merkezi-Fethiye SAĞLIK BAKANLIĞI TÜRKİYE KAMU HASTANELERİ KURUMU,1,1,True,12,Health,
buyer,Ağız ve Diş Sağlığı Merkezi-Giresun SAĞLIK BAKANLIĞI BAKAN YARDIMCILIKLARI,1,1,True,15,Health,
buyer,Ağız ve Diş Sağlığı Merkezi-Gölbaşı SAĞLIK BAKANLIĞI BAKAN YARDIMCILIKLARI,1,3,True,15,Health,
buyer,Ağız ve Diş Sağlığı Merkezi-Gölbaşı SAĞLIK BAKANLIĞI TÜRKİYE KAMU HASTANELERİ KURUMU,1,1,True,15,Health,
buyer,Ağız ve Diş Sağlığı Merkezi-Göztepe  SAĞLIK BAKANLIĞI TÜRKİYE KAMU HASTANELERİ KURUMU,1,1,True,10,Health,
buyer,Ağız ve Diş Sağlığı Merkezi-Göztepe SAĞLIK BAKANLIĞI BAKAN YARDIMCILIKLARI,1,6,True,10,Health,
buyer,Ağız ve Diş Sağlığı Merkezi-Güngören SAĞLIK BAKANLIĞI BAKAN YARDIMCILIKLARI,1,1,True,15,Health,
buyer,Ağız ve Diş Sağlığı Merkezi-Hakkari SAĞLIK BAKANLIĞI TÜRKİYE KAMU HASTANELERİ KURUMU,1,1,True,20,Health,
buyer,Ağız ve Diş Sağlığı Merkezi-K.Maraş SAĞLIK BAKANLIĞI BAKAN YARDIMCILIKLARI,1,1,False,-1,Health,
buyer,Ağız ve Diş Sağlığı Merkezi-K.Maraş SAĞLIK BAKANLIĞI TÜRKİYE KAMU HASTANELERİ KURUMU,2,2,True,28,Health,
buyer,Ağız ve Diş Sağlığı Merkezi-Kadirli SAĞLIK BAKANLIĞI TÜRKİYE KAMU HASTANELERİ KURUMU,1,1,True,18,Health,
buyer,Ağız ve Diş Sağlığı Merkezi-Karabük SAĞLIK BAKANLIĞI BAKAN YARDIMCILIKLARI,1,1,True,12,Health,
buyer,Ağız ve Diş Sağlığı Merkezi-Karapürçek SAĞLIK BAKANLIĞI BAKAN YARDIMCILIKLARI,1,3,True,15,Health,
buyer,Ağız ve Diş Sağlığı Merkezi-Kars SAĞLIK BAKANLIĞI TÜRKİYE KAMU HASTANELERİ KURUMU,2,2,True,34,Health,
buyer,Ağız ve Diş Sağlığı Merkezi-Kartal SAĞLIK BAKANLIĞI BAKAN YARDIMCILIKLARI,1,2,True,10,Health,
buyer,Ağız ve Diş Sağlığı Merkezi-Kartal SAĞLIK BAKANLIĞI TÜRKİYE KAMU HASTANELERİ KURUMU,1,1,True,12,Health,
buyer,Ağız ve Diş Sağlığı Merkezi-Karşıyaka SAĞLIK BAKANLIĞI BAKAN YARDIMCILIKLARI,1,1,True,32,Health,
buyer,Ağız ve Diş Sağlığı Merkezi-Karşıyaka SAĞLIK BAKANLIĞI TÜRKİYE KAMU HASTANELERİ KURUMU,1,1,True,15,Health,
buyer,Ağız ve Diş Sağlığı Merkezi-Keçiören Osmanlı SAĞLIK BAKANLIĞI BAKAN YARDIMCILIKLARI,2,3,True,1,Health,
buyer,Ağız ve Diş Sağlığı Merkezi-Keçiören Osmanlı SAĞLIK BAKANLIĞI TÜRKİYE KAMU HASTANELERİ KURUMU,1,1,True,15,Health,
buyer,Ağız ve Diş Sağlığı Merkezi-Kırıkkale SAĞLIK BAKANLIĞI BAKAN YARDIMCILIKLARI,1,1,True,14,Health,
buyer,Ağız ve Diş Sağlığı Merkezi-Kırşehir SAĞLIK BAKANLIĞI BAKAN YARDIMCILIKLARI,1,1,True,15,Health,
buyer,Ağız ve Diş Sağlığı Merkezi-MANAVGAT SAĞLIK BAKANLIĞI TÜRKİYE KAMU HASTANELERİ KURUMU,1,1,True,12,Health,
buyer,Ağız ve Diş Sağlığı Merkezi-Mamak SAĞLIK BAKANLIĞI BAKAN YARDIMCILIKLARI,1,4,True,15,Health,
buyer,Ağız ve Diş Sağlığı Merkezi-Mamak SAĞLIK BAKANLIĞI TÜRKİYE KAMU HASTANELERİ KURUMU,1,1,True,15,Health,
buyer,Ağız ve Diş Sağlığı Merkezi-Manavgat SAĞLIK BAKANLIĞI BAKAN YARDIMCILIKLARI,1,1,True,12,Health,
buyer,Ağız ve Diş Sağlığı Merkezi-Manisa SAĞLIK BAKANLIĞI TÜRKİYE KAMU HASTANELERİ KURUMU,1,1,False,-1,Health,
buyer,Ağız ve Diş Sağlığı Merkezi-Mardin SAĞLIK BAKANLIĞI BAKAN YARDIMCILIKLARI,1,1,True,14,Health,
buyer,Ağız ve Diş Sağlığı Merkezi-Mardin SAĞLIK BAKANLIĞI TÜRKİYE KAMU HASTANELERİ KURUMU,1,1,True,14,Health,
buyer,Ağız ve Diş Sağlığı Merkezi-Muğla SAĞLIK BAKANLIĞI BAKAN YARDIMCILIKLARI,1,8,True,10,Health,
buyer,Ağız ve Diş Sağlığı Merkezi-Osmaniye SAĞLIK BAKANLIĞI TÜRKİYE KAMU HASTANELERİ KURUMU,1,1,False,-1,Health,
buyer,Ağız ve Diş Sağlığı Merkezi-Pursaklar SAĞLIK BAKANLIĞI BAKAN YARDIMCILIKLARI,1,2,True,15,Health,
buyer,Ağız ve Diş Sağlığı Merkezi-SALİHLİ SAĞLIK BAKANLIĞI BAKAN YARDIMCILIKLARI,1,1,True,26,Health,
buyer,Ağız ve Diş Sağlığı Merkezi-Sarıyer SAĞLIK BAKANLIĞI BAKAN YARDIMCILIKLARI,1,3,True,10,Health,
buyer,Ağız ve Diş Sağlığı Merkezi-Sincan SAĞLIK BAKANLIĞI BAKAN YARDIMCILIKLARI,1,1,True,15,Health,
buyer,Ağız ve Diş Sağlığı Merkezi-Sincan SAĞLIK BAKANLIĞI TÜRKİYE KAMU HASTANELERİ KURUMU,1,1,True,15,Health,
buyer,Ağız ve Diş Sağlığı Merkezi-Sinop SAĞLIK BAKANLIĞI TÜRKİYE KAMU HASTANELERİ KURUMU,1,1,True,15,Health,
buyer,Ağız ve Diş Sağlığı Merkezi-Sultanbeyli SAĞLIK BAKANLIĞI BAKAN YARDIMCILIKLARI,1,1,True,10,Health,
buyer,Ağız ve Diş Sağlığı Merkezi-Tarsus SAĞLIK BAKANLIĞI BAKAN YARDIMCILIKLARI,1,1,True,30,Health,
buyer,Ağız ve Diş Sağlığı Merkezi-Tekirdağ SAĞLIK BAKANLIĞI BAKAN YARDIMCILIKLARI,1,1,True,12,Health,
buyer,Ağız ve Diş Sağlığı Merkezi-Topraklık SAĞLIK BAKANLIĞI BAKAN YARDIMCILIKLARI,1,2,True,15,Health,
buyer,Ağız ve Diş Sağlığı Merkezi-Topraklık SAĞLIK BAKANLIĞI TÜRKİYE KAMU HASTANELERİ KURUMU,2,2,True,15,Health,
buyer,Ağız ve Diş Sağlığı Merkezi-Tunceli SAĞLIK BAKANLIĞI BAKAN YARDIMCILIKLARI,1,1,True,12,Health,
buyer,Ağız ve Diş Sağlığı Merkezi-Turgutlu SAĞLIK BAKANLIĞI BAKAN YARDIMCILIKLARI,2,3,True,15,Health,
buyer,Ağız ve Diş Sağlığı Merkezi-Van SAĞLIK BAKANLIĞI TÜRKİYE KAMU HASTANELERİ KURUMU,1,1,False,-1,Health,
buyer,Ağız ve Diş Sağlığı Merkezi-Zonguldak SAĞLIK BAKANLIĞI BAKAN YARDIMCILIKLARI,1,1,True,12,Health,
buyer,Ağız ve Diş Sağlığı Merkezi-Çankırı SAĞLIK BAKANLIĞI BAKAN YARDIMCILIKLARI,1,1,True,15,Health,
buyer,Ağız ve Diş Sağlığı Merkezi-Çekmeköy SAĞLIK BAKANLIĞI TÜRKİYE KAMU HASTANELERİ KURUMU,1,8,True,10,Health,
buyer,Ağız ve Diş Sağlığı Merkezi-Çerkezköy SAĞLIK BAKANLIĞI TÜRKİYE KAMU HASTANELERİ KURUMU,1,1,True,14,Health,
buyer,Ağız ve Diş Sağlığı Merkezi-ÜSKÜDAR SAĞLIK BAKANLIĞI BAKAN YARDIMCILIKLARI,1,4,True,10,Health,
buyer,Ağız ve Diş Sağlığı Merkezi-İskenderun SAĞLIK BAKANLIĞI BAKAN YARDIMCILIKLARI,1,1,True,32,Health,
buyer,Ağız ve Diş Sağlığı Merkezi-İstanbul Topçular SAĞLIK BAKANLIĞI BAKAN YARDIMCILIKLARI,2,6,True,17,Health,
buyer,Ağız ve Diş Sağlığı Uygulama ve Araştırma Merkezi YÜKSEKÖĞRETİM KURUMLARI DOKUZ EYLÜL ÜNİVERSİTESİ,1,1,True,15,Education,
buyer,AİLE VE SOSYAL HİZMETLER BAKANLIĞI DESTEK HİZMETLERİ DAİRE BAŞKANLIĞI AİLE VE SOSYAL HİZMETLER BAKANLIĞI BAKAN YARDIMCILIKLARI,1,1,False,-1,Social/Finance,
buyer,BAFRA BELEDİYESİ MAKİNE İKMAL VE BAKIM ONARIM MÜDÜRLÜĞÜ,1,1,True,3,Municipal/Local,
buyer,BAFRA BELEDİYESİ ÇEVRE KORUMA VE TEMİZLİK HİZMETLERİ MÜDÜRLÜĞÜ,1,1,True,3,Municipal/Local,
buyer,BAHÇELİEVLER BELEDİYESİ DESTEK HİZMETLER MÜDÜRLÜĞÜ,10,12,True,33,Municipal/Local,
buyer,BAKIRKÖY BELEDİYESİ BİLGİ İŞLEM MÜDÜRLÜĞÜ,1,1,True,5,Municipal/Local,
buyer,BAKIRKÖY BELEDİYESİ DESTEK HİZMETLERİ MÜDÜRLÜĞÜ,3,3,True,3,Municipal/Local,
buyer,BAKIRKÖY BELEDİYESİ FEN İŞLERİ MÜDÜRLÜĞÜ,1,1,False,-1,Municipal/Local,
buyer,BAKIRKÖY BELEDİYESİ HUKUK İŞLERİ MÜDÜRLÜĞÜ,2,3,False,-1,Municipal/Local,
buyer,BAKIRKÖY BELEDİYESİ MALİ HİZMETLER MÜDÜRLÜĞÜ,2,2,True,9,Municipal/Local,
buyer,BAKIRKÖY Ruh VE  Sinir Hastalıkları Hastanesi SAĞLIK BAKANLIĞI BAKAN YARDIMCILIKLARI,1,1,True,19,Health,
buyer,BALCALI HASTANESİ BAŞHEKİMLİĞİ,1,1,True,30,Health,
buyer,BALIKESİR BELEDİYESİ BİLGİ İŞLEM MÜDÜRLÜĞÜ,4,4,True,16,Municipal/Local,
buyer,BALIKESİR BÜYÜKŞEHİR BELEDİYESİ BİLGİ İŞLEM DAİRESİ BAŞKANLIĞI,19,29,True,16,Municipal/Local,
buyer,BALIKESİR BÜYÜKŞEHİR BELEDİYESİ KÜLTÜR VE SOSYAL İŞLER DAİRESİ BAŞKANLIĞI,1,1,True,2,Municipal/Local,
buyer,BALIKESİR BÜYÜKŞEHİR BELEDİYESİ ULAŞIM PLANLAMA VE RAYLI SİSTEMLER DAİRESİ BAŞKANLIĞI,4,5,True,40,Municipal/Local,
buyer,BALIKESİR BÜYÜKŞEHİR BELEDİYESİ İMAR VE ŞEHİRCİLİK DAİRESİ BAŞKANLIĞI,5,6,True,21,Municipal/Local,
buyer,BALIKESİR BÜYÜKŞEHİR BELEDİYESİ İTFAİYE DAİRESİ BAŞKANLIĞI,1,1,True,9,Municipal/Local,
buyer,BALIKESİR GAYRİMENKUL YATIRIM VE GIDA ANONİM ŞİRKETİ GENEL MÜDÜRLÜĞÜ,1,1,False,-1,Other public,
buyer,BANDIRMA BELEDİYESİ,2,3,True,5,Municipal/Local,
buyer,BARTIN AĞIZ VE DİŞ SAĞLIĞI MERKEZİ BAŞHEKİMLİĞİ,1,2,True,18,Other public,
buyer,BARTIN DEVLET HASTANESİ BAŞHEKİMLİĞİ,1,2,True,18,Health,
buyer,BARTIN İL SAĞLIK MÜDÜRLÜĞÜ,3,3,True,18,Health,
buyer,BATMAN BELEDİYESİ BİLGİ İŞLEM MÜDÜRLÜĞÜ,2,2,True,28,Municipal/Local,
buyer,BATMAN BELEDİYESİ DESTEK HİZMETLERİ MÜDÜRLÜĞÜ,1,1,False,-1,Municipal/Local,
buyer,BATMAN BELEDİYESİ ULAŞIM MÜDÜRLÜĞÜ,2,2,True,0,Municipal/Local,
buyer,BATMAN BELEDİYESİ İMAR VE ŞEHİRCİLİK MÜDÜRLÜĞÜ,1,1,True,3,Municipal/Local,
buyer,BATMAN EĞİTİM VE ARAŞTIRMA HASTANESİ BAŞHEKİMLİĞİ,1,1,False,-1,Health,
buyer,BATMAN İL ÖZEL İDARESİ,1,1,True,6,Provincial admin,
buyer,BATTALGAZİ  BELEDİYESİ,4,4,True,7,Municipal/Local,
buyer,BAYINDIR BELEDİYESİ DESTEK HİZMETLERİ MÜDÜRLÜĞÜ,1,1,True,5,Municipal/Local,
buyer,BAYRAKLI BELEDİYESİ BİLGİ İŞLEM MÜDÜRLÜĞÜ,5,5,True,27,Municipal/Local,
buyer,BAYRAMPAŞA BELEDİYESİ DESTEK HİZMETLERİ MÜDÜRLÜĞÜ,3,6,True,19,Municipal/Local,
buyer,BAĞCILAR BELEDİYESİ Basın Yayın ve Halkla İlişkiler Müdürlüğü,1,1,False,-1,Municipal/Local,
buyer,BAĞCILAR BELEDİYESİ Basın ve Yayın Müdürlüğü,1,1,False,-1,Municipal/Local,
buyer,BAĞCILAR BELEDİYESİ Bilgi İşlem Müdürlüğü,1,1,True,5,Municipal/Local,
buyer,BAĞCILAR BELEDİYESİ KÜLTÜR VE SOSYAL İŞLER MÜDÜRLÜĞÜ,1,1,False,-1,Municipal/Local,
buyer,BAĞCILAR BELEDİYESİ STRATEJİ GELİŞTİRME MÜDÜRLÜĞÜ,1,1,True,3,Municipal/Local,
buyer,BAĞCILAR BELEDİYESİ Sağlık İşleri Müdürlüğü,1,1,True,7,Municipal/Local,
buyer,BAŞAKŞEHİR BELEDİYESİ BİLGİ İŞLEM MÜDÜRLÜĞÜ,24,56,True,3,Municipal/Local,
buyer,BAŞAKŞEHİR BELEDİYESİ DESTEK HİZMETLERİ MÜDÜRLÜĞÜ,1,1,True,3,Municipal/Local,
buyer,BAŞAKŞEHİR BELEDİYESİ Gençlik ve Spor İşleri Müdürlüğü,1,5,True,3,Municipal/Local,
buyer,BAŞAKŞEHİR BELEDİYESİ KÜLTÜR VE SOSYAL İŞLER MÜDÜRLÜĞÜ,1,1,True,3,Municipal/Local,
buyer,BAŞAKŞEHİR BELEDİYESİ MALİ HİZMETLER MÜDÜRLÜĞÜ,2,2,True,3,Municipal/Local,
buyer,BAŞAKŞEHİR BELEDİYESİ SAĞLIK İŞLERİ MÜDÜRLÜĞÜ,1,1,True,7,Municipal/Local,
buyer,BAŞAKŞEHİR BELEDİYESİ SOSYAL YARDIM İŞLERİ MÜDÜRLÜĞÜ,1,1,False,-1,Municipal/Local,
buyer,BAŞAKŞEHİR BELEDİYESİ Çevre Koruma ve Kontrol Müdürlüğü,1,1,False,-1,Municipal/Local,
buyer,BAŞAKŞEHİR BELEDİYESİ İNOVASYON ve TEKNOLOJİ MÜDÜRLÜĞÜ,15,25,True,3,Municipal/Local,
buyer,BAŞBAKANLIK AFET VE ACİL DURUM YÖNETİMİ BAŞKANLIĞI YÖNETİM HİZMETLERİ DAİRESİ BAŞKANLIĞI,10,12,True,2,Security/Interior,
buyer,BAŞBAKANLIK GÜMRÜK MÜSTEŞARLIĞI Muhabere ve Elektronik Dairesi Başkanlığı,1,3,True,0,Social/Finance,
buyer,BAŞBAKANLIK HAZİNE MÜSTEŞARLIĞI Ekonomik Araştirmalar Genel Müdürlüğü,13,21,True,0,Social/Finance,
buyer,BAŞBAKANLIK Milli Güvenlik Kurulu Genel Sekreterliği,3,5,True,0,Other public,
buyer,BAŞBAKANLIK MÜSTEŞARLIK Devlet Arşivleri Genel Müdürlüğü,2,2,True,2,Other public,
buyer,BAŞKANLIK HİZMET BİRİMLERİ DİĞER ÖZEL BÜTÇELİ KURULUŞLAR TÜRKİYE İNSAN HAKLARI VE EŞİTLİK KURUMU,1,1,True,35,Other public,
buyer,BAŞKANLIK VE HİZMET BİRİMLERİ DÜZENLEYİCİ VE DENETLEYİCİ KURUMLAR KİŞİSEL VERİLERİ KORUMA KURUMU,21,47,True,0,Other public,
buyer,BAŞİSKELE BELEDİYE BAŞKANLIĞI,4,4,True,7,Municipal/Local,
buyer,BELBİM ELEKTRONİK PARA VE ÖDEME HİZMETLERİ ANONİM ŞİRKETİ,7,8,True,4,Other public,
buyer,BELKA ANK.KA.AT.AYK. EN.DE.Bİ.İN.NAK.VE T AH.YEM SAN.VE TİC.A.,1,1,False,-1,Other public,
buyer,BELPA ANKARA EĞT.SAĞHİZ.İNŞ.EN.GI.TEİTH.İHR.TİC.A.Ş.,1,1,True,27,Other public,
buyer,BELTUR BÜYÜK İST.EĞİ TURZ.VE SAĞ.YAT.İŞLT VE TİC.A.Ş.,3,5,False,-1,Other public,
buyer,BERGAMA BELEDİYESİ Zabıta Müdürlüğü,1,1,False,-1,Municipal/Local,
buyer,BERGAMA BELEDİYESİ İmar ve Şehircilik Müdürlüğü,1,1,True,20,Municipal/Local,
buyer,BERGAMA BELEDİYESİ İnsan Kaynakları ve Eğitim Müdürlüğü,1,1,True,2,Municipal/Local,
buyer,BEYA PERSONEL ORGANİZASYON VE TANITIM SANAYİ TİCARET ANONİM ŞİRKETİ,2,2,True,31,Other public,
buyer,BEYKOZ BELEDİYE BAŞKANLIĞI - BİLGİ İŞLEM MÜDÜRLÜĞÜ,4,4,True,3,Municipal/Local,
buyer,BEYKOZ BELEDİYESİ BİLGİ İŞLEM MÜDÜRLÜĞÜ,9,15,True,3,Municipal/Local,
buyer,BEYKOZ BELEDİYESİ EMLAK VE İSTİMLAK MÜDÜRLÜĞÜ,1,1,True,3,Municipal/Local,
buyer,BEYKOZ BELEDİYESİ Park ve Bahçeler Müdürlüğü,1,1,False,-1,Municipal/Local,
buyer,BEYKOZ BELEDİYESİ SAĞLIK İŞLERİ MÜDÜRLÜĞÜ,1,1,False,-1,Municipal/Local,
buyer,BEYKOZ BELEDİYESİ TEMİZLİK İŞLERİ MÜDÜRLÜĞÜ,2,4,True,7,Municipal/Local,
buyer,BEYOĞLU BELEDİYESİ BİLGİ İŞLEM MÜDÜRLÜĞÜ,10,13,True,5,Municipal/Local,
buyer,BEYOĞLU BELEDİYESİ DESTEK HİZMETLERİ MÜDÜRLÜĞÜ,1,1,False,-1,Municipal/Local,
buyer,BEYOĞLU BELEDİYESİ HALKLA İLİŞKİLER MÜDÜRLÜĞÜ,2,3,True,3,Municipal/Local,
buyer,BEYOĞLU BELEDİYESİ KADIN VE AİLE HİZMETLERİ MÜDÜRLÜĞÜ,1,1,False,-1,Municipal/Local,
buyer,BEYOĞLU BELEDİYESİ İNSAN KAYNAKLARI VE EĞİTİM MÜDÜRLÜĞÜ,1,1,False,-1,Municipal/Local,
buyer,BEYPAZARI BELEDİYESİ DESTEK HİZMETLERİ MÜDÜRLÜĞÜ,1,1,False,-1,Municipal/Local,
buyer,BEYPAZARI BELEDİYESİ Kültür ve Sosyal İşler Müdürlüğü,1,1,True,0,Municipal/Local,
buyer,BEĞENDİK BELEDİYESİ,1,1,True,7,Municipal/Local,
buyer,BEŞİKTAŞ BELEDİYE BAŞKANLIĞI - DESTEK HİZMETLERİ MÜDÜRLÜĞÜ,1,1,False,-1,Municipal/Local,
buyer,BEŞİKTAŞ BELEDİYESİ BİLGİ İŞLEM MÜDÜRLÜĞÜ,2,2,True,16,Municipal/Local,
buyer,BEŞİKTAŞ BELEDİYESİ DESTEK HİZMETLERİ MÜDÜRLÜĞÜ,6,10,True,16,Municipal/Local,
buyer,BEŞİKTAŞ BELEDİYESİ PERSONEL HİZMETLERİ ANONİM ŞİRKETİ,1,1,True,5,Municipal/Local,
buyer,BODRUM BELEDİYESİ DESTEK HİZMETLERİ MÜDÜRLÜĞÜ,2,2,True,31,Municipal/Local,
buyer,BODRUM BELEDİYESİ MALİ HİZMETLER MÜDÜRLÜĞÜ,3,3,True,6,Municipal/Local,
buyer,BOLU BELEDİYESİ MALİ  HİZMETLER MÜDÜRLÜĞÜ,6,6,True,16,Municipal/Local,
buyer,BOLVADİN BELEDİYE BAŞKANLIĞI,1,1,True,31,Municipal/Local,
buyer,BORNOVA BELEDİYESİ B.Y.Halkla İlişkiler Müdürlüğü,1,1,False,-1,Municipal/Local,
buyer,BORNOVA BELEDİYESİ Bilgi İşlem Müdürlüğü,6,6,True,21,Municipal/Local,
buyer,BORU HATLARI İLE PETROL TAŞIMA A.Ş (BOTAŞ) Doğal Gaz İletim ve Piyasa İşlemleri Daire Başkanlığı,3,4,True,13,Infrastructure/Transport,
buyer,BORU HATLARI İLE PETROL TAŞIMA A.Ş (BOTAŞ) Petrol İşletmeleri Bölge Müdürlüğü(Ceyhan),1,1,True,0,Infrastructure/Transport,
buyer,BORU HATLARI İLE PETROL TAŞIMA A.Ş (BOTAŞ) Tedarik ve Sözleşmeler Daire Başkanlığı,10,16,True,0,Infrastructure/Transport,
buyer,BOYABAT BELEDİYESİ FEN İŞLERİ MÜDÜRLÜĞÜ,1,1,True,3,Municipal/Local,
buyer,BOZCAADA BELEDİYESİ Fen İşleri,1,1,True,39,Municipal/Local,
buyer,BOZOVA BELEDİYESİ FEN İŞLERİ MÜDÜRLÜĞÜ,1,1,True,28,Municipal/Local,
buyer,BOZÜYÜK BELEDİYESİ,3,3,True,20,Municipal/Local,
buyer,BOĞAZLIYAN BELEDİYESİ FEN İŞLERİ MÜDÜRLÜĞÜ,1,1,True,19,Municipal/Local,
buyer,BOĞAZLIYAN BELEDİYESİ MALİ HİZMETLER MÜDÜRLÜĞÜ,1,1,False,-1,Municipal/Local,
buyer,BOĞAZİÇİ TESİS YÖNETİM HİZMETLERİ SANAYİ VE TİCARET ANONİM ŞİRKETİ,6,11,True,5,Other public,
buyer,BOĞAZİÇİ ÜNİVERSİTESİ REKTÖRLÜĞÜ - İDARİ VE MALİ İŞLER DAİRE BAŞKANLIĞI,1,1,True,0,Education,
buyer,BUCA BELEDİYESİ DESTEK HİZMETLER MÜDÜRLÜĞÜ,8,9,True,2,Municipal/Local,
buyer,BUCAK BELEDİYESİ ZABITA MÜDÜRLÜĞÜ,1,1,False,-1,Municipal/Local,
buyer,BUCAK BELEDİYESİ ÖZEL KALEM MÜDÜRLÜĞÜ,1,1,True,11,Municipal/Local,
buyer,BUGSAŞ BAŞKENT ULAŞI M VE DOĞALGAZ Hİ Z.PROJE TAAH.A.Ş,1,1,True,35,Other public,
buyer,BUHARKENT BELEDİYESİ SU HİZMETLERİ BİRİMİ,1,1,False,-1,Municipal/Local,
buyer,BURDUR BELEDİYESİ DESTEK HİZMETLERİ MÜDÜRLÜĞÜ,2,2,True,16,Municipal/Local,
buyer,BURDUR GENÇLİK VE SPOR İL MÜDÜRLÜĞÜ GENÇLİK VE SPOR İL MÜDÜRLÜKLERİ GENÇLİK VE SPOR İL MÜDÜRLÜĞÜ,1,1,False,-1,Other public,
buyer,BURDUR MEHMET AKİF ERSOY ÜNİVERSİTESİ REKTÖRLÜĞÜ - İDARİ VE MALİ İŞLER DAİRE BAŞKANLIĞI,1,1,True,2,Education,
buyer,BURHANİYE BELEDİYESİ FEN İŞLERİ MÜDÜRLÜĞÜ,1,1,False,-1,Municipal/Local,
buyer,BURSA BÜYÜKŞEHİR BELEDİYESİ BURSA SU VE KANALİZASYON İDARESİ GENEL MÜDÜRLÜĞÜ (BUSKİ),6,6,True,9,Municipal/Local,
buyer,BURSA DOĞA KORUMA VE MİLLİ PARKLAR MÜDÜRLÜĞÜ,1,2,False,-1,Agriculture/Environment,
buyer,BURSA MUDANYA DEVLET HASTANESİ BAŞHEKİMLİĞİ,1,1,True,14,Health,
buyer,BURSA ORHANELİ DEVLET HASTANESİ BAŞHEKİMLİĞİ,1,1,True,14,Health,
buyer,BURSA ULUDAĞ ÜNİVERSİTESİ HASTANESİ BAŞHEKİMLİĞİ,2,3,True,12,Health,
buyer,BURSA İL SAĞLIK MÜDÜRLÜĞÜ BURSA KESTEL DEVLET HASTANESİ BAŞHEKİMLİĞİ,1,1,True,14,Health,
buyer,BURULAŞ BURSA ULAŞIM TOPLU TAŞIM İŞLETMECİLİĞİ TURİZM SANAYİ VE TİCARET A.Ş.,1,1,False,-1,Infrastructure/Transport,
buyer,Bafra Kaymakamlığı İÇİŞLERİ BAKANLIĞI BAKAN YARDIMCILIĞI,1,1,False,-1,Security/Interior,
buyer,Bakanlık Hizmet Birimleri AVRUPA BİRLİĞİ BAKANLIĞI MÜSTEŞARLIK,1,1,True,0,Other public,
buyer,Bakırköy Adliyesi ADALET BAKANLIĞI BAKAN YARDIMCILIKLARI,1,1,False,-1,Justice,
buyer,Bakırköy Dr.Sadi Konuk Eğitim ve Araştırma Hastanesi SAĞLIK BAKANLIĞI BAKAN YARDIMCILIKLARI,1,1,True,26,Health,
buyer,Baltalimanı Kemik Hastanesi SAĞLIK BAKANLIĞI BAKAN YARDIMCILIKLARI,2,4,True,17,Health,
buyer,Baltalimanı Kemik Hastanesi SAĞLIK BAKANLIĞI TÜRKİYE KAMU HASTANELERİ KURUMU,2,5,True,17,Health,
buyer,Balıkesir Halk Sağlığı Müdürlüğü SAĞLIK BAKANLIĞI TÜRKİYE HALK SAĞLIĞI KURUMU,3,3,True,1,Health,
buyer,Balıkesir Kamu Hastane Birliği SAĞLIK BAKANLIĞI TÜRKİYE KAMU HASTANELERİ KURUMU,4,5,True,12,Health,
buyer,Balıkesir Su ve Kanalizasyon İdaresi Genel Müdürlüğü Ticaret İşleri Dairesi Başkanlığı,4,5,True,10,Infrastructure/Transport,
buyer,Bartın Halk Sağlığı Müdürlüğü SAĞLIK BAKANLIĞI TÜRKİYE HALK SAĞLIĞI KURUMU,3,3,True,36,Health,
buyer,Bartın İl Özel İdaresi,1,1,True,5,Provincial admin,
buyer,Batman Halk Sağlığı Müdürlüğü SAĞLIK BAKANLIĞI TÜRKİYE HALK SAĞLIĞI KURUMU,1,1,True,17,Health,
buyer,Batman Kamu Hastane Birliği SAĞLIK BAKANLIĞI TÜRKİYE KAMU HASTANELERİ KURUMU,3,3,True,1,Health,
buyer,Batman Valiliği İÇİŞLERİ BAKANLIĞI BAKAN YARDIMCILIĞI,1,1,True,17,Security/Interior,
buyer,Batman İl Milli Eğitim Müdürlüğü- MİLLİ EĞİTİM BAKANLIĞI BAKAN YARDIMCILIKLARI,2,2,False,-1,Education,
buyer,Batman İl Özel İdaresi,1,1,True,20,Provincial admin,
buyer,Bayburt DKMP İl Şube Müdürlüğü TARIM VE ORMAN BAKANLIĞI BAKAN YARDIMCILIKLARI,1,1,False,-1,Agriculture/Environment,
buyer,Bayburt Kamu Hastane Birliği SAĞLIK BAKANLIĞI TÜRKİYE KAMU HASTANELERİ KURUMU,1,1,True,1,Health,
buyer,Bayburt İl Özel İdaresi Destek Hizmetleri Müdürlüğü (İhale ve Satın Alma Biirirmi),1,1,True,13,Provincial admin,
buyer,Bayramiç-Ezine Ovaları Sulama Birliği,1,1,False,-1,Other public,
buyer,Bayındırlık ve İskan Merkez Müdürlüğü Döner Sermaye İşletmesi,1,1,True,27,Other public,
buyer,Başkale -İlçe Milli Eğitim Müdürlüğü-Okul Öncesi ve İlköğretim Okulları MİLLİ EĞİTİM BAKANLIĞI BAKAN YARDIMCILIKLARI,1,1,False,-1,Education,
buyer,Başkan Yardımcılığı SAYIŞTAY BAŞKAN YARDIMCILIĞI,6,8,True,0,Social/Finance,
buyer,Başkent Doğalgaz Dağıtım A.Ş Satınalma Müdürlüğü,1,1,True,2,Infrastructure/Transport,
buyer,Başyayla İlçe Milli Eğitim Müdürlüğü- MİLLİ EĞİTİM BAKANLIĞI BAKAN YARDIMCILIKLARI,1,1,False,-1,Education,
buyer,Beylikdüzü Belediye Başkanlığı,11,23,True,3,Municipal/Local,
buyer,Beşiktaş Sait Çiftçi Devlet Hastanesi SAĞLIK BAKANLIĞI BAKAN YARDIMCILIKLARI,2,5,True,18,Health,
buyer,Bilecik İl Milli Eğitim Müdürlüğü- MİLLİ EĞİTİM BAKANLIĞI BAKAN YARDIMCILIKLARI,2,2,False,-1,Education,
buyer,Bilecik İl Özel İdaresi DESTEK HİZMETLERİ MÜDÜRLÜĞÜ,1,1,False,-1,Provincial admin,
buyer,Bilgi Güvenliği ve Yönetimi Daire Başkanlığı DİĞER ÖZEL BÜTÇELİ KURULUŞLAR ÖLÇME SEÇME VE YERLEŞTİRME MERKEZİ BAŞKANLIĞI,2,3,True,0,Other public,
buyer,Bilgi Sistemleri ve Haberleşme Dairesi Başkanlığı BAŞBAKANLIK AFET VE ACİL DURUM YÖNETİMİ BAŞKANLIĞI,2,2,True,0,Security/Interior,
buyer,Bilgi Sistemleri ve İstatistik Dairesi Başkanlığı ÇALIŞMA VE SOSYAL GÜVENLİK BAKANLIĞI DEVLET PERSONEL BAŞKANLIĞI,1,1,True,0,Social/Finance,
buyer,Bilgi Teknolojileri Daire Başkanlığı İÇİŞLERİ BAKANLIĞI EMNİYET GENEL MÜDÜRLÜĞÜ,2,2,True,0,Security/Interior,
buyer,Bilgi Teknolojileri Genel Müdürlüğü  TİCARET BAKANLIĞI BAKAN YARDIMCILIKLARI,24,45,True,0,Social/Finance,
buyer,Bilgi İşlem Başkanlığı TÜRKİYE BÜYÜK MİLLET MECLİSİ GENEL SEKRETERLİK,11,14,True,0,Other public,
buyer,Bilgi İşlem Daire Başkanlığı YÜKSEKÖĞRETİM KURUMLARI  MUNZUR ÜNİVERSİTESİ,1,1,True,8,Education,
buyer,Bilgi İşlem Daire Başkanlığı YÜKSEKÖĞRETİM KURUMLARI ADIYAMAN ÜNİVERSİTESİ,4,5,True,11,Education,
buyer,Bilgi İşlem Daire Başkanlığı YÜKSEKÖĞRETİM KURUMLARI AKDENİZ ÜNİVERSİTESİ,1,1,False,-1,Education,
buyer,Bilgi İşlem Daire Başkanlığı YÜKSEKÖĞRETİM KURUMLARI AMASYA ÜNİVERSİTESİ,1,1,False,-1,Education,
buyer,Bilgi İşlem Daire Başkanlığı YÜKSEKÖĞRETİM KURUMLARI ANKARA ÜNİVERSİTESİ,5,6,True,7,Education,
buyer,Bilgi İşlem Daire Başkanlığı YÜKSEKÖĞRETİM KURUMLARI ARDAHAN ÜNİVERSİTESİ,1,1,False,-1,Education,
buyer,Bilgi İşlem Daire Başkanlığı YÜKSEKÖĞRETİM KURUMLARI ARTVİN ÇORUH ÜNİVERSİTESİ,5,6,True,2,Education,
buyer,Bilgi İşlem Daire Başkanlığı YÜKSEKÖĞRETİM KURUMLARI AYDIN ADNAN MENDERES ÜNİVERSİTESİ,5,8,True,7,Education,
buyer,Bilgi İşlem Daire Başkanlığı YÜKSEKÖĞRETİM KURUMLARI AĞRI İBRAHİM ÇEÇEN ÜNİVERSİTESİ,3,3,True,7,Education,
buyer,Bilgi İşlem Daire Başkanlığı YÜKSEKÖĞRETİM KURUMLARI BANDIRMA ONYEDİ EYLÜL ÜNİVERSİTESİ,1,1,False,-1,Education,
buyer,Bilgi İşlem Daire Başkanlığı YÜKSEKÖĞRETİM KURUMLARI BATMAN ÜNİVERSİTESİ,5,7,True,2,Education,
buyer,Bilgi İşlem Daire Başkanlığı YÜKSEKÖĞRETİM KURUMLARI BAYBURT ÜNİVERSİTESİ,2,2,True,2,Education,
buyer,Bilgi İşlem Daire Başkanlığı YÜKSEKÖĞRETİM KURUMLARI BOLU ABANT İZZET BAYSAL ÜNİVERSİTESİ,5,6,True,2,Education,
buyer,Bilgi İşlem Daire Başkanlığı YÜKSEKÖĞRETİM KURUMLARI BOĞAZİÇİ ÜNİVERSİTESİ,3,3,True,7,Education,
buyer,Bilgi İşlem Daire Başkanlığı YÜKSEKÖĞRETİM KURUMLARI BURDUR MEHMET AKİF ERSOY ÜNİVERSİTESİ,1,1,True,11,Education,
buyer,Bilgi İşlem Daire Başkanlığı YÜKSEKÖĞRETİM KURUMLARI BURSA ULUDAĞ ÜNİVERSİTESİ,1,1,True,8,Education,
buyer,Bilgi İşlem Daire Başkanlığı YÜKSEKÖĞRETİM KURUMLARI BİLECİK ŞEYH EDEBALİ ÜNİVERSİTESİ,2,2,False,-1,Education,
buyer,Bilgi İşlem Daire Başkanlığı YÜKSEKÖĞRETİM KURUMLARI BİTLİS EREN ÜNİVERSİTESİ,2,3,True,23,Education,
buyer,Bilgi İşlem Daire Başkanlığı YÜKSEKÖĞRETİM KURUMLARI DİCLE ÜNİVERSİTESİ,2,2,True,2,Education,
buyer,Bilgi İşlem Daire Başkanlığı YÜKSEKÖĞRETİM KURUMLARI ERCİYES ÜNİVERSİTESİ,1,1,True,0,Education,
buyer,Bilgi İşlem Daire Başkanlığı YÜKSEKÖĞRETİM KURUMLARI ERZURUM TEKNİK ÜNİVERSİTESİ,1,1,False,-1,Education,
buyer,Bilgi İşlem Daire Başkanlığı YÜKSEKÖĞRETİM KURUMLARI ERZİNCAN BİNALİ YILDIRIM ÜNİVERSİTESİ,4,5,True,9,Education,
buyer,Bilgi İşlem Daire Başkanlığı YÜKSEKÖĞRETİM KURUMLARI GAZİ ÜNİVERSİTESİ,1,1,True,11,Education,
buyer,Bilgi İşlem Daire Başkanlığı YÜKSEKÖĞRETİM KURUMLARI GİRESUN ÜNİVERSİTESİ,1,1,True,7,Education,
buyer,Bilgi İşlem Daire Başkanlığı YÜKSEKÖĞRETİM KURUMLARI HACETTEPE ÜNİVERSİTESİ,2,5,True,35,Education,
buyer,Bilgi İşlem Daire Başkanlığı YÜKSEKÖĞRETİM KURUMLARI HATAY MUSTAFA KEMAL ÜNİVERSİTESİ,1,1,True,11,Education,
buyer,Bilgi İşlem Daire Başkanlığı YÜKSEKÖĞRETİM KURUMLARI ISPARTA UYGULAMALI BİLİMLER ÜNİVERSİTESİ,1,1,True,5,Education,
buyer,Bilgi İşlem Daire Başkanlığı YÜKSEKÖĞRETİM KURUMLARI KAFKAS ÜNİVERSİTESİ,1,1,True,2,Education,
buyer,Bilgi İşlem Daire Başkanlığı YÜKSEKÖĞRETİM KURUMLARI KARABÜK ÜNİVERSİTESİ,1,1,True,8,Education,
buyer,Bilgi İşlem Daire Başkanlığı YÜKSEKÖĞRETİM KURUMLARI KIRIKKALE ÜNİVERSİTESİ,1,1,True,0,Education,
buyer,Bilgi İşlem Daire Başkanlığı YÜKSEKÖĞRETİM KURUMLARI KIRŞEHİR AHİ EVRAN ÜNİVERSİTESİ,7,7,True,24,Education,
buyer,Bilgi İşlem Daire Başkanlığı YÜKSEKÖĞRETİM KURUMLARI KONYA NECMETTİN ERBAKAN ÜNİVERSİTESİ,3,3,True,7,Education,
buyer,Bilgi İşlem Daire Başkanlığı YÜKSEKÖĞRETİM KURUMLARI KÜTAHYA DUMLUPINAR ÜNİVERSİTESİ,5,6,True,2,Education,
buyer,Bilgi İşlem Daire Başkanlığı YÜKSEKÖĞRETİM KURUMLARI MALATYA TURGUT ÖZAL ÜNİVERSİTESİ,1,1,True,0,Education,
buyer,Bilgi İşlem Daire Başkanlığı YÜKSEKÖĞRETİM KURUMLARI MANİSA CELAL BAYAR ÜNİVERSİTESİ,6,8,True,2,Education,
buyer,Bilgi İşlem Daire Başkanlığı YÜKSEKÖĞRETİM KURUMLARI MARMARA ÜNİVERSİTESİ,2,2,True,8,Education,
buyer,Bilgi İşlem Daire Başkanlığı YÜKSEKÖĞRETİM KURUMLARI MUĞLA SITKI KOÇMAN ÜNİVERSİTESİ,3,3,True,7,Education,
buyer,Bilgi İşlem Daire Başkanlığı YÜKSEKÖĞRETİM KURUMLARI NEVŞEHİR HACI BEKTAŞ VELİ ÜNİVERSİTESİ,5,7,True,12,Education,
buyer,Bilgi İşlem Daire Başkanlığı YÜKSEKÖĞRETİM KURUMLARI OSMANİYE KORKUT ATA ÜNİVERSİTESİ,1,1,True,2,Education,
buyer,Bilgi İşlem Daire Başkanlığı YÜKSEKÖĞRETİM KURUMLARI PAMUKKALE ÜNİVERSİTESİ,12,17,True,7,Education,
buyer,Bilgi İşlem Daire Başkanlığı YÜKSEKÖĞRETİM KURUMLARI RECEP TAYYİP ERDOĞAN ÜNİVERSİTESİ,6,7,True,0,Education,
buyer,Bilgi İşlem Daire Başkanlığı YÜKSEKÖĞRETİM KURUMLARI SİVAS CUMHURİYET ÜNİVERSİTESİ,11,11,True,11,Education,
buyer,Bilgi İşlem Daire Başkanlığı YÜKSEKÖĞRETİM KURUMLARI TEKİRDAĞ NAMIK KEMAL ÜNİVERSİTESİ,3,4,True,2,Education,
buyer,Bilgi İşlem Daire Başkanlığı YÜKSEKÖĞRETİM KURUMLARI UŞAK ÜNİVERSİTESİ,3,3,True,24,Education,
buyer,Bilgi İşlem Daire Başkanlığı YÜKSEKÖĞRETİM KURUMLARI YALOVA ÜNİVERSİTESİ,2,2,True,27,Education,
buyer,Bilgi İşlem Daire Başkanlığı YÜKSEKÖĞRETİM KURUMLARI ZONGULDAK BÜLENT ECEVİT ÜNİVERSİTESİ,3,3,True,11,Education,
buyer,Bilgi İşlem Daire Başkanlığı YÜKSEKÖĞRETİM KURUMLARI ÇANAKKALE ONSEKİZ MART ÜNİVERSİTESİ,5,5,True,22,Education,
buyer,Bilgi İşlem Daire Başkanlığı YÜKSEKÖĞRETİM KURUMLARI ÇANKIRI KARATEKİN ÜNİVERSİTESİ,2,2,True,0,Education,
buyer,Bilgi İşlem Daire Başkanlığı YÜKSEKÖĞRETİM KURUMLARI İNÖNÜ ÜNİVERSİTESİ,2,2,True,11,Education,
buyer,Bilgi İşlem Daire Başkanlığı YÜKSEKÖĞRETİM KURUMLARI İSTANBUL MEDENİYET ÜNİVERSİTESİ,3,3,True,13,Education,
buyer,Bilgi İşlem Daire Başkanlığı YÜKSEKÖĞRETİM KURUMLARI İSTANBUL TEKNİK ÜNİVERSİTESİ,10,39,True,29,Education,
buyer,Bilgi İşlem Daire Başkanlığı YÜKSEKÖĞRETİM KURUMLARI İSTANBUL ÜNİVERSİTESİ,1,1,True,8,Education,
buyer,Bilgi İşlem Daire Başkanlığı YÜKSEKÖĞRETİM KURUMLARI İZMİR BAKIRÇAY ÜNİVERSİTESİ,4,4,True,10,Education,
buyer,Bilgi İşlem Daire Başkanlığı YÜKSEKÖĞRETİM KURUMLARI İZMİR KATİP ÇELEBİ ÜNİVERSİTESİ,15,18,True,29,Education,
buyer,Bilgi İşlem Daire Başkanlığı YÜKSEKÖĞRETİM KURUMLARI İZMİR YÜKSEK TEKNOLOJİ ENSTİTÜSÜ,1,1,True,8,Education,
buyer,Bilgi İşlem Daire Başkanlığı YÜKSEKÖĞRETİM KURUMLARI ŞIRNAK ÜNİVERSİTESİ,4,5,True,4,Education,
buyer,Bilgi İşlem Dairesi Başkanlığı DİĞER ÖZEL BÜTÇELİ KURULUŞLAR TÜRK PATENT VE MARKA KURUMU,16,20,True,2,Other public,
buyer,Bilgi İşlem Dairesi Başkanlığı EKONOMİ BAKANLIĞI MÜSTEŞARLIK,3,3,True,0,Other public,
buyer,Bilgi İşlem Dairesi Başkanlığı ENERJİ VE TABİİ KAYNAKLAR BAKANLIĞI BAKAN YARDIMCILIKLARI,4,6,True,35,Infrastructure/Transport,
buyer,Bilgi İşlem Dairesi Başkanlığı GENÇLİK VE SPOR BAKANLIĞI BAKAN YARDIMCILIKLARI,11,12,True,9,Other public,
buyer,Bilgi İşlem Dairesi Başkanlığı SANAYİ VE TEKNOLOJİ BAKANLIĞI BAKAN YARDIMCILIKLARI,6,6,True,29,Other public,
buyer,Bilgi İşlem Dairesi Başkanlığı TİCARET BAKANLIĞI BAKAN YARDIMCILIKLARI,1,1,True,0,Social/Finance,
buyer,Bilgi İşlem Merkezi YÜKSEKÖĞRETİM KURUMLARI ANADOLU ÜNİVERSİTESİ,4,9,True,7,Education,
buyer,Bilgisayar Bilimleri Uygulama ve Araştırma Merkezi YÜKSEKÖĞRETİM KURUMLARI ATATÜRK ÜNİVERSİTESİ,7,8,True,7,Education,
buyer,Bilim Sanat Merkezi MİLLİ EĞİTİM BAKANLIĞI BAKAN YARDIMCILIKLARI,1,1,False,-1,Education,
buyer,Bilim ve Sanat Merkezi-(Özel Eğt.Reh.Danş.Hiz.Gnd.) MİLLİ EĞİTİM BAKANLIĞI BAKAN YARDIMCILIKLARI,1,1,False,-1,Education,
buyer,Bilim ve Sanat Merkezi-(Özel Eğt.Reh.Danş.Hiz.Gnd.)-Fatma Nuri Erkan MİLLİ EĞİTİM BAKANLIĞI BAKAN YARDIMCILIKLARI,1,1,False,-1,Education,
buyer,Bilim ve Sanat Merkezi-(Özel Eğt.Reh.Danş.Hiz.Gnd.)-Sivas MİLLİ EĞİTİM BAKANLIĞI BAKAN YARDIMCILIKLARI,1,1,False,-1,Education,
buyer,Bilim ve Sanat Merkezi-Ardeşen MİLLİ EĞİTİM BAKANLIĞI BAKAN YARDIMCILIKLARI,1,1,False,-1,Education,
buyer,Bilim ve Sanat Merkezi-EREĞLİ  MİLLİ EĞİTİM BAKANLIĞI BAKAN YARDIMCILIKLARI,1,1,False,-1,Education,
buyer,Bilim ve Sanat Merkezi-Selçuklu MİLLİ EĞİTİM BAKANLIĞI BAKAN YARDIMCILIKLARI,1,1,False,-1,Education,
buyer,Bingöl Ağız ve Diş Sağlığı Merkezi- SAĞLIK BAKANLIĞI BAKAN YARDIMCILIKLARI,1,2,True,15,Health,
buyer,Bingöl Devlet Hastanesi - SAĞLIK BAKANLIĞI BAKAN YARDIMCILIKLARI,1,2,False,-1,Health,
buyer,Bingöl Devlet Hastanesi -Genç SAĞLIK BAKANLIĞI BAKAN YARDIMCILIKLARI,1,1,False,-1,Health,
buyer,Bingöl Halk Sağlığı Müdürlüğü SAĞLIK BAKANLIĞI TÜRKİYE HALK SAĞLIĞI KURUMU,1,1,True,15,Health,
buyer,Bingöl Ticaret Meslek Lisesi- MİLLİ EĞİTİM BAKANLIĞI BAKAN YARDIMCILIKLARI,1,1,False,-1,Education,
buyer,Bingöl Özel İdaresi DESTEK HİZMETLERİ MÜDÜRLÜĞÜ,6,6,True,0,Other public,
buyer,Bitlis -İl Milli Eğitim Müdürlüğü-Okul Öncesi ve İlköğretim Okulları MİLLİ EĞİTİM BAKANLIĞI BAKAN YARDIMCILIKLARI,1,1,False,-1,Education,
buyer,Bitlis DKMP İl Şube Müdürlüğü TARIM VE ORMAN BAKANLIĞI BAKAN YARDIMCILIKLARI,1,1,False,-1,Agriculture/Environment,
buyer,Bitlis Kamu Hastane Birliği SAĞLIK BAKANLIĞI TÜRKİYE KAMU HASTANELERİ KURUMU,3,3,True,12,Health,
buyer,Bitlis Özel İdaresi Destek Hizmetleri Müdürlüğü,2,2,True,29,Other public,
buyer,Bolu Tarım İl Müdürlüğü (Tek.Zir.Müd.) Döner Sermaye İşletmesi,1,1,True,5,Agriculture/Environment,
buyer,Bolu Özel İdaresi,2,2,True,3,Other public,
buyer,Bolu İl Emniyet Müdürlüğü İÇİŞLERİ BAKANLIĞI EMNİYET GENEL MÜDÜRLÜĞÜ,1,1,False,-1,Security/Interior,
buyer,Bolu İl Milli Eğitim Müdürlüğü- MİLLİ EĞİTİM BAKANLIĞI BAKAN YARDIMCILIKLARI,1,1,False,-1,Education,
buyer,Burdur İl Özel İdaresi GENEL SEKRETERLİK,4,4,True,1,Provincial admin,
buyer,Burhaniye Devlet Hastanesi - SAĞLIK BAKANLIĞI BAKAN YARDIMCILIKLARI,2,2,True,15,Health,
buyer,Bursa Büyükşehir Belediyesi Destek Hizmetleri Dairesi Başkanlığı İhale Şube Müdürlüğü,15,19,True,13,Municipal/Local,
buyer,Bursa Devlet Hastanesi -Yenişehir SAĞLIK BAKANLIĞI BAKAN YARDIMCILIKLARI,1,1,True,14,Health,
buyer,Bursa Eğitim ve Araştırma Hastanesi-Şevket Yılmaz SAĞLIK BAKANLIĞI BAKAN YARDIMCILIKLARI,1,1,True,36,Health,
buyer,Bursa Spastik Özürlü Çocuk Hastalıkları Hastanesi SAĞLIK BAKANLIĞI BAKAN YARDIMCILIKLARI,1,1,True,22,Health,
buyer,Bursa Valiliği (YİKOB-maas için) İÇİŞLERİ BAKANLIĞI BAKAN YARDIMCILIĞI,1,1,True,4,Security/Interior,
buyer,Bursa İl Emniyet Müdürlüğü İÇİŞLERİ BAKANLIĞI EMNİYET GENEL MÜDÜRLÜĞÜ,1,1,True,9,Security/Interior,
buyer,BÜYÜKÇEKMECE BELEDİYESİ Bilgi İşlem Müdürlüğü,4,12,True,6,Municipal/Local,
buyer,BÜYÜKÇEKMECE BELEDİYESİ FEN İŞLERİ MÜDÜRLÜĞÜ,8,11,True,16,Municipal/Local,
buyer,Bölge Müdürlüğü-1.Bölge İstanbul DİĞER ÖZEL BÜTÇELİ KURULUŞLAR KARAYOLLARI GENEL MÜDÜRLÜĞÜ,2,2,True,0,Infrastructure/Transport,
buyer,Bölge Müdürlüğü-11.Bölge Van DİĞER ÖZEL BÜTÇELİ KURULUŞLAR KARAYOLLARI GENEL MÜDÜRLÜĞÜ,2,2,False,-1,Infrastructure/Transport,
buyer,Bölge Müdürlüğü-14.Bölge Bursa DİĞER ÖZEL BÜTÇELİ KURULUŞLAR KARAYOLLARI GENEL MÜDÜRLÜĞÜ,2,2,False,-1,Infrastructure/Transport,
buyer,Bölge Müdürlüğü-18.Bölge Isparta DİĞER ÖZEL BÜTÇELİ KURULUŞLAR DEVLET SU İŞLERİ GENEL MÜDÜRLÜĞÜ,1,1,False,-1,Infrastructure/Transport,
buyer,Bölge Müdürlüğü-19.Bölge Sivas DİĞER ÖZEL BÜTÇELİ KURULUŞLAR DEVLET SU İŞLERİ GENEL MÜDÜRLÜĞÜ,1,1,False,-1,Infrastructure/Transport,
buyer,Bölge Müdürlüğü-22.Bölge Trabzon DİĞER ÖZEL BÜTÇELİ KURULUŞLAR DEVLET SU İŞLERİ GENEL MÜDÜRLÜĞÜ,1,1,False,-1,Infrastructure/Transport,
buyer,Bölge Müdürlüğü-5.Bölge Ankara DİĞER ÖZEL BÜTÇELİ KURULUŞLAR DEVLET SU İŞLERİ GENEL MÜDÜRLÜĞÜ,1,1,False,-1,Infrastructure/Transport,
buyer,Bölge Müdürlüğü-7.Bölge Samsun DİĞER ÖZEL BÜTÇELİ KURULUŞLAR KARAYOLLARI GENEL MÜDÜRLÜĞÜ,1,1,True,9,Infrastructure/Transport,
buyer,Bölge Müdürlüğü-8.Bölge Elazığ DİĞER ÖZEL BÜTÇELİ KURULUŞLAR KARAYOLLARI GENEL MÜDÜRLÜĞÜ,1,1,False,-1,Infrastructure/Transport,
buyer,Bölge Müdürlüğü-9.Bölge Diyarbakır DİĞER ÖZEL BÜTÇELİ KURULUŞLAR KARAYOLLARI GENEL MÜDÜRLÜĞÜ,1,1,False,-1,Infrastructure/Transport,
buyer,Bölgesel Gelişme Ve Yapısal Uyum Genel Müdürlüğü BAŞBAKANLIK DEVLET PLANLAMA TEŞKİLATI MÜSTEŞARLIĞI,1,1,False,-1,Other public,
buyer,Büyükçekmece Adliyesi ADALET BAKANLIĞI BAKAN YARDIMCILIKLARI,1,1,True,17,Justice,
buyer,BİGA BELEDİYESİ YAZI İŞLERİ MÜDÜRLÜĞÜ,2,2,True,6,Municipal/Local,
buyer,BİLECİK BELEDİYESİ İMAR ve ŞEHİRCİLİK MÜDÜRLÜĞÜ,2,2,True,31,Municipal/Local,
buyer,BİLECİK İl Özel İdaresi Bilgi İşlem Müdürlüğü,1,1,True,6,Provincial admin,
buyer,BİLECİK İl Özel İdaresi İMAR KENTSEL ve İYİLEŞTİRME MÜDÜRLÜĞÜ,2,3,True,6,Provincial admin,
buyer,BİLGİ SİSTEMLERİ VE HABERLEŞME DAİRESİ BAŞKANLIĞI İÇİŞLERİ BAKANLIĞI AFET VE ACİL DURUM YÖNETİMİ BAŞKANLIĞI,4,5,True,0,Security/Interior,
buyer,"BİLGİ TEKNOLOJİLERİ DAİRESİ BAŞKANLIĞI ÇEVRE, ŞEHİRCİLİK VE İKLİM DEĞİŞİKLİĞİ BAKANLIĞI TAPU VE KADASTRO GENEL MÜDÜRLÜĞÜ",2,2,True,6,Agriculture/Environment,
buyer,BİLGİ TEKNOLOJİLERİ GENEL MÜDÜRLÜĞÜ,3,4,True,2,Other public,
buyer,BİLGİ TEKNOLOJİLERİ GENEL MÜDÜRLÜĞÜ DIŞİŞLERİ BAKANLIĞI BAKAN YARDIMCILIKLARI,8,10,True,0,Other public,
buyer,BİLGİ TEKNOLOJİLERİ GENEL MÜDÜRLÜĞÜ HAZİNE VE MALİYE BAKANLIĞI BAKAN YARDIMCILIKLARI,7,7,True,37,Social/Finance,
buyer,BİLGİ TEKNOLOJİLERİ GENEL MÜDÜRLÜĞÜ KÜLTÜR VE TURİZM BAKANLIĞI,16,23,True,9,Other public,
buyer,BİLGİ TEKNOLOJİLERİ GENEL MÜDÜRLÜĞÜ ÇALIŞMA VE SOSYAL GÜVENLİK BAKANLIĞI MÜSTEŞARLIK,1,1,False,-1,Social/Finance,
buyer,BİLGİ TEKNOLOJİLERİ GENEL MÜDÜRLÜĞÜ İÇİŞLERİ BAKANLIĞI BAKAN YARDIMCILIĞI,7,7,True,11,Security/Interior,
buyer,BİLGİ TEKNOLOJİLERİ ŞUBE MÜDÜRLÜĞÜ,6,8,True,4,Other public,
buyer,BİLGİ İŞLEM DAİRE BAŞKANLIĞI DİĞER ÖZEL BÜTÇELİ KURULUŞLAR TÜRKİYE BİLİMSEL VE TEKNOLOJİK ARAŞTIRMA KURUMU,5,5,True,3,Other public,
buyer,BİLGİ İŞLEM DAİRE BAŞKANLIĞI YÜKSEKÖĞRETİM KURUMLARI ANKARA HACI BAYRAM VELİ ÜNİVERSİTESİ,9,11,True,11,Education,
buyer,BİLGİ İŞLEM DAİRE BAŞKANLIĞI YÜKSEKÖĞRETİM KURUMLARI ESKİŞEHİR TEKNİK ÜNİVERSİTESİ,1,1,True,9,Education,
buyer,BİLGİ İŞLEM DAİRE BAŞKANLIĞI YÜKSEKÖĞRETİM KURUMLARI KAYSERİ ÜNİVERSİTESİ,1,1,True,11,Education,
buyer,BİLGİ İŞLEM DAİRE BAŞKANLIĞI YÜKSEKÖĞRETİM KURUMLARI SAĞLIK BİLİMLERİ ÜNİVERSİTESİ,3,3,True,11,Health,
buyer,BİLGİ İŞLEM DAİRE BAŞKANLIĞI | ANKARA,2,2,True,9,Other public,
buyer,BİLGİ İŞLEM DAİRE BAŞKANLIĞI | BOLU,1,2,True,27,Other public,
buyer,BİLGİ İŞLEM DAİRE BAŞKANLIĞI | DENİZLİ,2,2,True,31,Other public,
buyer,BİLGİ İŞLEM DAİRE BAŞKANLIĞI | ISPARTA,1,1,True,7,Other public,
buyer,BİLGİ İŞLEM DAİRE BAŞKANLIĞI | MALATYA,1,1,True,7,Other public,
buyer,BİLGİ İŞLEM DAİRE BAŞKANLIĞI | ORDU,1,1,True,7,Other public,
buyer,BİLGİ İŞLEM DAİRE BAŞKANLIĞI | RİZE,1,1,True,27,Other public,
buyer,BİLGİ İŞLEM DAİRE BAŞKANLIĞI | İZMİR,1,1,True,30,Other public,
buyer,BİLGİ İŞLEM DAİRESİ BAŞKANLIĞI,1,1,True,6,Other public,
buyer,BİLGİ İŞLEM DAİRESİ BAŞKANLIĞI ULAŞTIRMA VE ALTYAPI BAKANLIĞI BAKAN YARDIMCILIKLARI,11,17,True,0,Infrastructure/Transport,
buyer,BİLGİ İŞLEM GENEL MÜDÜRLÜĞÜ,1,1,True,0,Other public,
buyer,BİLGİ İŞLEM GENEL MÜDÜRLÜĞÜ ADALET BAKANLIĞI BAKAN YARDIMCILIKLARI,19,27,True,9,Justice,
buyer,BİLGİ İŞLEM MÜDÜRLÜĞÜ | KAHRAMANMARAŞ,1,1,False,-1,Other public,
buyer,BİLGİ İŞLEM MÜDÜRLÜĞÜ | İSTANBUL,3,8,True,16,Other public,
buyer,BİLGİ İŞLEM VE ELEKTRONİK ARŞİV DAİRESİ BAŞKANLIĞI CUMHURBAŞKANLIĞI DEVLET ARŞİVLERİ BAŞKANLIĞI,6,7,True,2,Other public,
buyer,BİLİM VE TOPLUM BAŞKANLIĞI DİĞER ÖZEL BÜTÇELİ KURULUŞLAR TÜRKİYE BİLİMSEL VE TEKNOLOJİK ARAŞTIRMA KURUMU,4,5,True,7,Other public,
buyer,BİLİŞİM VE BİLGİ GÜVENLİĞİ İLERİ TEKNOLOJİLER ARAŞTIRMA MERKEZİ (BİLGEM) DİĞER ÖZEL BÜTÇELİ KURULUŞLAR TÜRKİYE BİLİMSEL VE TEKNOLOJİK ARAŞTIRMA KURUMU,2,2,True,24,Other public,
buyer,BİMTAŞ BOĞAZİÇİ PEYZAJ İNŞAAT MÜŞAVİRLİK TEKNİK HİZMETLERİ SANAYİ TİCARET ANONİM ŞİRKETİ,6,8,True,3,Other public,
buyer,BİNGÖL BELEDİYESİ Bilgi İşlem Müdürlüğü,1,1,True,4,Municipal/Local,
buyer,BİNGÖL BELEDİYESİ İŞLETME VE İŞTİRAKLER MÜDÜRLÜĞÜ,1,1,True,6,Municipal/Local,
buyer,BİNGÖL İL SAĞLIK MÜDÜRLÜĞÜ,2,2,True,15,Health,
buyer,BİRECİK BELEDİYESİ BİLGİ İŞLEM MÜDÜRLÜĞÜ,1,1,True,7,Municipal/Local,
buyer,BİSMİL BELEDİYESİ KÜLTÜR ve SOSYAL İŞLER MÜDÜRLÜĞÜ,1,1,False,-1,Municipal/Local,
buyer,BİSMİL BELEDİYESİ Mali Hizmetler Müdürlüğü,1,1,True,7,Municipal/Local,
buyer,BİTLİS BELEDİYESİ BİTLİS MERKEZ BELEDİYESİ ÖZEL KALEM MÜDÜRLÜĞÜ,1,1,True,28,Municipal/Local,
buyer,BİTLİS BELEDİYESİ DESTEK HİZMETLERİ MÜDÜRLÜĞÜ,1,1,True,17,Municipal/Local,
buyer,BİTLİS BELEDİYESİ İhale Birimi,1,1,False,-1,Municipal/Local,
buyer,BİTLİS İL MİLLİ EĞİTİM MÜDÜRLÜĞÜ,1,1,False,-1,Education,
buyer,BİTLİS İl Özel İdaresi İMAR VE KENTSEL İYİLEŞTİRME MÜDÜRLÜĞÜ,1,1,True,6,Provincial admin,
buyer,CERRAHPAŞA TIP FAKÜLTESİ DEKANLIĞI,5,6,True,22,Health,
buyer,CEYHAN BELEDİYESİ KÜLTÜR VE SOSYAL İŞLER MÜDÜRLÜĞÜ,1,1,True,5,Municipal/Local,
buyer,CEYHAN BELEDİYESİ İMAR VE ŞEHİRCİLİK MÜDÜRLÜĞÜ,2,2,True,6,Municipal/Local,
buyer,"COĞRAFİ BİLGİ SİSTEMLERİ GEN. MÜD. ÇEVRE, ŞEHİRCİLİK VE İKLİM DEĞİŞİKLİĞİ BAKANLIĞI BAKAN YARDIMCILIKLARI",37,56,True,0,Agriculture/Environment,
buyer,COĞRAFİ BİLGİ SİSTEMLERİ GENEL MÜDÜRLÜĞÜ,9,10,True,0,Agriculture/Environment,
buyer,CUMHURBAŞKANLIĞI DEVLET ARŞİVLERİ BAŞKANLIĞI DESTEK HİZMETLERİ DAİRESİ BAŞKANLIĞI CUMHURBAŞKANLIĞI,1,1,False,-1,Other public,
buyer,Cerrahpaşa Tıp Fakültesi YÜKSEKÖĞRETİM KURUMLARI İSTANBUL ÜNİVERSİTESİ,1,1,False,-1,Health,
buyer,Ceyhan Sağ Sahil Sulama Birliği,1,1,True,0,Other public,
buyer,Ceyhan Sol Sahil Sulama Birliği,1,1,True,0,Other public,
buyer,Cezaevi Müdürlüğü- 1 Nolu L Tipi kapalı- Marmara ADALET BAKANLIĞI BAKAN YARDIMCILIKLARI,1,1,False,-1,Justice,
buyer,Cezaevi Müdürlüğü- 2 Nolu L Tipi kapalı- Marmara ADALET BAKANLIĞI BAKAN YARDIMCILIKLARI,1,1,False,-1,Justice,
buyer,Cezaevi Müdürlüğü- 6 Nolu L Tipi kapalı- Marmara ADALET BAKANLIĞI BAKAN YARDIMCILIKLARI,1,1,False,-1,Justice,
buyer,Cezaevi Müdürlüğü- 7 Nolu L Tipi kapalı- Marmara ADALET BAKANLIĞI BAKAN YARDIMCILIKLARI,1,1,False,-1,Justice,
buyer,Cezaevi Müdürlüğü-Açık ADALET BAKANLIĞI BAKAN YARDIMCILIKLARI | DENİZLİ,1,1,True,24,Justice,
buyer,Cezaevi Müdürlüğü-Açık ADALET BAKANLIĞI BAKAN YARDIMCILIKLARI | VAN,2,2,True,24,Justice,
buyer,CİZRE BELEDİYESİ MALİ HİZMETLER MÜDÜRLÜĞÜ,1,1,False,-1,Municipal/Local,
buyer,DANIŞTAY GENEL SEKRETERLİK Genel Sekreterlik,2,2,True,0,Justice,
buyer,DAP Bölge Kalkınma İdaresi DİĞER ÖZEL BÜTÇELİ KURULUŞLAR DOĞU ANADOLU PROJESİ BÖLGE KALKINMA İDARESİ BAŞKANLIĞI,2,2,True,23,Other public,
buyer,DARICA BELEDİYESİ DESTEK HİZMETLERİ MÜDÜRLÜĞÜ,3,3,True,3,Municipal/Local,
buyer,DARPHANE VE DAMGA MATBAASI GENEL MÜDÜRLÜĞÜ DÖNER SERMAYE SAYMANLIK MÜDÜRLÜĞÜ,2,2,True,19,Other public,
buyer,DEFNE BELEDİYESİ İMAR VE ŞEHİRCİLİK MÜDÜRLÜĞÜ,1,1,True,6,Municipal/Local,
buyer,DENİZCİLİK GENEL MÜDÜRLÜĞÜ,1,1,True,23,Other public,
buyer,DENİZCİLİK GENEL MÜDÜRLÜĞÜ ULAŞTIRMA VE ALTYAPI BAKANLIĞI BAKAN YARDIMCILIKLARI,3,3,True,4,Infrastructure/Transport,
buyer,DENİZLİ BELEDİYESİ BİLGİ İŞLEM MÜDÜRLÜĞÜ,3,3,True,7,Municipal/Local,
buyer,DENİZLİ BELEDİYESİ SU VE KANALİZASYON MÜDÜRLÜĞÜ,1,1,True,10,Municipal/Local,
buyer,DENİZLİ BÜYÜKŞEHİR BELEDİYESİ BİLGİ İŞLEM DAİRESİ BAŞKANLIĞI,8,13,True,10,Municipal/Local,
buyer,DENİZLİ BÜYÜKŞEHİR BELEDİYESİ DESTEK HİZMETLERİ DAİRESİ BAŞKANLIĞI,2,2,True,5,Municipal/Local,
buyer,DENİZLİ BÜYÜKŞEHİR BELEDİYESİ ULAŞIM DAİRESİ BAŞKANLIĞI,2,12,True,40,Municipal/Local,
buyer,DENİZLİ BÜYÜKŞEHİR BELEDİYESİ ULAŞIM SANAYİ VE TİCARET ANONİM ŞİRKETİ,1,2,True,2,Municipal/Local,
buyer,DENİZLİ GENÇLİK VE SPOR İL MÜDÜRLÜĞÜ GENÇLİK VE SPOR İL MÜDÜRLÜKLERİ GENÇLİK VE SPOR İL MÜDÜRLÜĞÜ,1,1,True,22,Other public,
buyer,DENİZLİ İL SAĞLIK MÜDÜRLÜĞÜ,3,3,True,18,Health,
buyer,DENİZLİ İl Özel İdaresi İl Afet ve Acil Durum Müdürlüğü,1,1,False,-1,Provincial admin,
buyer,DEPREM DAİRESİ BAŞKANLIĞI  İÇİŞLERİ BAKANLIĞI AFET VE ACİL DURUM YÖNETİMİ BAŞKANLIĞI,1,1,False,-1,Security/Interior,
buyer,DERELİ BELEDİYE BAŞKANLIĞI,1,1,True,6,Municipal/Local,
buyer,DERİK BELEDİYESİ FEN İŞLERİ MÜDÜRLÜĞÜ,1,1,True,33,Municipal/Local,
buyer,DERİNCE BELEDİYESİ Temizlik İşleri Müdürlüğü,1,1,True,3,Municipal/Local,
buyer,DESTEK HİZMETLERİ DAİRE BAŞKANLIĞI,10,11,True,0,Other public,
buyer,DESTEK HİZMETLERİ DAİRE BAŞKANLIĞI PROJELER  İÇİŞLERİ BAKANLIĞI GÖÇ İDARESİ BAŞKANLIĞI,1,1,False,-1,Security/Interior,
buyer,DESTEK HİZMETLERİ DAİRESİ BAŞKANLIĞI DÜZENLEYİCİ VE DENETLEYİCİ KURUMLAR BANKACILIK DÜZENLEME VE DENETLEME KURUMU,2,3,True,0,Other public,
buyer,DESTEK HİZMETLERİ DAİRESİ BAŞKANLIĞI DÜZENLEYİCİ VE DENETLEYİCİ KURUMLAR BİLGİ TEKNOLOJİLERİ VE İLETİŞİM KURUMU,9,12,True,0,Other public,
buyer,DESTEK HİZMETLERİ DAİRESİ BAŞKANLIĞI DİĞER ÖZEL BÜTÇELİ KURULUŞLAR KÜÇÜK VE ORTA ÖLÇEKLİ İŞLETMELERİ GELİŞTİRME VE DESTEKLEME İDARESİ BAŞKANLIĞI,9,9,True,0,Other public,
buyer,DESTEK HİZMETLERİ DAİRESİ BAŞKANLIĞI DİĞER ÖZEL BÜTÇELİ KURULUŞLAR TÜRK STANDARDLARI ENSTİTÜSÜ,9,11,True,2,Other public,
buyer,DESTEK HİZMETLERİ DAİRESİ BAŞKANLIĞI ULAŞTIRMA VE ALTYAPI BAKANLIĞI BAKAN YARDIMCILIKLARI,1,1,True,3,Infrastructure/Transport,
buyer,DESTEK HİZMETLERİ DAİRESİ BAŞKANLIĞI | ANKARA,2,2,True,0,Other public,
buyer,DESTEK HİZMETLERİ DAİRESİ BAŞKANLIĞI | KONYA,7,7,True,11,Other public,
buyer,DESTEK HİZMETLERİ DAİRESİ BAŞKANLIĞI | SAMSUN,3,3,True,5,Other public,
buyer,DESTEK HİZMETLERİ GENEL MÜDÜRLÜĞÜ,5,6,True,9,Other public,
buyer,DESTEK HİZMETLERİ MÜDÜRLÜĞÜ | AĞRI,1,1,True,3,Other public,
buyer,DESTEK HİZMETLERİ MÜDÜRLÜĞÜ | BURSA,1,1,False,-1,Other public,
buyer,DESTEK HİZMETLERİ MÜDÜRLÜĞÜ | EDİRNE,1,1,True,27,Other public,
buyer,DESTEK HİZMETLERİ MÜDÜRLÜĞÜ | TEKİRDAĞ,2,2,True,3,Other public,
buyer,DESTEK HİZMETLERİ MÜDÜRLÜĞÜ | ÇORUM,1,1,False,-1,Other public,
buyer,DESTEK HİZMETLERİ MÜDÜRLÜĞÜ | İSTANBUL,3,3,True,33,Other public,
buyer,DESTEK HİZMETLERİ MÜDÜRLÜĞÜ | İZMİR,1,1,True,5,Other public,
buyer,DEVELİ BELEDİYESİ,3,3,True,13,Municipal/Local,
buyer,DEVLET HAVA MEYDANLARI İŞLETMESİ GENEL MÜDÜRLÜĞÜ,1,1,True,9,Infrastructure/Transport,
buyer,DEVLET HAVA MEYDANLARI İŞLETMESİ GENEL MÜDÜRLÜĞÜ (DHMİ) Satın Alma ve İkmal Dairesi Başkanlığı,30,44,True,0,Infrastructure/Transport,
buyer,DEVLET HAVA MEYDANLARI İŞLETMESİ GENEL MÜDÜRLÜĞÜ(DHMİ) Antalya Hava Limanı Başmüdürlüğü,1,1,True,23,Infrastructure/Transport,
buyer,DEVLET HAVA MEYDANLARI İŞLETMESİ GENEL MÜDÜRLÜĞÜ(DHMİ) Esenboğa Hava Limanı Başmüdürlüğü,1,1,True,23,Infrastructure/Transport,
buyer,DEVLET HAVA MEYDANLARI İŞLETMESİ GENEL MÜDÜRLÜĞÜ(DHMİ) Sivas Nuri Demirağ Havaalanı Müdürlüğü,1,1,True,24,Infrastructure/Transport,
buyer,DEVLET HAVA MEYDANLARI İŞLETMESİ GENEL MÜDÜRLÜĞÜ(DHMİ) Tekirdağ Çorlu Atatürk Havalimanı Müdürlüğü,2,2,True,23,Infrastructure/Transport,
buyer,DEVLET MALZEME OFİSİ GENEL MÜDÜRLÜĞÜ(DMO) Destek Hizmetleri Daire Başkanlığı,8,12,True,2,Other public,
buyer,DEVREK BELEDİYESİ FEN İŞLERİ MÜDÜRLÜĞÜ,2,2,True,5,Municipal/Local,
buyer,DIŞ SATIN ALMA MÜDÜRLÜĞÜ,1,1,True,0,Other public,
buyer,"DIŞİŞLERİ BAKANLIĞI, AVRUPA BİRLİĞİ BAŞKANLIĞI, YÖNETİM HİZMETLERİ DAİRESİ BAŞKANLIĞI",1,1,True,0,Other public,
buyer,DOÇ.DR.MUSTAFA KALEMLİ TAVŞANLI DEVLET HASTANESİ SAĞLIK BAKANLIĞI BAKAN YARDIMCILIKLARI,1,1,True,12,Health,
buyer,"DOĞAL KAYNAKLAR, RUHSAT VE KÜLTÜR VARLIKLARI MÜDÜRLÜĞÜ YATIRIM İZLEME VE KOORDİNASYON BAŞKANLIKLARI İSTANBUL YATIRIM İZLEME VE KOORDİNASYON BAŞKANLIĞI",1,1,True,2,Provincial admin,
buyer,DOĞUBAYAZIT BELEDİYESİ DESTEK HİZMETLERİ MÜDÜRLÜĞÜ,1,1,True,38,Municipal/Local,
buyer,DSS Ankara Üniversitesi MALİYE BAKANLIĞI MÜSTEŞARLIK,1,1,False,-1,Education,
buyer,DSS Orta Doğu Teknik Üniversitesi MALİYE BAKANLIĞI MÜSTEŞARLIK,1,1,False,-1,Education,
buyer,DSİ Bilgi Teknolojileri Dairesi Başkanlığı DİĞER ÖZEL BÜTÇELİ KURULUŞLAR DEVLET SU İŞLERİ GENEL MÜDÜRLÜĞÜ,11,12,True,0,Infrastructure/Transport,
buyer,DULKADİROĞLU BELEDİYESİ Destek Hizmetleri Müdürlüğü,4,7,True,28,Municipal/Local,
buyer,DURSUN ODABAS TIP MERKEZİ MÜDÜRLÜĞÜ,2,3,True,22,Health,
buyer,DZ.K.K.AR.MER.K.LIĞI MİLLİ SAVUNMA BAKANLIĞI MSB BAĞLILARI,2,2,True,9,Defence,
buyer,DZ.İK.MRK.K.LIĞI MİLLİ SAVUNMA BAKANLIĞI MSB BAĞLILARI,2,3,True,2,Defence,
buyer,Darphane Ve Damga Matbaasi Genel Müdürlüğü  BAŞBAKANLIK HAZİNE MÜSTEŞARLIĞI,1,1,False,-1,Social/Finance,
buyer,Darülaceze Müessese Müdürlüğü Darülaceze Müessese Müdürlüğü,1,1,False,-1,Other public,
buyer,Denizli Halk Sağlığı Müdürlüğü SAĞLIK BAKANLIĞI TÜRKİYE HALK SAĞLIĞI KURUMU,2,2,True,7,Health,
buyer,Denizli Su ve Kanalizasyon İdaresi Genel Müdürlüğü Bilgi İşlem Dairesi Başkanlığı,1,1,True,0,Infrastructure/Transport,
buyer,Denizli Su ve Kanalizasyon İdaresi Genel Müdürlüğü Destek Hizmetleri Dairesi Başkanlığı,3,3,True,10,Infrastructure/Transport,
buyer,Denizli Valiliği (YİKOB-maas için) İÇİŞLERİ BAKANLIĞI BAKAN YARDIMCILIĞI,1,2,True,40,Security/Interior,
buyer,Denizli Özel İdaresi DESTEK HİZMETLERİ MÜDÜRLÜĞÜ,1,1,True,20,Other public,
buyer,Destek Hizmetleri Daire Başkanlığı DİĞER ÖZEL BÜTÇELİ KURULUŞLAR TÜRKİYE HUDUT VE SAHİLLER SAĞLIK GENEL MÜDÜRLÜĞÜ,2,2,True,0,Health,
buyer,Destek Hizmetleri Daire Başkanlığı KALKINMA BAKANLIĞI TÜRKİYE İSTATİSTİK KURUMU,1,1,False,-1,Other public,
buyer,Destek Hizmetleri Dairesi Başkanlığı BAŞBAKANLIK BASIN-YAYIN VE ENFORMASYON GENEL MÜDÜRLÜĞÜ,2,2,False,-1,Other public,
buyer,Destek Hizmetleri Dairesi Başkanlığı DİĞER ÖZEL BÜTÇELİ KURULUŞLAR DEVLET SU İŞLERİ GENEL MÜDÜRLÜĞÜ,2,2,False,-1,Infrastructure/Transport,
buyer,Destek Hizmetleri Dairesi Başkanlığı ENERJİ VE TABİİ KAYNAKLAR BAKANLIĞI BAKAN YARDIMCILIKLARI,2,2,True,0,Infrastructure/Transport,
buyer,Destek Hizmetleri Dairesi Başkanlığı ORMAN VE SU İŞLERİ BAKANLIĞI MÜSTEŞARLIK,5,5,True,0,Agriculture/Environment,
buyer,Destek Hizmetleri Dairesi Başkanlığı TARIM VE ORMAN BAKANLIĞI BAKAN YARDIMCILIKLARI,7,7,True,0,Agriculture/Environment,
buyer,Destek Hizmetleri Genel Müdürlüğü MİLLİ EĞİTİM BAKANLIĞI BAKAN YARDIMCILIKLARI,21,36,True,2,Education,
buyer,Destek Hizmetleri ve Bilgi Yönetimi Başkan Yardımcılığı DİĞER ÖZEL BÜTÇELİ KURULUŞLAR TÜRKİYE İLAÇ VE TIBBİ CİHAZ KURUMU,7,8,True,0,Other public,
buyer,"Destek Hizmetleri, Tasfiye İşleri ve Döner Sermaye Genel Müdürlüğü TİCARET BAKANLIĞI BAKAN YARDIMCILIKLARI",3,4,True,2,Social/Finance,
buyer,Develi Hatice - Muammer Kocatürk Devlet Hastanesi SAĞLIK BAKANLIĞI BAKAN YARDIMCILIKLARI,1,1,True,1,Health,
buyer,Devlet Hastanesi - Beyhekim SAĞLIK BAKANLIĞI TÜRKİYE KAMU HASTANELERİ KURUMU,2,2,True,9,Health,
buyer,Devlet Hastanesi - Hasköy SAĞLIK BAKANLIĞI TÜRKİYE KAMU HASTANELERİ KURUMU,1,1,True,12,Health,
buyer,Devlet Hastanesi - Meram SAĞLIK BAKANLIĞI BAKAN YARDIMCILIKLARI,1,2,False,-1,Health,
buyer,Devlet Hastanesi - Posof SAĞLIK BAKANLIĞI BAKAN YARDIMCILIKLARI,1,1,False,-1,Health,
buyer,Devlet Hastanesi - SAĞLIK BAKANLIĞI BAKAN YARDIMCILIKLARI | AFYONKARAHİSAR,1,1,True,14,Health,
buyer,Devlet Hastanesi - SAĞLIK BAKANLIĞI BAKAN YARDIMCILIKLARI | ANKARA,1,1,True,1,Health,
buyer,Devlet Hastanesi - Terme SAĞLIK BAKANLIĞI BAKAN YARDIMCILIKLARI,3,3,True,1,Health,
buyer,Devlet Hastanesi -25 Aralık Gaziantep SAĞLIK BAKANLIĞI TÜRKİYE KAMU HASTANELERİ KURUMU,1,1,False,-1,Health,
buyer,Devlet Hastanesi -80.Yıl Pozantı SAĞLIK BAKANLIĞI BAKAN YARDIMCILIKLARI,1,1,True,34,Health,
buyer,Devlet Hastanesi -AKÇAABAT HAÇKALI BABA SAĞLIK BAKANLIĞI TÜRKİYE KAMU HASTANELERİ KURUMU,1,1,True,1,Health,
buyer,Devlet Hastanesi -Acıpayam SAĞLIK BAKANLIĞI BAKAN YARDIMCILIKLARI,1,3,True,1,Health,
buyer,Devlet Hastanesi -Acıpayam SAĞLIK BAKANLIĞI TÜRKİYE KAMU HASTANELERİ KURUMU,1,1,True,7,Health,
buyer,Devlet Hastanesi -Adana SAĞLIK BAKANLIĞI TÜRKİYE KAMU HASTANELERİ KURUMU,4,4,True,23,Health,
buyer,Devlet Hastanesi -Adana Seyhan SAĞLIK BAKANLIĞI BAKAN YARDIMCILIKLARI,1,1,True,12,Health,
buyer,Devlet Hastanesi -Adana Çukurova SAĞLIK BAKANLIĞI BAKAN YARDIMCILIKLARI,1,1,False,-1,Health,
buyer,Devlet Hastanesi -Afyon SAĞLIK BAKANLIĞI BAKAN YARDIMCILIKLARI,3,6,True,12,Health,
buyer,Devlet Hastanesi -Aksaray SAĞLIK BAKANLIĞI TÜRKİYE KAMU HASTANELERİ KURUMU,1,1,True,1,Health,
buyer,Devlet Hastanesi -Akçakoca SAĞLIK BAKANLIĞI BAKAN YARDIMCILIKLARI,1,2,True,36,Health,
buyer,Devlet Hastanesi -Akçakoca SAĞLIK BAKANLIĞI TÜRKİYE KAMU HASTANELERİ KURUMU,1,1,True,36,Health,
buyer,Devlet Hastanesi -Akşehir SAĞLIK BAKANLIĞI TÜRKİYE KAMU HASTANELERİ KURUMU,1,1,True,14,Health,
buyer,Devlet Hastanesi -Alaplı SAĞLIK BAKANLIĞI BAKAN YARDIMCILIKLARI,1,1,True,12,Health,
buyer,Devlet Hastanesi -Anamur SAĞLIK BAKANLIĞI BAKAN YARDIMCILIKLARI,1,3,True,34,Health,
buyer,Devlet Hastanesi -Andırın SAĞLIK BAKANLIĞI BAKAN YARDIMCILIKLARI,1,1,True,1,Health,
buyer,Devlet Hastanesi -Antakya SAĞLIK BAKANLIĞI BAKAN YARDIMCILIKLARI,1,1,True,32,Health,
buyer,Devlet Hastanesi -Araklı SAĞLIK BAKANLIĞI TÜRKİYE KAMU HASTANELERİ KURUMU,1,2,True,1,Health,
buyer,Devlet Hastanesi -Ardahan SAĞLIK BAKANLIĞI TÜRKİYE KAMU HASTANELERİ KURUMU,1,1,True,12,Health,
buyer,Devlet Hastanesi -Atatürk Düzce SAĞLIK BAKANLIĞI BAKAN YARDIMCILIKLARI,2,2,True,1,Health,
buyer,Devlet Hastanesi -Atatürk Düzce SAĞLIK BAKANLIĞI TÜRKİYE KAMU HASTANELERİ KURUMU,1,1,True,1,Health,
buyer,Devlet Hastanesi -Atatürk SAĞLIK BAKANLIĞI BAKAN YARDIMCILIKLARI | ANTALYA,1,1,True,1,Health,
buyer,Devlet Hastanesi -Atatürk SAĞLIK BAKANLIĞI BAKAN YARDIMCILIKLARI | AYDIN,1,2,True,1,Health,
buyer,Devlet Hastanesi -Atatürk-Aydın SAĞLIK BAKANLIĞI BAKAN YARDIMCILIKLARI,1,1,True,1,Health,
buyer,Devlet Hastanesi -Atatürk-Aydın SAĞLIK BAKANLIĞI TÜRKİYE KAMU HASTANELERİ KURUMU,2,3,True,1,Health,
buyer,Devlet Hastanesi -Atatürk-Zonguldak SAĞLIK BAKANLIĞI BAKAN YARDIMCILIKLARI,1,2,True,18,Health,
buyer,Devlet Hastanesi -Av.Cengiz Gökçek SAĞLIK BAKANLIĞI BAKAN YARDIMCILIKLARI,2,2,True,32,Health,
buyer,Devlet Hastanesi -Aydın SAĞLIK BAKANLIĞI BAKAN YARDIMCILIKLARI,2,4,True,7,Health,
buyer,Devlet Hastanesi -Aydın SAĞLIK BAKANLIĞI TÜRKİYE KAMU HASTANELERİ KURUMU,1,1,True,26,Health,
buyer,Devlet Hastanesi -Aydın Söke Fehime Faik Kocagöz SAĞLIK BAKANLIĞI TÜRKİYE KAMU HASTANELERİ KURUMU,2,2,True,26,Health,
buyer,Devlet Hastanesi -Aydıncık SAĞLIK BAKANLIĞI BAKAN YARDIMCILIKLARI,2,3,True,34,Health,
buyer,Devlet Hastanesi -Aydıncık SAĞLIK BAKANLIĞI TÜRKİYE KAMU HASTANELERİ KURUMU,1,1,True,38,Health,
buyer,Devlet Hastanesi -Ayvacık SAĞLIK BAKANLIĞI BAKAN YARDIMCILIKLARI,1,1,True,1,Health,
buyer,Devlet Hastanesi -Bahçesaray SAĞLIK BAKANLIĞI BAKAN YARDIMCILIKLARI,1,1,False,-1,Health,
buyer,Devlet Hastanesi -Banaz SAĞLIK BAKANLIĞI BAKAN YARDIMCILIKLARI,1,1,True,38,Health,
buyer,Devlet Hastanesi -Bartın SAĞLIK BAKANLIĞI BAKAN YARDIMCILIKLARI,5,7,True,18,Health,
buyer,Devlet Hastanesi -Başmakcı SAĞLIK BAKANLIĞI BAKAN YARDIMCILIKLARI,1,1,True,14,Health,
buyer,Devlet Hastanesi -Beykoz SAĞLIK BAKANLIĞI BAKAN YARDIMCILIKLARI,1,3,True,18,Health,
buyer,Devlet Hastanesi -Beykoz SAĞLIK BAKANLIĞI TÜRKİYE KAMU HASTANELERİ KURUMU,1,1,True,18,Health,
buyer,Devlet Hastanesi -Beylikdüzü SAĞLIK BAKANLIĞI TÜRKİYE KAMU HASTANELERİ KURUMU,1,1,True,17,Health,
buyer,Devlet Hastanesi -Beypazarı SAĞLIK BAKANLIĞI TÜRKİYE KAMU HASTANELERİ KURUMU,1,1,True,1,Health,
buyer,Devlet Hastanesi -Beytepe Murat Erdi Eker SAĞLIK BAKANLIĞI BAKAN YARDIMCILIKLARI,2,6,True,1,Health,
buyer,Devlet Hastanesi -Beytüşşebap SAĞLIK BAKANLIĞI BAKAN YARDIMCILIKLARI,1,1,False,-1,Health,
buyer,Devlet Hastanesi -Bodrum SAĞLIK BAKANLIĞI BAKAN YARDIMCILIKLARI,1,3,True,12,Health,
buyer,Devlet Hastanesi -Bodrum SAĞLIK BAKANLIĞI TÜRKİYE KAMU HASTANELERİ KURUMU,1,4,True,12,Health,
buyer,Devlet Hastanesi -Bolvadin SAĞLIK BAKANLIĞI BAKAN YARDIMCILIKLARI,1,1,True,14,Health,
buyer,Devlet Hastanesi -Bozkır SAĞLIK BAKANLIĞI BAKAN YARDIMCILIKLARI,1,1,False,-1,Health,
buyer,Devlet Hastanesi -Bozyazı SAĞLIK BAKANLIĞI BAKAN YARDIMCILIKLARI,2,2,True,34,Health,
buyer,Devlet Hastanesi -Bozyazı SAĞLIK BAKANLIĞI TÜRKİYE KAMU HASTANELERİ KURUMU,1,1,True,38,Health,
buyer,Devlet Hastanesi -Bozüyük SAĞLIK BAKANLIĞI BAKAN YARDIMCILIKLARI,2,2,True,34,Health,
buyer,Devlet Hastanesi -Boğazlıyan SAĞLIK BAKANLIĞI BAKAN YARDIMCILIKLARI,1,1,True,1,Health,
buyer,Devlet Hastanesi -Bulanık SAĞLIK BAKANLIĞI BAKAN YARDIMCILIKLARI,1,1,True,12,Health,
buyer,Devlet Hastanesi -Bursa İznik SAĞLIK BAKANLIĞI TÜRKİYE KAMU HASTANELERİ KURUMU,1,1,True,18,Health,
buyer,Devlet Hastanesi -Bünyan SAĞLIK BAKANLIĞI BAKAN YARDIMCILIKLARI,1,1,False,-1,Health,
buyer,Devlet Hastanesi -Ceyhan SAĞLIK BAKANLIĞI BAKAN YARDIMCILIKLARI,1,1,False,-1,Health,
buyer,Devlet Hastanesi -Cihanbeyli SAĞLIK BAKANLIĞI BAKAN YARDIMCILIKLARI,1,1,False,-1,Health,
buyer,Devlet Hastanesi -Cizre SAĞLIK BAKANLIĞI BAKAN YARDIMCILIKLARI,3,3,True,17,Health,
buyer,Devlet Hastanesi -Dargeçit SAĞLIK BAKANLIĞI BAKAN YARDIMCILIKLARI,1,1,True,14,Health,
buyer,Devlet Hastanesi -Datça SAĞLIK BAKANLIĞI BAKAN YARDIMCILIKLARI,1,1,True,18,Health,
buyer,Devlet Hastanesi -Denizli SAĞLIK BAKANLIĞI BAKAN YARDIMCILIKLARI,2,9,True,1,Health,
buyer,Devlet Hastanesi -Denizli SAĞLIK BAKANLIĞI TÜRKİYE KAMU HASTANELERİ KURUMU,1,4,True,1,Health,
buyer,Devlet Hastanesi -Devrek SAĞLIK BAKANLIĞI BAKAN YARDIMCILIKLARI,2,2,False,-1,Health,
buyer,Devlet Hastanesi -Dicle SAĞLIK BAKANLIĞI BAKAN YARDIMCILIKLARI,1,1,True,14,Health,
buyer,Devlet Hastanesi -Diyadin SAĞLIK BAKANLIĞI BAKAN YARDIMCILIKLARI,2,2,True,38,Health,
buyer,Devlet Hastanesi -Diyadin SAĞLIK BAKANLIĞI TÜRKİYE KAMU HASTANELERİ KURUMU,1,1,True,38,Health,
buyer,Devlet Hastanesi -Diyarbakır Silvan Dr.Yusuf Azizoğlu SAĞLIK BAKANLIĞI TÜRKİYE KAMU HASTANELERİ KURUMU,1,1,True,14,Health,
buyer,Devlet Hastanesi -Doğanhisar SAĞLIK BAKANLIĞI BAKAN YARDIMCILIKLARI,1,1,True,12,Health,
buyer,Devlet Hastanesi -Dörtyol SAĞLIK BAKANLIĞI BAKAN YARDIMCILIKLARI,2,3,True,12,Health,
buyer,Devlet Hastanesi -Düziçi SAĞLIK BAKANLIĞI BAKAN YARDIMCILIKLARI,1,1,True,1,Health,
buyer,Devlet Hastanesi -EYÜPSULTAN SAĞLIK BAKANLIĞI BAKAN YARDIMCILIKLARI,1,1,True,1,Health,
buyer,Devlet Hastanesi -Edremit SAĞLIK BAKANLIĞI BAKAN YARDIMCILIKLARI,2,2,True,36,Health,
buyer,Devlet Hastanesi -Edremit SAĞLIK BAKANLIĞI TÜRKİYE KAMU HASTANELERİ KURUMU,1,3,True,1,Health,
buyer,Devlet Hastanesi -Eleşkirt SAĞLIK BAKANLIĞI TÜRKİYE KAMU HASTANELERİ KURUMU,1,1,True,38,Health,
buyer,Devlet Hastanesi -Elmadağ SAĞLIK BAKANLIĞI TÜRKİYE KAMU HASTANELERİ KURUMU,1,1,True,12,Health,
buyer,Devlet Hastanesi -Emet SAĞLIK BAKANLIĞI BAKAN YARDIMCILIKLARI,1,1,True,38,Health,
buyer,Devlet Hastanesi -Erciş SAĞLIK BAKANLIĞI BAKAN YARDIMCILIKLARI,2,3,True,19,Health,
buyer,Devlet Hastanesi -Ereğli SAĞLIK BAKANLIĞI BAKAN YARDIMCILIKLARI | KONYA,1,1,True,1,Health,
buyer,Devlet Hastanesi -Ereğli SAĞLIK BAKANLIĞI BAKAN YARDIMCILIKLARI | ZONGULDAK,1,1,True,12,Health,
buyer,Devlet Hastanesi -Ergani SAĞLIK BAKANLIĞI TÜRKİYE KAMU HASTANELERİ KURUMU,1,2,True,12,Health,
buyer,Devlet Hastanesi -Ermenek SAĞLIK BAKANLIĞI BAKAN YARDIMCILIKLARI,1,1,False,-1,Health,
buyer,Devlet Hastanesi -Eskil SAĞLIK BAKANLIĞI BAKAN YARDIMCILIKLARI,1,1,False,-1,Health,
buyer,Devlet Hastanesi -Eskişehir SAĞLIK BAKANLIĞI TÜRKİYE KAMU HASTANELERİ KURUMU,1,1,True,18,Health,
buyer,Devlet Hastanesi -Etimesgut SAĞLIK BAKANLIĞI TÜRKİYE KAMU HASTANELERİ KURUMU,1,2,True,9,Health,
buyer,Devlet Hastanesi -Evliya Çelebi SAĞLIK BAKANLIĞI BAKAN YARDIMCILIKLARI,1,1,True,8,Health,
buyer,Devlet Hastanesi -Fatih SAĞLIK BAKANLIĞI TÜRKİYE KAMU HASTANELERİ KURUMU | KOCAELİ,2,2,True,13,Health,
buyer,Devlet Hastanesi -Fatih SAĞLIK BAKANLIĞI TÜRKİYE KAMU HASTANELERİ KURUMU | TRABZON,1,1,True,1,Health,
buyer,Devlet Hastanesi -G.Antep Ş.Kamil SAĞLIK BAKANLIĞI BAKAN YARDIMCILIKLARI,1,1,True,1,Health,
buyer,Devlet Hastanesi -Gebze Fatih SAĞLIK BAKANLIĞI BAKAN YARDIMCILIKLARI,1,1,True,3,Health,
buyer,Devlet Hastanesi -Gerede SAĞLIK BAKANLIĞI BAKAN YARDIMCILIKLARI,1,2,True,18,Health,
buyer,Devlet Hastanesi -Göksun SAĞLIK BAKANLIĞI TÜRKİYE KAMU HASTANELERİ KURUMU,1,1,True,34,Health,
buyer,Devlet Hastanesi -Gökçebey SAĞLIK BAKANLIĞI BAKAN YARDIMCILIKLARI,2,2,False,-1,Health,
buyer,Devlet Hastanesi -Gölbaşı SAĞLIK BAKANLIĞI TÜRKİYE KAMU HASTANELERİ KURUMU,2,2,True,1,Health,
buyer,Devlet Hastanesi -Gölova SAĞLIK BAKANLIĞI BAKAN YARDIMCILIKLARI,1,1,True,12,Health,
buyer,Devlet Hastanesi -Gönen SAĞLIK BAKANLIĞI BAKAN YARDIMCILIKLARI,1,3,True,1,Health,
buyer,Devlet Hastanesi -Görele SAĞLIK BAKANLIĞI BAKAN YARDIMCILIKLARI,1,1,True,1,Health,
buyer,Devlet Hastanesi -Gümüşhacıköy SAĞLIK BAKANLIĞI BAKAN YARDIMCILIKLARI,1,1,False,-1,Health,
buyer,Devlet Hastanesi -Halil Şıvgın Çubuk SAĞLIK BAKANLIĞI TÜRKİYE KAMU HASTANELERİ KURUMU,1,1,False,-1,Health,
buyer,Devlet Hastanesi -Harput SAĞLIK BAKANLIĞI BAKAN YARDIMCILIKLARI,1,1,True,1,Health,
buyer,Devlet Hastanesi -Hassa SAĞLIK BAKANLIĞI BAKAN YARDIMCILIKLARI,1,1,False,-1,Health,
buyer,Devlet Hastanesi -Haymana SAĞLIK BAKANLIĞI BAKAN YARDIMCILIKLARI,3,5,True,1,Health,
buyer,Devlet Hastanesi -Haymana SAĞLIK BAKANLIĞI TÜRKİYE KAMU HASTANELERİ KURUMU,2,3,True,1,Health,
buyer,Devlet Hastanesi -Hayrabolu SAĞLIK BAKANLIĞI TÜRKİYE KAMU HASTANELERİ KURUMU,1,1,True,14,Health,
buyer,Devlet Hastanesi -Hopa SAĞLIK BAKANLIĞI BAKAN YARDIMCILIKLARI,1,1,True,1,Health,
buyer,Devlet Hastanesi -Ilgaz SAĞLIK BAKANLIĞI TÜRKİYE KAMU HASTANELERİ KURUMU,1,1,True,34,Health,
buyer,Devlet Hastanesi -Iğdır SAĞLIK BAKANLIĞI BAKAN YARDIMCILIKLARI,1,1,True,19,Health,
buyer,Devlet Hastanesi -Kadirli SAĞLIK BAKANLIĞI BAKAN YARDIMCILIKLARI,1,1,True,1,Health,
buyer,Devlet Hastanesi -Kadışehri SAĞLIK BAKANLIĞI BAKAN YARDIMCILIKLARI,1,1,True,1,Health,
buyer,Devlet Hastanesi -Kahta SAĞLIK BAKANLIĞI TÜRKİYE KAMU HASTANELERİ KURUMU,1,1,True,18,Health,
buyer,Devlet Hastanesi -Kale SAĞLIK BAKANLIĞI BAKAN YARDIMCILIKLARI,1,1,True,1,Health,
buyer,Devlet Hastanesi -Kaman SAĞLIK BAKANLIĞI BAKAN YARDIMCILIKLARI,1,1,True,1,Health,
buyer,Devlet Hastanesi -Karacabey SAĞLIK BAKANLIĞI BAKAN YARDIMCILIKLARI,1,3,True,14,Health,
buyer,Devlet Hastanesi -Karakoçan SAĞLIK BAKANLIĞI BAKAN YARDIMCILIKLARI,2,3,True,18,Health,
buyer,Devlet Hastanesi -Karam? SAĞLIK BAKANLIĞI BAKAN YARDIMCILIKLARI,1,2,True,18,Health,
buyer,Devlet Hastanesi -Karaman SAĞLIK BAKANLIĞI BAKAN YARDIMCILIKLARI,1,1,True,1,Health,
buyer,Devlet Hastanesi -Karamürsel SAĞLIK BAKANLIĞI TÜRKİYE KAMU HASTANELERİ KURUMU,1,1,True,18,Health,
buyer,Devlet Hastanesi -Karaçoban SAĞLIK BAKANLIĞI BAKAN YARDIMCILIKLARI,1,1,True,7,Health,
buyer,Devlet Hastanesi -Kargı SAĞLIK BAKANLIĞI BAKAN YARDIMCILIKLARI,1,1,True,36,Health,
buyer,Devlet Hastanesi -Karkamış Şehit Fuat Oğuzcan SAĞLIK BAKANLIĞI TÜRKİYE KAMU HASTANELERİ KURUMU,2,2,True,12,Health,
buyer,Devlet Hastanesi -Karlıova SAĞLIK BAKANLIĞI BAKAN YARDIMCILIKLARI,1,1,False,-1,Health,
buyer,Devlet Hastanesi -Kars SAĞLIK BAKANLIĞI TÜRKİYE KAMU HASTANELERİ KURUMU,1,2,True,12,Health,
buyer,Devlet Hastanesi -Kartal Yavuz Selim SAĞLIK BAKANLIĞI BAKAN YARDIMCILIKLARI,1,1,False,-1,Health,
buyer,Devlet Hastanesi -Kastamonu SAĞLIK BAKANLIĞI BAKAN YARDIMCILIKLARI,1,1,False,-1,Health,
buyer,Devlet Hastanesi -Kaçkar SAĞLIK BAKANLIĞI BAKAN YARDIMCILIKLARI,1,2,False,-1,Health,
buyer,Devlet Hastanesi -Kaçkar SAĞLIK BAKANLIĞI TÜRKİYE KAMU HASTANELERİ KURUMU,2,2,True,1,Health,
buyer,Devlet Hastanesi -Kağıthane SAĞLIK BAKANLIĞI BAKAN YARDIMCILIKLARI,1,5,True,18,Health,
buyer,Devlet Hastanesi -Kaş SAĞLIK BAKANLIĞI BAKAN YARDIMCILIKLARI,1,1,False,-1,Health,
buyer,Devlet Hastanesi -Keşan SAĞLIK BAKANLIĞI BAKAN YARDIMCILIKLARI,1,1,True,12,Health,
buyer,Devlet Hastanesi -Korkuteli SAĞLIK BAKANLIĞI BAKAN YARDIMCILIKLARI,2,2,True,16,Health,
buyer,Devlet Hastanesi -Koyulhisar SAĞLIK BAKANLIĞI BAKAN YARDIMCILIKLARI,1,1,True,12,Health,
buyer,Devlet Hastanesi -Kulu SAĞLIK BAKANLIĞI TÜRKİYE KAMU HASTANELERİ KURUMU,2,2,True,34,Health,
buyer,Devlet Hastanesi -Kumluca SAĞLIK BAKANLIĞI BAKAN YARDIMCILIKLARI,1,1,False,-1,Health,
buyer,Devlet Hastanesi -Kumluca SAĞLIK BAKANLIĞI TÜRKİYE KAMU HASTANELERİ KURUMU,1,1,True,30,Health,
buyer,Devlet Hastanesi -Kuşadası SAĞLIK BAKANLIĞI BAKAN YARDIMCILIKLARI,1,1,True,8,Health,
buyer,Devlet Hastanesi -Köprüköy SAĞLIK BAKANLIĞI BAKAN YARDIMCILIKLARI,1,1,True,12,Health,
buyer,Devlet Hastanesi -Körfez SAĞLIK BAKANLIĞI TÜRKİYE KAMU HASTANELERİ KURUMU,1,1,False,-1,Health,
buyer,Devlet Hastanesi -Kızıltepe SAĞLIK BAKANLIĞI TÜRKİYE KAMU HASTANELERİ KURUMU,1,1,True,17,Health,
buyer,Devlet Hastanesi -Ladik SAĞLIK BAKANLIĞI BAKAN YARDIMCILIKLARI,1,2,True,1,Health,
buyer,Devlet Hastanesi -Malkara SAĞLIK BAKANLIĞI BAKAN YARDIMCILIKLARI,1,1,True,14,Health,
buyer,Devlet Hastanesi -Manavgat SAĞLIK BAKANLIĞI BAKAN YARDIMCILIKLARI,2,3,True,14,Health,
buyer,Devlet Hastanesi -Manisa Merkez Efendi SAĞLIK BAKANLIĞI BAKAN YARDIMCILIKLARI,1,1,True,32,Health,
buyer,Devlet Hastanesi -Manisa SAĞLIK BAKANLIĞI BAKAN YARDIMCILIKLARI,1,2,True,26,Health,
buyer,Devlet Hastanesi -Manisa SAĞLIK BAKANLIĞI TÜRKİYE KAMU HASTANELERİ KURUMU,2,2,True,8,Health,
buyer,Devlet Hastanesi -Mardin SAĞLIK BAKANLIĞI TÜRKİYE KAMU HASTANELERİ KURUMU,1,1,True,17,Health,
buyer,Devlet Hastanesi -Mersin SAĞLIK BAKANLIĞI BAKAN YARDIMCILIKLARI,2,3,True,34,Health,
buyer,Devlet Hastanesi -Mersin SAĞLIK BAKANLIĞI TÜRKİYE KAMU HASTANELERİ KURUMU,1,3,True,34,Health,
buyer,Devlet Hastanesi -Mersin Toros SAĞLIK BAKANLIĞI BAKAN YARDIMCILIKLARI,2,4,True,34,Health,
buyer,Devlet Hastanesi -Mersin Toros SAĞLIK BAKANLIĞI TÜRKİYE KAMU HASTANELERİ KURUMU,3,6,True,34,Health,
buyer,Devlet Hastanesi -Midyat SAĞLIK BAKANLIĞI BAKAN YARDIMCILIKLARI,3,5,True,12,Health,
buyer,Devlet Hastanesi -Milas SAĞLIK BAKANLIĞI BAKAN YARDIMCILIKLARI,2,3,True,26,Health,
buyer,Devlet Hastanesi -Mudanya SAĞLIK BAKANLIĞI TÜRKİYE KAMU HASTANELERİ KURUMU,1,2,True,14,Health,
buyer,Devlet Hastanesi -Mustafa Kemalpaşa SAĞLIK BAKANLIĞI TÜRKİYE KAMU HASTANELERİ KURUMU,1,2,True,14,Health,
buyer,Devlet Hastanesi -Mut SAĞLIK BAKANLIĞI BAKAN YARDIMCILIKLARI,1,2,True,12,Health,
buyer,Devlet Hastanesi -Mut SAĞLIK BAKANLIĞI TÜRKİYE KAMU HASTANELERİ KURUMU,1,3,True,14,Health,
buyer,Devlet Hastanesi -Muğla SAĞLIK BAKANLIĞI BAKAN YARDIMCILIKLARI,1,2,True,12,Health,
buyer,Devlet Hastanesi -Muş SAĞLIK BAKANLIĞI TÜRKİYE KAMU HASTANELERİ KURUMU,2,2,False,-1,Health,
buyer,Devlet Hastanesi -Nallıhan SAĞLIK BAKANLIĞI BAKAN YARDIMCILIKLARI,1,1,True,1,Health,
buyer,Devlet Hastanesi -Nallıhan SAĞLIK BAKANLIĞI TÜRKİYE KAMU HASTANELERİ KURUMU,1,1,True,1,Health,
buyer,Devlet Hastanesi -Nejat Hepkon SAĞLIK BAKANLIĞI BAKAN YARDIMCILIKLARI,1,1,True,26,Health,
buyer,Devlet Hastanesi -Nusaybin SAĞLIK BAKANLIĞI BAKAN YARDIMCILIKLARI,2,2,True,17,Health,
buyer,Devlet Hastanesi -Orhangazi SAĞLIK BAKANLIĞI BAKAN YARDIMCILIKLARI,1,1,True,14,Health,
buyer,Devlet Hastanesi -Orhangazi SAĞLIK BAKANLIĞI TÜRKİYE KAMU HASTANELERİ KURUMU,1,2,True,14,Health,
buyer,Devlet Hastanesi -Ortaca SAĞLIK BAKANLIĞI TÜRKİYE KAMU HASTANELERİ KURUMU,1,1,True,1,Health,
buyer,Devlet Hastanesi -Osmancık SAĞLIK BAKANLIĞI TÜRKİYE KAMU HASTANELERİ KURUMU,1,1,True,36,Health,
buyer,Devlet Hastanesi -Palu SAĞLIK BAKANLIĞI BAKAN YARDIMCILIKLARI,1,1,True,18,Health,
buyer,Devlet Hastanesi -Patnos SAĞLIK BAKANLIĞI BAKAN YARDIMCILIKLARI,2,2,True,38,Health,
buyer,Devlet Hastanesi -Pendik SAĞLIK BAKANLIĞI BAKAN YARDIMCILIKLARI,1,7,True,14,Health,
buyer,Devlet Hastanesi -Pötürge SAĞLIK BAKANLIĞI BAKAN YARDIMCILIKLARI,1,1,True,18,Health,
buyer,Devlet Hastanesi -Pötürge SAĞLIK BAKANLIĞI TÜRKİYE KAMU HASTANELERİ KURUMU,2,2,True,18,Health,
buyer,Devlet Hastanesi -Pınarhisar SAĞLIK BAKANLIĞI BAKAN YARDIMCILIKLARI,2,2,True,19,Health,
buyer,Devlet Hastanesi -Reyhanlı SAĞLIK BAKANLIĞI BAKAN YARDIMCILIKLARI,1,1,True,1,Health,
buyer,Devlet Hastanesi -Reşadiye SAĞLIK BAKANLIĞI BAKAN YARDIMCILIKLARI,1,1,True,1,Health,
buyer,Devlet Hastanesi -Safranbolu SAĞLIK BAKANLIĞI BAKAN YARDIMCILIKLARI,1,1,True,1,Health,
buyer,Devlet Hastanesi -Salihli SAĞLIK BAKANLIĞI TÜRKİYE KAMU HASTANELERİ KURUMU,1,3,True,26,Health,
buyer,Devlet Hastanesi -Samandağ SAĞLIK BAKANLIĞI BAKAN YARDIMCILIKLARI,1,1,True,1,Health,
buyer,Devlet Hastanesi -Sandıklı SAĞLIK BAKANLIĞI BAKAN YARDIMCILIKLARI,1,1,True,1,Health,
buyer,Devlet Hastanesi -Saray SAĞLIK BAKANLIĞI BAKAN YARDIMCILIKLARI,1,1,True,14,Health,
buyer,Devlet Hastanesi -Sarıkaya SAĞLIK BAKANLIĞI BAKAN YARDIMCILIKLARI,1,1,True,1,Health,
buyer,Devlet Hastanesi -Servergazi SAĞLIK BAKANLIĞI BAKAN YARDIMCILIKLARI,2,8,True,1,Health,
buyer,Devlet Hastanesi -Servergazi SAĞLIK BAKANLIĞI TÜRKİYE KAMU HASTANELERİ KURUMU,1,1,True,8,Health,
buyer,Devlet Hastanesi -Silifke SAĞLIK BAKANLIĞI BAKAN YARDIMCILIKLARI,2,3,True,18,Health,
buyer,Devlet Hastanesi -Silifke SAĞLIK BAKANLIĞI TÜRKİYE KAMU HASTANELERİ KURUMU,1,1,False,-1,Health,
buyer,Devlet Hastanesi -Silivri SAĞLIK BAKANLIĞI BAKAN YARDIMCILIKLARI,1,6,True,17,Health,
buyer,Devlet Hastanesi -Silivri SAĞLIK BAKANLIĞI TÜRKİYE KAMU HASTANELERİ KURUMU,2,2,True,1,Health,
buyer,Devlet Hastanesi -Silopi SAĞLIK BAKANLIĞI BAKAN YARDIMCILIKLARI,3,3,True,38,Health,
buyer,Devlet Hastanesi -Silvan SAĞLIK BAKANLIĞI BAKAN YARDIMCILIKLARI,1,1,True,14,Health,
buyer,Devlet Hastanesi -Sinanpaşa SAĞLIK BAKANLIĞI TÜRKİYE KAMU HASTANELERİ KURUMU,1,1,False,-1,Health,
buyer,Devlet Hastanesi -Sinop Atatürk SAĞLIK BAKANLIĞI BAKAN YARDIMCILIKLARI,1,1,True,1,Health,
buyer,Devlet Hastanesi -Sinop Atatürk SAĞLIK BAKANLIĞI TÜRKİYE KAMU HASTANELERİ KURUMU,1,1,True,1,Health,
buyer,Devlet Hastanesi -Sivas Numune Hastanesi SAĞLIK BAKANLIĞI BAKAN YARDIMCILIKLARI,2,4,True,1,Health,
buyer,Devlet Hastanesi -Sivas SAĞLIK BAKANLIĞI TÜRKİYE KAMU HASTANELERİ KURUMU,1,1,True,32,Health,
buyer,Devlet Hastanesi -Solhan SAĞLIK BAKANLIĞI BAKAN YARDIMCILIKLARI,1,1,True,18,Health,
buyer,Devlet Hastanesi -Suruç SAĞLIK BAKANLIĞI BAKAN YARDIMCILIKLARI,1,1,True,1,Health,
buyer,Devlet Hastanesi -Suşehri SAĞLIK BAKANLIĞI BAKAN YARDIMCILIKLARI,1,1,False,-1,Health,
buyer,Devlet Hastanesi -Tacirler Eğitim Vakfı Sultanbeyli SAĞLIK BAKANLIĞI TÜRKİYE KAMU HASTANELERİ KURUMU,1,1,True,18,Health,
buyer,Devlet Hastanesi -Tarsus SAĞLIK BAKANLIĞI BAKAN YARDIMCILIKLARI,4,10,True,34,Health,
buyer,Devlet Hastanesi -Tarsus SAĞLIK BAKANLIĞI TÜRKİYE KAMU HASTANELERİ KURUMU,2,4,True,34,Health,
buyer,Devlet Hastanesi -Tavas SAĞLIK BAKANLIĞI BAKAN YARDIMCILIKLARI,1,2,True,1,Health,
buyer,Devlet Hastanesi -Tavas SAĞLIK BAKANLIĞI TÜRKİYE KAMU HASTANELERİ KURUMU,1,1,True,1,Health,
buyer,Devlet Hastanesi -Taşova SAĞLIK BAKANLIĞI BAKAN YARDIMCILIKLARI,2,2,True,22,Health,
buyer,Devlet Hastanesi -Tekirdağ SAĞLIK BAKANLIĞI TÜRKİYE KAMU HASTANELERİ KURUMU,1,1,False,-1,Health,
buyer,Devlet Hastanesi -Tire SAĞLIK BAKANLIĞI BAKAN YARDIMCILIKLARI,3,3,True,8,Health,
buyer,Devlet Hastanesi -Tufanbeyli SAĞLIK BAKANLIĞI BAKAN YARDIMCILIKLARI,1,1,False,-1,Health,
buyer,Devlet Hastanesi -Tunceli SAĞLIK BAKANLIĞI BAKAN YARDIMCILIKLARI,1,1,True,15,Health,
buyer,Devlet Hastanesi -Turgutlu SAĞLIK BAKANLIĞI TÜRKİYE KAMU HASTANELERİ KURUMU,1,2,True,26,Health,
buyer,Devlet Hastanesi -Turhal SAĞLIK BAKANLIĞI BAKAN YARDIMCILIKLARI,1,1,False,-1,Health,
buyer,Devlet Hastanesi -Tutak SAĞLIK BAKANLIĞI BAKAN YARDIMCILIKLARI,1,1,True,38,Health,
buyer,Devlet Hastanesi -Tuzla SAĞLIK BAKANLIĞI BAKAN YARDIMCILIKLARI,2,9,True,14,Health,
buyer,Devlet Hastanesi -Tuzla SAĞLIK BAKANLIĞI TÜRKİYE KAMU HASTANELERİ KURUMU,1,1,True,14,Health,
buyer,Devlet Hastanesi -Urla SAĞLIK BAKANLIĞI BAKAN YARDIMCILIKLARI,1,2,True,26,Health,
buyer,Devlet Hastanesi -Urla SAĞLIK BAKANLIĞI TÜRKİYE KAMU HASTANELERİ KURUMU,1,2,True,26,Health,
buyer,Devlet Hastanesi -Uzunköprü SAĞLIK BAKANLIĞI BAKAN YARDIMCILIKLARI,1,1,True,36,Health,
buyer,Devlet Hastanesi -Van SAĞLIK BAKANLIĞI BAKAN YARDIMCILIKLARI,1,1,False,-1,Health,
buyer,Devlet Hastanesi -Van İpekyolu SAĞLIK BAKANLIĞI BAKAN YARDIMCILIKLARI,1,1,True,12,Health,
buyer,Devlet Hastanesi -Y?ksekova SAĞLIK BAKANLIĞI BAKAN YARDIMCILIKLARI,1,1,True,20,Health,
buyer,Devlet Hastanesi -Yalova SAĞLIK BAKANLIĞI TÜRKİYE KAMU HASTANELERİ KURUMU,1,1,True,25,Health,
buyer,Devlet Hastanesi -Yenişehir SAĞLIK BAKANLIĞI BAKAN YARDIMCILIKLARI | BURSA,1,1,True,14,Health,
buyer,Devlet Hastanesi -Yenişehir SAĞLIK BAKANLIĞI BAKAN YARDIMCILIKLARI | KAHRAMANMARAŞ,1,1,True,1,Health,
buyer,Devlet Hastanesi -Yenişehir SAĞLIK BAKANLIĞI TÜRKİYE KAMU HASTANELERİ KURUMU,1,2,True,14,Health,
buyer,Devlet Hastanesi -Yozgat SAĞLIK BAKANLIĞI TÜRKİYE KAMU HASTANELERİ KURUMU,1,1,True,1,Health,
buyer,Devlet Hastanesi -Yunus Emre-Eskişehir SAĞLIK BAKANLIĞI TÜRKİYE KAMU HASTANELERİ KURUMU,4,5,True,1,Health,
buyer,Devlet Hastanesi -Yüksekova SAĞLIK BAKANLIĞI BAKAN YARDIMCILIKLARI,1,1,True,20,Health,
buyer,Devlet Hastanesi -Yıldızeli SAĞLIK BAKANLIĞI BAKAN YARDIMCILIKLARI,1,1,True,12,Health,
buyer,Devlet Hastanesi -Zonguldak Karadeniz Ereğli SAĞLIK BAKANLIĞI BAKAN YARDIMCILIKLARI,1,1,True,17,Health,
buyer,Devlet Hastanesi -Çal SAĞLIK BAKANLIĞI BAKAN YARDIMCILIKLARI,1,1,True,1,Health,
buyer,Devlet Hastanesi -Çankırı SAĞLIK BAKANLIĞI BAKAN YARDIMCILIKLARI,1,1,True,32,Health,
buyer,Devlet Hastanesi -Çankırı SAĞLIK BAKANLIĞI TÜRKİYE KAMU HASTANELERİ KURUMU,1,1,True,9,Health,
buyer,Devlet Hastanesi -Çatak SAĞLIK BAKANLIĞI TÜRKİYE KAMU HASTANELERİ KURUMU,1,1,True,19,Health,
buyer,Devlet Hastanesi -Çatalca İlyas Çokay SAĞLIK BAKANLIĞI BAKAN YARDIMCILIKLARI,1,10,True,26,Health,
buyer,Devlet Hastanesi -Çekirge SAĞLIK BAKANLIĞI BAKAN YARDIMCILIKLARI,1,1,True,14,Health,
buyer,Devlet Hastanesi -Çekirge SAĞLIK BAKANLIĞI TÜRKİYE KAMU HASTANELERİ KURUMU,2,5,True,14,Health,
buyer,Devlet Hastanesi -Çerkezköy SAĞLIK BAKANLIĞI BAKAN YARDIMCILIKLARI,1,2,True,14,Health,
buyer,Devlet Hastanesi -Çeşme SAĞLIK BAKANLIĞI BAKAN YARDIMCILIKLARI,1,1,False,-1,Health,
buyer,Devlet Hastanesi -Çiğli Egekent SAĞLIK BAKANLIĞI BAKAN YARDIMCILIKLARI,1,1,False,-1,Health,
buyer,Devlet Hastanesi -Çorum SAĞLIK BAKANLIĞI BAKAN YARDIMCILIKLARI,1,1,True,2,Health,
buyer,Devlet Hastanesi -Çubuk SAĞLIK BAKANLIĞI BAKAN YARDIMCILIKLARI,2,4,True,14,Health,
buyer,Devlet Hastanesi -Üsküdar SAĞLIK BAKANLIĞI BAKAN YARDIMCILIKLARI,2,2,True,17,Health,
buyer,Devlet Hastanesi -İdil SAĞLIK BAKANLIĞI BAKAN YARDIMCILIKLARI,1,1,True,17,Health,
buyer,Devlet Hastanesi -İmamoğlu SAĞLIK BAKANLIĞI BAKAN YARDIMCILIKLARI,1,1,True,17,Health,
buyer,Devlet Hastanesi -İmamoğlu SAĞLIK BAKANLIĞI TÜRKİYE KAMU HASTANELERİ KURUMU,1,1,True,17,Health,
buyer,Devlet Hastanesi -İmranlı SAĞLIK BAKANLIĞI BAKAN YARDIMCILIKLARI,1,1,True,12,Health,
buyer,Devlet Hastanesi -İnegöl SAĞLIK BAKANLIĞI BAKAN YARDIMCILIKLARI,2,2,True,14,Health,
buyer,Devlet Hastanesi -İnegöl SAĞLIK BAKANLIĞI TÜRKİYE KAMU HASTANELERİ KURUMU,2,2,True,1,Health,
buyer,Devlet Hastanesi -İpsala SAĞLIK BAKANLIĞI BAKAN YARDIMCILIKLARI,1,1,True,36,Health,
buyer,Devlet Hastanesi -İscehisar SAĞLIK BAKANLIĞI BAKAN YARDIMCILIKLARI,1,1,True,12,Health,
buyer,Devlet Hastanesi -İskilip Atıf Hoca SAĞLIK BAKANLIĞI TÜRKİYE KAMU HASTANELERİ KURUMU,1,1,True,1,Health,
buyer,Devlet Hastanesi -İslahiye SAĞLIK BAKANLIĞI TÜRKİYE KAMU HASTANELERİ KURUMU,1,1,True,1,Health,
buyer,Devlet Hastanesi -İspir SAĞLIK BAKANLIĞI BAKAN YARDIMCILIKLARI,1,1,True,1,Health,
buyer,Devlet Hastanesi -İstanbul Beylikdüzü SAĞLIK BAKANLIĞI BAKAN YARDIMCILIKLARI,3,14,True,17,Health,
buyer,Devlet Hastanesi -İstanbul Sultanbeyli SAĞLIK BAKANLIĞI BAKAN YARDIMCILIKLARI,1,1,True,18,Health,
buyer,Devlet Hastanesi -İzmit SEKA SAĞLIK BAKANLIĞI TÜRKİYE KAMU HASTANELERİ KURUMU,1,1,True,1,Health,
buyer,Devlet Hastanesi -Şarköy SAĞLIK BAKANLIĞI BAKAN YARDIMCILIKLARI,2,2,True,14,Health,
buyer,Devlet Hastanesi -Şarköy SAĞLIK BAKANLIĞI TÜRKİYE KAMU HASTANELERİ KURUMU,1,1,True,14,Health,
buyer,Devlet Hastanesi -Şemdinli SAĞLIK BAKANLIĞI BAKAN YARDIMCILIKLARI,1,2,True,20,Health,
buyer,Devlet Hastanesi -Şereflikoçhisar SAĞLIK BAKANLIĞI BAKAN YARDIMCILIKLARI,1,2,True,1,Health,
buyer,Devlet Hastanesi -Şile SAĞLIK BAKANLIĞI TÜRKİYE KAMU HASTANELERİ KURUMU,2,6,True,17,Health,
buyer,Devlet Hastanesi -Şırnak SAĞLIK BAKANLIĞI BAKAN YARDIMCILIKLARI,2,2,True,34,Health,
buyer,Devlet Hastanesi BERGAMA NECLA-MİTHAT ÖZTÜRE SAĞLIK BAKANLIĞI BAKAN YARDIMCILIKLARI,1,1,True,26,Health,
buyer,Devlet Hastanesi Şereflikoçhisar SAĞLIK BAKANLIĞI TÜRKİYE KAMU HASTANELERİ KURUMU,1,1,True,1,Health,
buyer,Devlet Hastanesi- Bismil SAĞLIK BAKANLIĞI TÜRKİYE KAMU HASTANELERİ KURUMU,1,1,True,1,Health,
buyer,Devlet Hastanesi- Kepez SAĞLIK BAKANLIĞI BAKAN YARDIMCILIKLARI,2,2,True,19,Health,
buyer,Devlet Hastanesi- ÇİVRİL ŞEHİT HİLMİ ÖZ SAĞLIK BAKANLIĞI BAKAN YARDIMCILIKLARI,1,2,True,1,Health,
buyer,Devlet Hastanesi-29 Mayıs SAĞLIK BAKANLIĞI TÜRKİYE KAMU HASTANELERİ KURUMU,1,2,True,14,Health,
buyer,Devlet Hastanesi-Akyurt SAĞLIK BAKANLIĞI BAKAN YARDIMCILIKLARI,1,1,True,1,Health,
buyer,Devlet Hastanesi-Aliağa SAĞLIK BAKANLIĞI BAKAN YARDIMCILIKLARI,1,1,True,38,Health,
buyer,Devlet Hastanesi-Ankara Pursaklar SAĞLIK BAKANLIĞI BAKAN YARDIMCILIKLARI,3,3,True,1,Health,
buyer,Devlet Hastanesi-Arapgir SAĞLIK BAKANLIĞI BAKAN YARDIMCILIKLARI,1,1,True,11,Health,
buyer,Devlet Hastanesi-Arnavutköy SAĞLIK BAKANLIĞI BAKAN YARDIMCILIKLARI,3,8,True,17,Health,
buyer,Devlet Hastanesi-Bahçelievler SAĞLIK BAKANLIĞI BAKAN YARDIMCILIKLARI,2,4,True,1,Health,
buyer,Devlet Hastanesi-Bahçelievler SAĞLIK BAKANLIĞI TÜRKİYE KAMU HASTANELERİ KURUMU,2,2,True,1,Health,
buyer,Devlet Hastanesi-Bayrampaşa SAĞLIK BAKANLIĞI BAKAN YARDIMCILIKLARI,1,5,True,1,Health,
buyer,Devlet Hastanesi-Başakşehir SAĞLIK BAKANLIĞI BAKAN YARDIMCILIKLARI,1,6,True,17,Health,
buyer,Devlet Hastanesi-Başakşehir SAĞLIK BAKANLIĞI TÜRKİYE KAMU HASTANELERİ KURUMU,2,2,True,14,Health,
buyer,Devlet Hastanesi-Başkale SAĞLIK BAKANLIĞI TÜRKİYE KAMU HASTANELERİ KURUMU,1,1,False,-1,Health,
buyer,Devlet Hastanesi-Bornova Türkan Özilhan SAĞLIK BAKANLIĞI BAKAN YARDIMCILIKLARI,1,2,True,26,Health,
buyer,Devlet Hastanesi-Büyükorhan SAĞLIK BAKANLIĞI BAKAN YARDIMCILIKLARI,1,1,True,36,Health,
buyer,Devlet Hastanesi-Ceyhan SAĞLIK BAKANLIĞI TÜRKİYE KAMU HASTANELERİ KURUMU,1,1,True,1,Health,
buyer,Devlet Hastanesi-Darıca SAĞLIK BAKANLIĞI BAKAN YARDIMCILIKLARI,1,1,True,18,Health,
buyer,Devlet Hastanesi-Derik SAĞLIK BAKANLIĞI BAKAN YARDIMCILIKLARI,1,1,True,17,Health,
buyer,Devlet Hastanesi-Diyarbakır Selahattin Eyyubi SAĞLIK BAKANLIĞI TÜRKİYE KAMU HASTANELERİ KURUMU,1,1,False,-1,Health,
buyer,Devlet Hastanesi-Elmadağ Hulusi Alataş SAĞLIK BAKANLIĞI TÜRKİYE KAMU HASTANELERİ KURUMU,1,1,True,1,Health,
buyer,Devlet Hastanesi-Esenyurt Necmi Kadıoğlu SAĞLIK BAKANLIĞI BAKAN YARDIMCILIKLARI,2,13,True,26,Health,
buyer,Devlet Hastanesi-Esenyurt Necmi Kadıoğlu SAĞLIK BAKANLIĞI TÜRKİYE KAMU HASTANELERİ KURUMU,1,1,True,26,Health,
buyer,Devlet Hastanesi-Etimesgut Şehit Sait Ertürk  SAĞLIK BAKANLIĞI BAKAN YARDIMCILIKLARI,1,3,True,1,Health,
buyer,Devlet Hastanesi-Etimesgut Şehit Sait Ertürk  SAĞLIK BAKANLIĞI TÜRKİYE KAMU HASTANELERİ KURUMU,1,1,True,1,Health,
buyer,Devlet Hastanesi-Eğil SAĞLIK BAKANLIĞI BAKAN YARDIMCILIKLARI,1,1,True,12,Health,
buyer,Devlet Hastanesi-Eğil SAĞLIK BAKANLIĞI TÜRKİYE KAMU HASTANELERİ KURUMU,1,2,True,12,Health,
buyer,Devlet Hastanesi-Eşme SAĞLIK BAKANLIĞI BAKAN YARDIMCILIKLARI,1,1,True,34,Health,
buyer,Devlet Hastanesi-Fethiye SAĞLIK BAKANLIĞI BAKAN YARDIMCILIKLARI,2,3,True,12,Health,
buyer,Devlet Hastanesi-Gercüş SAĞLIK BAKANLIĞI BAKAN YARDIMCILIKLARI,2,2,False,-1,Health,
buyer,Devlet Hastanesi-Gevaş SAĞLIK BAKANLIĞI BAKAN YARDIMCILIKLARI,1,1,False,-1,Health,
buyer,Devlet Hastanesi-HAMUR SAĞLIK BAKANLIĞI BAKAN YARDIMCILIKLARI,1,1,True,1,Health,
buyer,Devlet Hastanesi-Hakkari SAĞLIK BAKANLIĞI BAKAN YARDIMCILIKLARI,1,2,True,20,Health,
buyer,Devlet Hastanesi-Halkalı M.Akif Ersoy Kalp ve Damar C.Eğ.Ar. SAĞLIK BAKANLIĞI BAKAN YARDIMCILIKLARI,2,8,True,17,Health,
buyer,Devlet Hastanesi-Halkalı M.Akif Ersoy Kalp ve Damar C.Eğ.Ar. SAĞLIK BAKANLIĞI TÜRKİYE KAMU HASTANELERİ KURUMU,2,2,True,17,Health,
buyer,Devlet Hastanesi-Hamdi Eriş SAĞLIK BAKANLIĞI TÜRKİYE KAMU HASTANELERİ KURUMU,1,1,True,30,Health,
buyer,Devlet Hastanesi-Hani SAĞLIK BAKANLIĞI TÜRKİYE KAMU HASTANELERİ KURUMU,1,2,True,12,Health,
buyer,Devlet Hastanesi-Kahramankazan SAĞLIK BAKANLIĞI BAKAN YARDIMCILIKLARI,1,1,True,1,Health,
buyer,Devlet Hastanesi-Kartal Yavuz Selim SAĞLIK BAKANLIĞI TÜRKİYE KAMU HASTANELERİ KURUMU,1,1,True,14,Health,
buyer,Devlet Hastanesi-Keles SAĞLIK BAKANLIĞI BAKAN YARDIMCILIKLARI,1,1,True,38,Health,
buyer,Devlet Hastanesi-Kestel SAĞLIK BAKANLIĞI BAKAN YARDIMCILIKLARI,1,1,True,14,Health,
buyer,Devlet Hastanesi-Kocaali SAĞLIK BAKANLIĞI BAKAN YARDIMCILIKLARI,1,1,True,18,Health,
buyer,Devlet Hastanesi-Kınık  SAĞLIK BAKANLIĞI BAKAN YARDIMCILIKLARI,1,1,False,-1,Health,
buyer,Devlet Hastanesi-Lice SAĞLIK BAKANLIĞI TÜRKİYE KAMU HASTANELERİ KURUMU,1,2,True,14,Health,
buyer,Devlet Hastanesi-Lütfiye Nuri Burat SAĞLIK BAKANLIĞI TÜRKİYE KAMU HASTANELERİ KURUMU,1,1,True,17,Health,
buyer,Devlet Hastanesi-Malatya SAĞLIK BAKANLIĞI BAKAN YARDIMCILIKLARI,1,1,False,-1,Health,
buyer,Devlet Hastanesi-Maltepe SAĞLIK BAKANLIĞI BAKAN YARDIMCILIKLARI,1,1,True,18,Health,
buyer,Devlet Hastanesi-Mamak SAĞLIK BAKANLIĞI BAKAN YARDIMCILIKLARI,2,2,True,12,Health,
buyer,Devlet Hastanesi-Marmaraereğlisi SAĞLIK BAKANLIĞI BAKAN YARDIMCILIKLARI,1,1,True,1,Health,
buyer,Devlet Hastanesi-Murat Kölük SAĞLIK BAKANLIĞI BAKAN YARDIMCILIKLARI,1,14,True,26,Health,
buyer,Devlet Hastanesi-Murat Kölük SAĞLIK BAKANLIĞI TÜRKİYE KAMU HASTANELERİ KURUMU,1,1,True,26,Health,
buyer,Devlet Hastanesi-Nevvar Salih işgören Gaziemir SAĞLIK BAKANLIĞI BAKAN YARDIMCILIKLARI,1,3,True,26,Health,
buyer,Devlet Hastanesi-Nevvar Salih işgören Gaziemir SAĞLIK BAKANLIĞI TÜRKİYE KAMU HASTANELERİ KURUMU,2,5,True,8,Health,
buyer,Devlet Hastanesi-Sivaslı SAĞLIK BAKANLIĞI BAKAN YARDIMCILIKLARI,1,1,True,22,Health,
buyer,Devlet Hastanesi-Uludere SAĞLIK BAKANLIĞI TÜRKİYE KAMU HASTANELERİ KURUMU,1,1,False,-1,Health,
buyer,Devlet Hastanesi-Ulus SAĞLIK BAKANLIĞI TÜRKİYE KAMU HASTANELERİ KURUMU,1,1,True,1,Health,
buyer,Devlet Hastanesi-Yeşilyurt SAĞLIK BAKANLIĞI BAKAN YARDIMCILIKLARI,1,1,True,15,Health,
buyer,Devlet Hastanesi-Çağlayancerit SAĞLIK BAKANLIĞI TÜRKİYE KAMU HASTANELERİ KURUMU,1,1,True,18,Health,
buyer,Devlet Hastanesi-Çorlu SAĞLIK BAKANLIĞI BAKAN YARDIMCILIKLARI,1,1,True,12,Health,
buyer,Devlet Hastanesi-İsmail Akgün SAĞLIK BAKANLIĞI BAKAN YARDIMCILIKLARI,1,2,True,18,Health,
buyer,Devlet Hastanesi-İstinye SAĞLIK BAKANLIĞI BAKAN YARDIMCILIKLARI,1,1,True,14,Health,
buyer,Devlet Hastanesi-Şehit Mehmet Çiftçi SAĞLIK BAKANLIĞI BAKAN YARDIMCILIKLARI,1,1,True,14,Health,
buyer,Devlet Konservatuvarı YÜKSEKÖĞRETİM KURUMLARI İSTANBUL ÜNİVERSİTESİ,1,1,False,-1,Education,
buyer,Devlet hastanesi - İstanbul Büyükçekmece Mimar Sinan  SAĞLIK BAKANLIĞI BAKAN YARDIMCILIKLARI,2,11,True,17,Health,
buyer,Didim (Yenihisar) İlçe Emniyet Müdürlüğü İÇİŞLERİ BAKANLIĞI EMNİYET GENEL MÜDÜRLÜĞÜ,1,1,True,20,Security/Interior,
buyer,Diyarbakır 9. Bölge Müdürlüğü,1,2,False,-1,Other public,
buyer,Diyarbakır Adliyesi ADALET BAKANLIĞI BAKAN YARDIMCILIKLARI,1,2,False,-1,Justice,
buyer,Diyarbakır Devlet Hastanesi - SAĞLIK BAKANLIĞI BAKAN YARDIMCILIKLARI,1,1,False,-1,Health,
buyer,Diyarbakır Halk Sağlığı Müdürlüğü SAĞLIK BAKANLIĞI TÜRKİYE HALK SAĞLIĞI KURUMU,1,1,False,-1,Health,
buyer,Diyarbakır Su Kanal İdaresi,4,4,True,21,Other public,
buyer,Diyarbakır Çocuk Hastalıkları Hastanesi SAĞLIK BAKANLIĞI BAKAN YARDIMCILIKLARI,1,1,True,1,Health,
buyer,Diğer Bölümler YÜKSEKÖĞRETİM KURUMLARI ANKARA ÜNİVERSİTESİ,1,1,False,-1,Education,
buyer,Diğer Merkezler YÜKSEKÖĞRETİM KURUMLARI MANİSA CELAL BAYAR ÜNİVERSİTESİ,3,3,True,30,Education,
buyer,Diş Hekimliği Fakültesi YÜKSEKÖĞRETİM KURUMLARI BOLU ABANT İZZET BAYSAL ÜNİVERSİTESİ,1,4,True,15,Health,
buyer,Diş Hekimliği Fakültesi YÜKSEKÖĞRETİM KURUMLARI DİCLE ÜNİVERSİTESİ,1,2,True,15,Health,
buyer,Diş Hekimliği Fakültesi YÜKSEKÖĞRETİM KURUMLARI EGE ÜNİVERSİTESİ,1,7,True,15,Health,
buyer,Diş Hekimliği Fakültesi YÜKSEKÖĞRETİM KURUMLARI FIRAT ÜNİVERSİTESİ,1,3,True,15,Health,
buyer,Diş Hekimliği Fakültesi YÜKSEKÖĞRETİM KURUMLARI KARADENİZ TEKNİK ÜNİVERSİTESİ,2,2,True,15,Health,
buyer,Diş Hekimliği Fakültesi YÜKSEKÖĞRETİM KURUMLARI KIRIKKALE ÜNİVERSİTESİ,4,4,True,15,Health,
buyer,Diş Hekimliği Fakültesi YÜKSEKÖĞRETİM KURUMLARI KOCAELİ ÜNİVERSİTESİ,1,1,True,15,Health,
buyer,Diş Hekimliği Fakültesi YÜKSEKÖĞRETİM KURUMLARI KÜTAHYA SAĞLIK BİLİMLERİ ÜNİVERSİTESİ,1,1,True,8,Health,
buyer,Diş Hekimliği Fakültesi YÜKSEKÖĞRETİM KURUMLARI MARMARA ÜNİVERSİTESİ,1,1,False,-1,Health,
buyer,Diş Hekimliği Fakültesi YÜKSEKÖĞRETİM KURUMLARI RECEP TAYYİP ERDOĞAN ÜNİVERSİTESİ,1,2,True,15,Health,
buyer,Diş Hekimliği Fakültesi YÜKSEKÖĞRETİM KURUMLARI SELÇUK ÜNİVERSİTESİ,1,1,False,-1,Health,
buyer,Diş Hekimliği Fakültesi YÜKSEKÖĞRETİM KURUMLARI SÜLEYMAN DEMİREL ÜNİVERSİTESİ,1,1,True,22,Health,
buyer,Diş Hekimliği Fakültesi YÜKSEKÖĞRETİM KURUMLARI SİVAS CUMHURİYET ÜNİVERSİTESİ,2,3,True,15,Health,
buyer,Diş Hekimliği Fakültesi YÜKSEKÖĞRETİM KURUMLARI TOKAT GAZİOSMANPAŞA ÜNİVERSİTESİ,1,1,True,15,Health,
buyer,Diş Hekimliği Fakültesi YÜKSEKÖĞRETİM KURUMLARI TRAKYA ÜNİVERSİTESİ,1,1,True,15,Health,
buyer,Diş Hekimliği Fakültesi YÜKSEKÖĞRETİM KURUMLARI VAN YÜZÜNCÜ YIL ÜNİVERSİTESİ,1,1,True,12,Health,
buyer,Diş Hekimliği Fakültesi YÜKSEKÖĞRETİM KURUMLARI ZONGULDAK BÜLENT ECEVİT ÜNİVERSİTESİ,2,2,True,15,Health,
buyer,Diş Hekimliği Fakültesi YÜKSEKÖĞRETİM KURUMLARI ÇUKUROVA ÜNİVERSİTESİ,2,2,True,22,Health,
buyer,Diş Hekimliği Fakültesi YÜKSEKÖĞRETİM KURUMLARI İNÖNÜ ÜNİVERSİTESİ,1,1,False,-1,Health,
buyer,Diş Hekimliği Fakültesi YÜKSEKÖĞRETİM KURUMLARI İSTANBUL ÜNİVERSİTESİ,2,2,True,24,Health,
buyer,Doğa Koruma ve Milli Parklar Genel Müdürlüğü TARIM VE ORMAN BAKANLIĞI BAKAN YARDIMCILIKLARI,1,1,False,-1,Agriculture/Environment,
buyer,Doğu Karadeniz Belediyeler Birliği,1,1,False,-1,Municipal/Local,
buyer,Doğum ve Kadın Hast. Eğitim Araşt. Hastanesi -Süleymaniye SAĞLIK BAKANLIĞI BAKAN YARDIMCILIKLARI,1,1,True,26,Health,
buyer,Doğum ve Kadın Hast. Eğitim Araşt. Hastanesi -Süleymaniye SAĞLIK BAKANLIĞI TÜRKİYE KAMU HASTANELERİ KURUMU,1,1,True,26,Health,
buyer,Doğumevi Hastanesi -Zübeyde Hanım SAĞLIK BAKANLIĞI BAKAN YARDIMCILIKLARI,1,1,True,1,Health,
buyer,Doğumevi Hastanesi -Zübeyde Hanım SAĞLIK BAKANLIĞI TÜRKİYE KAMU HASTANELERİ KURUMU,1,2,True,1,Health,
buyer,Doğumevi Hastanesi -Çocuk SAĞLIK BAKANLIĞI TÜRKİYE KAMU HASTANELERİ KURUMU,1,1,True,12,Health,
buyer,Doğumevi Hastanesi-Çocuk-Mersin SAĞLIK BAKANLIĞI TÜRKİYE KAMU HASTANELERİ KURUMU,2,4,True,17,Health,
buyer,Dr. Süreyya Adanalı Göksun Devlet Hastanesi SAĞLIK BAKANLIĞI BAKAN YARDIMCILIKLARI,1,1,True,1,Health,
buyer,Dr. İ.Şevki Atasagun Nevşehir Devlet Hastanesi SAĞLIK BAKANLIĞI BAKAN YARDIMCILIKLARI,1,1,True,2,Health,
buyer,Dr.Behçet Uz Çocuk Hastanesi SAĞLIK BAKANLIĞI TÜRKİYE KAMU HASTANELERİ KURUMU,2,5,True,8,Health,
buyer,Dumlupınar Üniversitesi,1,1,False,-1,Education,
buyer,DÜZCE BELEDİYESİ DESTEK HİZMETLERİ MÜDÜRLÜĞÜ,3,3,True,9,Municipal/Local,
buyer,DÜZCE BELEDİYESİ EMLAK VE İSTİMLAK MÜDÜRLÜĞÜ,2,2,True,13,Municipal/Local,
buyer,DÜZCE MİLLİ EGEMENLİK BİLİM VE SANAT MERKEZİ MİLLİ EĞİTİM BAKANLIĞI BAKAN YARDIMCILIKLARI,1,1,False,-1,Education,
buyer,Düzce Kamu Hastane Birliği SAĞLIK BAKANLIĞI TÜRKİYE KAMU HASTANELERİ KURUMU,4,4,True,36,Health,
buyer,DİDİM BELEDİYESİ ÖZEL KALEM MÜDÜRLÜĞÜ,2,2,True,3,Municipal/Local,
buyer,DİGOR BELEDİYESİ ÖZEL KALEM,1,1,False,-1,Municipal/Local,
buyer,DİKİLİ BELEDİYESİ MALİ HİZMETLER MÜDÜRLÜĞÜ,1,1,True,6,Municipal/Local,
buyer,DİLOVASI BELEDİYESİ DESTEK HİZMETLER MÜDÜRLÜĞÜ,1,1,True,3,Municipal/Local,
buyer,DİNİ YAYINLAR GENEL MÜDÜRLÜĞÜ,4,4,True,33,Other public,
buyer,DİPLOMATİK  ARŞİV DAİRESİ  BAŞKANLIĞI DIŞİŞLERİ BAKANLIĞI BAKAN YARDIMCILIKLARI,2,2,True,7,Other public,
buyer,DİYANET İŞLERİ BAŞKANLIĞI - STRATEJİ GELİŞTİRME BAŞKANLIĞI,3,3,True,2,Other public,
buyer,DİYANET İŞLERİ BAŞKANLIĞI Strateji Geliştirme Dairesi Başkanlığı,10,12,True,2,Other public,
buyer,DİYARBAKIR BÜYÜKŞEHİR BELEDİYE BAŞKANLIĞI - MALİ HİZMETLER DAİRESİ BAŞKANLIĞI,1,1,False,-1,Municipal/Local,
buyer,DİYARBAKIR BÜYÜKŞEHİR BELEDİYESİ MALİ HİZMETLER MÜDÜRLÜĞÜ,9,11,True,6,Municipal/Local,
buyer,DİŞ HEKİMLİĞİ FAKÜLTESİ DEKANLIĞI | ADANA,1,1,True,22,Health,
buyer,DİŞ HEKİMLİĞİ FAKÜLTESİ DEKANLIĞI | ANKARA,1,2,True,10,Health,
buyer,DİŞ HEKİMLİĞİ FAKÜLTESİ DEKANLIĞI | ANTALYA,1,1,True,15,Health,
buyer,DİŞ HEKİMLİĞİ FAKÜLTESİ DEKANLIĞI | ELAZIĞ,1,2,True,15,Health,
buyer,DİŞ HEKİMLİĞİ FAKÜLTESİ DEKANLIĞI | ISPARTA,2,2,True,22,Health,
buyer,DİŞ HEKİMLİĞİ FAKÜLTESİ DEKANLIĞI | RİZE,1,2,True,15,Health,
buyer,DİŞ HEKİMLİĞİ FAKÜLTESİ DEKANLIĞI | TOKAT,1,1,True,15,Health,
buyer,DİŞ HEKİMLİĞİ FAKÜLTESİ DEKANLIĞI | İZMİR,2,2,True,4,Health,
buyer,Dışkapı Yıldırım Beyazıt Eğitim ve Araştırma Hastanesi-Ankara SAĞLIK BAKANLIĞI BAKAN YARDIMCILIKLARI,3,14,True,1,Health,
buyer,Dışkapı Yıldırım Beyazıt Eğitim ve Araştırma Hastanesi-Ankara SAĞLIK BAKANLIĞI TÜRKİYE KAMU HASTANELERİ KURUMU,1,1,True,1,Health,
buyer,EBUAŞ ULAŞIM TURİZM TEKSTİL MADENCİLİK İNŞAAT VE TAAHHÜT ÜRETİM PAZARLAMA TİCARET SANAYİ A.Ş.,1,1,False,-1,Infrastructure/Transport,
buyer,EDREMİT BELEDİYESİ BİLGİ İŞLEM MÜDÜRLÜĞÜ,2,2,True,30,Municipal/Local,
buyer,EDREMİT BELEDİYESİ YAZI İŞLERİ MÜDÜRLÜĞÜ,1,1,True,19,Municipal/Local,
buyer,EDİRNE BELEDİYESİ MALİ HİZMETLER MÜDÜRLÜĞÜ SATINALMAM BİRİMİ,7,7,True,31,Municipal/Local,
buyer,EFELER BELEDİYESİ MALİ HİZMETLERİ MÜDÜRLÜĞÜ,1,1,True,19,Municipal/Local,
buyer,EFELER BELEDİYESİ İMAR VE ŞEHİRCİLİK MÜDÜRLÜĞÜ,1,1,True,6,Municipal/Local,
buyer,EGE ET MAMÜLLERİ YEM VE YAĞ SANAYİ TİCARET ANONİM ŞİRKETİ,1,1,False,-1,Other public,
buyer,EGM DESTEK HİZMETLERİ DAİRE BAŞKANLIĞ İÇİŞLERİ BAKANLIĞI EMNİYET GENEL MÜDÜRLÜĞÜ,40,68,True,0,Security/Interior,
buyer,EGO GENEL MÜDÜRLÜĞÜ ARAÇ BAKIM ONARIM DAİRESİ BAŞKANLIĞI,1,1,True,7,Municipal/Local,
buyer,ELAZIĞ BELEDİYESİ MALİ HİZMETLER MÜDÜRLÜĞÜ,7,8,True,7,Municipal/Local,
buyer,ELAZIĞ İL SAĞLIK MÜDÜRLÜĞÜ,2,5,True,1,Health,
buyer,ELEKTRİK SU HAVAGAZI OTOBÜS VE TROLEYBÜS GENEL MÜDÜRLÜĞÜ - HİZMET ALIM İHALELERİ ŞUBE MÜDÜRLÜĞÜ,3,5,True,9,Infrastructure/Transport,
buyer,ELEKTRİK ÜRETİM A.Ş GENEL MÜDÜRLÜĞÜ (EÜAŞ) Satın Alma ve Malzeme Yönetimi Daire Başkanlığı - Dış Satın Alma Müdürlüğü,6,6,True,0,Infrastructure/Transport,
buyer,ELEKTRİK ÜRETİM A.Ş GENEL MÜDÜRLÜĞÜ (EÜAŞ) Ticaret Dairesi Başkanlığı İç Ticaret Müdürlüğü,6,8,True,0,Infrastructure/Transport,
buyer,ELEKTRİK ÜRETİM A.Ş GENEL MÜDÜRLÜĞÜ(EÜAŞ) Birecik-Nizip HES İşletme Müdürlüğü,1,1,True,20,Infrastructure/Transport,
buyer,ELEKTRİK ÜRETİM A.Ş GENEL MÜDÜRLÜĞÜ(EÜAŞ) Kimya Labaratuvar İşletme Müdürlüğü,1,1,True,39,Infrastructure/Transport,
buyer,ELEKTRİK ÜRETİM A.Ş GENEL MÜDÜRLÜĞÜ(EÜAŞ) Milas Takip ve Koordinasyon Şefliği,1,1,True,5,Infrastructure/Transport,
buyer,ELEKTRİK ÜRETİM A.Ş GENEL MÜDÜRLÜĞÜ(EÜAŞ) Satın Alma ve Malzeme Yönetimi Daire Başkanlığı - İç Satın Alma Müdürlüğü,12,21,True,0,Infrastructure/Transport,
buyer,ELEKTRİK ÜRETİM A.Ş GENEL MÜDÜRLÜĞÜ(EÜAŞ) Soma Termik Santralı ve Koordinasyon İşletme Müdürlüğü (Taşra),2,4,True,19,Infrastructure/Transport,
buyer,ELEKTRİK ÜRETİM A.Ş GENEL MÜDÜRLÜĞÜ(EÜAŞ) İstanbul Doğalgaz Santralleri İşletme Müdürlüğü,1,1,False,-1,Infrastructure/Transport,
buyer,ELEKTRİK ÜRETİM ANONİM ŞİRKETİ GENEL MÜDÜRLÜĞÜ - DIŞ SATIN ALMA MÜDÜRLÜĞÜ,1,1,True,2,Infrastructure/Transport,
buyer,EMET BELEDİYESİ EMET BELEDİYESİ DESTEK HİZMETLER MÜDÜRLÜĞÜ,1,1,False,-1,Municipal/Local,
buyer,EMET BELEDİYESİ FEN İŞLERİ MÜDÜRLÜĞÜ,1,1,True,31,Municipal/Local,
buyer,EMNİYET GENEL MÜDÜRLÜĞÜ - DESTEK HİZMETLERİ DAİRE BAŞKANLIĞI,2,2,True,0,Security/Interior,
buyer,ENERJİ PİYASASI DÜZENLEME KURUMU BAŞKANLIĞI,1,1,True,0,Infrastructure/Transport,
buyer,ENERJİ VE TABİİ KAYNAKLAR BAKANLIĞI Maden İşleri Genel Müdürlüğü,5,5,True,0,Infrastructure/Transport,
buyer,ENERJİ VE TABİİ KAYNAKLAR BAKANLIĞI Strateji Geliştirme Başkanlığı,4,5,True,0,Infrastructure/Transport,
buyer,ENERJİ VERİMLİLİĞİ VE ÇEVRE DAİRESİ BAŞKANLIĞI ENERJİ VE TABİİ KAYNAKLAR BAKANLIĞI BAKAN YARDIMCILIKLARI,1,1,True,8,Infrastructure/Transport,
buyer,ENGELLİ VE YAŞLI HİZMETLERİ GENEL MÜDÜRLÜĞÜ AİLE VE SOSYAL HİZMETLER BAKANLIĞI BAKAN YARDIMCILIKLARI,2,2,False,-1,Social/Finance,
buyer,ERBAA BELEDİYESİ,3,3,True,6,Municipal/Local,
buyer,ERDEK İK.DES.K.LIĞI MİLLİ SAVUNMA BAKANLIĞI MSB BAĞLILARI,1,1,True,2,Defence,
buyer,ERDEMLİ BELEDİYESİ Halkla İlişkiler ve Basın Yayın Müdürlüğü,1,1,True,19,Municipal/Local,
buyer,EREĞLİ BELEDİYESİ,2,2,True,19,Municipal/Local,
buyer,EREĞLİ BELEDİYESİ DESTEK HİZMETLERİ MÜDÜRLÜĞÜ,1,1,True,5,Municipal/Local,
buyer,EREĞLİ BELEDİYESİ İŞLETME VE İŞTİRAKLER MÜDÜRLÜĞÜ,2,2,True,8,Municipal/Local,
buyer,EREĞLİ KÖMÜR HAVZASI AMELEBİRLİĞİ BİRİKTİRME VE YARDIMLAŞMA SANDIĞI BAŞKANLIĞI - YAZI İŞLERİ VE İÇ HİZMETLER SERVİSİ,1,1,False,-1,Other public,
buyer,ERGENE BELEDİYESİ BİLGİ İŞLEM MÜDÜRLÜĞÜ,1,1,True,16,Municipal/Local,
buyer,ERUH BELEDİYESİ MALİ HİZMETLER MÜDÜRLÜĞÜ,1,1,True,7,Municipal/Local,
buyer,ERZURUM BÜYÜKŞEHİR BELEDİYESİ DESTEK HİZMETLERİ DAİRESİ BAŞKANLIĞI,1,1,True,16,Municipal/Local,
buyer,ERZURUM SU KANAL İDARESİ BİLGİ İŞLEM DAİRESİ BAŞKANLIĞI,1,1,True,28,Other public,
buyer,ERZURUM SU KANAL İDARESİ Plan Proje Yatırım ve İnşaat Daire Başkanlığı,1,1,True,33,Other public,
buyer,ESENLER BELEDİYESİ MALİ HİZMETLER MÜDÜRLÜĞÜ,11,12,True,3,Municipal/Local,
buyer,ESENYURT BELEDİYESİ DESTEK HİZMETLERİ MÜDÜRLÜĞÜ,12,23,True,7,Municipal/Local,
buyer,ESHOT GENEL MÜDÜRLÜĞÜ SATIN ALMA DAİRESİ BAŞKANLIĞI HİZMET ALIM İHALELERİ ŞUBE MÜDÜRLÜĞÜ,7,12,True,8,Other public,
buyer,ESHOT GENEL MÜDÜRLÜĞÜ SATINALMA DAİRESİ BAŞKANLIĞI HİZMET ALIM İHALELERİ ŞUBE MÜDÜRLÜĞÜ,6,12,True,8,Other public,
buyer,ESKON ESENLER İNŞAAT SANAYİ VE TİCARET ANONİM ŞİRKETİ,1,1,True,3,Other public,
buyer,ESKİŞEHİR GENÇLİK VE SPOR İL MÜDÜRLÜĞÜ GENÇLİK VE SPOR İL MÜDÜRLÜKLERİ GENÇLİK VE SPOR İL MÜDÜRLÜĞÜ,1,1,False,-1,Other public,
buyer,ESKİŞEHİR ORMAN İŞLETME MÜDÜRLÜĞÜ,2,2,False,-1,Agriculture/Environment,
buyer,ET VE SÜT KURUMU GENEL MÜDÜRLÜĞÜ Destek Hizmetleri Dairesi Başkanlığı,7,7,True,14,Other public,
buyer,ETÜT VE PROJELER DAİRESİ BAŞKANLIĞI,1,1,False,-1,Other public,
buyer,ETİ MADEN İŞLETMELERİ GENEL MÜDÜRLÜĞÜ - SATIN ALMA DAİRESİ BAŞKANLIĞI,1,1,False,-1,Other public,
buyer,ETİ MADEN İŞLETMELERİ GENEL MÜDÜRLÜĞÜ Bandırma Bor ve Asit Fabrikaları İşletme Müdürlüğü,2,2,True,7,Other public,
buyer,ETİ MADEN İŞLETMELERİ GENEL MÜDÜRLÜĞÜ Satınalma Dairesi Başkanlığı,15,26,True,0,Other public,
buyer,ETİMESGUT BELEDİYESİ BİLGİ İŞLEM MÜDÜRLÜĞÜ,1,1,True,6,Municipal/Local,
buyer,ETİMESGUT BELEDİYESİ DESTEK HİZMETLERİ MÜDÜRLÜĞÜ,1,1,True,6,Municipal/Local,
buyer,ETİMESGUT BELEDİYESİ MALİ HİZMETLER MÜDÜRLÜĞÜ,1,1,False,-1,Municipal/Local,
buyer,ETİMESGUT BELEDİYESİ İŞLETME VE İŞTİRAKLER MÜDÜRLÜĞÜ,1,1,False,-1,Municipal/Local,
buyer,EYYÜBİYE BELEDİYESİ BİLGİ İŞLEM MÜDRLÜĞÜ,2,2,True,7,Municipal/Local,
buyer,EYYÜBİYE BELEDİYESİ EYYÜBİYE İLÇE BELEDİYESİ,3,3,True,13,Municipal/Local,
buyer,EYÜPSULTAN BELEDİYESİ,1,1,False,-1,Municipal/Local,
buyer,EYÜPSULTAN BELEDİYESİ DESTEK HİZMETLERİ MÜDÜRLÜĞÜ,12,15,True,3,Municipal/Local,
buyer,EYÜPSULTAN BELEDİYESİ Zabıta Müdürlüğü,1,1,False,-1,Municipal/Local,
buyer,Edirne Kamu Hastane Birliği SAĞLIK BAKANLIĞI TÜRKİYE KAMU HASTANELERİ KURUMU,4,4,True,14,Health,
buyer,Edirne İl Milli Eğitim Müdürlüğü- MİLLİ EĞİTİM BAKANLIĞI BAKAN YARDIMCILIKLARI,1,1,False,-1,Education,
buyer,Edirne İl Özel İdaresi Destek Hizmetleri Müdürlüğü,5,6,True,25,Provincial admin,
buyer,Ege Doğumevi ve Kadın Hastalıkları Eğt.ve Arş.Hastanesi SAĞLIK BAKANLIĞI BAKAN YARDIMCILIKLARI,1,1,True,26,Health,
buyer,Ego Genel Müdürlüğü Bilgi İşlem Dairesi Başkanlığı,1,1,False,-1,Municipal/Local,
buyer,Ego Genel Müdürlüğü Ulaşım Planlama ve Raylı Sistem Dairesi Başkanlığı,2,2,False,-1,Municipal/Local,
buyer,Elazığ Ruh Sağlığı ve Sinir Hastalıkları Hastanesi SAĞLIK BAKANLIĞI BAKAN YARDIMCILIKLARI,1,1,True,18,Health,
buyer,Elazığ Veteriner Kontrol Enstitüsü Müdürlüğü TARIM VE ORMAN BAKANLIĞI BAKAN YARDIMCILIKLARI,1,1,False,-1,Agriculture/Environment,
buyer,Elazığ İl Kültür ve Turizm Müdürlüğü KÜLTÜR VE TURİZM BAKANLIĞI BAKAN YARDIMCILIKLARI,1,1,True,13,Other public,
buyer,Elazığ İl Özel İdaresi,7,9,True,13,Provincial admin,
buyer,Emirdağ Devlet Hastanesi - SAĞLIK BAKANLIĞI BAKAN YARDIMCILIKLARI,1,1,True,15,Health,
buyer,Entegre HastanesiMazıdağı SAĞLIK BAKANLIĞI TÜRKİYE KAMU HASTANELERİ KURUMU,1,1,True,29,Health,
buyer,Erenköy Fizik Tedavi ve Rehabilitasyon Hastanesi SAĞLIK BAKANLIĞI BAKAN YARDIMCILIKLARI,1,1,True,1,Health,
buyer,Erişkin Hastanesi YÜKSEKÖĞRETİM KURUMLARI HACETTEPE ÜNİVERSİTESİ,4,4,True,0,Health,
buyer,Erzincan Halk Sağlığı Müdürlüğü SAĞLIK BAKANLIĞI TÜRKİYE HALK SAĞLIĞI KURUMU,4,5,True,36,Health,
buyer,Erzincan Özel İdaresi Destek Hizmetleri Müdürlüğü,2,2,True,20,Other public,
buyer,Erzincan Üniversitesi Mengücek Gazi Eğitim ve Araştırma Hastanesi SAĞLIK BAKANLIĞI BAKAN YARDIMCILIKLARI,1,1,True,1,Health,
buyer,Erzurum Büyükşehir Belediyesi MALİ HİZMETLER DAİRE BAŞKANLIĞI,9,10,True,6,Municipal/Local,
buyer,Erzurum Kamu Hastane Birliği SAĞLIK BAKANLIĞI TÜRKİYE KAMU HASTANELERİ KURUMU,4,5,True,28,Health,
buyer,Erzurum Valiliği (YİKOB-maas için) İÇİŞLERİ BAKANLIĞI BAKAN YARDIMCILIĞI,1,1,True,20,Security/Interior,
buyer,Eshot Genel Müdürlüğü Satınalma Dairesi Başkanlığı İhale İşleri Şube Müdürlüğü,8,10,True,9,Other public,
buyer,Eskişehir Büyükşehir Belediyesi E.S.K.İ. genel Müdürlüğü,3,3,False,-1,Municipal/Local,
buyer,Eskişehir Büyükşehir Belediyesi ESKİ Genel Müdürlüğü,1,2,True,10,Municipal/Local,
buyer,Eskişehir Büyükşehir Belediyesi SATINALMA DAİRESİ BAŞKANLIĞI,4,5,True,19,Municipal/Local,
buyer,Eskişehir Valiliği (YİKOB-maas için) İÇİŞLERİ BAKANLIĞI BAKAN YARDIMCILIĞI,3,3,True,20,Security/Interior,
buyer,Eskişehir Özel İdaresi Destek Hizmetleri Daire Başkanlığı,1,2,True,20,Other public,
buyer,Eskişehir İl Emniyet Müdürlüğü İÇİŞLERİ BAKANLIĞI EMNİYET GENEL MÜDÜRLÜĞÜ,1,1,False,-1,Security/Interior,
buyer,Etlik-Zübeyde Hanım Kadın Hast.Eğt.Araşt.Hast. SAĞLIK BAKANLIĞI TÜRKİYE KAMU HASTANELERİ KURUMU,2,3,True,1,Health,
buyer,Etlik-Zübeyde Hanım Kadın Hast.Eğtim Araştırma Hastanesi SAĞLIK BAKANLIĞI BAKAN YARDIMCILIKLARI,2,12,True,1,Health,
buyer,Etlik-Zübeyde Hanım Kadın Hast.Eğtim Araştırma Hastanesi SAĞLIK BAKANLIĞI TÜRKİYE KAMU HASTANELERİ KURUMU,1,5,True,1,Health,
buyer,EĞİTİM DAİRESİ BAŞKANLIĞI  İÇİŞLERİ BAKANLIĞI AFET VE ACİL DURUM YÖNETİMİ BAŞKANLIĞI,1,1,False,-1,Security/Interior,
buyer,EĞİTİM VE ARAŞTIRMA HASTANESİ-HAYDARPAŞA NUMUNE SAĞLIK BAKANLIĞI BAKAN YARDIMCILIKLARI,1,3,True,17,Health,
buyer,"EĞİTİM VE YAYIN DAİRESİ BAŞKANLIĞI ÇEVRE, ŞEHİRCİLİK VE İKLİM DEĞİŞİKLİĞİ BAKANLIĞI BAKAN YARDIMCILIKLARI",1,1,False,-1,Agriculture/Environment,
buyer,Eğirdir Kemik Eklem Hastalıkları Tedavi ve Rehabilitasyon Hastanesi SAĞLIK BAKANLIĞI BAKAN YARDIMCILIKLARI,1,1,True,17,Health,
buyer,Eğitim Araştırma Hastanesi-Fizik Tedavi Reh. SAĞLIK BAKANLIĞI BAKAN YARDIMCILIKLARI,1,10,True,18,Health,
buyer,Eğitim Araştırma Hastanesi-Fizik Tedavi Reh. SAĞLIK BAKANLIĞI TÜRKİYE KAMU HASTANELERİ KURUMU,3,3,True,14,Health,
buyer,Eğitim Diş Hastanesi-İzmir SAĞLIK BAKANLIĞI TÜRKİYE KAMU HASTANELERİ KURUMU,1,1,True,8,Health,
buyer,Eğitim Fakültesi YÜKSEKÖĞRETİM KURUMLARI BOLU ABANT İZZET BAYSAL ÜNİVERSİTESİ,1,1,True,22,Education,
buyer,Eğitim ve Araştırma Hastanesi -Atatürk Sanatoryum SAĞLIK BAKANLIĞI BAKAN YARDIMCILIKLARI,1,4,True,1,Health,
buyer,Eğitim ve Araştırma Hastanesi -Bakırköy SAĞLIK BAKANLIĞI TÜRKİYE KAMU HASTANELERİ KURUMU,2,2,True,2,Health,
buyer,Eğitim ve Araştırma Hastanesi -Bağcılar SAĞLIK BAKANLIĞI BAKAN YARDIMCILIKLARI,4,4,True,23,Health,
buyer,Eğitim ve Araştırma Hastanesi -Bağcılar SAĞLIK BAKANLIĞI TÜRKİYE KAMU HASTANELERİ KURUMU,1,3,True,26,Health,
buyer,Eğitim ve Araştırma Hastanesi -Haseki SAĞLIK BAKANLIĞI BAKAN YARDIMCILIKLARI,1,14,True,26,Health,
buyer,Eğitim ve Araştırma Hastanesi- Diyarbakır Gazi Yaşargil SAĞLIK BAKANLIĞI BAKAN YARDIMCILIKLARI,2,2,True,17,Health,
buyer,Eğitim ve Araştırma Hastanesi- Diyarbakır Gazi Yaşargil SAĞLIK BAKANLIĞI TÜRKİYE KAMU HASTANELERİ KURUMU,1,1,True,17,Health,
buyer,Eğitim ve Araştırma Hastanesi- Gaziosmanpaşa  SAĞLIK BAKANLIĞI BAKAN YARDIMCILIKLARI,4,8,True,17,Health,
buyer,Eğitim ve Araştırma Hastanesi- Sancaktepe Şehit Prof. Dr. İlhan Varank SAĞLIK BAKANLIĞI BAKAN YARDIMCILIKLARI,2,4,True,17,Health,
buyer,Eğitim ve Araştırma Hastanesi-ALANYA SAĞLIK BAKANLIĞI BAKAN YARDIMCILIKLARI,3,3,True,14,Health,
buyer,Eğitim ve Araştırma Hastanesi-Antalya SAĞLIK BAKANLIĞI BAKAN YARDIMCILIKLARI,2,4,True,18,Health,
buyer,Eğitim ve Araştırma Hastanesi-BURSA AĞIZ VE DİŞ SAĞLIĞI SAĞLIK BAKANLIĞI BAKAN YARDIMCILIKLARI,1,1,True,10,Health,
buyer,Eğitim ve Araştırma Hastanesi-Bakırköy SAĞLIK BAKANLIĞI BAKAN YARDIMCILIKLARI,1,14,True,26,Health,
buyer,Eğitim ve Araştırma Hastanesi-Bakırköy SAĞLIK BAKANLIĞI TÜRKİYE KAMU HASTANELERİ KURUMU,1,1,True,26,Health,
buyer,Eğitim ve Araştırma Hastanesi-Bağcılar SAĞLIK BAKANLIĞI BAKAN YARDIMCILIKLARI,1,10,True,17,Health,
buyer,Eğitim ve Araştırma Hastanesi-Bağcılar SAĞLIK BAKANLIĞI TÜRKİYE KAMU HASTANELERİ KURUMU,4,7,True,26,Health,
buyer,Eğitim ve Araştırma Hastanesi-Beyoğlu Göz SAĞLIK BAKANLIĞI BAKAN YARDIMCILIKLARI,1,2,True,18,Health,
buyer,Eğitim ve Araştırma Hastanesi-Beyoğlu Göz SAĞLIK BAKANLIĞI TÜRKİYE KAMU HASTANELERİ KURUMU,1,1,True,18,Health,
buyer,Eğitim ve Araştırma Hastanesi-Bilkent FTR SAĞLIK BAKANLIĞI BAKAN YARDIMCILIKLARI,1,2,True,1,Health,
buyer,Eğitim ve Araştırma Hastanesi-Bursa Yüksek İhtisas SAĞLIK BAKANLIĞI BAKAN YARDIMCILIKLARI,1,4,True,14,Health,
buyer,Eğitim ve Araştırma Hastanesi-Bursa Yüksek İhtisas SAĞLIK BAKANLIĞI TÜRKİYE KAMU HASTANELERİ KURUMU,2,7,True,14,Health,
buyer,Eğitim ve Araştırma Hastanesi-DR.LÜTFÜ KIRDAR KARTAL SAĞLIK BAKANLIĞI TÜRKİYE KAMU HASTANELERİ KURUMU,2,2,False,-1,Health,
buyer,Eğitim ve Araştırma Hastanesi-DR.LÜTFİ KIRDAR KARTAL SAĞLIK BAKANLIĞI BAKAN YARDIMCILIKLARI,2,4,True,32,Health,
buyer,Eğitim ve Araştırma Hastanesi-DR.LÜTFİ KIRDAR KARTAL SAĞLIK BAKANLIĞI TÜRKİYE KAMU HASTANELERİ KURUMU,1,1,True,2,Health,
buyer,Eğitim ve Araştırma Hastanesi-ERENKÖY RUH VE SİNİR HASTALIKLARI SAĞLIK BAKANLIĞI BAKAN YARDIMCILIKLARI,4,5,True,17,Health,
buyer,Eğitim ve Araştırma Hastanesi-ERENKÖY RUH VE SİNİR HASTALIKLARI SAĞLIK BAKANLIĞI TÜRKİYE KAMU HASTANELERİ KURUMU,1,1,True,17,Health,
buyer,Eğitim ve Araştırma Hastanesi-Elazığ SAĞLIK BAKANLIĞI BAKAN YARDIMCILIKLARI,1,1,True,11,Health,
buyer,Eğitim ve Araştırma Hastanesi-Elazığ SAĞLIK BAKANLIĞI TÜRKİYE KAMU HASTANELERİ KURUMU,2,2,True,32,Health,
buyer,Eğitim ve Araştırma Hastanesi-Fatih Sultan Mehmet SAĞLIK BAKANLIĞI BAKAN YARDIMCILIKLARI,2,4,True,17,Health,
buyer,Eğitim ve Araştırma Hastanesi-Fatih Sultan Mehmet SAĞLIK BAKANLIĞI TÜRKİYE KAMU HASTANELERİ KURUMU,1,1,True,17,Health,
buyer,Eğitim ve Araştırma Hastanesi-Gülhane SAĞLIK BAKANLIĞI BAKAN YARDIMCILIKLARI,4,5,True,1,Health,
buyer,Eğitim ve Araştırma Hastanesi-Gülhane SAĞLIK BAKANLIĞI TÜRKİYE KAMU HASTANELERİ KURUMU,1,2,True,1,Health,
buyer,Eğitim ve Araştırma Hastanesi-KARTAL KOŞUYOLU YÜKSEK İHTİSAS SAĞLIK BAKANLIĞI BAKAN YARDIMCILIKLARI,2,3,True,1,Health,
buyer,Eğitim ve Araştırma Hastanesi-Kayseri SAĞLIK BAKANLIĞI BAKAN YARDIMCILIKLARI,1,1,True,1,Health,
buyer,Eğitim ve Araştırma Hastanesi-Kayseri SAĞLIK BAKANLIĞI TÜRKİYE KAMU HASTANELERİ KURUMU,2,2,True,7,Health,
buyer,Eğitim ve Araştırma Hastanesi-Marmara Üniversitesi Pendik SAĞLIK BAKANLIĞI BAKAN YARDIMCILIKLARI,3,6,True,26,Health,
buyer,Eğitim ve Araştırma Hastanesi-Marmara Üniversitesi Pendik SAĞLIK BAKANLIĞI TÜRKİYE KAMU HASTANELERİ KURUMU,1,2,True,26,Health,
buyer,Eğitim ve Araştırma Hastanesi-Muğla Sıtkı Koçman SAĞLIK BAKANLIĞI TÜRKİYE KAMU HASTANELERİ KURUMU,2,2,True,12,Health,
buyer,Eğitim ve Araştırma Hastanesi-Okmeydanı SAĞLIK BAKANLIĞI BAKAN YARDIMCILIKLARI,1,1,True,32,Health,
buyer,Eğitim ve Araştırma Hastanesi-Okmeydanı SAĞLIK BAKANLIĞI TÜRKİYE KAMU HASTANELERİ KURUMU,2,2,True,1,Health,
buyer,Eğitim ve Araştırma Hastanesi-PROF.DR.CEMİL TAŞCIOĞLU SAĞLIK BAKANLIĞI BAKAN YARDIMCILIKLARI,1,5,True,17,Health,
buyer,Eğitim ve Araştırma Hastanesi-RTE Üniversitesi  SAĞLIK BAKANLIĞI BAKAN YARDIMCILIKLARI,1,1,True,12,Health,
buyer,Eğitim ve Araştırma Hastanesi-RTE Üniversitesi  SAĞLIK BAKANLIĞI TÜRKİYE KAMU HASTANELERİ KURUMU,1,1,True,0,Health,
buyer,Eğitim ve Araştırma Hastanesi-Samsun SAĞLIK BAKANLIĞI BAKAN YARDIMCILIKLARI,1,1,False,-1,Health,
buyer,Eğitim ve Araştırma Hastanesi-Sağlık Bil Üniv Süreyyapaşa Göğüs Hastı ve Göğüs Cerrahisi SAĞLIK BAKANLIĞI BAKAN YARDIMCILIKLARI,3,7,True,14,Health,
buyer,Eğitim ve Araştırma Hastanesi-Sağlık Bil Üniv Süreyyapaşa Göğüs Hastı ve Göğüs Cerrahisi SAĞLIK BAKANLIĞI TÜRKİYE KAMU HASTANELERİ KURUMU,1,1,True,14,Health,
buyer,Eğitim ve Araştırma Hastanesi-Sultan 2.Abdülhamid Ha SAĞLIK BAKANLIĞI BAKAN YARDIMCILIKLARI,3,5,True,17,Health,
buyer,Eğitim ve Araştırma Hastanesi-Sultan 2.Abdülhamid Han SAĞLIK BAKANLIĞI TÜRKİYE KAMU HASTANELERİ KURUMU,1,1,True,17,Health,
buyer,Eğitim ve Araştırma Hastanesi-Van SAĞLIK BAKANLIĞI BAKAN YARDIMCILIKLARI,3,3,True,32,Health,
buyer,Eğitim ve Araştırma Hastanesi-Yıldırım Beyazıt Üniversitesi SAĞLIK BAKANLIĞI BAKAN YARDIMCILIKLARI,2,2,True,1,Health,
buyer,Eğitim ve Araştırma Hastanesi-ZEYNEP KAMİL KADIN VE ÇOCUK HASTALIKLARI SAĞLIK BAKANLIĞI TÜRKİYE KAMU HASTANELERİ KURUMU,1,1,True,19,Health,
buyer,Eğitim ve Araştırma Hastanesi-Zeynep Kamil Kadın ve Çocuk Hastalıkları SAĞLIK BAKANLIĞI BAKAN YARDIMCILIKLARI,5,6,True,17,Health,
buyer,Eğitim ve Araştırma Hastanesi-Zeynep Kamil Kadın ve Çocuk Hastalıkları SAĞLIK BAKANLIĞI TÜRKİYE KAMU HASTANELERİ KURUMU,1,1,True,17,Health,
buyer,Eğitim ve Araştırma Hastanesi-Ömer Halisdemir Üniversitesi SAĞLIK BAKANLIĞI BAKAN YARDIMCILIKLARI,1,2,True,18,Health,
buyer,Eğitim ve Araştırma Hastanesi-Ümraniye SAĞLIK BAKANLIĞI BAKAN YARDIMCILIKLARI,2,3,True,17,Health,
buyer,Eğitim ve Araştırma Hastanesi-İstanbul Kanuni Sultan Süleyman SAĞLIK BAKANLIĞI BAKAN YARDIMCILIKLARI,1,10,True,17,Health,
buyer,Eğitim ve Araştırma Hastanesi-İstanbul Kanuni Sultan Süleyman SAĞLIK BAKANLIĞI TÜRKİYE KAMU HASTANELERİ KURUMU,1,3,True,17,Health,
buyer,Eğitim ve Araştırma Hastanesi-İstanbul SAĞLIK BAKANLIĞI BAKAN YARDIMCILIKLARI,1,12,True,26,Health,
buyer,Eğitim ve Araştırma Hastanesi-İzzet Baysal Ün İzzet Baysal SAĞLIK BAKANLIĞI BAKAN YARDIMCILIKLARI,1,1,True,18,Health,
buyer,Eğitim ve Araştırma Hastanesi-Şişli Etfal SAĞLIK BAKANLIĞI TÜRKİYE KAMU HASTANELERİ KURUMU,1,1,False,-1,Health,
buyer,Eğitim ve Araştırma Hastanesi-Şişli Hamidiye Etfal SAĞLIK BAKANLIĞI BAKAN YARDIMCILIKLARI,3,13,True,17,Health,
buyer,Eğitim ve Araştırma Hastanesi-Şişli Hamidiye Etfal SAĞLIK BAKANLIĞI TÜRKİYE KAMU HASTANELERİ KURUMU,1,1,False,-1,Health,
buyer,FAKÜLTE SEKRETERLİĞİ,1,1,True,15,Education,
buyer,FATSA BELEDİYESİ FEN İŞLERİ MÜDÜRLÜĞÜ,1,1,False,-1,Municipal/Local,
buyer,FATİH BELEDİYESİ DESTEK HİZMETLERİ MÜDÜRLÜĞÜ,15,29,True,5,Municipal/Local,
buyer,FEN İŞLERİ MÜDÜRLÜĞÜ | ANTALYA,2,2,True,13,Other public,
buyer,FEN İŞLERİ MÜDÜRLÜĞÜ | KASTAMONU,1,1,False,-1,Other public,
buyer,FEN İŞLERİ MÜDÜRLÜĞÜ | ŞANLIURFA,1,1,False,-1,Other public,
buyer,FETHİYE BELEDİYESİ BASIN YAYIN VE HALKLA İLİŞKİLER MÜDÜRLÜĞÜ,1,1,True,20,Municipal/Local,
buyer,FINDIKLI BELEDİYESİ DESTEK HİZMETLERİ MÜDÜRLÜĞÜ,1,1,True,21,Municipal/Local,
buyer,FOÇA AÇIK CEZA İNFAZ KURUMU İŞYURDU DİĞER ÖZEL BÜTÇELİ KURULUŞLAR CEZA İNFAZ KURUMLARI İLE TUTUKEVLERİ İŞ YURTLARI KURUMU,3,3,True,24,Justice,
buyer,FOÇA DZ ÜS K.LIĞI MİLLİ SAVUNMA BAKANLIĞI MSB BAĞLILARI,1,1,True,2,Defence,
buyer,Fen Lisesi-Gölbaşı MİLLİ EĞİTİM BAKANLIĞI BAKAN YARDIMCILIKLARI,1,1,False,-1,Education,
buyer,Fen Lisesi-Selahaddin Eyyübi MİLLİ EĞİTİM BAKANLIĞI BAKAN YARDIMCILIKLARI,1,1,False,-1,Education,
buyer,Fen Lisesi-Suşehri  MİLLİ EĞİTİM BAKANLIĞI BAKAN YARDIMCILIKLARI,1,1,False,-1,Education,
buyer,Fizik Tedavi R.Hastanesi-İstanbul SAĞLIK BAKANLIĞI TÜRKİYE KAMU HASTANELERİ KURUMU,2,2,True,14,Health,
buyer,Fizik Tedavi ve Rehabilitasyon Fakültesi YÜKSEKÖĞRETİM KURUMLARI HACETTEPE ÜNİVERSİTESİ,2,2,False,-1,Education,
buyer,FİNİKE BELEDİYESİ Kültür ve Sosyal İşler Müdürlüğü,1,1,False,-1,Municipal/Local,
buyer,FİNİKE BELEDİYESİ YAZI İŞLERİ MÜDÜRLÜĞÜ,1,1,True,19,Municipal/Local,
buyer,GAP Tarımsal Araştırma Enstitüsü Müdürlüğü-Şanlıurfa TARIM VE ORMAN BAKANLIĞI BAKAN YARDIMCILIKLARI,1,1,False,-1,Agriculture/Environment,
buyer,GAP İDARESİ  İDARE VE MALİ İŞLER KOORDİNATÖRLÜĞÜ DİĞER ÖZEL BÜTÇELİ KURULUŞLAR GAP BÖLGE KALKINMA İDARESİ,2,2,True,9,Other public,
buyer,GATA K.lığı MİLLİ SAVUNMA BAKANLIĞI MSB BAĞLILARI,1,1,True,0,Defence,
buyer,GAZİ DANIŞMANLIK MÜŞAVİRLİK ÖZEL EĞİTİM KONTROLLÜK HİZMETLERİ İNŞAAT HARFİYAT SANAYİ TİCARET ANONİM ŞİRKETİ,1,1,True,28,Other public,
buyer,GAZİ ÜNİVERSİTESİ REKTÖRLÜĞÜ,1,1,True,7,Education,
buyer,GAZİANTEP BÜYÜKŞEHİR BELEDİYE BAŞKANLIĞI,1,1,True,10,Municipal/Local,
buyer,GAZİANTEP BİLİŞİM VE AKILLI KENT TEKNOLOJİLERİ ANONİM ŞİRKETİ,1,1,True,21,Other public,
buyer,GAZİANTEP İL SAĞLIK MÜDÜRLÜĞÜ,1,1,True,18,Health,
buyer,GAZİBEL HİZMET MÜŞAV İRLİK İNŞAAT SAN VE TİC.A.Ş.,1,1,False,-1,Other public,
buyer,GAZİEMİR BELEDİYESİ DESTEK HİZMETLERİ MÜDÜRLÜĞÜ - İHALE BÜROSU,4,4,True,6,Municipal/Local,
buyer,GAZİOSMANPAŞA BELEDİYESİ DESTEK HİZMETLERİ MÜDÜRLÜĞÜ,4,6,True,19,Municipal/Local,
buyer,GAZİOSMANPAŞA BELEDİYESİ Kültür ve Sosyal İşler Müdürlüğü,1,1,True,3,Municipal/Local,
buyer,GAZİOSMANPAŞA BELEDİYESİ İMAR VE ŞEHİRCİLİK MÜDÜRLÜĞÜ,1,1,True,5,Municipal/Local,
buyer,GAZİOSMANPAŞA BELEDİYESİ İNOVASYON VE TEKNOLOJİ MÜDÜRLÜĞÜ,11,15,True,3,Municipal/Local,
buyer,GBB ENERJİ ANONİM ŞİRKETİ,1,1,True,21,Infrastructure/Transport,
buyer,GBB SAĞLIK VE SPOR HİZMETLERİ ANONİM ŞİRKETİ,1,1,True,21,Health,
buyer,GEBZE BELEDİYESİ DESTEK HİZMETLERİ MÜDÜRLÜĞÜ,5,5,True,21,Municipal/Local,
buyer,GEBZE BELEDİYESİ FEN İŞLERİ MÜDÜRLÜĞÜ,5,6,True,27,Municipal/Local,
buyer,GELİBOLU BELEDİYESİ DESTEK HİZMETLER MÜDÜRLÜĞÜ,3,3,True,31,Municipal/Local,
buyer,GEMLİK BELEDİYESİ DESTEK HİZMETLERİ MÜDÜRLÜĞÜ,1,1,True,3,Municipal/Local,
buyer,GENEL SEKRETERLİK DİĞER ÖZEL BÜTÇELİ KURULUŞLAR TÜRK AKREDİTASYON KURUMU,8,17,True,0,Other public,
buyer,GENEL SEKRETERLİK | İSTANBUL,5,11,True,26,Other public,
buyer,GENÇ BELEDİYESİ İŞLETME VE İŞTİRAKLER MÜDÜRLÜĞÜ,1,1,True,7,Municipal/Local,
buyer,GENÇLİK VE SPOR BAKANLIĞI Destek Hizmetleri Dairesi Başkanlığı,1,1,True,9,Other public,
buyer,GEREDE BELEDİYESİ FEN İŞLERİ MÜDÜRLÜĞÜ,1,1,True,6,Municipal/Local,
buyer,GESTAŞ DENİZ ULAŞIM TURİZM TİCARET A .Ş.,3,4,True,11,Infrastructure/Transport,
buyer,Gaziantep Büyükşehir Belediyesi,10,13,True,28,Municipal/Local,
buyer,Gaziantep Devlet Hastanesi -25 Aralık SAĞLIK BAKANLIĞI BAKAN YARDIMCILIKLARI,2,2,True,12,Health,
buyer,Gaziantep Su ve Kanalizasyon İdaresi (GASKİ) Genel Müdürlüğü,2,2,False,-1,Infrastructure/Transport,
buyer,Gaziantep Çocuk Hastanesi Bastabipliği SAĞLIK BAKANLIĞI BAKAN YARDIMCILIKLARI,1,1,True,32,Health,
buyer,Gaziantep İl Emniyet Müdürlüğü İÇİŞLERİ BAKANLIĞI EMNİYET GENEL MÜDÜRLÜĞÜ,2,2,True,25,Security/Interior,
buyer,Gaziantep İl Sağlık Müdürlüğü SAĞLIK BAKANLIĞI BAKAN YARDIMCILIKLARI,6,8,True,18,Health,
buyer,Gaziosmanpaşa Kız Teknik ve Meslek Lisesi Döner Sermaye İşletmesi,1,1,True,0,Education,
buyer,Gebze İdari İşler Müdürlüğü DİĞER ÖZEL BÜTÇELİ KURULUŞLAR TÜRK STANDARDLARI ENSTİTÜSÜ,1,1,False,-1,Other public,
buyer,Gelendost İlçe Milli Eğitim Müdürlüğü- MİLLİ EĞİTİM BAKANLIĞI BAKAN YARDIMCILIKLARI,1,1,False,-1,Education,
buyer,Gençlik Hizmetleri Genel Müdürlüğü GENÇLİK VE SPOR BAKANLIĞI BAKAN YARDIMCILIKLARI,2,5,True,22,Other public,
buyer,Gençlik Hizmetleri ve Spor İl Müdürlükleri -Erzurum DİĞER ÖZEL BÜTÇELİ KURULUŞLAR SPOR GENEL MÜDÜRLÜĞÜ,1,1,False,-1,Other public,
buyer,Gençlik Hizmetleri ve Spor İl Müdürlükleri -Hakkari DİĞER ÖZEL BÜTÇELİ KURULUŞLAR SPOR GENEL MÜDÜRLÜĞÜ,1,2,False,-1,Other public,
buyer,Gençlik Hizmetleri ve Spor İl Müdürlükleri -Kirklareli DİĞER ÖZEL BÜTÇELİ KURULUŞLAR SPOR GENEL MÜDÜRLÜĞÜ,1,1,False,-1,Other public,
buyer,Gençlik Hizmetleri ve Spor İl Müdürlükleri -Kocaeli DİĞER ÖZEL BÜTÇELİ KURULUŞLAR SPOR GENEL MÜDÜRLÜĞÜ,1,1,False,-1,Other public,
buyer,Gençlik Hizmetleri ve Spor İl Müdürlükleri -Nigde DİĞER ÖZEL BÜTÇELİ KURULUŞLAR SPOR GENEL MÜDÜRLÜĞÜ,3,3,False,-1,Other public,
buyer,Gençlik Hizmetleri ve Spor İl Müdürlükleri -Tekirdag DİĞER ÖZEL BÜTÇELİ KURULUŞLAR SPOR GENEL MÜDÜRLÜĞÜ,1,1,False,-1,Other public,
buyer,Gençlik Hizmetleri ve Spor İl Müdürlükleri -Çanakkale DİĞER ÖZEL BÜTÇELİ KURULUŞLAR SPOR GENEL MÜDÜRLÜĞÜ,1,1,False,-1,Other public,
buyer,Giresun Özel İdaresi Destek Hizmetleri Müdürlüğü,4,4,True,13,Other public,
buyer,Giresun İl Milli Eğitim Müdürlüğü- MİLLİ EĞİTİM BAKANLIĞI BAKAN YARDIMCILIKLARI,1,2,False,-1,Education,
buyer,GÖKÇEADA BELEDİYESİ FEN İŞLERİ MÜDÜRLÜĞÜ,1,1,True,31,Municipal/Local,
buyer,GÖLBAŞI BELEDİYESİ BİLGİ İŞLEM MÜDÜRLÜĞÜ,1,1,True,30,Municipal/Local,
buyer,GÖLBAŞI BELEDİYESİ DESTEK HİZMETLERİ MÜDÜRLÜĞÜ,1,1,False,-1,Municipal/Local,
buyer,GÖLBAŞI BELEDİYESİ FEN İŞLERİ MÜDÜRLÜĞÜ,1,1,True,23,Municipal/Local,
buyer,GÖLBAŞI BELEDİYESİ MALİ HİZMETLER MÜDÜRLÜĞÜ,4,4,True,6,Municipal/Local,
buyer,GÖLCÜK BELEDİYESİ BİLGİ İŞLEM MÜDÜRLÜĞÜ,1,1,True,31,Municipal/Local,
buyer,GÖNEN BELEDİYESİ BİLGİ İŞLEM MÜDÜRLÜĞÜ,2,2,True,13,Municipal/Local,
buyer,GÖNEN BELEDİYESİ DESTEK HİZMETLERİ MÜDÜRLÜĞÜ,2,2,True,6,Municipal/Local,
buyer,GÖNEN BELEDİYESİ İMAR VE ŞEHİRCİLİK HİZMETLERİ MÜDÜRLÜĞÜ,1,1,True,3,Municipal/Local,
buyer,GÖYNÜK BELEDİYESİ Yazı İşleri Müdürlüğü,2,3,True,31,Municipal/Local,
buyer,GÜLHANE DİŞ HEKİMLİĞİ FAKÜLTESİ DEKANLIĞI,1,1,True,1,Health,
buyer,GÜLSÜM GÜRAL AĞIZ VE DİŞ SAĞLIĞI UYGULAMA VE ARAŞTIRMA MERKEZİ MÜDÜRLÜĞÜ,1,2,True,10,Other public,
buyer,GÜMÜŞHANE İL SAĞLIK MÜDÜRLÜĞÜ,2,6,True,1,Health,
buyer,GÜMÜŞOVA BELEDİYE BAŞKANLIĞI,1,1,True,5,Municipal/Local,
buyer,GÜNGÖREN BELEDİYESİ Kültür ve Sosyal İşler Müdürlüğü,1,2,True,16,Municipal/Local,
buyer,GÜNGÖREN BELEDİYESİ STRATEJİ GELİŞTİRME MÜDÜRLÜĞÜ,2,2,True,6,Municipal/Local,
buyer,GÜRSU BELEDİYESİ DESTEK HİZMETLER MÜDÜRLÜĞÜ,1,1,True,5,Municipal/Local,
buyer,Gökçeada Devlet Hastanesi - SAĞLIK BAKANLIĞI BAKAN YARDIMCILIKLARI,1,1,False,-1,Health,
buyer,Gönen İlçe Milli Eğitim Müdürlüğü- MİLLİ EĞİTİM BAKANLIĞI BAKAN YARDIMCILIKLARI,1,1,False,-1,Education,
buyer,Gözlem Sistemleri Dairesi Başkanlığı ORMAN VE SU İŞLERİ BAKANLIĞI METEOROLOJİ GENEL MÜDÜRLÜĞÜ,1,1,False,-1,Agriculture/Environment,
buyer,Göğüs Hastalıkları Hastanesi -Atatürk SAĞLIK BAKANLIĞI TÜRKİYE KAMU HASTANELERİ KURUMU,1,5,True,1,Health,
buyer,Göğüs Hastalıkları Hastanesi -Buldan SAĞLIK BAKANLIĞI BAKAN YARDIMCILIKLARI,1,2,True,1,Health,
buyer,Göğüs Hastalıkları Hastanesi- Nuh Naci Yazgan SAĞLIK BAKANLIĞI BAKAN YARDIMCILIKLARI,1,1,True,17,Health,
buyer,Göğüs Hastalıkları Hastanesi-Bursa Prof.Dr.Turkan Akyol SAĞLIK BAKANLIĞI BAKAN YARDIMCILIKLARI,2,3,True,14,Health,
buyer,Göğüs Hastalıkları Hastanesi-Yedikule SAĞLIK BAKANLIĞI BAKAN YARDIMCILIKLARI,2,14,True,17,Health,
buyer,Göğüs Hastalıkları ve Göğüs Cerrahisi Hastanesi SAĞLIK BAKANLIĞI BAKAN YARDIMCILIKLARI,1,1,True,1,Health,
buyer,Göğüs Kalp Damar Cer.Eğt.ve Arş.Hastanesi -Dr.Siyami Ersek SAĞLIK BAKANLIĞI TÜRKİYE KAMU HASTANELERİ KURUMU,1,1,False,-1,Health,
buyer,Gümrükler Genel Müdürlüğü TİCARET BAKANLIĞI BAKAN YARDIMCILIKLARI,1,1,True,0,Social/Finance,
buyer,Gümüşhane Devlet Hastanesi - SAĞLIK BAKANLIĞI BAKAN YARDIMCILIKLARI,1,1,True,1,Health,
buyer,Gümüşhane Kamu Hastane Birliği SAĞLIK BAKANLIĞI TÜRKİYE KAMU HASTANELERİ KURUMU,2,2,True,1,Health,
buyer,Gümüşhane İl Özel İdaresi Destek Hizmetleri Müdürlüğü,2,2,True,29,Provincial admin,
buyer,Güzel Sanatlar Genel Müdürlüğü KÜLTÜR VE TURİZM BAKANLIĞI BAKAN YARDIMCILIKLARI,2,2,False,-1,Other public,
buyer,GİRESUN BELEDİYE BAŞKANLIĞI,7,10,True,6,Municipal/Local,
buyer,GİRESUN İL SAĞLIK MÜDÜRLÜĞÜ,3,4,True,1,Health,
buyer,GİRESUN İL ÖZEL İDARESİ,1,1,True,13,Provincial admin,
buyer,HABERLEŞME GENEL MÜDÜRLÜĞÜ ULAŞTIRMA VE ALTYAPI BAKANLIĞI BAKAN YARDIMCILIKLARI,2,2,True,27,Infrastructure/Transport,
buyer,HACIBEKTAŞ BELEDİYESİ FEN İŞLERİ MÜDÜRLÜĞÜ,1,1,False,-1,Municipal/Local,
buyer,HACILAR BELEDİYESİ FEN İŞLERİ MÜDÜRLÜĞÜ,1,1,True,13,Municipal/Local,
buyer,HAKKARİ BELEDİYESİ SATIN ALMA KOMİSYON BAŞKANLIĞI,2,2,True,20,Municipal/Local,
buyer,HAKKARİ GENÇLİK VE SPOR İL MÜDÜRLÜĞÜ GENÇLİK VE SPOR İL MÜDÜRLÜKLERİ GENÇLİK VE SPOR İL MÜDÜRLÜĞÜ,1,1,True,20,Other public,
buyer,HAKİMLER VE SAVCILAR KURULU GENEL SEKRETERLİK,2,2,False,-1,Other public,
buyer,HALKLA İLİŞKİLER MÜDÜRLÜĞÜ,1,1,False,-1,Other public,
buyer,HALİLİYE BELEDİYESİ Destek Hizmetleri Müdürlüğü,1,1,True,5,Municipal/Local,
buyer,HAMİDİYE KAYNAK SULA RI SAN.TURİZM VE TİC .A.Ş.,2,2,True,4,Other public,
buyer,HASANKEYF BELEDİYESİ YAZI İŞLERİ MÜDÜRLÜĞÜ,1,1,False,-1,Municipal/Local,
buyer,HATAY BÜYÜKŞEHİR BELEDİYESİ DESTEK HİZMETLERİ DAİRESİ BAŞKANLIĞI,6,6,True,0,Municipal/Local,
buyer,HATAY BÜYÜKŞEHİR BELEDİYESİ SATIN ALMA DAİRESİ BAŞKANLIĞI,6,6,True,0,Municipal/Local,
buyer,HATAY MUSTAFA KEMAL ÜNİVERSİTESİ REKTÖRLÜĞÜ - SAĞLIK UYGULAMA VE ARAŞTIRMA HASTANESİ BAŞHEKİMLİĞİ,1,1,True,22,Health,
buyer,HATAY İL SAĞLIK MÜDÜRLÜĞÜ,2,2,True,9,Health,
buyer,HAVAALANI İŞLETME VE HAVACILIK ENDÜSTRİLERİ ANONİM ŞİRKETİ (HEAŞ),6,6,True,11,Other public,
buyer,HAYRABOLU BELEDİYESİ ÖZEL KALEM,1,1,True,8,Municipal/Local,
buyer,HAZİNE VE MALİYE BAKANLIĞI - BİLGİ TEKNOLOJİLERİ GENEL MÜDÜRLÜĞÜ,1,1,True,2,Social/Finance,
buyer,HAZİNE VE MALİYE BAKANLIĞI Gelir İdaresi Başkanlığı,9,11,True,11,Social/Finance,
buyer,HAZİNE VE MALİYE BAKANLIĞI Milli Emlak Genel Müdürlüğü,6,8,True,2,Social/Finance,
buyer,HAZİNE VE MALİYE BAKANLIĞI Strateji Geliştirme Başkanlığı,1,1,True,0,Social/Finance,
buyer,Hakkari DKMP İl Şube Müdürlüğü TARIM VE ORMAN BAKANLIĞI BAKAN YARDIMCILIKLARI,2,2,False,-1,Agriculture/Environment,
buyer,Hakkari Devlet Hastanesi SAĞLIK BAKANLIĞI BAKAN YARDIMCILIKLARI,1,1,True,23,Health,
buyer,Hakkari İl Milli Eğitim Müdürlüğü MİLLİ EĞİTİM BAKANLIĞI BAKAN YARDIMCILIKLARI,2,3,True,20,Education,
buyer,Hakkari İl Özel İdaresi MALİ HİZMETLER MÜDÜRLÜĞÜ,10,15,True,20,Provincial admin,
buyer,Halk Eğitim Merkezi- Adıyaman MİLLİ EĞİTİM BAKANLIĞI BAKAN YARDIMCILIKLARI,1,1,False,-1,Education,
buyer,Halk Eğitim Merkezi- Demirci MİLLİ EĞİTİM BAKANLIĞI BAKAN YARDIMCILIKLARI,1,1,False,-1,Education,
buyer,Halk Kütüphanesi- Şanlıurfa KÜLTÜR VE TURİZM BAKANLIĞI BAKAN YARDIMCILIKLARI,1,1,True,28,Other public,
buyer,Halk Sağlığı Genel Müdürlüğü SAĞLIK BAKANLIĞI BAKAN YARDIMCILIKLARI,15,16,True,1,Health,
buyer,Halk Sağlığı Müdürlüğü SAĞLIK BAKANLIĞI TÜRKİYE HALK SAĞLIĞI KURUMU | ESKİŞEHİR,2,3,False,-1,Health,
buyer,Halk Sağlığı Müdürlüğü SAĞLIK BAKANLIĞI TÜRKİYE HALK SAĞLIĞI KURUMU | SAMSUN,2,2,False,-1,Health,
buyer,Halk Sağlığı Müdürlüğü SAĞLIK BAKANLIĞI TÜRKİYE HALK SAĞLIĞI KURUMU | TEKİRDAĞ,2,7,True,1,Health,
buyer,Halk Sağlığı Müdürlüğü SAĞLIK BAKANLIĞI TÜRKİYE HALK SAĞLIĞI KURUMU | TUNCELİ,2,4,True,12,Health,
buyer,Halk Sağlığı Müdürlüğü SAĞLIK BAKANLIĞI TÜRKİYE HALK SAĞLIĞI KURUMU | İSTANBUL,3,6,True,1,Health,
buyer,Halk Sağlığı Müdürlüğü SAĞLIK BAKANLIĞI TÜRKİYE HALK SAĞLIĞI KURUMU | İZMİR,4,5,True,11,Health,
buyer,Halk Sağlığı Müdürlüğü-Çankırı SAĞLIK BAKANLIĞI TÜRKİYE HALK SAĞLIĞI KURUMU,1,2,True,1,Health,
buyer,Harp Akd.K.lığı MİLLİ SAVUNMA BAKANLIĞI MSB BAĞLILARI,3,6,True,11,Defence,
buyer,Hatay Su ve Kanalizasyon İdaresi Genel Müdürlüğü Bilgi İşlem Dairesi Başkanlığı,4,6,True,5,Infrastructure/Transport,
buyer,Hatay Valiliği (YİKOB-maas için) İÇİŞLERİ BAKANLIĞI BAKAN YARDIMCILIĞI,2,5,True,29,Security/Interior,
buyer,Hatay İl Kültür ve Turizm Müdürlüğü KÜLTÜR VE TURİZM BAKANLIĞI BAKAN YARDIMCILIKLARI,1,1,False,-1,Other public,
buyer,Hatay İl Özel İdaresi Destek Hizmetleri Müdürlüğü,1,1,False,-1,Provincial admin,
buyer,Hava HV.LOJ.K.LIĞI(YURTİÇİ) MİLLİ SAVUNMA BAKANLIĞI MSB BAĞLILARI,2,2,True,0,Defence,
buyer,Hayrabolu Devlet Hastanesi - SAĞLIK BAKANLIĞI BAKAN YARDIMCILIKLARI,1,1,True,36,Health,
buyer,HİTİT ÜNİVERSİTESİ REKTÖRLÜĞÜ - İDARİ VE MALİ İŞLER DAİRE BAŞKANLIĞI,2,3,True,27,Education,
buyer,HİZAN BELEDİYE BAŞKANLIĞI,1,1,False,-1,Municipal/Local,
buyer,ISPARTA BELEDİYESİ  İMAR VE ŞEHİRCİLİK MÜDÜRLÜĞÜ,1,1,True,39,Municipal/Local,
buyer,ISPARTA BELEDİYESİ BASIN YAYIN VE HALKLA İLİŞKİLER MÜDÜRLÜĞÜ,1,1,True,0,Municipal/Local,
buyer,ISPARTA BELEDİYESİ BİLGİ İŞLEM MÜDÜRLÜĞÜ,1,1,True,25,Municipal/Local,
buyer,ISPARTA BELEDİYESİ FEN İŞLERİ MÜDÜRLÜĞÜ,1,1,True,11,Municipal/Local,
buyer,ISPARTA BELEDİYESİ İŞLETME MÜDÜRLÜĞÜ,2,2,False,-1,Municipal/Local,
buyer,ISPARTA GENÇLİK VE SPOR İL MÜDÜRLÜĞÜ GENÇLİK VE SPOR İL MÜDÜRLÜKLERİ GENÇLİK VE SPOR İL MÜDÜRLÜĞÜ,1,1,False,-1,Other public,
buyer,Isparta Halk Sağlığı Müdürlüğü SAĞLIK BAKANLIĞI TÜRKİYE HALK SAĞLIĞI KURUMU,1,1,True,8,Health,
buyer,Isparta Özel İdaresi Plan Proje Yatırım ve İnşaat Müdürlüğü,7,8,True,13,Other public,
buyer,Isparta İl Emniyet Müdürlüğü İÇİŞLERİ BAKANLIĞI EMNİYET GENEL MÜDÜRLÜĞÜ,1,1,True,19,Security/Interior,
buyer,Isparta İl Kültür ve Turizm Müdürlüğü KÜLTÜR VE TURİZM BAKANLIĞI BAKAN YARDIMCILIKLARI,1,1,True,0,Other public,
buyer,Isparta İl Milli Eğitim Müdürlüğü- MİLLİ EĞİTİM BAKANLIĞI BAKAN YARDIMCILIKLARI,1,1,False,-1,Education,
buyer,Isparta İl Sağlık Müdürlüğü SAĞLIK BAKANLIĞI BAKAN YARDIMCILIKLARI,1,1,True,18,Health,
buyer,IĞDIR BELEDİYESİ DESTEK HİZMETLERİ MÜDÜRLÜĞÜ,1,1,True,19,Municipal/Local,
buyer,Iğdır İl Emniyet Müdürlüğü İÇİŞLERİ BAKANLIĞI EMNİYET GENEL MÜDÜRLÜĞÜ,1,1,False,-1,Security/Interior,
buyer,Iğdır İl Milli Eğitim Müdürlüğü- MİLLİ EĞİTİM BAKANLIĞI BAKAN YARDIMCILIKLARI,1,1,False,-1,Education,
buyer,Iğdır İl Özel İdaresi Plan Proje Yatırım ve İnşaat Müdürlüğü,4,5,True,23,Provincial admin,
buyer,Iğdır İl Özel İdaresi İMAR VE KENTSEL İYİLEŞTİRME MÜDÜRLÜĞÜ,1,1,False,-1,Provincial admin,
buyer,JANDARMA GENEL KOMUTANLIĞI - ANKARA JANDARMA TEDARİK MERKEZİ KOMUTANLIĞI,5,5,True,22,Defence,
buyer,Jandarma Ted.Mrkz.K.lığı(Güvercinlik/Ankara) İÇİŞLERİ BAKANLIĞI JANDARMA GENEL KOMUTANLIĞI,38,58,True,0,Defence,
buyer,Jandarma ve Sahil Güvenlik Akademisi Başkanlığı İÇİŞLERİ BAKANLIĞI JANDARMA GENEL KOMUTANLIĞI,3,3,True,9,Defence,
buyer,K.MARAŞ BÜYÜKŞEHİR BELEDİYESİ BİLGİ İŞLEM DAİRESİ BAŞKANLIĞI,12,12,True,28,Municipal/Local,
buyer,K.MARAŞ BÜYÜKŞEHİR BELEDİYESİ DESTEK HİZMETLERİ DAİRESİ BAŞKANLIĞI,1,1,True,28,Municipal/Local,
buyer,"K.MARAŞ BÜYÜKŞEHİR BELEDİYESİ KÜLTÜR, SPOR VE TURİZM İDARESİ BAŞKANLIĞI",1,3,True,28,Municipal/Local,
buyer,K.MARAŞ BÜYÜKŞEHİR BELEDİYESİ SAĞLIK VE SOSYAL HİZMETLER DAİRESİ BAŞKANLIĞI,1,1,False,-1,Municipal/Local,
buyer,K.MARAŞ BÜYÜKŞEHİR BELEDİYESİ ULAŞIM HİZMETLERİ DAİRESİ BAŞKANLIĞI,3,4,True,16,Municipal/Local,
buyer,K.MARAŞ BÜYÜKŞEHİR BELEDİYESİ İMAR VE ŞEHİRCİLİK DAİRESİ BAŞKANLIĞI,1,1,True,27,Municipal/Local,
buyer,K.MARAŞ BÜYÜKŞEHİR BELEDİYESİ İNSAN KAYNAKLARI VE EĞİTİM DAİRESİ BAŞKANLIĞI,1,1,False,-1,Municipal/Local,
buyer,K.Y.K. BURSA İL MÜDÜRLÜĞÜ DİĞER ÖZEL BÜTÇELİ KURULUŞLAR YÜKSEK ÖĞRENİM KREDİ VE YURTLAR KURUMU,1,1,True,22,Other public,
buyer,K.Y.K. Düzce İl Müdürlüğü DİĞER ÖZEL BÜTÇELİ KURULUŞLAR YÜKSEK ÖĞRENİM KREDİ VE YURTLAR KURUMU,1,1,False,-1,Other public,
buyer,K.Y.K. DİYARBAKIR İL MÜDÜRLÜĞÜ DİĞER ÖZEL BÜTÇELİ KURULUŞLAR YÜKSEK ÖĞRENİM KREDİ VE YURTLAR KURUMU,2,2,True,6,Other public,
buyer,K.Y.K. GAZİANTEP İL MÜDÜRLÜĞÜ DİĞER ÖZEL BÜTÇELİ KURULUŞLAR YÜKSEK ÖĞRENİM KREDİ VE YURTLAR KURUMU,1,1,True,22,Other public,
buyer,K.Y.K. KONYA İL MÜDÜRLÜĞÜ DİĞER ÖZEL BÜTÇELİ KURULUŞLAR YÜKSEK ÖĞRENİM KREDİ VE YURTLAR KURUMU,1,1,True,39,Other public,
buyer,K.Y.K. Kars İl Müdürlüğü DİĞER ÖZEL BÜTÇELİ KURULUŞLAR YÜKSEK ÖĞRENİM KREDİ VE YURTLAR KURUMU,1,1,True,22,Other public,
buyer,K.Y.K. ZONGULDAK İL MÜDÜRLÜĞÜ DİĞER ÖZEL BÜTÇELİ KURULUŞLAR YÜKSEK ÖĞRENİM KREDİ VE YURTLAR KURUMU,1,1,False,-1,Other public,
buyer,"KADASTRO DAİRESİ BAŞKANLIĞI ÇEVRE, ŞEHİRCİLİK VE İKLİM DEĞİŞİKLİĞİ BAKANLIĞI TAPU VE KADASTRO GENEL MÜDÜRLÜĞÜ",1,1,True,5,Agriculture/Environment,
buyer,KADIKÖY BELEDİYESİ BİLGİ İŞLEM MÜDÜRLÜĞÜ,11,33,True,16,Municipal/Local,
buyer,KADIKÖY BELEDİYESİ DESTEK HİZMETLER MÜDÜRLÜĞÜ,3,4,True,16,Municipal/Local,
buyer,KADIKÖY BELEDİYESİ Yazı İşleri,1,1,True,6,Municipal/Local,
buyer,KADİRLİ BELEDİYESİ Basın-Yayın ve Halkla İlişkiler Müdürlüğü,2,2,False,-1,Municipal/Local,
buyer,KAHRAMANKAZAN BELEDİYESİ MALİ HİZMETLER MÜDÜRLÜĞÜ,2,2,True,0,Municipal/Local,
buyer,KAHRAMANMARAŞ YATIRIM İZLEME VE KOORDİNASYON BAŞKANLIĞI - YATIRIM İZLEME MÜDÜRLÜĞÜ,1,1,True,16,Provincial admin,
buyer,KAHRAMANMARAŞ İL SAĞLIK MÜDÜRLÜĞÜ,1,1,True,1,Health,
buyer,KAHRAMANMARAŞ İl Özel İdaresi  İL AFET VE ACİL DURUM MÜDÜRLÜĞÜ,1,1,False,-1,Provincial admin,
buyer,KAHTA BELEDİYESİ Fen İşleri Müdürlüğü,1,1,False,-1,Municipal/Local,
buyer,KAMU MALİ YÖNETİM VE DÖNÜŞÜM GENEL MÜDÜRLÜĞÜ HAZİNE VE MALİYE BAKANLIĞI BAKAN YARDIMCILIKLARI,3,3,True,0,Social/Finance,
buyer,KAPAKLI BELEDİYESİ FEN İŞLERİ MÜDÜRLÜĞÜ,1,1,False,-1,Municipal/Local,
buyer,KARABAĞLAR BELEDİYESİ Arşiv Müdürlüğü,1,1,True,0,Municipal/Local,
buyer,KARABAĞLAR BELEDİYESİ PLAN VE PROJE MÜDÜRLÜĞÜ,1,1,True,20,Municipal/Local,
buyer,KARABÜK BELEDİYESİ MALİ HİZMETLER MÜDÜRLÜĞÜ,1,1,False,-1,Municipal/Local,
buyer,KARABÜK BELEDİYESİ SU VE KANALİZASYON MÜDÜRLÜĞÜ,1,1,False,-1,Municipal/Local,
buyer,KARABÜK BELEDİYESİ İMAR VE ŞEHİRÇİLİK MÜDÜRLÜĞÜ,1,1,True,6,Municipal/Local,
buyer,KARABÜK EĞİTİM VE ARAŞTIRMA HASTANESİ BAŞHEKİMLİĞİ,1,1,True,1,Health,
buyer,KARABÜK Sosyal Yardımlaşma ve Dayanışma Vakfı,1,1,True,0,Other public,
buyer,KARABÜK ÜNİVERSİTESİ REKTÖRLÜĞÜ - İDARİ VE MALİ İŞLER DAİRE BAŞKANLIĞI,1,1,False,-1,Education,
buyer,KARAMAN İL SAĞLIK MÜDÜRLÜĞÜ,1,2,True,18,Health,
buyer,KARASU BELEDİYESİ FEN İŞLERİ MÜDÜRLÜĞÜ,1,1,True,21,Municipal/Local,
buyer,KARESİ BELEDİYESİ BİLGİ İŞLEM MÜDÜRLÜĞÜ,1,1,True,16,Municipal/Local,
buyer,KARS BELEDİYESİ BİLGİ İŞLEM MÜDÜRLÜĞÜ,4,5,True,25,Municipal/Local,
buyer,KARS BELEDİYESİ KARS BELEDİYESİ ÖZEL KALEM MÜDÜRLÜĞÜ,1,1,True,17,Municipal/Local,
buyer,KARS BELEDİYESİ İMAR VE ŞEHİRCİLİK MÜDÜRLÜĞÜ,1,1,False,-1,Municipal/Local,
buyer,KARS HARAKANİ DEVLET HASTANESİ BAŞHEKİMLİĞİ,2,5,True,12,Health,
buyer,KARTAL BELEDİYE BAŞKANLIĞI,1,1,False,-1,Municipal/Local,
buyer,KARTEPE  BELEDİYESİ DESTEK HİZMETLERİ MÜDÜRLÜĞÜ,3,3,True,23,Municipal/Local,
buyer,KARTEPE (KÖSEKÖY) BELEDİYESİ BİLGİ İŞLEM MÜDÜRLÜĞÜ,3,3,True,30,Municipal/Local,
buyer,KARŞIYAKA BELEDİYESİ ARŞİV MÜDÜRLÜĞÜ,1,1,True,0,Municipal/Local,
buyer,KARŞIYAKA BELEDİYESİ BİLGİ İŞLEM MÜDÜRLÜĞÜ,5,5,True,12,Municipal/Local,
buyer,KARŞIYAKA BELEDİYESİ SOSYAL YARDIM İŞLERİ MÜDÜRLÜĞÜ,1,1,False,-1,Municipal/Local,
buyer,KARŞIYAKA BELEDİYESİ STRATEJİ GELİŞTİRME MÜDÜRLÜĞÜ,1,1,True,26,Municipal/Local,
buyer,KASTAMONU BELEDİYESİ BİLGİ İŞLEM MÜDÜRLÜĞÜ,1,1,True,6,Municipal/Local,
buyer,KASTAMONU BELEDİYESİ MUHTARLIK İŞLERİ MÜDÜRLÜĞÜ,1,1,False,-1,Municipal/Local,
buyer,KASTAMONU BELEDİYESİ İMAR VE ŞEHİRCİLİK MÜDÜRLÜĞÜ,1,1,True,6,Municipal/Local,
buyer,KASTAMONU ORMAN İŞLETME MÜDÜRLÜĞÜ,3,4,False,-1,Agriculture/Environment,
buyer,KAYAPINAR BELEDİYESİ DESTEK HİZMETLER MÜDÜRLÜĞÜ,1,1,True,5,Municipal/Local,
buyer,KAYAPINAR BELEDİYESİ KÜLTÜR VE SOSYAL İŞLER MÜDÜRLÜĞÜ,1,1,False,-1,Municipal/Local,
buyer,KAYAPINAR BELEDİYESİ İMAR İŞLERİ MÜDÜRLÜĞÜ,1,1,True,6,Municipal/Local,
buyer,KAYAPINAR BELEDİYESİ İNSAN KAYNAKLARI VE EĞİTİM MÜDÜRLÜĞÜ,1,1,True,5,Municipal/Local,
buyer,KAYSERİ BÜYÜKŞEHİR BELEDİYESİ Etüt ve Projeler Dairesi Başkanlığı,1,1,True,7,Municipal/Local,
buyer,KAYSERİ ELEKTRİK PERAKENDE SATIŞ A.Ş.,3,3,True,31,Infrastructure/Transport,
buyer,KAYSERİ ELEKTRİK PERAKENDE SATIŞ ANONİM ŞİRKETİ GENEL MÜDÜRLÜĞÜ,2,2,True,10,Infrastructure/Transport,
buyer,KAYSERİ ULAŞIM TURİZ M İNŞ.TAAH.PROJE TEL.SAN.TİC.A.Ş.,6,8,True,11,Infrastructure/Transport,
buyer,KAYSERİ VE CİVARI EL EKTRİK T.A.Ş.,14,22,True,0,Other public,
buyer,KAĞITHANE BELEDİYESİ BİLGİ İŞLEM MÜDÜRLÜĞÜ,9,26,True,16,Municipal/Local,
buyer,KAĞITHANE BELEDİYESİ SAĞLIK İŞLERİ MÜDÜRLÜĞÜ,1,1,False,-1,Municipal/Local,
buyer,KAĞITHANE BELEDİYESİ İŞLETME MÜDÜRLÜĞÜ,1,8,False,-1,Municipal/Local,
buyer,KEBAN HES İŞLETME MÜDÜRLÜĞÜ,1,1,False,-1,Other public,
buyer,KEMALPAŞA BELEDİYESİ BİLGİ İŞLEM MÜDÜRLÜĞÜ,2,2,True,6,Municipal/Local,
buyer,KENTSEL DÖNÜŞÜM BAŞKANLIĞI - DESTEK HİZMETLERİ DAİRESİ BAŞKANLIĞI,1,1,False,-1,Other public,
buyer,KENTYOL KENT HİZMETLERİ ANONİM ŞİRKETİ,2,2,True,3,Other public,
buyer,KENTİM BİLİŞİM ANONİM ŞİRKETİ,1,1,True,11,Other public,
buyer,KEPEZ BELEDİYESİ,1,1,True,31,Municipal/Local,
buyer,KEPEZ BELEDİYESİ Kültür ve Sosyal İşler Müdürlüğü,1,1,True,0,Municipal/Local,
buyer,KEPEZ BELEDİYESİ Mali Hizmetler Müdürlüğü,1,1,True,19,Municipal/Local,
buyer,KESTEL BELEDİYESİ MALİ HİZMETLER MÜDÜRLÜĞÜ,2,3,True,13,Municipal/Local,
buyer,KEÇİÖREN BELEDİYESİ BİLGİ İŞLEM MÜDÜRLÜĞÜ,5,5,True,6,Municipal/Local,
buyer,KEÇİÖREN BELEDİYESİ İŞLETME ve İŞTİRAKLER MÜDÜRLÜĞÜ,1,1,True,6,Municipal/Local,
buyer,KIRIKHAN BELEDİYESİ MALİ HİZMETLER MÜDÜRLÜĞÜ,1,1,True,5,Municipal/Local,
buyer,KIRIKKALE BELEDİYESİ KOSKİ MÜDÜRLÜĞÜ,1,1,False,-1,Municipal/Local,
buyer,KIRKLARELİ BELEDİYESİ,5,5,True,31,Municipal/Local,
buyer,KIRKLARELİ İL SAĞLIK MÜDÜRLÜĞÜ,1,2,True,14,Health,
buyer,KIRKLARELİ İl Özel İdaresi  İl Afet ve Acil Durum Müdürlüğü,1,1,True,20,Provincial admin,
buyer,KIRŞEHİR BELEDİYESİ BASIN YAYIN VE HALKLA İLİŞKİLER MÜDÜRLÜĞÜ,1,1,True,5,Municipal/Local,
buyer,KIRŞEHİR BELEDİYESİ BİLGİ İŞLEM MÜDÜRLÜĞÜ,2,2,True,11,Municipal/Local,
buyer,KIRŞEHİR BELEDİYESİ DESTEK HİZMETLERİ MÜDÜRLÜĞÜ,3,3,True,2,Municipal/Local,
buyer,KIRŞEHİR TERMAL TURİZM SAN AŞ,1,1,False,-1,Other public,
buyer,KIYI EMNİYETİ GENEL MÜDÜRLÜĞÜ(KIYEM) Destek Hizmetleri Dairesi Başkanlığı,6,7,True,11,Security/Interior,
buyer,KIYI EMNİYETİ GENEL MÜDÜRLÜĞÜ(KIYEM) Malzeme Dairesi Başkanlığı,7,7,True,25,Security/Interior,
buyer,KOCAALİ BELEDİYESİ FEN İŞLERİ MÜDÜRLÜĞÜ,1,1,True,6,Municipal/Local,
buyer,KOCAELİ BÜYÜKŞEHİR BELEDİYE BAŞKANLIĞI - İHALE İŞLERİ ŞUBE MÜDÜRLÜĞÜ,5,5,True,10,Municipal/Local,
buyer,KOCAELİ BÜYÜKŞEHİR BELEDİYESİ ETÜT VE PROJELER DAİRESİ BAŞKANLIĞI ETÜT VE PROJELER İDARE ŞUBE MÜDÜRLÜĞÜ,1,1,True,10,Municipal/Local,
buyer,KOCAELİ BÜYÜKŞEHİR BELEDİYESİ Ulaşım Daire Başkanlığı,2,5,True,6,Municipal/Local,
buyer,KOCAELİ BÜYÜKŞEHİR BELEDİYESİ YAPI KONTROL DAİRESİ BAŞKANLIĞI,1,5,True,10,Municipal/Local,
buyer,KOCAELİ SU VE KANALİZASYON İDARESİ GENEL MÜDÜRLÜĞÜ,14,19,True,4,Infrastructure/Transport,
buyer,KOCAELİ SU VE KANALİZASYON İDARESİ GENEL MÜDÜRLÜĞÜ - İHALE İŞLERİ ŞUBE MÜDÜRLÜĞÜ,3,3,True,33,Infrastructure/Transport,
buyer,KOCAELİ ÜNİVERSİTESİ REKTÖRLÜĞÜ,2,2,True,32,Education,
buyer,KOCAKÖY BELEDİYESİ MALİ HİZMETLER MÜDÜRLÜĞÜ,1,1,True,7,Municipal/Local,
buyer,KOCASİNAN BELEDİYESİ BİLGİ İŞLEM MÜDÜRLÜĞÜ,4,4,True,11,Municipal/Local,
buyer,KONAK BELEDİYESİ Bilgi İşlem Müdürlüğü,6,8,True,8,Municipal/Local,
buyer,KONAKLI BELEDİYESİ FEN İŞLERİ MÜDÜRLÜĞÜ,1,1,False,-1,Municipal/Local,
buyer,KONYA B.B. SU KANAL İDARESİ,9,10,True,5,Other public,
buyer,KONYA BÜYÜKŞEHİR BELEDİYESİ DESTEK HİZMETLERİ DAİRE BAŞKANLIĞI,17,22,True,9,Municipal/Local,
buyer,KONYA BÜYÜKŞEHİR BELEDİYESİ ULAŞIM PLANLAMA VE RAYLI SİSTEM DAİRE BAŞKANLIĞI,3,3,True,0,Municipal/Local,
buyer,KORKUTELİ BELEDİYESİ MALİ HİZMETLER MÜDÜRLÜĞÜ,1,1,True,6,Municipal/Local,
buyer,KOZAKLI BELEDİYESİ FEN İŞLERİ MÜDÜRLÜĞÜ,1,1,True,31,Municipal/Local,
buyer,KOZAN BELEDİYESİ FEN İŞLERİ MÜDÜRLÜĞÜ,1,1,True,6,Municipal/Local,
buyer,KSÜ UYGULAMA VE ARAŞTIRMA MERKEZİ YÜKSEKÖĞRETİM KURUMLARI KAHRAMANMARAŞ SÜTÇÜ İMAM ÜNİVERSİTESİ,1,1,True,22,Education,
buyer,KTÜN  İDARİ VE MALİ İŞLER DAİRE BAŞKANLIĞI YÜKSEKÖĞRETİM KURUMLARI KONYA TEKNİK ÜNİVERSİTESİ,2,5,True,7,Education,
buyer,KULP BELEDİYE BAŞKANLIĞI,1,1,False,-1,Municipal/Local,
buyer,KUMLUCA BELEDİYESİ DESTEK HİZMETLERİ MÜDÜRLÜĞÜ,2,2,True,8,Municipal/Local,
buyer,KUŞADASI BELEDİYESİ BAŞKANLIK MAKAMI,3,4,True,6,Municipal/Local,
buyer,Kadın Doğum ve Çocuk Hastalıkları Hastanesi -Mardin SAĞLIK BAKANLIĞI TÜRKİYE KAMU HASTANELERİ KURUMU,2,2,True,14,Health,
buyer,Kadın Doğum ve Çocuk Hastanesi -Batman SAĞLIK BAKANLIĞI BAKAN YARDIMCILIKLARI,1,1,True,1,Health,
buyer,Kadın Doğum ve Çocuk Hastanesi -Batman SAĞLIK BAKANLIĞI TÜRKİYE KAMU HASTANELERİ KURUMU,1,1,False,-1,Health,
buyer,Kadın Doğum ve Çocuk Hastanesi -Yakacık SAĞLIK BAKANLIĞI BAKAN YARDIMCILIKLARI,2,4,True,14,Health,
buyer,Kadın Doğum ve Çocuk Hastanesi-Aydın SAĞLIK BAKANLIĞI TÜRKİYE KAMU HASTANELERİ KURUMU,1,1,True,1,Health,
buyer,Kadın Doğum ve Çocuk Hastanesi-Dr.Ali Kemal Belviranlı SAĞLIK BAKANLIĞI BAKAN YARDIMCILIKLARI,1,1,True,18,Health,
buyer,Kadın Doğum ve Çocuk Hastanesi-Esenler SAĞLIK BAKANLIĞI TÜRKİYE KAMU HASTANELERİ KURUMU,2,15,True,26,Health,
buyer,Kadın Hastalıkları ve Doğum Hastanesi SAĞLIK BAKANLIĞI TÜRKİYE KAMU HASTANELERİ KURUMU,1,3,True,1,Health,
buyer,Kahramanmaraş Devlet Hastanesi - SAĞLIK BAKANLIĞI BAKAN YARDIMCILIKLARI,1,1,True,12,Health,
buyer,Kahramanmaraş Halk Sağlığı Müdürlüğü SAĞLIK BAKANLIĞI TÜRKİYE HALK SAĞLIĞI KURUMU,1,1,True,18,Health,
buyer,Kahramanmaraş Meslekî Eğitim Merkezi- MİLLİ EĞİTİM BAKANLIĞI BAKAN YARDIMCILIKLARI,1,1,True,28,Education,
buyer,Kahramanmaraş Su ve Kanalizasyon İdaresi Genel Müdürlüğü BİLGİ İŞLEM DAİRESİ BAŞKANLIĞI,3,4,True,28,Infrastructure/Transport,
buyer,Kahramanmaraş Su ve Kanalizasyon İdaresi Genel Müdürlüğü İçme Suyu Dairesi Başkanlığı,1,1,True,5,Infrastructure/Transport,
buyer,Kahramanmaraş Teknik ve Endüstri Meslek Lisesi MİLLİ EĞİTİM BAKANLIĞI BAKAN YARDIMCILIKLARI,2,3,True,28,Education,
buyer,Kahta İlçe Milli Eğitim Müdürlüğü-Mesleki ve Teknik Eğitim Okulları MİLLİ EĞİTİM BAKANLIĞI BAKAN YARDIMCILIKLARI,1,1,False,-1,Education,
buyer,Kamu Hastane Birliği (Anadolu Kuzey) SAĞLIK BAKANLIĞI TÜRKİYE KAMU HASTANELERİ KURUMU,4,4,True,1,Health,
buyer,Kamu Hastane Birliği (Bakırköy) SAĞLIK BAKANLIĞI TÜRKİYE KAMU HASTANELERİ KURUMU,8,13,True,26,Health,
buyer,Kamu Hastane Birliği (Beyoğlu) SAĞLIK BAKANLIĞI TÜRKİYE KAMU HASTANELERİ KURUMU,2,2,True,1,Health,
buyer,Kamu Hastane Birliği (Bilkent) SAĞLIK BAKANLIĞI TÜRKİYE KAMU HASTANELERİ KURUMU,3,4,True,1,Health,
buyer,Kamu Hastane Birliği (Fatih) SAĞLIK BAKANLIĞI TÜRKİYE KAMU HASTANELERİ KURUMU,3,3,True,26,Health,
buyer,Kamu Hastane Birliği (Güney) SAĞLIK BAKANLIĞI TÜRKİYE KAMU HASTANELERİ KURUMU,9,11,True,8,Health,
buyer,Kamu Hastane Birliği (Kuzey) SAĞLIK BAKANLIĞI TÜRKİYE KAMU HASTANELERİ KURUMU,3,3,True,8,Health,
buyer,Kamu Hastane Birliği (Çekmece) SAĞLIK BAKANLIĞI TÜRKİYE KAMU HASTANELERİ KURUMU,5,9,True,29,Health,
buyer,Kamu Hastane Birliği SAĞLIK BAKANLIĞI TÜRKİYE KAMU HASTANELERİ KURUMU | ADIYAMAN,1,3,True,18,Health,
buyer,Kamu Hastane Birliği SAĞLIK BAKANLIĞI TÜRKİYE KAMU HASTANELERİ KURUMU | ARDAHAN,1,1,True,12,Health,
buyer,Kamu Hastane Birliği SAĞLIK BAKANLIĞI TÜRKİYE KAMU HASTANELERİ KURUMU | AĞRI,1,1,True,38,Health,
buyer,Kamu Hastane Birliği SAĞLIK BAKANLIĞI TÜRKİYE KAMU HASTANELERİ KURUMU | BOLU,2,2,True,1,Health,
buyer,Kamu Hastane Birliği SAĞLIK BAKANLIĞI TÜRKİYE KAMU HASTANELERİ KURUMU | BURDUR,3,3,True,1,Health,
buyer,Kamu Hastane Birliği SAĞLIK BAKANLIĞI TÜRKİYE KAMU HASTANELERİ KURUMU | BURSA,2,2,True,14,Health,
buyer,Kamu Hastane Birliği SAĞLIK BAKANLIĞI TÜRKİYE KAMU HASTANELERİ KURUMU | BİNGÖL,4,7,True,15,Health,
buyer,Kamu Hastane Birliği SAĞLIK BAKANLIĞI TÜRKİYE KAMU HASTANELERİ KURUMU | DENİZLİ,2,2,True,8,Health,
buyer,Kamu Hastane Birliği SAĞLIK BAKANLIĞI TÜRKİYE KAMU HASTANELERİ KURUMU | DİYARBAKIR,2,2,True,1,Health,
buyer,Kamu Hastane Birliği SAĞLIK BAKANLIĞI TÜRKİYE KAMU HASTANELERİ KURUMU | ELAZIĞ,3,4,True,1,Health,
buyer,Kamu Hastane Birliği SAĞLIK BAKANLIĞI TÜRKİYE KAMU HASTANELERİ KURUMU | ERZİNCAN,2,4,True,1,Health,
buyer,Kamu Hastane Birliği SAĞLIK BAKANLIĞI TÜRKİYE KAMU HASTANELERİ KURUMU | ESKİŞEHİR,2,4,True,1,Health,
buyer,Kamu Hastane Birliği SAĞLIK BAKANLIĞI TÜRKİYE KAMU HASTANELERİ KURUMU | GİRESUN,1,1,True,1,Health,
buyer,Kamu Hastane Birliği SAĞLIK BAKANLIĞI TÜRKİYE KAMU HASTANELERİ KURUMU | HATAY,2,2,True,1,Health,
buyer,Kamu Hastane Birliği SAĞLIK BAKANLIĞI TÜRKİYE KAMU HASTANELERİ KURUMU | ISPARTA,3,3,True,18,Health,
buyer,Kamu Hastane Birliği SAĞLIK BAKANLIĞI TÜRKİYE KAMU HASTANELERİ KURUMU | KAHRAMANMARAŞ,1,1,True,1,Health,
buyer,Kamu Hastane Birliği SAĞLIK BAKANLIĞI TÜRKİYE KAMU HASTANELERİ KURUMU | KARABÜK,2,2,True,1,Health,
buyer,Kamu Hastane Birliği SAĞLIK BAKANLIĞI TÜRKİYE KAMU HASTANELERİ KURUMU | KIRIKKALE,4,5,True,1,Health,
buyer,Kamu Hastane Birliği SAĞLIK BAKANLIĞI TÜRKİYE KAMU HASTANELERİ KURUMU | KIRŞEHİR,3,5,True,1,Health,
buyer,Kamu Hastane Birliği SAĞLIK BAKANLIĞI TÜRKİYE KAMU HASTANELERİ KURUMU | KÜTAHYA,2,3,True,12,Health,
buyer,Kamu Hastane Birliği SAĞLIK BAKANLIĞI TÜRKİYE KAMU HASTANELERİ KURUMU | MALATYA,4,6,True,15,Health,
buyer,Kamu Hastane Birliği SAĞLIK BAKANLIĞI TÜRKİYE KAMU HASTANELERİ KURUMU | MUŞ,2,3,True,12,Health,
buyer,Kamu Hastane Birliği SAĞLIK BAKANLIĞI TÜRKİYE KAMU HASTANELERİ KURUMU | NEVŞEHİR,2,2,True,2,Health,
buyer,Kamu Hastane Birliği SAĞLIK BAKANLIĞI TÜRKİYE KAMU HASTANELERİ KURUMU | ORDU,1,1,True,12,Health,
buyer,Kamu Hastane Birliği SAĞLIK BAKANLIĞI TÜRKİYE KAMU HASTANELERİ KURUMU | RİZE,1,1,True,1,Health,
buyer,Kamu Hastane Birliği SAĞLIK BAKANLIĞI TÜRKİYE KAMU HASTANELERİ KURUMU | SİİRT,4,4,True,12,Health,
buyer,Kamu Hastane Birliği SAĞLIK BAKANLIĞI TÜRKİYE KAMU HASTANELERİ KURUMU | TEKİRDAĞ,1,1,True,14,Health,
buyer,Kamu Hastane Birliği SAĞLIK BAKANLIĞI TÜRKİYE KAMU HASTANELERİ KURUMU | TOKAT,1,1,True,12,Health,
buyer,Kamu Hastane Birliği SAĞLIK BAKANLIĞI TÜRKİYE KAMU HASTANELERİ KURUMU | TUNCELİ,3,4,True,12,Health,
buyer,Kamu Hastane Birliği SAĞLIK BAKANLIĞI TÜRKİYE KAMU HASTANELERİ KURUMU | UŞAK,2,3,True,1,Health,
buyer,Kamu Hastane Birliği SAĞLIK BAKANLIĞI TÜRKİYE KAMU HASTANELERİ KURUMU | YALOVA,4,5,True,15,Health,
buyer,Kamu Hastane Birliği SAĞLIK BAKANLIĞI TÜRKİYE KAMU HASTANELERİ KURUMU | ÇORUM,2,2,True,1,Health,
buyer,Kamu Hastane Birliği SAĞLIK BAKANLIĞI TÜRKİYE KAMU HASTANELERİ KURUMU | İSTANBUL,4,5,True,10,Health,
buyer,Kamulaştırma Toplulaştırma ve Dağıtım Dairesi Başkanlığı TARIM VE KÖYİŞLERİ BAKANLIĞI TARIM REFORMU GENEL MÜDÜRLÜĞÜ,2,2,True,0,Agriculture/Environment,
buyer,Kandıra Devlet Hastanesi -M.Kazım Dinç SAĞLIK BAKANLIĞI BAKAN YARDIMCILIKLARI,1,1,False,-1,Health,
buyer,Karabağlar Belediyesi Bilgi İşlem Müdürlüğü,3,3,True,26,Municipal/Local,
buyer,Karabük Devlet Hastanesi -Şirinevler SAĞLIK BAKANLIĞI BAKAN YARDIMCILIKLARI,1,1,False,-1,Health,
buyer,Karabük Halk Sağlığı Müdürlüğü SAĞLIK BAKANLIĞI TÜRKİYE HALK SAĞLIĞI KURUMU,3,3,True,1,Health,
buyer,Karadeniz Ereğli Orman İşletme Müdürlüğü DİĞER ÖZEL BÜTÇELİ KURULUŞLAR ORMAN GENEL MÜDÜRLÜĞÜ,1,1,False,-1,Agriculture/Environment,
buyer,Karaman Halk Sağlığı Müdürlüğü SAĞLIK BAKANLIĞI TÜRKİYE HALK SAĞLIĞI KURUMU,1,1,True,1,Health,
buyer,Karayazı İlçe Milli Eğitim Müdürlüğü- MİLLİ EĞİTİM BAKANLIĞI BAKAN YARDIMCILIKLARI,1,2,False,-1,Education,
buyer,Karlıova -İlçe Milli Eğitim Müdürlüğü-Temel Eğitim Okulları MİLLİ EĞİTİM BAKANLIĞI BAKAN YARDIMCILIKLARI,1,1,False,-1,Education,
buyer,Kars Devlet Hastanesi - SAĞLIK BAKANLIĞI BAKAN YARDIMCILIKLARI,1,1,True,23,Health,
buyer,Kars Kamu Hastane Birliği SAĞLIK BAKANLIĞI TÜRKİYE KAMU HASTANELERİ KURUMU,1,4,True,12,Health,
buyer,Kars Özel İdaresi Genel Sekreterlik,11,14,True,23,Other public,
buyer,Kars İl Milli Eğitim Müdürlüğü- MİLLİ EĞİTİM BAKANLIĞI BAKAN YARDIMCILIKLARI,3,3,False,-1,Education,
buyer,Kartal Belediyesi Destek Hizmetleri ve İşletme İştirakler Müdürlüğü,13,24,True,27,Municipal/Local,
buyer,Kastamonu Kamu Hastane Birliği SAĞLIK BAKANLIĞI TÜRKİYE KAMU HASTANELERİ KURUMU,2,2,True,12,Health,
buyer,Kastamonu Orman İşletme Müdürlüğü-Merkez DİĞER ÖZEL BÜTÇELİ KURULUŞLAR ORMAN GENEL MÜDÜRLÜĞÜ,1,1,False,-1,Agriculture/Environment,
buyer,Kastamonu İl Özel İdaresi Destek Hizmetleri Müdürlüğü,1,1,False,-1,Provincial admin,
buyer,Kastamonu İl Özel İdaresi Su ve Kanal Hizmetleri Müdürlüğü,2,2,True,5,Provincial admin,
buyer,Kastamonu İl Özel İdaresi İmar ve Kentsel İyileştirme Müdürlüğü,1,1,True,13,Provincial admin,
buyer,Kayseri Büyükşehir Belediyesi Destek Hizmetleri Daire Başkanlığı,3,3,True,11,Municipal/Local,
buyer,Kayseri Halk Sağlığı Müdürlüğü SAĞLIK BAKANLIĞI TÜRKİYE HALK SAĞLIĞI KURUMU,1,1,True,7,Health,
buyer,Kayseri Kamu Hastane Birliği SAĞLIK BAKANLIĞI TÜRKİYE KAMU HASTANELERİ KURUMU,1,2,True,1,Health,
buyer,Kayseri Su Kanal İdaresi Destek Hizmetleri Dairesi Başkanlığı,10,12,True,10,Other public,
buyer,Kayseri İl Emniyet Müdürlüğü İÇİŞLERİ BAKANLIĞI EMNİYET GENEL MÜDÜRLÜĞÜ,1,1,True,29,Security/Interior,
buyer,Kazan Devlet Hastanesi -Hamdi Eriş SAĞLIK BAKANLIĞI BAKAN YARDIMCILIKLARI,1,1,True,36,Health,
buyer,Kağızman -İlçe Milli Eğitim Müdürlüğü-Okul Öncesi ve İlköğretim Okulları MİLLİ EĞİTİM BAKANLIĞI BAKAN YARDIMCILIKLARI,1,1,False,-1,Education,
buyer,Kemik Hastalıkları Hastanesi SAĞLIK BAKANLIĞI BAKAN YARDIMCILIKLARI,1,1,True,18,Health,
buyer,Keçiören Eğitim ve Araştırma Hastanesi SAĞLIK BAKANLIĞI BAKAN YARDIMCILIKLARI,1,1,True,1,Health,
buyer,Keçiören Eğtim Araştırma Hastanesi-Ankara SAĞLIK BAKANLIĞI BAKAN YARDIMCILIKLARI,1,1,True,1,Health,
buyer,Keçiören Eğtim Araştırma Hastanesi-Ankara SAĞLIK BAKANLIĞI TÜRKİYE KAMU HASTANELERİ KURUMU,1,2,True,1,Health,
buyer,Kilis Ağız ve Diş Sağlığı Merkezi- SAĞLIK BAKANLIĞI BAKAN YARDIMCILIKLARI,1,1,True,15,Health,
buyer,Kilis Kamu Hastane Birliği SAĞLIK BAKANLIĞI TÜRKİYE KAMU HASTANELERİ KURUMU,2,2,True,12,Health,
buyer,Kilis Valiliği İÇİŞLERİ BAKANLIĞI BAKAN YARDIMCILIĞI,1,1,False,-1,Security/Interior,
buyer,Kitap Şifahanesi ve Arşiv Dairesi Başkanlığı DİĞER ÖZEL BÜTÇELİ KURULUŞLAR TÜRKİYE YAZMA ESERLER KURUMU BAŞKANLIĞI,1,1,True,28,Other public,
buyer,Kocaeli Büyükşehir Belediyesi Destek Hizmetleri Dairesi Başkanlığı - İhale İşleri Şube Müdürlüğü,44,89,True,10,Municipal/Local,
buyer,Kocaeli Büyükşehir Belediyesi Fen İşleri Dairesi Başkanlığı,3,3,True,20,Municipal/Local,
buyer,Kocaeli Halk Sağlığı Müdürlüğü SAĞLIK BAKANLIĞI TÜRKİYE HALK SAĞLIĞI KURUMU,2,2,True,10,Health,
buyer,Konak İlçe Milli Eğitim Müdürlüğü- MİLLİ EĞİTİM BAKANLIĞI BAKAN YARDIMCILIKLARI,1,1,False,-1,Education,
buyer,Konya Ağız ve Diş Sağlığı Merkezi-Beyhekim SAĞLIK BAKANLIĞI BAKAN YARDIMCILIKLARI,2,2,True,36,Health,
buyer,Konya Kamu Hastane Birliği SAĞLIK BAKANLIĞI TÜRKİYE KAMU HASTANELERİ KURUMU,3,4,True,1,Health,
buyer,Konya Numune Hastanesi Baştabipliği SAĞLIK BAKANLIĞI TÜRKİYE KAMU HASTANELERİ KURUMU,1,1,True,1,Health,
buyer,Konya Ovası Projesi Bölge Kalkınma İdaresi Başkanlığı DİĞER ÖZEL BÜTÇELİ KURULUŞLAR KONYA OVASI PROJESİ BÖLGE KALKINMA İDARESİ BAŞKANLIĞI,2,2,True,0,Other public,
buyer,Kooperatifçilik Genel Müdürlüğü TİCARET BAKANLIĞI BAKAN YARDIMCILIKLARI,1,1,True,25,Social/Finance,
buyer,Koruma ve Kontrol Genel Müdürlüğü TARIM VE KÖYİŞLERİ BAKANLIĞI MÜSTEŞARLIK,1,1,False,-1,Agriculture/Environment,
buyer,Kozluk Devlet Hastanesi - SAĞLIK BAKANLIĞI BAKAN YARDIMCILIKLARI,2,2,True,17,Health,
buyer,KÖRFEZ BELEDİYESİ Destek Hizmetleri Müdürlüğü,1,1,False,-1,Municipal/Local,
buyer,KÜLTÜR VE TURİZM BAKANLIĞI BAKAN YARDIMCILIKLARI Strateji Geliştirme Başkanlığı,9,16,True,9,Other public,
buyer,KÜLTÜR VE TURİZM BAKANLIĞI DÖNER SERMAYE İŞLETMESİ MERKEZ MÜDÜRLÜĞÜ,1,1,True,9,Other public,
buyer,KÜLTÜR VE TURİZM BAKANLIĞI DÖNER SERMAYE İŞLT.MER.MD,5,5,True,9,Other public,
buyer,KÜLTÜR VE TURİZM BAKANLIĞI Kütüphaneler ve Yayımlar Genel Müdürlüğü,17,30,True,9,Other public,
buyer,KÜTAHYA BELEDİYESİ KÜLTÜR VE SOSYAL İŞLER MÜDÜRLÜĞÜ,1,1,True,5,Municipal/Local,
buyer,KÜTAHYA BELEDİYESİ KÜTAHYA BELEDİYESİ BİLGİ İŞLEM MÜDÜRLÜĞÜ,10,12,True,5,Municipal/Local,
buyer,KÜTAHYA BELEDİYESİ SU VE KANALİZASYON İŞLERİ MÜDÜRLÜĞÜ,1,1,True,6,Municipal/Local,
buyer,KÜTAHYA BELEDİYESİ ULAŞIM HİZMETLERİ MÜDÜRLÜĞÜ,2,2,True,8,Municipal/Local,
buyer,KÜTAHYA BELEDİYESİ ÖZEL KALEM MÜDÜRLÜĞÜ,1,1,True,5,Municipal/Local,
buyer,KÜTAHYA DUMLUPINAR ÜNİVERSİTESİ REKTÖRLÜĞÜ - BİLGİ İŞLEM DAİRE BAŞKANLIĞI,1,1,True,27,Education,
buyer,KÜÇÜKÇEKMECE BELEDİYESİ BİLGİ İŞLEM MÜDÜRLÜĞÜ,16,24,True,25,Municipal/Local,
buyer,KÜÇÜKÇEKMECE BELEDİYESİ DESTEK HİZMETLERİ MÜDÜRLÜĞÜ,1,3,False,-1,Municipal/Local,
buyer,KÜÇÜKÇEKMECE BELEDİYESİ KÜLTÜR VE SOSYAL İŞLER MÜDÜRLÜĞÜ,1,1,True,25,Municipal/Local,
buyer,KÜÇÜKÇEKMECE BELEDİYESİ STRATEJİ GELİŞTİRME MÜDÜRLÜĞÜ,2,2,False,-1,Municipal/Local,
buyer,Kültür ve Turizm Bakanlığı Döner Sermaye İşletmesi Merkez Müdürlüğü İstanbul İşletme Müdürlüğü,2,2,True,16,Other public,
buyer,Kütahya Halk Sağlığı Müdürlüğü SAĞLIK BAKANLIĞI TÜRKİYE HALK SAĞLIĞI KURUMU,2,2,True,36,Health,
buyer,Kütahya İl Özel İdaresi DESTEK HİZMETLERİ MÜDÜRLÜĞÜ,2,2,True,27,Provincial admin,
buyer,Kütüphane ve Dokümantasyon Daire Başkanlığı YÜKSEKÖĞRETİM KURUMLARI,1,1,True,28,Education,
buyer,Kütüphane ve Dokümantasyon Daire Başkanlığı YÜKSEKÖĞRETİM KURUMLARI ERZİNCAN BİNALİ YILDIRIM ÜNİVERSİTESİ,1,1,False,-1,Education,
buyer,Kütüphane ve Dokümantasyon Daire Başkanlığı YÜKSEKÖĞRETİM KURUMLARI HACETTEPE ÜNİVERSİTESİ,1,1,False,-1,Education,
buyer,KİLİS BELEDİYE BAŞKANLIĞI,4,5,True,7,Municipal/Local,
buyer,KİLİS PROF. DR. ALAEDDİN YAVAŞÇA DEVLET HASTANESİ BAŞHEKİMLİĞİ,1,1,True,12,Health,
buyer,KİLİS İl Özel İdaresi Yol ve Ulaşım Hizmetleri Müdürlüğü,1,1,True,13,Provincial admin,
buyer,KİLİS İl Özel İdaresi İmar ve Kentsel İyileştirme Müdürlüğü,1,1,True,6,Provincial admin,
buyer,KİPTAŞ İSTANBUL KONUT İMAR PLAN TURİZM ULAŞIM SANAYİ VE TİCARET ANONİM ŞİRKETİ,3,6,True,4,Infrastructure/Transport,
buyer,KİRAZ BELEDİYESİ MALİ HİZMETLER MÜDÜRLÜĞÜ,1,1,True,5,Municipal/Local,
buyer,KİRAZ BELEDİYESİ YAZI İŞLERİ MÜDÜRLÜĞÜ,1,1,True,8,Municipal/Local,
buyer,Kınık Teknik Lisesi ve Mesleki ve Teknik Eğitim Merkezi Müdürlüğü MİLLİ EĞİTİM BAKANLIĞI BAKAN YARDIMCILIKLARI,1,1,True,10,Education,
buyer,Kırklareli Ağız ve Diş Sağlığı Merkezi- SAĞLIK BAKANLIĞI BAKAN YARDIMCILIKLARI,1,1,True,12,Health,
buyer,Kırklareli Halk Sağlığı Müdürlüğü SAĞLIK BAKANLIĞI TÜRKİYE HALK SAĞLIĞI KURUMU,1,1,False,-1,Health,
buyer,Kırklareli Kamu Hastane Birliği SAĞLIK BAKANLIĞI TÜRKİYE KAMU HASTANELERİ KURUMU,3,4,True,14,Health,
buyer,Kırklareli İl Emniyet Müdürlüğü İÇİŞLERİ BAKANLIĞI EMNİYET GENEL MÜDÜRLÜĞÜ,1,1,False,-1,Security/Interior,
buyer,Kırklareli İl Kültür ve Turizm Müdürlüğü KÜLTÜR VE TURİZM BAKANLIĞI BAKAN YARDIMCILIKLARI,1,1,False,-1,Other public,
buyer,Kırklareli İl Sağlık Müdürlüğü SAĞLIK BAKANLIĞI BAKAN YARDIMCILIKLARI,2,2,True,4,Health,
buyer,Kırklareli İl Özel İdaresi Destek Hizmetleri Müdürlüğü,6,6,True,25,Provincial admin,
buyer,Kırıkhan Devlet Hastanesi - SAĞLIK BAKANLIĞI BAKAN YARDIMCILIKLARI,1,1,True,1,Health,
buyer,Kırıkkale Halk Sağlığı Müdürlüğü SAĞLIK BAKANLIĞI TÜRKİYE HALK SAĞLIĞI KURUMU,1,2,True,1,Health,
buyer,Kırıkkale Yüksek İhtisas Hastanesi SAĞLIK BAKANLIĞI BAKAN YARDIMCILIKLARI,1,1,True,14,Health,
buyer,Kırıkkale İl Özel İdaresi Genel Sekreterlik,2,3,True,23,Provincial admin,
buyer,Kırşehir Halk Sağlığı Müdürlüğü SAĞLIK BAKANLIĞI TÜRKİYE HALK SAĞLIĞI KURUMU,1,1,True,1,Health,
buyer,Kırşehir Özel İdaresi Plan Proje Yatırım  ve İnşaat Müdürlüğü,2,2,True,6,Other public,
buyer,Kırşehir İl Kültür ve Turizm Müdürlüğü KÜLTÜR VE TURİZM BAKANLIĞI BAKAN YARDIMCILIKLARI,1,1,False,-1,Other public,
buyer,Kız Meslek Lisesi MİLLİ EĞİTİM BAKANLIĞI BAKAN YARDIMCILIKLARI,1,1,True,20,Education,
buyer,Kızılcahamam Devlet Hastanesi - SAĞLIK BAKANLIĞI BAKAN YARDIMCILIKLARI,1,3,True,12,Health,
buyer,LAPSEKİ BELEDİYE BAŞKANLIĞI - FEN İŞLERİ MÜDÜRLÜĞÜ,1,1,True,31,Municipal/Local,
buyer,Lepra Deri Zührevi Hastalıkları Hastanesi-İstanbul SAĞLIK BAKANLIĞI TÜRKİYE KAMU HASTANELERİ KURUMU,1,2,True,14,Health,
buyer,Lepra Hastanesi SAĞLIK BAKANLIĞI BAKAN YARDIMCILIKLARI,2,3,True,14,Health,
buyer,Lice İlçe Devlet Hastanesi SAĞLIK BAKANLIĞI BAKAN YARDIMCILIKLARI,1,2,True,14,Health,
buyer,LÜLEBURGAZ BELEDİYESİ BİLGİ İŞLEM MÜDÜRLÜĞÜ,2,4,True,16,Municipal/Local,
buyer,LÜLEBURGAZ BELEDİYESİ SU VE KANALİZASYON MÜDÜRLÜĞÜ,1,1,False,-1,Municipal/Local,
buyer,LÜLEBURGAZ BELEDİYESİ ÇEVRE KORUMA VE KONTROL MÜDÜRLÜĞÜ,1,2,True,3,Municipal/Local,
buyer,LÜLEBURGAZ BELEDİYESİ İMAR VE ŞEHİRCİLİK MÜDÜRLÜĞÜ,1,1,True,6,Municipal/Local,
buyer,MAKİNA VE KİMYA ENDÜSTRİSİ KURUMU GENEL MÜDÜRLÜĞÜ   İkmal Dairesi Başkanlığı,5,9,True,0,Other public,
buyer,MAKİNA VE KİMYA ENDÜSTRİSİ KURUMU GENEL MÜDÜRLÜĞÜ  MKE Geri Dönüşüm İşletme Müdürlüğü,1,1,True,24,Defence,
buyer,MAKİNA VE KİMYA ENDÜSTRİSİ KURUMU GENEL MÜDÜRLÜĞÜ  MKE MAKSAM Makina ve Maske Fabrikası Müdürlüğü -Ticaret Müdürlüğü,1,1,False,-1,Defence,
buyer,MAKİNA VE KİMYA ENDÜSTRİSİ KURUMU GENEL MÜDÜRLÜĞÜ  MKE Mühimmat  Fabrikası Müdürlüğü -Ticaret Müdürlüğü,1,1,False,-1,Defence,
buyer,MAKİNA İKMAL DAİRESİ BAŞKANLIĞI DİĞER ÖZEL BÜTÇELİ KURULUŞLAR MADEN TETKİK VE ARAMA GENEL MÜDÜRLÜĞÜ,2,2,True,23,Other public,
buyer,MAL ALIMLARI ŞUBE MÜDÜRLÜĞÜ,3,3,True,0,Other public,
buyer,MALATYA BÜYÜKŞEHİR BELEDİYE BAŞKANLIĞI - İHALE İŞLERİ ŞUBE MÜDÜRLÜĞÜ,4,5,True,6,Municipal/Local,
buyer,MALATYA BÜYÜKŞEHİR BELEDİYESİ Destek Hizmetleri Dairesi Başkanlığı,9,13,True,7,Municipal/Local,
buyer,MALKARA BELEDİYESİ DESTEK HİZMETLERİ MÜDÜRLÜĞÜ,1,1,True,6,Municipal/Local,
buyer,MALTEPE BELEDİYESİ Bilgi İşlem Müdürlüğü,16,19,True,16,Municipal/Local,
buyer,MALİ HİZMETLER MÜDÜRLÜĞÜ | HAKKARİ,1,2,True,20,Other public,
buyer,MALİ HİZMETLER MÜDÜRLÜĞÜ | NEVŞEHİR,1,1,True,6,Other public,
buyer,MALİ HİZMETLER MÜDÜRLÜĞÜ | SİNOP,2,2,True,6,Other public,
buyer,MALİ YÖNETİM VE SATIN ALMA ŞUBE MÜDÜRLÜĞÜ,1,1,True,2,Other public,
buyer,MAMAK BELEDİYESİ BİLGİ İŞLEM MÜDÜRLÜĞÜ,9,16,True,0,Municipal/Local,
buyer,MANİSA BELEDİYESİ Bilgi İşlem Müdürlüğü,1,1,False,-1,Municipal/Local,
buyer,MANİSA BELEDİYESİ ULAŞIM HİZMETLERİ MÜDÜRLÜĞÜ,1,1,True,13,Municipal/Local,
buyer,MANİSA BÜYÜKŞEHİR BELEDİYESİ BİLGİ İŞLEM DAİRESİ BAŞKANLIĞI,7,7,True,31,Municipal/Local,
buyer,MANİSA BÜYÜKŞEHİR BELEDİYESİ ULAŞIM DAİRESİ BAŞKANLIĞI,3,3,True,40,Municipal/Local,
buyer,MANİSA BÜYÜKŞEHİR BELEDİYESİ YAZI İŞLERİ VE KARARLAR DAİRESİ BAŞKANLIĞI,1,1,False,-1,Municipal/Local,
buyer,MANİSA BÜYÜKŞEHİR BELEDİYESİ İMAR VE ŞEHİRCİLİK DAİRESİ BAŞKANLIĞI,1,1,False,-1,Municipal/Local,
buyer,MANİSA İL SAĞLIK MÜDÜRLÜĞÜ,1,1,True,14,Health,
buyer,MARDİN BÜYÜKŞEHİR BELEDİYESİ BİLGİ İŞLEM DAİRESİ BAŞKANLIĞI,3,3,True,28,Municipal/Local,
buyer,MARDİN BÜYÜKŞEHİR BELEDİYESİ DESTEK HİZMETLERİ DAİRE BAŞKANLIĞI,5,5,True,19,Municipal/Local,
buyer,MARDİN BÜYÜKŞEHİR BELEDİYESİ KÜLTÜR TURİZM  VE SOSYAL İŞLER DAİRESİ BAŞKANLIĞI,3,3,False,-1,Municipal/Local,
buyer,MARDİN İL SAĞLIK MÜDÜRLÜĞÜ,2,2,True,17,Health,
buyer,MARMARA ARAŞTIRMA MERKEZİ DİĞER ÖZEL BÜTÇELİ KURULUŞLAR TÜRKİYE BİLİMSEL VE TEKNOLOJİK ARAŞTIRMA KURUMU,2,4,True,2,Other public,
buyer,MARMARAEREĞLİSİ BELEDİYESİ FEN İŞLERİ MÜDÜRLÜĞÜ,3,4,True,3,Municipal/Local,
buyer,MATAŞ MALTEPE SAĞLIK TURİZM EĞİTİM OTOPARK TEMİZLİK İNŞAAT SANAYİ VE TİCARET ANONİM ŞİRKETİ,1,1,False,-1,Health,
buyer,MAÇKA BELEDİYESİ,1,1,True,9,Municipal/Local,
buyer,MELİKGAZİ BELEDİYESİ,5,5,True,6,Municipal/Local,
buyer,MENDERES BELEDİYESİ DESTEK HİZMETLERİ MÜDÜRLÜĞÜ,2,2,True,2,Municipal/Local,
buyer,MENTEŞE BELEDİYESİ DESTEK HİZMETLERİ MÜDÜRLÜĞÜ,1,1,True,6,Municipal/Local,
buyer,MERAM BELEDİYESİ BİLGİ İŞLEM MÜDÜRLÜĞÜ,4,4,True,11,Municipal/Local,
buyer,MERAM BELEDİYESİ EMLAK VE İSTİMLAK MÜDÜRLÜĞÜ,1,1,True,21,Municipal/Local,
buyer,MERKEZEFENDİ BELEDİYESİ Destek Hizmetleri Müdürlüğü,2,2,True,7,Municipal/Local,
buyer,MERSİN BÜYÜKŞEHİR BELEDİYE BAŞKANLIĞI - BİLGİ İŞLEM DAİRESİ BAŞKANLIĞI,1,1,False,-1,Municipal/Local,
buyer,MERSİN BÜYÜKŞEHİR BELEDİYE BAŞKANLIĞI - SİSTEM VE DONANIM ŞUBE MÜDÜRLÜĞÜ,3,3,True,5,Municipal/Local,
buyer,MERSİN BÜYÜKŞEHİR BELEDİYESİ Bilgi İşlem Dairesi Başkanlığı,12,18,True,4,Municipal/Local,
buyer,MERSİN BÜYÜKŞEHİR BELEDİYESİ SOSYAL HİZMETLER DAİRESİ BAŞKANLIĞI,1,1,False,-1,Municipal/Local,
buyer,MERSİN BÜYÜKŞEHİR BELEDİYESİ ULAŞIM DAİRE BAŞKANLIĞI,3,3,True,13,Municipal/Local,
buyer,MERSİN BÜYÜKŞEHİR BELEDİYESİ ÖZEL KALEM MÜDÜRLÜĞÜ,1,1,False,-1,Municipal/Local,
buyer,MERSİN BÜYÜKŞEHİR BELEDİYESİ İmar ve Şehircilik Dairesi,1,1,True,9,Municipal/Local,
buyer,MERSİN SU VE KANALİZASYON İDARESİ GENEL MÜDÜRLÜĞÜ,5,5,True,25,Infrastructure/Transport,
buyer,MERSİN Sosyal Yardımlaşma ve Dayanışma Vakfı,1,1,False,-1,Other public,
buyer,MERZİFON BELEDİYESİ İMAR VE ŞEHİRCİLİK MÜDÜRLÜĞÜ,1,1,True,6,Municipal/Local,
buyer,MERZİFON BELEDİYESİ İNSAN KAYNAKLARI VE EĞİTİM MÜDÜRLÜĞÜ,1,1,True,20,Municipal/Local,
buyer,"MESLEKİ HİZMETLER GEN. MÜD. ÇEVRE, ŞEHİRCİLİK VE İKLİM DEĞİŞİKLİĞİ BAKANLIĞI BAKAN YARDIMCILIKLARI",7,12,True,24,Agriculture/Environment,
buyer,"METEOROLOJİ GENEL MÜDÜRLÜĞÜ DESTEK HİZMETLERİ DAİRESİ BAŞKANLIĞI ÇEVRE, ŞEHİRCİLİK VE İKLİM DEĞİŞİKLİĞİ BAKANLIĞI METEOROLOJİ GENEL MÜDÜRLÜĞÜ",2,2,True,0,Agriculture/Environment,
buyer,"METEOROLOJİ GENEL MÜDÜRLÜĞÜ STRATEJİ GELİŞTİRME DAİRE BAŞKANLIĞI ÇEVRE, ŞEHİRCİLİK VE İKLİM DEĞİŞİKLİĞİ BAKANLIĞI METEOROLOJİ GENEL MÜDÜRLÜĞÜ",10,14,True,0,Agriculture/Environment,
buyer,METRO İSTANBUL SANAYİ VE TİCARET A.Ş,9,13,True,4,Municipal/Local,
buyer,MEZİTLİ BELEDİYESİ İHALELİ İŞLER AMİRLİĞİ,1,1,True,24,Municipal/Local,
buyer,MGK Gen.Sek.liği Ana Hizmet Birimleri CUMHURBAŞKANLIĞI MİLLİ GÜVENLİK KURULU GENEL SEKRETERLİĞİ,1,1,True,2,Other public,
buyer,MSB Akaryakıt İkmal ve NATO POL Tesisleri İş Başkanlığı Eskişehir ANT.Başkanlığı BATI BÖLGE MÜDÜRLÜĞÜ,1,1,False,-1,Defence,
buyer,MSB Akaryakıt İkmal ve NATO POL Tesisleri İşletme Başkanlığı Merkez Teşkilatı,9,14,True,0,Defence,
buyer,MUHAFAZA VE BAKIM DAİRESİ BAŞKANLIĞI CUMHURBAŞKANLIĞI DEVLET ARŞİVLERİ BAŞKANLIĞI,2,2,True,2,Other public,
buyer,MUHASEBAT GENEL MÜDÜRLÜĞÜ HAZİNE VE MALİYE BAKANLIĞI BAKAN YARDIMCILIKLARI,7,17,True,2,Social/Finance,
buyer,MURATPAŞA BELEDİYESİ DESTEK HİZMETLERİ  MÜDÜRLÜĞÜ,1,1,True,4,Municipal/Local,
buyer,MUSTAFAKEMALPAŞA BELEDİYE BAŞKANLIĞI ÖZEL KALEM MÜDÜRLÜĞÜ,1,1,True,24,Municipal/Local,
buyer,MUSTAFAKEMALPAŞA BELEDİYESİ DESTEK HİZMETLERİ MÜDÜRLÜĞÜ,2,3,True,13,Municipal/Local,
buyer,MUSTAFAKEMALPAŞA BELEDİYESİ PARK VE BAHÇELER MÜDÜRLÜĞÜ,1,1,True,21,Municipal/Local,
buyer,MUSTAFAKEMALPAŞA BELEDİYESİ İMAR VE ŞEHİRCİLİK MÜDÜRLÜĞÜ,1,1,True,21,Municipal/Local,
buyer,MUTKİ BELEDİYE BAŞKANLIĞI - MALİ HİZMETLER MÜDÜRLÜĞÜ,1,1,True,7,Municipal/Local,
buyer,MUĞLA BÜYÜKŞEHİR BELEDİYESİ BİLGİ İŞLEM DAİRESİ BAŞKANLIĞI,1,1,False,-1,Municipal/Local,
buyer,MUĞLA BÜYÜKŞEHİR BELEDİYESİ DESTEK HİZMETLER DAİRESİ BAŞKANLIĞI,15,15,True,13,Municipal/Local,
buyer,MUĞLA GENÇLİK VE SPOR İL MÜDÜRLÜĞÜ GENÇLİK VE SPOR İL MÜDÜRLÜKLERİ GENÇLİK VE SPOR İL MÜDÜRLÜĞÜ,1,1,False,-1,Other public,
buyer,MUĞLA KONUT YAPI ANONİM ŞİRKETİ MÜDÜRLÜĞÜ,1,1,True,16,Other public,
buyer,MUĞLA SU VE KANALİZASYON İDARESİ GENEL MÜDÜRLÜĞÜ - DESTEK HİZMETLERİ DAİRESİ BAŞKANLIĞI,1,1,True,5,Infrastructure/Transport,
buyer,MUŞ BELEDİYESİ DESTEK HİZMETLERİ MÜDÜRLÜĞÜ,2,2,True,6,Municipal/Local,
buyer,MUŞ BELEDİYESİ İNSAN KAYNAKLARI ve EĞİTİM MÜDÜRLÜĞÜ,1,1,False,-1,Municipal/Local,
buyer,Malatya Su ve Kanalizasyon İdaresi Genel Müdürlüğü Destek Hizmetleri Dairesi Başkanlığı Satınalma Şube Müdürlüğü,9,13,True,10,Infrastructure/Transport,
buyer,Malatya Su ve Kanalizasyon İdaresi Genel Müdürlüğü Mali Hizmetler Daire Başkanlığı,1,1,True,8,Infrastructure/Transport,
buyer,Malatya İl Özel İdaresi,1,1,True,7,Provincial admin,
buyer,Mali Hizmetler Kurum Başkan Yardımcılığı SAĞLIK BAKANLIĞI TÜRKİYE KAMU HASTANELERİ KURUMU,5,10,True,9,Health,
buyer,Manisa Ağız ve Diş Sağlığı Merkezi- SAĞLIK BAKANLIĞI BAKAN YARDIMCILIKLARI,2,2,True,5,Health,
buyer,Manisa Kamu Hastane Birliği SAĞLIK BAKANLIĞI TÜRKİYE KAMU HASTANELERİ KURUMU,2,2,True,14,Health,
buyer,Manisa Su ve Kanalizasyon İdaresi Genel Müdürlüğü Atıksu Arıtma Daire Başkanlığı,1,1,False,-1,Infrastructure/Transport,
buyer,Manisa Su ve Kanalizasyon İdaresi Genel Müdürlüğü Bilgi İşlem Daire Başkanlığı,7,9,True,10,Infrastructure/Transport,
buyer,Manisa Valiliği (YİKOB-maas için) İÇİŞLERİ BAKANLIĞI BAKAN YARDIMCILIĞI,1,1,True,33,Security/Interior,
buyer,Manisa İl Emniyet Müdürlüğü İÇİŞLERİ BAKANLIĞI EMNİYET GENEL MÜDÜRLÜĞÜ,1,1,False,-1,Security/Interior,
buyer,Mardin Devlet Hastanesi -Kızıltepe SAĞLIK BAKANLIĞI BAKAN YARDIMCILIKLARI,4,4,True,17,Health,
buyer,Mardin Halk Sağlığı Müdürlüğü SAĞLIK BAKANLIĞI TÜRKİYE HALK SAĞLIĞI KURUMU,4,4,False,-1,Health,
buyer,Mardin Kamu Hastane Birliği SAĞLIK BAKANLIĞI TÜRKİYE KAMU HASTANELERİ KURUMU,1,1,True,17,Health,
buyer,Mardin Su ve Kanalizasyon İdaresi Genel Müdürlüğü BİLGİ İŞLEM DAİRESİ BAŞKANLIĞI,1,1,True,2,Infrastructure/Transport,
buyer,Mardin Valiliği (YİKOB-maas için) İÇİŞLERİ BAKANLIĞI BAKAN YARDIMCILIĞI,2,2,True,20,Security/Interior,
buyer,Marmara Belediyeler Birliği,2,2,False,-1,Municipal/Local,
buyer,Meram Tıp Fakültesi Hastanesi YÜKSEKÖĞRETİM KURUMLARI NECMETTİN ERBAKAN ÜNİVERSİTESİ,1,1,True,11,Health,
buyer,Merkez Devlet Hatun Mesleki ve Teknik Anadolu Lisesi Döner Sermaye İşletmesi,1,1,True,22,Education,
buyer,Merkez Teknik Lise ve Endüstri Meslek Lisesi,1,1,False,-1,Education,
buyer,Mersin Büyükşehir Belediyesi Destek Hizmetleri Daire Başkanlığı,5,5,True,11,Municipal/Local,
buyer,Mersin Doğumevi Hastanesi-Çocuk SAĞLIK BAKANLIĞI BAKAN YARDIMCILIKLARI,2,2,True,1,Health,
buyer,Mersin İl Emniyet Müdürlüğü İÇİŞLERİ BAKANLIĞI EMNİYET GENEL MÜDÜRLÜĞÜ,2,2,True,29,Security/Interior,
buyer,Mersin İl Kültür ve Turizm Müdürlüğü KÜLTÜR VE TURİZM BAKANLIĞI BAKAN YARDIMCILIKLARI,1,1,False,-1,Other public,
buyer,Merzifon Kaymakamlığı İÇİŞLERİ BAKANLIĞI BAKAN YARDIMCILIĞI,1,1,False,-1,Security/Interior,
buyer,Meslek Hastalıkları Hastanesi-İstanbul SAĞLIK BAKANLIĞI BAKAN YARDIMCILIKLARI,2,2,True,32,Health,
buyer,Mesleki Eğitim Merkezi-Yalova MİLLİ EĞİTİM BAKANLIĞI BAKAN YARDIMCILIKLARI,1,1,False,-1,Education,
buyer,Mesleki Teknik Eğitim Merkezi (METEM)-Gölköy MİLLİ EĞİTİM BAKANLIĞI BAKAN YARDIMCILIKLARI,1,1,False,-1,Education,
buyer,Mesleki ve Teknik Anadolu L -Muharrem Malazgirt MİLLİ EĞİTİM BAKANLIĞI BAKAN YARDIMCILIKLARI,1,1,False,-1,Education,
buyer,Mesleki ve Teknik Anadolu L-Pendik Barbaros Hayrettin Paşa MİLLİ EĞİTİM BAKANLIĞI BAKAN YARDIMCILIKLARI,1,1,False,-1,Education,
buyer,Mesleki ve Teknik Anadolu Lisesi -Armatör Yakup Aksoy MİLLİ EĞİTİM BAKANLIĞI BAKAN YARDIMCILIKLARI,1,1,False,-1,Education,
buyer,Mesleki ve Teknik Anadolu Lisesi -Rekabet Kurumu MİLLİ EĞİTİM BAKANLIĞI BAKAN YARDIMCILIKLARI,1,1,False,-1,Education,
buyer,Mesleki ve Teknik Anadolu Lisesi -Tirebolu Piri Reis MİLLİ EĞİTİM BAKANLIĞI BAKAN YARDIMCILIKLARI,1,1,False,-1,Education,
buyer,Mesleki ve Teknik Anadolu Lisesi MİLLİ EĞİTİM BAKANLIĞI BAKAN YARDIMCILIKLARI,1,1,False,-1,Education,
buyer,Mesleki ve Teknik Anadolu Lisesi- Mimar Sinan MİLLİ EĞİTİM BAKANLIĞI BAKAN YARDIMCILIKLARI,1,1,False,-1,Education,
buyer,Mesleki ve Teknik Anadolu Lisesi- MİLLİ EĞİTİM BAKANLIĞI BAKAN YARDIMCILIKLARI | AMASYA,1,1,False,-1,Education,
buyer,Mesleki ve Teknik Anadolu Lisesi- MİLLİ EĞİTİM BAKANLIĞI BAKAN YARDIMCILIKLARI | AĞRI,1,3,False,-1,Education,
buyer,Mesleki ve Teknik Anadolu Lisesi- MİLLİ EĞİTİM BAKANLIĞI BAKAN YARDIMCILIKLARI | DENİZLİ,1,1,False,-1,Education,
buyer,Mesleki ve Teknik Anadolu Lisesi- MİLLİ EĞİTİM BAKANLIĞI BAKAN YARDIMCILIKLARI | GİRESUN,1,1,False,-1,Education,
buyer,Mesleki ve Teknik Anadolu Lisesi- MİLLİ EĞİTİM BAKANLIĞI BAKAN YARDIMCILIKLARI | HAKKARİ,2,2,True,20,Education,
buyer,Mesleki ve Teknik Anadolu Lisesi- MİLLİ EĞİTİM BAKANLIĞI BAKAN YARDIMCILIKLARI | SİVAS,1,1,False,-1,Education,
buyer,Mesleki ve Teknik Anadolu Lisesi- MİLLİ EĞİTİM BAKANLIĞI BAKAN YARDIMCILIKLARI | TOKAT,1,1,True,19,Education,
buyer,Mesleki ve Teknik Anadolu Lisesi- ŞEHİT HASAN ÇOBAN MİLLİ EĞİTİM BAKANLIĞI BAKAN YARDIMCILIKLARI,1,1,False,-1,Education,
buyer,Mesleki ve Teknik Anadolu Lisesi-Adviye Ertuğrul Acun MİLLİ EĞİTİM BAKANLIĞI BAKAN YARDIMCILIKLARI,1,1,False,-1,Education,
buyer,Mesleki ve Teknik Anadolu Lisesi-Araklı MİLLİ EĞİTİM BAKANLIĞI BAKAN YARDIMCILIKLARI,1,1,False,-1,Education,
buyer,Mesleki ve Teknik Anadolu Lisesi-Atatürk MİLLİ EĞİTİM BAKANLIĞI BAKAN YARDIMCILIKLARI,1,1,False,-1,Education,
buyer,Mesleki ve Teknik Anadolu Lisesi-Bornova Mazhar Zorlu Plastik MİLLİ EĞİTİM BAKANLIĞI BAKAN YARDIMCILIKLARI,1,1,True,8,Education,
buyer,Mesleki ve Teknik Anadolu Lisesi-Borsa İstanbul MİLLİ EĞİTİM BAKANLIĞI BAKAN YARDIMCILIKLARI,1,1,False,-1,Education,
buyer,Mesleki ve Teknik Anadolu Lisesi-Boyabat MİLLİ EĞİTİM BAKANLIĞI BAKAN YARDIMCILIKLARI,1,1,False,-1,Education,
buyer,Mesleki ve Teknik Anadolu Lisesi-Bozüyük MİLLİ EĞİTİM BAKANLIĞI BAKAN YARDIMCILIKLARI,2,2,False,-1,Education,
buyer,Mesleki ve Teknik Anadolu Lisesi-Duran Sezer MİLLİ EĞİTİM BAKANLIĞI BAKAN YARDIMCILIKLARI,1,1,False,-1,Education,
buyer,Mesleki ve Teknik Anadolu Lisesi-Fatma Aliye Hanım MİLLİ EĞİTİM BAKANLIĞI BAKAN YARDIMCILIKLARI,1,1,False,-1,Education,
buyer,Mesleki ve Teknik Anadolu Lisesi-Fuat Sezgin MİLLİ EĞİTİM BAKANLIĞI BAKAN YARDIMCILIKLARI,1,1,False,-1,Education,
buyer,Mesleki ve Teknik Anadolu Lisesi-Fırtına Vadisi MİLLİ EĞİTİM BAKANLIĞI BAKAN YARDIMCILIKLARI,1,1,False,-1,Education,
buyer,Mesleki ve Teknik Anadolu Lisesi-G.A.M.P. MİLLİ EĞİTİM BAKANLIĞI BAKAN YARDIMCILIKLARI,1,1,False,-1,Education,
buyer,Mesleki ve Teknik Anadolu Lisesi-Giresun Fatih MİLLİ EĞİTİM BAKANLIĞI BAKAN YARDIMCILIKLARI,1,1,False,-1,Education,
buyer,Mesleki ve Teknik Anadolu Lisesi-Gül MİLLİ EĞİTİM BAKANLIĞI BAKAN YARDIMCILIKLARI,1,1,False,-1,Education,
buyer,Mesleki ve Teknik Anadolu Lisesi-Hasan Kemal Yardımcı MİLLİ EĞİTİM BAKANLIĞI BAKAN YARDIMCILIKLARI,1,1,False,-1,Education,
buyer,Mesleki ve Teknik Anadolu Lisesi-KILIÇARSLAN Borsa İstanbul MİLLİ EĞİTİM BAKANLIĞI BAKAN YARDIMCILIKLARI,1,1,False,-1,Education,
buyer,Mesleki ve Teknik Anadolu Lisesi-Mehmet Rüştü Uzel MİLLİ EĞİTİM BAKANLIĞI BAKAN YARDIMCILIKLARI,1,1,True,4,Education,
buyer,Mesleki ve Teknik Anadolu Lisesi-Mimar Sinan MİLLİ EĞİTİM BAKANLIĞI BAKAN YARDIMCILIKLARI | ADIYAMAN,1,1,False,-1,Education,
buyer,Mesleki ve Teknik Anadolu Lisesi-Mimar Sinan MİLLİ EĞİTİM BAKANLIĞI BAKAN YARDIMCILIKLARI | BALIKESİR,1,1,False,-1,Education,
buyer,Mesleki ve Teknik Anadolu Lisesi-N.Kemal MİLLİ EĞİTİM BAKANLIĞI BAKAN YARDIMCILIKLARI,1,1,False,-1,Education,
buyer,Mesleki ve Teknik Anadolu Lisesi-Serhat Borsa İstanbul MİLLİ EĞİTİM BAKANLIĞI BAKAN YARDIMCILIKLARI,1,1,False,-1,Education,
buyer,Mesleki ve Teknik Anadolu Lisesi-Seydi Ali Reis MİLLİ EĞİTİM BAKANLIĞI BAKAN YARDIMCILIKLARI,1,1,True,18,Education,
buyer,Mesleki ve Teknik Anadolu Lisesi-TOKİ 21. Yüzyıl MİLLİ EĞİTİM BAKANLIĞI BAKAN YARDIMCILIKLARI,1,1,False,-1,Education,
buyer,Mesleki ve Teknik Anadolu Lisesi-Temizel Ünlü MİLLİ EĞİTİM BAKANLIĞI BAKAN YARDIMCILIKLARI,1,1,False,-1,Education,
buyer,Mesleki ve Teknik Anadolu Lisesi-Şanlıurfa GAP MİLLİ EĞİTİM BAKANLIĞI BAKAN YARDIMCILIKLARI,1,1,False,-1,Education,
buyer,Mesleki ve Teknik Anadolu Lisesi-Şişli MİLLİ EĞİTİM BAKANLIĞI BAKAN YARDIMCILIKLARI,1,1,True,19,Education,
buyer,Mesleki ve Teknik Eğitim Genel Müdürlüğü MİLLİ EĞİTİM BAKANLIĞI BAKAN YARDIMCILIKLARI,2,2,False,-1,Education,
buyer,Mesleki ve Çevresel Hastalıklar Hastanesi-Ankara SAĞLIK BAKANLIĞI TÜRKİYE KAMU HASTANELERİ KURUMU,1,3,True,1,Health,
buyer,Meteorolojik Veri İşlem Dairesi Başkanlığı ORMAN VE SU İŞLERİ BAKANLIĞI METEOROLOJİ GENEL MÜDÜRLÜĞÜ,8,10,True,0,Agriculture/Environment,
buyer,Metin Sabancı Baltalimanı Kemik Hastalıkları Eğitim ve Araştırma Hastanesi SAĞLIK BAKANLIĞI BAKAN YARDIMCILIKLARI,1,1,True,23,Health,
buyer,Milli Teknoloji Genel Müdürlüğü SANAYİ VE TEKNOLOJİ BAKANLIĞI BAKAN YARDIMCILIKLARI,2,2,False,-1,Other public,
buyer,Muğla Su ve Kanalizasyon İdaresi Genel Müdürlüğü ARITMA TESİSLERİ DAİRESİ BAŞKANLIĞI,1,1,False,-1,Infrastructure/Transport,
buyer,Muğla Su ve Kanalizasyon İdaresi Genel Müdürlüğü Bilgi İşlem Dairesi Başkanlığı,1,1,True,0,Infrastructure/Transport,
buyer,Muğla Su ve Kanalizasyon İdaresi Genel Müdürlüğü Destek Hizmetleri Daire Başkanlığı,3,7,True,5,Infrastructure/Transport,
buyer,Muş DKMP İl Şube Müdürlüğü TARIM VE ORMAN BAKANLIĞI BAKAN YARDIMCILIKLARI,2,2,False,-1,Agriculture/Environment,
buyer,Muş Özel İdaresi,3,3,True,33,Other public,
buyer,Muş İl Milli Eğitim Müdürlüğü- MİLLİ EĞİTİM BAKANLIĞI BAKAN YARDIMCILIKLARI,1,1,True,19,Education,
buyer,Mühendislik Fakültesi YÜKSEKÖĞRETİM KURUMLARI GÜMÜŞHANE ÜNİVERSİTESİ,1,1,True,13,Education,
buyer,MİLAS BELEDİYESİ,2,2,True,31,Municipal/Local,
buyer,MİLLÎ SAVUNMA ÜNİVERSİTESİ MİLLİ SAVUNMA BAKANLIĞI MSB BAĞLILARI,6,8,True,0,Defence,
buyer,MİLLİ EĞİTİM BAKANLIĞI - KARAMAN İL MİLLİ EĞİTİM MÜDÜRLÜĞÜ,3,3,True,21,Education,
buyer,MİLLİ EĞİTİM BAKANLIĞI - OSMANİYE İL MİLLİ EĞİTİM MÜDÜRLÜĞÜ,1,1,False,-1,Education,
buyer,MİLLİ SAVUNMA BAKANLIĞI MSB BAĞLILARI ANKARA DENİZ İKMAL G,4,5,True,2,Defence,
buyer,MİLLİ SAVUNMA BAKANLIĞI MSB BAĞLILARI HV.K.K.KH.DEST.KT.GRP.K.LIĞI,1,1,True,0,Defence,
buyer,NARLIDERE BELEDİYESİ BİLGİ İŞLEM MÜDÜRLÜĞÜ,4,5,True,8,Municipal/Local,
buyer,NAZİLLİ BELEDİYESİ ÖZEL KALEM MÜDÜRLÜĞÜ,2,2,True,27,Municipal/Local,
buyer,NEVŞEHİR BELEDİYESİ Destek Hizmetleri Müdürlüğü,2,2,True,6,Municipal/Local,
buyer,NEVŞEHİR BELEDİYESİ Mali Hizmetler Müdürlüğü,2,3,True,16,Municipal/Local,
buyer,NEVŞEHİR BELEDİYESİ TURİZM VE SPOR ANONİM ŞİRKETİ,1,1,False,-1,Municipal/Local,
buyer,NUSAYBİN BELEDİYESİ DESTEK HİZMETLER MÜDÜRLÜĞÜ,1,1,True,7,Municipal/Local,
buyer,Nafiz Kurt Bafra Devlet Hastanesi SAĞLIK BAKANLIĞI BAKAN YARDIMCILIKLARI,1,1,True,19,Health,
buyer,Nazimiye İlçe Milli Eğitim Müdürlüğü- MİLLİ EĞİTİM BAKANLIĞI BAKAN YARDIMCILIKLARI,1,1,False,-1,Education,
buyer,Nevvar Salih İşgören Alsancak Devlet Hastanesi SAĞLIK BAKANLIĞI BAKAN YARDIMCILIKLARI,1,1,True,11,Health,
buyer,Nevşehir Özel İdaresi Yatırım İnşaat Müdürlüğü,5,6,True,29,Other public,
buyer,Niğde Kamu Hastane Birliği SAĞLIK BAKANLIĞI TÜRKİYE KAMU HASTANELERİ KURUMU,2,2,True,7,Health,
buyer,Niğde Çalışma ve İş Kurumu İl Müdürlüğü,1,1,True,11,Social/Finance,
buyer,Niğde Çiftlik Devlet Hastanesi Döner Sermaye İşletmesi,1,1,True,1,Health,
buyer,Niğde Özel İdaresi DESTEK HİZMETLERİ,5,6,True,20,Other public,
buyer,Niğde İl Emniyet Müdürlüğü İÇİŞLERİ BAKANLIĞI EMNİYET GENEL MÜDÜRLÜĞÜ,1,1,True,29,Security/Interior,
buyer,Numune Hastanesi-Trabzon Kanuni SAĞLIK BAKANLIĞI BAKAN YARDIMCILIKLARI,1,1,True,7,Health,
buyer,Nurhak İlçe Milli Eğitim Müdürlüğü- MİLLİ EĞİTİM BAKANLIĞI BAKAN YARDIMCILIKLARI,1,1,False,-1,Education,
buyer,NİKSAR BELEDİYESİ FEN İŞLERİ MÜDÜRLÜĞÜ,3,3,True,6,Municipal/Local,
buyer,NİLÜFER BELEDİYE BAŞKANLIĞI,1,1,True,6,Municipal/Local,
buyer,NİLÜFER BELEDİYESİ DESTEK HİZMETLER MÜDÜRLÜĞÜ,8,15,True,6,Municipal/Local,
buyer,NİZİP BELEDİYE BAŞKANLIĞI,1,1,True,8,Municipal/Local,
buyer,NİĞDE BELEDİYESİ DESTEK HİZMETLERİ MÜDÜRLÜĞÜ,2,2,True,0,Municipal/Local,
buyer,ODUNPAZARI BELEDİYESİ,1,1,True,16,Municipal/Local,
buyer,ONBEL TEMİZLİK İNŞAAT GIDA SOSYAL HİZMETLER TAŞIMACILIK TURİZM MADENCİLİK MEDYA SANAYİ VE TİCARET ANONİM ŞİRKETİ,1,1,True,28,Other public,
buyer,ONİKİŞUBAT BELEDİYESİ Bilgi İşlem Müdürlüğü,8,12,True,28,Municipal/Local,
buyer,ONİKİŞUBAT BELEDİYESİ Destek Hizmetleri Müdürlüğü,1,1,False,-1,Municipal/Local,
buyer,ONİKİŞUBAT BELEDİYESİ KÜLTÜR VE SOSYAL İŞLER MÜDÜRLÜĞÜ,1,1,False,-1,Municipal/Local,
buyer,ONİKİŞUBAT BELEDİYESİ Sosyal ve Yardım İşleri Müdürlüğü,1,1,False,-1,Municipal/Local,
buyer,ONİKİŞUBAT BELEDİYESİ İşletme ve İştirakler Müdürlüğü,1,1,True,28,Municipal/Local,
buyer,ORDU AĞIZ VE DİŞ SAĞLIĞI MERKEZİ BAŞHEKİMLİĞİ,1,1,True,12,Other public,
buyer,ORDU BÜYÜKŞEHİR BELEDİYE BAŞKANLIĞI - DESTEK HİZMETLERİ DAİRESİ BAŞKANLIĞI,1,1,False,-1,Municipal/Local,
buyer,ORDU BÜYÜKŞEHİR BELEDİYESİ DESTEK HİZMETLERİ DAİRESİ BAŞKANLIĞI,4,5,True,21,Municipal/Local,
buyer,ORDU İL SAĞLIK MÜDÜRLÜĞÜ,4,11,True,1,Health,
buyer,ORMAN VE SU İŞLERİ BAKANLIĞI Bilgi İşlem Dairesi Başkanlığı,4,5,True,0,Agriculture/Environment,
buyer,ORMAN VE SU İŞLERİ BÖLGE MÜDÜRLÜĞÜ ORMAN VE SU İŞLERİ BAKANLIĞI MÜSTEŞARLIK | BURDUR,1,1,False,-1,Agriculture/Environment,
buyer,ORMAN VE SU İŞLERİ BÖLGE MÜDÜRLÜĞÜ ORMAN VE SU İŞLERİ BAKANLIĞI MÜSTEŞARLIK | İSTANBUL,2,2,True,25,Agriculture/Environment,
buyer,ORMAN VE SU İŞLERİ BÖLGE MÜDÜRLÜĞÜ-DKMP 2.Bölge ORMAN VE SU İŞLERİ BAKANLIĞI MÜSTEŞARLIK,2,2,False,-1,Agriculture/Environment,
buyer,ORTAHİSAR BELEDİYESİ İMAR VE ŞEHİRCİLİK  MÜDÜRLÜĞÜ,1,1,True,8,Municipal/Local,
buyer,OSMANİYE BELEDİYESİ İMAR VE ŞEHİRCİLİK MÜDÜRLÜĞÜ,1,1,False,-1,Municipal/Local,
buyer,Onikişubat Belediyesi Mali Hizmetler Müdürlüğü,1,1,False,-1,Municipal/Local,
buyer,Onkoloji Hastanesi-Ankara Dr.Abdurrahman Yurtaslan SAĞLIK BAKANLIĞI BAKAN YARDIMCILIKLARI,1,11,True,1,Health,
buyer,Onkoloji Hastanesi-Ankara Dr.Abdurrahman Yurtaslan SAĞLIK BAKANLIĞI TÜRKİYE KAMU HASTANELERİ KURUMU,4,6,True,36,Health,
buyer,Onkoloji Hastanesi-Bursa Ali Osman Sönmez SAĞLIK BAKANLIĞI BAKAN YARDIMCILIKLARI,1,2,True,14,Health,
buyer,Ordu Halk Sağlığı Müdürlüğü SAĞLIK BAKANLIĞI TÜRKİYE HALK SAĞLIĞI KURUMU,2,2,False,-1,Health,
buyer,Ordu Su ve Kanalizasyon İdaresi Genel Müdürlüğü,2,5,True,5,Infrastructure/Transport,
buyer,Ordu Tarım İl Müdürlüğü TARIM VE KÖYİŞLERİ BAKANLIĞI MÜSTEŞARLIK,1,1,True,0,Agriculture/Environment,
buyer,Ordu Valiliği (YİKOB-maas için) İÇİŞLERİ BAKANLIĞI BAKAN YARDIMCILIĞI,1,1,False,-1,Security/Interior,
buyer,Orman Bölge Müdürlüğü-Artvin DİĞER ÖZEL BÜTÇELİ KURULUŞLAR ORMAN GENEL MÜDÜRLÜĞÜ,1,1,True,25,Agriculture/Environment,
buyer,Orman Bölge Müdürlüğü-Kastamonu DİĞER ÖZEL BÜTÇELİ KURULUŞLAR ORMAN GENEL MÜDÜRLÜĞÜ,1,2,False,-1,Agriculture/Environment,
buyer,Orman ve Su İşleri Bakanlığı Döner Sermaye İşletme Müdürlüğü,1,1,True,0,Agriculture/Environment,
buyer,Orman İşletme Müdürlüğü-Adapazarı DİĞER ÖZEL BÜTÇELİ KURULUŞLAR ORMAN GENEL MÜDÜRLÜĞÜ,1,1,False,-1,Agriculture/Environment,
buyer,Orman İşletme Müdürlüğü-Aladağ DİĞER ÖZEL BÜTÇELİ KURULUŞLAR ORMAN GENEL MÜDÜRLÜĞÜ,1,1,True,24,Agriculture/Environment,
buyer,Orman İşletme Müdürlüğü-Ankara DİĞER ÖZEL BÜTÇELİ KURULUŞLAR ORMAN GENEL MÜDÜRLÜĞÜ,1,1,False,-1,Agriculture/Environment,
buyer,Orman İşletme Müdürlüğü-Araç DİĞER ÖZEL BÜTÇELİ KURULUŞLAR ORMAN GENEL MÜDÜRLÜĞÜ,3,6,True,24,Agriculture/Environment,
buyer,Orman İşletme Müdürlüğü-Ayancık DİĞER ÖZEL BÜTÇELİ KURULUŞLAR ORMAN GENEL MÜDÜRLÜĞÜ,1,1,True,24,Agriculture/Environment,
buyer,Orman İşletme Müdürlüğü-Bayramiç DİĞER ÖZEL BÜTÇELİ KURULUŞLAR ORMAN GENEL MÜDÜRLÜĞÜ,1,1,False,-1,Agriculture/Environment,
buyer,Orman İşletme Müdürlüğü-Beyağaç DİĞER ÖZEL BÜTÇELİ KURULUŞLAR ORMAN GENEL MÜDÜRLÜĞÜ,1,1,False,-1,Agriculture/Environment,
buyer,Orman İşletme Müdürlüğü-Dursunbey DİĞER ÖZEL BÜTÇELİ KURULUŞLAR ORMAN GENEL MÜDÜRLÜĞÜ,2,4,False,-1,Agriculture/Environment,
buyer,Orman İşletme Müdürlüğü-EDİRNE DİĞER ÖZEL BÜTÇELİ KURULUŞLAR ORMAN GENEL MÜDÜRLÜĞÜ,1,1,False,-1,Agriculture/Environment,
buyer,Orman İşletme Müdürlüğü-Elazığ DİĞER ÖZEL BÜTÇELİ KURULUŞLAR ORMAN GENEL MÜDÜRLÜĞÜ,3,3,False,-1,Agriculture/Environment,
buyer,Orman İşletme Müdürlüğü-Kayseri DİĞER ÖZEL BÜTÇELİ KURULUŞLAR ORMAN GENEL MÜDÜRLÜĞÜ,4,4,False,-1,Agriculture/Environment,
buyer,Orman İşletme Müdürlüğü-Şebinkarahisar DİĞER ÖZEL BÜTÇELİ KURULUŞLAR ORMAN GENEL MÜDÜRLÜĞÜ,1,1,False,-1,Agriculture/Environment,
buyer,Orta Doğu Teknik Üniversitesi Döner Sermaye İşletmesi,3,4,True,9,Education,
buyer,Orta Karadeniz Geçit Kuşağı Tarımsal Araştırma İstasyonu Müd TARIM VE ORMAN BAKANLIĞI BAKAN YARDIMCILIKLARI,1,1,False,-1,Agriculture/Environment,
buyer,Osmangazi Belediyesi DESTEK HİZMETLER MÜDÜRLÜĞÜ,5,5,True,9,Municipal/Local,
buyer,Osmaniye Kamu Hastane Birliği SAĞLIK BAKANLIĞI TÜRKİYE KAMU HASTANELERİ KURUMU,2,2,True,18,Health,
buyer,Osmaniye İl Milli Eğitim Müdürlüğü- MİLLİ EĞİTİM BAKANLIĞI BAKAN YARDIMCILIKLARI,1,1,True,20,Education,
buyer,PALANDÖKEN BELEDİYESİ BİLGİ İŞLEM MÜDÜRLÜĞÜ,1,1,True,7,Municipal/Local,
buyer,PALANDÖKEN YATIRIM İNŞAAT TAAHHÜT TURİZM MOBİLYA PETROL ÜRÜNLERİ SANAYİ TİCARET ANONİM ŞİRKETİ,1,1,True,21,Other public,
buyer,PAMUKKALE BELEDİYESİ Destek Hizmetleri Müdürlüğü,5,5,True,19,Municipal/Local,
buyer,PELİKAN ORGANİZASYON GIDA İMAR VE İNŞAAT SANAYİ TEKNİK HİZMETLER LİMİTED ŞİRKETİ,1,1,True,5,Other public,
buyer,PENDİK BELEDİYESİ DESTEK HİZMETLERİ MÜDÜRLÜĞÜ,23,35,True,3,Municipal/Local,
buyer,PERSONEL VE DESTEK HİZMETLERİ DAİRESİ BAŞKANLIĞI,1,1,True,9,Other public,
buyer,PERSONEL VE DESTEK HİZMETLERİ DAİRESİ BAŞKANLIĞI DİĞER ÖZEL BÜTÇELİ KURULUŞLAR MESLEKİ YETERLİLİK KURUMU,5,10,True,0,Other public,
buyer,PERŞEMBE BELEDİYESİ DESTEK HİZMETLERİ MÜDÜRLÜĞÜ,1,1,True,0,Municipal/Local,
buyer,PINARHİSAR BELEDİYESİ İMAR VE ŞEHİRCİLİK MÜDÜRLÜĞÜ,1,1,True,6,Municipal/Local,
buyer,POLATLI BELEDİYESİ BİLGİ İŞLEM MÜDÜRLÜĞÜ,1,1,True,8,Municipal/Local,
buyer,POLATLI BELEDİYESİ MALİ HİZMETLER MÜDÜRLÜĞÜ,1,1,True,31,Municipal/Local,
buyer,PURSAKLAR BELEDİYESİ DESTEK HİZMETLERİ MÜDÜRLÜĞÜ,3,4,True,30,Municipal/Local,
buyer,Pamukkale (AKKÖY) BİLGİ İŞLEM MÜDÜRLÜĞÜ,4,6,True,10,Other public,
buyer,Personel ve Destek Hizmetleri Daire Başkanlığı DİĞER ÖZEL BÜTÇELİ KURULUŞLAR ÖLÇME SEÇME VE YERLEŞTİRME MERKEZİ BAŞKANLIĞI,1,1,True,1,Other public,
buyer,Personel ve Destek Hizmetleri Dairesi Başkanlığı DİĞER ÖZEL BÜTÇELİ KURULUŞLAR TÜRK İŞBİRLİĞİ VE KOORDİNASYON AJANSI BAŞKANLIĞI,1,1,False,-1,Other public,
buyer,Polis Akademisi Başkanlığı Dönersermaye İşletmesi,3,3,True,24,Security/Interior,
buyer,Polis Akademisi İÇİŞLERİ BAKANLIĞI EMNİYET GENEL MÜDÜRLÜĞÜ,4,4,True,24,Security/Interior,
buyer,Polis Meslek Eğitim Merkezi-Bornova İÇİŞLERİ BAKANLIĞI EMNİYET GENEL MÜDÜRLÜĞÜ,1,1,True,8,Security/Interior,
buyer,Polis Meslek Yüksek Okulu-Sivas İÇİŞLERİ BAKANLIĞI EMNİYET GENEL MÜDÜRLÜĞÜ,1,1,True,10,Security/Interior,
buyer,Polis Moral Eğitim Merkezi Md. İÇİŞLERİ BAKANLIĞI EMNİYET GENEL MÜDÜRLÜĞÜ,1,1,False,-1,Security/Interior,
buyer,Program ve İzleme Dairesi Başkanlığı DİĞER ÖZEL BÜTÇELİ KURULUŞLAR KARAYOLLARI GENEL MÜDÜRLÜĞÜ,32,56,True,0,Infrastructure/Transport,
buyer,PÜLÜMÜR BELEDİYESİ BAŞKANLIĞI,1,1,True,5,Municipal/Local,
buyer,RADYO VE TELEVİZYON ÜST KURULU BAŞKANLIĞI,4,4,True,37,Other public,
buyer,REKTÖRLÜK ÖZEL KALEM OFİSİ,2,2,False,-1,Education,
buyer,REYHANLI BELEDİYESİ İDARİ VE MALİ HİZMETLER MÜDÜRLÜĞÜ,1,1,False,-1,Municipal/Local,
buyer,Rehberlik ve Araştırma Merkezi- MİLLİ EĞİTİM BAKANLIĞI BAKAN YARDIMCILIKLARI,1,1,False,-1,Education,
buyer,Rektörlüğü Özel Kalem YÜKSEKÖĞRETİM KURUMLARI İZMİR KATİP ÇELEBİ ÜNİVERSİTESİ,3,5,True,29,Education,
buyer,Restorasyon Daire Başkanlığı CUMHURBAŞKANLIĞI MİLLİ SARAYLAR İDARESİ BAŞKANLIĞI,4,5,True,13,Other public,
buyer,Rize Devlet Hastanesi -Güneysu Tenzile Erdoğan İlçe Hastanesi SAĞLIK BAKANLIĞI BAKAN YARDIMCILIKLARI,1,1,True,1,Health,
buyer,Rize Halk Sağlığı Müdürlüğü SAĞLIK BAKANLIĞI TÜRKİYE HALK SAĞLIĞI KURUMU,2,2,True,1,Health,
buyer,Rize İl Milli Eğitim Müdürlüğü- MİLLİ EĞİTİM BAKANLIĞI BAKAN YARDIMCILIKLARI,2,2,False,-1,Education,
buyer,Rize İl Özel İdaresi,12,13,True,13,Provincial admin,
buyer,Ruh Sağlığı Hastalıklatı Hastanesi Bastabibliği-Samsun SAĞLIK BAKANLIĞI TÜRKİYE KAMU HASTANELERİ KURUMU,1,1,False,-1,Health,
buyer,Ruh Sağlığı Sinir Hastalıkları Eğitim Araş.Hastanesi-Bakırköy SAĞLIK BAKANLIĞI BAKAN YARDIMCILIKLARI,2,5,True,14,Health,
buyer,RİZE BELEDİYESİ Mali Hizmetler Müdürlüğü,1,1,True,2,Municipal/Local,
buyer,RİZE İL TARIM VE ORMAN MÜDÜRLÜĞÜ TARIM VE ORMAN BAKANLIĞI BAKAN YARDIMCILIKLARI,1,1,False,-1,Agriculture/Environment,
buyer,RİZE İL ÖZEL İDARESİ,1,1,True,13,Provincial admin,
buyer,SAFRANBOLU BELEDİYESİ DESTEK HİZMETLERİ MÜDÜRLÜĞÜ,1,1,True,6,Municipal/Local,
buyer,SAFRANBOLU BELEDİYESİ FEN İŞLERİ MÜDÜRLÜĞÜ,2,2,True,31,Municipal/Local,
buyer,SAKARYA İL SAĞLIK MÜDÜRLÜĞÜ,2,2,True,17,Health,
buyer,SAMSUN B.B. SU VE KANALİZASYON İDARESİ GENEL MÜDÜRLÜĞÜ,9,10,True,5,Infrastructure/Transport,
buyer,SAMSUN BÜYÜKŞEHİR BELEDİYESİ BİLGİ İŞLEM DAİRESİ BAŞKANLIĞI,1,1,True,16,Municipal/Local,
buyer,SAMSUN BÜYÜKŞEHİR BELEDİYESİ DESTEK HİZMETLERİ DAİRE BAŞKANLIĞI,3,3,True,5,Municipal/Local,
buyer,SAMSUN BÜYÜKŞEHİR BELEDİYESİ SATINALMA DAİRESİ BAŞKANLIĞI,5,5,True,5,Municipal/Local,
buyer,SAMSUN BÜYÜKŞEHİR BELEDİYESİ ULAŞIM PLANLAMA VE RAYLI SİSTEM DAİRESİ BAŞKANLIĞI,1,1,False,-1,Municipal/Local,
buyer,SAMSUN SU VE KANALİZASYON İDARESİ GENEL MÜDÜRLÜĞÜ,2,2,True,2,Infrastructure/Transport,
buyer,SAMSUN YATIRIM İZLEME VE KOORDİNASYON BAŞKANLIĞI,1,1,False,-1,Provincial admin,
buyer,SANAYİ VE TEKNOLOJİ BAKANLIĞI AR-GE TEŞVİKLERİ GENEL MÜDÜRLÜĞÜ SANAYİ VE TEKNOLOJİ BAKANLIĞI BAKAN YARDIMCILIKLARI,1,1,False,-1,Other public,
buyer,SANBEL GIDA DAYANIKLI TÜKETİM MALLARI TURİZM PETROL HİZMET İNŞAAT SANAYİ VE TİCARET LİMİTED ŞİRKETİ,1,1,False,-1,Other public,
buyer,SANCAKTEPE BELEDİYE BAŞKANLIĞI,1,1,True,3,Municipal/Local,
buyer,SANDIKLI BELEDİYESİ,1,1,True,7,Municipal/Local,
buyer,SAPANCA BELEDİYESİ FEN İŞLERİ MÜDÜRLÜĞÜ,1,1,True,19,Municipal/Local,
buyer,SARAY BELEDİYESİ YAZI İŞLERİ MÜDÜRLÜĞÜ,2,2,True,20,Municipal/Local,
buyer,SARIKAMIŞ BELEDİYESİ MALİ HİZMETLER MÜDÜRLÜĞÜ,1,1,True,7,Municipal/Local,
buyer,SARIKAYA BELEDİYESİ KÜLTÜR VE SOSYAL İŞLER MÜDÜRLÜĞÜ,1,1,False,-1,Municipal/Local,
buyer,SARIOĞLAN BELEDİYESİ MALİ HİZMETLER MÜDÜRLÜĞÜ,1,1,False,-1,Municipal/Local,
buyer,SARIYER BELEDİYE BAŞKANLIĞI - DESTEK HİZMETLERİ MÜDÜRLÜĞÜ,1,1,False,-1,Municipal/Local,
buyer,SARIYER BELEDİYESİ ARAŞTIRMA VE GELİŞTİRME MÜDÜRLÜĞÜ,1,1,False,-1,Municipal/Local,
buyer,SARIYER BELEDİYESİ Destek Hizmetleri Müdürlüğü,3,13,True,3,Municipal/Local,
buyer,SARIYER BELEDİYESİ Kültür ve Sosyal İşler Müdürlüğü,1,1,False,-1,Municipal/Local,
buyer,SARIÇAM BELEDİYESİ FEN İŞLERİ MÜDÜRLÜĞÜ,2,2,True,34,Municipal/Local,
buyer,SATIN ALMA BİRİMİ,2,2,True,27,Other public,
buyer,SATIN ALMA DAİRESİ BAŞKANLIĞI | ADANA,1,1,False,-1,Other public,
buyer,SATIN ALMA DAİRESİ BAŞKANLIĞI | ANKARA,1,1,True,3,Other public,
buyer,SATIN ALMA DAİRESİ BAŞKANLIĞI | HATAY,2,2,False,-1,Other public,
buyer,SATIN ALMA ŞUBE MÜDÜRLÜĞÜ,1,1,False,-1,Other public,
buyer,SAĞLIK ARAŞTIRMA VE UYGULAMA MERKEZİ MÜDÜRLÜĞÜ | ANKARA,1,6,True,9,Health,
buyer,SAĞLIK ARAŞTIRMA VE UYGULAMA MERKEZİ MÜDÜRLÜĞÜ | DENİZLİ,2,2,True,7,Health,
buyer,SAĞLIK ARAŞTIRMA VE UYGULAMA MERKEZİ MÜDÜRLÜĞÜ | EDİRNE,1,2,True,16,Health,
buyer,SAĞLIK ARAŞTIRMA VE UYGULAMA MERKEZİ MÜDÜRLÜĞÜ | TOKAT,1,1,False,-1,Health,
buyer,SAĞLIK BAKANLIĞI - AMASYA İL SAĞLIK MÜDÜRLÜĞÜ,2,4,True,12,Health,
buyer,SAĞLIK BAKANLIĞI - ANKARA YENİMAHALLE EĞİTİM VE ARAŞTIRMA HASTANESİ BAŞHEKİMLİĞİ,1,1,True,1,Health,
buyer,SAĞLIK BAKANLIĞI - AYDIN İL SAĞLIK MÜDÜRLÜĞÜ,1,1,False,-1,Health,
buyer,SAĞLIK BAKANLIĞI - BALGAT AĞIZ VE DİŞ SAĞLIĞI MERKEZİ BAŞHEKİMLİĞİ,1,1,True,15,Health,
buyer,SAĞLIK BAKANLIĞI - BURDUR İL SAĞLIK MÜDÜRLÜĞÜ,1,3,True,1,Health,
buyer,SAĞLIK BAKANLIĞI - BURSA GEMLİK DEVLET HASTANESİ BAŞHEKİMLİĞİ,1,1,True,14,Health,
buyer,SAĞLIK BAKANLIĞI - BURSA ORHANGAZİ DEVLET HASTANESİ BAŞHEKİMLİĞİ,1,1,True,14,Health,
buyer,SAĞLIK BAKANLIĞI - BURSA YÜKSEK İHTİSAS EĞİTİM VE ARAŞTIRMA HASTANESİ BAŞHEKİMLİĞİ,1,2,True,14,Health,
buyer,SAĞLIK BAKANLIĞI - BURSA ÇEKİRGE DEVLET HASTANESİ BAŞHEKİMLİĞİ,1,3,True,14,Health,
buyer,SAĞLIK BAKANLIĞI - BURSA İL SAĞLIK MÜDÜRLÜĞÜ,3,3,True,14,Health,
buyer,SAĞLIK BAKANLIĞI - DİYARBAKIR İL SAĞLIK MÜDÜRLÜĞÜ,3,3,True,1,Health,
buyer,SAĞLIK BAKANLIĞI - HAKKARİ DEVLET HASTANESİ BAŞHEKİMLİĞİ,1,1,True,20,Health,
buyer,SAĞLIK BAKANLIĞI - HALK SAĞLIĞI GENEL MÜDÜRLÜĞÜ,1,1,True,1,Health,
buyer,SAĞLIK BAKANLIĞI - KAHRAMANMARAŞ İL SAĞLIK MÜDÜRLÜĞÜ,1,1,True,1,Health,
buyer,SAĞLIK BAKANLIĞI - KASTAMONU İL SAĞLIK MÜDÜRLÜĞÜ,2,3,True,1,Health,
buyer,SAĞLIK BAKANLIĞI - MANİSA İL SAĞLIK MÜDÜRLÜĞÜ,1,1,True,26,Health,
buyer,SAĞLIK BAKANLIĞI - MANİSA ŞEHİR HASTANESİ BAŞHEKİMLİĞİ,1,2,True,9,Health,
buyer,SAĞLIK BAKANLIĞI - MUĞLA FETHİYE AĞIZ VE DİŞ SAĞLIĞI MERKEZİ BAŞHEKİMLİĞİ,1,1,True,10,Health,
buyer,SAĞLIK BAKANLIĞI - RİZE İL SAĞLIK MÜDÜRLÜĞÜ,2,3,True,1,Health,
buyer,SAĞLIK BAKANLIĞI - SAĞLIK BİLGİ SİSTEMLERİ GENEL MÜDÜRLÜĞÜ,6,8,True,10,Health,
buyer,SAĞLIK BAKANLIĞI - SİNCAN AĞIZ VE DİŞ SAĞLIĞI HASTANESİ BAŞHEKİMLİĞİ,2,2,True,10,Health,
buyer,SAĞLIK BAKANLIĞI - TEKİRDAĞ İL SAĞLIK MÜDÜRLÜĞÜ,1,1,True,1,Health,
buyer,SAĞLIK BAKANLIĞI - TRABZON İL SAĞLIK MÜDÜRLÜĞÜ,2,2,True,1,Health,
buyer,SAĞLIK BAKANLIĞI - UŞAK İL SAĞLIK MÜDÜRLÜĞÜ,1,1,True,1,Health,
buyer,SAĞLIK BAKANLIĞI - VAN İL SAĞLIK MÜDÜRLÜĞÜ,1,1,True,18,Health,
buyer,SAĞLIK BAKANLIĞI - ÇANKIRI İL SAĞLIK MÜDÜRLÜĞÜ,1,1,True,12,Health,
buyer,SAĞLIK BAKANLIĞI - İSTANBUL BAHÇELİEVLER DEVLET HASTANESİ BAŞHEKİMLİĞİ,1,4,True,1,Health,
buyer,SAĞLIK BAKANLIĞI - İSTANBUL BAŞAKŞEHİR DEVLET HASTANESİ BAŞHEKİMLİĞİ,1,1,True,17,Health,
buyer,SAĞLIK BAKANLIĞI - İSTANBUL ERENKÖY RUH VE SİNİR HASTALIKLARI EĞİTİM VE ARAŞTIRMA HASTANESİ BAŞHEKİMLİĞİ,1,1,True,1,Health,
buyer,SAĞLIK BAKANLIĞI - İSTANBUL MALTEPE DEVLET HASTANESİ BAŞHEKİMLİĞİ,1,2,True,18,Health,
buyer,SAĞLIK BAKANLIĞI - İSTANBUL SULTANGAZİ AĞIZ VE DİŞ SAĞLIĞI HASTANESİ BAŞHEKİMLİĞİ,1,1,True,17,Health,
buyer,SAĞLIK BAKANLIĞI - İSTANBUL İL SAĞLIK MÜDÜRLÜĞÜ,2,3,True,1,Health,
buyer,SAĞLIK BAKANLIĞI - İSTANBUL ŞİŞLİ HAMİDİYE ETFAL EĞİTİM VE ARAŞTIRMA HASTANESİ BAŞHEKİMLİĞİ,2,3,True,17,Health,
buyer,SAĞLIK BAKANLIĞI - İZMİR İL SAĞLIK MÜDÜRLÜĞÜ,3,3,True,15,Health,
buyer,SAĞLIK BAKANLIĞI BAKAN YARDIMCILIKLARI Verem Savaşı Dairesi Başkanlığı,1,1,True,1,Health,
buyer,SAĞLIK BAKANLIĞI Strateji Geliştirme Başkanlığı,1,1,False,-1,Health,
buyer,SAĞLIK BAKANLIĞI Temel Sağlık Hizmetleri Genel Müdürlüğü,1,1,True,21,Health,
buyer,SAĞLIK BAKANLIĞI İlaç ve Eczacılık Genel Müdürlüğü,1,1,True,0,Health,
buyer,SAĞLIK BAKANLIĞI Şereflikoçhisar Devlet Hastanesi,1,1,True,1,Health,
buyer,SAĞLIK UYGULAMA VE ARAŞTIRMA HASTANESİ BAŞHEKİMLİĞİ,1,1,True,26,Health,
buyer,SAĞLIK UYGULAMA VE ARAŞTIRMA MERKEZİ MÜDÜRLÜĞÜ,10,25,True,30,Health,
buyer,SEFERHİSAR BELEDİYESİ DESTEK HİZMETLER MÜDÜRLÜĞÜ,2,3,True,8,Municipal/Local,
buyer,SEFERİHİSAR BELEDİYESİ Koordinasyon İşleri Müdürlüğü,2,2,True,31,Municipal/Local,
buyer,SELÇUK BELEDİYESİ SOSYAL İŞLER MÜDÜRLÜĞÜ,1,1,False,-1,Municipal/Local,
buyer,SELÇUKLU BELEDİYESİ BİLGİ İŞLEM MÜDÜRLÜĞÜ,3,4,True,21,Municipal/Local,
buyer,SELÇUKLU BELEDİYESİ Kültür İşleri Müdürlüğü,1,1,True,9,Municipal/Local,
buyer,SERDİVAN BELEDİYESİ Emlak ve İstimlak Müd.V.,2,3,True,6,Municipal/Local,
buyer,SERMAYE PİYASASI KURULU BAŞKANLIĞI,1,1,True,2,Other public,
buyer,SEYHAN BELEDİYE BAŞKANLIĞI - İNOVASYON VE TEKNOLOJİ MÜDÜRLÜĞÜ,1,1,True,8,Municipal/Local,
buyer,SEYHAN BELEDİYESİ BİLGİ İŞLEM MÜDÜRLÜĞÜ,11,11,True,13,Municipal/Local,
buyer,SEYHAN BELEDİYESİ EMLAK VE İSTİMLAK MÜDÜRLÜĞÜ,1,1,True,6,Municipal/Local,
buyer,SEYHAN BELEDİYESİ MALİ HİZMETLER MÜDÜRLÜĞÜ,2,2,True,13,Municipal/Local,
buyer,SEYHAN BELEDİYESİ YAZI İŞLERİ MÜDÜRLÜĞÜ,1,1,False,-1,Municipal/Local,
buyer,SEYİTGAZİ BELEDİYESİ FEN İŞLERİ BİRİMİ,1,1,False,-1,Municipal/Local,
buyer,SGK İSTANBUL İL MÜDÜRLÜĞÜ,1,1,False,-1,Social/Finance,
buyer,SOLHAN BELEDİYESİ FEN İŞLERİ MÜDÜRLÜĞÜ,1,1,False,-1,Municipal/Local,
buyer,SORGUN BELEDİYESİ FEN İŞLERİ MÜDÜRLÜĞÜ,1,1,False,-1,Municipal/Local,
buyer,SORGUN BELEDİYESİ Plan ve Proje Müdürlüğü,1,1,True,6,Municipal/Local,
buyer,SOSYAL GÜVENLİK KURUMU BAŞKANLIĞI DESTEK HİZMETLERİ DAİRE BAŞKANLIĞI,27,42,True,27,Social/Finance,
buyer,STRATEJİ GELİŞTİRME  BAŞKANLIĞI ULAŞTIRMA VE ALTYAPI BAKANLIĞI BAKAN YARDIMCILIKLARI,2,3,True,0,Infrastructure/Transport,
buyer,STRATEJİ VE KOORDİNASYON MÜDÜRLÜĞÜ YATIRIM İZLEME VE KOORDİNASYON BAŞKANLIKLARI ANKARA YATIRIM İZLEME VE KOORDİNASYON BAŞKANLIĞI,7,7,True,23,Provincial admin,
buyer,SULTANBEYLİ BELEDİYE BAŞKANLIĞI - ARAŞTIRMA VE GELİŞTİRME MÜDÜRLÜĞÜ,1,1,False,-1,Municipal/Local,
buyer,SULTANBEYLİ BELEDİYE BAŞKANLIĞI - KOORDİNASYON İŞLERİ MÜDÜRLÜĞÜ,1,1,False,-1,Municipal/Local,
buyer,SULTANBEYLİ BELEDİYESİ BİLGİ İŞLEM MÜDÜRLÜĞÜ,5,5,True,19,Municipal/Local,
buyer,SULTANBEYLİ BELEDİYESİ FEN İŞLERİ MÜDÜRLÜĞÜ,1,1,False,-1,Municipal/Local,
buyer,SULTANBEYLİ BELEDİYESİ KÜLTÜR VE SOSYAL İŞLER MÜDÜRLÜĞÜ,1,1,True,25,Municipal/Local,
buyer,SULTANBEYLİ BELEDİYESİ STRATEJİ GELİŞTİRME MÜDÜRLÜĞÜ,1,1,False,-1,Municipal/Local,
buyer,SULTANGAZİ BELEDİYESİ DESTEK HİZMETLERİ MÜDÜRLÜĞÜ,14,18,True,5,Municipal/Local,
buyer,SULTANGAZİ BELEDİYESİ KÜLTÜR VE SOSYAL İŞLER MÜDÜRLÜĞÜ,2,2,True,5,Municipal/Local,
buyer,SULUOVA BELEDİYESİ Kültür ve Sosyal İşler Müdürlüğü,1,1,True,6,Municipal/Local,
buyer,SUNGURLU BELEDİYESİ DESTEK HİZMETLERİ MÜDÜRLÜĞÜ,2,2,True,6,Municipal/Local,
buyer,Sahil Güvenlik Komutanlığı-İkmal Mrk.K.lığı(İstanbul) İÇİŞLERİ BAKANLIĞI SAHİL GÜVENLİK KOMUTANLIĞI,1,1,True,9,Defence,
buyer,Sakarya Büyükşehir Belediyesi,3,3,True,9,Municipal/Local,
buyer,Sakarya Kamu Hastane Birliği SAĞLIK BAKANLIĞI TÜRKİYE KAMU HASTANELERİ KURUMU,1,2,True,32,Health,
buyer,Sakarya Su ve Kanalizasyon İdaresi (SASKİ) Genel Müdürlüğü,15,26,True,10,Infrastructure/Transport,
buyer,Sakarya Valiliği (YİKOB-maas için) İÇİŞLERİ BAKANLIĞI BAKAN YARDIMCILIĞI,1,1,False,-1,Security/Interior,
buyer,Sakarya Üniversitesi Döner Sermaye İşletmesi,2,2,False,-1,Education,
buyer,Sakarya Üniversitesi Eğitim ve Araştırma Hastanesi SAĞLIK BAKANLIĞI BAKAN YARDIMCILIKLARI,1,1,True,10,Health,
buyer,Sakarya İl Sağlık Müdürlüğü SAĞLIK BAKANLIĞI BAKAN YARDIMCILIKLARI,3,5,True,18,Health,
buyer,Samsun Devlet Hastanesi -Gazi SAĞLIK BAKANLIĞI BAKAN YARDIMCILIKLARI,2,2,True,17,Health,
buyer,Samsun Kamu Hastane Birliği SAĞLIK BAKANLIĞI TÜRKİYE KAMU HASTANELERİ KURUMU,2,2,True,1,Health,
buyer,Samsun Valiliği (YİKOB-maas için) İÇİŞLERİ BAKANLIĞI BAKAN YARDIMCILIĞI,1,1,True,6,Security/Interior,
buyer,Sancaktepe Belediyesi DESTEK HİZMETLERİ MÜDÜRLÜĞÜ,4,4,True,3,Municipal/Local,
buyer,Sancaktepe İlçe Milli Eğitim Müdürlüğü- MİLLİ EĞİTİM BAKANLIĞI BAKAN YARDIMCILIKLARI,1,1,True,15,Education,
buyer,Savunma Sanayii Başkanlığı Siber Güvenlik ve Bilişim Sistemleri Daire  Başkanlığı   DİĞER ÖZEL BÜTÇELİ KURULUŞLAR SAVUNMA SANAYİ BAŞKANLIĞI,1,1,False,-1,Defence,
buyer,Sağlık Araştırma ve Uygulama Hastanesi YÜKSEKÖĞRETİM KURUMLARI SÜLEYMAN DEMİREL ÜNİVERSİTESİ,1,1,True,2,Health,
buyer,Sağlık Araştırma ve Uygulama Merkezi YÜKSEKÖĞRETİM KURUMLARI KAFKAS ÜNİVERSİTESİ,1,1,True,22,Health,
buyer,Sağlık Bilgi Sistemleri Genel Müdürlüğü SAĞLIK BAKANLIĞI BAKAN YARDIMCILIKLARI,26,29,True,0,Health,
buyer,Sağlık Hizmetleri Genel Müdürlüğü SAĞLIK BAKANLIĞI BAKAN YARDIMCILIKLARI,2,2,True,13,Health,
buyer,Sağlık Müdürlüğü SAĞLIK BAKANLIĞI BAKAN YARDIMCILIKLARI,2,2,True,29,Health,
buyer,Sağlık Uyg.ve Araş. Merk YÜKSEKÖĞRETİM KURUMLARI ATATÜRK ÜNİVERSİTESİ,2,2,True,7,Health,
buyer,Sağlık Uygulama ve Araştırma Hastanesi YÜKSEKÖĞRETİM KURUMLARI TOKAT GAZİOSMANPAŞA ÜNİVERSİTESİ,2,3,True,22,Health,
buyer,Sağlık Uygulama ve Araştırma Hastanesi YÜKSEKÖĞRETİM KURUMLARI TRAKYA ÜNİVERSİTESİ,2,3,True,16,Health,
buyer,Sağlık Uygulama ve Araştırma Merkezi YÜKSEKÖĞRETİM KURUMLARI BURSA ULUDAĞ ÜNİVERSİTESİ,2,3,True,22,Health,
buyer,Sağlık Uygulama ve Araştırma Merkezi YÜKSEKÖĞRETİM KURUMLARI ERCİYES ÜNİVERSİTESİ,2,2,True,22,Health,
buyer,"Sağlık, Kültür ve Spor Daire Başkanlığı YÜKSEKÖĞRETİM KURUMLARI BOLU ABANT İZZET BAYSAL ÜNİVERSİTESİ",1,1,False,-1,Health,
buyer,"Sağlık, Kültür ve Spor Daire Başkanlığı YÜKSEKÖĞRETİM KURUMLARI ERCİYES ÜNİVERSİTESİ",2,3,True,6,Health,
buyer,"Sağlık, Kültür ve Spor Daire Başkanlığı YÜKSEKÖĞRETİM KURUMLARI KARABÜK ÜNİVERSİTESİ",1,1,False,-1,Health,
buyer,"Sağlık, Kültür ve Spor Daire Başkanlığı YÜKSEKÖĞRETİM KURUMLARI KARAMANOĞLU MEHMETBEY ÜNİVERSİTESİ",1,1,False,-1,Health,
buyer,"Sağlık, Kültür ve Spor Daire Başkanlığı YÜKSEKÖĞRETİM KURUMLARI SELÇUK ÜNİVERSİTESİ",1,1,False,-1,Health,
buyer,"Sağlık, Kültür ve Spor Daire Başkanlığı YÜKSEKÖĞRETİM KURUMLARI İSTANBUL ÜNİVERSİTESİ",4,4,True,25,Health,
buyer,Sağlığın Geliştirilmesi Genel Müdürlüğü SAĞLIK BAKANLIĞI BAKAN YARDIMCILIKLARI,1,1,False,-1,Health,
buyer,Selçuklu Uygulama ve Araştırma Hastanesi YÜKSEKÖĞRETİM KURUMLARI SELÇUK ÜNİVERSİTESİ,1,1,False,-1,Health,
buyer,Seyhan Sol Sahil Sulama Birliği,1,1,False,-1,Other public,
buyer,Siber Suçlarla Mücadele Daire Başkanlığı İÇİŞLERİ BAKANLIĞI EMNİYET GENEL MÜDÜRLÜĞÜ,1,1,True,0,Security/Interior,
buyer,Sigortacılık ve Özel Emeklilik Düzenleme ve Denetleme Kurumu DÜZENLEYİCİ VE DENETLEYİCİ KURUMLAR SİGORTACILIK VE ÖZEL EMEKLİLİK DÜZENLEME VE DENETLEME KURUMU,1,1,True,0,Other public,
buyer,Siirt Devlet Hastanesi - SAĞLIK BAKANLIĞI BAKAN YARDIMCILIKLARI,1,1,True,22,Health,
buyer,Siirt İl Emniyet Müdürlüğü İÇİŞLERİ BAKANLIĞI EMNİYET GENEL MÜDÜRLÜĞÜ,1,1,True,6,Security/Interior,
buyer,Siirt İl Özel İdaresi Destek Hizmetler Müdürlüğü,4,6,True,6,Provincial admin,
buyer,Sinanpaşa İlçe Milli Eğitim Müdürlüğü- MİLLİ EĞİTİM BAKANLIĞI BAKAN YARDIMCILIKLARI,1,1,False,-1,Education,
buyer,Sinop Ağız ve Diş Sağlığı Merkezi- SAĞLIK BAKANLIĞI BAKAN YARDIMCILIKLARI,1,1,True,15,Health,
buyer,Sinop Kamu Hastaneleri Birliği Genel Sekreterliği SAĞLIK BAKANLIĞI TÜRKİYE KAMU HASTANELERİ KURUMU,1,1,True,18,Health,
buyer,Sinop İl Özel İdaresi Destek Hizmetleri Müdürlüğü,3,3,True,6,Provincial admin,
buyer,Sinop İl Özel İdaresi Yol ve Ulaşım Hizmetleri Müdürlüğü,1,1,True,6,Provincial admin,
buyer,Sivas Halk Sağlığı Müdürlüğü SAĞLIK BAKANLIĞI TÜRKİYE HALK SAĞLIĞI KURUMU,2,2,True,1,Health,
buyer,Sivas Kamu Hastane Birliği SAĞLIK BAKANLIĞI TÜRKİYE KAMU HASTANELERİ KURUMU,2,6,True,12,Health,
buyer,Sivas İl Özel İdare,2,2,True,23,Provincial admin,
buyer,Sosyal Bilimler Meslek Yüksekokulu YÜKSEKÖĞRETİM KURUMLARI SİİRT ÜNİVERSİTESİ,1,1,False,-1,Education,
buyer,"Sosyal Tesisler ve İktisadi İşletmeler Hacettepe Üniversitesi Sağlık, Kültür ve Spor Daire Başkanlığı Sosyal Tesis ve İşletmeleri",1,1,False,-1,Health,
buyer,Sosyal Yardımlar Genel Müdürlüğü AİLE VE SOSYAL HİZMETLER BAKANLIĞI BAKAN YARDIMCILIKLARI,6,6,False,-1,Social/Finance,
buyer,Spastik Oz.Çocuk Hastanesi-Bursa Dr.Ayten Bozkaya SAĞLIK BAKANLIĞI TÜRKİYE KAMU HASTANELERİ KURUMU,2,2,True,22,Health,
buyer,Spastik Çocuklar Hastanesi Ve Rehabilitasyon Merkezi -Bursa Dr. Ayten Bozkaya SAĞLIK BAKANLIĞI BAKAN YARDIMCILIKLARI,1,1,True,14,Health,
buyer,Spor Genel Müdürlüğü İdari ve Mali İşler Dairesi Başkanlığı Diğer Özel Bütçeli Kuruluşlar,5,7,True,30,Other public,
buyer,Spor Toto Teşkilat Başkanlığı,1,1,True,9,Other public,
buyer,Strateji Geliştirme Başkanlığı BAŞBAKANLIK DİYANET İŞLERİ BAŞKANLIĞI,1,1,False,-1,Other public,
buyer,Strateji Geliştirme Başkanlığı TİCARET BAKANLIĞI BAKAN YARDIMCILIKLARI,2,2,True,9,Social/Finance,
buyer,Strateji Geliştirme Daire Başkanlığı DİĞER ÖZEL BÜTÇELİ KURULUŞLAR TÜRKİYE BİLİMSEL VE TEKNOLOJİK ARAŞTIRMA KURUMU,1,1,True,2,Other public,
buyer,Strateji Geliştirme Daire Başkanlığı DİĞER ÖZEL BÜTÇELİ KURULUŞLAR TÜRKİYE HUDUT VE SAHİLLER SAĞLIK GENEL MÜDÜRLÜĞÜ,1,3,True,29,Health,
buyer,Strateji Geliştirme Daire Başkanlığı DİĞER ÖZEL BÜTÇELİ KURULUŞLAR VAKIFLAR GENEL MÜDÜRLÜĞÜ,9,23,True,9,Other public,
buyer,Strateji Geliştirme Dairesi Başkanlığı DİĞER ÖZEL BÜTÇELİ KURULUŞLAR TÜRKİYE YAZMA ESERLER KURUMU BAŞKANLIĞI,2,5,True,28,Other public,
buyer,Su Yönetimi Genel Müdürlüğü TARIM VE ORMAN BAKANLIĞI BAKAN YARDIMCILIKLARI,1,1,True,0,Agriculture/Environment,
buyer,Sulusaray Devlet Hastanesi SAĞLIK BAKANLIĞI BAKAN YARDIMCILIKLARI,1,1,True,12,Health,
buyer,Susurluk Devlet Hastanesi - SAĞLIK BAKANLIĞI BAKAN YARDIMCILIKLARI,1,1,True,15,Health,
buyer,SÜLEYMANPAŞA BELEDİYESİ DESTEK HİZMETLERİ MÜDÜRLÜĞÜ,3,3,True,16,Municipal/Local,
buyer,Söke Devlet Hastanesi - SAĞLIK BAKANLIĞI BAKAN YARDIMCILIKLARI,2,2,True,26,Health,
buyer,Söke Ovası Sulama Birliği,1,1,False,-1,Other public,
buyer,Sönmez Onkoloji Hastanesi SAĞLIK BAKANLIĞI BAKAN YARDIMCILIKLARI,1,1,True,14,Health,
buyer,Sönmez Onkoloji Hastanesi-Bursa Ali Osman Sönmez SAĞLIK BAKANLIĞI TÜRKİYE KAMU HASTANELERİ KURUMU,1,2,True,14,Health,
buyer,Süleymaniye Doğum ve Kadın Hastalıkları  Eğitim Araşt. Hastanesi SAĞLIK BAKANLIĞI BAKAN YARDIMCILIKLARI,1,1,True,26,Health,
buyer,Süleymaniye Yazma Eser Kütüphanesi Müdürlüğü DİĞER ÖZEL BÜTÇELİ KURULUŞLAR TÜRKİYE YAZMA ESERLER KURUMU BAŞKANLIĞI,1,1,True,28,Other public,
buyer,SİLOPİ BELEDİYESİ DESTEK HİZMETLERİ MÜDÜRLÜĞÜ,1,1,False,-1,Municipal/Local,
buyer,SİLVAN BELEDİYESİ YAZI İŞLERİ MÜDÜRLÜĞÜ,1,1,False,-1,Municipal/Local,
buyer,SİLİFKE BELEDİYESİ YAZI İŞLERİ MÜDÜRLÜĞÜ,1,2,True,5,Municipal/Local,
buyer,SİLİVRİ BELEDİYESİ DESTEK HİZMETLERİ MÜDÜRLÜĞÜ,2,3,True,5,Municipal/Local,
buyer,SİMAV BELEDİYESİ İHALE BİRİMİ,1,1,True,13,Municipal/Local,
buyer,SİNCAN AĞIZ VE DİŞ SAĞLIĞI HASTAHANESİ SAĞLIK BAKANLIĞI BAKAN YARDIMCILIKLARI,1,1,True,15,Health,
buyer,SİNCAN BELEDİYE BAŞKANLIĞI,1,1,False,-1,Municipal/Local,
buyer,SİNCAN BELEDİYESİ Destek Hizmetleri Müdürlüğü,3,3,True,16,Municipal/Local,
buyer,SİNCAN EĞİTİM VE ARAŞTIRMA HASTANESİ BAŞHEKİMLİĞİ,1,1,True,17,Health,
buyer,SİNEMA GENEL MÜDÜRLÜĞÜ KÜLTÜR VE TURİZM BAKANLIĞI BAKAN YARDIMCILIKLARI,3,3,True,3,Other public,
buyer,SİSTEM VE DONANIM ŞUBE MÜDÜRLÜĞÜ,3,3,False,-1,Other public,
buyer,SİVAS BELEDİYESİ Bilgi İşlem Müdürlüğü,6,7,True,16,Municipal/Local,
buyer,SİVAS BELEDİYESİ SU VE KANALİZASYON İŞLERİ MÜDÜRLÜĞÜ,1,1,False,-1,Municipal/Local,
buyer,SİVAS BİLİM VE TEKNOLOJİ ÜNİVERSİTESİ REKTÖRLÜĞÜ - İDARİ VE MALİ İŞLER DAİRE BAŞKANLIĞI,1,1,False,-1,Education,
buyer,SİVEREK BELEDİYESİ BASIN YAYIN VE HALKLA İLİŞKİLER MÜDÜRLÜĞÜ,1,1,True,7,Municipal/Local,
buyer,SİVEREK BELEDİYESİ BİLGİ İŞLEM MÜDÜRLÜĞÜ,5,7,True,8,Municipal/Local,
buyer,SİİRT BELEDİYESİ İMAR VE ŞEHİRCİLİK MÜDÜRLÜĞÜ,1,1,False,-1,Municipal/Local,
buyer,T. Denizcilik İşletmeleri A.Ş. Destek Hizmetler Dairesi Başkanlığı,3,13,True,32,Other public,
buyer,T.C DEVLET DEMİRYOLLARI İŞLETMESİ GENEL MÜDÜRLÜĞÜ(TCDD)  YHT BÖLGE MÜDÜRLÜĞÜ (ANKARA),1,1,False,-1,Infrastructure/Transport,
buyer,T.C DEVLET DEMİRYOLLARI İŞLETMESİ GENEL MÜDÜRLÜĞÜ(TCDD)  İŞLETMESİ GENEL MÜDÜRLÜĞÜ,15,16,True,3,Infrastructure/Transport,
buyer,T.C DEVLET DEMİRYOLLARI İŞLETMESİ GENEL MÜDÜRLÜĞÜ(TCDD) 2. BÖLGE MÜDÜRLÜĞÜ (ANKARA),2,2,False,-1,Infrastructure/Transport,
buyer,T.C DEVLET DEMİRYOLLARI İŞLETMESİ GENEL MÜDÜRLÜĞÜ(TCDD) 3. BÖLGE MALZEME MÜDÜRLÜĞÜ,1,1,False,-1,Infrastructure/Transport,
buyer,T.C DEVLET DEMİRYOLLARI İŞLETMESİ GENEL MÜDÜRLÜĞÜ(TCDD) 4. BÖLGE MÜDÜRLÜĞÜ (SİVAS),1,1,True,20,Infrastructure/Transport,
buyer,T.C DEVLET DEMİRYOLLARI İŞLETMESİ GENEL MÜDÜRLÜĞÜ(TCDD) Bilgi İşlem Dairesi Başkanlığı,4,5,True,0,Infrastructure/Transport,
buyer,T.C DEVLET DEMİRYOLLARI İŞLETMESİ GENEL MÜDÜRLÜĞÜ(TCDD) HAYDARPAŞA LİMAN İŞLETME MÜDÜRLÜĞÜ,1,1,True,2,Infrastructure/Transport,
buyer,T.C SAĞLIK BAKANLIĞI TACİRLER EĞİTİM VAKFI SULTANBEYLİ AĞIZ VEDİŞ SAĞLIĞI EĞİTİM VE ARAŞTIRMA HASTANESİ SAĞLIK BAKANLIĞI BAKAN YARDIMCILIKLARI,1,4,True,10,Health,
buyer,T.C. Kültür ve Turizm Bakanlığı Çanakkale Savaşları Gelibolu Tarihi Alan Başkanlığı Personel ve Destek Hizmetleri Grup Başkanlığı,3,9,True,5,Other public,
buyer,T.C. Merkez Bankası İDARE MERKEZİ,18,26,True,0,Social/Finance,
buyer,T.C. SANAYİ VE TEKNOLOJİ BAKANLIĞI STRATEJİK ARAŞTIRMALAR VE VERİMLİLİK GENEL MÜDÜRLÜĞÜ SANAYİ VE TEKNOLOJİ BAKANLIĞI BAKAN YARDIMCILIKLARI,1,1,False,-1,Other public,
buyer,T.C. SAĞLIK BAKANLIĞI SİNCAN EĞİTİM VE ARAŞTIRMA HASTANESİ SAĞLIK BAKANLIĞI BAKAN YARDIMCILIKLARI,1,1,True,17,Health,
buyer,"T.C. Çevre, Şehircilik ve İklim Değişikliği Bakanlığı Toplu Konut İdaresi Başkanlığı",4,9,True,35,Agriculture/Environment,
buyer,T.C.POSTA VE TELGRAF TEŞKİLATI A.Ş. Satınalma Daire Başkanlığı,11,13,True,0,Other public,
buyer,T.C.SAĞLIK BAKANLIĞI GÖZTEPE PROF.DR.SÜLEYMAN YALÇIN ŞEHİR HASTANESİ SAĞLIK BAKANLIĞI BAKAN YARDIMCILIKLARI,1,2,True,17,Health,
buyer,T.C.SAĞLIK BAKANLIĞI KÜTAHYA AĞIZ VE DİŞ SAĞLIĞI HASTANESİ SAĞLIK BAKANLIĞI BAKAN YARDIMCILIKLARI,1,1,True,10,Health,
buyer,"TABİAT VARLIKLARINI KORUMA GENEL MÜDÜRLÜĞÜ ÇEVRE, ŞEHİRCİLİK VE İKLİM DEĞİŞİKLİĞİ BAKANLIĞI BAKAN YARDIMCILIKLARI",2,3,True,2,Agriculture/Environment,
buyer,TARIM VE ORMAN BAKANLIĞI - BALIKÇILIK VE SU ÜRÜNLERİ GENEL MÜDÜRLÜĞÜ,1,1,False,-1,Agriculture/Environment,
buyer,TARIM VE ORMAN BAKANLIĞI - ERZURUM İL TARIM VE ORMAN MÜDÜRLÜĞÜ,1,1,False,-1,Agriculture/Environment,
buyer,TARIM VE ORMAN BAKANLIĞI - İDARİ İŞLER VE KOORDİNASYON DAİRE BAŞKANLIĞI,1,1,True,0,Agriculture/Environment,
buyer,TARIM VE ORMAN BAKANLIĞI BİLGİ TEKNOLOJİLERİ GENEL MÜDÜRLÜĞÜ TARIM VE ORMAN BAKANLIĞI BAKAN YARDIMCILIKLARI,9,10,True,29,Agriculture/Environment,
buyer,TARIM İŞLETMELERİ GENEL MÜDÜRLÜĞÜ,1,1,True,0,Agriculture/Environment,
buyer,TARIM İŞLETMELERİ GENEL MÜDÜRLÜĞÜ(TIGEM) Merkez,7,7,True,24,Agriculture/Environment,
buyer,TARSUS BELEDİYESİ SU VE KANALİZASYON İŞLERİ MÜDÜRLÜĞÜ,1,1,True,31,Municipal/Local,
buyer,TATVAN BELEDİYESİ BAŞKANLIK MAKAMI,1,1,False,-1,Municipal/Local,
buyer,TAVŞANLI BELEDİYESİ İMAR İŞLERİ MÜDÜRLÜĞÜ,3,3,True,33,Municipal/Local,
buyer,TC Sağlık Bakanlığı Muğla Eğitim ve Araştırma Hastanesi SAĞLIK BAKANLIĞI BAKAN YARDIMCILIKLARI,1,1,True,18,Health,
buyer,TCDD TEKNİK MÜHENDİSLİK VE MÜŞAVİRLİK ANONİM ŞİRKETİ,3,3,True,11,Infrastructure/Transport,
buyer,TEDAŞ Genel Müdürlüğü,22,30,True,0,Infrastructure/Transport,
buyer,TEKKEKÖY BELDİYESİ DESTEK HİZMETLER MÜDÜRLÜĞÜ,1,1,True,3,Other public,
buyer,TEKNOLOJİ VE YENİLİK DESTEK PROGRAMLARI BAŞKANLIĞI DİĞER ÖZEL BÜTÇELİ KURULUŞLAR TÜRKİYE BİLİMSEL VE TEKNOLOJİK ARAŞTIRMA KURUMU,1,2,True,21,Other public,
buyer,TEKİRDAĞ BÜYÜKŞEHİR BELEDİYESİ TEKİRDAĞ BÜYÜKŞEHİR BELEDİYE BAŞKANLIĞI,3,3,True,2,Municipal/Local,
buyer,TEKİRDAĞ İL ÖZEL İDARESİ AFET VE ACİL DURUM MÜDÜRLÜĞÜ,1,1,True,20,Provincial admin,
buyer,TELİF HAKLARI GENEL MÜDÜRLÜĞÜ KÜLTÜR VE TURİZM BAKANLIĞI BAKAN YARDIMCILIKLARI,2,2,True,3,Other public,
buyer,TEPEBAŞI BELEDİYESİ DESTEK HİZMETLER MÜDÜRLÜĞÜ,1,1,True,5,Municipal/Local,
buyer,TERMAL BELEDİYESİ,1,1,True,31,Municipal/Local,
buyer,TERME BELEDİYE BAŞKANLIĞI,1,2,True,6,Municipal/Local,
buyer,TIP FAKÜLTESİ HASTANESİ BAŞHEKİMLİĞİ | TRABZON,2,2,True,1,Health,
buyer,TIP FAKÜLTESİ HASTANESİ BAŞHEKİMLİĞİ | ŞANLIURFA,1,1,True,1,Health,
buyer,TOKAT BELEDİYE BAŞKANLIĞI,3,3,True,8,Municipal/Local,
buyer,TOKAT İL SAĞLIK MÜDÜRLÜĞÜ,1,1,True,1,Health,
buyer,TOPLU KONUT İDARESİ BAŞKANLIĞI,1,1,True,35,Agriculture/Environment,
buyer,TOPRAK MAHSULLERİ OFİSİ GENEL MÜDÜRLÜĞÜ - SATIN ALMA VE İHALE ŞUBE MÜDÜRLÜĞÜ,2,2,True,0,Other public,
buyer,TOPRAK MAHSULLERİ OFİSİ GENEL MÜDÜRLÜĞÜ(TMO) Destek Hizmetleri Dairesi Başkanlığı,5,5,True,0,Other public,
buyer,TOPRAK MAHSULLERİ OFİSİ GENEL MÜDÜRLÜĞÜ(TMO) Teknik İşler Dairesi Başkanlığı,8,10,True,2,Other public,
buyer,TOPRAKLIK AĞIZ VE DİŞ SAĞLIĞI MERKEZİ BAŞHEKİMLİĞİ,1,1,True,15,Other public,
buyer,TORBALI BELEDİYESİ,5,6,True,6,Municipal/Local,
buyer,TOROSLAR BELEDİYESİ FEN İŞLERİ MÜDÜRLÜĞÜ,3,3,True,5,Municipal/Local,
buyer,TOSYA BELEDİYESİ SU VE KANALİZASYON İŞLERİ,1,1,False,-1,Municipal/Local,
buyer,TP Petrol Dağıtım Anonim Şirketi,2,2,True,4,Other public,
buyer,TRABZON BELEDİYESİ Destek Hizmetleri Müdürlüğü Satınalma Şefliği,3,3,True,20,Municipal/Local,
buyer,TRABZON BÜYÜKŞEHİR BELEDİYE BAŞKANLIĞI,3,3,True,6,Municipal/Local,
buyer,TRABZON BÜYÜKŞEHİR BELEDİYESİ BİLGİ İŞLEM DAİRE BAŞKANLIĞI,4,4,True,13,Municipal/Local,
buyer,TRABZON BÜYÜKŞEHİR BELEDİYESİ DESTEK HİZMETLERİ DAİRESİ BAŞKANLIĞI,13,13,True,5,Municipal/Local,
buyer,TRABZON NUMUNE EĞİTİM VE ARAŞTIRMA HASTANESİ SAĞLIK BAKANLIĞI BAKAN YARDIMCILIKLARI,1,1,True,23,Health,
buyer,TRABZON ULAŞIM PROJE TURİZM İNŞAAT TAAHHÜT MÜŞAVİRLİK HİZMETLERİ TELEKOMİNİKASYON SANAYİ VE TİCARET ANONİM ŞİRKETİ,1,1,True,35,Infrastructure/Transport,
buyer,TRABZON İL SAĞLIK MÜDÜRLÜĞÜ,1,1,True,1,Health,
buyer,TUNCELİ BELEDİYESİ,1,1,True,7,Municipal/Local,
buyer,"TUNCELİ ÇEVRE, ŞEHİRCİLİK VE İKLİM DEĞİŞİKLİĞİ İL MÜDÜRLÜĞÜ ÇEVRE, ŞEHİRCİLİK VE İKLİM DEĞİŞİKLİĞİ BAKANLIĞI BAKAN YARDIMCILIKLARI",1,1,True,16,Agriculture/Environment,
buyer,TUNCELİ İL SAĞLIK MÜDÜRLÜĞÜ,1,1,True,10,Health,
buyer,TURGUTLU BELEDİYESİ BİLGİİŞLEM MÜDÜRLÜĞÜ,3,3,True,3,Municipal/Local,
buyer,TURGUTLU BELEDİYESİ İNSAN KAYNAKLARI VE EĞİTİM MÜDÜRLÜĞÜ,1,1,False,-1,Municipal/Local,
buyer,TURHAL BELEDİYESİ DESTEK HİZMETLERİ MÜDÜRLÜĞÜ,2,2,True,19,Municipal/Local,
buyer,TURKISH PETROLEUM INTERNATIONAL ANONİM ŞİRKETİ,3,3,True,19,Other public,
buyer,TUZLA BELEDİYESİ DESTEK HİZMETLERİ MÜDÜRLÜĞÜ,16,25,True,32,Municipal/Local,
buyer,TUŞBA BELEDİYESİ Destek Hizmetleri Müdürülüğü,1,1,True,6,Municipal/Local,
buyer,Taksim Hastanesi-İstanbul SAĞLIK BAKANLIĞI BAKAN YARDIMCILIKLARI,2,10,True,1,Health,
buyer,Tarım Reformu Genel Müdürlüğü TARIM VE ORMAN BAKANLIĞI BAKAN YARDIMCILIKLARI,11,19,True,0,Agriculture/Environment,
buyer,Tarım ve Köyişleri Bakanlığı İstanbul İl Müdürlüğü (Tek.Zir.Müd.) Döner Sermaye İşletmesi,1,1,False,-1,Agriculture/Environment,
buyer,Tarım ve Kırsal Kalkınmayı Destekleme Kurumu BİLGİ SİSTEMLERİ KOORDİNATÖRLÜĞÜ,7,11,True,2,Agriculture/Environment,
buyer,Tarım ve Kırsal Kalkınmayı Destekleme Kurumu Personel İşleri Koordinatörlüğü,1,2,True,2,Agriculture/Environment,
buyer,Tarım ve Orman Bakanlığı BİLECİK DKMP İl Şube Müdürlüğü Döner Sermaye İşletmesi,1,1,False,-1,Agriculture/Environment,
buyer,Tarım ve Orman Bakanlığı Gıda Ve Kontrol Genel Müdürlüğü TARIM VE ORMAN BAKANLIĞI BAKAN YARDIMCILIKLARI,1,1,True,0,Agriculture/Environment,
buyer,Tarım ve Orman Bakanlığı Uludağ Milli Park Müd. Döner Sermaye İşletmesi,3,3,False,-1,Agriculture/Environment,
buyer,Tarım ve Orman Bakanlığı YALOVA DKMP İl Şube Müdürlüğü Döner Sermaye İşletmesi,1,1,True,25,Agriculture/Environment,
buyer,Tarım ve Orman Bakanlığı İSTANBUL DKMP İl Şube Müdürlüğü Döner Sermaye İşletmesi,1,1,False,-1,Agriculture/Environment,
buyer,Tarım ve Orman Bakanlığı İl Müdürlüğü TARIM VE ORMAN BAKANLIĞI BAKAN YARDIMCILIKLARI | HAKKARİ,1,1,True,20,Agriculture/Environment,
buyer,Tarım ve Orman Bakanlığı İl Müdürlüğü TARIM VE ORMAN BAKANLIĞI BAKAN YARDIMCILIKLARI | HATAY,1,1,True,8,Agriculture/Environment,
buyer,Tarım ve Orman Bakanlığı İl Müdürlüğü TARIM VE ORMAN BAKANLIĞI BAKAN YARDIMCILIKLARI | ÇANKIRI,1,2,False,-1,Agriculture/Environment,
buyer,Tekirdağ Su ve Kanalizasyon İdaresi Genel Müdürlüğü DESTEK HİZMETLERİ DAİRE BAŞKANLIĞI,2,2,True,33,Infrastructure/Transport,
buyer,Tekirdağ Valiliği (YİKOB-maas için) İÇİŞLERİ BAKANLIĞI BAKAN YARDIMCILIĞI,1,1,False,-1,Security/Interior,
buyer,Tekirdağ İl Emniyet Müdürlüğü İÇİŞLERİ BAKANLIĞI EMNİYET GENEL MÜDÜRLÜĞÜ,1,1,True,27,Security/Interior,
buyer,Teknik Uygulama Daire Başkanlığı CUMHURBAŞKANLIĞI MİLLİ SARAYLAR İDARESİ BAŞKANLIĞI,7,9,True,0,Other public,
buyer,Tirebolu İlçe Milli Eğitim Müdürlüğü- MİLLİ EĞİTİM BAKANLIĞI BAKAN YARDIMCILIKLARI,1,1,True,23,Education,
buyer,Tokat  Özel İdaresi Destek Hizmetleri Müdürlüğü,4,4,True,5,Other public,
buyer,Tokat Bilgi İşlem Daire Başkanlığı YÜKSEKÖĞRETİM KURUMLARI TOKAT GAZİOSMANPAŞA ÜNİVERSİTESİ,3,5,True,27,Education,
buyer,Tokat DKMP İl Şube Müdürlüğü TARIM VE ORMAN BAKANLIĞI BAKAN YARDIMCILIKLARI,1,1,False,-1,Agriculture/Environment,
buyer,Tokat Halk Sağlığı Müdürlüğü SAĞLIK BAKANLIĞI TÜRKİYE HALK SAĞLIĞI KURUMU,1,2,True,1,Health,
buyer,Trabzon Halk Sağlığı Müdürlüğü SAĞLIK BAKANLIĞI TÜRKİYE HALK SAĞLIĞI KURUMU,2,3,True,1,Health,
buyer,Trabzon Kamu Hastane Birliği SAĞLIK BAKANLIĞI TÜRKİYE KAMU HASTANELERİ KURUMU,1,4,True,1,Health,
buyer,Trabzon Valiliği (YİKOB-maas için) İÇİŞLERİ BAKANLIĞI BAKAN YARDIMCILIĞI,3,4,True,20,Security/Interior,
buyer,Trabzon Yavuz Selim Kemik Hastanesi SAĞLIK BAKANLIĞI BAKAN YARDIMCILIKLARI,1,1,True,1,Health,
buyer,Trabzon İl Milli Eğitim Müdürlüğü-Genel Ortaöğretim Okulları MİLLİ EĞİTİM BAKANLIĞI BAKAN YARDIMCILIKLARI,1,1,False,-1,Education,
buyer,Trabzon İçmesuyu ve Kanalizasyon İdaresi Genel Müdürlüğü,5,6,True,5,Other public,
buyer,Tunceli Valiliği İÇİŞLERİ BAKANLIĞI BAKAN YARDIMCILIĞI,1,1,False,-1,Security/Interior,
buyer,Tunceli Özel İdaresi Yatırım İnşaat Müdürlüğü,2,2,False,-1,Other public,
buyer,TÜBİTAK BİLİM İNSANI DESTEK PROGRAMLARI BAŞKANLIĞI DİĞER ÖZEL BÜTÇELİ KURULUŞLAR TÜRKİYE BİLİMSEL VE TEKNOLOJİK ARAŞTIRMA KURUMU,1,1,False,-1,Other public,
buyer,TÜRK DİL KURUMU BAŞKANLIĞI HİZMET BİRİMLERİ DİĞER ÖZEL BÜTÇELİ KURULUŞLAR TÜRK DİL KURUMU,1,1,True,2,Other public,
buyer,TÜRK STANDARDLARI ENSTİTÜSÜ ULUSLARARASI UYGUNLUK DEĞERLENDİRME SERVİSİ A.Ş.,1,1,True,6,Other public,
buyer,TÜRK TARİH KURUMU BAŞKANLIĞI HİZMET BİRİMLERİ DİĞER ÖZEL BÜTÇELİ KURULUŞLAR TÜRK TARİH KURUMU,1,1,True,28,Other public,
buyer,TÜRKİYE BÜYÜK MİLLET MECLİSİ BAŞKANLIĞI KAMU DENETÇİLİĞİ KURUMU GENEL SEKRETERLİK DİĞER ÖZEL BÜTÇELİ KURULUŞLAR KAMU DENETÇİLİĞİ KURUMU,1,1,True,0,Other public,
buyer,TÜRKİYE BÜYÜK MİLLET MECLİSİ GENEL SEKRETERLİK Satın Alma Komisyonu Başkanlığı,2,2,True,11,Other public,
buyer,TÜRKİYE CUMHURİYETİ DEVLET DEMİRYOLLARI TAŞIMACILIK A.Ş. GENEL MÜDÜRLÜĞÜ ADANA BÖLGE MÜD.,2,2,False,-1,Infrastructure/Transport,
buyer,TÜRKİYE CUMHURİYETİ DEVLET DEMİRYOLLARI TAŞIMACILIK ANONİM ŞİRKETİ GENEL MÜDÜRLÜĞÜ,8,8,True,11,Infrastructure/Transport,
buyer,TÜRKİYE ELEKTRİK DAĞITIM ANONİM ŞİRKETİ GENEL MÜDÜRLÜĞÜ,1,1,True,0,Infrastructure/Transport,
buyer,TÜRKİYE ELEKTRİK İLETİM A.Ş GENEL MÜDÜRLÜĞÜ(TEİAŞ) Merkez,13,18,True,35,Infrastructure/Transport,
buyer,TÜRKİYE ELEKTRİK İLETİM A.Ş GENEL MÜDÜRLÜĞÜ(TEİAŞ) Ticaret Dairesi Başkanlığı,4,4,True,35,Infrastructure/Transport,
buyer,TÜRKİYE ELEKTRİK İLETİM ANONİM ŞİRKETİ GENEL MÜDÜRLÜĞÜ,4,4,True,35,Infrastructure/Transport,
buyer,TÜRKİYE KALKINMA VE YATIRIM BANKASI ANONİM ŞİRKETİ,3,3,True,0,Social/Finance,
buyer,TÜRKİYE KÖMÜR İŞLETMELERİ KURUMU GENEL MÜDÜRLÜĞÜ - SATIN ALMA DAİRESİ BAŞKANLIĞI,2,2,False,-1,Other public,
buyer,TÜRKİYE KÖMÜR İŞLETMELERİ KURUMU GENEL MÜDÜRLÜĞÜ(TKİ) GARP LİNYİTLERİ İŞLETMESİ MÜDÜRLÜĞÜ,1,1,False,-1,Other public,
buyer,TÜRKİYE KÖMÜR İŞLETMELERİ KURUMU GENEL MÜDÜRLÜĞÜ(TKİ) Satınalma Daire Başkanlığı,11,14,True,39,Other public,
buyer,TÜRKİYE PETROLLERİ ANONİM ORTAKLIĞI GENEL MÜDÜRLÜĞÜ,1,1,True,0,Other public,
buyer,TÜRKİYE PETROLLERİ ANONİM ORTAKLIĞI GENEL MÜDÜRLÜĞÜ(TPAO) BİLGİ TEKNOLOJİLERİ DAİRE BAŞKANLIĞI,3,3,True,0,Other public,
buyer,TÜRKİYE PETROLLERİ ANONİM ORTAKLIĞI GENEL MÜDÜRLÜĞÜ(TPAO) Tedarik ve Lojistik Daire Başkanlığı,8,9,True,0,Other public,
buyer,TÜRKİYE RAYLI SİSTEM ARAÇLARI SANAYİİ ANONİM ŞİRKETİ (TÜRASAŞ) Eskişehir Bölge Müdürlüğü,4,5,True,8,Other public,
buyer,TÜRKİYE RAYLI SİSTEM ARAÇLARI SANAYİİ ANONİM ŞİRKETİ (TÜRASAŞ) Sakarya Bölge Müdürlüğü,5,5,True,11,Other public,
buyer,TÜRKİYE RAYLI SİSTEM ARAÇLARI SANAYİİ ANONİM ŞİRKETİ (TÜRASAŞ) Satın Alma Daire Başkanlığı,2,2,False,-1,Other public,
buyer,TÜRKİYE RAYLI SİSTEM ARAÇLARI SANAYİİ ANONİM ŞİRKETİ (TÜRASAŞ) Sivas Bölge Müdürlüğü,2,2,True,35,Other public,
buyer,TÜRKİYE SU ENSTİTÜSÜ BAŞKANLIĞI,1,1,True,4,Other public,
buyer,TÜRKİYE TAŞ KÖMÜRÜ KURUMU GENEL MÜDÜRLÜĞÜ(TTK) Satınalma Dairesi Başkanlığı,4,7,True,16,Other public,
buyer,TÜRKİYE İSTATİSTİK KURUMU BAŞKANLIĞI - DESTEK HİZMETLERİ DAİRE BAŞKANLIĞI,1,1,False,-1,Other public,
buyer,TÜRKİYE İŞ KURUMU DESTEK HİZMETLERİ DAİRESİ BAŞKANLIĞI,10,14,True,9,Social/Finance,
buyer,Türkiye Belediyeler Birliği,5,6,True,0,Municipal/Local,
buyer,Türkiye Radyo ve Televizyon Kurumu Genel Müdürlüğü SATINALMA DAİRESİ BAŞKANLIĞI,8,9,True,2,Other public,
buyer,Türkiye Uzay Ajansı Başkanlığı DİĞER ÖZEL BÜTÇELİ KURULUŞLAR TÜRKİYE UZAY AJANSI BAŞKANLIĞI,1,1,False,-1,Other public,
buyer,Türkiye İhracat Kredi Bankası A.Ş.,17,20,True,33,Social/Finance,
buyer,Türkiye Şeker Fabrikaları A.Ş. Genel Müdürlüğü,17,45,True,0,Agriculture/Environment,
buyer,Türkiye Şeker Fabrikaları A.Ş. Şeker Enstitüsü Müdürlüğü,1,1,False,-1,Agriculture/Environment,
buyer,Türkçe ve Yabancı Dil Araştırma ve Uyg. Merkezi YÜKSEKÖĞRETİM KURUMLARI ANKARA ÜNİVERSİTESİ,1,1,True,34,Education,
buyer,Tıp Fakültesi Araştırma ve Uygulama Hastanesi YÜKSEKÖĞRETİM KURUMLARI MERSİN ÜNİVERSİTESİ,3,3,True,1,Health,
buyer,Tıp Fakültesi Dekanlığı YÜKSEKÖĞRETİM KURUMLARI ERZİNCAN BİNALİ YILDIRIM ÜNİVERSİTESİ,1,2,False,-1,Health,
buyer,Tıp Fakültesi YÜKSEKÖĞRETİM KURUMLARI ANKARA ÜNİVERSİTESİ,1,1,True,9,Health,
buyer,Tıp Fakültesi YÜKSEKÖĞRETİM KURUMLARI DİCLE ÜNİVERSİTESİ,3,7,True,26,Health,
buyer,Tıp Fakültesi YÜKSEKÖĞRETİM KURUMLARI ESKİŞEHİR OSMANGAZİ ÜNİVERSİTESİ,1,1,False,-1,Health,
buyer,Tıp Fakültesi YÜKSEKÖĞRETİM KURUMLARI ONDOKUZ MAYIS ÜNİVERSİTESİ,4,5,True,19,Health,
buyer,ULAŞIMPARK ULAŞTIRMA HİZMETLERİ TİCARET ANONİM ŞİRKETİ,5,6,True,4,Infrastructure/Transport,
buyer,ULAŞTIRMA BAKANLIĞI DENİZCİLİK MÜSTEŞARLIĞI Muhabere ve Elektronik Dairesi Başkanlığı,1,1,True,27,Infrastructure/Transport,
buyer,ULAŞTIRMA BAKANLIĞI Haberleşme Genel Müdürlüğü,1,1,True,27,Infrastructure/Transport,
buyer,ULAŞTIRMA BAKANLIĞI Strateji Geliştirme Daire Başkanlığı,1,1,True,24,Infrastructure/Transport,
buyer,ULUSAL AKADEMİK AĞ VE BİLGİ MERKEZİ DİĞER ÖZEL BÜTÇELİ KURULUŞLAR TÜRKİYE BİLİMSEL VE TEKNOLOJİK ARAŞTIRMA KURUMU,1,1,True,9,Other public,
buyer,URLA BELEDİYESİ İMAR VE ŞEHİRCİLİK MÜDÜRLÜĞÜ,1,1,True,20,Municipal/Local,
buyer,UYGULAMA VE VERİ YÖNETİMİ DAİRE BAŞKANLIĞI II HAZİNE VE MALİYE BAKANLIĞI GELİR İDARESİ BAŞKANLIĞI,1,1,True,11,Social/Finance,
buyer,Ulucanlar Göz Hastanesi SAĞLIK BAKANLIĞI BAKAN YARDIMCILIKLARI,1,2,False,-1,Health,
buyer,Ulucanlar Göz Hastanesi-Ankara SAĞLIK BAKANLIĞI BAKAN YARDIMCILIKLARI,1,3,True,12,Health,
buyer,Ulucanlar Göz Hastanesi-Ankara SAĞLIK BAKANLIĞI TÜRKİYE KAMU HASTANELERİ KURUMU,2,2,True,12,Health,
buyer,Uygulama Araştırma Merkezi YÜKSEKÖĞRETİM KURUMLARI SİVAS CUMHURİYET ÜNİVERSİTESİ,4,7,True,12,Education,
buyer,Uygulama ve Araştırma Hastanesi YÜKSEKÖĞRETİM KURUMLARI AFYON KOCATEPE ÜNİVERSİTESİ,1,1,True,9,Health,
buyer,Uygulama ve Araştırma Hastanesi YÜKSEKÖĞRETİM KURUMLARI AFYONKARAHİSAR SAĞLIK BİLİMLERİ ÜNİVERSİTESİ,2,6,True,17,Health,
buyer,Uygulama ve Araştırma Hastanesi YÜKSEKÖĞRETİM KURUMLARI AKDENİZ ÜNİVERSİTESİ,3,3,True,9,Health,
buyer,Uygulama ve Araştırma Hastanesi YÜKSEKÖĞRETİM KURUMLARI AYDIN ADNAN MENDERES ÜNİVERSİTESİ,3,3,True,22,Health,
buyer,Uygulama ve Araştırma Hastanesi YÜKSEKÖĞRETİM KURUMLARI BALIKESİR ÜNİVERSİTESİ,5,6,True,22,Health,
buyer,Uygulama ve Araştırma Hastanesi YÜKSEKÖĞRETİM KURUMLARI DOKUZ EYLÜL ÜNİVERSİTESİ,2,3,True,15,Health,
buyer,Uygulama ve Araştırma Hastanesi YÜKSEKÖĞRETİM KURUMLARI DÜZCE ÜNİVERSİTESİ,2,2,True,9,Health,
buyer,Uygulama ve Araştırma Hastanesi YÜKSEKÖĞRETİM KURUMLARI DİCLE ÜNİVERSİTESİ,1,1,True,26,Health,
buyer,Uygulama ve Araştırma Hastanesi YÜKSEKÖĞRETİM KURUMLARI EGE ÜNİVERSİTESİ,5,19,True,8,Health,
buyer,Uygulama ve Araştırma Hastanesi YÜKSEKÖĞRETİM KURUMLARI FIRAT ÜNİVERSİTESİ,4,4,True,13,Health,
buyer,Uygulama ve Araştırma Hastanesi YÜKSEKÖĞRETİM KURUMLARI GAZİ ÜNİVERSİTESİ,2,4,True,9,Health,
buyer,Uygulama ve Araştırma Hastanesi YÜKSEKÖĞRETİM KURUMLARI HATAY MUSTAFA KEMAL ÜNİVERSİTESİ,1,1,False,-1,Health,
buyer,Uygulama ve Araştırma Hastanesi YÜKSEKÖĞRETİM KURUMLARI KOCAELİ ÜNİVERSİTESİ,3,11,True,32,Health,
buyer,Uygulama ve Araştırma Hastanesi YÜKSEKÖĞRETİM KURUMLARI TEKİRDAĞ NAMIK KEMAL ÜNİVERSİTESİ,2,2,True,12,Health,
buyer,Uygulama ve Araştırma Hastanesi YÜKSEKÖĞRETİM KURUMLARI ÇUKUROVA ÜNİVERSİTESİ,1,1,True,22,Health,
buyer,Uygulama ve Araştırma Merkezi YÜKSEKÖĞRETİM KURUMLARI KARADENİZ TEKNİK ÜNİVERSİTESİ,2,2,True,9,Education,
buyer,Uygulama ve Araştırma Merkezi YÜKSEKÖĞRETİM KURUMLARI PAMUKKALE ÜNİVERSİTESİ,1,4,True,26,Education,
buyer,Uzaktan Eğitim Uygulama ve Araştırma Merkezi  YÜKSEKÖĞRETİM KURUMLARI TRABZON ÜNİVERSİTESİ,1,1,False,-1,Education,
buyer,Uzaktan Eğitim Uygulama ve Araştırma Merkezi YÜKSEKÖĞRETİM KURUMLARI AMASYA ÜNİVERSİTESİ,4,6,True,11,Education,
buyer,Uzaktan Eğitim Uygulama ve Araştırma Merkezi YÜKSEKÖĞRETİM KURUMLARI İSTANBUL ÜNİVERSİTESİ,5,5,True,7,Education,
buyer,UŞAK BELEDİYESİ Ulaşım Hizmetleri Müdürlüğü,1,1,False,-1,Municipal/Local,
buyer,UŞAK İL AFET VE ACİL DURUM MÜDÜRLÜĞÜ,1,1,False,-1,Security/Interior,
buyer,UŞAK İL ÖZEL İDARESİ - DESTEK HİZMETLERİ MÜDÜRLÜĞÜ,2,2,True,11,Provincial admin,
buyer,Uşak Halk Sağlığı Müdürlüğü SAĞLIK BAKANLIĞI TÜRKİYE HALK SAĞLIĞI KURUMU,1,2,True,1,Health,
buyer,Uşak İl Özel İdaresi Destek Hizmetleri Müdürlüğü,4,8,True,29,Provincial admin,
buyer,VAKIFLAR GENEL MÜDÜRLÜĞÜ - BİLGİ İŞLEM DAİRE BAŞKANLIĞI,1,1,True,9,Other public,
buyer,VAN BÜYÜKŞEHİR BELEDİYE BAŞKANLIĞI,2,2,True,6,Municipal/Local,
buyer,VAN BÜYÜKŞEHİR BELEDİYESİ Destek Hizmetleri Daire Başkanlığı,5,5,True,19,Municipal/Local,
buyer,VAN YATIRIM İZLEME VE KOORDİNASYON BAŞKANLIĞI,2,2,True,0,Provincial admin,
buyer,VAN YÜZÜNCÜ YIL ÜNİVERSİTESİ Dursun Odabaş Tıp Merkezi YÜKSEKÖĞRETİM KURUMLARI VAN YÜZÜNCÜ YIL ÜNİVERSİTESİ,5,6,True,22,Health,
buyer,Valilik (YİKOB-maas için) İÇİŞLERİ BAKANLIĞI BAKAN YARDIMCILIĞI,5,5,True,0,Security/Interior,
buyer,Van Su ve Kanalizasyon İdaresi Genel Müdürlüğü Van Su  ve Kanalizasyon İdaresi Genel Müdürlüğü,1,1,True,28,Infrastructure/Transport,
buyer,Vergi Denetim Kurulu Başkanlığı HAZİNE VE MALİYE BAKANLIĞI,1,3,True,0,Social/Finance,
buyer,Verimlilik Genel Müdürlüğü SANAYİ VE TEKNOLOJİ BAKANLIĞI BAKAN YARDIMCILIKLARI,1,1,True,0,Other public,
buyer,VİRANŞEHİR BELEDİYESİ KÜLTÜR VE SANAT MÜDÜRLÜĞÜ,1,1,False,-1,Municipal/Local,
buyer,YABELTAŞ YALOVA İNŞA AT OTO.ULAŞ.ÇEV. REK.TURZ.KÜLT.SA,1,1,True,8,Other public,
buyer,YALIKAVAK BELEDİYESİ FEN İŞLERİ MÜDÜRLÜĞÜ,1,1,False,-1,Municipal/Local,
buyer,YALOVA BELEDİYESİ BİLGİ İŞLEM MÜDÜRLÜĞÜ,6,7,True,16,Municipal/Local,
buyer,YALOVA BELEDİYESİ DESTEK HİZMETLERİ MÜDÜRLÜĞÜ,3,3,True,16,Municipal/Local,
buyer,YALOVA BELEDİYESİ MALİ HİZMETLER MÜDÜRLÜĞÜ,1,1,True,5,Municipal/Local,
buyer,YALOVA BELEDİYESİ İNOVASYON VE TEKNOLOJİ MÜDÜRLÜĞÜ,1,1,True,31,Municipal/Local,
buyer,YALOVA İL SAĞLIK MÜDÜRLÜĞÜ,1,3,True,18,Health,
buyer,YALOVA İl Özel İdaresi Destek Hizmetler Müdürlüğü,3,3,True,33,Provincial admin,
buyer,YALOVA İl Özel İdaresi İmar Ve Kentsel İyileştirme Müdürlüğü,1,1,True,20,Provincial admin,
buyer,YALVAÇ BEL.BAŞK.ESSOM İŞL.,1,1,False,-1,Other public,
buyer,"YAPI İŞLERİ GENEL MÜDÜRLÜĞÜ ÇEVRE, ŞEHİRCİLİK VE İKLİM DEĞİŞİKLİĞİ BAKANLIĞI BAKAN YARDIMCILIKLARI",4,4,True,23,Agriculture/Environment,
buyer,YARGITAY GENEL SEKRETERLİK,1,1,True,0,Justice,
buyer,YATIRIM KOORDİNASYON DAİRESİ BAŞKANLIĞI,1,1,True,9,Other public,
buyer,YATIRIM İZLEME MÜDÜRLÜĞÜ YATIRIM İZLEME VE KOORDİNASYON BAŞKANLIKLARI ADANA YATIRIM İZLEME VE KOORDİNASYON BAŞKANLIĞI,2,2,True,23,Provincial admin,
buyer,YATIRIM İZLEME MÜDÜRLÜĞÜ YATIRIM İZLEME VE KOORDİNASYON BAŞKANLIKLARI ANTALYA YATIRIM İZLEME VE KOORDİNASYON BAŞKANLIĞI,5,5,True,23,Provincial admin,
buyer,YATIRIM İZLEME MÜDÜRLÜĞÜ YATIRIM İZLEME VE KOORDİNASYON BAŞKANLIKLARI AYDIN YATIRIM İZLEME VE KOORDİNASYON BAŞKANLIĞI,1,1,True,33,Provincial admin,
buyer,YATIRIM İZLEME MÜDÜRLÜĞÜ YATIRIM İZLEME VE KOORDİNASYON BAŞKANLIKLARI BURSA YATIRIM İZLEME VE KOORDİNASYON BAŞKANLIĞI,4,4,True,23,Provincial admin,
buyer,YATIRIM İZLEME MÜDÜRLÜĞÜ YATIRIM İZLEME VE KOORDİNASYON BAŞKANLIKLARI DİYARBAKIR YATIRIM İZLEME VE KOORDİNASYON BAŞKANLIĞI,1,1,False,-1,Provincial admin,
buyer,YATIRIM İZLEME MÜDÜRLÜĞÜ YATIRIM İZLEME VE KOORDİNASYON BAŞKANLIKLARI ESKİŞEHİR YATIRIM İZLEME VE KOORDİNASYON BAŞKANLIĞI,1,1,False,-1,Provincial admin,
buyer,YATIRIM İZLEME MÜDÜRLÜĞÜ YATIRIM İZLEME VE KOORDİNASYON BAŞKANLIKLARI KOCAELİ YATIRIM İZLEME VE KOORDİNASYON BAŞKANLIĞI,4,5,True,33,Provincial admin,
buyer,YATIRIM İZLEME MÜDÜRLÜĞÜ YATIRIM İZLEME VE KOORDİNASYON BAŞKANLIKLARI MANİSA YATIRIM İZLEME VE KOORDİNASYON BAŞKANLIĞI,3,5,True,23,Provincial admin,
buyer,YATIRIM İZLEME MÜDÜRLÜĞÜ YATIRIM İZLEME VE KOORDİNASYON BAŞKANLIKLARI MARDİN YATIRIM İZLEME VE KOORDİNASYON BAŞKANLIĞI,1,1,True,32,Provincial admin,
buyer,YATIRIM İZLEME MÜDÜRLÜĞÜ YATIRIM İZLEME VE KOORDİNASYON BAŞKANLIKLARI MERSİN YATIRIM İZLEME VE KOORDİNASYON BAŞKANLIĞI,2,4,True,33,Provincial admin,
buyer,YATIRIM İZLEME MÜDÜRLÜĞÜ YATIRIM İZLEME VE KOORDİNASYON BAŞKANLIKLARI İZMİR YATIRIM İZLEME VE KOORDİNASYON BAŞKANLIĞI,1,1,True,32,Provincial admin,
buyer,YATIRIM İZLEME MÜDÜRLÜĞÜ YATIRIM İZLEME VE KOORDİNASYON BAŞKANLIKLARI ŞANLIURFA YATIRIM İZLEME VE KOORDİNASYON BAŞKANLIĞI,6,15,True,20,Provincial admin,
buyer,YATIRIM İZLEME MÜDÜRLÜĞÜ | SAKARYA,1,1,True,20,Other public,
buyer,YATIRIM İZLEME MÜDÜRLÜĞÜ | ŞANLIURFA,1,2,True,20,Other public,
buyer,YATIRIM İZLEME MÜDÜRLÜĞÜ- VAN  YATIRIM İZLEME VE KOORDİNASYON BAŞKANLIKLARI VAN YATIRIM İZLEME VE KOORDİNASYON BAŞKANLIĞI,1,1,True,32,Provincial admin,
buyer,YAZI İŞLERİ MÜDÜRLÜĞÜ,1,1,False,-1,Other public,
buyer,YENİ ADANA İMAR İNŞ AAT TİCARET A.Ş.,1,1,False,-1,Other public,
buyer,YENİMAHALLE BELEDİYE BAŞKANLIĞI BİLGİ İŞLEM MÜDÜRLÜĞÜ,1,1,False,-1,Municipal/Local,
buyer,YENİMAHALLE BELEDİYESİ Park ve Bahçeler Müdürlüğü,2,2,True,16,Municipal/Local,
buyer,YENİMAHALLE BELEDİYESİ Temizlik İşleri Müdürlüğü,1,1,False,-1,Municipal/Local,
buyer,YENİMAHALLE BELEDİYESİ İMAR VE ŞEHİRCİLİK MÜDÜRLÜĞÜ,1,1,True,0,Municipal/Local,
buyer,YENİMAHALLE BELEDİYESİ İnsan Kaynakları ve Eğitim Müdürlüğü,1,1,False,-1,Municipal/Local,
buyer,YENİŞEHİR BELEDİYESİ FEN İŞLERİ MÜDÜRLÜĞÜ | MERSİN,1,1,True,16,Municipal/Local,
buyer,YERKÖY BELEDİYESİ Fen İşleri Müdürlüğü,1,1,True,31,Municipal/Local,
buyer,YEŞİLYURT BELEDİYE BAŞKANLIĞI,3,3,True,21,Municipal/Local,
buyer,YEŞİLYURT BELEDİYESİ DESTEK HİZMETLERİ MÜDÜRLÜĞÜ,6,6,True,7,Municipal/Local,
buyer,YILDIRIM BELEDİYESİ,6,6,True,6,Municipal/Local,
buyer,YOZGAT BELEDİYESİ Destek Hizmetleri Müdürlüğü,2,3,True,16,Municipal/Local,
buyer,YOZGAT BELEDİYESİ SU VE KANALİZASYON MÜDÜRLÜĞÜ,1,1,False,-1,Municipal/Local,
buyer,YUNTAŞ TAAHHÜT İNŞAAT SANAYİ VE TİCARET ANONİM ŞİRKETİ,1,1,True,8,Other public,
buyer,YUNUSEMRE BELEDİYESİ DESTEK HİZMETLERİ MÜDÜRLÜĞÜ,9,19,True,5,Municipal/Local,
buyer,YURTKUR ANTALYA BÖLGE MÜDÜRLÜĞÜ DİĞER ÖZEL BÜTÇELİ KURULUŞLAR YÜKSEK ÖĞRENİM KREDİ VE YURTLAR KURUMU,1,1,True,22,Other public,
buyer,YURTKUR BOLU BÖLGE MÜDÜRLÜĞÜ DİĞER ÖZEL BÜTÇELİ KURULUŞLAR YÜKSEK ÖĞRENİM KREDİ VE YURTLAR KURUMU,1,1,True,22,Other public,
buyer,YURTKUR EDİRNE BÖLGE MÜDÜRLÜĞÜ DİĞER ÖZEL BÜTÇELİ KURULUŞLAR YÜKSEK ÖĞRENİM KREDİ VE YURTLAR KURUMU,1,1,True,39,Other public,
buyer,YURTKUR ESKİŞEHİR BÖLGE MÜDÜRLÜĞÜ DİĞER ÖZEL BÜTÇELİ KURULUŞLAR YÜKSEK ÖĞRENİM KREDİ VE YURTLAR KURUMU,2,3,True,22,Other public,
buyer,YURTKUR KAYSERİ BÖLGE MÜDÜRLÜĞÜ DİĞER ÖZEL BÜTÇELİ KURULUŞLAR YÜKSEK ÖĞRENİM KREDİ VE YURTLAR KURUMU,1,1,True,22,Other public,
buyer,YURTKUR MALATYA BÖLGE MÜDÜRLÜĞÜ DİĞER ÖZEL BÜTÇELİ KURULUŞLAR YÜKSEK ÖĞRENİM KREDİ VE YURTLAR KURUMU,1,1,True,22,Other public,
buyer,YURTKUR TRABZON BÖLGE MÜDÜRLÜĞÜ DİĞER ÖZEL BÜTÇELİ KURULUŞLAR YÜKSEK ÖĞRENİM KREDİ VE YURTLAR KURUMU,1,1,True,22,Other public,
buyer,YURTKUR ZONGULDAK BÖLGE MÜDÜRLÜĞÜ DİĞER ÖZEL BÜTÇELİ KURULUŞLAR YÜKSEK ÖĞRENİM KREDİ VE YURTLAR KURUMU,1,1,True,39,Other public,
buyer,YURTKUR İZMİR BÖLGE MÜDÜRLÜĞÜ DİĞER ÖZEL BÜTÇELİ KURULUŞLAR YÜKSEK ÖĞRENİM KREDİ VE YURTLAR KURUMU,1,1,True,22,Other public,
buyer,Yalova Atıksu ve Kanalizasyon Alt Yapı Tesislerini İşletme Birliği (Yaski),1,1,True,6,Infrastructure/Transport,
buyer,Yalova DKMP İl Şube Müdürlüğü TARIM VE ORMAN BAKANLIĞI BAKAN YARDIMCILIKLARI,1,1,True,7,Agriculture/Environment,
buyer,Yapı İşleri ve Teknik Daire Başkanlığı  YÜKSEKÖĞRETİM KURUMLARI,1,1,False,-1,Education,
buyer,Yapı İşleri ve Teknik Daire Başkanlığı  YÜKSEKÖĞRETİM KURUMLARI ATATÜRK ÜNİVERSİTESİ,1,1,False,-1,Education,
buyer,Yapı İşleri ve Teknik Daire Başkanlığı YÜKSEKÖĞRETİM KURUMLARI ERCİYES ÜNİVERSİTESİ,1,1,False,-1,Education,
buyer,Yatırım ve Emlak Daire Başkanlığı DİĞER ÖZEL BÜTÇELİ KURULUŞLAR VAKIFLAR GENEL MÜDÜRLÜĞÜ,1,4,True,9,Other public,
buyer,Yazma ve Nadir Eserleri Dairesi Başkanlığı DİĞER ÖZEL BÜTÇELİ KURULUŞLAR TÜRKİYE YAZMA ESERLER KURUMU BAŞKANLIĞI,1,1,True,28,Other public,
buyer,Yenilenebilir Enerji Genel Müdürlüğü ENERJİ VE TABİİ KAYNAKLAR BAKANLIĞI BAKAN YARDIMCILIKLARI,1,1,False,-1,Infrastructure/Transport,
buyer,Yenilik ve Eğitim Teknolojileri Genel Müdürlüğü MİLLİ EĞİTİM BAKANLIĞI BAKAN YARDIMCILIKLARI,1,1,False,-1,Education,
buyer,Yozgat Adliyesi ADALET BAKANLIĞI BAKAN YARDIMCILIKLARI,2,2,False,-1,Justice,
buyer,Yozgat Anadolu Ticaret Meslek Lisesi MİLLİ EĞİTİM BAKANLIĞI BAKAN YARDIMCILIKLARI,1,1,False,-1,Education,
buyer,Yozgat Devlet Hastanesi - SAĞLIK BAKANLIĞI BAKAN YARDIMCILIKLARI,1,1,True,17,Health,
buyer,Yozgat Halk Sağlığı Müdürlüğü SAĞLIK BAKANLIĞI TÜRKİYE HALK SAĞLIĞI KURUMU,2,3,True,1,Health,
buyer,Yozgat Kamu Hastane Birliği SAĞLIK BAKANLIĞI TÜRKİYE KAMU HASTANELERİ KURUMU,1,1,False,-1,Health,
buyer,Yozgat İl Sağlık Müdürlüğü SAĞLIK BAKANLIĞI BAKAN YARDIMCILIKLARI,2,3,True,1,Health,
buyer,Yozgat İl Özel İdaresi Genel Sekreterliği,2,2,True,31,Provincial admin,
buyer,YÖNETİM HİZMETLERİ GENEL MÜDÜRLÜĞÜ CUMHURBAŞKANLIĞI STRATEJİ VE BÜTÇE BAŞKANLIĞI,6,9,True,0,Other public,
buyer,YÖNETİM HİZMETLERİ VE FİNANS DİREKTÖRLÜĞÜ,1,1,True,35,Education,
buyer,YÜKSEKÖĞRETİM KURULU BAŞKANLIĞI,1,1,False,-1,Education,
buyer,YÜREĞİR BELEDİYESİ DESTEK HİZMETLERİ MÜDÜRLÜĞÜ,5,5,True,6,Municipal/Local,
buyer,YÜREĞİR BELEDİYESİ TEMİZLİK İŞLERİ MÜDÜRLÜĞÜ,1,1,True,7,Municipal/Local,
buyer,Yönetim Hizmetleri Daire Başkanlığı DİĞER ÖZEL BÜTÇELİ KURULUŞLAR TÜRKİYE SAĞLIK ENSTİTÜLERİ BAŞKANLIĞI,4,6,True,22,Health,
buyer,Yönetim Hizmetleri Dairesi Başkanlığı DIŞİŞLERİ BAKANLIĞI AVRUPA BİRLİĞİ BAŞKANLIĞI,4,5,True,0,Other public,
buyer,Yönetim Hizmetleri Dairesi Başkanlığı DÜZENLEYİCİ VE DENETLEYİCİ KURUMLAR REKABET KURUMU,6,8,True,37,Other public,
buyer,Yönetim Hizmetleri Genel Müdürlüğü ENERJİ VE TABİİ KAYNAKLAR BAKANLIĞI BAKAN YARDIMCILIKLARI,3,3,True,24,Infrastructure/Transport,
buyer,Yükseköğretim Kurulu Hizmetleri YÜKSEKÖĞRETİM KURUMLARI YÜKSEKÖĞRETİM KURULU,4,15,True,0,Education,
buyer,ZEYTİNBURNU BELEDİYE BAŞKANLIĞI,1,1,False,-1,Municipal/Local,
buyer,ZEYTİNBURNU BELEDİYESİ,8,13,True,21,Municipal/Local,
buyer,ZONGULDAK BELEDİYESİ BİLGİ İŞLEM MÜDÜRLÜĞÜ,5,5,True,19,Municipal/Local,
buyer,ZONGULDAK İL SAĞLIK MÜDÜRLÜĞÜ,1,1,True,1,Health,
buyer,Zonguldak Devlet Hastanesi -Atatürk SAĞLIK BAKANLIĞI BAKAN YARDIMCILIKLARI,1,1,False,-1,Health,
buyer,Zonguldak Halk Sağlığı Müdürlüğü SAĞLIK BAKANLIĞI TÜRKİYE HALK SAĞLIĞI KURUMU,2,3,False,-1,Health,
buyer,Zonguldak Kadın Doğum ve Çocuk Hastalıkları Hastanesi SAĞLIK BAKANLIĞI BAKAN YARDIMCILIKLARI,1,1,True,2,Health,
buyer,Zonguldak Kamu Hastane Birliği SAĞLIK BAKANLIĞI TÜRKİYE KAMU HASTANELERİ KURUMU,2,2,True,18,Health,
buyer,Zonguldak Uzun Mehmet Göğüs ve Meslek Hastalıkları Hastanesi SAĞLIK BAKANLIĞI BAKAN YARDIMCILIKLARI,1,1,True,12,Health,
buyer,Zonguldak İl Tarım Müdürlüğü (Tek.Zir.Müd.) Döner Sermaye İşletmesi,2,2,False,-1,Agriculture/Environment,
buyer,Zühtiye Sabri Hatipoglu Ağız ve Diş Sağlığı Merkezi-Alanya SAĞLIK BAKANLIĞI TÜRKİYE KAMU HASTANELERİ KURUMU,1,1,True,12,Health,
buyer,ÇALDIRAN BELEDİYESİ,2,2,False,-1,Municipal/Local,
buyer,ÇALIŞMA GENEL MÜDÜRLÜĞÜ,4,6,False,-1,Social/Finance,
buyer,ÇAN BELEDİYESİ MALİ HİZMETLER MÜDÜRLÜĞÜ,1,1,False,-1,Municipal/Local,
buyer,ÇANAKKALE  GENÇLİK VE SPOR İL MÜDÜRLÜĞÜ GENÇLİK VE SPOR İL MÜDÜRLÜKLERİ GENÇLİK VE SPOR İL MÜDÜRLÜĞÜ,1,1,False,-1,Other public,
buyer,ÇANAKKALE BELEDİYE BAŞKANLIĞI - AKILLI ŞEHİR VE KENT BİLGİ SİSTEMLERİ MÜDÜRLÜĞÜ,1,1,True,4,Municipal/Local,
buyer,ÇANAKKALE BELEDİYESİ DESTEK HİZMETLERİ MÜDÜRLÜĞÜ,1,1,False,-1,Municipal/Local,
buyer,ÇANAKKALE BELEDİYESİ KÜLTÜR İŞLERİ MÜDÜRLÜĞÜ,1,1,False,-1,Municipal/Local,
buyer,ÇANAKKALE BELEDİYESİ MALİ HİZMETLER MÜDÜRLÜĞÜ,1,1,True,19,Municipal/Local,
buyer,ÇANAKKALE BELEDİYESİ PARK VE BAHÇELER MÜDÜRLÜĞÜ,1,1,False,-1,Municipal/Local,
buyer,ÇANAKKALE BELEDİYESİ ULAŞIM HİZMETLERİ MÜDÜRLÜĞÜ,2,2,False,-1,Municipal/Local,
buyer,ÇANAKKALE BELEDİYESİ İMAR VE ŞEHİRCİLİK MÜDÜRLÜĞÜ,1,1,True,5,Municipal/Local,
buyer,ÇANAKKALE ORMAN İŞLETME MÜDÜRLÜĞÜ,1,1,False,-1,Agriculture/Environment,
buyer,ÇANAKKALE İl Özel İdaresi ÇANAKKALE İL ÖZEL İDARESİ Destek Hizmetleri Müdürlüğü,1,1,False,-1,Provincial admin,
buyer,ÇANKAYA BELEDİYESİ Basın Yayın ve Halkla İlişkiler Müdürlüğü,1,1,True,33,Municipal/Local,
buyer,ÇANKAYA BELEDİYESİ BİLGİ İŞLEM MÜDÜRLÜĞÜ,10,13,True,0,Municipal/Local,
buyer,ÇANKAYA BELEDİYESİ DESTEK HİZMETLERİ MÜDÜRLÜĞÜ,1,1,False,-1,Municipal/Local,
buyer,ÇANKAYA BELEDİYESİ Mali HİZMETLER MÜDÜRLÜĞÜ,4,4,True,3,Municipal/Local,
buyer,ÇANKIRI BELEDİYE BAŞKANLIĞI - DESTEK HİZMETLERİ MÜDÜRLÜĞÜ,1,1,True,3,Municipal/Local,
buyer,ÇANKIRI BELEDİYESİ DESTEK HİZMETLERİ MÜDÜRLÜĞÜ,3,4,True,6,Municipal/Local,
buyer,ÇANKIRI İL SAĞLIK MÜDÜRLÜĞÜ,1,2,True,1,Health,
buyer,ÇATALCA BELEDİYESİ DESTEK HİZMETLERİ MÜDÜRLÜĞÜ,1,1,True,3,Municipal/Local,
buyer,ÇAY İŞLETMELERİ GENEL MÜDÜRLÜĞÜ(ÇAYKUR) Satınalma Dairesi Başkanlığı,11,14,True,0,Agriculture/Environment,
buyer,ÇAYCUMA BELEDİYESİ BİLGİ İŞLEM MÜDÜRÜLÜĞÜ,1,1,True,3,Municipal/Local,
buyer,ÇAYELİ BELEDİYESİ Fen İşleri Müdürlüğü,1,1,False,-1,Municipal/Local,
buyer,ÇAYIROVA BELEDİYESİ DESTEK HİZMETLERİ MÜDÜRLÜĞÜ,2,4,True,5,Municipal/Local,
buyer,ÇEKMEKÖY BELEDİYE BAŞKANLIĞI - BİLGİ İŞLEM MÜDÜRLÜĞÜ,4,4,True,21,Municipal/Local,
buyer,ÇEKMEKÖY BELEDİYESİ BİLGİ İŞLEM MÜDÜRLÜĞÜ,3,4,True,19,Municipal/Local,
buyer,ÇEKMEKÖY BELEDİYESİ DESTEK HİZMETLERİ MÜDÜRLÜĞÜ,1,1,True,19,Municipal/Local,
buyer,ÇEKMEKÖY BELEDİYESİ FEN İŞLERİ MÜDÜRLÜĞÜ,5,6,True,19,Municipal/Local,
buyer,ÇERKEŞ BELEDİYESİ FEN İŞLERİ MÜDÜRLÜĞÜ,1,1,True,31,Municipal/Local,
buyer,ÇEVRE VE ORMAN BAKANLIĞI Bilgi İşlem Dairesi Başkanlığı,1,1,True,2,Agriculture/Environment,
buyer,ÇEVRE VE ORMAN BAKANLIĞI Teknoloji Dairesi Başkanlığı,1,1,True,2,Agriculture/Environment,
buyer,ÇEVRE VE ŞEHİRCİLİK BAKANLIĞI Teknik Araştırma ve Uygulama Genel Müdürlüğü,1,1,True,2,Agriculture/Environment,
buyer,"ÇEVRE YÖNETİMİ GEN. MÜD. ÇEVRE, ŞEHİRCİLİK VE İKLİM DEĞİŞİKLİĞİ BAKANLIĞI BAKAN YARDIMCILIKLARI",2,2,True,13,Agriculture/Environment,
buyer,"ÇEVRE, ŞEHİRCİLİK VE İKLİM DEĞİŞİKLİĞİ BAKANLIĞI STRATEJİ GELİŞTİRME BAŞKANLIĞI ÇEVRE, ŞEHİRCİLİK VE İKLİM DEĞİŞİKLİĞİ BAKANLIĞI BAKAN YARDIMCILIKLARI",4,4,True,37,Agriculture/Environment,
buyer,"ÇEVRE, ŞEHİRCİLİK VE İKLİM DEĞİŞİKLİĞİ BAKANLIĞI Türkiye Çevre Ajansı Başkanlığı",2,2,False,-1,Agriculture/Environment,
buyer,"ÇEVRESEL ETKİ DEĞERLENDİRMESİ,İZİN VE DENETİM GEN. MÜD. ÇEVRE, ŞEHİRCİLİK VE İKLİM DEĞİŞİKLİĞİ BAKANLIĞI BAKAN YARDIMCILIKLARI",6,13,True,37,Agriculture/Environment,
buyer,ÇEŞME BELEDİYESİ DESTEK HİZMETLERİ MÜDÜRLÜĞÜ,3,7,True,8,Municipal/Local,
buyer,ÇINAR BELEDİYESİ,1,1,True,7,Municipal/Local,
buyer,ÇINARCIK BELEDİYESİ FEN İŞLERİ MÜDÜRLÜĞÜ,1,1,True,31,Municipal/Local,
buyer,ÇINARCIK BELEDİYESİ YAZI İŞLERİ MÜDÜRLÜĞÜ,1,2,True,31,Municipal/Local,
buyer,ÇORLU BELEDİYE BAŞKANLIĞI - FEN İŞLERİ MÜDÜRLÜĞÜ,2,3,True,19,Municipal/Local,
buyer,ÇORLU BELEDİYESİ FEN İŞLERİ MÜDÜRLÜĞÜ,5,6,True,19,Municipal/Local,
buyer,ÇORUM BELEDİYESİ DESTEK HİZMETLERİ MÜDÜRLÜĞÜ,5,5,True,19,Municipal/Local,
buyer,ÇORUM İL SAĞLIK MÜDÜRLÜĞÜ,2,2,True,32,Health,
buyer,ÇUKUROVA BELEDİYESİ BİLGİ İŞLEM MÜDÜRLÜĞÜ,2,2,True,19,Municipal/Local,
buyer,Çanakkale -İl Milli Eğitim Müdürlüğü-Okul Öncesi ve İlköğretim Okulları MİLLİ EĞİTİM BAKANLIĞI BAKAN YARDIMCILIKLARI,1,1,False,-1,Education,
buyer,Çanakkale Asos Truva Turizm Altyapı Birliği,1,1,False,-1,Other public,
buyer,Çanakkale Ağız ve Diş Sağlığı Merkezi- SAĞLIK BAKANLIĞI BAKAN YARDIMCILIKLARI,1,2,True,15,Health,
buyer,Çanakkale Kamu Hastane Birliği SAĞLIK BAKANLIĞI TÜRKİYE KAMU HASTANELERİ KURUMU,2,2,True,15,Health,
buyer,Çanakkale Onarım Destek Komutanlığı MİLLİ SAVUNMA BAKANLIĞI MSB BAĞLILARI,1,1,False,-1,Defence,
buyer,Çanakkale Onsekiz Mart Üniversitesi Hastanesi  YÜKSEKÖĞRETİM KURUMLARI ÇANAKKALE ONSEKİZ MART ÜNİVERSİTESİ,4,4,True,22,Health,
buyer,Çanakkale Özel İdaresi YATIRIM VE İNŞAAT MÜDÜRLÜĞÜ,2,2,False,-1,Other public,
buyer,Çankaya İlçe Milli Eğitim Müdürlüğü- MİLLİ EĞİTİM BAKANLIĞI BAKAN YARDIMCILIKLARI,1,1,False,-1,Education,
buyer,Çankırı İl Milli Eğitim Müdürlüğü- MİLLİ EĞİTİM BAKANLIĞI BAKAN YARDIMCILIKLARI,1,1,False,-1,Education,
buyer,Çatalca İlçe Milli Eğitim Müdürlüğü- MİLLİ EĞİTİM BAKANLIĞI BAKAN YARDIMCILIKLARI,1,1,False,-1,Education,
buyer,Çekmeköy İlçe Milli Eğitim Müdürlüğü- MİLLİ EĞİTİM BAKANLIĞI BAKAN YARDIMCILIKLARI,1,1,True,4,Education,
buyer,Çermik Devlet Hastanesi-Diyarbakır SAĞLIK BAKANLIĞI TÜRKİYE KAMU HASTANELERİ KURUMU,1,1,True,14,Health,
buyer,Çocuk Hastalıkları Hastanesi-Bursa Dörtçelik SAĞLIK BAKANLIĞI BAKAN YARDIMCILIKLARI,1,1,True,11,Health,
buyer,Çocuk Hastalıkları Hastanesi-Diyarbakır SAĞLIK BAKANLIĞI TÜRKİYE KAMU HASTANELERİ KURUMU,1,1,True,1,Health,
buyer,Çok Programlı Anadolu Lisesi-Almus MİLLİ EĞİTİM BAKANLIĞI BAKAN YARDIMCILIKLARI,1,1,False,-1,Education,
buyer,Çok Programlı Anadolu Lisesi-Kiraz MİLLİ EĞİTİM BAKANLIĞI BAKAN YARDIMCILIKLARI,1,1,False,-1,Education,
buyer,Çok Programlı Anadolu Lisesi-ŞEHİT FİKRET METİN ÖZTÜRK MİLLİ EĞİTİM BAKANLIĞI BAKAN YARDIMCILIKLARI,1,1,False,-1,Education,
buyer,Çorum Devlet Hastanesi -Bayat SAĞLIK BAKANLIĞI BAKAN YARDIMCILIKLARI,1,1,True,12,Health,
buyer,Çorum İl Özel İdaresi Plan Proje Yatırım ve İnşaat Müdürlüğü,4,4,True,29,Provincial admin,
buyer,Çorum İl Özel İdaresi İmar ve Kentsel İyileştirme Müdürlüğü,2,2,True,13,Provincial admin,
buyer,ÇÖLLEŞME VE EROZYONLA MÜCADELE GENEL MÜDÜRLÜĞÜ,2,2,True,0,Other public,
buyer,ÇİFTLİKKÖY BELEDİYESİ MALİ HİZMETLER MÜDÜRLÜĞÜ,4,4,True,3,Municipal/Local,
buyer,ÇİLİMLİ BELEDİYESİ MALİ HİZMETLER MÜDÜRLÜĞÜ,1,1,False,-1,Municipal/Local,
buyer,ÇİĞLİ BELEDİYESİ BİLGİ İŞLEM MÜDÜRLÜĞÜ,2,2,True,6,Municipal/Local,
buyer,ÇİĞLİ BELEDİYESİ MALİ HİZMETLER MÜDÜRLÜĞÜ,1,1,True,6,Municipal/Local,
buyer,ÖDEMİŞ BELEDİYESİ YAZI İŞLERİ MÜDÜRLÜĞÜ,1,1,True,6,Municipal/Local,
buyer,Özalp Belediyesi Yazı İşleri Müdürlüğü (Destek Hizmetleri Birimi),1,1,True,7,Municipal/Local,
buyer,Özel Kalem (Genel Sekreterlik) YÜKSEKÖĞRETİM KURUMLARI BAYBURT ÜNİVERSİTESİ,1,1,True,8,Education,
buyer,Özel Kalem (Genel Sekreterlik) YÜKSEKÖĞRETİM KURUMLARI DİCLE ÜNİVERSİTESİ,4,4,True,3,Education,
buyer,Özel Kalem (Genel Sekreterlik) YÜKSEKÖĞRETİM KURUMLARI HACETTEPE ÜNİVERSİTESİ,4,11,True,35,Education,
buyer,Özel Kalem (Genel Sekreterlik) YÜKSEKÖĞRETİM KURUMLARI İSTANBUL TEKNİK ÜNİVERSİTESİ,1,1,False,-1,Education,
buyer,Özel Kalem (Rektörlük) YÜKSEKÖĞRETİM KURUMLARI BURSA TEKNİK ÜNİVERSİTESİ,2,3,True,2,Education,
buyer,Özel Kalem (Rektörlük) YÜKSEKÖĞRETİM KURUMLARI DÜZCE ÜNİVERSİTESİ,4,4,True,9,Education,
buyer,Özel Kalem (Rektörlük) YÜKSEKÖĞRETİM KURUMLARI İSTANBUL MEDENİYET ÜNİVERSİTESİ,1,1,True,15,Education,
buyer,Özel Kalem (Rektörlük) YÜKSEKÖĞRETİM KURUMLARI İSTANBUL TEKNİK ÜNİVERSİTESİ,2,2,True,3,Education,
buyer,Özel Kalem Müdürlüğü DİĞER ÖZEL BÜTÇELİ KURULUŞLAR YURTDIŞI TÜRKLER VE AKRABA TOPLULUKLAR BAŞKANLIĞI,17,20,True,0,Other public,
buyer,ÜMRANİYE BELEDİYESİ BASIN ve YAYIN MÜDÜRLÜĞÜ,1,1,True,0,Municipal/Local,
buyer,ÜMRANİYE BELEDİYESİ BİLGİ İŞLEM MÜDÜRLÜĞÜ,6,7,True,16,Municipal/Local,
buyer,ÜMRANİYE BELEDİYESİ FEN İŞLERİ MÜDÜRLÜĞÜ,1,1,True,2,Municipal/Local,
buyer,ÜMRANİYE BELEDİYESİ HALKLA İLİŞKİLER MÜDÜRLÜĞÜ,1,1,True,16,Municipal/Local,
buyer,ÜMRANİYE BELEDİYESİ KÜLTÜR İŞLERİ MÜDÜRLÜĞÜ,1,1,True,7,Municipal/Local,
buyer,ÜRGÜP BELEDİYESİ MALİ HİZMETLER MÜDÜRLÜĞÜ,1,1,False,-1,Municipal/Local,
buyer,ÜSKÜDAR AHMET YÜKSEL ÖZEMRE AĞIZ VE DİŞ SAĞLIĞI MERKEZİ BAŞHEKİMLİĞİ,1,1,True,10,Other public,
buyer,ÜSKÜDAR BELEDİYE BAŞKANLIĞI,1,1,True,21,Municipal/Local,
buyer,ÜSKÜDAR BELEDİYE BAŞKANLIĞI - İŞLETME MÜDÜRLÜĞÜ,2,3,True,3,Municipal/Local,
buyer,ÜSKÜDAR BELEDİYESİ  Bilgi İşlem Müdürlüğü,3,3,True,23,Municipal/Local,
buyer,ÜSKÜDAR BELEDİYESİ İŞLETME MÜDÜRLÜĞÜ,30,56,True,3,Municipal/Local,
buyer,Üsküdar Kaymakamlığı İÇİŞLERİ BAKANLIĞI BAKAN YARDIMCILIĞI,1,1,False,-1,Security/Interior,
buyer,İ.E.T.T. İŞLETMELERİ GENEL MÜDÜRLÜGÜ,32,43,True,4,Municipal/Local,
buyer,İ.Ü.C. BİLGİ İŞLEM DAİRE BŞK. YÜKSEKÖĞRETİM KURUMLARI İSTANBUL ÜNİVERSİTESİ-CERRAHPAŞA,2,9,True,4,Education,
buyer,İ.Ü.C. REKTÖRLÜĞÜ ÖZEL KALEM YÜKSEKÖĞRETİM KURUMLARI İSTANBUL ÜNİVERSİTESİ-CERRAHPAŞA,1,1,True,22,Education,
buyer,İ.Ü.C. İDARİ VE MALİ İŞLER DAİRE BŞK. YÜKSEKÖĞRETİM KURUMLARI İSTANBUL ÜNİVERSİTESİ-CERRAHPAŞA,1,2,True,2,Education,
buyer,İDARİ HİZMETLER DAİRE BAŞKANLIGI DİĞER ÖZEL BÜTÇELİ KURULUŞLAR TÜRKİYE BİLİMSEL VE TEKNOLOJİK ARAŞTIRMA KURUMU,1,1,False,-1,Other public,
buyer,İDARİ VE MALİ İŞLER DAİRE BAŞKALIĞI DİĞER ÖZEL BÜTÇELİ KURULUŞLAR ÖZELLEŞTİRME İDARESİ BAŞKANLIĞI,4,4,True,0,Other public,
buyer,İDARİ VE MALİ İŞLER DAİRE BAŞKANLIĞI YÜKSEKÖĞRETİM KURUMLARI,5,5,True,11,Education,
buyer,İDARİ VE MALİ İŞLER DAİRE BAŞKANLIĞI YÜKSEKÖĞRETİM KURUMLARI ADANA ALPARSLAN TÜRKEŞ BİLİM VE TEKNOLOJİ ÜNİVERSİTESİ,1,1,True,11,Education,
buyer,İDARİ VE MALİ İŞLER DAİRE BAŞKANLIĞI YÜKSEKÖĞRETİM KURUMLARI AFYONKARAHİSAR SAĞLIK BİLİMLERİ ÜNİVERSİTESİ,2,2,True,8,Health,
buyer,İDARİ VE MALİ İŞLER DAİRE BAŞKANLIĞI YÜKSEKÖĞRETİM KURUMLARI KAHRAMANMARAŞ İSTİKLAL ÜNİVERSİTESİ,1,1,True,11,Education,
buyer,İDARİ VE MALİ İŞLER DAİRE BAŞKANLIĞI YÜKSEKÖĞRETİM KURUMLARI SAKARYA UYGULAMALI BİLİMLER ÜNİVERSİTESİ,6,7,True,7,Education,
buyer,İDARİ VE MALİ İŞLER DAİRE BAŞKANLIĞI | BİLECİK,1,1,False,-1,Other public,
buyer,İDARİ VE MALİ İŞLER DAİRE BAŞKANLIĞI | HAKKARİ,1,1,False,-1,Other public,
buyer,İDARİ VE MALİ İŞLER DAİRE BAŞKANLIĞI | KONYA,1,1,True,7,Other public,
buyer,İDARİ VE MALİ İŞLER DAİRE BAŞKANLIĞI | İSTANBUL,3,3,True,27,Other public,
buyer,"İDARİ VE MALİ İŞLER DAİRESİ B AŞKANLIĞI DİĞER ÖZEL BÜTÇELİ KURULUŞLAR ATATÜRK KÜLTÜR, DİL VE TARİH YÜKSEK KURUMU",1,1,True,0,Other public,
buyer,İDARİ VE MALİ İŞLER DAİRESİ BAŞKANLIĞI DÜZENLEYİCİ VE DENETLEYİCİ KURUMLAR KAMU İHALE KURUMU,4,5,True,2,Other public,
buyer,İDARİ VE MALİ İŞLER DAİRESİ BAŞKANLIĞI DÜZENLEYİCİ VE DENETLEYİCİ KURUMLAR RADYO VE TELEVİZYON ÜST KURULU,3,5,True,37,Other public,
buyer,İDARİ VE MALİ İŞLER DAİRESİ BAŞKANLIĞI DÜZENLEYİCİ VE DENETLEYİCİ KURUMLAR SERMAYE PİYASASI KURULU,5,10,True,2,Other public,
buyer,İDARİ VE MALİ İŞLER DAİRESİ BAŞKANLIĞI DİĞER ÖZEL BÜTÇELİ KURULUŞLAR SAVUNMA SANAYİ BAŞKANLIĞI,2,5,True,35,Defence,
buyer,İDARİ VE MALİ İŞLER KOORDİNATÖRLÜĞÜ DİĞER ÖZEL BÜTÇELİ KURULUŞLAR TÜRKİYE SU ENSTİTÜSÜ,2,2,True,10,Other public,
buyer,İDARİ VE MALİ İŞLER MÜDÜRLÜĞÜ YATIRIM İZLEME VE KOORDİNASYON BAŞKANLIKLARI İSTANBUL YATIRIM İZLEME VE KOORDİNASYON BAŞKANLIĞI,9,22,True,0,Provincial admin,
buyer,İDARİ İŞLER DAİRESİ BAŞKANLIĞI DİĞER ÖZEL BÜTÇELİ KURULUŞLAR YÜKSEK ÖĞRENİM KREDİ VE YURTLAR KURUMU,6,16,True,39,Other public,
buyer,İDARİ İŞLER VE KOORDİNASYON DAİRE BAŞKANLIĞI,1,1,False,-1,Other public,
buyer,İDO İST.DENİZ OTOBÜS LERİ SAN.VE TİC. A.Ş.,2,2,False,-1,Other public,
buyer,İGDAŞ İSTANBUL GAZ DAĞITIM SANAYİ VE TİCARET ANONİM ŞİRKETİ,38,53,True,25,Municipal/Local,
buyer,İHALE BİRİMİ,1,1,False,-1,Other public,
buyer,İHALE İŞLERİ ŞUBE MÜDÜRLÜĞÜ | KOCAELİ,1,1,True,0,Other public,
buyer,İHALE İŞLERİ ŞUBE MÜDÜRLÜĞÜ | TEKİRDAĞ,1,1,True,23,Other public,
buyer,İHALE ŞUBE MÜDÜRLÜĞÜ | KOCAELİ,2,2,True,10,Other public,
buyer,İHALE ŞUBE MÜDÜRLÜĞÜ | MUĞLA,2,2,True,2,Other public,
buyer,İKM.MLY.OK.EĞT.MRK.K. MİLLİ SAVUNMA BAKANLIĞI MSB BAĞLILARI,1,1,False,-1,Defence,
buyer,İLKOKUL ÖĞRETMENLERİ SAĞLIK VE SOSYAL YARDIM SANDIĞI GENEL MÜDÜRLÜĞÜ - İNSAN KAYNAKLARI VE DESTEK HİZMETLERİ MÜDÜRLÜĞÜ,1,1,False,-1,Health,
buyer,İLLER BANKASI ANONİM ŞİRKETİ BİLGİ İŞLEM DAİRESİ BAŞKANLIĞI,1,1,True,13,Social/Finance,
buyer,İLLER BANKASI ANONİM ŞİRKETİ GENEL MÜDÜRLÜĞÜ - YATIRIM KOORDİNASYON DAİRESİ BAŞKANLIĞI,4,4,True,0,Social/Finance,
buyer,İLLER BANKASI ANONİM ŞİRKETİ YATIRIM KOORDİNASYON DAİRESİ BAŞKANLIĞI,17,22,True,0,Social/Finance,
buyer,İNEGÖL BELEDİYESİ DESTEK HİZMETLERİ MÜDÜRLÜĞÜ,4,4,True,31,Municipal/Local,
buyer,İNOVASYON VE TEKNOLOJİ MÜDÜRLÜĞÜ,1,1,False,-1,Other public,
buyer,"İNSAN KAYNAKLARI VE DESTEK HİZMETLERİ DAİRE BAŞKANLIĞI DÜZENLEYİCİ VE DENETLEYİCİ KURUMLAR KAMU GÖZETİMİ, MUHASEBE VE DENETİM STANDARTLARI KURUMU",3,3,True,24,Other public,
buyer,İNSAN KAYNAKLARI VE DESTEK HİZMETLERİ DAİRE BAŞKANLIĞI DÜZENLEYİCİ VE DENETLEYİCİ KURUMLAR TÜTÜN VE ALKOL PİYASASI DÜZENLEME KURUMU,3,3,True,30,Other public,
buyer,İNSAN KAYNAKLARI VE EĞİTİM MÜDÜRLÜĞÜ,1,1,True,7,Other public,
buyer,İNŞAAT VE EMLAK GENEL MÜDÜRLÜĞÜ MİLLİ EĞİTİM BAKANLIĞI BAKAN YARDIMCILIKLARI,4,6,True,3,Education,
buyer,İPEKYOLU BELEDİYESİ DESTEK HİZMETLERİ MÜDÜRLÜĞÜ,1,1,False,-1,Municipal/Local,
buyer,İPSALA BELEDİYESİ MALİ HİZMETLER MÜDÜRLÜĞÜ,1,1,True,6,Municipal/Local,
buyer,İSBAK İSTANBUL BİLİŞİM VE AKILLI KENT TEKNOLOJİLERİ A.Ş.,2,4,False,-1,Municipal/Local,
buyer,İSK.DZ.İK.DST.K.LIĞI MİLLİ SAVUNMA BAKANLIĞI MSB BAĞLILARI,2,2,True,2,Defence,
buyer,İSKENDERUN BELEDİYESİ BİLGİ İŞLEM MÜDÜRLÜĞÜ,1,1,True,7,Municipal/Local,
buyer,İSKENDERUN BELEDİYESİ İMAR VE ŞEHİRCİLİK MÜDÜRLÜĞÜ,1,1,True,6,Municipal/Local,
buyer,İSPARK İSTANBUL OTOP ARK İŞLETMELERİ TİCARET A.Ş.,13,20,True,4,Other public,
buyer,İSPARK İSTANBUL OTOPARK İŞLETMELERİ TİCARET ANONİM ŞİRKETİ GENEL MÜDÜRLÜĞÜ,2,3,True,4,Other public,
buyer,İSPER İSTANBUL PERSONEL YÖNETİM A.Ş.,5,7,True,4,Municipal/Local,
buyer,İSTANBUL ASFALT FABR İKALARI SANAYİ V E TİCARET A.Ş.,7,12,True,4,Other public,
buyer,İSTANBUL AĞAÇ VE PEY EĞİ.HİZ.HAY.BAH. İŞL.SAN.TİC.A.Ş,6,7,True,2,Other public,
buyer,İSTANBUL BAKIRKÖY DR. SADİ KONUK EĞİTİM VE ARAŞTIRMA HASTANESİ BAŞHEKİMLİĞİ,1,2,True,26,Health,
buyer,İSTANBUL BAYRAMPAŞA DEVLET HASTANESİ BAŞHEKİMLİĞİ,3,3,True,17,Health,
buyer,İSTANBUL BAĞCILAR EĞİTİM VE ARAŞTIRMA HASTANESİ BAŞHEKİMLİĞİ,2,2,True,17,Health,
buyer,İSTANBUL BEYLİKDÜZÜ AĞIZ VE DİŞ SAĞLIĞI MERKEZİ BAŞHEKİMLİĞİ,1,1,True,10,Other public,
buyer,İSTANBUL BEYOĞLU GÖZ EĞİTİM VE ARAŞTIRMA HASTANESİ BAŞHEKİMLİĞİ,1,1,True,18,Health,
buyer,İSTANBUL BÜYÜKÇEKMECE MİMAR SİNAN DEVLET HASTANESİ BAŞHEKİMLİĞİ,2,2,True,17,Health,
buyer,İSTANBUL BÜYÜKŞEHİR BELEDİYE BAŞKANLIĞI - EMLAK ŞUBE MÜDÜRLÜĞÜ,1,1,True,5,Municipal/Local,
buyer,İSTANBUL BÜYÜKŞEHİR BELEDİYESİ,12,14,True,4,Municipal/Local,
buyer,İSTANBUL BÜYÜKŞEHİR BELEDİYESİ AB İlişkileri Müdürlüğü,1,1,True,4,Municipal/Local,
buyer,İSTANBUL BÜYÜKŞEHİR BELEDİYESİ AFET KOORDİNASYON MERKEZİ MÜDÜRLÜĞÜ,1,1,True,4,Municipal/Local,
buyer,İSTANBUL BÜYÜKŞEHİR BELEDİYESİ AKILLI ŞEHİR MÜDÜRLÜĞÜ,2,2,True,4,Municipal/Local,
buyer,İSTANBUL BÜYÜKŞEHİR BELEDİYESİ ALTYAPI KOORDİNASYON MÜDÜRLÜĞÜ,1,1,True,4,Municipal/Local,
buyer,İSTANBUL BÜYÜKŞEHİR BELEDİYESİ ANADOLU YAKASI PARK VE BAHÇELER MÜDÜRLÜĞÜ,1,3,False,-1,Municipal/Local,
buyer,İSTANBUL BÜYÜKŞEHİR BELEDİYESİ AVRUPA YAKASI HAL ŞUBE MÜDÜRLÜĞÜ,3,3,True,4,Municipal/Local,
buyer,İSTANBUL BÜYÜKŞEHİR BELEDİYESİ BOĞAZİÇİ İMAR MÜDÜRLÜĞÜ,1,1,False,-1,Municipal/Local,
buyer,İSTANBUL BÜYÜKŞEHİR BELEDİYESİ BİLGİ TEKNOLOJİLERİ ŞUBE MÜDÜRLÜĞÜ,2,4,True,4,Municipal/Local,
buyer,İSTANBUL BÜYÜKŞEHİR BELEDİYESİ BİLGİ İŞLEM MÜDÜRLÜĞÜ,28,35,True,4,Municipal/Local,
buyer,İSTANBUL BÜYÜKŞEHİR BELEDİYESİ COĞRAFİ BİLGİ SİSTEMİ MÜDÜRLÜĞÜ,10,12,True,10,Municipal/Local,
buyer,İSTANBUL BÜYÜKŞEHİR BELEDİYESİ EMLAK MÜDÜRLÜĞÜ,1,1,True,16,Municipal/Local,
buyer,İSTANBUL BÜYÜKŞEHİR BELEDİYESİ EĞİTİM MÜDÜRLÜĞÜ,2,2,True,2,Municipal/Local,
buyer,İSTANBUL BÜYÜKŞEHİR BELEDİYESİ HALKLA İLİŞKİLER MÜDÜRLÜĞÜ,3,4,True,2,Municipal/Local,
buyer,İSTANBUL BÜYÜKŞEHİR BELEDİYESİ HARİTA MÜDÜRLÜĞÜ,4,4,True,4,Municipal/Local,
buyer,İSTANBUL BÜYÜKŞEHİR BELEDİYESİ HİZMET İYİLEŞTİRME MÜDÜRLÜĞÜ,2,2,True,4,Municipal/Local,
buyer,İSTANBUL BÜYÜKŞEHİR BELEDİYESİ KÜTÜPHANE VE MÜZELER MÜDÜRLÜĞÜ,2,2,True,4,Municipal/Local,
buyer,İSTANBUL BÜYÜKŞEHİR BELEDİYESİ Kültürel Miras Koruma Müdürlüğü,1,1,False,-1,Municipal/Local,
buyer,İSTANBUL BÜYÜKŞEHİR BELEDİYESİ MAKİNE İKMAL ŞUBE MÜDÜRLÜĞÜ,1,1,True,4,Municipal/Local,
buyer,İSTANBUL BÜYÜKŞEHİR BELEDİYESİ MUHTARLIKLAR DESTEK HİZMETLERİ ŞUBE MÜDÜRLÜĞÜ,2,2,True,6,Municipal/Local,
buyer,İSTANBUL BÜYÜKŞEHİR BELEDİYESİ PLANLAMA MÜDÜRLÜĞÜ,2,2,True,4,Municipal/Local,
buyer,İSTANBUL BÜYÜKŞEHİR BELEDİYESİ Raylı Sistem Projeler Müdürlüğü,1,1,True,10,Municipal/Local,
buyer,İSTANBUL BÜYÜKŞEHİR BELEDİYESİ SATINALMA MÜDÜRLÜĞÜ,1,1,False,-1,Municipal/Local,
buyer,İSTANBUL BÜYÜKŞEHİR BELEDİYESİ ÇEVRE KORUMA MÜDÜRLÜĞÜ,1,1,True,37,Municipal/Local,
buyer,İSTANBUL BÜYÜKŞEHİR BELEDİYESİ ÜSTYAPI PROJELER MÜDÜRLÜĞÜ,1,2,False,-1,Municipal/Local,
buyer,İSTANBUL BÜYÜKŞEHİR BELEDİYESİ İNSAN KAYNAKLARI MÜDÜRLÜĞÜ,1,1,False,-1,Municipal/Local,
buyer,İSTANBUL BÜYÜKŞEHİR BELEDİYESİ İŞLETMELER MÜDÜRLÜĞÜ,1,1,False,-1,Municipal/Local,
buyer,İSTANBUL BÜYÜKŞEHİR BELEDİYESİ ŞEHİR TİYATROLARI MÜDÜRLÜĞÜ,1,1,False,-1,Municipal/Local,
buyer,İSTANBUL DİJİTAL MEDYA TİCARET ANONİM ŞİRKETİ,1,1,False,-1,Other public,
buyer,İSTANBUL ENERJİ SANAYİ VE TİCARET ANONİM ŞİRKETİ,1,3,False,-1,Infrastructure/Transport,
buyer,İSTANBUL ERENKÖY FİZİK TEDAVİ VE REHABİLİTASYON MERKEZİ BAŞHEKİMLİĞİ,1,1,False,-1,Other public,
buyer,İSTANBUL ESENLER KADIN DOĞUM VE ÇOCUK HASTALIKLARI HASTANESİ BAŞHEKİMLİĞİ,1,6,True,26,Health,
buyer,İSTANBUL ESENYURT NECMİ KADIOĞLU DEVLET HASTANESİ BAŞHEKİMLİĞİ,1,1,True,26,Health,
buyer,İSTANBUL EĞİTİM VE ARAŞTIRMA HASTANESİ BAŞHEKİMLİĞİ,2,7,True,26,Health,
buyer,İSTANBUL Fizik Tedavi REHABİLİTASYON EĞİTİM ARAŞTIRMA Hastanesi SAĞLIK BAKANLIĞI BAKAN YARDIMCILIKLARI,2,3,True,23,Health,
buyer,İSTANBUL GENÇLİK VE SPOR İL MÜDÜRLÜĞÜ GENÇLİK VE SPOR İL MÜDÜRLÜKLERİ GENÇLİK VE SPOR İL MÜDÜRLÜĞÜ,2,2,True,13,Other public,
buyer,İSTANBUL GÖZTEPE PROF. DR. SÜLEYMAN YALÇIN ŞEHİR HASTANESİ BAŞHEKİMLİĞİ,1,1,True,17,Health,
buyer,İSTANBUL HASEKİ EĞİTİM VE ARAŞTIRMA HASTANESİ BAŞHEKİMLİĞİ,1,1,True,26,Health,
buyer,İSTANBUL KANUNİ SULTAN SÜLEYMAN EĞİTİM VE ARAŞTIRMA HASTANESİ BAŞHEKİMLİĞİ,1,2,True,17,Health,
buyer,İSTANBUL KARTAL KOŞUYOLU YÜKSEK İHTİSAS EĞİTİM VE ARAŞTIRMA HASTANESİ BAŞHEKİMLİĞİ,1,2,True,1,Health,
buyer,İSTANBUL KÜLTÜR VE S ANAT ÜRÜNLERİ Tİ C.A.Ş.,3,3,True,4,Other public,
buyer,İSTANBUL OKMEYDANI AĞIZ VE DİŞ SAĞLIĞI HASTANESİ BAŞHEKİMLİĞİ,1,1,True,10,Health,
buyer,İSTANBUL PENDİK DEVLET HASTANESİ BAŞHEKİMLİĞİ,1,1,True,14,Health,
buyer,İSTANBUL SPOR ETKİNL İKLERİ VE İŞLET. TİC.A.Ş.,6,13,True,4,Other public,
buyer,İSTANBUL SPOR ETKİNLİKLERİ VE İŞLETMECİLİĞİ TİCARET ANONİM ŞİRKETİ,3,5,True,4,Other public,
buyer,İSTANBUL SPOR ETKİNLİKLERİ VE İŞLETMECİLİĞİ TİCARET ANONİM ŞİRKETİ GENEL MÜDÜRLÜĞÜ,3,3,True,4,Other public,
buyer,İSTANBUL SU VE KANALİZASYON İDARESİ GENEL MÜDÜRLÜĞÜ,8,10,True,4,Infrastructure/Transport,
buyer,İSTANBUL SULTANBEYLİ DEVLET HASTANESİ BAŞHEKİMLİĞİ,1,2,True,18,Health,
buyer,İSTANBUL TAKSİM EĞİTİM VE ARAŞTIRMA HASTANESİ BAŞHEKİMLİĞİ,1,1,True,1,Health,
buyer,İSTANBUL TED.BLG.BŞK (MSB) MİLLİ SAVUNMA BAKANLIĞI MSB BAĞLILARI,2,2,True,3,Defence,
buyer,İSTANBUL TIP SAĞLIK UYGULAMA VE ARAŞTIRMA MERKEZİ MÜDÜRLÜĞÜ,1,1,True,26,Health,
buyer,İSTANBUL ULAŞIM HİZMETLERİ VE ARAÇ KİRALAMA SANAYİ VE TİCARET ANONİM ŞİRKETİ,5,5,True,11,Infrastructure/Transport,
buyer,İSTANBUL UYGULAMALI GAZ.VE EN.TEK.AR MÜH.SAN.VE Tİ.AŞ,7,8,True,4,Other public,
buyer,İSTANBUL YATIRIM İZLEME VE KOORDİNASYON BAŞKANLIĞI,3,5,True,0,Provincial admin,
buyer,İSTANBUL ÇATALCA İLYAS ÇOKAY DEVLET HASTANESİ BAŞHEKİMLİĞİ,1,1,True,26,Health,
buyer,"İSTANBUL ÇEVRE, ŞEHİRCİLİK VE İKLİM DEĞİŞİKLİĞİ İL MÜDÜRLÜĞÜ ÇEVRE, ŞEHİRCİLİK VE İKLİM DEĞİŞİKLİĞİ BAKANLIĞI BAKAN YARDIMCILIKLARI",1,1,False,-1,Agriculture/Environment,
buyer,İSTANBUL İKMAL DESTEK KOMUTANLIĞI MİLLİ SAVUNMA BAKANLIĞI MSB BAĞLILARI,2,2,True,23,Defence,
buyer,İSTANBUL İL SAĞLIK MÜDÜRLÜĞÜ İSTANBUL BAHÇELİEVLER AĞIZ VE DİŞ SAĞLIĞI MERKEZİ BAŞHEKİMLİĞİ,1,1,True,26,Health,
buyer,İSTANBUL İL SAĞLIK MÜDÜRLÜĞÜ İSTANBUL BEYLİKDÜZÜ AĞIZ VE DİŞ SAĞLIĞI MERKEZİ BAŞHEKİMLİĞİ,1,1,True,17,Health,
buyer,İSTANBUL İL SAĞLIK MÜDÜRLÜĞÜ İSTANBUL BEŞİKTAŞ SAİT ÇİFTÇİ DEVLET HASTANESİ BAŞHEKİMLİĞİ,1,1,True,18,Health,
buyer,İSTANBUL İL SAĞLIK MÜDÜRLÜĞÜ İSTANBUL ERENKÖY FİZİK TEDAVİ VE REHABİLİTASYON MERKEZİ BAŞHEKİMLİĞİ,1,1,True,18,Health,
buyer,İSTANBUL İL SAĞLIK MÜDÜRLÜĞÜ İSTANBUL EĞİTİM VE ARAŞTIRMA HASTANESİ BAŞHEKİMLİĞİ,1,1,True,26,Health,
buyer,İSTANBUL İL SAĞLIK MÜDÜRLÜĞÜ İSTANBUL GAZİOSMANPAŞA EĞİTİM VE ARAŞTIRMA HASTANESİ BAŞHEKİMLİĞİ,1,1,True,17,Health,
buyer,İSTANBUL İL SAĞLIK MÜDÜRLÜĞÜ İSTANBUL PROF. DR. CEMİL TAŞCIOĞLU ŞEHİR HASTANESİ BAŞHEKİMLİĞİ,1,1,True,17,Health,
buyer,İSTANBUL İNŞ.EML.BÖLGE BŞK. MİLLİ SAVUNMA BAKANLIĞI MSB BAĞLILARI,1,1,True,2,Defence,
buyer,İSTANBUL İSTİNYE DEVLET HASTANESİ BAŞHEKİMLİĞİ,1,1,True,14,Health,
buyer,İSTANBUL ŞEHİR HATLARI TURİZM SANAYİ VE TİCARET ANONİM ŞİRKETİ,2,2,True,4,Other public,
buyer,İSTANBUL ŞEHİR HATLARI TURİZM SANAYİ VE TİCARET ANONİM ŞİRKETİ GENEL MÜDÜRLÜĞÜ,1,1,True,4,Other public,
buyer,İSTAÇ İstanbul Çevre Yönetimi San. ve Tic. A.Ş.,11,12,True,4,Agriculture/Environment,
buyer,İSTGÜVEN İSTANBUL GÜVENLİK ANONİM ŞİRKETİ,1,1,False,-1,Other public,
buyer,İSTON İSTANBUL BETON ELEMANL.VE HAZIR BET ON FAB.SAN.VE TİC.AŞ,9,14,True,4,Municipal/Local,
buyer,İSTTELKOM İSTANBUL ELEKTRONİK HABERLEŞME VE ALTYAPI HİZMETLERİ SANAYİ VE TİCARET ANONİM ŞİRKETİ,14,17,True,4,Municipal/Local,
buyer,İZAYDAŞ İZMİT ATIK V E ART.ARITMA YAK .VE DEĞER.A.Ş.,2,2,True,2,Other public,
buyer,İZBETON-İZMİR BÜYÜKŞ B.B.VE A.E.Ü.VE D.T.S.K.T.V.S.AŞ,4,5,True,8,Other public,
buyer,İZDOĞA İZMİR BÜYÜKŞEHİR BELEDİYESİ ÇEVRE KORUMASI İYİLEŞTİRİLMESİ MÜŞAVİRLİK VE PROJE HİZMETLERİ TİCARET SANAYİ ANONİM ŞİRKETİ,1,1,True,5,Municipal/Local,
buyer,İZELMAN GENEL HİZ.OT OPARK ÖZEL EĞİT.İTFA SAĞ.HİZM.TİC.A.Ş,4,4,True,8,Other public,
buyer,İZENERJİ İNSAN KAYNAKLARI TEMİZLİK BAKIM ONARIM ENERJİ GÜVENLİK HİZMETLERİ İLAÇLAMA VE TURİZM SANAYİ VE TİCARET ANONİM ŞİRKETİ,2,2,True,8,Infrastructure/Transport,
buyer,İZMİR ALSANCAK AĞIZ VE DİŞ SAĞLIĞI MERKEZİ  SAĞLIK BAKANLIĞI TÜRKİYE KAMU HASTANELERİ KURUMU,2,2,True,15,Health,
buyer,İZMİR BANLİYÖ TAŞIMA CILIĞI SİSTEMİ T İCARET A.Ş.,3,7,True,8,Other public,
buyer,İZMİR BÜYÜKŞEHİR BEL ED.GRAND PLZ.GIDA. O TEL VE TUR.İŞ.AŞ,1,1,True,8,Municipal/Local,
buyer,İZMİR BÜYÜKŞEHİR BELEDİYESİ SATIN ALMA DAİRESİ BAŞKANLIĞI HİZMET ALIMLARI ŞUBE MÜDÜRLÜĞÜ,13,20,True,8,Municipal/Local,
buyer,İZMİR BÜYÜKŞEHİR BELEDİYESİ SATIN ALMA DAİRESİ BAŞKANLIĞI MAL ALIMLARI ŞUBE MÜDÜRLÜĞÜ,1,1,True,8,Municipal/Local,
buyer,İZMİR BÜYÜKŞEHİR BELEDİYESİ SATINALMA DAİRE BAŞKANLIĞI MAL ALIMLARI ŞUBE MÜDÜRLÜĞÜ,14,22,True,8,Municipal/Local,
buyer,İZMİR DR. SUAT SEREN Göğüs Hastalıkları VE CERRAHİSİ EĞİTİM VE ARAŞTIRMA  Hastanesi SAĞLIK BAKANLIĞI BAKAN YARDIMCILIKLARI,1,1,True,11,Health,
buyer,İZMİR FUARCILIK HİZM ETLERİ KÜLTÜR VE SAN AT İŞLERİ TİC.A.Ş.,7,13,True,8,Other public,
buyer,İZMİR GENÇLİK VE SPOR İL MÜDÜRLÜĞÜ GENÇLİK VE SPOR İL MÜDÜRLÜKLERİ GENÇLİK VE SPOR İL MÜDÜRLÜĞÜ,1,1,False,-1,Other public,
buyer,İZMİR JEOTERMAL ENER Jİ SANAYİ VE TİC A.Ş.,2,2,True,8,Other public,
buyer,İZMİR METRO İZMİR B. ŞEHİR BEL.METRO İŞL.TAŞ.İNŞ.SAN.,2,10,True,8,Infrastructure/Transport,
buyer,İZMİR SU VE KANALİZASYON İDARESİ GENEL MÜDÜRLÜĞÜ,3,3,True,25,Infrastructure/Transport,
buyer,İZMİT BELEDİYESİ DESTEK HİZMETLER MÜDÜRLÜĞÜ,1,2,False,-1,Municipal/Local,
buyer,İZMİT KADIN DOĞUM VE ÇOCUK HASTALIKLARI HASTANESİ SAĞLIK BAKANLIĞI BAKAN YARDIMCILIKLARI,1,1,True,32,Health,
buyer,İZTARIM EĞİTİM KURUMLARI DANIŞMANLIK TARIMSAL ÜRETİM SATIŞ PAZARLAMA SANAYİ VE TİCARET ANONİM ŞİRKETİ,2,2,True,8,Agriculture/Environment,
buyer,İdari ve Mali İşler Daire Başkanlığı YÜKSEKÖĞRETİM KURUMLARI ABDULLAH GÜL ÜNİVERSİTESİ,7,7,True,2,Education,
buyer,İdari ve Mali İşler Daire Başkanlığı YÜKSEKÖĞRETİM KURUMLARI AFYON KOCATEPE ÜNİVERSİTESİ,10,10,True,8,Education,
buyer,İdari ve Mali İşler Daire Başkanlığı YÜKSEKÖĞRETİM KURUMLARI AKDENİZ ÜNİVERSİTESİ,1,1,True,8,Education,
buyer,İdari ve Mali İşler Daire Başkanlığı YÜKSEKÖĞRETİM KURUMLARI AMASYA ÜNİVERSİTESİ,7,11,True,2,Education,
buyer,İdari ve Mali İşler Daire Başkanlığı YÜKSEKÖĞRETİM KURUMLARI ANADOLU ÜNİVERSİTESİ,2,2,True,3,Education,
buyer,İdari ve Mali İşler Daire Başkanlığı YÜKSEKÖĞRETİM KURUMLARI ANKARA YILDIRIM BEYAZIT ÜNİVERSİTESİ,1,1,True,2,Education,
buyer,İdari ve Mali İşler Daire Başkanlığı YÜKSEKÖĞRETİM KURUMLARI ANKARA ÜNİVERSİTESİ,3,3,True,35,Education,
buyer,İdari ve Mali İşler Daire Başkanlığı YÜKSEKÖĞRETİM KURUMLARI BALIKESİR ÜNİVERSİTESİ,3,7,True,7,Education,
buyer,İdari ve Mali İşler Daire Başkanlığı YÜKSEKÖĞRETİM KURUMLARI BANDIRMA ONYEDİ EYLÜL ÜNİVERSİTESİ,6,6,True,33,Education,
buyer,İdari ve Mali İşler Daire Başkanlığı YÜKSEKÖĞRETİM KURUMLARI BARTIN ÜNİVERSİTESİ,1,1,False,-1,Education,
buyer,İdari ve Mali İşler Daire Başkanlığı YÜKSEKÖĞRETİM KURUMLARI BATMAN ÜNİVERSİTESİ,2,2,True,8,Education,
buyer,İdari ve Mali İşler Daire Başkanlığı YÜKSEKÖĞRETİM KURUMLARI BAYBURT ÜNİVERSİTESİ,3,4,True,7,Education,
buyer,İdari ve Mali İşler Daire Başkanlığı YÜKSEKÖĞRETİM KURUMLARI BOLU ABANT İZZET BAYSAL ÜNİVERSİTESİ,5,6,True,5,Education,
buyer,İdari ve Mali İşler Daire Başkanlığı YÜKSEKÖĞRETİM KURUMLARI BOĞAZİÇİ ÜNİVERSİTESİ,13,14,True,7,Education,
buyer,İdari ve Mali İşler Daire Başkanlığı YÜKSEKÖĞRETİM KURUMLARI BURDUR MEHMET AKİF ERSOY ÜNİVERSİTESİ,1,1,True,8,Education,
buyer,İdari ve Mali İşler Daire Başkanlığı YÜKSEKÖĞRETİM KURUMLARI BURSA TEKNİK ÜNİVERSİTESİ,5,5,True,2,Education,
buyer,İdari ve Mali İşler Daire Başkanlığı YÜKSEKÖĞRETİM KURUMLARI BİLECİK ŞEYH EDEBALİ ÜNİVERSİTESİ,12,12,True,2,Education,
buyer,İdari ve Mali İşler Daire Başkanlığı YÜKSEKÖĞRETİM KURUMLARI BİNGÖL ÜNİVERSİTESİ,10,13,True,2,Education,
buyer,İdari ve Mali İşler Daire Başkanlığı YÜKSEKÖĞRETİM KURUMLARI BİTLİS EREN ÜNİVERSİTESİ,4,5,True,17,Education,
buyer,İdari ve Mali İşler Daire Başkanlığı YÜKSEKÖĞRETİM KURUMLARI DOKUZ EYLÜL ÜNİVERSİTESİ,9,22,True,2,Education,
buyer,İdari ve Mali İşler Daire Başkanlığı YÜKSEKÖĞRETİM KURUMLARI DÜZCE ÜNİVERSİTESİ,5,5,True,2,Education,
buyer,İdari ve Mali İşler Daire Başkanlığı YÜKSEKÖĞRETİM KURUMLARI DİCLE ÜNİVERSİTESİ,4,4,True,1,Education,
buyer,İdari ve Mali İşler Daire Başkanlığı YÜKSEKÖĞRETİM KURUMLARI EGE ÜNİVERSİTESİ,7,7,True,30,Education,
buyer,İdari ve Mali İşler Daire Başkanlığı YÜKSEKÖĞRETİM KURUMLARI ERCİYES ÜNİVERSİTESİ,4,4,True,0,Education,
buyer,İdari ve Mali İşler Daire Başkanlığı YÜKSEKÖĞRETİM KURUMLARI ESKİŞEHİR OSMANGAZİ ÜNİVERSİTESİ,3,4,True,8,Education,
buyer,İdari ve Mali İşler Daire Başkanlığı YÜKSEKÖĞRETİM KURUMLARI FIRAT ÜNİVERSİTESİ,8,9,True,15,Education,
buyer,İdari ve Mali İşler Daire Başkanlığı YÜKSEKÖĞRETİM KURUMLARI GALATASARAY ÜNİVERSİTESİ,12,12,True,2,Education,
buyer,İdari ve Mali İşler Daire Başkanlığı YÜKSEKÖĞRETİM KURUMLARI GAZİ ÜNİVERSİTESİ,2,3,True,2,Education,
buyer,İdari ve Mali İşler Daire Başkanlığı YÜKSEKÖĞRETİM KURUMLARI GAZİANTEP ÜNİVERSİTESİ,1,1,True,8,Education,
buyer,İdari ve Mali İşler Daire Başkanlığı YÜKSEKÖĞRETİM KURUMLARI GEBZE TEKNİK ÜNİVERSİTESİ,3,3,True,11,Education,
buyer,İdari ve Mali İşler Daire Başkanlığı YÜKSEKÖĞRETİM KURUMLARI HACETTEPE ÜNİVERSİTESİ,2,2,True,0,Education,
buyer,İdari ve Mali İşler Daire Başkanlığı YÜKSEKÖĞRETİM KURUMLARI HAKKARİ ÜNİVERSİTESİ,2,2,True,20,Education,
buyer,İdari ve Mali İşler Daire Başkanlığı YÜKSEKÖĞRETİM KURUMLARI HATAY MUSTAFA KEMAL ÜNİVERSİTESİ,2,2,True,0,Education,
buyer,İdari ve Mali İşler Daire Başkanlığı YÜKSEKÖĞRETİM KURUMLARI HİTİT ÜNİVERSİTESİ,21,25,True,2,Education,
buyer,İdari ve Mali İşler Daire Başkanlığı YÜKSEKÖĞRETİM KURUMLARI IĞDIR ÜNİVERSİTESİ,2,2,True,2,Education,
buyer,İdari ve Mali İşler Daire Başkanlığı YÜKSEKÖĞRETİM KURUMLARI KAFKAS ÜNİVERSİTESİ,7,7,True,2,Education,
buyer,İdari ve Mali İşler Daire Başkanlığı YÜKSEKÖĞRETİM KURUMLARI KARABÜK ÜNİVERSİTESİ,2,2,True,6,Education,
buyer,İdari ve Mali İşler Daire Başkanlığı YÜKSEKÖĞRETİM KURUMLARI KARADENİZ TEKNİK ÜNİVERSİTESİ,5,5,True,33,Education,
buyer,İdari ve Mali İşler Daire Başkanlığı YÜKSEKÖĞRETİM KURUMLARI KARAMANOĞLU MEHMETBEY ÜNİVERSİTESİ,3,3,True,7,Education,
buyer,İdari ve Mali İşler Daire Başkanlığı YÜKSEKÖĞRETİM KURUMLARI KIRIKKALE ÜNİVERSİTESİ,1,1,True,8,Education,
buyer,İdari ve Mali İşler Daire Başkanlığı YÜKSEKÖĞRETİM KURUMLARI KIRKLARELİ ÜNİVERSİTESİ,7,7,True,2,Education,
buyer,İdari ve Mali İşler Daire Başkanlığı YÜKSEKÖĞRETİM KURUMLARI KIRŞEHİR AHİ EVRAN ÜNİVERSİTESİ,2,2,True,24,Education,
buyer,İdari ve Mali İşler Daire Başkanlığı YÜKSEKÖĞRETİM KURUMLARI KOCAELİ ÜNİVERSİTESİ,8,11,True,2,Education,
buyer,İdari ve Mali İşler Daire Başkanlığı YÜKSEKÖĞRETİM KURUMLARI KÜTAHYA DUMLUPINAR ÜNİVERSİTESİ,3,3,True,5,Education,
buyer,İdari ve Mali İşler Daire Başkanlığı YÜKSEKÖĞRETİM KURUMLARI KİLİS 7 ARALIK ÜNİVERSİTESİ,2,2,False,-1,Education,
buyer,İdari ve Mali İşler Daire Başkanlığı YÜKSEKÖĞRETİM KURUMLARI MARDİN ARTUKLU ÜNİVERSİTESİ,3,3,True,9,Education,
buyer,İdari ve Mali İşler Daire Başkanlığı YÜKSEKÖĞRETİM KURUMLARI MARMARA ÜNİVERSİTESİ,4,7,True,2,Education,
buyer,İdari ve Mali İşler Daire Başkanlığı YÜKSEKÖĞRETİM KURUMLARI MERSİN ÜNİVERSİTESİ,2,2,False,-1,Education,
buyer,İdari ve Mali İşler Daire Başkanlığı YÜKSEKÖĞRETİM KURUMLARI MUĞLA SITKI KOÇMAN ÜNİVERSİTESİ,5,6,True,7,Education,
buyer,İdari ve Mali İşler Daire Başkanlığı YÜKSEKÖĞRETİM KURUMLARI MUŞ ALPARSLAN ÜNİVERSİTESİ,3,3,True,0,Education,
buyer,İdari ve Mali İşler Daire Başkanlığı YÜKSEKÖĞRETİM KURUMLARI MİMAR SİNAN GÜZEL SANATLAR ÜNİVERSİTESİ,1,1,True,8,Education,
buyer,İdari ve Mali İşler Daire Başkanlığı YÜKSEKÖĞRETİM KURUMLARI NEVŞEHİR HACI BEKTAŞ VELİ ÜNİVERSİTESİ,3,3,True,11,Education,
buyer,İdari ve Mali İşler Daire Başkanlığı YÜKSEKÖĞRETİM KURUMLARI NİĞDE ÖMER HALİSDEMİR ÜNİVERSİTESİ,12,16,True,2,Education,
buyer,İdari ve Mali İşler Daire Başkanlığı YÜKSEKÖĞRETİM KURUMLARI ONDOKUZ MAYIS ÜNİVERSİTESİ,1,1,False,-1,Education,
buyer,İdari ve Mali İşler Daire Başkanlığı YÜKSEKÖĞRETİM KURUMLARI ORDU ÜNİVERSİTESİ,3,6,True,7,Education,
buyer,İdari ve Mali İşler Daire Başkanlığı YÜKSEKÖĞRETİM KURUMLARI ORTA DOĞU TEKNİK ÜNİVERSİTESİ,11,13,True,16,Education,
buyer,İdari ve Mali İşler Daire Başkanlığı YÜKSEKÖĞRETİM KURUMLARI RECEP TAYYİP ERDOĞAN ÜNİVERSİTESİ,2,2,True,2,Education,
buyer,İdari ve Mali İşler Daire Başkanlığı YÜKSEKÖĞRETİM KURUMLARI SAKARYA ÜNİVERSİTESİ,6,9,True,30,Education,
buyer,İdari ve Mali İşler Daire Başkanlığı YÜKSEKÖĞRETİM KURUMLARI SÜLEYMAN DEMİREL ÜNİVERSİTESİ,3,3,True,13,Education,
buyer,İdari ve Mali İşler Daire Başkanlığı YÜKSEKÖĞRETİM KURUMLARI SİNOP ÜNİVERSİTESİ,1,1,True,2,Education,
buyer,İdari ve Mali İşler Daire Başkanlığı YÜKSEKÖĞRETİM KURUMLARI SİİRT ÜNİVERSİTESİ,1,1,True,8,Education,
buyer,İdari ve Mali İşler Daire Başkanlığı YÜKSEKÖĞRETİM KURUMLARI TEKİRDAĞ NAMIK KEMAL ÜNİVERSİTESİ,2,3,True,2,Education,
buyer,İdari ve Mali İşler Daire Başkanlığı YÜKSEKÖĞRETİM KURUMLARI TOKAT GAZİOSMANPAŞA ÜNİVERSİTESİ,4,4,True,19,Education,
buyer,İdari ve Mali İşler Daire Başkanlığı YÜKSEKÖĞRETİM KURUMLARI TRAKYA ÜNİVERSİTESİ,8,8,True,11,Education,
buyer,İdari ve Mali İşler Daire Başkanlığı YÜKSEKÖĞRETİM KURUMLARI TÜRK ALMAN ÜNİVERSİTESİ,1,1,True,8,Education,
buyer,İdari ve Mali İşler Daire Başkanlığı YÜKSEKÖĞRETİM KURUMLARI VAN YÜZÜNCÜ YIL ÜNİVERSİTESİ,1,1,False,-1,Education,
buyer,İdari ve Mali İşler Daire Başkanlığı YÜKSEKÖĞRETİM KURUMLARI YILDIZ TEKNİK ÜNİVERSİTESİ,11,19,True,11,Education,
buyer,İdari ve Mali İşler Daire Başkanlığı YÜKSEKÖĞRETİM KURUMLARI YOZGAT BOZOK ÜNİVERSİTESİ,5,5,True,2,Education,
buyer,İdari ve Mali İşler Daire Başkanlığı YÜKSEKÖĞRETİM KURUMLARI ZONGULDAK BÜLENT ECEVİT ÜNİVERSİTESİ,3,3,True,6,Education,
buyer,İdari ve Mali İşler Daire Başkanlığı YÜKSEKÖĞRETİM KURUMLARI | ANKARA,4,4,True,11,Education,
buyer,İdari ve Mali İşler Daire Başkanlığı YÜKSEKÖĞRETİM KURUMLARI | ANTALYA,2,2,True,11,Education,
buyer,İdari ve Mali İşler Daire Başkanlığı YÜKSEKÖĞRETİM KURUMLARI | İZMİR,4,4,True,10,Education,
buyer,İdari ve Mali İşler Daire Başkanlığı YÜKSEKÖĞRETİM KURUMLARI ÇANAKKALE ONSEKİZ MART ÜNİVERSİTESİ,3,4,False,-1,Education,
buyer,İdari ve Mali İşler Daire Başkanlığı YÜKSEKÖĞRETİM KURUMLARI ÇANKIRI KARATEKİN ÜNİVERSİTESİ,2,2,True,11,Education,
buyer,İdari ve Mali İşler Daire Başkanlığı YÜKSEKÖĞRETİM KURUMLARI ÇUKUROVA ÜNİVERSİTESİ,1,1,True,7,Education,
buyer,İdari ve Mali İşler Daire Başkanlığı YÜKSEKÖĞRETİM KURUMLARI İSTANBUL ÜNİVERSİTESİ,4,7,True,8,Education,
buyer,İdari ve Mali İşler Daire Başkanlığı YÜKSEKÖĞRETİM KURUMLARI İZMİR DEMOKRASİ ÜNİVERSİTESİ,2,3,False,-1,Education,
buyer,İdari ve Mali İşler Daire Başkanlığı YÜKSEKÖĞRETİM KURUMLARI İZMİR KATİP ÇELEBİ ÜNİVERSİTESİ,3,3,True,24,Education,
buyer,İdari ve Mali İşler Daire Başkanlığı YÜKSEKÖĞRETİM KURUMLARI ŞIRNAK ÜNİVERSİTESİ,4,4,True,17,Education,
buyer,İdari ve Mali İşler Dairesi Başkanlığı DİĞER ÖZEL BÜTÇELİ KURULUŞLAR KARAYOLLARI GENEL MÜDÜRLÜĞÜ,1,1,True,2,Infrastructure/Transport,
buyer,İdari ve Mali İşler Dairesi Başkanlığı DİĞER ÖZEL BÜTÇELİ KURULUŞLAR ORMAN GENEL MÜDÜRLÜĞÜ,10,10,True,24,Agriculture/Environment,
buyer,İdari ve Mali İşler Dairesi Başkanlığı YÜKSEKÖĞRETİM KURUMLARI SİVAS BİLİM VE TEKNOLOJİ ÜNİVERSİTESİ,1,1,False,-1,Education,
buyer,İl Afet ve Acil Durum Müdürlüğü BAŞBAKANLIK AFET VE ACİL DURUM YÖNETİMİ BAŞKANLIĞI | YALOVA,1,1,True,0,Security/Interior,
buyer,İl Afet ve Acil Durum Müdürlüğü BAŞBAKANLIK AFET VE ACİL DURUM YÖNETİMİ BAŞKANLIĞI | İSTANBUL,1,1,False,-1,Security/Interior,
buyer,İl Sağlık Müdürlüğü - Ankara SAĞLIK BAKANLIĞI BAKAN YARDIMCILIKLARI,1,1,True,38,Health,
buyer,İl Sağlık Müdürlüğü - Antalya SAĞLIK BAKANLIĞI BAKAN YARDIMCILIKLARI,1,1,False,-1,Health,
buyer,İl Sağlık Müdürlüğü - Muğla SAĞLIK BAKANLIĞI BAKAN YARDIMCILIKLARI,1,1,True,1,Health,
buyer,İl Sağlık Müdürlüğü - Sivas SAĞLIK BAKANLIĞI BAKAN YARDIMCILIKLARI,1,1,True,12,Health,
buyer,İl Sağlık Müdürlüğü - Tekirdağ SAĞLIK BAKANLIĞI BAKAN YARDIMCILIKLARI,1,1,True,1,Health,
buyer,İl Sağlık Müdürlüğü - Tokat SAĞLIK BAKANLIĞI BAKAN YARDIMCILIKLARI,2,2,True,11,Health,
buyer,İl Sağlık Müdürlüğü - Trabzon SAĞLIK BAKANLIĞI BAKAN YARDIMCILIKLARI,1,1,False,-1,Health,
buyer,İl Sağlık Müdürlüğü - Tunceli SAĞLIK BAKANLIĞI BAKAN YARDIMCILIKLARI,1,1,True,12,Health,
buyer,İl Sağlık Müdürlüğü - Uşak SAĞLIK BAKANLIĞI BAKAN YARDIMCILIKLARI,1,1,True,36,Health,
buyer,İl Sağlık Müdürlüğü - İstanbul Avrupa SAĞLIK BAKANLIĞI BAKAN YARDIMCILIKLARI,11,28,True,1,Health,
buyer,İl Sağlık Müdürlüğü SAĞLIK BAKANLIĞI BAKAN YARDIMCILIKLARI | ADANA,1,2,True,18,Health,
buyer,İl Sağlık Müdürlüğü SAĞLIK BAKANLIĞI BAKAN YARDIMCILIKLARI | ADIYAMAN,1,2,True,18,Health,
buyer,İl Sağlık Müdürlüğü SAĞLIK BAKANLIĞI BAKAN YARDIMCILIKLARI | AFYONKARAHİSAR,9,13,True,12,Health,
buyer,İl Sağlık Müdürlüğü SAĞLIK BAKANLIĞI BAKAN YARDIMCILIKLARI | AKSARAY,5,6,True,10,Health,
buyer,İl Sağlık Müdürlüğü SAĞLIK BAKANLIĞI BAKAN YARDIMCILIKLARI | ANKARA,9,11,True,30,Health,
buyer,İl Sağlık Müdürlüğü SAĞLIK BAKANLIĞI BAKAN YARDIMCILIKLARI | ARDAHAN,2,4,True,12,Health,
buyer,İl Sağlık Müdürlüğü SAĞLIK BAKANLIĞI BAKAN YARDIMCILIKLARI | ARTVİN,3,5,True,15,Health,
buyer,İl Sağlık Müdürlüğü SAĞLIK BAKANLIĞI BAKAN YARDIMCILIKLARI | AĞRI,2,3,True,18,Health,
buyer,İl Sağlık Müdürlüğü SAĞLIK BAKANLIĞI BAKAN YARDIMCILIKLARI | BALIKESİR,2,3,True,12,Health,
buyer,İl Sağlık Müdürlüğü SAĞLIK BAKANLIĞI BAKAN YARDIMCILIKLARI | BATMAN,1,1,True,23,Health,
buyer,İl Sağlık Müdürlüğü SAĞLIK BAKANLIĞI BAKAN YARDIMCILIKLARI | BAYBURT,1,2,True,1,Health,
buyer,İl Sağlık Müdürlüğü SAĞLIK BAKANLIĞI BAKAN YARDIMCILIKLARI | BOLU,3,13,True,18,Health,
buyer,İl Sağlık Müdürlüğü SAĞLIK BAKANLIĞI BAKAN YARDIMCILIKLARI | BURDUR,3,6,True,1,Health,
buyer,İl Sağlık Müdürlüğü SAĞLIK BAKANLIĞI BAKAN YARDIMCILIKLARI | BURSA,7,11,True,14,Health,
buyer,İl Sağlık Müdürlüğü SAĞLIK BAKANLIĞI BAKAN YARDIMCILIKLARI | BİLECİK,5,12,True,1,Health,
buyer,İl Sağlık Müdürlüğü SAĞLIK BAKANLIĞI BAKAN YARDIMCILIKLARI | BİNGÖL,4,6,True,15,Health,
buyer,İl Sağlık Müdürlüğü SAĞLIK BAKANLIĞI BAKAN YARDIMCILIKLARI | BİTLİS,2,3,False,-1,Health,
buyer,İl Sağlık Müdürlüğü SAĞLIK BAKANLIĞI BAKAN YARDIMCILIKLARI | DENİZLİ,2,2,True,1,Health,
buyer,İl Sağlık Müdürlüğü SAĞLIK BAKANLIĞI BAKAN YARDIMCILIKLARI | DÜZCE,2,3,True,15,Health,
buyer,İl Sağlık Müdürlüğü SAĞLIK BAKANLIĞI BAKAN YARDIMCILIKLARI | DİYARBAKIR,11,15,True,17,Health,
buyer,İl Sağlık Müdürlüğü SAĞLIK BAKANLIĞI BAKAN YARDIMCILIKLARI | EDİRNE,2,4,True,14,Health,
buyer,İl Sağlık Müdürlüğü SAĞLIK BAKANLIĞI BAKAN YARDIMCILIKLARI | ERZURUM,2,3,True,12,Health,
buyer,İl Sağlık Müdürlüğü SAĞLIK BAKANLIĞI BAKAN YARDIMCILIKLARI | ERZİNCAN,2,2,True,18,Health,
buyer,İl Sağlık Müdürlüğü SAĞLIK BAKANLIĞI BAKAN YARDIMCILIKLARI | ESKİŞEHİR,4,9,True,1,Health,
buyer,İl Sağlık Müdürlüğü SAĞLIK BAKANLIĞI BAKAN YARDIMCILIKLARI | GİRESUN,2,4,True,1,Health,
buyer,İl Sağlık Müdürlüğü SAĞLIK BAKANLIĞI BAKAN YARDIMCILIKLARI | HAKKARİ,4,8,True,20,Health,
buyer,İl Sağlık Müdürlüğü SAĞLIK BAKANLIĞI BAKAN YARDIMCILIKLARI | HATAY,5,9,True,1,Health,
buyer,İl Sağlık Müdürlüğü SAĞLIK BAKANLIĞI BAKAN YARDIMCILIKLARI | IĞDIR,1,1,True,18,Health,
buyer,İl Sağlık Müdürlüğü SAĞLIK BAKANLIĞI BAKAN YARDIMCILIKLARI | KARABÜK,1,1,True,1,Health,
buyer,İl Sağlık Müdürlüğü SAĞLIK BAKANLIĞI BAKAN YARDIMCILIKLARI | KARAMAN,5,10,True,1,Health,
buyer,İl Sağlık Müdürlüğü SAĞLIK BAKANLIĞI BAKAN YARDIMCILIKLARI | KARS,3,6,True,12,Health,
buyer,İl Sağlık Müdürlüğü SAĞLIK BAKANLIĞI BAKAN YARDIMCILIKLARI | KASTAMONU,3,3,True,24,Health,
buyer,İl Sağlık Müdürlüğü SAĞLIK BAKANLIĞI BAKAN YARDIMCILIKLARI | KAYSERİ,5,10,True,1,Health,
buyer,İl Sağlık Müdürlüğü SAĞLIK BAKANLIĞI BAKAN YARDIMCILIKLARI | KIRIKKALE,2,2,True,12,Health,
buyer,İl Sağlık Müdürlüğü SAĞLIK BAKANLIĞI BAKAN YARDIMCILIKLARI | KIRKLARELİ,1,3,True,14,Health,
buyer,İl Sağlık Müdürlüğü SAĞLIK BAKANLIĞI BAKAN YARDIMCILIKLARI | KIRŞEHİR,2,5,True,18,Health,
buyer,İl Sağlık Müdürlüğü SAĞLIK BAKANLIĞI BAKAN YARDIMCILIKLARI | KOCAELİ,3,4,True,10,Health,
buyer,İl Sağlık Müdürlüğü SAĞLIK BAKANLIĞI BAKAN YARDIMCILIKLARI | KONYA,2,5,True,18,Health,
buyer,İl Sağlık Müdürlüğü SAĞLIK BAKANLIĞI BAKAN YARDIMCILIKLARI | KÜTAHYA,5,8,True,12,Health,
buyer,İl Sağlık Müdürlüğü SAĞLIK BAKANLIĞI BAKAN YARDIMCILIKLARI | KİLİS,3,7,True,18,Health,
buyer,İl Sağlık Müdürlüğü SAĞLIK BAKANLIĞI BAKAN YARDIMCILIKLARI | MANİSA,3,5,True,14,Health,
buyer,İl Sağlık Müdürlüğü SAĞLIK BAKANLIĞI BAKAN YARDIMCILIKLARI | MARDİN,8,17,True,17,Health,
buyer,İl Sağlık Müdürlüğü SAĞLIK BAKANLIĞI BAKAN YARDIMCILIKLARI | MERSİN,7,11,True,34,Health,
buyer,İl Sağlık Müdürlüğü SAĞLIK BAKANLIĞI BAKAN YARDIMCILIKLARI | MUĞLA,6,6,True,8,Health,
buyer,İl Sağlık Müdürlüğü SAĞLIK BAKANLIĞI BAKAN YARDIMCILIKLARI | MUŞ,5,6,True,12,Health,
buyer,İl Sağlık Müdürlüğü SAĞLIK BAKANLIĞI BAKAN YARDIMCILIKLARI | NEVŞEHİR,2,6,True,12,Health,
buyer,İl Sağlık Müdürlüğü SAĞLIK BAKANLIĞI BAKAN YARDIMCILIKLARI | NİĞDE,1,1,True,7,Health,
buyer,İl Sağlık Müdürlüğü SAĞLIK BAKANLIĞI BAKAN YARDIMCILIKLARI | OSMANİYE,1,3,True,1,Health,
buyer,İl Sağlık Müdürlüğü SAĞLIK BAKANLIĞI BAKAN YARDIMCILIKLARI | RİZE,5,12,True,1,Health,
buyer,İl Sağlık Müdürlüğü SAĞLIK BAKANLIĞI BAKAN YARDIMCILIKLARI | SAMSUN,7,10,True,31,Health,
buyer,İl Sağlık Müdürlüğü SAĞLIK BAKANLIĞI BAKAN YARDIMCILIKLARI | SİNOP,7,9,True,18,Health,
buyer,İl Sağlık Müdürlüğü SAĞLIK BAKANLIĞI BAKAN YARDIMCILIKLARI | SİVAS,4,14,True,1,Health,
buyer,İl Sağlık Müdürlüğü SAĞLIK BAKANLIĞI BAKAN YARDIMCILIKLARI | SİİRT,1,2,True,12,Health,
buyer,İl Sağlık Müdürlüğü SAĞLIK BAKANLIĞI BAKAN YARDIMCILIKLARI | TEKİRDAĞ,4,8,True,10,Health,
buyer,İl Sağlık Müdürlüğü SAĞLIK BAKANLIĞI BAKAN YARDIMCILIKLARI | TOKAT,8,9,True,15,Health,
buyer,İl Sağlık Müdürlüğü SAĞLIK BAKANLIĞI BAKAN YARDIMCILIKLARI | TRABZON,4,7,True,1,Health,
buyer,İl Sağlık Müdürlüğü SAĞLIK BAKANLIĞI BAKAN YARDIMCILIKLARI | TUNCELİ,4,8,True,12,Health,
buyer,İl Sağlık Müdürlüğü SAĞLIK BAKANLIĞI BAKAN YARDIMCILIKLARI | UŞAK,3,4,True,1,Health,
buyer,İl Sağlık Müdürlüğü SAĞLIK BAKANLIĞI BAKAN YARDIMCILIKLARI | VAN,3,3,True,32,Health,
buyer,İl Sağlık Müdürlüğü SAĞLIK BAKANLIĞI BAKAN YARDIMCILIKLARI | YALOVA,4,5,True,18,Health,
buyer,İl Sağlık Müdürlüğü SAĞLIK BAKANLIĞI BAKAN YARDIMCILIKLARI | ZONGULDAK,3,3,True,11,Health,
buyer,İl Sağlık Müdürlüğü SAĞLIK BAKANLIĞI BAKAN YARDIMCILIKLARI | ÇANAKKALE,5,6,True,15,Health,
buyer,İl Sağlık Müdürlüğü SAĞLIK BAKANLIĞI BAKAN YARDIMCILIKLARI | ÇANKIRI,2,2,True,13,Health,
buyer,İl Sağlık Müdürlüğü SAĞLIK BAKANLIĞI BAKAN YARDIMCILIKLARI | ÇORUM,3,4,True,1,Health,
buyer,İl Sağlık Müdürlüğü SAĞLIK BAKANLIĞI BAKAN YARDIMCILIKLARI | İSTANBUL,16,30,True,1,Health,
buyer,İl Sağlık Müdürlüğü SAĞLIK BAKANLIĞI BAKAN YARDIMCILIKLARI | İZMİR,12,14,True,8,Health,
buyer,İl Sağlık Müdürlüğü SAĞLIK BAKANLIĞI BAKAN YARDIMCILIKLARI | ŞANLIURFA,1,5,True,1,Health,
buyer,İl Sağlık Müdürlüğü SAĞLIK BAKANLIĞI BAKAN YARDIMCILIKLARI | ŞIRNAK,2,4,True,17,Health,
buyer,İlahiyat Fakültesi YÜKSEKÖĞRETİM KURUMLARI SİVAS CUMHURİYET ÜNİVERSİTESİ,1,1,True,11,Education,
buyer,İlkokul Öğretmenleri Sağlık ve Sosyal Yardım Sandığı Muhasebe ve Mali İşler Müdürlüğü,4,4,True,0,Health,
buyer,İller İdaresi Genel Müdürlüğü İÇİŞLERİ BAKANLIĞI BAKAN YARDIMCILIĞI,1,1,False,-1,Security/Interior,
buyer,İnsan Kaynakları Daire Başkanlığı DİĞER ÖZEL BÜTÇELİ KURULUŞLAR VAKIFLAR GENEL MÜDÜRLÜĞÜ,1,1,True,35,Other public,
buyer,İnsan Kaynakları ve Destek Hizmetleri Dairesi Başkanlığı DÜZENLEYİCİ VE DENETLEYİCİ KURUMLAR ENERJİ PİYASASI DÜZENLEME KURUMU,8,13,True,0,Infrastructure/Transport,
buyer,İpekyolu İlçe Milli Eğitim Müdürlüğü MİLLİ EĞİTİM BAKANLIĞI BAKAN YARDIMCILIKLARI,1,1,False,-1,Education,
buyer,İskenderun Teknik Üniversitesi Bilgi İşlem Daire Başkanlığı      YÜKSEKÖĞRETİM KURUMLARI İSKENDERUN TEKNİK ÜNİVERSİTESİ,2,2,True,2,Education,
buyer,İslahiye Devlet Hastanesi - SAĞLIK BAKANLIĞI BAKAN YARDIMCILIKLARI,1,2,True,34,Health,
buyer,İstanbul Adli Tıp Kurumu Başkanlığı ADALET BAKANLIĞI ADLİ TIP KURUMU,9,13,True,3,Health,
buyer,İstanbul Fatih Kamu Hastane Birliği Genel Sekreterliği SAĞLIK BAKANLIĞI TÜRKİYE KAMU HASTANELERİ KURUMU,4,7,True,1,Health,
buyer,İstanbul Kanuni Sultan Süleyman Eğitim ve Araştırma Hastanesi SAĞLIK BAKANLIĞI BAKAN YARDIMCILIKLARI,1,1,True,17,Health,
buyer,İstanbul Menkul Kıymetler Borsası(İMKB),3,3,True,4,Other public,
buyer,İstanbul Su ve Kanalizasyon İdaresi Genel Müdürlüğü,28,36,True,4,Infrastructure/Transport,
buyer,İstanbul Taksim Eğitim ve Araştırma Hastanesi Döner Sermaye İşletmesi,1,2,True,1,Health,
buyer,İstanbul Tıp Fakültesi Sağlık Uygulama ve Araştırma Merkezi YÜKSEKÖĞRETİM KURUMLARI İSTANBUL ÜNİVERSİTESİ,1,6,True,26,Health,
buyer,İstanbul İl Emniyet Müdürlüğü İÇİŞLERİ BAKANLIĞI EMNİYET GENEL MÜDÜRLÜĞÜ,7,7,True,0,Security/Interior,
buyer,İzmir Ağız ve Diş Sağlığı Merkezi-Alsancak SAĞLIK BAKANLIĞI BAKAN YARDIMCILIKLARI,1,1,False,-1,Health,
buyer,İzmir Büyükşehir Belediyesi SATINALMA DAİRE BAŞKANLIĞI HİZMET ALIMLARI ŞUBE MÜDÜRLÜĞÜ,29,93,True,8,Municipal/Local,
buyer,İzmir Diş Hekimliği Fakültesi  YÜKSEKÖĞRETİM KURUMLARI İZMİR KATİP ÇELEBİ ÜNİVERSİTESİ,4,7,True,15,Health,
buyer,İzmir Dr. E. Hayri Üstündağ Kadın Hastalıkları ve Doğum Hastanesi SAĞLIK BAKANLIĞI BAKAN YARDIMCILIKLARI,1,1,True,32,Health,
buyer,İzmir Eğitim ve Araştırma Hastanesi SAĞLIK BAKANLIĞI BAKAN YARDIMCILIKLARI,1,1,True,26,Health,
buyer,İzmir Eğitim ve Araştırma Hastanesi-Bozyaka SAĞLIK BAKANLIĞI BAKAN YARDIMCILIKLARI,1,4,True,26,Health,
buyer,İzmir Su ve Kanalizasyon İdaresi Genel Müdürlüğü (İZSU),11,14,True,10,Municipal/Local,
buyer,İzmir Tepecik Eğitim ve Araştırma Hastanesi SAĞLIK BAKANLIĞI BAKAN YARDIMCILIKLARI,1,1,True,26,Health,
buyer,İzmir Valiliği (YİKOB-maas için) İÇİŞLERİ BAKANLIĞI BAKAN YARDIMCILIĞI,1,1,True,5,Security/Interior,
buyer,İzmir İl Kültür ve Turizm Müdürlüğü KÜLTÜR VE TURİZM BAKANLIĞI BAKAN YARDIMCILIKLARI,1,1,True,5,Other public,
buyer,İÇİŞLERİ BAKANLIĞI SAHİL GÜVENLİK KOMUTANLIĞI Sahil Güvenlik Komutanlığı-Karargah Destek Kıtaları Komutanlığı,1,2,True,2,Defence,
buyer,İŞ SAĞLIĞI VE GÜVENLİĞİ GENEL MÜDÜRLÜĞÜ ÇALIŞMA VE SOSYAL GÜVENLİK BAKANLIĞI MÜSTEŞARLIK,4,4,True,24,Social/Finance,
buyer,İŞLETME VE İŞTİRAKLER MÜDÜRLÜĞÜ,1,1,False,-1,Other public,
buyer,İşletme ve Yapım Başkanlığı TÜRKİYE BÜYÜK MİLLET MECLİSİ GENEL SEKRETERLİK,1,1,True,0,Other public,
buyer,ŞAHİNBEY BELEDİYESİ MALİ HİZMETLER MÜDÜRLÜĞÜ,3,3,False,-1,Municipal/Local,
buyer,ŞANLIURFA BÜYÜKŞEHİR BELEDİYESİ BİLGİ İŞLEM DAİRESİ BAŞKANLIĞI,1,1,True,9,Municipal/Local,
buyer,ŞANLIURFA BÜYÜKŞEHİR BELEDİYESİ DESTEK HİZMETLERİ DAİRE BAŞKANLIĞI,2,2,True,13,Municipal/Local,
buyer,ŞANLIURFA BÜYÜKŞEHİR BELEDİYESİ ULAŞIM DAİRE BAŞKANLIĞI,1,1,False,-1,Municipal/Local,
buyer,ŞEHZADELER BELEDİYESİ DESTEK HİZMETLERİ MÜDÜRLÜĞÜ,1,1,True,16,Municipal/Local,
buyer,ŞEHZADELER BELEDİYESİ MALİ HİZMETLER MÜDÜRLÜĞÜ,1,1,True,19,Municipal/Local,
buyer,ŞEHİTKAMİL BELEDİYESİ BASIN YAYIN HALKLA İLİŞKİLER MÜDÜRLÜĞÜ,1,1,False,-1,Municipal/Local,
buyer,ŞEHİTKAMİL BELEDİYESİ BİLGİ İŞLEM MÜDÜRLÜĞÜ,2,2,True,5,Municipal/Local,
buyer,ŞEHİTKAMİL BELEDİYESİ KÜLTÜR VE SOSYAL İŞLER MÜDÜRLÜĞÜ,1,1,True,18,Municipal/Local,
buyer,ŞEHİTKAMİL BELEDİYESİ SOSYAL YARDIM İŞLERİ MÜDÜRLÜĞÜ,1,1,False,-1,Municipal/Local,
buyer,ŞEHİTKAMİL BELEDİYESİ ÖZEL KALEM MÜDÜRLÜĞÜ,1,1,False,-1,Municipal/Local,
buyer,ŞIRNAK ÖZEL İDARESİ Silopi İlçe Özel İdaresi,1,1,True,29,Other public,
buyer,Şahinbey Araştırma ve Uygulama Hastanesi YÜKSEKÖĞRETİM KURUMLARI GAZİANTEP ÜNİVERSİTESİ,1,1,False,-1,Health,
buyer,Şanlıurfa Göç İdaresi İl Müdürlüğü İÇİŞLERİ BAKANLIĞI GÖÇ İDARESİ GENEL MÜDÜRLÜĞÜ,1,1,True,30,Security/Interior,
buyer,Şanlıurfa Kadın Hastalıkları ve Doğum Hastanesi SAĞLIK BAKANLIĞI BAKAN YARDIMCILIKLARI,1,1,True,1,Health,
buyer,Şanlıurfa Kamu Hastane Birliği SAĞLIK BAKANLIĞI TÜRKİYE KAMU HASTANELERİ KURUMU,1,1,True,1,Health,
buyer,Şanlıurfa Su ve Kanalizasyon İdaresi Genel Müdürlüğü Bilgi İşlem Daire Başkanlığı,1,1,True,6,Infrastructure/Transport,
buyer,Şanlıurfa Su ve Kanalizasyon İdaresi Genel Müdürlüğü DESTEK HİZMETLERİ DAİRE BAŞKANLIĞI,1,1,False,-1,Infrastructure/Transport,
buyer,Şanlıurfa Su ve Kanalizasyon İdaresi Genel Müdürlüğü Strateji Geliştirme Daire Başkanlığı,1,1,True,25,Infrastructure/Transport,
buyer,Şanlıurfa Teknik ve Endüstri Meslek Lisesi MİLLİ EĞİTİM BAKANLIĞI BAKAN YARDIMCILIKLARI,1,1,False,-1,Education,
buyer,Şanlıurfa İl Milli Eğitim Müdürlüğü- MİLLİ EĞİTİM BAKANLIĞI BAKAN YARDIMCILIKLARI,1,1,False,-1,Education,
buyer,Şarkikaraağaç İlçe Milli Eğitim Müdürlüğü- MİLLİ EĞİTİM BAKANLIĞI BAKAN YARDIMCILIKLARI,1,1,False,-1,Education,
buyer,Şehir Hastanesi- DR.LÜTFİ KIRDAR KARTAL SAĞLIK BAKANLIĞI BAKAN YARDIMCILIKLARI,1,2,True,32,Health,
buyer,Şehir Hastanesi-Ankara SAĞLIK BAKANLIĞI BAKAN YARDIMCILIKLARI,8,20,True,1,Health,
buyer,Şehir Hastanesi-Antalya SAĞLIK BAKANLIĞI BAKAN YARDIMCILIKLARI,3,3,True,12,Health,
buyer,Şehir Hastanesi-Kayseri SAĞLIK BAKANLIĞI BAKAN YARDIMCILIKLARI,1,1,True,9,Health,
buyer,Şeker Kurumu  Personel İdari ve Mali İşler Koordinatörlüğü,3,3,True,0,Other public,
buyer,Şemdinli İlçe Milli Eğitim Müdürlüğü- MİLLİ EĞİTİM BAKANLIĞI BAKAN YARDIMCILIKLARI,1,1,False,-1,Education,
buyer,Şirvan İlçe Milli Eğitim Müdürlüğü- MİLLİ EĞİTİM BAKANLIĞI BAKAN YARDIMCILIKLARI,1,1,False,-1,Education,
buyer,ŞİŞLİ BELEDİYE BAŞKANLIĞI,21,28,True,3,Municipal/Local,
buyer,Şırnak  Özel İdaresi Destek Hizmetleri Müdürlüğü,2,3,True,13,Other public,
buyer,Şırnak Dt. Nurullah KADİRHAN Ağız ve Diş Sağlığı Merkezi SAĞLIK BAKANLIĞI BAKAN YARDIMCILIKLARI,1,1,False,-1,Health,
buyer,Şırnak Kamu Hastane Birliği SAĞLIK BAKANLIĞI TÜRKİYE KAMU HASTANELERİ KURUMU,4,6,True,17,Health,
buyer,Şırnak İl Milli Eğitim Müdürlüğü- MİLLİ EĞİTİM BAKANLIĞI BAKAN YARDIMCILIKLARI,1,1,True,17,Education,
