contract,pool_size,winner_in_pool,n_incumbents,n_incumbents_in_pool,last_supplier_in_pool,winner_incumbent
1,34,True,2,2,1,1
6,64,True,2,2,1,0
9,105,True,1,1,1,0
11,64,True,3,2,1,1
18,34,True,2,2,1,1
27,7,True,1,1,1,1
32,101,True,1,1,1,1
35,46,False,1,0,0,0
39,112,False,8,3,1,0
40,111,False,2,1,1,0
42,101,False,1,1,1,0
43,110,False,2,2,1,0
47,65,True,1,1,1,0
48,36,True,1,0,0,0
50,47,True,6,4,1,1
53,33,True,1,1,1,0
54,64,False,5,0,0,0
59,33,True,1,1,1,1
61,33,True,2,2,1,0
62,55,True,1,1,1,0
63,47,True,1,1,1,1
66,55,True,6,3,1,1
69,105,True,1,1,1,0
72,36,True,1,1,1,1
73,71,True,6,2,1,1
74,36,True,1,1,1,0
80,67,True,1,1,1,0
81,33,True,1,1,1,0
83,70,False,1,0,0,0
84,67,False,1,1,1,0
87,67,True,4,0,0,0
88,67,False,2,2,1,0
90,67,True,1,1,1,1
91,54,True,6,3,1,1
92,6,False,1,0,0,0
93,106,True,4,1,1,1
97,36,False,4,0,0,1
99,105,True,1,0,0,0
101,56,True,6,6,1,1
103,33,True,1,1,1,0
104,68,False,1,1,1,0
106,103,False,1,1,1,0
110,101,False,3,0,0,0
111,78,False,1,1,1,0
115,27,False,2,2,1,0
118,104,True,5,2,1,1
119,31,False,1,1,1,0
123,106,True,5,2,1,1
124,50,True,5,3,1,1
125,104,False,5,1,0,0
126,68,False,1,0,0,0
132,35,True,1,1,1,1
136,45,True,1,0,0,0
139,101,False,1,1,1,0
142,103,False,5,4,1,0
144,67,False,3,1,0,0
145,68,False,1,0,0,0
152,99,False,1,1,1,0
158,29,True,1,1,1,1
160,29,True,1,1,1,1
161,29,True,1,1,1,1
162,96,False,1,1,1,0
163,21,False,5,3,1,0
165,56,True,5,5,1,1
166,49,False,1,0,0,1
171,66,False,5,1,1,0
174,108,True,1,0,0,0
175,70,False,8,1,1,0
176,29,True,2,2,1,1
178,108,False,1,0,0,0
179,95,False,2,1,1,0
180,108,True,1,1,1,0
181,23,True,5,3,1,1
183,50,True,2,2,1,1
184,107,False,1,1,1,0
189,94,False,5,1,1,0
191,22,False,2,0,0,0
193,66,False,1,0,0,1
196,94,True,2,2,1,0
197,29,True,1,1,1,0
198,70,True,6,1,0,0
205,70,True,4,0,0,0
207,75,False,1,0,0,0
208,53,False,1,1,1,0
210,37,True,1,1,1,0
211,69,False,1,1,1,0
213,100,True,1,1,1,1
217,98,False,1,1,1,0
220,111,False,1,0,0,0
221,19,False,1,1,1,0
227,95,False,1,0,0,0
230,96,False,10,3,1,1
231,108,False,1,1,1,0
232,74,True,2,2,1,1
234,74,True,5,1,1,0
235,30,True,1,1,1,0
237,95,False,6,2,1,1
240,61,False,4,0,0,0
242,77,False,1,0,0,0
243,52,True,6,4,1,1
244,52,True,2,1,1,1
246,97,True,1,1,1,0
248,110,True,4,4,1,1
249,62,True,1,1,1,1
250,60,False,1,0,0,0
251,110,True,1,1,1,1
253,75,True,1,0,0,0
255,109,True,1,1,1,1
256,59,False,4,1,0,0
257,50,True,2,1,1,1
261,110,True,1,1,1,1
262,26,False,1,0,0,0
263,97,False,3,1,1,0
266,79,False,5,4,1,0
267,52,True,3,1,1,1
268,59,False,2,2,1,0
269,79,True,8,3,1,1
270,8,True,1,0,0,0
271,79,True,5,3,1,1
273,79,True,4,3,1,0
274,97,False,1,1,1,0
277,51,True,1,1,1,1
278,78,False,4,0,0,0
279,109,False,1,1,1,0
280,50,False,5,5,1,0
284,78,True,1,1,1,1
285,94,False,2,0,0,0
286,94,True,1,0,0,0
288,78,False,8,2,1,0
289,77,False,2,0,0,0
290,77,True,1,1,1,1
292,77,True,3,2,1,1
294,60,False,1,0,0,0
296,76,False,8,1,1,1
297,36,False,1,0,0,1
298,27,True,1,1,1,1
300,76,True,2,2,1,1
304,76,True,1,1,1,0
305,76,False,7,2,1,1
306,61,False,3,2,1,0
308,109,False,4,3,1,0
311,26,True,4,2,1,1
313,73,False,1,1,1,0
316,73,True,9,7,1,1
317,38,False,4,2,1,0
319,60,False,1,1,1,0
321,72,False,2,0,0,0
322,51,True,4,2,1,1
323,72,True,1,0,0,0
327,94,False,1,1,1,0
329,111,True,4,1,1,1
331,74,False,1,1,1,0
332,112,True,3,0,0,0
335,96,True,5,1,1,1
336,50,True,4,4,1,0
337,96,False,3,0,0,0
339,74,True,1,1,1,1
340,114,True,4,1,1,0
341,62,True,6,3,1,1
342,62,True,3,1,1,1
345,37,True,1,0,0,0
346,26,False,2,2,1,0
348,98,False,2,1,1,0
349,49,True,3,3,1,0
350,28,True,1,1,1,1
351,98,True,4,1,1,1
355,98,False,3,1,0,0
360,97,True,1,1,1,1
361,74,False,1,1,1,0
364,48,False,1,1,1,0
365,75,True,3,3,1,0
369,108,True,1,1,1,1
371,48,True,1,0,0,0
372,100,True,1,1,1,1
373,102,False,1,1,1,0
375,78,True,3,1,1,1
376,64,True,2,2,1,1
377,101,True,1,1,1,1
379,109,False,2,2,1,0
380,28,True,2,1,1,1
381,78,False,7,3,1,0
382,47,False,5,5,1,0
384,106,False,11,2,1,1
385,40,True,1,0,0,0
387,67,False,3,3,1,0
388,106,False,3,0,0,1
391,104,False,3,1,1,0
395,114,True,1,1,1,0
396,69,True,9,2,1,1
397,45,True,3,3,1,1
398,116,True,2,1,1,0
399,115,False,4,2,1,0
400,76,False,1,1,1,0
401,37,False,8,4,1,0
402,68,False,8,1,1,0
403,75,False,8,4,1,0
405,109,False,1,0,0,0
406,109,False,4,2,1,0
407,116,True,3,3,1,1
408,109,True,3,2,1,1
409,109,False,7,2,1,0
410,28,False,1,1,1,0
413,45,False,2,0,0,1
417,55,True,1,1,1,1
419,55,False,4,2,1,0
420,38,False,1,0,0,0
422,79,True,3,1,1,1
425,78,False,7,3,1,0
431,77,False,3,2,1,0
432,117,True,4,2,1,1
433,115,True,4,1,1,1
434,115,False,6,1,1,0
436,116,False,3,1,1,0
437,55,False,3,1,1,0
438,46,False,1,0,0,0
439,82,False,4,3,1,0
442,55,False,1,0,0,0
443,117,False,5,3,1,0
445,45,False,2,2,1,0
446,117,False,1,0,0,0
447,82,True,5,0,0,0
448,36,True,4,2,1,1
449,73,True,1,1,1,0
450,95,False,1,1,1,0
451,119,False,3,3,1,0
452,72,False,2,1,0,0
453,71,False,1,1,1,0
454,39,False,1,1,1,0
455,83,True,2,2,1,1
456,72,False,2,2,1,0
458,81,False,7,0,0,0
459,81,True,1,1,1,1
460,117,False,3,0,0,0
463,72,True,1,0,0,0
465,72,True,4,2,1,1
466,121,False,1,1,1,0
467,82,True,3,2,1,1
469,46,False,3,3,1,0
470,117,True,1,1,1,1
472,55,False,3,1,1,1
473,29,False,1,1,1,0
474,55,True,4,4,1,1
475,118,True,1,1,1,1
476,55,True,3,2,1,0
479,29,True,2,2,1,1
480,118,True,1,1,1,1
482,19,False,1,1,1,0
483,125,True,3,1,0,1
484,73,True,3,1,1,1
487,73,True,4,2,1,1
491,33,False,2,0,0,0
492,122,True,1,1,1,1
493,73,False,1,1,1,0
494,58,True,1,1,1,1
495,72,False,5,1,0,0
496,38,True,1,1,1,1
497,82,False,1,1,1,0
498,31,True,2,2,1,1
500,81,False,2,1,0,0
501,130,False,2,0,0,0
502,123,True,1,1,1,1
503,57,False,1,1,1,0
505,56,False,1,0,0,0
506,81,True,8,5,1,1
508,56,True,3,3,1,0
509,39,False,1,0,0,0
511,72,True,1,1,1,1
512,129,False,3,1,1,0
514,31,True,1,1,1,1
515,80,True,1,1,1,1
516,122,False,2,2,1,0
517,71,False,1,0,0,0
518,125,True,1,1,1,1
519,31,True,5,3,1,1
520,48,True,5,4,1,1
521,57,False,1,1,1,0
522,79,False,7,4,1,0
525,73,True,6,3,1,1
526,131,False,2,1,1,0
532,78,True,7,5,1,0
533,78,True,2,1,1,1
535,78,True,2,1,1,1
536,26,False,1,0,0,0
539,124,False,12,9,1,0
540,32,True,1,1,1,1
541,51,True,2,1,1,0
542,52,True,1,1,1,1
543,78,False,7,0,0,0
544,53,True,5,1,1,0
546,77,False,11,5,1,1
548,76,True,4,2,1,1
551,76,False,2,1,1,0
552,52,False,3,1,1,0
553,53,True,4,0,0,0
554,33,True,1,1,1,1
555,77,True,8,4,1,1
556,78,True,2,1,1,1
559,137,True,2,1,1,0
560,137,True,3,0,0,0
561,79,True,1,1,1,0
564,140,False,1,0,0,0
566,123,True,2,2,1,0
571,139,False,2,2,1,0
572,139,True,1,0,0,0
573,80,True,2,1,1,0
574,124,False,4,2,1,0
575,80,True,1,0,0,0
576,139,True,6,1,1,0
578,124,True,2,2,1,1
579,82,True,1,1,1,1
580,52,True,1,1,1,1
581,123,True,3,3,1,1
587,79,True,3,1,1,0
589,143,False,6,4,1,0
591,147,False,3,1,1,0
595,54,False,2,1,1,0
598,78,False,3,1,1,0
600,150,True,2,1,1,0
601,49,False,2,2,1,0
602,122,True,1,0,0,0
604,121,False,1,1,1,0
605,150,False,1,0,0,0
608,26,False,3,2,1,0
610,50,True,2,0,0,0
611,118,True,1,1,1,0
612,150,False,5,2,1,1
615,118,False,1,1,1,0
616,117,False,3,1,0,0
617,117,True,3,1,1,1
622,40,True,3,3,1,0
624,148,False,5,2,1,0
625,11,False,1,0,0,0
626,37,True,5,4,1,1
628,11,True,1,1,1,1
629,52,False,2,0,0,0
631,52,False,1,0,0,0
633,147,False,3,2,1,0
635,84,False,1,1,1,0
636,36,False,4,3,1,0
637,119,False,1,1,1,0
639,83,True,1,1,1,0
640,119,False,2,1,1,0
641,51,True,3,2,1,1
642,86,True,4,4,1,0
643,35,False,1,0,0,1
644,147,False,1,0,0,0
645,85,False,3,2,1,0
647,40,True,1,1,1,1
651,27,False,1,1,1,0
655,38,False,2,2,1,0
656,49,False,2,1,1,0
657,149,True,1,0,0,0
659,149,False,5,3,1,0
660,80,True,1,1,1,0
663,120,True,4,2,1,1
664,79,True,1,1,1,0
665,147,False,3,2,1,0
668,148,True,2,0,0,0
669,79,True,2,2,1,1
670,78,False,2,1,1,0
671,120,True,1,1,1,1
672,37,True,2,2,1,1
673,82,False,5,3,1,1
675,49,True,1,1,1,1
676,53,True,1,1,1,1
677,38,False,2,2,1,0
678,150,False,1,1,1,0
679,78,False,8,5,1,1
681,85,True,2,1,0,1
682,121,True,10,7,1,1
683,37,True,3,3,1,0
684,37,True,4,4,1,1
686,122,True,2,2,1,1
687,51,False,4,0,0,0
690,84,False,4,2,1,0
691,151,False,1,1,1,0
693,49,False,7,5,1,0
698,50,True,1,1,1,1
699,86,True,3,2,1,1
700,85,False,3,1,1,0
701,80,True,5,2,1,0
703,123,False,1,0,0,0
704,51,False,4,3,1,0
706,123,True,1,1,1,1
707,158,True,1,1,1,0
709,40,True,2,0,0,0
710,35,True,1,1,1,1
713,84,True,1,1,1,1
715,123,False,6,1,0,1
717,79,True,6,3,1,0
718,40,True,1,1,1,0
720,40,True,1,0,0,0
721,52,False,6,4,1,0
728,158,False,3,1,0,0
729,39,True,3,1,1,0
730,77,True,6,3,1,1
732,80,True,7,4,1,1
733,121,False,7,0,0,0
734,40,True,2,1,1,1
735,156,False,4,2,1,0
736,79,False,6,3,1,0
737,54,True,3,2,1,1
738,155,False,2,1,1,0
739,49,True,1,1,1,1
740,84,True,5,2,1,0
742,157,False,4,3,1,0
743,78,False,3,3,1,0
744,78,True,2,1,1,1
745,83,False,3,1,1,0
746,118,False,1,0,0,0
748,78,True,1,0,0,0
751,154,False,8,4,1,0
752,154,False,10,3,0,0
753,80,True,10,5,1,0
755,118,True,1,1,1,1
756,153,True,5,0,0,0
759,119,True,6,1,1,1
762,56,False,1,1,1,0
765,38,True,1,1,1,1
767,154,False,2,0,0,0
768,153,False,3,2,1,0
770,120,True,2,2,1,1
771,97,False,1,0,0,0
772,154,True,4,2,1,0
774,81,True,9,5,1,0
778,119,False,3,1,1,0
780,80,True,1,1,1,1
781,80,True,4,2,1,1
784,81,False,1,0,0,0
787,93,False,2,2,1,0
792,81,True,7,5,1,0
793,79,False,3,0,0,1
794,40,True,2,1,1,1
796,40,True,2,0,0,0
797,118,False,1,1,1,0
800,149,True,2,2,1,1
801,81,True,1,1,1,1
802,39,False,1,0,0,0
803,78,False,3,1,1,0
805,57,False,5,3,1,0
807,81,True,6,1,0,0
809,120,False,2,1,1,0
810,151,True,4,3,1,1
811,43,True,1,1,1,1
813,119,True,4,2,1,1
814,119,False,1,1,1,0
817,80,False,2,2,1,0
818,150,False,1,1,1,0
819,150,False,1,1,1,0
822,148,True,7,3,1,1
823,148,False,1,0,0,0
824,148,False,1,0,0,0
826,147,True,1,1,1,0
827,78,False,1,1,1,0
829,145,False,1,0,0,0
830,144,False,3,2,1,0
831,118,True,10,3,0,0
839,140,False,3,2,1,0
840,117,False,1,1,1,0
841,140,False,4,2,1,0
844,80,True,5,3,1,0
846,138,False,2,1,1,0
847,81,False,4,2,1,0
848,118,True,1,1,1,1
850,137,False,2,1,1,0
851,40,True,3,2,1,1
853,38,False,2,0,0,0
854,47,False,2,1,1,0
856,80,False,1,0,0,0
858,138,True,3,1,1,0
859,57,True,3,3,1,1
860,80,True,7,5,1,1
861,39,True,1,1,1,1
862,79,True,5,1,1,0
865,117,False,5,0,0,0
866,140,False,6,2,1,0
867,83,True,2,0,0,0
870,140,True,1,0,0,0
872,37,False,2,0,0,0
875,116,False,1,1,1,0
876,47,True,3,1,1,1
877,139,False,1,0,0,0
878,115,True,1,1,1,1
879,31,False,1,0,0,0
880,31,True,2,2,1,1
883,142,False,2,1,1,0
884,141,False,1,0,0,0
885,55,True,3,1,1,1
886,115,True,3,2,1,1
887,47,True,4,3,1,1
888,77,True,3,1,1,1
889,77,False,3,3,1,0
890,115,True,3,2,1,1
892,140,True,2,1,1,0
893,76,False,1,0,0,0
894,140,False,1,0,0,0
896,8,True,2,0,0,0
897,114,True,2,0,0,0
898,75,True,1,1,1,1
900,140,False,5,1,1,0
901,117,True,1,1,1,1
903,74,False,1,0,0,0
905,140,True,1,1,1,1
906,139,False,5,1,0,0
907,45,True,2,1,1,1
908,55,True,2,0,0,0
909,30,False,1,1,1,0
910,36,False,1,0,0,0
912,54,False,1,0,0,0
913,141,False,2,1,1,1
916,141,False,2,1,1,0
917,75,True,3,0,0,0
918,39,True,1,1,1,1
921,141,True,2,2,1,0
925,138,False,1,1,1,0
927,55,True,1,1,1,1
928,139,False,1,1,1,0
929,75,True,3,3,1,1
930,74,False,2,2,1,0
932,87,True,1,1,1,0
933,73,False,4,1,1,0
936,55,False,2,2,1,0
937,138,False,1,1,1,0
939,82,True,8,3,1,1
940,117,True,1,0,0,0
941,86,False,3,2,1,0
942,117,True,1,1,1,1
943,116,False,1,1,1,0
945,138,False,3,2,1,0
946,55,True,4,1,1,1
948,37,False,5,2,1,0
950,38,True,3,2,1,1
952,136,False,3,1,1,1
954,112,False,1,1,1,0
959,135,True,1,1,1,1
961,73,True,4,3,1,1
962,110,False,1,1,1,0
963,72,False,1,1,1,0
965,74,True,5,2,1,1
966,85,False,2,2,1,0
967,138,True,1,0,0,0
968,109,False,2,0,0,1
969,138,True,3,1,1,0
972,84,False,7,2,1,0
974,60,True,1,1,1,1
975,40,True,1,1,1,1
977,106,True,1,1,1,1
978,74,False,1,1,1,0
979,38,True,1,1,1,1
980,60,True,3,1,1,1
981,138,True,10,2,1,1
982,48,False,2,1,1,0
983,43,True,2,2,1,1
985,105,True,4,2,1,1
986,138,False,2,2,1,0
987,105,True,3,1,1,1
988,60,True,1,1,1,1
990,46,False,1,0,0,0
991,40,False,2,0,0,0
994,77,True,6,3,1,0
995,45,True,1,1,1,1
998,101,False,1,1,1,0
999,137,False,1,0,0,0
1000,61,True,3,3,1,1
1001,77,True,6,5,1,1
1003,77,True,4,1,0,0
1005,102,True,1,1,1,1
1013,77,False,1,1,1,0
1014,44,False,1,0,0,0
1015,100,True,2,2,1,1
1017,87,True,7,3,1,1
1018,42,True,2,1,1,0
1020,133,False,2,1,0,0
1023,40,True,1,1,1,0
1024,133,True,9,1,1,0
1026,40,True,1,1,1,1
1027,77,True,3,0,0,0
1028,97,True,4,2,1,1
1032,43,False,1,0,0,0
1033,98,True,2,2,1,1
1035,76,False,6,0,0,0
1036,43,True,1,1,1,1
1042,130,False,4,1,1,0
1046,77,True,2,1,1,1
1047,82,False,6,2,1,0
1048,81,False,2,1,1,0
1049,76,False,8,5,1,0
1050,86,False,1,1,1,0
1051,132,False,4,1,1,0
1052,131,False,2,0,0,0
1053,97,False,1,0,0,0
1054,76,True,6,3,1,1
1056,76,True,3,2,1,0
1059,80,False,4,2,1,0
1060,129,False,2,1,1,0
1061,79,False,2,0,0,0
1062,129,True,2,1,1,0
1064,85,True,3,2,1,1
1065,128,False,2,1,1,0
1066,36,True,2,2,1,1
1067,96,False,9,1,1,0
1072,85,True,2,1,1,0
1073,60,False,2,1,1,1
1074,6,False,1,0,0,0
1075,128,False,1,1,1,0
1076,128,True,3,1,1,1
1077,96,True,2,1,1,0
1078,96,True,1,1,1,1
1079,73,True,1,1,1,1
1081,129,True,2,1,1,1
1082,83,False,1,1,1,0
1085,126,False,2,2,1,0
1087,80,False,3,2,1,0
1089,26,False,1,1,1,0
1090,40,False,1,0,0,1
1092,60,True,1,1,1,1
1093,73,True,2,2,1,1
1094,124,False,7,1,0,0
1095,73,True,3,2,1,1
1097,73,True,1,1,1,1
1098,73,True,5,3,1,1
1100,120,False,1,1,1,0
1101,120,False,1,1,1,0
1105,72,True,1,1,1,0
1106,119,False,3,0,0,0
1109,71,False,3,1,1,0
1110,79,False,2,1,1,0
1114,119,False,2,1,1,0
1115,93,False,1,1,1,0
1116,119,True,2,0,0,0
1117,72,True,6,4,1,0
1118,72,True,4,2,1,0
1119,119,True,2,0,0,0
1120,71,True,5,3,1,0
1121,91,False,5,2,1,1
1123,71,True,5,3,1,0
1124,91,False,7,2,1,0
1125,71,True,6,2,1,0
1126,79,True,1,1,1,1
1130,32,True,4,1,1,0
1131,64,True,1,0,0,0
1134,120,True,1,0,0,0
1135,72,True,2,1,1,0
1136,72,True,9,4,1,1
1137,32,True,1,1,1,1
1138,39,True,1,1,1,1
1139,73,True,2,0,0,0
1140,37,True,1,1,1,1
1141,37,True,1,0,0,0
1142,121,True,2,1,1,0
1143,73,True,1,1,1,1
1147,77,False,3,2,1,0
1148,34,False,4,1,1,0
1149,76,False,2,2,1,0
1150,94,False,2,1,1,0
1151,94,False,1,1,1,0
1152,32,True,1,0,0,0
1155,38,True,3,2,1,0
1156,93,False,2,2,1,0
1158,120,False,3,2,1,0
1159,76,True,2,1,1,0
1160,64,False,3,2,1,1
1161,93,True,2,1,1,1
1162,121,True,1,1,1,1
1165,124,True,2,2,1,1
1167,124,False,3,1,1,0
1168,33,False,1,1,1,0
1169,94,False,4,2,1,0
1170,48,False,1,0,0,0
1171,74,True,1,1,1,0
1172,123,False,1,1,1,0
1173,71,False,3,1,1,0
1174,71,False,2,1,1,0
1178,92,False,1,1,1,0
1179,92,True,3,2,1,1
1180,39,False,2,2,1,0
1181,120,False,1,1,1,0
1182,73,False,4,1,1,0
1183,120,False,1,1,1,0
1185,118,False,1,0,0,0
1188,117,False,2,1,1,0
1191,37,True,2,1,1,1
1195,92,False,2,1,1,0
1199,70,False,3,0,0,0
1200,34,False,1,1,1,0
1201,74,False,1,0,0,0
1202,116,False,1,0,0,0
1204,39,False,1,0,0,1
1206,80,False,1,1,1,0
1209,30,True,1,1,1,0
1210,79,False,5,1,1,0
1211,90,False,3,2,1,0
1212,70,False,3,1,0,0
1213,114,False,3,1,0,0
1215,113,False,1,1,1,0
1216,92,True,4,3,1,1
1220,68,False,4,1,0,0
1228,114,False,5,1,1,0
1230,68,True,2,2,1,0
1231,71,False,1,1,1,0
1233,69,True,1,1,1,1
1234,115,False,2,0,0,0
1237,114,True,1,1,1,1
1238,78,True,2,2,1,1
1239,68,True,5,3,1,1
1240,86,False,3,1,1,0
1241,114,False,1,0,0,0
1243,69,True,2,1,1,0
1247,28,True,1,1,1,0
1248,114,False,2,1,1,0
1250,69,True,6,3,1,1
1252,113,False,2,2,1,0
1253,112,False,3,0,0,0
1255,89,True,3,1,1,1
1256,59,True,1,1,1,1
1257,59,False,1,0,0,0
1258,59,True,4,1,1,1
1259,89,True,2,0,0,0
1260,113,True,1,1,1,1
1261,38,False,1,0,0,0
1264,111,False,1,1,1,0
1265,57,False,2,2,1,0
1266,29,False,2,0,0,0
1267,91,True,1,1,1,0
1269,110,False,1,0,0,0
1270,45,False,2,1,1,1
1271,68,True,3,2,1,0
1272,39,True,1,1,1,1
1274,91,True,3,2,1,1
1275,68,False,1,1,1,0
1276,91,True,2,1,1,0
1279,67,True,6,3,1,1
1282,69,True,1,1,1,1
1283,93,True,4,3,1,1
1285,59,True,3,1,1,1
1289,109,True,4,0,0,0
1290,93,True,3,2,1,1
1293,65,False,2,1,1,0
1295,29,True,5,1,0,0
1296,57,False,2,1,1,0
1297,57,True,3,1,0,1
1300,91,False,4,1,1,0
1301,106,False,2,0,0,0
1307,103,False,1,1,1,0
1309,63,False,4,2,1,0
1311,27,False,1,1,1,0
1313,61,True,6,4,1,1
1316,59,True,4,3,1,1
1317,91,True,4,3,1,1
1318,105,True,1,1,1,1
1319,23,False,2,0,0,0
1320,91,True,7,1,1,1
1323,70,True,4,3,1,1
1324,91,True,4,2,1,0
1327,103,False,1,1,1,0
1328,57,True,4,3,1,1
1329,103,False,2,0,0,0
1330,56,False,1,1,1,0
1331,62,True,2,1,1,1
1335,92,False,3,2,1,0
1336,64,True,6,5,1,1
1338,91,False,1,0,0,0
1339,90,False,3,1,1,0
1341,64,True,3,2,1,1
1342,40,True,1,1,1,1
1343,101,True,3,2,1,1
1345,63,False,7,4,1,0
1346,57,False,2,1,0,0
1351,64,True,4,3,1,0
1353,91,True,2,1,0,0
1354,91,False,1,1,1,0
1357,67,False,2,2,1,0
1361,103,False,2,1,0,0
1362,55,False,3,2,1,0
1363,64,True,1,1,1,0
1366,64,True,1,0,0,0
1368,103,False,2,0,0,0
1370,102,False,2,0,0,0
1371,91,True,5,1,1,0
1373,102,True,11,2,1,0
1374,64,True,1,1,1,1
1375,63,False,5,4,1,0
1376,23,False,1,1,1,0
1378,56,True,3,2,1,1
1382,63,True,6,4,1,0
1383,90,True,3,2,1,0
1384,63,True,4,1,0,0
1386,28,True,2,2,1,1
1388,64,False,1,1,1,0
1389,28,True,1,0,0,0
1393,103,False,1,0,0,1
1396,62,False,5,2,1,0
1397,65,True,4,2,1,1
1401,19,False,9,4,1,1
1404,65,False,2,1,1,0
1405,64,True,1,1,1,0
1406,64,False,7,5,1,0
1407,105,False,1,0,0,0
1409,56,False,2,1,0,0
1410,91,True,2,1,1,0
1411,63,True,1,1,1,1
1412,105,True,3,2,1,1
1415,62,False,1,0,0,0
1416,101,False,2,1,1,0
1417,93,True,3,2,1,1
1418,100,False,1,0,0,0
1419,59,False,1,1,1,0
1421,99,True,2,1,1,0
1425,61,True,1,1,1,1
1426,99,False,2,0,0,0
1428,29,False,3,0,0,0
1430,95,True,1,1,1,0
1431,59,False,2,1,0,0
1434,63,True,6,2,1,0
1436,97,False,1,1,1,0
1437,97,False,1,0,0,0
1438,96,False,2,1,1,0
1440,20,False,1,1,1,0
1442,62,False,1,1,1,0
1443,96,True,1,0,0,0
1445,94,False,1,0,0,0
1446,29,True,2,1,1,1
1447,94,False,1,0,0,0
1448,95,True,1,1,1,0
1450,61,False,5,2,1,0
1455,99,True,2,2,1,1
1456,62,True,1,1,1,0
1457,97,True,1,0,0,0
1458,60,True,1,1,1,1
1459,98,False,6,1,1,0
1460,58,False,1,1,1,0
1461,57,False,3,0,0,0
1462,61,False,2,1,1,0
1464,61,False,5,2,1,0
1465,86,False,1,0,0,0
1466,99,False,3,1,0,0
1467,58,True,2,2,1,1
1474,62,False,4,1,1,0
1476,44,True,1,1,1,1
1478,97,False,2,0,0,0
1479,98,True,2,0,0,0
1484,96,False,1,0,0,0
1485,102,True,2,1,1,1
1486,95,False,1,0,0,0
1487,94,False,4,2,1,0
1489,104,True,1,1,1,0
1491,94,True,1,1,1,1
1494,93,False,3,0,0,0
1495,92,False,1,0,0,0
1496,105,True,3,2,1,1
1500,53,False,3,2,1,0
1501,62,True,1,1,1,1
1503,46,True,2,2,1,1
1507,62,True,1,0,0,0
1508,90,False,2,0,0,0
1512,64,False,3,2,0,0
1513,63,False,2,0,0,0
1515,53,True,3,2,1,1
1516,52,False,1,1,1,0
1520,111,False,1,0,0,0
1524,53,True,1,1,1,1
1525,110,False,2,1,0,0
1526,63,True,4,2,1,0
1528,53,True,2,1,1,1
1529,43,True,1,1,1,1
1531,30,True,1,1,1,1
1533,111,True,1,1,1,1
1535,31,True,1,0,0,0
1536,63,False,1,1,1,0
1537,90,True,3,2,1,1
1539,54,False,4,4,1,0
1541,31,True,2,1,1,0
1544,43,True,1,0,0,0
1545,112,True,3,1,1,1
1547,54,True,4,4,1,1
1548,61,True,1,1,1,1
1551,113,True,2,1,1,1
1553,54,True,3,1,1,1
1555,20,True,2,0,0,0
1558,112,False,5,3,1,0
1560,41,True,3,1,1,1
1564,44,True,1,1,1,0
1565,58,False,3,2,1,0
1566,67,True,1,0,0,0
1568,78,False,1,0,0,1
1569,68,True,4,3,1,1
1573,115,False,2,1,1,0
1575,70,True,4,1,1,1
1576,70,True,1,1,1,0
1579,115,False,1,1,1,0
1581,43,True,1,1,1,1
1582,70,False,2,1,1,0
1584,70,True,5,3,1,0
1586,97,False,1,0,0,0
1587,113,True,1,0,0,0
1589,69,False,4,1,1,1
1595,69,True,2,1,1,1
1597,98,False,2,2,1,0
1598,57,False,1,1,1,0
1601,70,True,1,1,1,0
1602,69,False,3,1,0,0
1604,35,False,3,1,1,0
1608,65,False,1,0,0,0
1609,117,False,5,0,0,0
1610,72,False,5,4,1,0
1612,116,False,5,0,0,0
1614,97,False,1,0,0,0
1616,65,False,1,1,1,0
1617,95,False,1,0,0,0
1618,95,False,1,0,0,0
1619,96,False,10,2,1,0
1621,44,True,1,1,1,1
1623,73,True,5,1,1,0
1624,57,False,3,1,1,0
1629,100,False,3,0,0,0
1630,72,False,4,2,1,0
1631,119,False,9,4,1,0
1632,120,True,1,1,1,1
1633,42,False,2,2,1,0
1634,73,True,1,1,1,1
1635,101,False,1,1,1,0
1636,73,True,4,2,1,1
1637,101,False,1,1,1,0
1640,20,False,1,1,1,0
1641,76,True,4,3,1,1
1642,123,False,1,1,1,0
1648,121,False,1,0,0,0
1650,100,False,10,1,1,1
1652,78,True,4,2,1,1
1654,52,False,1,0,0,0
1656,123,False,1,1,1,0
1657,78,False,1,0,0,0
1658,78,True,1,1,1,1
1659,82,False,3,2,1,0
1660,123,True,1,1,1,1
1668,54,False,1,0,0,0
1669,72,False,1,0,0,1
1673,79,False,4,4,1,0
1675,44,False,3,2,1,0
1676,111,True,3,1,1,1
1677,130,True,1,1,1,1
1678,130,True,3,1,1,0
1680,111,True,1,0,0,0
1681,72,False,3,1,1,1
1682,43,False,2,1,1,1
1686,109,False,1,1,1,0
1687,80,False,3,1,1,0
1688,37,True,2,2,1,1
1689,109,True,1,1,1,1
1690,109,True,2,1,1,1
1691,109,True,1,0,0,0
1692,132,True,2,1,1,1
1693,72,True,4,0,0,0
1695,108,False,1,0,0,0
1696,108,True,2,1,1,1
1697,17,False,1,1,1,0
1698,109,True,1,0,0,0
1699,36,True,1,0,0,0
1701,108,False,1,0,0,0
1702,78,False,3,2,1,0
1703,107,False,8,3,1,0
1705,40,False,1,0,0,0
1706,71,True,4,1,1,0
1708,78,True,3,1,1,0
1711,15,False,7,1,1,0
1712,78,True,2,0,0,0
1713,132,False,3,0,0,1
1715,133,True,3,1,1,0
1717,63,False,3,3,1,0
1718,40,True,2,1,1,0
1719,63,True,2,2,1,1
1720,132,True,1,1,1,1
1722,65,True,1,1,1,1
1723,40,True,2,1,1,0
1724,40,False,1,0,0,0
1725,132,True,2,2,1,1
1726,40,True,2,2,1,0
1727,65,True,1,1,1,1
1728,71,True,1,1,1,1
1730,40,True,1,1,1,0
1731,133,True,3,2,1,1
1732,39,True,1,1,1,1
1734,106,False,1,0,0,0
1735,132,False,1,1,1,0
1738,70,False,1,1,1,0
1740,68,True,3,1,1,1
1741,67,True,2,2,1,1
1742,84,True,4,2,1,0
1743,85,True,4,3,1,1
1747,68,True,1,1,1,1
1748,72,True,3,2,1,1
1751,84,True,1,0,0,0
1752,67,False,3,1,1,1
1753,15,True,1,1,1,1
1754,117,True,3,2,1,1
1756,117,True,1,1,1,0
1757,72,True,3,1,1,0
1758,66,True,2,0,0,0
1760,89,True,4,1,1,1
1761,67,False,1,1,1,0
1763,115,False,1,0,0,0
1765,135,False,3,2,1,0
1766,93,True,3,1,1,0
1767,93,True,4,2,1,0
1768,94,True,1,0,0,0
1769,71,False,1,0,0,0
1770,113,True,2,1,1,1
1771,113,True,2,1,1,1
1776,138,True,3,3,1,1
1780,113,True,7,4,1,0
1781,66,False,1,0,0,0
1782,93,True,2,1,1,1
1784,92,False,1,1,1,0
1786,140,True,2,0,0,0
1790,90,True,1,1,1,0
1796,90,True,2,1,1,1
1797,140,True,1,1,1,1
1800,37,True,3,1,1,1
1801,40,False,1,1,1,0
1804,139,False,7,2,1,0
1805,37,False,1,1,1,0
1807,71,False,2,1,1,0
1808,42,False,1,1,1,0
1809,87,True,2,2,1,0
1811,65,False,2,2,1,0
1812,111,False,2,1,1,0
1813,110,False,1,0,0,0
1817,42,True,1,1,1,0
1818,64,False,2,1,1,0
1821,64,False,1,1,1,0
1822,90,False,1,0,0,0
1823,90,False,3,1,1,0
1824,43,True,1,1,1,1
1828,112,False,1,1,1,0
1833,89,False,4,2,1,0
1836,112,True,1,1,1,1
1838,111,True,1,1,1,0
1841,46,True,2,2,1,1
1846,64,False,2,2,1,0
1849,143,True,3,3,1,1
1854,38,True,1,1,1,1
1856,94,True,3,2,1,0
1857,143,False,1,1,1,0
1859,117,True,1,1,1,1
1861,93,True,1,1,1,1
1862,75,False,2,0,0,0
1863,64,False,2,2,1,0
1864,118,False,10,1,1,1
1868,93,True,1,1,1,1
1871,95,False,4,3,1,0
1875,95,True,1,1,1,0
1878,75,False,1,1,1,0
1879,126,False,7,3,1,0
1881,143,False,3,2,1,1
1885,96,True,6,4,1,0
1887,94,False,5,2,1,0
1890,128,True,3,2,1,1
1892,77,False,1,1,1,0
1893,62,False,1,1,1,0
1895,46,True,1,0,0,0
1896,126,False,1,0,0,0
1898,46,True,1,1,1,1
1904,46,True,1,0,0,0
1907,93,False,1,0,0,0
1909,62,False,1,1,1,0
1910,144,False,1,0,0,0
1912,128,True,2,2,1,1
1914,142,False,1,0,0,0
1915,127,False,2,2,1,0
1916,17,True,2,2,1,1
1917,61,False,1,0,0,0
1922,45,True,2,2,1,0
1924,128,False,2,1,1,0
1925,78,False,3,1,1,0
1927,46,True,2,2,1,1
1930,45,True,1,0,0,0
1932,142,True,4,3,1,0
1934,139,False,2,2,1,0
1935,139,False,1,1,1,0
1936,62,True,1,1,1,1
1938,75,False,1,0,0,0
1939,90,False,2,1,1,0
1940,81,False,1,1,1,0
1945,133,False,1,1,1,0
1946,142,False,4,3,1,0
1948,65,True,1,1,1,1
1949,133,False,1,1,1,0
1950,67,True,1,1,1,1
1951,67,True,3,1,1,0
1952,67,True,2,1,1,1
1954,90,True,2,2,1,0
1955,137,False,3,2,1,0
1957,137,False,4,1,0,0
1961,68,False,1,1,1,0
1962,91,True,4,4,1,1
1963,138,False,4,2,1,1
1964,68,True,1,1,1,0
1965,135,False,3,1,1,0
1966,92,True,2,2,1,1
1968,91,False,1,1,1,0
1970,68,True,1,1,1,1
1971,138,True,2,2,1,0
1972,83,True,1,1,1,1
1974,83,True,1,1,1,0
1975,69,True,1,1,1,1
1976,46,False,1,1,1,0
1979,46,True,2,2,1,1
1980,92,True,2,0,0,0
1981,46,True,2,2,1,1
1982,92,True,4,3,1,0
1984,139,True,1,1,1,0
1985,92,False,2,1,0,0
1990,84,True,4,2,1,1
1992,84,False,2,1,1,0
1993,45,False,1,1,1,0
1994,141,True,2,0,0,0
1995,69,False,2,2,1,0
1997,93,True,4,3,1,1
1999,142,False,1,1,1,0
2000,92,False,2,2,1,0
2002,142,True,2,2,1,1
2005,68,False,3,2,1,1
2009,139,False,1,0,0,0
2010,139,False,1,1,1,0
2012,89,False,2,2,1,0
2013,85,True,2,2,1,1
2014,49,True,3,1,1,1
2015,139,False,2,1,1,0
2016,82,False,5,0,0,0
2022,137,True,6,2,1,0
2025,136,False,1,1,1,0
2026,88,False,3,2,1,0
2027,69,True,1,1,1,1
2028,76,True,1,1,1,1
2029,69,True,2,1,1,1
2030,87,False,3,2,1,0
2032,87,True,1,1,1,1
2033,52,True,1,1,1,0
2034,87,True,5,5,1,0
2035,69,True,1,1,1,0
2036,136,False,4,1,0,0
2038,87,True,4,3,1,1
2039,135,False,1,0,0,0
2041,87,True,4,4,1,1
2042,146,True,1,1,1,0
2045,69,False,4,1,1,0
2051,134,False,1,0,0,0
2053,68,False,1,1,1,0
2055,45,True,2,2,1,1
2056,138,False,1,0,0,0
2057,137,False,1,1,1,0
2058,88,True,4,3,1,1
2060,87,False,2,2,1,0
2063,137,False,1,1,1,0
2064,84,False,1,0,0,0
2066,88,True,1,1,1,0
2067,138,True,1,0,0,0
2068,151,True,1,1,1,0
2069,88,True,3,2,1,0
2070,154,True,2,2,1,1
2073,89,False,2,1,0,0
2074,89,True,3,2,1,1
2077,33,False,3,2,1,1
2079,76,False,1,0,0,0
2080,136,False,1,1,1,0
2082,89,True,1,1,1,0
2087,88,True,1,1,1,0
2090,153,True,2,1,1,0
2091,88,False,1,1,1,0
2096,154,True,1,1,1,0
2103,88,True,5,3,0,1
2105,136,True,5,1,0,0
2107,135,False,1,1,1,0
2110,71,False,1,1,1,0
2111,135,False,1,1,1,0
2114,154,False,3,2,1,0
2116,155,True,1,0,0,0
2117,17,True,2,1,1,0
2118,81,True,3,3,1,1
2119,138,True,1,1,1,0
2120,87,False,3,2,1,0
2121,73,True,1,1,1,1
2125,16,False,1,1,1,0
2126,136,False,1,1,1,0
2127,16,True,1,1,1,0
2128,80,False,1,1,1,0
2131,86,True,2,1,1,0
2132,135,False,2,0,0,0
2136,134,True,1,1,1,0
2137,82,False,2,2,1,0
2138,150,False,2,0,0,0
2144,59,True,1,1,1,0
2146,150,True,1,0,0,0
2147,45,False,2,1,1,1
2148,44,False,2,0,0,1
2150,150,False,1,0,0,0
2152,87,True,2,1,1,0
2154,31,False,1,0,0,0
2157,87,True,1,1,1,0
2158,147,True,5,5,1,0
2160,147,False,2,1,1,0
2162,146,False,2,1,1,0
2173,134,False,1,1,1,0
2174,45,True,2,1,0,1
2175,134,False,2,1,1,0
2177,148,False,2,2,1,0
2178,147,False,4,0,0,0
2179,133,True,2,2,1,1
2181,146,False,1,0,0,0
2183,45,True,3,2,1,1
2188,79,True,1,0,0,0
2193,145,False,2,0,0,0
2195,87,True,3,3,1,0
2196,87,False,2,1,1,0
2198,133,False,1,1,1,0
2201,146,True,1,1,1,1
2204,77,True,1,1,1,1
2205,133,False,6,3,1,0
2206,49,True,2,2,1,0
2208,145,False,1,0,0,0
2209,134,False,2,1,1,0
2212,62,True,5,3,1,1
2217,145,True,1,1,1,1
2218,61,False,3,0,0,0
2220,87,True,2,2,1,1
2221,134,False,1,0,0,0
2223,49,True,2,2,1,1
2224,69,False,1,0,0,1
2226,69,True,1,1,1,1
2227,69,True,2,2,1,1
2228,132,False,1,1,1,0
2229,88,False,10,6,1,0
2232,79,True,1,0,0,0
2233,131,False,1,1,1,0
2234,63,True,1,0,0,0
2235,49,True,1,1,1,1
2236,147,True,2,1,1,1
2238,88,True,2,2,1,1
2242,130,True,2,2,1,0
2244,79,True,1,1,1,1
2245,68,True,4,4,1,0
2249,85,False,1,0,0,0
2251,129,False,4,2,1,0
2254,69,True,1,1,1,1
2255,81,True,3,3,1,1
2256,129,False,1,1,1,0
2260,80,False,1,1,1,0
2261,68,False,1,1,1,0
2262,73,False,1,1,1,0
2263,68,True,1,1,1,1
2264,68,True,1,1,1,1
2265,149,True,1,1,1,0
2266,84,False,1,1,1,0
2268,127,False,2,1,1,0
2270,68,False,3,3,1,0
2271,68,True,1,1,1,1
2272,85,False,2,1,0,0
2277,68,False,2,2,1,0
2279,53,False,1,0,0,1
2281,152,True,1,1,1,1
2285,124,True,3,3,1,1
2287,69,True,1,1,1,1
2289,84,True,1,1,1,0
2290,84,False,1,0,0,0
2291,84,False,1,0,0,0
2292,85,True,2,0,0,0
2293,66,True,3,3,1,1
2294,153,False,1,1,1,0
2295,65,False,1,0,0,0
2296,85,True,4,1,1,0
2297,85,True,3,3,1,0
2298,70,False,3,1,1,1
2299,132,True,2,2,1,1
2300,131,False,3,3,1,0
2302,70,True,2,1,1,1
2307,70,False,1,1,1,0
2308,81,False,1,1,1,0
2309,71,True,1,1,1,1
2310,82,True,2,1,1,0
2311,82,True,3,3,1,1
2313,82,True,4,3,1,1
2314,82,True,1,0,0,0
2315,14,True,1,1,1,0
2316,136,True,2,2,1,0
2317,154,True,1,0,0,0
2318,85,True,1,1,1,1
2321,136,True,1,1,1,1
2322,86,True,2,1,0,0
2332,84,False,1,1,1,0
2334,53,True,1,1,1,1
2336,65,False,3,2,1,0
2337,138,False,1,0,0,0
2340,73,True,2,1,1,0
2341,159,False,1,1,1,0
2346,15,True,2,1,1,1
2349,72,False,1,1,1,0
2353,9,False,1,1,1,0
2355,136,False,9,2,1,0
2357,135,False,6,2,1,0
2361,71,False,3,1,1,0
2362,90,True,1,0,0,0
2365,86,True,1,1,1,0
2366,156,False,1,1,1,0
2367,85,False,1,1,1,0
2369,84,False,1,1,1,0
2372,156,True,2,2,1,1
2373,91,True,9,5,1,0
2375,135,False,6,4,1,0
2377,134,False,1,1,1,0
2378,156,False,4,1,1,0
2379,135,False,1,1,1,0
2382,90,True,2,1,0,0
2389,134,False,2,1,1,0
2390,89,False,1,1,1,0
2395,156,False,1,1,1,0
2396,84,True,3,3,1,1
2397,88,True,3,2,1,1
2399,88,True,1,1,1,1
2402,132,False,3,1,1,1
2403,132,True,1,1,1,0
2409,90,True,2,1,1,1
2411,126,False,2,2,1,0
2413,90,True,2,1,1,0
2415,83,False,2,2,1,0
2419,90,True,2,2,1,0
2420,156,True,2,2,1,1
2421,123,False,2,0,0,0
2422,123,True,3,3,1,1
2425,123,True,6,3,1,1
2429,15,True,6,3,1,1
2432,13,False,1,0,0,0
2438,119,False,1,0,0,0
2441,157,True,3,1,1,1
2445,17,True,3,2,1,1
2448,94,True,2,2,1,0
2449,115,False,5,2,1,0
2451,72,False,2,0,0,0
2456,94,False,3,3,1,0
2461,55,False,6,5,1,0
2462,93,True,1,1,1,0
2467,154,True,1,1,1,0
2468,115,False,1,1,1,0
2470,58,True,2,2,1,1
2471,91,False,1,1,1,0
2472,81,True,2,2,1,1
2479,153,False,1,1,1,0
2482,115,True,1,1,1,0
2485,61,True,4,4,1,1
2487,93,True,8,4,1,0
2490,93,True,8,6,1,0
2492,78,True,2,2,1,1
2495,115,True,3,3,1,1
2496,149,True,1,1,1,0
2497,92,False,3,1,1,0
2498,75,True,1,1,1,1
2500,78,True,2,2,1,1
2502,92,False,7,3,1,0
2503,75,True,1,1,1,1
2504,64,True,1,1,1,0
2507,75,True,1,1,1,1
2508,79,True,2,2,1,1
2511,66,True,2,1,1,1
2513,117,False,1,1,1,0
2514,78,False,3,2,1,0
2516,72,False,1,1,1,0
2517,152,True,1,1,1,1
2518,151,True,1,1,1,1
2525,91,True,2,2,1,1
2526,66,True,1,1,1,1
2528,77,True,2,2,1,1
2531,76,False,2,1,1,0
2533,91,False,2,2,1,0
2534,67,True,3,3,1,1
2535,71,True,1,1,1,1
2537,71,True,1,1,1,1
2541,120,True,3,3,1,1
2542,68,True,1,1,1,0
2545,122,True,2,2,1,0
2546,70,True,2,2,1,1
2547,54,True,2,2,1,1
2548,92,True,1,1,1,0
2549,68,True,1,1,1,1
2550,74,True,2,2,1,1
2553,119,False,6,6,1,0
2554,149,False,1,1,1,0
2563,76,True,2,1,1,1
2564,94,True,1,1,1,0
2568,94,True,3,3,1,1
2569,94,False,3,2,1,0
2570,94,True,3,1,1,0
2571,94,True,3,3,1,1
2572,77,True,1,1,1,1
2574,94,True,1,1,1,0
2575,70,True,6,6,1,1
2576,115,False,1,1,1,0
2577,150,False,1,0,0,0
2578,115,True,1,1,1,1
2579,115,False,1,1,1,0
2580,53,True,3,3,1,1
2583,92,True,1,0,0,0
2584,74,True,1,1,1,1
2586,114,True,2,2,1,1
2587,93,False,1,1,1,0
2588,72,False,1,0,0,0
2590,150,True,2,1,0,1
2591,77,False,1,1,1,0
2592,75,True,1,1,1,1
2593,77,False,1,1,1,0
2596,77,True,2,2,1,1
2598,145,False,1,1,1,0
2600,145,False,2,1,1,0
2601,70,False,1,0,0,0
2602,94,True,2,2,1,0
2605,93,False,1,1,1,0
2606,112,False,1,0,0,0
2608,94,True,4,3,1,1
2610,78,True,1,1,1,1
2611,94,True,1,1,1,0
2613,144,False,4,1,1,0
2616,7,True,4,2,1,1
2618,76,True,1,1,1,0
2619,76,True,3,3,1,1
2622,93,False,1,1,1,0
2627,74,True,2,2,1,1
2628,109,False,1,1,1,0
2629,74,True,1,1,1,0
2630,93,True,8,6,1,1
2632,72,False,1,1,1,0
2633,48,True,1,1,1,0
2634,112,False,2,0,0,0
2635,148,False,8,6,1,0
2638,76,True,1,1,1,1
2639,96,True,3,3,1,1
2642,149,True,3,3,1,1
2644,15,True,1,1,1,0
2647,95,False,3,2,1,0
2648,72,True,1,1,1,1
2649,94,False,7,5,1,0
2650,116,False,1,1,1,0
2651,94,True,2,2,1,0
2653,147,False,1,0,0,0
2657,93,False,3,2,1,0
2659,71,True,2,1,1,1
2663,147,False,2,2,1,0
2664,72,True,1,1,1,0
2665,147,True,2,2,1,1
2667,117,False,1,0,0,0
2668,95,True,1,1,1,0
2669,46,False,3,3,1,0
2671,76,False,1,1,1,0
2674,47,True,1,1,1,0
2675,96,True,6,2,1,0
2676,122,True,1,1,1,1
2677,15,True,1,0,0,0
2678,121,False,1,0,0,0
2680,122,False,8,1,1,0
2681,75,False,4,3,1,1
2682,71,False,3,3,1,0
2685,121,False,2,2,1,0
2687,17,True,1,1,1,1
2688,47,True,1,1,1,1
2689,143,False,1,1,1,0
2691,98,True,1,0,0,0
2693,74,False,4,0,0,0
2695,119,False,1,1,1,0
2696,71,True,1,1,1,1
2703,121,True,1,1,1,0
2704,122,False,4,1,1,0
2705,100,True,2,2,1,1
2706,74,True,2,2,1,1
2707,69,True,1,1,1,0
2711,72,False,2,1,1,0
2712,100,True,6,4,1,0
2716,70,False,3,1,1,0
2718,99,False,1,0,0,0
2722,97,False,1,1,1,0
2726,98,False,5,1,1,0
2727,124,True,1,1,1,0
2732,97,False,2,2,1,0
2733,123,False,1,1,1,0
2734,123,True,5,3,1,1
2735,75,False,4,4,1,0
2737,148,False,1,0,0,0
2741,71,False,1,1,1,0
2743,15,True,5,2,1,1
2748,97,True,1,1,1,1
2749,121,False,4,2,1,0
2750,120,False,1,1,1,0
2755,96,True,1,1,1,0
2756,73,True,1,1,1,1
2758,149,False,1,1,1,0
2759,72,True,1,1,1,1
2760,148,False,2,2,1,0
2767,21,True,2,2,1,0
2771,95,False,2,2,1,0
2773,95,True,2,1,1,0
2776,95,False,5,3,1,0
2782,74,True,2,2,1,1
2784,72,True,1,1,1,1
2786,46,False,1,1,1,0
2787,72,True,1,1,1,1
2790,95,False,4,2,1,0
2793,69,False,1,1,1,0
2794,151,True,1,1,1,1
2795,94,False,2,1,1,1
2798,78,True,1,0,0,0
2799,78,True,1,1,1,1
2802,71,True,1,1,1,1
2806,44,False,2,1,1,1
2807,44,True,1,1,1,0
2808,82,True,1,1,1,1
2809,95,True,2,2,1,1
2810,70,False,1,1,1,0
2813,35,True,1,1,1,1
2815,71,False,2,2,1,0
2817,152,True,2,2,1,1
2820,70,False,1,1,1,0
2824,20,True,1,0,0,0
2828,46,True,1,1,1,0
2831,83,True,1,1,1,1
2832,69,True,1,1,1,1
2836,45,True,2,1,1,1
2838,45,True,3,3,1,1
2842,123,False,2,2,1,0
2843,86,True,2,2,1,1
2844,149,False,1,0,0,0
2845,95,False,1,1,1,0
2849,75,True,4,2,1,1
2850,120,False,1,1,1,0
2851,120,False,3,2,1,0
2855,118,False,1,1,1,0
2858,97,False,3,2,1,0
2860,97,True,2,2,1,0
2862,116,True,1,1,1,1
2863,64,False,1,1,1,0
2864,69,True,1,1,1,1
2866,99,False,2,2,1,0
2867,63,True,1,1,1,1
2868,63,False,2,2,1,0
2869,71,False,1,0,0,1
2870,115,False,4,4,1,0
2872,98,True,3,3,1,1
2873,7,False,3,2,1,0
2876,63,False,1,1,1,0
2877,94,True,2,2,1,0
2879,98,True,1,1,1,0
2881,117,True,4,2,1,1
2883,92,False,1,1,1,0
2885,118,False,3,3,1,0
2887,96,False,1,1,1,0
2889,73,False,1,1,1,0
2890,14,True,2,2,1,1
2893,95,True,2,2,1,1
2895,96,True,5,5,1,0
2900,118,True,2,2,1,1
2901,118,False,5,3,1,0
2903,147,True,1,1,1,0
2906,96,False,1,1,1,0
2907,146,False,1,1,1,0
2909,147,True,1,1,1,1
2910,95,False,1,1,1,0
2915,119,True,1,1,1,0
2916,61,False,1,0,0,0
2919,94,False,4,3,1,0
2921,94,True,1,1,1,0
2922,118,True,5,3,1,1
2923,52,False,1,1,1,0
2925,93,False,4,4,1,0
2927,119,True,4,1,1,1
2929,145,False,2,2,1,0
2930,62,False,1,0,0,0
2932,79,True,2,2,1,1
2933,35,True,1,1,1,1
2935,78,False,1,0,0,1
2938,78,False,1,1,1,0
2941,94,True,3,3,1,0
2943,94,False,3,2,1,0
2945,122,True,3,3,1,0
2946,75,False,2,1,1,0
2949,124,True,2,1,1,1
2952,93,True,1,1,1,1
2955,145,False,1,1,1,0
2957,93,True,2,1,1,0
2958,126,False,2,2,1,0
2960,143,False,5,5,1,0
2961,92,False,2,2,1,0
2962,125,False,1,1,1,0
2964,125,True,4,2,1,0
2971,141,False,1,1,1,0
2976,60,False,3,2,0,1
2978,141,True,1,0,0,0
2981,90,True,3,3,1,1
2984,79,False,2,1,1,0
2987,34,True,1,1,1,1
2988,88,False,3,2,1,0
2989,88,True,1,1,1,1
2990,87,False,1,1,1,0
2994,128,False,1,1,1,0
2995,128,True,4,2,1,1
2997,85,True,1,1,1,0
3000,97,True,2,2,1,1
3001,64,True,2,2,1,1
3005,63,False,2,2,1,0
3008,127,False,4,2,1,0
3011,83,True,2,2,1,1
3012,127,False,4,4,1,0
3013,85,True,1,1,1,1
3015,97,True,1,1,1,0
3016,97,True,1,1,1,0
3017,85,True,2,2,1,1
3021,63,False,1,1,1,0
3027,82,True,1,1,1,1
3028,124,False,1,1,1,0
3029,84,False,1,1,1,0
3030,95,True,1,1,1,0
3031,85,True,2,2,1,0
3032,54,False,1,1,1,0
3033,54,True,1,1,1,0
3036,141,True,1,1,1,1
3038,140,True,1,1,1,0
3039,96,True,1,1,1,1
3041,122,False,3,1,1,0
3042,122,True,2,0,0,0
3044,123,True,4,3,1,1
3045,140,True,2,1,1,0
3051,18,False,3,2,1,0
3057,86,True,1,1,1,0
3061,65,False,2,1,1,0
3062,137,True,1,1,1,0
3063,98,True,1,1,1,1
3065,98,True,1,1,1,0
3069,56,True,1,1,1,1
3073,86,True,1,1,1,1
3074,63,True,1,1,1,1
3075,56,True,1,1,1,1
3076,86,True,1,0,0,0
3077,121,False,1,1,1,0
3081,81,True,1,1,1,0
3084,120,True,1,1,1,1
3085,96,True,1,1,1,1
3087,132,True,1,1,1,1
3088,51,True,2,2,1,1
3096,61,True,1,1,1,1
3097,7,False,2,1,1,0
3098,118,True,3,3,1,1
3105,130,True,1,1,1,1
3109,99,True,1,1,1,0
3111,98,True,1,1,1,1
3112,31,True,1,1,1,1
3113,97,True,1,1,1,0
3114,97,True,2,2,1,1
3115,85,False,1,1,1,0
3121,118,True,1,1,1,1
3122,28,False,1,0,0,0
3130,96,True,3,3,1,1
3136,96,True,1,1,1,0
3137,84,True,2,2,1,1
3138,79,False,1,1,1,0
3139,128,True,1,1,1,1
3144,83,False,2,1,1,0
3146,82,False,2,2,1,0
3150,53,False,1,1,1,0
3154,115,True,4,3,1,1
3155,116,True,1,1,1,1
3156,126,True,1,1,1,0
3157,54,True,1,1,1,1
3159,46,True,2,2,1,1
3161,115,False,3,3,1,0
3164,54,True,1,1,1,1
3166,81,True,1,1,1,1
3168,127,False,1,1,1,0
3169,81,True,2,2,1,0
3183,117,True,1,0,0,0
3184,45,True,1,1,1,0
3186,117,False,1,1,1,0
3188,100,True,1,1,1,0
3189,84,True,2,2,1,0
3192,100,True,2,2,1,1
3193,84,True,1,1,1,0
3197,83,False,1,1,1,0
3199,101,True,1,1,1,1
3206,120,True,1,1,1,0
3209,117,False,3,3,1,0
3217,82,True,1,1,1,1
3218,81,True,2,2,1,1
3219,82,True,3,3,1,1
3220,81,True,1,1,1,1
3221,83,True,2,1,1,0
3230,117,True,1,1,1,1
3231,45,True,1,1,1,0
3234,99,True,1,1,1,1
3236,118,True,2,2,1,0
3239,82,False,1,1,1,0
3241,82,True,2,2,1,1
3254,82,True,1,1,1,0
3257,82,True,1,1,1,0
3258,112,False,1,1,1,0
3262,81,True,1,1,1,0
3264,51,False,1,0,0,1
3267,81,True,1,1,1,1
3273,82,True,1,1,1,0
3276,115,True,4,4,1,1
3279,43,True,2,2,1,1
3282,110,True,3,3,1,1
3287,81,False,1,1,1,0
3291,108,True,7,4,1,0
3297,108,False,1,1,1,0
3303,95,True,1,1,1,1
3307,23,True,1,1,1,1
3310,107,False,2,1,1,0
3314,108,False,1,1,1,0
3318,52,True,1,1,1,0
3319,109,False,3,3,1,0
3331,43,True,1,1,1,1
3335,54,True,1,1,1,1
3340,54,True,1,1,1,1
3341,108,True,1,1,1,1
3344,54,True,1,1,1,1
3349,113,False,2,2,1,0
3351,77,True,1,1,1,1
3355,105,True,1,1,1,1
3356,105,False,3,3,1,0
3357,105,False,1,1,1,0
3360,75,False,3,2,1,0
3361,97,True,1,1,1,0
3363,105,True,1,1,1,1
3364,52,False,1,1,1,0
3366,112,False,1,1,1,0
3367,76,True,2,1,1,1
3370,36,True,1,1,1,1
3376,58,True,1,1,1,1
3378,116,False,2,2,1,0
3379,74,False,3,3,1,0
3380,51,True,1,1,1,0
3381,77,True,1,1,1,1
3384,57,False,1,1,1,0
3390,5,False,1,1,1,0
3391,117,False,1,1,1,0
3396,73,True,3,3,1,1
3397,120,True,1,1,1,0
3399,56,False,1,1,1,0
3405,105,True,1,1,1,1
3409,120,True,1,1,1,1
3413,76,False,2,2,1,0
3414,35,True,1,1,1,1
3417,16,True,1,1,1,1
3418,122,True,1,1,1,0
3423,76,True,1,1,1,0
3425,76,True,1,1,1,1
3426,121,True,1,1,1,1
3432,76,True,1,1,1,1
3436,73,True,1,1,1,0
3439,102,False,1,1,1,0
3441,74,False,2,2,1,0
3442,8,True,2,2,1,1
3445,57,True,1,1,1,1
3450,70,True,1,1,1,0
3451,117,True,1,1,1,1
3452,58,True,1,1,1,0
3454,69,False,1,1,1,0
3455,69,True,1,1,1,1
3456,69,True,1,1,1,0
3457,32,False,1,1,1,0
3460,50,True,1,1,1,1
3461,69,True,2,2,1,0
3462,31,False,1,1,1,0
3470,67,True,1,1,1,0
3473,56,False,1,1,1,0
3482,66,True,1,1,1,0
3484,11,False,3,3,1,0
3487,115,False,1,1,1,0
3492,114,True,1,1,1,1
3494,66,False,1,1,1,0
3495,98,True,1,1,1,1
3498,113,False,1,1,1,0
3502,113,True,2,2,1,0
3508,64,True,1,1,1,0
3512,64,True,2,2,1,1
3515,65,False,1,1,1,0
3524,63,False,3,3,1,0
3525,15,False,2,2,1,0
3528,102,False,2,2,1,0
3529,102,False,1,1,1,0
3537,100,False,6,6,1,0
3538,59,True,2,2,1,1
3540,94,True,1,1,1,0
3541,59,True,1,1,1,1
3544,100,True,5,5,1,0
3547,98,False,1,1,1,0
3557,95,True,4,4,1,0
3560,14,False,1,1,1,0
3562,59,True,1,1,1,1
3571,11,True,2,2,1,0
3572,59,True,1,1,1,0
3574,59,True,1,1,1,1
3586,54,False,1,1,1,0
3595,52,True,1,1,1,1
3603,42,True,1,1,1,1
3604,91,False,1,1,1,0
3614,46,True,2,2,1,1
3616,46,True,1,1,1,0
3621,79,True,1,1,1,0
3622,86,False,1,1,1,0
3627,44,False,2,2,1,0
3630,52,True,1,1,1,1
3636,85,False,1,1,1,0
3637,49,False,2,2,1,0
3642,84,True,1,1,1,0
3650,45,False,1,1,1,0
3653,48,False,1,1,1,0
3658,72,True,2,2,1,0
3659,84,False,1,1,1,0
3672,81,True,1,1,1,1
3679,80,False,1,1,1,0
3682,46,False,1,1,1,0
3683,78,False,1,1,1,0
3684,39,True,1,1,1,1
3687,77,True,1,1,1,0
3688,77,True,1,1,1,0
3692,76,True,1,1,1,0
3693,76,True,1,1,1,1
3694,44,False,1,1,1,0
3695,9,False,1,1,1,0
3701,43,True,1,1,1,1
3702,67,False,2,2,1,0
3704,74,True,1,1,1,1
3711,42,False,1,1,1,0
3712,77,True,1,1,1,1
3714,29,True,1,1,1,1
3716,42,True,1,1,1,1
3718,72,True,1,1,1,1
3719,3,False,1,1,1,0
3720,34,True,1,1,1,1
3743,7,False,1,1,1,0
3744,62,True,2,2,1,1
3747,33,True,1,1,1,1
3753,71,False,1,1,1,0
3755,37,False,1,1,1,0
3760,71,True,1,1,1,1
3762,37,True,1,1,1,1
3776,68,False,1,1,1,0
3778,67,False,1,1,1,0
3779,7,True,1,1,1,1
3783,66,False,1,1,1,0
3786,64,False,1,1,1,0
3789,22,False,6,6,1,0
3796,54,False,1,1,1,0
3809,31,False,2,2,1,0
3815,49,False,1,1,1,0
3833,48,False,3,3,1,0
3835,16,False,3,3,1,0
3841,44,False,1,1,1,0
3869,44,False,1,1,1,0
3871,43,False,2,2,1,0
3875,19,False,1,1,1,0
3882,24,False,1,1,1,0
3898,23,False,1,1,1,0
3919,46,True,1,1,1,1
3923,20,False,1,1,1,0
3940,27,False,2,2,1,0
3953,23,False,1,1,1,0
3976,8,False,1,1,1,0
4045,49,True,1,1,1,0
4047,47,True,5,1,1,1
4049,38,False,3,1,1,0
4050,55,True,5,1,1,1
4051,73,False,1,1,1,0
4052,121,False,2,0,0,1
4053,149,False,10,2,1,0
4055,52,True,4,1,0,0
4056,84,True,5,2,1,1
4058,137,False,3,2,1,0
4060,87,True,5,3,1,1
4061,130,True,2,2,1,1
4063,69,True,4,3,1,1
4064,101,True,9,3,1,1
4065,99,False,2,1,1,0
4066,98,False,9,0,0,1
4067,62,True,4,3,1,1
4068,111,False,8,2,1,1
4069,36,True,1,1,1,0
4070,71,True,3,2,1,1
4071,110,False,6,3,1,0
4072,131,True,8,3,1,1
4073,83,False,1,0,0,0
4074,134,False,7,3,1,0
4076,130,True,5,3,1,0
4077,83,False,1,1,1,0
4078,119,False,5,1,0,0
4079,52,False,5,5,1,0
4080,50,False,4,4,1,0
4081,146,False,4,1,1,1
4082,110,False,4,4,1,0
4084,88,False,1,1,1,0
4086,24,False,1,1,1,0
4089,102,True,2,1,1,1
4090,92,False,2,0,0,0
4094,108,False,1,0,0,0
4097,95,False,9,2,1,0
4098,51,False,4,4,1,0
4101,101,False,1,0,0,0
4102,118,False,8,1,0,0
4103,134,True,3,2,1,1
4104,39,False,1,0,0,0
4107,120,True,1,1,1,0
4108,153,False,7,3,1,0
4109,154,False,1,1,1,0
4111,151,True,1,1,1,0
4112,120,True,9,5,1,0
4113,40,True,2,2,1,1
4115,56,False,4,2,1,0
4116,138,False,1,0,0,0
4117,138,False,4,0,0,0
4120,58,False,3,1,1,0
4123,117,False,1,1,1,0
4126,61,True,2,2,1,1
4127,59,False,3,0,0,0
4134,56,False,2,1,0,1
4136,99,False,9,3,1,0
4137,95,False,1,0,0,0
4142,126,False,1,0,0,0
4144,83,True,3,3,1,1
4145,133,False,2,1,1,0
4147,137,False,1,1,1,0
4148,52,True,2,1,1,1
4151,81,False,2,2,1,0
4154,69,False,1,1,1,0
4157,78,False,1,1,1,0
4159,79,False,1,1,1,0
4162,117,True,1,1,1,1
4167,72,False,2,2,1,0
4179,79,False,1,1,1,0
4182,108,True,4,1,1,1
4183,37,True,7,4,1,1
4185,129,False,3,0,0,0
4186,53,False,1,1,1,0
4187,150,False,7,0,0,0
4188,149,False,2,0,0,0
4189,91,False,1,0,0,0
4191,29,True,2,1,1,0
4192,44,False,1,1,1,0
4193,45,False,1,1,1,0
4195,133,False,1,1,1,0
4197,37,True,3,2,1,1
4204,35,True,1,0,0,0
4211,37,True,1,0,0,0
4212,38,True,3,2,1,1
4215,110,True,1,1,1,1
4217,107,False,1,0,0,0
4223,56,True,3,1,1,1
4225,34,True,3,2,1,1
4226,125,True,1,1,1,1
4227,132,False,1,0,0,0
4229,125,True,3,2,1,1
4235,118,False,10,7,1,0
4236,119,True,4,1,1,1
4237,48,False,2,1,1,0
4238,39,True,3,3,1,1
4239,39,True,1,0,0,0
4243,120,True,3,2,1,0
4245,39,False,4,3,1,0
4246,118,True,1,1,1,1
4247,115,False,5,4,1,0
4248,38,True,2,2,1,0
4250,111,True,4,1,1,1
4252,100,True,1,1,1,1
4255,62,True,2,1,1,1
4256,96,False,1,0,0,0
4257,96,True,2,1,1,0
4260,78,False,2,1,1,0
4261,85,False,4,0,0,0
4262,93,True,4,1,1,1
4265,93,True,1,1,1,1
4267,28,False,1,0,0,0
4269,58,True,2,1,1,1
4271,29,True,1,0,0,0
4272,29,False,1,1,1,0
4273,100,True,3,1,1,0
4274,30,False,1,1,1,0
4280,60,True,2,1,1,1
4281,132,True,8,3,1,0
4284,137,False,1,1,1,0
4286,64,False,1,0,0,0
4291,144,True,2,2,1,0
4298,146,True,1,1,1,1
4307,54,True,3,3,1,1
4314,72,True,1,1,1,1
4316,55,True,1,0,0,0
4319,53,True,2,1,1,0
4326,70,True,1,1,1,0
4329,15,False,5,2,1,0
4335,42,False,2,2,1,0
4337,148,True,1,1,1,0
4340,7,False,1,1,1,0
4343,152,True,1,1,1,0
4345,149,True,2,2,1,0
4350,96,True,4,3,1,1
4351,97,True,1,1,1,1
4353,100,True,1,1,1,0
4358,96,True,4,4,1,1
4360,52,False,1,0,0,0
4361,97,True,4,4,1,1
4362,96,True,4,4,1,1
4369,90,True,4,4,1,1
4377,72,True,2,2,1,0
4378,62,True,1,1,1,1
4387,103,True,1,1,1,1
4388,103,False,1,1,1,0
4393,102,True,4,1,1,1
4394,36,True,3,3,1,1
4395,36,True,2,2,1,0
4400,103,True,1,1,1,1
4401,33,True,2,2,1,1
4402,104,True,1,1,1,1
4403,104,True,1,1,1,1
4405,26,False,2,2,1,0
4407,22,False,1,1,1,0
4409,22,True,1,1,1,1
4413,113,True,5,2,1,1
4416,34,False,1,1,1,0
4418,109,False,3,2,1,0
4420,108,True,11,2,1,1
4423,37,True,3,2,1,1
4424,38,True,2,1,1,0
4425,38,True,4,3,1,0
4426,108,True,4,1,1,1
4427,109,True,2,2,1,1
4428,27,True,1,1,1,1
4431,27,True,1,1,1,1
4432,108,False,4,1,1,0
4434,111,True,1,1,1,1
4436,37,False,1,1,1,0
4437,112,True,1,1,1,1
4439,62,False,1,0,0,0
4440,112,False,1,0,0,0
4448,85,False,2,0,0,0
4449,114,True,1,1,1,1
4451,114,True,4,1,1,1
4452,116,True,4,1,1,0
4454,37,False,7,4,1,0
4457,116,True,11,3,1,1
4458,36,True,12,3,1,1
4460,120,True,5,2,1,1
4463,34,False,6,3,1,0
4464,34,True,3,2,1,1
4465,122,True,2,2,1,1
4467,122,False,2,1,1,0
4469,32,True,1,1,1,1
4471,125,True,1,1,1,1
4472,125,False,3,0,0,0
4473,123,True,1,1,1,1
4474,39,False,1,1,1,0
4475,123,True,3,1,1,0
4478,120,False,1,0,0,0
4479,40,True,11,3,1,0
4480,120,True,11,4,1,1
4482,38,True,1,0,0,0
4483,37,False,5,3,1,0
4485,120,True,5,2,1,1
4486,39,True,3,3,1,1
4487,39,True,1,0,0,0
4488,86,True,5,1,1,0
4489,123,True,2,2,1,1
4491,119,True,1,1,1,1
4492,119,True,1,1,1,1
4496,119,True,2,2,1,1
4497,119,False,8,4,1,0
4498,118,True,4,3,1,1
4499,118,True,3,0,0,0
4500,118,True,1,1,1,1
4501,118,True,1,1,1,0
4503,28,True,1,1,1,1
4504,38,True,11,5,1,1
4505,36,False,3,2,1,0
4506,115,False,2,1,1,0
4510,117,True,4,3,1,1
4511,116,False,3,1,1,0
4515,38,True,1,1,1,0
4516,109,False,4,2,1,0
4519,106,True,7,4,1,0
4520,103,False,3,2,1,0
4521,100,False,1,0,0,1
4522,102,True,1,1,1,1
4523,97,False,1,0,0,0
4524,39,False,2,1,1,0
4525,98,False,4,1,1,0
4527,37,False,1,0,0,0
4529,34,False,1,1,1,0
4530,33,False,10,4,1,0
4532,91,True,1,1,1,1
4535,94,True,3,2,1,1
4538,32,False,9,3,1,0
4543,29,False,4,2,1,0
4544,91,True,1,1,1,1
4545,38,True,1,1,1,1
4547,39,True,1,1,1,1
4550,29,True,4,3,1,1
4552,92,True,1,1,1,1
4553,91,False,3,2,1,0
4558,28,False,8,1,1,0
4559,90,True,1,1,1,1
4560,27,False,1,0,0,0
4562,28,False,1,1,1,0
4563,28,True,7,0,0,0
4564,91,True,1,1,1,0
4565,92,False,1,0,0,0
4567,100,True,2,1,1,1
4569,111,False,6,3,1,0
4571,31,True,1,1,1,1
4572,30,False,2,1,1,0
4575,113,False,3,0,0,0
4577,118,True,1,1,1,1
4578,122,True,1,1,1,1
4579,121,False,1,1,1,0
4580,121,False,2,1,1,0
4585,37,True,2,1,1,1
4586,133,True,1,1,1,1
4587,133,True,2,1,1,1
4588,40,True,1,1,1,0
4590,136,True,1,1,1,1
4592,138,False,2,2,1,0
4593,137,True,2,2,1,0
4596,45,False,1,0,0,0
4597,44,False,2,1,1,0
4598,44,False,1,1,1,0
4599,43,False,1,0,0,1
4601,142,False,2,1,1,0
4602,142,True,2,1,1,1
4603,144,True,2,1,1,1
4604,46,True,1,0,0,0
4605,45,False,1,1,1,0
4606,45,False,2,0,0,1
4607,142,True,1,1,1,0
4608,45,True,1,1,1,1
4609,142,False,2,0,0,0
4610,142,True,5,4,1,1
4611,142,False,2,2,1,0
4612,142,True,3,1,1,1
4613,45,True,2,2,1,0
4614,143,False,1,0,0,0
4615,140,False,2,1,0,0
4616,46,True,2,1,1,1
4618,141,True,2,1,1,1
4619,138,True,1,1,1,0
4622,138,False,1,0,0,0
4623,47,True,1,1,1,1
4624,76,False,1,1,1,0
4625,145,True,2,1,1,0
4626,145,False,1,0,0,0
4627,146,True,3,3,1,1
4629,149,False,1,0,0,0
4630,54,True,1,1,1,1
4631,52,False,1,0,0,0
4632,52,False,1,0,0,0
4633,151,False,1,1,1,0
4639,53,True,1,0,0,0
4640,151,False,1,1,1,0
4641,150,False,1,1,1,0
4643,152,True,4,3,1,0
4644,154,True,2,1,1,1
4645,56,True,1,1,1,0
4646,56,True,1,1,1,1
4647,82,True,6,4,1,1
4648,78,True,6,4,1,1
4649,146,True,2,1,1,0
4651,146,True,4,3,1,1
4654,148,True,3,1,1,1
4656,64,False,3,1,1,0
4659,63,False,1,1,1,0
4662,64,True,2,1,1,1
4664,80,False,5,3,1,0
4665,64,True,2,2,1,1
4668,65,True,4,2,1,0
4669,65,True,1,1,1,0
4671,65,False,1,1,1,0
4677,64,True,1,1,1,1
4679,63,False,1,1,1,0
4682,157,False,1,1,1,0
4683,156,False,1,1,1,0
4685,155,False,3,2,1,0
4687,156,False,3,3,1,0
4689,156,False,3,2,1,0
4690,57,False,1,0,0,0
4693,56,False,1,0,0,0
4698,56,True,1,1,1,0
4701,53,False,1,0,0,0
4704,67,True,1,1,1,1
4706,54,True,1,1,1,1
4708,54,True,1,1,1,0
4710,76,False,4,4,1,0
4711,53,False,1,1,1,0
4712,70,True,5,5,1,0
4713,51,False,2,2,1,0
4714,145,False,1,1,1,0
4715,143,True,2,1,1,1
4716,49,False,2,2,1,0
4723,148,True,1,1,1,0
4728,148,False,1,1,1,0
4730,37,False,1,0,0,1
4731,146,False,1,1,1,0
4734,144,False,1,1,1,0
4742,147,True,1,1,1,0
4744,147,False,1,0,0,0
4746,152,True,1,1,1,1
4752,75,True,4,4,1,1
4753,147,False,1,1,1,0
4756,44,False,2,2,1,0
4757,79,True,4,4,1,1
4760,78,False,1,0,0,1
4761,152,False,2,2,1,0
4762,79,True,3,3,1,0
4765,83,False,2,2,1,0
4767,45,True,2,2,1,1
4768,82,True,3,3,1,0
4769,45,True,1,1,1,1
4770,47,True,1,1,1,1
4775,50,False,2,2,1,0
4780,52,False,1,1,1,0
4784,53,True,1,1,1,0
4785,53,False,2,2,1,0
4791,140,False,1,1,1,0
4793,139,False,3,0,0,0
4798,52,True,2,2,1,1
4803,96,True,1,1,1,1
4805,131,True,1,1,1,1
4809,49,True,1,1,1,1
4810,97,False,1,1,1,0
4811,131,True,1,1,1,0
4819,46,True,1,1,1,1
4820,45,False,2,1,1,0
4822,45,True,1,1,1,0
4828,45,True,1,0,0,0
4833,44,False,1,1,1,0
4840,115,False,1,1,1,0
4841,43,True,1,1,1,1
4844,43,True,1,1,1,0
4849,40,False,1,1,1,0
4850,108,False,4,3,1,0
4866,99,True,1,1,1,1
4867,35,False,1,1,1,0
4874,101,True,1,1,1,0
4881,25,False,1,1,1,0
4894,90,False,1,1,1,0
4896,87,False,2,2,1,0
4898,83,False,1,1,1,0
4911,34,True,1,1,1,1
4912,34,True,1,1,1,1
4913,34,True,1,1,1,1
4915,34,True,1,1,1,1
4917,34,True,2,1,1,1
4918,50,True,1,1,1,1
4920,26,False,3,1,1,1
4922,25,False,2,0,0,0
4923,102,True,1,1,1,1
4925,49,True,1,1,1,1
4927,34,True,1,1,1,1
4928,101,True,1,1,1,0
4929,34,True,1,1,1,0
4930,34,True,1,1,1,1
4934,34,True,1,1,1,1
4935,33,True,2,2,1,0
4936,33,True,2,1,1,0
4937,48,True,2,2,1,1
4938,33,True,1,1,1,1
4939,33,True,1,1,1,1
4940,33,True,2,0,0,0
4941,33,True,1,1,1,0
4942,33,True,4,4,1,1
4943,33,True,1,1,1,1
4944,102,False,2,2,1,0
4945,101,True,1,1,1,0
4947,33,True,1,1,1,1
4949,33,True,3,3,1,1
4950,33,True,1,1,1,1
4951,33,True,1,1,1,1
4952,33,True,1,1,1,1
4953,33,True,1,1,1,0
4955,70,True,1,0,0,0
4958,33,True,1,1,1,1
4960,33,True,1,1,1,0
4961,34,True,1,1,1,1
4968,34,True,1,1,1,1
4969,34,True,2,1,1,0
4970,34,True,1,1,1,1
4973,34,True,1,1,1,1
4974,34,True,1,1,1,1
4975,34,True,1,1,1,1
4977,34,True,1,1,1,1
4978,66,True,3,1,1,1
4979,34,True,1,1,1,0
4980,21,False,4,0,0,0
4981,34,True,2,2,1,1
4982,49,False,1,0,0,0
4983,33,True,1,1,1,1
4984,33,False,1,1,1,0
4986,33,True,1,1,1,1
4987,33,True,1,1,1,0
4990,33,True,4,2,1,0
4992,103,False,2,1,1,0
4993,47,True,2,2,1,1
4994,33,True,1,1,1,1
4996,33,True,1,1,1,1
4998,103,True,2,1,1,0
4999,33,True,1,1,1,1
5001,33,True,1,1,1,1
5004,31,True,1,1,1,0
5006,31,True,1,1,1,1
5007,45,False,1,1,1,0
5009,105,False,1,0,0,0
5010,31,True,1,1,1,1
5011,31,True,1,1,1,1
5012,45,True,1,1,1,0
5013,31,True,1,1,1,1
5014,55,True,2,2,1,1
5015,31,True,1,1,1,0
5017,31,True,2,2,1,1
5018,31,True,1,1,1,1
5019,31,True,1,1,1,1
5022,31,True,1,1,1,0
5023,31,True,1,1,1,1
5027,30,False,1,1,1,0
5029,23,False,1,1,1,0
5034,29,True,1,1,1,0
5035,41,False,3,1,1,0
5038,40,False,1,0,0,0
5039,29,True,1,1,1,0
5041,22,False,2,1,1,0
5042,29,True,2,2,1,0
5043,29,True,1,1,1,1
5044,109,False,2,2,1,0
5046,29,True,1,1,1,1
5047,109,True,1,1,1,0
5048,29,True,2,2,1,1
5049,29,True,2,2,1,0
5051,19,False,1,1,1,0
5054,29,True,1,1,1,1
5055,29,True,1,1,1,0
5056,29,True,2,2,1,1
5057,29,True,1,1,1,1
5059,29,True,3,3,1,1
5062,37,True,1,1,1,1
5064,29,True,3,1,1,1
5067,54,False,1,1,1,0
5068,29,True,3,2,1,1
5070,29,True,1,1,1,0
5071,29,True,1,1,1,0
5073,28,True,1,1,1,1
5075,28,True,3,3,1,1
5078,28,True,1,1,1,1
5080,109,False,2,2,1,0
5081,30,True,1,1,1,0
5085,30,True,1,1,1,0
5087,108,True,2,2,1,1
5088,30,True,1,1,1,1
5089,108,True,3,2,1,1
5090,29,False,1,1,1,0
5091,29,True,3,3,1,0
5094,29,True,1,1,1,1
5095,29,True,1,1,1,1
5098,28,False,2,2,1,0
5099,28,True,2,2,1,1
5101,28,True,1,1,1,1
5105,28,True,1,1,1,1
5106,28,True,1,1,1,1
5107,28,True,1,1,1,0
5109,28,True,1,1,1,1
5112,28,True,2,2,1,1
5113,28,True,1,1,1,1
5114,28,True,1,1,1,0
5115,28,True,2,1,1,1
5117,27,True,1,1,1,1
5121,26,True,1,1,1,1
5122,108,False,1,1,1,0
5124,26,True,1,1,1,1
5125,18,False,2,1,1,0
5126,109,False,1,0,0,1
5128,27,True,1,1,1,1
5129,27,True,1,1,1,1
5130,37,False,3,1,1,0
5132,27,True,2,2,1,1
5134,27,True,1,1,1,1
5136,27,True,1,1,1,1
5137,27,True,1,1,1,1
5138,27,True,1,1,1,0
5140,27,True,2,1,1,1
5141,27,True,1,1,1,1
5142,27,True,3,3,1,1
5143,27,True,1,1,1,1
5145,27,True,1,1,1,1
5149,27,True,2,1,1,1
5150,27,True,1,1,1,1
5151,110,True,3,3,1,1
5152,27,True,1,1,1,1
5153,109,False,5,1,0,0
5156,27,True,1,1,1,1
5157,27,True,2,2,1,1
5159,107,False,3,2,1,1
5160,73,False,2,0,0,0
5162,27,True,1,1,1,1
5164,27,True,2,2,1,1
5165,27,True,1,1,1,1
5166,27,True,3,3,1,1
5167,27,True,1,1,1,1
5168,36,False,3,2,1,0
5170,27,True,1,1,1,1
5171,26,False,1,1,1,0
5172,27,True,1,1,1,1
5176,28,True,2,2,1,1
5179,112,True,1,1,1,1
5180,28,True,2,2,1,1
5181,111,True,1,1,1,1
5182,28,True,1,1,1,1
5183,28,True,1,1,1,1
5184,109,False,7,3,1,0
5186,28,True,2,2,1,1
5187,37,False,4,1,1,0
5188,109,True,1,1,1,1
5189,28,True,1,1,1,1
5192,28,True,2,1,1,1
5193,28,True,1,1,1,1
5195,28,True,1,1,1,1
5197,28,True,2,2,1,1
5198,28,True,1,1,1,1
5199,38,True,2,2,1,0
5204,109,True,3,3,1,1
5205,111,True,3,2,1,0
5206,38,True,3,3,1,1
5207,40,True,1,1,1,0
5208,28,True,2,1,1,1
5211,39,False,3,0,0,1
5212,39,True,1,1,1,1
5213,28,True,1,1,1,1
5217,38,True,1,1,1,0
5220,115,True,1,1,1,1
5221,29,True,2,1,0,1
5223,28,True,2,1,1,1
5224,28,True,2,2,1,1
5225,41,False,2,1,1,0
5228,29,True,1,1,1,1
5231,29,True,1,1,1,1
5237,30,True,4,2,1,1
5238,39,False,2,0,0,0
5239,117,True,1,1,1,1
5240,31,True,2,2,1,1
5241,30,True,2,1,1,1
5242,120,True,1,1,1,1
5244,30,True,4,2,1,1
5245,118,False,1,1,1,0
5246,117,False,3,1,0,0
5247,38,True,4,1,1,0
5248,29,True,4,4,1,1
5249,29,True,2,2,1,1
5250,119,True,4,2,1,1
5251,30,True,2,1,0,1
5252,30,True,2,1,1,1
5253,30,True,1,1,1,1
5254,38,True,6,3,1,1
5255,30,True,1,1,1,1
5256,30,True,1,1,1,1
5257,30,True,1,1,1,1
5258,31,True,1,1,1,1
5260,31,True,2,2,1,1
5262,31,True,1,1,1,1
5263,123,True,1,1,1,1
5264,32,True,2,2,1,1
5265,32,True,1,1,1,1
5267,31,True,1,1,1,1
5268,123,True,4,2,1,1
5269,31,True,1,1,1,1
5271,31,True,1,1,1,1
5272,31,True,2,2,1,1
5273,31,True,1,1,1,1
5274,31,True,1,1,1,1
5275,31,True,1,1,1,1
5276,31,True,1,1,1,1
5278,31,True,1,1,1,1
5279,31,True,1,1,1,1
5280,31,True,1,1,1,1
5281,125,False,1,1,1,0
5282,31,True,1,1,1,1
5284,31,True,1,1,1,1
5286,20,False,2,1,1,1
5288,31,True,1,1,1,1
5289,31,True,2,2,1,1
5290,31,True,1,1,1,1
5291,31,True,1,1,1,1
5292,31,True,3,3,1,1
5294,124,False,2,0,0,0
5295,32,True,1,1,1,1
5296,73,False,2,0,0,0
5297,32,True,1,1,1,1
5298,124,True,2,1,1,0
5300,32,True,1,1,1,1
5301,32,True,1,1,1,1
5303,124,True,3,2,1,1
5304,19,False,1,0,0,0
5305,32,True,2,2,1,1
5306,32,True,3,2,1,1
5308,32,True,1,1,1,0
5309,32,True,1,1,1,1
5310,32,True,2,2,1,1
5311,32,True,2,2,1,1
5312,32,True,1,1,1,1
5314,33,True,2,1,1,1
5316,33,True,1,1,1,1
5318,33,True,2,2,1,1
5320,33,True,1,1,1,1
5321,124,False,1,1,1,0
5322,123,False,1,0,0,0
5324,34,True,1,1,1,1
5327,124,False,3,2,1,0
5328,12,False,2,1,0,0
5329,20,True,3,2,1,1
5330,34,True,1,1,1,1
5331,123,False,3,2,1,0
5332,34,True,1,1,1,1
5333,34,True,1,1,1,1
5334,34,True,1,1,1,1
5335,122,False,2,1,1,0
5336,122,True,2,1,1,1
5337,36,True,3,3,1,1
5338,121,False,5,3,1,0
5339,34,True,1,1,1,1
5340,34,True,1,1,1,1
5341,34,True,1,1,1,1
5342,34,True,1,1,1,1
5344,34,True,1,1,1,1
5346,122,True,4,2,1,0
5348,34,True,2,2,1,1
5350,34,True,2,2,1,1
5352,34,True,1,1,1,1
5353,122,False,1,1,1,0
5354,34,True,2,1,1,1
5356,120,True,1,1,1,1
5357,119,False,11,8,1,0
5358,36,True,1,1,1,1
5359,41,True,9,7,1,1
5361,117,False,2,2,1,0
5362,36,True,2,1,1,1
5365,36,True,1,1,1,1
5367,36,True,1,1,1,1
5368,36,True,1,1,1,1
5369,36,True,1,1,1,1
5370,37,True,1,1,1,1
5371,37,True,1,1,1,0
5372,37,True,3,2,1,1
5374,37,True,1,1,1,1
5375,37,True,1,1,1,1
5376,120,True,10,6,1,1
5377,42,True,1,1,1,0
5378,37,True,1,1,1,1
5379,119,True,2,1,1,0
5380,28,True,2,2,1,1
5381,119,True,1,1,1,0
5382,36,True,2,2,1,1
5383,36,True,1,1,1,1
5384,36,True,1,1,1,1
5385,36,True,1,1,1,1
5386,45,False,8,7,1,0
5388,44,False,5,2,1,0
5389,36,True,2,1,1,0
5391,44,True,1,0,0,0
5392,36,True,3,3,1,1
5393,36,True,3,3,1,1
5396,36,True,1,1,1,1
5397,36,True,1,1,1,1
5398,36,True,2,1,1,1
5399,36,True,1,1,1,1
5401,44,True,1,1,1,1
5402,120,True,1,1,1,1
5403,24,True,3,2,1,1
5404,37,True,1,1,1,1
5407,37,True,2,2,1,1
5408,37,True,1,1,1,1
5410,37,True,1,1,1,1
5412,22,False,1,1,1,0
5413,37,True,1,1,1,1
5416,37,True,1,1,1,1
5417,37,True,2,2,1,1
5418,41,False,1,0,0,0
5420,37,True,1,1,1,0
5421,37,True,1,1,1,0
5423,36,False,2,1,1,1
5424,41,True,4,1,1,1
5425,36,True,1,1,1,1
5426,36,True,1,1,1,0
5427,36,True,1,1,1,1
5428,79,False,6,2,1,0
5429,35,False,1,1,1,0
5430,123,True,4,3,1,1
5432,40,False,1,1,1,0
5434,37,True,1,1,1,1
5435,37,True,1,1,1,1
5436,37,True,1,1,1,1
5437,37,True,1,1,1,1
5438,123,True,4,3,1,1
5440,37,True,3,2,1,1
5441,37,True,1,1,1,1
5443,37,True,1,1,1,1
5444,37,True,1,1,1,1
5445,8,True,2,2,1,1
5446,37,True,1,1,1,1
5447,123,True,1,1,1,1
5448,37,True,1,1,1,1
5450,37,True,1,1,1,1
5451,37,True,1,1,1,1
5452,39,False,2,2,1,0
5453,37,True,1,1,1,1
5455,121,True,1,1,1,1
5457,39,True,4,2,1,0
5459,37,True,1,1,1,0
5460,37,True,1,1,1,1
5461,37,True,1,1,1,1
5462,120,False,2,1,1,1
5463,37,True,1,1,1,1
5464,37,True,1,1,1,1
5466,37,True,1,1,1,0
5467,37,True,1,1,1,1
5470,39,True,1,1,1,1
5471,39,True,1,1,1,1
5472,39,True,3,3,1,1
5473,39,True,2,2,1,1
5474,39,True,1,1,1,1
5476,39,True,1,1,1,1
5477,39,True,2,2,1,1
5478,39,True,1,1,1,1
5479,39,True,1,1,1,1
5481,39,True,1,1,1,1
5482,119,False,1,0,0,0
5487,48,False,1,1,1,0
5488,39,True,1,1,1,1
5490,39,True,2,2,1,1
5491,43,False,7,6,1,0
5492,40,True,3,3,1,1
5493,40,True,2,2,1,1
5494,40,True,2,2,1,1
5495,40,True,1,1,1,1
5496,40,True,1,1,1,1
5497,40,True,1,1,1,1
5498,44,True,7,7,1,1
5499,40,True,1,1,1,1
5500,40,True,1,1,1,1
5502,40,True,2,2,1,1
5503,118,False,9,5,1,0
5504,40,True,1,1,1,1
5505,40,True,1,1,1,1
5506,42,True,3,1,1,0
5508,118,True,1,1,1,1
5509,8,False,1,1,1,0
5510,40,True,2,2,1,1
5511,40,True,1,1,1,1
5512,28,True,1,1,1,1
5513,40,True,9,8,1,0
5514,41,True,3,2,1,1
5515,40,True,2,2,1,0
5517,119,True,3,2,1,0
5518,39,False,1,0,0,1
5519,39,True,1,1,1,0
5521,39,True,1,1,1,1
5523,39,True,1,1,1,1
5526,115,True,2,2,1,0
5527,39,True,1,1,1,1
5529,39,True,3,2,1,0
5530,27,False,2,2,1,0
5531,39,True,7,7,1,1
5532,115,True,1,1,1,1
5533,39,True,7,7,1,1
5534,38,True,1,1,1,1
5535,38,True,1,1,1,1
5536,115,True,3,2,1,0
5537,40,True,1,1,1,1
5538,38,True,1,1,1,1
5540,39,True,1,1,1,0
5542,39,True,2,2,1,1
5543,39,True,2,2,1,1
5544,40,True,1,1,1,0
5545,31,True,2,2,1,1
5546,39,True,1,1,1,1
5547,39,True,2,2,1,1
5549,38,False,8,4,1,0
5550,41,True,5,2,1,1
5551,116,True,8,5,1,0
5552,38,True,1,1,1,1
5553,38,True,2,2,1,1
5554,38,True,2,1,1,1
5555,38,True,2,2,1,1
5560,38,True,1,1,1,1
5561,38,True,1,1,1,1
5562,42,False,6,6,1,0
5563,117,False,2,1,1,0
5564,38,True,1,1,1,1
5568,115,True,7,4,1,0
5569,38,True,2,2,1,1
5570,38,True,2,2,1,1
5571,38,True,1,1,1,1
5572,113,False,1,0,0,0
5574,39,True,1,1,1,1
5575,39,True,1,1,1,1
5576,112,True,8,2,0,0
5577,39,True,1,1,1,1
5579,39,True,1,1,1,1
5580,39,True,1,1,1,1
5583,109,True,1,1,1,1
5584,39,True,2,2,1,1
5585,26,False,1,0,0,0
5588,39,True,1,1,1,1
5589,108,False,2,1,1,1
5590,38,False,7,4,1,0
5591,38,True,2,2,1,1
5593,38,True,1,1,1,1
5594,38,True,1,1,1,1
5596,38,True,1,1,1,0
5598,38,True,1,1,1,1
5600,43,True,1,1,1,0
5602,35,False,2,1,1,0
5603,38,True,1,1,1,1
5604,38,True,1,1,1,1
5605,38,True,1,1,1,1
5606,38,True,1,0,0,0
5607,38,True,2,2,1,1
5608,38,True,2,2,1,1
5609,38,True,2,2,1,1
5610,39,True,2,2,1,1
5611,39,True,1,1,1,1
5612,39,True,1,1,1,1
5613,39,True,1,1,1,1
5614,39,True,1,1,1,1
5615,39,True,1,1,1,1
5616,43,True,5,1,1,1
5617,39,True,1,1,1,1
5620,105,True,2,1,1,1
5621,39,True,2,2,1,1
5622,39,True,1,1,1,1
5623,39,True,1,1,1,1
5624,39,True,1,1,1,1
5625,39,True,1,1,1,1
5626,39,True,1,1,1,0
5627,39,True,1,1,1,1
5628,102,False,5,3,1,0
5629,39,True,1,1,1,1
5630,101,False,6,3,0,0
5631,39,True,1,1,1,1
5634,39,True,1,1,1,1
5635,39,True,1,1,1,1
5636,39,True,2,1,1,0
5637,86,True,2,1,1,1
5638,101,False,1,0,0,0
5639,39,False,2,1,1,0
5644,47,True,6,6,1,1
5645,99,False,2,1,1,0
5647,39,True,1,1,1,1
5648,40,False,1,1,1,0
5649,39,True,1,1,1,1
5651,46,True,1,1,1,1
5653,40,True,4,4,1,1
5654,40,True,2,2,1,1
5655,40,True,1,1,1,0
5657,46,True,4,2,1,0
5658,40,True,1,1,1,1
5659,97,False,1,0,0,0
5660,40,True,2,2,1,1
5661,26,False,1,1,1,0
5663,40,True,4,1,1,1
5664,40,True,1,1,1,1
5665,40,True,1,1,1,0
5666,39,False,1,1,1,0
5667,39,True,2,1,1,1
5672,39,True,4,4,1,1
5673,95,False,2,0,0,1
5677,48,True,2,0,0,0
5678,39,True,1,1,1,0
5679,39,True,1,1,1,1
5682,39,True,1,1,1,1
5686,34,False,1,0,0,0
5687,39,True,1,1,1,1
5690,39,True,2,1,1,1
5691,26,False,2,0,0,0
5692,39,True,2,2,1,0
5693,49,True,2,1,1,1
5695,37,True,2,2,1,1
5696,93,True,2,0,0,0
5697,37,True,1,1,1,1
5698,37,True,1,1,1,1
5699,37,True,2,2,1,1
5700,37,True,1,0,0,0
5701,37,True,1,1,1,1
5702,37,True,1,1,1,1
5703,37,True,3,0,0,0
5704,38,True,1,1,1,1
5705,92,False,1,1,1,0
5706,38,True,1,1,1,1
5707,38,True,1,1,1,1
5708,38,True,1,1,1,0
5709,50,True,6,6,1,1
5710,38,True,1,1,1,0
5711,49,False,2,1,0,0
5712,38,True,1,1,1,1
5713,38,True,3,2,1,0
5714,38,True,1,1,1,0
5715,38,True,1,1,1,1
5718,38,True,2,2,1,0
5719,38,True,1,1,1,0
5720,49,False,3,2,1,0
5721,49,False,5,5,1,0
5722,38,True,3,3,1,1
5723,49,False,3,1,1,0
5724,94,True,1,1,1,1
5727,93,False,2,0,0,0
5728,39,True,2,2,1,1
5729,40,True,1,1,1,1
5730,40,True,1,1,1,0
5734,49,True,2,1,1,0
5735,25,True,2,2,1,1
5736,39,True,1,1,1,0
5737,39,True,6,4,1,1
5740,40,True,2,2,1,1
5741,49,False,1,1,1,0
5742,40,True,1,1,1,1
5743,48,False,4,2,1,0
5744,39,True,2,1,0,0
5745,48,True,1,1,1,1
5747,39,True,1,1,1,0
5748,39,True,1,1,1,1
5749,39,True,1,0,0,0
5750,39,True,1,1,1,1
5752,38,False,1,1,1,0
5754,91,False,1,0,0,0
5755,35,True,4,2,1,1
5756,47,False,3,1,1,0
5757,47,True,5,5,1,1
5761,39,True,1,1,1,0
5763,88,False,2,1,1,0
5764,39,True,1,1,1,1
5765,39,True,1,0,0,0
5766,46,False,3,1,0,0
5768,87,True,7,2,1,1
5770,39,True,1,1,1,0
5771,38,False,1,1,1,0
5773,38,True,3,3,1,1
5775,39,True,1,1,1,1
5776,39,True,1,1,1,1
5777,39,True,1,1,1,1
5779,39,True,1,1,1,1
5781,39,True,2,2,1,1
5782,39,True,2,2,1,1
5783,39,True,2,1,1,1
5784,39,True,1,1,1,1
5785,39,True,1,1,1,1
5786,39,True,1,1,1,1
5787,39,True,2,2,1,1
5788,39,True,1,1,1,1
5789,44,False,4,4,1,0
5790,39,True,1,1,1,1
5792,38,True,1,1,1,0
5793,38,True,1,1,1,1
5794,38,False,6,3,1,0
5795,38,True,1,1,1,1
5796,38,True,1,1,1,1
5797,38,True,1,1,1,1
5798,43,False,2,1,1,0
5800,39,True,7,4,1,1
5801,39,True,2,2,1,1
5802,39,True,1,1,1,1
5803,39,True,1,1,1,1
5804,39,True,1,1,1,1
5805,39,True,1,1,1,1
5806,39,True,1,1,1,1
5807,39,True,1,1,1,1
5810,39,True,7,4,1,1
5811,39,True,1,1,1,1
5812,39,True,1,1,1,1
5813,39,True,1,1,1,1
5815,39,True,1,1,1,1
5816,39,False,1,1,1,0
5817,39,True,1,1,1,0
5818,39,True,1,1,1,1
5819,39,True,2,2,1,1
5820,38,False,1,1,1,0
5822,40,True,1,1,1,1
5823,93,True,1,1,1,0
5824,40,True,1,1,1,1
5825,63,False,1,0,0,0
5826,40,True,1,1,1,1
5827,40,True,1,1,1,1
5828,40,True,1,1,1,1
5829,40,True,1,1,1,1
5830,40,True,2,2,1,0
5831,92,False,1,0,0,1
5832,40,True,1,1,1,1
5833,40,True,1,1,1,0
5834,41,True,1,1,1,1
5835,40,True,1,1,1,1
5836,48,False,2,1,1,0
5837,40,True,1,1,1,1
5838,49,True,5,2,1,1
5839,69,False,1,0,0,0
5842,40,True,1,1,1,0
5843,69,False,6,0,0,0
5844,40,True,2,2,1,1
5845,91,True,2,1,0,0
5848,24,True,1,1,1,1
5852,90,True,1,0,0,0
5856,40,True,1,1,1,1
5858,29,True,3,2,1,0
5859,46,True,4,4,1,1
5860,92,True,1,0,0,0
5861,41,True,3,3,1,1
5862,41,True,1,1,1,1
5863,91,False,3,0,0,0
5865,37,False,1,0,0,0
5867,41,True,2,2,1,0
5870,41,True,2,2,1,1
5871,92,False,3,1,1,0
5872,43,True,1,1,1,1
5873,52,False,2,0,0,0
5875,43,True,1,1,1,1
5876,43,True,1,1,1,1
5877,44,True,2,2,1,1
5878,44,True,1,1,1,1
5879,44,True,1,1,1,1
5880,44,True,1,1,1,1
5883,44,True,1,1,1,1
5884,44,True,1,1,1,1
5885,44,True,1,1,1,1
5887,44,True,1,1,1,1
5888,44,True,1,1,1,1
5889,44,True,1,1,1,1
5890,53,True,4,4,1,1
5891,44,True,1,1,1,1
5892,44,True,1,1,1,0
5893,44,True,1,1,1,0
5895,54,True,4,4,1,1
5896,44,True,1,1,1,1
5897,44,True,1,1,1,1
5899,43,True,4,3,1,1
5900,43,True,1,1,1,1
5902,43,True,1,1,1,1
5905,43,True,1,1,1,0
5906,56,True,5,5,1,1
5909,44,True,1,1,1,1
5910,21,False,1,1,1,0
5911,99,True,1,0,0,0
5912,30,False,1,0,0,0
5913,44,True,1,1,1,1
5914,21,True,1,1,1,1
5915,53,False,4,2,1,0
5916,44,True,1,1,1,0
5917,44,True,2,2,1,1
5918,44,True,1,1,1,1
5919,99,True,1,1,1,1
5920,44,True,1,0,0,0
5921,53,True,2,2,1,1
5923,45,True,1,1,1,1
5925,53,True,1,1,1,1
5927,45,True,1,1,1,0
5928,44,True,1,0,0,0
5929,45,True,1,1,1,1
5930,45,True,3,3,1,0
5931,105,True,1,1,1,0
5933,44,False,5,3,1,0
5934,53,False,1,0,0,0
5935,105,False,6,3,1,0
5937,44,True,2,2,1,1
5938,18,True,2,0,0,0
5939,51,False,1,0,0,0
5941,43,True,1,1,1,0
5942,52,True,2,1,1,0
5943,43,True,3,3,1,1
5944,43,True,1,1,1,0
5945,43,True,1,1,1,0
5947,43,True,2,2,1,1
5948,43,True,1,1,1,1
5949,43,True,1,1,1,1
5952,43,True,1,1,1,1
5953,43,True,1,1,1,1
5954,45,True,1,1,1,1
5955,112,False,1,1,1,0
5957,45,True,1,1,1,1
5958,45,True,2,2,1,1
5959,112,False,2,1,1,1
5960,45,True,1,1,1,1
5963,45,True,1,1,1,1
5964,50,False,2,1,1,0
5968,45,True,1,1,1,1
5971,23,True,4,3,1,1
5972,49,False,3,3,1,0
5973,44,True,1,1,1,1
5974,115,True,1,1,1,1
5979,52,True,3,3,1,1
5980,43,True,1,1,1,1
5981,51,False,1,1,1,0
5983,43,True,1,1,1,1
5985,43,True,1,1,1,1
5987,43,True,1,1,1,0
5988,54,True,5,5,1,1
5990,113,True,4,4,1,1
5991,112,False,2,2,1,0
5992,43,True,1,1,1,0
5993,43,True,5,5,1,0
5994,43,True,1,1,1,1
5996,43,True,2,2,1,1
5998,43,True,2,1,1,1
6000,43,True,1,1,1,1
6001,43,True,1,1,1,1
6002,22,False,3,1,1,0
6003,62,False,3,1,0,0
6004,43,True,1,1,1,1
6006,54,False,3,1,1,0
6008,44,True,1,1,1,1
6010,56,False,1,1,1,0
6011,44,True,1,1,1,1
6015,74,False,2,1,1,0
6016,57,True,5,5,1,1
6018,57,True,5,5,1,1
6019,72,False,1,1,1,0
6020,119,False,7,2,1,0
6024,43,True,6,6,1,0
6025,43,True,1,1,1,1
6026,43,False,6,6,1,0
6027,43,True,1,1,1,1
6028,54,False,1,0,0,0
6029,43,True,1,1,1,1
6030,43,True,2,2,1,1
6032,43,True,1,1,1,1
6034,43,True,1,1,1,1
6035,43,True,2,2,1,1
6038,43,True,1,1,1,1
6039,43,True,1,1,1,1
6043,43,True,1,1,1,1
6044,43,True,1,1,1,1
6045,55,True,3,3,1,1
6051,54,False,1,1,1,0
6053,44,True,1,1,1,1
6054,44,True,1,1,1,1
6056,42,True,4,3,1,1
6057,53,False,2,0,0,0
6058,122,False,2,1,1,0
6059,53,False,2,2,1,0
6060,124,True,2,1,1,1
6061,51,False,2,0,0,1
6062,41,True,1,1,1,1
6064,41,True,1,1,1,1
6069,41,True,8,2,1,1
6074,54,True,5,5,1,1
6078,54,True,1,1,1,0
6079,41,True,4,3,1,1
6080,41,True,4,2,1,0
6081,133,True,2,0,0,0
6082,55,True,1,1,1,1
6083,18,True,1,1,1,1
6084,133,True,1,1,1,1
6086,132,True,6,4,1,1
6088,40,True,2,2,1,1
6090,18,True,1,1,1,1
6091,40,True,1,1,1,1
6092,40,True,8,2,1,1
6095,40,True,8,2,1,1
6097,40,True,1,1,1,1
6099,41,True,1,1,1,0
6100,41,True,2,2,1,1
6103,40,True,1,1,1,1
6104,40,True,1,0,0,0
6106,40,True,1,1,1,1
6107,18,True,1,1,1,1
6108,40,True,1,1,1,1
6109,40,True,1,1,1,1
6110,134,True,5,4,1,1
6111,40,True,2,2,1,1
6112,40,True,1,1,1,1
6113,40,True,1,1,1,1
6114,40,True,4,2,1,1
6115,40,True,1,1,1,0
6116,40,True,1,1,1,1
6117,52,False,1,0,0,0
6120,41,True,1,1,1,1
6121,135,False,4,3,1,0
6124,41,True,1,1,1,1
6125,41,True,1,1,1,1
6135,49,False,2,2,1,0
6137,41,True,3,3,1,0
6139,138,True,1,1,1,1
6142,42,True,1,1,1,0
6143,49,True,2,2,1,1
6144,49,True,2,1,1,1
6148,140,True,3,3,1,1
6149,42,True,8,2,1,1
6150,141,True,3,3,1,0
6151,139,False,5,3,1,0
6154,43,True,2,2,1,1
6155,135,False,1,0,0,1
6156,42,True,1,1,1,0
6157,136,True,1,1,1,1
6158,18,False,2,0,0,0
6159,5,False,1,1,1,0
6161,50,True,1,1,1,0
6164,49,False,2,1,1,0
6166,49,False,4,4,1,0
6169,44,True,2,2,1,0
6171,49,True,4,4,1,1
6172,45,True,1,1,1,1
6176,142,False,7,3,1,1
6178,45,True,2,2,1,1
6179,143,False,6,1,0,0
6180,47,False,1,1,1,0
6182,45,True,1,0,0,0
6183,45,True,4,4,1,1
6184,44,False,1,1,1,0
6185,44,True,1,1,1,1
6186,93,False,7,7,1,0
6188,43,True,1,1,1,1
6189,141,False,2,2,1,0
6191,43,True,6,5,1,1
6192,43,True,1,1,1,1
6193,43,True,2,2,1,1
6194,43,True,1,1,1,1
6195,17,False,3,2,1,0
6196,43,True,1,1,1,1
6197,142,True,2,1,1,1
6198,43,True,1,1,1,1
6200,43,False,3,3,1,0
6201,43,True,1,1,1,1
6204,43,True,1,1,1,0
6207,45,True,5,5,1,0
6208,142,True,2,1,1,0
6209,42,False,2,1,1,0
6210,42,False,2,1,1,1
6212,46,True,3,1,1,0
6213,17,True,2,1,1,0
6214,93,False,6,6,1,0
6216,143,True,3,2,1,0
6217,46,True,1,1,1,1
6218,13,False,1,1,1,0
6221,43,False,1,0,0,0
6226,33,True,1,1,1,1
6227,46,True,2,2,1,0
6229,143,True,2,1,1,1
6234,47,True,2,2,1,1
6236,11,False,1,0,0,0
6237,143,True,2,1,1,0
6238,48,False,1,1,1,0
6239,34,False,1,0,0,0
6241,142,False,1,0,0,0
6242,47,True,1,1,1,0
6243,140,True,4,3,1,0
6244,140,False,2,2,1,0
6245,47,True,8,2,1,1
6246,137,True,1,1,1,0
6248,46,False,3,2,1,1
6249,45,False,1,0,0,0
6250,47,True,2,1,1,1
6257,47,True,1,0,0,0
6258,47,True,1,1,1,0
6261,47,True,1,1,1,1
6263,48,True,2,2,1,1
6266,91,True,1,1,1,0
6271,47,True,1,1,1,1
6272,137,True,3,2,1,0
6273,46,False,3,1,1,0
6274,46,True,5,5,1,1
6276,46,True,2,2,1,1
6279,46,True,1,1,1,0
6280,139,False,1,1,1,0
6282,139,True,6,4,1,0
6283,46,True,2,1,0,1
6285,139,True,4,3,1,1
6287,137,False,2,1,1,0
6293,139,True,1,1,1,1
6294,9,True,1,1,1,1
6297,45,True,1,1,1,1
6300,45,True,6,5,1,0
6303,45,True,2,2,1,1
6304,45,True,1,1,1,1
6305,45,True,1,1,1,1
6306,45,True,1,1,1,1
6310,44,False,1,0,0,0
6311,88,True,1,0,0,0
6313,47,True,1,1,1,1
6315,84,False,2,1,1,0
6316,151,False,3,2,1,0
6317,47,False,3,2,1,0
6318,151,False,1,1,1,0
6320,47,True,2,2,1,1
6323,46,False,2,1,1,0
6324,47,True,1,1,1,1
6326,46,True,1,1,1,1
6327,46,True,1,1,1,0
6328,46,True,2,1,1,1
6329,46,True,8,3,1,1
6332,46,True,1,1,1,0
6333,46,True,1,0,0,0
6335,10,True,1,0,0,0
6336,154,True,2,2,1,1
6337,88,False,3,3,1,0
6339,46,True,8,3,1,1
6340,46,True,3,2,1,0
6342,46,False,1,0,0,0
6344,154,False,2,0,0,0
6346,46,True,1,1,1,1
6347,45,False,3,3,1,0
6348,46,True,3,3,1,1
6354,45,True,5,5,1,1
6355,149,True,1,1,1,1
6356,148,False,1,1,1,0
6358,10,True,1,1,1,1
6359,44,True,3,2,1,0
6360,145,True,1,1,1,0
6361,145,True,2,2,1,0
6362,145,True,2,2,1,1
6363,45,True,2,0,0,0
6364,146,False,1,1,1,0
6367,45,True,1,1,1,1
6370,146,False,2,1,1,0
6371,45,True,2,1,1,1
6372,45,False,1,1,1,0
6374,28,False,3,2,1,0
6376,43,False,1,0,0,0
6380,45,True,1,1,1,0
6383,48,True,2,1,1,0
6384,145,False,4,4,1,0
6385,145,False,1,1,1,0
6386,87,False,2,2,1,0
6387,49,True,1,1,1,1
6388,46,False,1,1,1,0
6392,48,True,1,1,1,1
6393,48,True,3,2,1,1
6396,49,True,1,0,0,0
6397,50,True,7,2,1,0
6398,50,True,2,2,1,1
6399,50,True,1,1,1,0
6400,50,True,1,1,1,1
6401,145,False,2,0,0,1
6402,85,False,1,1,1,0
6403,51,True,2,2,1,1
6404,51,True,6,1,0,0
6406,51,True,1,1,1,1
6407,48,False,2,2,1,0
6408,48,False,2,2,1,0
6409,52,True,1,1,1,1
6412,53,True,2,1,1,0
6413,53,True,2,2,1,1
6418,55,True,1,1,1,1
6419,55,True,2,2,1,0
6421,55,True,2,2,1,1
6422,47,True,1,1,1,0
6426,52,True,1,1,1,1
6430,11,True,1,1,1,1
6433,83,True,1,1,1,1
6436,153,True,1,1,1,0
6437,152,False,1,1,1,0
6438,46,False,1,1,1,0
6440,154,True,3,2,1,0
6442,53,True,1,1,1,0
6445,54,True,2,2,1,0
6447,54,True,2,2,1,0
6448,54,False,1,1,1,0
6450,54,True,1,1,1,1
6451,159,True,2,1,1,1
6452,53,True,1,1,1,1
6458,158,False,1,1,1,0
6459,55,True,1,1,1,1
6468,44,False,1,1,1,0
6469,54,True,1,1,1,1
6470,90,True,9,6,1,1
6471,55,True,1,1,1,0
6473,155,False,1,1,1,0
6474,156,False,2,2,1,0
6477,156,False,2,1,1,0
6483,55,False,3,3,1,0
6489,157,True,1,1,1,1
6491,43,True,1,1,1,1
6492,56,True,1,0,0,0
6500,41,False,1,1,1,0
6503,40,False,1,1,1,0
6504,57,True,2,2,1,1
6506,58,True,2,2,1,1
6507,16,False,1,0,0,0
6511,38,False,1,0,0,0
6513,150,True,2,2,1,0
6514,150,False,1,1,1,0
6515,37,True,1,1,1,0
6517,61,True,1,1,1,1
6522,16,True,3,2,1,1
6524,64,True,3,3,1,1
6526,65,True,2,2,1,1
6531,40,True,1,1,1,0
6533,66,True,2,2,1,1
6535,67,False,1,0,0,0
6539,68,False,2,0,0,1
6541,68,True,1,1,1,0
6543,68,True,2,2,1,1
6548,149,True,1,1,1,0
6551,69,True,1,1,1,1
6554,70,True,1,1,1,1
6563,70,True,1,1,1,1
6565,70,True,2,2,1,1
6566,150,True,1,1,1,0
6569,70,True,2,1,1,0
6573,42,True,1,1,1,1
6576,149,True,2,1,1,1
6578,70,True,2,2,1,1
6579,146,True,1,1,1,1
6580,145,True,3,2,1,1
6583,71,True,2,2,1,0
6585,71,True,1,1,1,0
6588,70,False,2,2,1,0
6590,70,True,1,1,1,0
6592,40,False,2,2,1,0
6595,147,True,2,1,1,1
6599,39,True,2,2,1,1
6600,72,True,1,0,0,0
6601,148,True,1,1,1,1
6602,148,True,1,1,1,1
6604,71,True,2,2,1,1
6608,146,True,2,2,1,0
6611,37,True,2,2,1,1
6612,98,False,1,1,1,0
6619,100,True,7,5,1,1
6621,76,True,1,1,1,0
6623,144,False,1,1,1,0
6624,76,True,1,1,1,0
6627,38,False,1,1,1,0
6637,149,True,3,2,1,1
6638,38,False,1,1,1,0
6641,37,False,4,3,1,0
6642,37,True,1,1,1,1
6643,152,True,2,1,1,1
6646,76,True,1,1,1,0
6649,74,True,1,1,1,1
6650,148,True,2,1,1,1
6652,148,False,1,0,0,0
6654,77,True,1,1,1,1
6657,77,True,1,1,1,1
6660,79,True,1,1,1,1
6662,152,True,1,1,1,0
6663,37,True,1,1,1,0
6664,21,True,2,1,1,0
6673,151,False,1,1,1,0
6675,82,True,2,2,1,1
6679,151,True,2,1,1,1
6680,151,True,3,3,1,1
6681,83,False,1,1,1,0
6682,83,True,2,2,1,1
6683,83,True,1,1,1,1
6686,37,True,1,1,1,1
6687,37,True,1,1,1,1
6688,149,False,1,1,1,0
6689,149,True,1,1,1,0
6691,84,True,1,1,1,1
6695,36,True,1,1,1,0
6700,146,False,2,2,1,0
6701,92,True,1,1,1,0
6703,96,False,1,1,1,0
6704,93,False,2,2,1,0
6708,96,False,2,2,1,0
6714,36,False,1,1,1,0
6719,95,True,1,1,1,1
6721,95,False,3,1,1,0
6722,95,True,1,1,1,0
6726,144,True,3,3,1,0
6727,94,True,2,2,1,1
6736,18,True,2,2,1,1
6737,141,True,1,1,1,0
6739,34,False,1,1,1,0
6744,139,True,1,0,0,0
6745,86,True,4,3,1,1
6746,97,True,1,1,1,0
6748,97,False,3,3,1,0
6750,82,False,1,1,1,0
6754,96,False,1,1,1,0
6763,142,True,4,4,1,0
6766,140,True,1,1,1,1
6767,96,True,1,1,1,0
6768,34,True,1,1,1,1
6771,140,False,1,1,1,0
6775,33,False,3,3,1,0
6776,97,True,1,1,1,0
6779,97,True,2,2,1,1
6781,137,True,1,1,1,1
6784,97,True,5,4,1,0
6789,96,True,1,1,1,0
6790,96,True,1,1,1,0
6792,132,True,1,1,1,0
6796,98,True,1,1,1,1
6799,99,True,1,1,1,0
6800,98,True,1,1,1,1
6803,86,True,4,3,1,1
6804,97,True,1,1,1,0
6810,28,False,2,2,1,0
6818,130,False,3,3,1,0
6827,126,True,5,4,1,0
6828,94,True,2,2,1,1
6830,28,True,1,1,1,1
6833,126,False,2,1,1,1
6838,95,True,2,2,1,0
6839,97,True,2,2,1,1
6840,82,False,3,3,1,0
6842,97,True,1,1,1,0
6843,17,True,1,1,1,0
6845,100,True,1,1,1,0
6846,127,True,3,3,1,0
6849,101,True,1,1,1,1
6851,127,True,1,0,0,0
6854,82,True,1,1,1,0
6856,125,False,2,2,1,0
6858,125,True,2,2,1,1
6862,123,True,1,1,1,0
6864,123,True,1,0,0,0
6865,99,True,1,1,1,0
6868,99,True,1,1,1,1
6874,8,False,1,0,0,0
6877,116,False,2,2,1,0
6884,95,True,1,1,1,1
6893,111,False,5,4,1,0
6900,109,False,2,2,1,0
6905,97,True,1,1,1,0
6907,97,True,1,1,1,1
6908,109,False,1,1,1,0
6911,108,False,1,1,1,0
6913,95,False,1,1,1,0
6919,95,True,3,2,1,1
6920,96,True,1,1,1,1
6924,99,True,1,1,1,1
6944,100,True,1,1,1,0
6945,98,True,1,1,1,1
6946,14,True,1,1,1,1
6950,101,True,1,1,1,0
6953,101,True,1,1,1,0
6955,99,False,1,1,1,0
6957,99,False,1,1,1,0
6961,96,True,1,1,1,1
6962,98,True,1,1,1,0
6966,66,True,2,2,1,1
6969,98,False,1,1,1,0
6979,97,True,1,1,1,0
6985,88,True,1,1,1,1
6986,87,True,2,2,1,1
6994,86,True,1,1,1,1
6995,86,True,1,1,1,1
6998,83,True,2,2,1,1
7004,84,False,1,1,1,0
7008,84,True,1,1,1,1
7010,82,True,1,1,1,0
7013,10,True,1,1,1,1
7016,72,True,1,1,1,1
7022,81,True,3,3,1,1
7024,81,True,2,2,1,1
7026,78,True,1,1,1,1
7031,76,False,1,1,1,0
7037,72,True,1,1,1,1
7041,64,False,1,1,1,0
7046,70,False,1,1,1,0
7048,62,False,2,2,1,0
7051,70,True,1,1,1,1
7080,58,False,1,1,1,0
7092,17,False,4,4,1,0
7093,55,False,1,1,1,0
7098,39,False,1,1,1,0
7120,23,False,1,1,1,0
7121,46,True,1,1,1,1
7169,23,False,1,1,1,0
7171,22,True,1,1,1,1
7174,107,True,1,1,1,0
7175,20,False,4,2,1,0
7176,111,False,1,1,1,0
7177,38,True,1,1,1,1
7178,74,True,7,2,1,1
7179,109,True,1,1,1,1
7186,30,True,4,2,1,1
7188,73,True,1,1,1,1
7189,34,True,1,1,1,1
7191,124,True,1,1,1,1
7192,80,True,7,5,1,1
7195,24,False,3,2,1,0
7196,121,False,1,0,0,1
7198,37,True,1,1,1,1
7200,39,True,1,1,1,1
7201,120,True,1,1,1,1
7202,75,False,5,4,1,0
7203,115,False,4,3,1,0
7204,116,True,9,2,1,0
7205,105,True,1,1,1,1
7206,36,False,1,1,1,0
7207,32,False,1,1,1,0
7211,93,True,2,1,1,1
7215,22,False,9,5,1,0
7217,19,False,8,3,1,0
7219,111,True,2,1,1,1
7221,113,True,7,2,1,1
7222,18,True,8,3,1,1
7223,123,False,6,1,1,0
7226,133,True,1,1,1,1
7227,134,True,2,1,1,1
7230,17,False,2,2,1,0
7231,16,True,7,3,1,1
7232,142,False,5,1,1,0
7236,139,True,2,1,1,1
7237,139,False,2,0,0,0
7239,16,True,1,1,1,0
7243,15,False,1,0,0,0
7246,144,False,1,0,0,0
7247,13,False,6,3,1,0
7248,145,True,2,1,1,1
7251,16,True,6,3,1,1
7254,152,True,2,2,1,1
7257,93,False,1,1,1,0
7258,12,False,2,2,1,0
7261,74,True,3,3,1,1
7262,151,False,1,1,1,0
7263,82,False,2,2,1,0
7264,96,True,1,1,1,1
7265,149,True,2,2,1,1
7266,14,False,4,1,1,0
7267,93,True,2,2,1,1
7268,148,True,1,1,1,1
7271,15,True,1,1,1,1
7273,12,False,1,1,1,0
7275,11,True,1,1,1,1
7276,133,True,1,1,1,1
7278,131,True,1,1,1,1
7279,82,True,1,1,1,1
7290,40,False,2,2,1,0
7293,106,False,1,1,1,0
7294,106,True,1,1,1,1
7295,99,True,1,1,1,1
7307,73,False,3,3,1,0
7310,64,True,2,2,1,1
7312,35,False,1,1,1,0
7316,104,False,1,1,1,0
7320,110,True,2,1,1,1
7321,109,True,4,3,1,1
7322,116,False,2,1,0,1
7323,82,True,3,0,0,0
7324,118,True,4,2,1,1
7325,121,False,4,2,0,0
7326,120,True,2,1,1,1
7327,119,False,1,0,0,0
7329,78,False,7,3,1,0
7330,120,True,2,1,1,0
7331,123,True,4,2,1,1
7332,117,True,4,2,1,1
7333,106,True,3,1,0,1
7334,105,False,2,0,0,1
7335,103,False,1,1,1,0
7336,99,True,3,1,1,0
7337,93,True,3,1,0,0
7338,67,False,3,1,1,0
7339,66,False,2,1,1,0
7340,89,False,2,1,1,0
7343,129,False,2,1,1,1
7345,93,False,2,1,1,0
7346,143,True,1,1,1,1
7347,91,False,2,0,0,0
7348,152,False,1,1,1,0
7350,153,True,2,2,1,1
7351,156,True,2,1,1,0
7352,74,False,4,2,1,0
7353,151,False,1,1,1,0
7355,144,False,1,1,1,0
7356,148,True,1,1,1,1
7358,149,False,1,1,1,0
7359,66,False,3,3,1,0
7360,143,False,7,6,1,0
7362,139,False,6,5,1,0
7363,140,False,5,4,1,0
7365,130,False,4,3,1,0
7367,84,False,2,2,1,0
7368,81,True,1,1,1,1
7369,53,False,1,1,1,0
7370,127,False,3,2,1,0
7372,81,False,1,1,1,0
7375,106,True,2,2,1,0
7376,104,False,1,1,1,0
7382,14,False,1,1,1,0
7384,62,False,7,5,1,1
7386,27,True,3,1,1,1
7387,64,True,1,1,1,1
7389,47,True,6,4,1,1
7390,102,True,2,2,1,1
7393,61,True,10,3,1,1
7394,47,False,3,1,1,1
7396,28,False,1,1,1,0
7397,28,False,2,2,1,0
7399,28,True,3,2,1,1
7400,60,False,2,0,0,0
7401,50,True,6,6,1,1
7402,97,False,3,1,0,0
7405,53,False,2,0,0,1
7406,107,True,1,1,1,1
7407,73,True,1,0,0,0
7408,55,False,3,1,1,1
7410,35,False,2,1,1,0
7411,34,False,1,1,1,0
7412,39,False,2,2,1,0
7413,29,True,2,2,1,1
7414,31,True,2,2,1,1
7415,79,True,2,1,1,0
7416,79,True,4,0,0,0
7419,149,True,4,1,0,0
7420,51,False,2,1,1,0
7422,82,True,3,3,1,1
7423,82,False,9,5,1,0
7425,119,True,1,1,1,1
7426,50,True,1,1,1,0
7427,40,False,1,1,1,0
7428,41,True,1,0,0,0
7429,42,True,2,2,1,1
7430,41,True,2,2,1,1
7431,37,True,2,2,1,1
7432,156,False,3,1,1,0
7433,39,True,2,2,1,1
7435,40,True,2,2,1,1
7436,79,False,6,5,1,0
7437,39,True,2,2,1,1
7438,80,False,8,4,1,0
7439,31,True,5,2,1,1
7440,88,True,7,3,1,0
7441,53,False,1,0,0,0
7444,72,False,1,1,1,0
7445,38,True,2,2,1,1
7446,28,False,1,1,1,0
7447,27,False,1,1,1,0
7448,39,True,2,2,1,1
7449,88,True,1,1,1,1
7451,26,False,3,0,0,0
7452,61,False,1,0,0,0
7453,73,True,7,5,1,0
7457,75,True,6,2,1,1
7460,20,True,1,1,1,1
7461,71,True,1,1,1,1
7465,40,True,2,2,1,1
7466,63,False,2,0,0,1
7467,56,True,4,2,1,1
7469,102,True,1,1,1,1
7470,92,False,2,0,0,0
7471,60,True,4,2,1,0
7473,44,True,1,1,1,0
7475,52,False,3,2,1,0
7479,64,True,1,1,1,1
7480,27,True,3,1,1,1
7481,59,True,1,1,1,1
7482,43,True,1,1,1,1
7483,70,False,3,1,1,0
7488,90,False,2,0,0,1
7489,66,True,1,1,1,1
7490,34,False,2,1,1,0
7500,84,True,6,2,1,0
7504,52,True,1,0,0,0
7505,33,True,2,1,1,1
7508,87,True,3,3,1,1
7509,73,True,1,1,1,1
7511,76,False,5,2,1,0
7513,86,False,1,1,1,0
7515,85,True,3,2,1,0
7516,78,True,1,0,0,0
7517,35,False,1,1,1,0
7519,90,True,2,2,1,0
7520,90,False,3,3,1,0
7523,72,False,1,1,1,0
7525,71,True,1,1,1,1
7526,92,True,2,2,1,1
7527,28,False,1,1,1,0
7529,28,False,1,1,1,0
7532,67,True,1,1,1,1
7533,67,True,1,1,1,1
7534,77,False,4,2,1,0
7538,98,True,6,6,1,1
7540,73,False,3,2,1,0
7542,70,True,1,1,1,1
7545,98,False,1,1,1,0
7546,41,False,1,0,0,0
7548,97,True,1,1,1,1
7552,95,True,1,1,1,0
7555,94,True,1,1,1,1
7557,120,False,3,1,1,0
7563,86,True,2,2,1,0
7566,29,False,1,1,1,0
7572,114,False,1,1,1,0
7574,77,True,1,1,1,0
7582,46,False,1,1,1,0
7596,47,True,5,2,1,1
7602,52,True,5,3,1,1
7603,51,True,2,2,1,0
7605,81,False,4,2,1,1
7607,120,False,1,0,0,0
7608,56,True,1,1,1,0
7610,53,False,3,1,1,0
7613,85,True,2,1,1,1
7616,81,True,2,2,1,0
7617,73,True,3,3,1,1
7618,74,True,1,1,1,1
7619,77,True,1,1,1,1
7620,75,False,2,0,0,0
7621,74,False,8,3,1,0
7623,72,False,5,3,1,0
7624,69,True,1,1,1,1
7625,114,False,1,0,0,0
7626,70,True,2,2,1,1
7628,68,False,4,2,1,0
7629,59,True,4,3,1,1
7631,63,True,8,4,1,1
7632,21,False,2,0,0,0
7633,57,False,1,1,1,0
7634,65,True,1,1,1,1
7635,62,False,4,3,1,0
7636,63,False,1,1,1,0
7637,63,False,5,2,1,0
7638,63,True,1,0,0,0
7639,54,True,4,3,1,1
7640,69,True,10,3,1,1
7641,98,False,2,1,1,0
7642,28,False,1,1,1,0
7643,72,False,5,3,1,0
7644,77,True,2,1,1,1
7645,81,True,1,1,1,1
7646,132,True,5,4,1,0
7650,93,True,8,8,1,1
7651,65,False,3,2,1,0
7652,85,False,1,1,1,0
7653,91,True,10,4,1,1
7654,76,True,1,1,1,0
7657,147,False,1,1,1,0
7658,89,True,4,4,1,0
7659,87,True,3,2,1,1
7660,89,True,9,5,1,0
7661,72,True,1,1,1,1
7662,76,True,2,2,1,1
7664,88,True,4,3,1,0
7665,86,True,3,2,1,1
7666,87,True,2,1,1,1
7676,92,True,2,1,0,1
7677,92,True,5,2,1,0
7681,44,True,1,1,1,1
7683,97,True,2,1,1,1
7686,94,False,1,1,1,0
7688,76,False,3,2,1,0
7690,86,False,4,3,1,0
7694,87,True,1,1,1,0
7696,86,True,1,1,1,1
7697,137,False,3,1,1,0
7698,99,True,1,1,1,0
7700,81,True,2,1,1,1
7706,53,False,1,1,1,0
7712,28,False,1,1,1,0
7716,53,False,2,2,1,0
7729,55,True,1,0,0,0
7730,55,True,2,2,1,1
7731,54,False,1,1,1,0
7732,54,False,1,1,1,0
7733,54,True,6,4,1,1
7736,53,False,3,0,0,0
7737,55,True,2,2,1,1
7739,50,False,2,2,1,0
7741,47,True,7,3,1,1
7742,46,False,4,4,1,0
7743,45,False,1,1,1,0
7744,46,True,3,3,1,1
7746,51,False,2,1,1,0
7747,50,False,1,0,0,0
7748,51,True,2,2,1,1
7749,50,True,3,3,1,1
7751,51,False,1,1,1,0
7753,53,True,1,1,1,0
7756,50,True,1,1,1,1
7757,49,True,1,1,1,0
7758,48,True,1,1,1,1
7759,48,True,1,1,1,1
7760,45,True,2,2,1,1
7763,46,False,1,1,1,0
7765,47,False,2,1,1,0
7766,46,True,1,1,1,1
7769,41,True,1,1,1,0
7770,42,True,1,1,1,0
7774,35,False,1,0,0,0
7775,34,False,2,1,1,0
7778,39,True,2,2,1,0
7780,42,True,2,2,1,1
7781,46,True,2,2,1,1
7782,43,True,2,2,1,1
7783,42,False,2,1,1,0
7784,42,True,1,1,1,1
7785,41,False,1,1,1,0
7786,43,True,2,2,1,1
7789,40,True,1,1,1,1
7790,38,False,1,1,1,0
7793,38,True,1,1,1,0
7796,34,True,1,1,1,1
7797,33,True,1,1,1,0
7803,20,False,1,1,1,0
7808,113,True,1,0,0,0
7809,110,False,2,0,0,0
7813,108,False,1,1,1,0
7815,106,True,3,3,1,1
7816,21,False,1,1,1,0
7819,93,False,2,0,0,0
7820,62,False,2,1,0,0
7821,62,False,1,1,1,0
7824,97,False,1,0,0,0
7827,101,True,2,2,1,1
7829,106,False,1,1,1,0
7830,120,False,2,0,0,0
7833,50,False,2,2,1,0
7835,148,False,1,1,1,0
7839,140,False,2,1,0,0
7841,37,False,1,0,0,0
7850,102,False,8,4,1,0
7851,110,False,3,3,1,0
7852,104,True,3,3,1,1
7853,103,False,2,2,1,0
7854,103,False,1,1,1,0
7857,96,True,2,2,1,1
7863,152,True,2,2,1,1
7864,156,False,8,3,1,0
7870,34,True,2,2,1,1
7871,34,True,2,2,1,1
7872,34,True,1,1,1,0
7874,33,False,1,0,0,1
7876,33,True,1,1,1,1
7877,33,True,1,1,1,1
7878,33,True,2,2,1,1
7879,33,True,1,1,1,1
7880,34,True,1,1,1,1
7881,34,True,2,2,1,0
7882,33,True,1,1,1,1
7884,31,True,1,1,1,0
7891,27,False,1,1,1,0
7892,26,True,1,1,1,0
7893,27,True,1,1,1,1
7894,27,True,1,1,1,1
7895,27,True,1,1,1,1
7896,27,True,1,1,1,1
7897,27,True,1,1,1,1
7898,27,True,1,1,1,1
7901,27,True,1,1,1,1
7902,28,True,1,1,1,1
7903,28,True,1,1,1,1
7905,30,True,1,1,1,0
7906,30,True,1,1,1,0
7907,29,True,1,1,1,1
7908,29,True,4,4,1,1
7909,30,True,1,1,1,1
7910,31,True,1,1,1,1
7913,31,True,1,1,1,1
7914,31,True,1,1,1,1
7915,32,True,1,1,1,1
7916,33,True,1,1,1,1
7917,34,True,4,4,1,1
7919,37,True,2,2,1,0
7920,37,True,1,1,1,0
7921,37,True,1,1,1,1
7922,36,True,2,1,1,1
7923,37,True,1,1,1,1
7924,37,True,1,1,1,1
7927,35,True,2,2,1,1
7929,37,True,1,1,1,1
7930,37,True,1,1,1,1
7931,37,True,2,2,1,1
7932,37,True,1,1,1,1
7933,37,True,1,1,1,1
7934,37,True,1,1,1,1
7935,37,True,1,1,1,1
7936,37,True,1,1,1,1
7937,37,True,1,1,1,1
7938,37,True,1,1,1,1
7943,39,True,2,2,1,1
7944,40,True,1,1,1,1
7945,40,True,2,1,0,0
7946,40,True,1,1,1,1
7947,40,True,2,2,1,1
7949,39,True,1,1,1,1
7950,39,True,1,1,1,1
7951,39,True,2,2,1,1
7952,39,True,1,1,1,1
7953,38,True,3,1,1,0
7954,38,True,2,2,1,1
7955,38,True,2,2,1,1
7956,38,True,2,1,1,1
7957,39,False,2,1,1,0
7959,39,True,1,1,1,1
7960,39,True,2,2,1,1
7961,39,True,1,1,1,1
7962,39,True,1,1,1,1
7963,39,True,1,1,1,1
7964,39,True,3,3,1,1
7965,40,True,1,1,1,1
7966,39,True,1,1,1,1
7967,39,True,4,4,1,1
7969,39,True,3,3,1,1
7970,37,False,3,3,1,0
7971,37,True,1,1,1,1
7972,37,True,1,1,1,1
7973,37,True,2,2,1,1
7974,38,True,2,2,1,1
7975,38,True,1,1,1,1
7976,38,True,3,3,1,1
7977,38,True,1,1,1,1
7978,38,True,4,1,0,0
7979,39,True,2,2,1,1
7980,39,True,2,2,1,1
7981,38,True,2,2,1,1
7982,39,True,2,2,1,1
7984,39,True,1,1,1,1
7986,38,True,2,2,1,1
7987,38,True,2,1,1,1
7988,39,True,1,1,1,1
7989,39,True,1,1,1,1
7990,39,True,1,1,1,1
7992,39,True,2,2,1,1
7993,39,True,1,1,1,1
7994,40,True,1,1,1,1
7995,40,True,4,4,1,1
7997,40,False,1,1,1,0
7998,40,True,3,3,1,0
7999,40,True,2,2,1,1
8000,40,True,1,1,1,1
8002,41,True,1,1,1,1
8003,41,True,3,3,1,1
8004,42,True,1,1,1,1
8005,44,True,1,1,1,1
8006,44,True,1,1,1,1
8007,44,True,1,1,1,1
8008,44,True,3,3,1,1
8009,44,True,1,1,1,1
8010,44,True,1,1,1,1
8012,44,True,1,1,1,1
8013,44,True,1,1,1,0
8014,44,True,1,1,1,1
8016,44,True,1,1,1,1
8018,44,True,1,1,1,1
8019,44,True,3,3,1,1
8020,43,True,6,6,1,1
8021,43,True,1,1,1,1
8022,43,True,9,9,1,1
8023,45,True,2,2,1,0
8024,45,True,1,1,1,1
8025,45,True,1,1,1,1
8028,45,True,1,1,1,1
8029,43,False,1,0,0,1
8030,43,True,3,2,1,1
8032,43,True,1,1,1,1
8035,43,True,1,1,1,1
8036,43,True,1,1,1,0
8037,43,True,1,1,1,0
8039,43,True,1,1,1,0
8040,44,True,1,1,1,1
8041,44,True,2,2,1,1
8044,44,True,1,1,1,0
8046,44,True,1,1,1,1
8047,44,True,1,1,1,1
8048,43,True,6,6,1,0
8049,43,True,2,1,1,1
8050,43,True,1,1,1,1
8051,42,False,1,1,1,0
8053,40,True,1,1,1,0
8055,41,True,2,1,1,1
8056,41,True,2,2,1,1
8057,41,True,2,2,1,0
8058,41,True,2,2,1,0
8061,40,True,1,1,1,1
8063,40,True,1,1,1,1
8064,41,True,1,1,1,1
8065,41,True,1,1,1,1
8067,41,True,1,0,0,0
8068,40,True,1,1,1,0
8070,40,True,2,1,1,1
8072,40,True,1,1,1,1
8073,40,True,1,1,1,1
8074,40,True,1,1,1,1
8075,40,True,1,1,1,1
8076,39,True,1,1,1,1
8078,41,True,1,1,1,0
8079,41,True,1,1,1,1
8080,41,True,4,4,1,0
8081,41,True,1,1,1,0
8082,41,True,7,5,1,1
8084,43,True,2,1,1,0
8087,45,True,1,1,1,1
8088,45,True,1,1,1,1
8089,45,True,1,1,1,1
8090,44,True,2,2,1,1
8092,43,True,1,1,1,1
8094,43,True,1,1,1,1
8095,43,True,1,1,1,1
8096,43,True,1,1,1,0
8098,46,True,2,1,1,1
8101,46,False,3,3,1,0
8102,46,True,1,1,1,1
8104,46,True,1,1,1,1
8106,46,True,2,2,1,1
8109,47,True,1,1,1,1
8114,47,True,1,1,1,1
8117,47,True,1,1,1,0
8122,46,True,2,1,1,0
8125,45,True,1,1,1,1
8127,47,True,4,4,1,1
8128,47,True,1,1,1,1
8129,47,True,2,2,1,1
8131,46,True,1,1,1,1
8132,46,True,1,0,0,0
8136,44,True,1,1,1,0
8137,45,True,1,1,1,0
8138,45,True,2,2,1,1
8139,45,True,1,1,1,0
8140,49,True,1,1,1,0
8142,49,True,5,5,1,1
8143,48,False,1,1,1,0
8144,48,True,3,2,1,1
8145,50,True,1,1,1,1
8146,50,True,2,1,1,0
8148,51,True,3,3,1,1
8149,51,True,1,1,1,1
8150,51,True,1,0,0,0
8151,51,True,1,1,1,1
8152,51,True,2,1,1,1
8154,51,True,1,1,1,0
8155,52,True,1,1,1,1
8157,53,True,4,4,1,0
8160,55,True,1,1,1,1
8164,52,False,2,0,0,0
8165,52,True,1,1,1,1
8166,52,True,1,1,1,1
8167,52,True,1,1,1,1
8170,54,True,3,3,1,1
8172,53,True,2,2,1,1
8173,54,True,2,2,1,1
8175,54,True,1,1,1,1
8177,55,True,2,2,1,1
8180,54,True,1,1,1,0
8181,54,True,2,2,1,0
8182,55,True,2,1,1,0
8183,55,True,1,1,1,1
8184,56,True,1,1,1,0
8185,56,True,1,1,1,0
8186,56,True,4,4,1,1
8187,56,True,2,2,1,1
8189,56,True,1,1,1,1
8191,56,True,1,1,1,1
8192,56,True,1,1,1,1
8194,56,True,1,1,1,1
8195,55,True,2,2,1,1
8196,55,True,2,1,1,0
8198,56,True,1,1,1,0
8199,56,True,1,1,1,0
8202,58,True,1,1,1,1
8203,58,True,1,1,1,0
8204,60,False,3,3,1,0
8205,61,True,1,1,1,1
8206,61,True,1,1,1,0
8207,64,True,2,2,1,1
8208,64,True,1,1,1,1
8209,64,True,2,2,1,1
8210,64,True,1,1,1,1
8211,66,True,1,0,0,0
8213,66,True,1,1,1,1
8214,67,True,1,1,1,1
8215,67,True,3,3,1,1
8216,67,True,1,1,1,1
8218,67,True,1,1,1,0
8219,68,True,1,1,1,1
8220,69,True,1,1,1,0
8221,70,True,1,1,1,0
8222,70,True,2,1,1,1
8224,70,True,1,1,1,0
8225,70,True,1,1,1,0
8226,71,False,1,1,1,0
8228,71,True,1,1,1,0
8229,71,True,1,1,1,1
8230,72,True,1,1,1,0
8235,74,True,2,2,1,0
8237,76,True,4,4,1,0
8239,75,True,2,1,1,1
8240,75,True,1,1,1,0
8242,74,True,1,1,1,1
8248,77,True,3,3,1,1
8250,79,False,1,1,1,0
8251,78,True,1,1,1,0
8254,81,True,1,0,0,0
8255,83,True,1,1,1,1
8260,82,True,1,1,1,1
8261,84,True,1,1,1,1
8264,94,True,2,2,1,1
8265,94,True,2,2,1,1
8267,93,True,1,1,1,0
8268,93,True,2,2,1,0
8269,95,True,1,1,1,0
8270,96,True,1,1,1,0
8276,95,True,4,4,1,1
8277,95,True,1,1,1,1
8278,96,True,1,1,1,1
8283,97,True,2,2,1,1
8285,96,True,3,3,1,1
8286,96,True,1,1,1,1
8288,97,True,1,1,1,0
8291,98,True,1,1,1,0
8293,97,True,1,1,1,1
8296,96,True,1,1,1,0
8297,96,True,1,1,1,1
8298,96,True,4,3,1,0
8300,96,True,1,1,1,0
8305,99,False,1,1,1,0
8306,99,True,2,2,1,0
8307,99,True,1,1,1,0
8311,97,True,2,2,1,0
8314,96,True,1,1,1,0
8316,96,False,1,1,1,0
8318,96,True,1,1,1,1
8320,96,True,1,1,1,0
8323,95,True,4,4,1,1
8325,97,True,2,2,1,0
8327,100,True,1,1,1,1
8328,100,True,3,3,1,0
8329,100,True,3,3,1,1
8330,101,True,1,1,1,1
8331,101,True,2,2,1,1
8332,100,False,2,1,1,0
8333,99,False,1,1,1,0
8337,99,True,3,3,1,1
8341,96,False,1,1,1,0
8342,96,True,1,1,1,1
8343,95,False,2,2,1,0
8348,96,False,1,1,1,0
8349,98,True,3,3,1,1
8350,97,False,1,1,1,0
8363,99,True,2,2,1,0
8365,99,True,3,3,1,1
8366,99,True,3,3,1,1
8368,100,True,1,1,1,0
8371,99,False,1,1,1,0
8374,101,True,1,1,1,1
8377,97,False,2,2,1,0
8380,94,False,1,1,1,0
8381,94,True,1,1,1,0
8382,94,True,2,2,1,1
8389,88,True,1,1,1,0
8391,86,False,1,1,1,0
8392,86,True,1,1,1,0
8393,86,True,1,1,1,0
8400,84,True,1,1,1,1
8401,82,False,3,3,1,0
8404,82,True,1,1,1,0
8412,73,False,2,2,1,0
8418,72,True,1,1,1,1
8426,70,True,1,1,1,0
8429,69,True,1,1,1,1
8441,59,True,1,1,1,0
8451,54,True,1,1,1,1
8454,49,True,1,1,1,0
8458,46,True,1,1,1,1
8464,38,False,1,1,1,0
8473,25,False,1,1,1,0
8498,150,False,1,1,1,0
8500,45,True,2,2,1,1
8501,105,False,1,1,1,0
8502,38,False,1,1,1,0
8505,66,True,4,4,1,1
8506,79,False,1,0,0,0
8507,118,True,6,4,1,1
8508,139,False,1,1,1,0
8509,117,False,3,3,1,0
8511,73,True,1,1,1,0
8512,72,False,1,0,0,0
8513,80,False,1,1,1,0
8518,72,True,1,0,0,0
8519,47,True,1,1,1,1
8527,75,False,3,3,1,0
8529,26,False,1,1,1,0
8532,76,False,2,0,0,1
8533,47,False,1,0,0,0
8536,77,False,1,1,1,0
8539,71,True,1,0,0,0
8540,48,True,1,1,1,1
8542,24,False,4,1,1,0
8544,78,True,1,1,1,1
8546,49,True,3,3,1,1
8548,79,False,1,1,1,0
8551,70,False,1,0,0,0
8552,57,False,5,5,1,0
8554,69,True,4,2,1,0
8556,75,False,1,1,1,0
8559,73,False,3,1,1,0
8563,72,False,5,1,1,0
8573,65,False,1,1,1,0
8580,76,False,1,1,1,0
8589,77,True,2,1,1,0
8590,77,False,1,1,1,0
8591,52,False,8,5,1,0
8593,92,False,4,0,0,0
8595,29,True,1,1,1,1
8597,76,False,5,3,1,0
8598,75,False,1,0,0,1
8600,61,False,1,0,0,0
8602,76,False,2,1,1,1
8604,54,True,1,0,0,0
8605,74,False,1,0,0,0
8607,76,True,5,1,1,0
8608,58,False,1,1,1,0
8615,30,False,2,1,1,0
8616,75,False,7,4,1,0
8618,76,False,1,0,0,1
8620,51,True,2,2,1,0
8621,51,True,1,1,1,1
8624,73,False,1,1,1,0
8625,72,True,3,2,1,1
8629,51,True,2,1,1,1
8631,52,True,3,2,1,1
8633,75,False,5,1,1,1
8634,51,False,4,0,0,1
8636,61,False,2,1,1,0
8638,75,True,3,3,1,1
8642,95,False,2,0,0,0
8645,77,True,2,2,1,1
8646,78,True,2,2,1,0
8648,64,True,4,4,1,1
8649,64,True,4,2,1,1
8650,28,False,3,1,1,0
8653,82,True,7,4,1,1
8656,82,False,7,1,1,0
8657,47,False,1,1,1,0
8659,77,False,1,1,1,0
8660,86,True,7,4,1,1
8662,86,False,3,1,1,0
8663,86,False,2,2,1,0
8664,45,True,7,3,1,0
8665,87,True,3,0,0,0
8666,89,True,1,1,1,0
8667,73,True,5,4,1,1
8671,29,False,1,1,1,0
8673,91,True,4,1,1,0
8675,95,False,1,0,0,0
8676,47,False,2,2,1,0
8677,71,True,1,1,1,1
8679,97,True,5,3,1,1
8680,99,False,1,1,1,0
8683,97,False,4,2,1,0
8684,97,False,9,2,1,0
8685,97,True,3,2,1,1
8686,54,False,2,1,1,0
8687,97,True,1,1,1,0
8689,94,False,3,3,1,0
8690,96,True,2,1,1,0
8691,72,True,7,0,0,0
8692,96,False,2,1,1,0
8697,56,True,3,1,1,1
8698,56,False,1,0,0,0
8699,56,True,2,1,1,0
8700,94,True,4,2,1,1
8701,94,False,2,0,0,0
8703,92,False,3,1,1,0
8705,78,True,5,3,1,0
8706,92,False,1,0,0,0
8707,55,True,4,0,0,0
8708,93,True,7,5,1,1
8709,43,False,3,2,1,0
8710,93,True,4,2,1,1
8714,91,False,4,1,1,0
8715,90,False,4,1,1,1
8717,78,True,1,1,1,0
8718,41,False,1,1,1,0
8719,52,True,1,0,0,0
8720,139,False,1,1,1,0
8721,40,False,3,0,0,0
8723,78,False,1,0,0,0
8724,29,True,4,3,1,1
8725,36,False,2,0,0,0
8726,78,True,4,3,1,1
8729,94,True,6,0,0,0
8730,52,False,6,2,1,0
8735,51,False,1,1,1,0
8736,53,False,1,1,1,0
8737,94,False,5,0,0,1
8740,93,True,1,1,1,1
8741,77,False,1,1,1,0
8744,92,False,2,0,0,0
8747,94,False,1,0,0,0
8748,82,True,1,1,1,1
8752,95,True,3,1,1,0
8754,50,False,5,2,1,0
8757,44,False,2,1,1,0
8760,85,True,1,1,1,1
8761,92,False,5,2,1,1
8762,42,False,2,0,0,0
8763,91,False,2,2,1,0
8766,26,False,2,1,1,0
8768,25,False,1,1,1,0
8769,120,False,1,1,1,0
8770,97,False,1,1,1,0
8771,96,False,1,1,1,0
8772,83,False,1,0,0,0
8773,41,False,2,2,1,0
8774,95,False,1,1,1,0
8775,95,False,4,0,0,0
8776,94,False,4,2,1,0
8777,85,True,5,3,1,1
8778,95,True,3,2,1,1
8779,85,True,1,1,1,0
8780,96,True,2,1,1,0
8781,52,True,5,4,1,1
8782,41,False,1,0,0,0
8784,40,False,1,1,1,0
8786,86,True,2,1,1,1
8787,50,True,2,1,1,1
8789,85,False,1,1,1,0
8790,95,False,1,0,0,0
8792,96,False,4,1,1,0
8793,97,False,1,1,1,0
8794,52,True,7,4,1,1
8795,52,True,3,1,1,1
8796,39,False,1,1,1,0
8797,54,True,2,2,1,1
8799,100,True,3,1,1,0
8801,56,True,7,4,1,1
8802,28,True,1,1,1,1
8805,55,False,3,1,1,0
8806,82,True,6,2,1,1
8807,82,True,1,1,1,1
8809,80,False,3,1,1,0
8810,47,False,2,2,1,0
8813,96,False,5,2,1,1
8815,81,True,5,4,1,1
8817,96,True,7,6,1,1
8820,95,True,3,3,1,1
8821,95,True,2,1,1,0
8826,95,True,1,1,1,1
8827,80,True,4,3,1,1
8828,150,False,3,0,0,0
8829,94,False,1,0,0,0
8831,147,False,1,1,1,0
8833,92,True,2,0,0,0
8834,79,False,2,0,0,0
8837,92,False,8,3,1,0
8842,92,True,2,2,1,0
8843,92,True,7,6,1,1
8844,32,True,2,1,1,1
8847,92,False,2,1,1,0
8848,38,False,1,1,1,0
8861,89,False,1,0,0,0
8862,90,False,1,0,0,0
8865,86,False,6,2,1,1
8866,140,False,1,0,0,0
8868,88,False,7,5,1,1
8869,86,False,3,2,1,0
8870,86,False,6,4,1,0
8871,87,False,2,0,0,0
8875,85,True,2,2,1,0
8877,74,True,6,5,1,0
8878,85,True,1,1,1,1
8879,30,True,2,1,1,1
8880,85,True,3,2,1,1
8881,85,False,1,1,1,0
8882,85,True,6,4,1,1
8883,85,True,4,3,1,1
8885,85,False,1,0,0,0
8886,85,False,1,1,1,0
8887,85,True,5,3,1,0
8890,85,True,2,0,0,0
8891,31,False,1,0,0,1
8894,30,False,1,0,0,0
8895,82,False,1,0,0,0
8896,81,False,5,1,1,1
8897,87,True,1,1,1,1
8898,81,True,1,1,1,1
8901,29,False,1,1,1,0
8902,81,False,1,1,1,0
8903,55,False,1,0,0,1
8905,46,True,4,3,1,1
8906,57,True,1,1,1,1
8907,85,False,2,1,1,0
8908,85,False,2,1,1,0
8909,85,True,1,0,0,0
8912,59,False,2,1,1,1
8914,58,False,6,4,1,0
8916,58,True,3,3,1,1
8918,61,True,6,4,1,1
8921,84,True,4,2,1,0
8922,85,False,6,1,1,0
8924,43,False,5,1,0,0
8928,87,True,5,1,1,1
8929,82,True,1,0,0,0
8930,87,True,1,1,1,1
8931,85,False,3,1,1,0
8933,85,False,1,1,1,0
8935,85,False,1,0,0,0
8936,73,False,4,3,1,0
8940,80,True,3,2,1,1
8942,80,True,5,1,1,0
8944,84,False,3,3,1,0
8946,80,True,2,1,1,1
8947,23,False,2,0,0,0
8951,22,False,1,1,1,0
8952,88,False,1,0,0,0
8953,87,False,1,1,1,0
8954,39,False,4,1,1,0
8956,38,False,1,1,1,0
8958,119,False,1,0,0,0
8962,84,False,1,1,1,0
8966,84,True,2,2,1,0
8970,82,False,1,1,1,0
8972,84,True,4,2,1,1
8973,75,True,3,2,1,0
8975,81,False,2,2,1,0
8976,81,True,3,1,1,1
8980,65,True,3,3,1,1
8981,74,True,1,1,1,1
8983,74,True,2,1,1,1
8984,29,False,1,1,1,0
8985,80,True,5,1,1,1
8986,78,False,1,0,0,0
8989,62,False,1,1,1,0
8990,78,True,1,1,1,1
8991,20,True,1,1,1,1
8992,71,False,2,1,1,0
8993,69,False,3,2,1,0
8995,39,True,2,1,1,0
8997,77,False,3,1,1,0
8998,58,False,5,4,1,0
9000,74,False,1,0,0,0
9002,58,True,5,4,1,1
9003,58,True,3,3,1,1
9004,75,False,1,1,1,0
9006,73,False,1,0,0,0
9007,64,True,3,1,1,1
9011,61,False,5,4,1,0
9014,69,True,1,1,1,1
9015,77,True,4,3,1,1
9016,76,False,1,1,1,0
9019,75,False,1,1,1,0
9021,24,False,1,0,0,0
9022,24,True,1,1,1,1
9025,76,True,5,0,0,0
9026,75,False,1,1,1,0
9027,67,False,4,1,1,0
9028,77,False,1,1,1,0
9031,66,False,1,1,1,0
9032,64,True,2,2,1,1
9033,78,False,4,2,1,1
9034,78,True,1,1,1,1
9042,83,True,4,2,1,1
9043,84,True,3,2,1,1
9045,61,True,1,0,0,0
9046,85,True,4,0,0,0
9047,85,False,1,1,1,0
9051,60,False,1,0,0,0
9053,59,False,2,1,0,0
9055,58,False,1,0,0,0
9056,20,False,1,0,0,0
9059,85,False,1,1,1,0
9060,20,True,1,1,1,1
9068,94,True,1,0,0,0
9069,54,False,3,2,1,1
9072,19,True,8,3,1,1
9073,22,True,1,1,1,1
9075,90,False,1,0,0,0
9076,83,False,4,2,1,0
9079,53,True,3,2,1,1
9082,53,True,5,4,1,1
9088,54,True,1,1,1,1
9089,54,True,1,1,1,1
9091,42,True,1,1,1,0
9093,64,False,2,2,1,0
9095,67,True,3,3,1,1
9096,79,True,2,1,1,0
9098,26,True,1,1,1,1
9101,78,False,3,1,1,1
9102,77,False,1,0,0,0
9104,64,False,1,1,1,0
9109,96,False,1,1,1,0
9113,62,True,2,2,1,1
9117,63,False,1,1,1,0
9123,73,False,4,2,1,0
9129,67,True,4,1,1,1
9134,75,False,1,1,1,0
9139,45,False,1,0,0,0
9140,30,True,1,1,1,1
9142,83,True,1,1,1,1
9145,84,False,3,3,1,0
9146,85,True,3,3,1,1
9147,16,False,8,2,1,1
9148,40,True,1,1,1,0
9149,132,True,2,2,1,1
9151,86,False,1,1,1,0
9152,68,True,1,1,1,1
9153,67,False,2,2,1,0
9154,84,False,2,2,1,0
9157,68,True,1,1,1,1
9160,66,True,3,3,1,0
9166,86,True,3,3,1,1
9167,71,True,1,0,0,0
9170,140,False,1,1,1,0
9172,86,False,4,3,1,0
9174,70,True,1,1,1,1
9176,112,True,1,1,1,0
9177,82,False,2,2,1,0
9179,81,False,3,1,1,0
9181,82,False,2,0,0,0
9182,63,False,4,1,1,1
9185,81,False,3,3,1,0
9187,75,False,1,1,1,0
9189,82,False,1,1,1,0
9190,81,False,3,2,1,0
9191,65,True,3,3,1,1
9193,80,True,1,1,1,1
9196,78,False,1,1,1,0
9197,78,False,1,0,0,1
9199,63,False,2,0,0,1
9201,37,True,1,1,1,1
9203,77,False,2,2,1,0
9205,79,False,1,1,1,0
9207,141,False,1,1,1,0
9208,76,True,1,1,1,0
9214,38,True,1,1,1,1
9215,37,False,1,1,1,0
9216,83,True,1,1,1,1
9217,34,True,4,3,1,0
9221,69,True,1,1,1,1
9222,69,True,1,1,1,1
9223,34,True,1,1,1,1
9227,36,True,1,1,1,1
9230,36,True,3,2,1,0
9231,36,True,3,3,1,1
9232,36,True,3,3,1,1
9233,31,False,5,1,1,0
9234,36,True,3,3,1,1
9235,35,False,2,2,1,0
9238,36,False,3,2,1,0
9239,35,False,3,2,1,0
9240,68,False,2,0,0,0
9242,67,True,3,0,0,0
9243,75,True,3,3,1,1
9244,75,False,3,2,1,0
9245,33,False,1,1,1,0
9246,75,False,2,1,1,0
9247,84,True,1,1,1,1
9248,75,False,2,2,1,0
9251,32,False,3,2,1,0
9252,81,False,1,1,1,0
9253,73,False,3,2,1,0
9255,75,True,1,1,1,1
9256,74,False,10,1,1,0
9258,32,False,2,2,1,0
9260,73,True,1,1,1,1
9261,73,False,2,0,0,0
9262,72,False,1,0,0,0
9263,138,True,1,0,0,0
9264,73,True,1,1,1,1
9265,73,True,2,2,1,1
9267,72,False,2,1,1,0
9268,73,True,2,2,1,1
9269,31,False,2,1,1,0
9272,76,False,1,0,0,0
9273,75,False,1,1,1,0
9278,73,False,2,1,1,0
9281,70,True,1,1,1,0
9285,29,False,1,0,0,0
9292,76,True,3,1,1,0
9294,75,True,2,2,1,1
9296,74,False,2,1,1,0
9298,73,False,1,1,1,0
9300,69,True,1,1,1,1
9301,36,False,1,1,1,0
9306,36,False,3,1,1,1
9311,36,False,2,1,1,0
9314,152,False,3,2,1,1
9315,69,False,2,0,0,0
9317,33,False,1,1,1,0
9318,70,True,3,1,1,0
9319,71,False,2,2,1,0
9320,81,True,1,1,1,0
9321,71,True,2,2,1,0
9322,21,True,5,2,1,1
9324,34,False,2,2,1,0
9325,73,False,1,0,0,0
9327,34,True,2,2,1,0
9331,72,True,2,2,1,0
9332,72,False,1,0,0,1
9334,36,True,2,2,1,1
9340,84,True,1,1,1,1
9342,34,False,2,1,1,1
9344,33,False,1,0,0,0
9346,71,True,2,1,1,1
9347,31,False,1,1,1,0
9348,133,False,3,1,1,0
9349,70,False,1,1,1,0
9350,69,False,2,1,1,1
9353,69,True,1,1,1,0
9357,71,True,10,3,1,1
9361,80,False,1,0,0,1
9362,74,True,1,1,1,0
9363,79,True,1,1,1,1
9364,70,False,1,1,1,0
9365,69,False,1,0,0,0
9367,80,True,2,2,1,0
9369,26,True,1,1,1,1
9379,77,True,1,1,1,1
9381,77,False,10,2,1,1
9383,37,True,2,1,1,0
9388,39,True,1,1,1,1
9389,39,False,1,1,1,0
9390,39,True,1,1,1,1
9392,148,False,6,2,1,1
9395,38,False,1,1,1,0
9397,146,True,6,3,1,1
9401,111,False,1,1,1,0
9402,73,False,1,1,1,0
9403,16,False,5,2,1,1
9405,73,True,2,2,1,1
9406,74,True,2,0,0,0
9408,73,False,1,1,1,0
9409,44,False,1,1,1,0
9413,75,True,1,1,1,1
9418,71,False,2,0,0,0
9419,75,False,1,1,1,0
9420,46,True,1,1,1,1
9421,74,False,9,1,1,0
9432,43,False,4,3,1,0
9433,70,False,1,1,1,0
9434,71,True,1,1,1,0
9435,43,False,2,1,1,0
9439,42,False,3,2,1,0
9441,66,True,1,1,1,1
9443,119,False,5,5,1,0
9447,42,True,1,1,1,1
9451,69,False,1,1,1,0
9453,41,False,1,1,1,0
9454,41,False,1,1,1,0
9455,42,True,1,1,1,1
9457,150,True,6,5,1,1
9458,46,True,1,1,1,1
9461,72,False,1,1,1,0
9464,67,True,9,3,1,1
9466,61,False,1,1,1,0
9467,43,False,2,2,1,0
9469,18,False,4,2,1,0
9470,43,True,1,1,1,1
9476,77,False,2,1,1,0
9477,41,False,1,1,1,0
9478,125,False,2,2,1,0
9479,63,True,1,1,1,1
9483,63,True,2,2,1,1
9487,65,False,1,1,1,0
9490,41,False,1,1,1,0
9493,58,False,1,1,1,0
9494,66,True,1,1,1,1
9496,41,True,1,1,1,1
9499,38,False,1,1,1,0
9501,37,False,1,1,1,0
9503,59,False,1,1,1,0
9505,37,True,1,1,1,1
9507,58,False,9,3,1,1
9508,36,True,1,1,1,1
9509,35,True,1,1,1,1
9510,35,True,1,1,1,1
9511,81,False,1,1,1,0
9512,59,False,1,1,1,0
9514,84,True,1,1,1,0
9517,33,True,1,1,1,1
9524,35,True,1,1,1,1
9525,57,False,1,1,1,0
9527,35,True,1,1,1,1
9530,127,True,5,5,1,1
9532,33,False,1,1,1,0
9534,127,False,4,4,1,0
9535,17,True,4,4,1,1
9537,30,False,2,2,1,0
9540,54,True,2,1,1,0
9548,80,False,2,2,1,0
9561,24,False,1,1,1,0
9570,53,True,2,2,1,1
9571,53,False,8,6,1,0
9572,53,True,1,1,1,1
9574,105,False,3,3,1,0
9575,105,False,3,3,1,0
9577,24,True,1,1,1,1
9578,105,True,2,2,1,0
9579,105,True,2,2,1,0
9581,24,True,1,1,1,1
9582,104,False,1,1,1,0
9583,24,True,1,1,1,1
9584,56,True,1,1,1,1
9590,23,False,1,1,1,0
9600,48,False,1,1,1,0
9601,46,False,1,1,1,0
9602,53,True,1,1,1,1
9604,60,False,1,1,1,0
9608,52,False,1,1,1,0
9616,36,False,7,7,1,0
9620,17,True,1,1,1,1
9622,36,False,1,1,1,0
9623,35,True,1,1,1,1
9627,33,False,1,1,1,0
9632,60,True,1,1,1,1
9637,31,True,1,1,1,1
9639,55,True,1,1,1,1
9640,31,True,1,1,1,1
9643,54,True,1,1,1,1
9647,49,True,1,1,1,1
9648,18,True,5,5,1,1
9656,12,False,2,2,1,0
9677,36,True,2,0,0,0
9678,62,True,7,5,1,1
9680,71,True,1,1,1,1
9681,49,True,2,2,1,1
9682,65,True,3,1,0,0
9685,73,True,1,1,1,1
9687,51,True,2,1,1,1
9688,70,True,6,4,1,0
9690,36,False,7,2,1,1
9693,8,False,3,0,0,1
9695,81,True,7,4,1,1
9696,59,True,1,1,1,0
9697,50,True,2,1,1,1
9698,18,True,5,1,1,1
9699,52,True,1,1,1,0
9700,61,True,1,1,1,1
9701,59,True,4,2,1,1
9702,75,True,9,4,1,1
9703,107,False,6,2,1,0
9704,78,True,7,3,1,1
9706,77,True,1,1,1,1
9707,76,False,8,6,1,0
9709,55,True,2,1,1,1
9710,73,True,2,1,1,1
9711,38,True,7,3,1,1
9713,36,False,6,2,1,0
9714,17,True,4,1,1,1
9715,81,True,6,5,1,0
9716,56,False,3,0,0,1
9717,38,True,1,1,1,1
9718,82,True,7,4,1,1
9719,73,True,1,1,1,1
9720,83,True,1,1,1,1
9721,82,True,8,3,1,0
9722,58,True,3,2,1,1
9723,81,True,1,1,1,1
9725,78,False,2,1,1,0
9726,79,True,2,1,1,1
9727,93,False,1,0,0,1
9728,53,False,1,1,1,0
9729,79,False,1,0,0,0
9730,79,True,2,1,1,1
9731,79,True,3,2,1,1
9732,20,False,4,0,0,0
9733,53,True,2,1,1,1
9734,39,False,6,1,1,1
9735,84,True,1,1,1,1
9736,82,False,9,3,1,0
9738,81,False,1,1,1,0
9739,37,True,6,1,1,1
9740,80,True,5,4,1,0
9741,23,True,4,1,1,1
9742,78,False,2,0,0,0
9743,84,True,1,1,1,0
9746,50,True,3,2,1,1
9748,123,False,1,1,1,0
9749,79,True,7,3,1,1
9751,77,False,8,3,1,1
9752,49,False,1,1,1,0
9753,79,True,5,2,1,0
9754,80,True,1,0,0,0
9755,81,True,2,0,0,0
9757,79,True,3,3,1,1
9758,79,True,1,1,1,1
9759,31,False,2,0,0,1
9760,56,False,1,0,0,0
9762,78,False,1,0,0,0
9763,83,True,1,0,0,0
9764,82,False,1,0,0,0
9765,77,False,4,3,1,0
9766,55,False,2,1,1,1
9767,75,True,9,3,1,1
9768,86,True,1,1,1,1
9769,72,True,3,2,1,0
9770,85,False,2,2,1,0
9771,55,True,3,1,1,1
9772,85,False,3,3,1,0
9773,86,True,1,1,1,1
9774,77,True,6,5,1,1
9775,58,True,3,3,1,1
9777,27,True,4,1,1,1
9778,76,True,2,1,1,0
9779,84,True,3,2,1,0
9780,83,False,1,1,1,0
9782,73,True,1,1,1,1
9783,60,False,2,0,0,0
9784,73,True,7,4,1,0
9785,78,True,1,1,1,0
9786,65,True,2,2,1,1
9788,31,False,3,0,0,0
9790,71,True,8,5,1,0
9792,64,True,3,1,1,1
9793,74,False,1,0,0,1
9794,68,False,3,1,1,0
9795,69,False,1,1,1,0
9796,30,False,3,1,1,0
9798,61,True,2,1,1,1
9799,69,False,2,1,1,0
9800,69,True,2,2,1,1
9801,77,False,1,1,1,0
9802,59,True,3,2,1,1
9803,65,True,1,0,0,0
9804,64,False,2,1,1,1
9805,64,True,6,5,1,1
9806,56,True,2,2,1,1
9807,68,False,1,1,1,0
9808,67,True,1,0,0,0
9809,22,False,3,0,0,0
9810,63,False,7,3,1,1
9811,57,False,1,1,1,0
9812,59,True,1,1,1,1
9814,60,True,1,1,1,1
9815,62,False,6,4,1,0
9816,99,False,3,1,1,0
9817,61,True,1,1,1,1
9818,57,False,2,0,0,0
9820,63,True,3,1,1,0
9821,83,True,2,2,1,0
9822,51,False,1,1,1,0
9825,63,True,1,0,0,0
9827,63,False,1,0,0,0
9828,79,True,1,1,1,1
9829,58,True,1,1,1,1
9831,59,False,1,1,1,0
9832,37,False,2,1,1,0
9834,70,False,1,0,0,0
9836,80,True,2,1,1,1
9837,83,False,2,0,0,0
9838,40,False,1,0,0,0
9839,88,False,1,1,1,0
9841,84,False,1,0,0,0
9842,85,True,1,1,1,1
9844,64,True,1,1,1,1
9846,13,False,2,1,1,0
9848,95,False,2,0,0,0
9850,93,True,4,1,1,1
9851,141,False,1,0,0,0
9852,89,True,3,2,1,0
9853,67,True,2,1,1,1
9854,68,True,1,1,1,1
9855,139,False,1,0,0,0
9857,93,True,2,2,1,0
9860,69,False,2,0,0,0
9863,68,True,2,2,1,0
9864,71,True,1,1,1,1
9865,70,False,2,0,0,0
9866,87,True,4,3,1,1
9868,69,True,1,1,1,0
9869,88,True,2,2,1,0
9871,69,False,2,2,1,0
9872,74,True,1,1,1,1
9873,82,True,2,1,1,0
9874,155,True,2,1,1,0
9875,85,True,2,2,1,0
9876,71,False,2,1,1,0
9877,89,False,4,2,1,1
9878,89,True,1,1,1,1
9879,90,True,1,1,1,0
9881,90,True,9,5,1,1
9882,72,True,1,1,1,1
9883,156,True,2,2,1,1
9884,92,True,4,3,1,1
9885,94,True,3,3,1,0
9886,75,False,1,1,1,0
9892,75,False,1,1,1,0
9893,95,True,2,1,1,0
9894,74,True,1,0,0,0
9895,74,False,1,1,1,0
9896,74,False,1,0,0,1
9897,149,True,1,1,1,1
9899,72,False,1,1,1,0
9900,99,True,3,2,1,1
9901,69,True,1,1,1,1
9902,99,True,6,2,1,1
9903,147,False,1,0,0,0
9904,70,False,1,1,1,0
9905,66,False,1,1,1,0
9908,148,True,1,1,1,1
9909,96,False,1,1,1,0
9911,71,True,3,2,1,1
9912,68,True,1,1,1,1
9913,68,False,2,2,1,0
9914,67,False,1,0,0,0
9915,95,True,1,1,1,0
9916,66,False,1,1,1,0
9918,65,False,1,1,1,0
9920,68,True,9,3,1,1
9921,68,True,1,1,1,1
9922,61,True,1,1,1,1
9925,64,False,1,1,1,0
9926,85,False,4,1,1,0
9927,85,True,3,3,1,1
9933,86,True,1,1,1,1
9936,56,True,1,1,1,1
9937,53,True,2,2,1,1
9944,22,False,1,1,1,0
9946,13,False,1,1,1,0
9947,52,True,1,1,1,1
9950,75,True,1,1,1,0
9951,54,True,1,1,1,1
9955,75,False,2,2,1,0
9956,73,False,1,1,1,0
9957,69,True,1,1,1,0
9958,58,True,1,1,1,1
9961,55,False,2,2,1,0
9962,83,True,1,1,1,1
9964,53,True,1,1,1,0
9969,37,False,1,1,1,0
9971,20,False,5,5,1,0
9975,20,False,1,1,1,0
9979,11,True,2,2,1,1
9980,9,False,1,1,1,0
9983,30,False,1,1,1,0
9984,80,False,2,2,1,0
9986,118,False,3,3,1,0
9987,114,False,2,2,1,0
9988,142,False,1,0,0,0
