null,measure,buyer_idx,n_contracts,sector,pooled,buyer_type,obs,null_mean,null_p95,exceeds_p95,p_upper
N1,top,1,8,Health,False,Other health body (central/agency),0.25,0.153875,0.25,False,0.22277722277722278
N1,top,6,20,Municipal/Local,False,Municipality / municipal company,0.2,0.08674999999999894,0.15,True,0.002997002997002997
N1,top,8,23,Municipal/Local,False,Municipality / municipal company,0.30434782608695654,0.07056521739130396,0.08913043478260671,True,0.000999000999000999
N1,top,11,19,Municipal/Local,False,Municipality / municipal company,0.15789473684210525,0.07342105263158019,0.10526315789473684,True,0.014985014985014986
N1,top,15,7,Other public,True,Central government / agency,0.14285714285714285,0.14685714285714127,0.14285714285714285,False,1.0
N1,top,22,8,Other public,True,Other,0.5,0.15175,0.25,True,0.000999000999000999
N1,top,24,15,Municipal/Local,False,Municipality / municipal company,0.26666666666666666,0.10426666666666749,0.2,True,0.000999000999000999
N1,top,25,5,Municipal/Local,False,Municipality / municipal company,0.2,0.2057999999999972,0.2,False,1.0
N1,top,28,25,Municipal/Local,False,Municipality / municipal company,0.16,0.07783999999999916,0.12,True,0.00999000999000999
N1,top,31,12,Municipal/Local,False,Municipality / municipal company,0.16666666666666666,0.09483333333333252,0.16666666666666666,False,0.13686313686313686
N1,top,35,35,Municipal/Local,False,Municipality / municipal company,0.14285714285714285,0.05191428571428605,0.08571428571428572,True,0.000999000999000999
N1,top,36,14,Municipal/Local,False,Municipality / municipal company,0.21428571428571427,0.08757142857142772,0.14285714285714285,True,0.007992007992007992
N1,top,38,12,Municipal/Local,False,Municipality / municipal company,0.16666666666666666,0.09899999999999923,0.16666666666666666,False,0.18581418581418582
N1,top,39,5,Municipal/Local,False,Municipality / municipal company,0.2,0.20159999999999717,0.2,False,1.0
N1,top,40,17,Infrastructure/Transport,False,Central government / agency,0.17647058823529413,0.081411764705884,0.11764705882352941,True,0.022977022977022976
N1,top,41,5,Infrastructure/Transport,False,Central government / agency,0.6,0.2235999999999969,0.4,True,0.006993006993006993
N1,top,42,5,Municipal/Local,False,Municipality / municipal company,0.4,0.206999999999997,0.2,True,0.03596403596403597
N1,top,43,8,Other public,False,Other,0.375,0.141125,0.25,True,0.008991008991008992
N1,top,44,10,Infrastructure/Transport,False,Central government / agency,0.3,0.11679999999999857,0.2,True,0.011988011988011988
N1,top,46,47,Other public,False,Central government / agency,0.1702127659574468,0.053191489361701615,0.0851063829787234,True,0.000999000999000999
N1,top,53,10,Health,False,MoH provincial directorate / hospital union,0.1,0.12199999999999865,0.2,False,1.0
N1,top,54,5,Education,False,University (non-health unit),0.4,0.20979999999999724,0.2,True,0.04995004995004995
N1,top,60,14,Other public,False,Central government / agency,0.21428571428571427,0.09235714285714193,0.14285714285714285,True,0.014985014985014986
N1,top,62,56,Infrastructure/Transport,False,Central government / agency,0.125,0.04191071428571398,0.054464285714284896,True,0.000999000999000999
N1,top,63,5,Municipal/Local,False,Municipality / municipal company,0.4,0.25679999999999725,0.4,False,0.2597402597402597
N1,top,70,7,Other public,False,Central government / agency,0.2857142857142857,0.15642857142856992,0.2857142857142857,False,0.09490509490509491
N1,top,71,11,Other public,False,Central government / agency,0.18181818181818182,0.1074545454545472,0.18181818181818182,False,0.1798201798201798
N1,top,73,5,Defence,False,Other,0.2,0.20399999999999713,0.2,False,1.0
N1,top,75,11,Municipal/Local,False,Municipality / municipal company,0.18181818181818182,0.14036363636363844,0.18181818181818182,False,0.5104895104895105
N1,top,76,19,Education,False,University (non-health unit),0.21052631578947367,0.07110526315789589,0.10526315789473684,True,0.000999000999000999
N1,top,78,12,Municipal/Local,False,Municipality / municipal company,0.9166666666666666,0.16033333333333313,0.25,True,0.000999000999000999
N1,top,79,6,Education,False,Central government / agency,0.3333333333333333,0.23983333333333182,0.5,False,0.3706293706293706
N1,top,81,23,Municipal/Local,False,Municipality / municipal company,0.391304347826087,0.05899999999999966,0.08695652173913043,True,0.000999000999000999
N1,top,83,5,Provincial admin,False,Central government / agency,0.6,0.21299999999999697,0.4,True,0.000999000999000999
N1,top,89,13,Health,False,Other health body (central/agency),0.3076923076923077,0.0894615384615404,0.15384615384615385,True,0.000999000999000999
N1,top,90,15,Municipal/Local,False,Municipality / municipal company,0.06666666666666667,0.08080000000000054,0.13333333333333333,False,1.0
N1,top,92,13,Municipal/Local,False,Municipality / municipal company,0.23076923076923078,0.09569230769230974,0.15384615384615385,True,0.007992007992007992
N1,top,94,6,Other public,False,Central government / agency,0.3333333333333333,0.1703333333333324,0.16666666666666666,True,0.022977022977022976
N1,top,99,22,Other public,False,Other,0.22727272727272727,0.07059090909091012,0.13636363636363635,True,0.001998001998001998
N1,top,100,10,Agriculture/Environment,False,Central government / agency,0.2,0.12709999999999885,0.2,False,0.26073926073926074
N1,top,104,6,Municipal/Local,False,Municipality / municipal company,0.3333333333333333,0.17466666666666558,0.16666666666666666,True,0.04695304695304695
N1,top,113,8,Other public,False,Other,0.25,0.145,0.25,False,0.15384615384615385
N1,top,114,7,Municipal/Local,False,Municipality / municipal company,0.2857142857142857,0.1519999999999983,0.2857142857142857,False,0.06293706293706294
N1,top,115,7,Other public,False,Central government / agency,0.14285714285714285,0.15085714285714139,0.2857142857142857,False,1.0
N1,top,116,13,Agriculture/Environment,False,Central government / agency,0.3076923076923077,0.10846153846154079,0.15384615384615385,True,0.003996003996003996
N1,top,119,7,Education,False,University (non-health unit),0.14285714285714285,0.1501428571428555,0.1499999999999935,False,1.0
N1,top,123,13,Other public,False,Central government / agency,0.8461538461538461,0.10069230769230979,0.15384615384615385,True,0.000999000999000999
N1,top,131,23,Other public,False,Central government / agency,0.17391304347826086,0.07347826086956498,0.13043478260869565,True,0.001998001998001998
N1,top,133,8,Municipal/Local,False,Municipality / municipal company,1.0,0.149875,0.25,True,0.000999000999000999
N1,top,135,5,Municipal/Local,False,Municipality / municipal company,0.2,0.23139999999999727,0.4,False,1.0
N1,top,136,5,Other public,False,Other,0.6,0.21299999999999714,0.4,True,0.000999000999000999
N1,top,138,39,Education,False,University (non-health unit),0.3333333333333333,0.05433333333333354,0.07692307692307693,True,0.000999000999000999
N1,top,139,58,Defence,False,Central government / agency,0.1206896551724138,0.04222413793103477,0.06896551724137931,True,0.000999000999000999
N1,top,140,7,Education,False,University (non-health unit),0.42857142857142855,0.21599999999999786,0.2857142857142857,True,0.04295704295704296
N1,top,141,8,Education,False,University (non-health unit),0.125,0.13075,0.125,False,1.0
N1,top,144,18,Education,False,University (non-health unit),0.16666666666666666,0.07666666666666806,0.1111111111111111,True,0.02097902097902098
N1,top,146,10,Infrastructure/Transport,False,Central government / agency,0.2,0.11379999999999856,0.2,False,0.13886113886113885
N1,top,148,5,Other public,False,Central government / agency,0.8,0.2059999999999971,0.2,True,0.000999000999000999
N1,top,151,16,Education,False,University (non-health unit),0.1875,0.09275,0.125,True,0.03896103896103896
N1,top,157,8,Social/Finance,False,Other,0.375,0.148,0.25,True,0.005994005994005994
N1,top,158,13,Municipal/Local,False,Municipality / municipal company,0.07692307692307693,0.09561538461538659,0.15384615384615385,False,1.0
N1,top,159,7,Municipal/Local,False,Municipality / municipal company,0.14285714285714285,0.1565714285714269,0.2857142857142857,False,1.0
N1,top,160,24,Municipal/Local,False,Municipality / municipal company,0.25,0.062374999999999944,0.08333333333333333,True,0.000999000999000999
N1,top,163,6,Health,False,University hospital / medical faculty,0.3333333333333333,0.17316666666666558,0.16666666666666666,True,0.03996003996003996
N1,top,172,89,Municipal/Local,False,Municipality / municipal company,0.0898876404494382,0.02973033707865177,0.0449438202247191,True,0.000999000999000999
N1,top,173,5,Other public,False,Other,0.4,0.2125999999999971,0.4,False,0.06393606393606394
N1,top,174,5,Education,False,University (non-health unit),0.6,0.218799999999997,0.4,True,0.004995004995004995
N1,top,175,6,Municipal/Local,False,Municipality / municipal company,0.16666666666666666,0.17199999999999896,0.16666666666666666,False,1.0
N1,top,176,29,Municipal/Local,False,Municipality / municipal company,0.2413793103448276,0.05700000000000082,0.06896551724137931,True,0.000999000999000999
N1,top,178,11,Social/Finance,False,Central government / agency,0.18181818181818182,0.1175454545454564,0.18181818181818182,False,0.2937062937062937
N1,top,179,11,Education,False,University (non-health unit),0.18181818181818182,0.10027272727272887,0.18181818181818182,False,0.1018981018981019
N1,top,180,8,Other public,False,Other,0.25,0.131375,0.25,False,0.05194805194805195
N1,top,187,26,Other public,False,Central government / agency,0.19230769230769232,0.06157692307692433,0.07692307692307693,True,0.000999000999000999
N1,top,188,14,Municipal/Local,False,Municipality / municipal company,0.14285714285714285,0.09842857142857041,0.14285714285714285,False,0.3306693306693307
N1,top,189,6,Health,False,Other health body (central/agency),0.3333333333333333,0.1726666666666657,0.16666666666666666,True,0.03696303696303696
N1,top,190,6,Infrastructure/Transport,False,Other,0.3333333333333333,0.16949999999999915,0.16666666666666666,True,0.017982017982017984
N1,top,191,28,Municipal/Local,False,Municipality / municipal company,0.14285714285714285,0.06996428571428513,0.10714285714285714,True,0.016983016983016984
N1,top,192,9,Other public,False,Central government / agency,0.7777777777777778,0.1374444444444468,0.2222222222222222,True,0.000999000999000999
N1,top,193,11,Other public,True,Other,0.45454545454545453,0.1634545454545478,0.2727272727272727,True,0.000999000999000999
N1,top,194,22,Social/Finance,False,Central government / agency,0.18181818181818182,0.06518181818181916,0.09090909090909091,True,0.000999000999000999
N1,top,195,25,Health,False,Other health body (central/agency),0.36,0.07135999999999908,0.12,True,0.000999000999000999
N1,top,196,5,Municipal/Local,False,Municipality / municipal company,0.2,0.20579999999999718,0.2,False,1.0
N1,top,197,17,Municipal/Local,False,Municipality / municipal company,0.11764705882352941,0.09664705882353129,0.17647058823529413,False,0.5604395604395604
N1,top,198,40,Municipal/Local,False,Municipality / municipal company,0.325,0.055299999999999544,0.075,True,0.000999000999000999
N1,top,199,44,Infrastructure/Transport,False,Central government / agency,0.13636363636363635,0.052795454545455235,0.06818181818181818,True,0.000999000999000999
N1,top,200,8,Infrastructure/Transport,False,Other,0.375,0.134875,0.25,True,0.001998001998001998
N1,top,201,6,Infrastructure/Transport,False,Central government / agency,0.5,0.17733333333333223,0.3333333333333333,True,0.000999000999000999
N1,top,203,56,Municipal/Local,False,Municipality / municipal company,0.125,0.03830357142857106,0.05357142857142857,True,0.000999000999000999
N1,top,204,29,Municipal/Local,False,Municipality / municipal company,0.13793103448275862,0.05613793103448357,0.06896551724137931,True,0.001998001998001998
N1,top,205,12,Other public,False,Central government / agency,0.3333333333333333,0.11183333333333277,0.16666666666666666,True,0.000999000999000999
N1,top,206,13,Municipal/Local,False,Municipality / municipal company,0.46153846153846156,0.10223076923077133,0.15384615384615385,True,0.000999000999000999
N1,top,208,12,Municipal/Local,False,Municipality / municipal company,0.4166666666666667,0.09491666666666593,0.16666666666666666,True,0.000999000999000999
N1,top,209,14,Health,False,MoH hospital / dental centre,1.0,0.22378571428571437,0.35714285714285715,True,0.000999000999000999
N1,top,210,51,Municipal/Local,False,Municipality / municipal company,0.058823529411764705,0.040666666666666726,0.058823529411764705,False,0.16583416583416583
N1,top,211,68,Security/Interior,False,Central government / agency,0.08823529411764706,0.03588235294117705,0.058823529411764705,True,0.000999000999000999
N1,top,216,45,Social/Finance,False,Central government / agency,0.2222222222222222,0.051933333333333546,0.08888888888888889,True,0.000999000999000999
N1,top,217,36,Infrastructure/Transport,False,Central government / agency,0.05555555555555555,0.05588888888888985,0.08333333333333333,False,0.8311688311688312
N1,top,219,10,Other public,False,Central government / agency,0.3,0.13259999999999872,0.2,True,0.011988011988011988
N1,top,220,7,Other public,False,Other,0.2857142857142857,0.14971428571428402,0.14285714285714285,True,0.04895104895104895
N1,top,221,5,Municipal/Local,False,Municipality / municipal company,0.2,0.20139999999999716,0.2,False,1.0
N1,top,222,6,Municipal/Local,False,Municipality / municipal company,0.5,0.17333333333333237,0.16666666666666666,True,0.000999000999000999
N1,top,224,8,Infrastructure/Transport,False,Central government / agency,0.125,0.128625,0.125,False,1.0
N1,top,226,8,Other public,False,Central government / agency,0.25,0.12725,0.125,True,0.01898101898101898
N1,top,228,5,Municipal/Local,False,Municipality / municipal company,1.0,0.22359999999999713,0.4,True,0.000999000999000999
N1,top,231,14,Education,False,University (non-health unit),0.14285714285714285,0.08171428571428498,0.14285714285714285,False,0.14485514485514486
N1,top,232,18,Municipal/Local,False,Municipality / municipal company,0.16666666666666666,0.07694444444444576,0.1111111111111111,True,0.024975024975024976
N1,top,236,10,Education,False,University (non-health unit),0.1,0.1038999999999986,0.1,False,1.0
N1,top,237,10,Agriculture/Environment,False,Central government / agency,0.1,0.10449999999999852,0.1,False,1.0
N1,top,239,5,Municipal/Local,False,Municipality / municipal company,0.2,0.20619999999999722,0.2,False,1.0
N1,top,240,9,Education,False,University (non-health unit),0.7777777777777778,0.13733333333333578,0.2222222222222222,True,0.000999000999000999
N1,top,243,20,Other public,False,Other,0.15,0.07469999999999921,0.1,True,0.03196803196803197
N1,top,245,10,Health,True,MoH provincial directorate / hospital union,0.2,0.12599999999999872,0.2,False,0.2547452547452547
N1,top,246,42,Social/Finance,False,Central government / agency,0.21428571428571427,0.051000000000000885,0.07142857142857142,True,0.000999000999000999
N1,top,248,7,Education,False,University (non-health unit),0.2857142857142857,0.1547142857142841,0.2857142857142857,False,0.08291708291708291
N1,top,249,9,Municipal/Local,False,Municipality / municipal company,0.2222222222222222,0.12966666666666898,0.2222222222222222,False,0.15784215784215785
N1,top,250,19,Municipal/Local,False,Municipality / municipal company,0.15789473684210525,0.06478947368421166,0.10526315789473684,True,0.003996003996003996
N1,top,251,7,Security/Interior,False,Central government / agency,0.14285714285714285,0.15085714285714133,0.2857142857142857,False,1.0
N1,top,256,5,Municipal/Local,False,Municipality / municipal company,0.2,0.21059999999999704,0.4,False,1.0
N1,top,258,13,Provincial admin,False,Other,0.15384615384615385,0.15176923076923268,0.3076923076923077,False,0.7082917082917083
N1,top,259,27,Justice,False,Central government / agency,0.1111111111111111,0.06877777777777867,0.1111111111111111,False,0.09290709290709291
N1,top,261,12,Agriculture/Environment,False,Other,0.16666666666666666,0.09041666666666612,0.16666666666666666,False,0.08591408591408592
N1,top,262,6,Health,False,University hospital / medical faculty,0.3333333333333333,0.19866666666666516,0.3333333333333333,False,0.18681318681318682
N1,top,263,26,Municipal/Local,False,Municipality / municipal company,0.46153846153846156,0.07361538461538564,0.11538461538461539,True,0.000999000999000999
N1,top,266,5,Municipal/Local,False,Municipality / municipal company,0.2,0.2023999999999972,0.2,False,1.0
N1,top,267,7,Security/Interior,False,Central government / agency,0.2857142857142857,0.15114285714285544,0.2857142857142857,False,0.057942057942057944
N1,top,269,8,Education,False,University (non-health unit),0.25,0.133125,0.25,False,0.06593406593406594
N1,top,274,19,Infrastructure/Transport,False,Central government / agency,0.2631578947368421,0.07878947368421185,0.10526315789473684,True,0.000999000999000999
N1,top,275,22,Municipal/Local,False,Municipality / municipal company,0.18181818181818182,0.0636363636363646,0.09090909090909091,True,0.000999000999000999
N1,top,276,9,Agriculture/Environment,False,Central government / agency,0.4444444444444444,0.13155555555555792,0.2222222222222222,True,0.000999000999000999
N1,top,279,18,Municipal/Local,False,Municipality / municipal company,0.16666666666666666,0.07466666666666799,0.1111111111111111,True,0.00999000999000999
N1,top,280,10,Other public,False,Central government / agency,0.2,0.12099999999999869,0.2,False,0.2047952047952048
N1,top,282,5,Other public,False,Central government / agency,0.4,0.22299999999999717,0.4,False,0.11188811188811189
N1,top,284,12,Municipal/Local,False,Municipality / municipal company,0.08333333333333333,0.0962499999999993,0.16666666666666666,False,1.0
N1,top,285,13,Municipal/Local,False,Municipality / municipal company,0.23076923076923078,0.09392307692307898,0.15384615384615385,True,0.004995004995004995
N1,top,287,7,Health,False,MoH hospital / dental centre,0.5714285714285714,0.27914285714285453,0.42857142857142855,True,0.01898101898101898
N1,top,288,13,Health,False,MoH hospital / dental centre,0.8461538461538461,0.21500000000000138,0.3076923076923077,True,0.000999000999000999
N1,top,290,28,Health,False,MoH provincial directorate / hospital union,0.35714285714285715,0.06889285714285653,0.10714285714285714,True,0.000999000999000999
N1,top,292,19,Infrastructure/Transport,False,Central government / agency,0.15789473684210525,0.06542105263158006,0.10526315789473684,True,0.008991008991008992
N1,top,293,24,Municipal/Local,False,Municipality / municipal company,0.16666666666666666,0.06895833333333339,0.125,True,0.003996003996003996
N1,top,296,16,Municipal/Local,False,Municipality / municipal company,0.125,0.0800625,0.125,False,0.26573426573426573
N1,top,297,6,Infrastructure/Transport,False,Other,0.6666666666666666,0.1851666666666655,0.3333333333333333,True,0.000999000999000999
N1,top,298,25,Municipal/Local,False,Municipality / municipal company,0.16,0.05451999999999913,0.08,True,0.000999000999000999
N1,top,299,5,Other public,False,Other,0.4,0.20619999999999714,0.2,True,0.03196803196803197
N1,top,301,9,Other public,False,Central government / agency,0.2222222222222222,0.11944444444444671,0.2222222222222222,False,0.07592407592407592
N1,top,302,7,Municipal/Local,False,Municipality / municipal company,0.7142857142857143,0.1618571428571412,0.2857142857142857,True,0.000999000999000999
N1,top,303,7,Education,False,University (non-health unit),0.42857142857142855,0.1507142857142841,0.2857142857142857,True,0.000999000999000999
N1,top,304,93,Municipal/Local,False,Municipality / municipal company,0.16129032258064516,0.03222580645161302,0.043010752688172046,True,0.000999000999000999
N1,top,306,11,Other public,False,Other,0.2727272727272727,0.100363636363638,0.18181818181818182,True,0.004995004995004995
N1,top,310,12,Municipal/Local,False,Municipality / municipal company,0.4166666666666667,0.22041666666666584,0.3333333333333333,True,0.04895104895104895
N1,top,311,11,Health,True,MoH provincial directorate / hospital union,0.36363636363636365,0.2115454545454572,0.36363636363636365,False,0.060939060939060936
N1,top,312,5,Infrastructure/Transport,False,Other,0.2,0.20739999999999706,0.2,False,1.0
N1,top,314,11,Education,False,University (non-health unit),0.09090909090909091,0.11354545454545634,0.18181818181818182,False,1.0
N1,top,319,6,Education,False,University (non-health unit),0.3333333333333333,0.17333333333333217,0.16666666666666666,True,0.03796203796203796
N1,top,320,13,Municipal/Local,False,Municipality / municipal company,0.23076923076923078,0.08484615384615576,0.15384615384615385,True,0.004995004995004995
N1,top,323,17,Other public,False,Central government / agency,0.29411764705882354,0.10494117647059018,0.17647058823529413,True,0.003996003996003996
N1,top,325,25,Education,False,University (non-health unit),0.12,0.06927999999999916,0.12,False,0.06293706293706294
N1,top,326,5,Municipal/Local,False,Municipality / municipal company,0.2,0.208599999999997,0.2,False,1.0
N1,top,327,5,Municipal/Local,False,Municipality / municipal company,0.4,0.2043999999999972,0.2,True,0.022977022977022976
N1,top,328,35,Municipal/Local,False,Municipality / municipal company,0.08571428571428572,0.05334285714285734,0.08571428571428572,False,0.07292707292707293
N1,top,331,10,Other public,False,Other,0.2,0.11099999999999852,0.2,False,0.10789210789210789
N1,top,332,13,Other public,False,Other,0.5384615384615384,0.10015384615384826,0.15384615384615385,True,0.000999000999000999
N1,top,338,8,Defence,False,University (non-health unit),0.25,0.136375,0.25,False,0.0919080919080919
N1,top,339,8,Other public,False,Other,0.25,0.153875,0.25,False,0.21678321678321677
N1,top,340,5,Municipal/Local,False,Municipality / municipal company,1.0,0.21919999999999715,0.4,True,0.000999000999000999
N1,top,344,6,Other public,False,Other,0.5,0.17983333333333204,0.3333333333333333,True,0.002997002997002997
N1,top,346,33,Municipal/Local,False,Municipality / municipal company,0.5454545454545454,0.06269696969697083,0.09090909090909091,True,0.000999000999000999
N1,top,347,6,Municipal/Local,False,Municipality / municipal company,0.16666666666666666,0.17366666666666564,0.16666666666666666,False,1.0
N1,top,348,56,Agriculture/Environment,False,Central government / agency,0.08928571428571429,0.05844642857142854,0.10714285714285714,False,0.14685314685314685
N1,top,349,12,Education,False,University (non-health unit),0.08333333333333333,0.09141666666666595,0.16666666666666666,False,1.0
N1,top,350,7,Education,False,University (non-health unit),0.14285714285714285,0.1454285714285698,0.14285714285714285,False,1.0
N1,top,356,6,Municipal/Local,False,Municipality / municipal company,0.3333333333333333,0.26249999999999923,0.5,False,0.45354645354645357
N1,top,360,6,Education,False,University (non-health unit),0.3333333333333333,0.1716666666666657,0.16666666666666666,True,0.030969030969030968
N1,top,361,5,Municipal/Local,False,Municipality / municipal company,0.2,0.20419999999999724,0.2,False,1.0
N1,top,362,5,Education,False,University (non-health unit),0.6,0.2165999999999971,0.4,True,0.002997002997002997
N1,top,364,8,Health,True,MoH provincial directorate / hospital union,0.625,0.14325,0.25,True,0.000999000999000999
N1,top,365,7,Education,False,University (non-health unit),0.14285714285714285,0.15571428571428406,0.2857142857142857,False,1.0
N1,top,366,12,Infrastructure/Transport,False,Central government / agency,0.16666666666666666,0.09758333333333268,0.16666666666666666,False,0.16783216783216784
N1,top,368,10,Municipal/Local,False,Municipality / municipal company,0.3,0.10869999999999846,0.2,True,0.000999000999000999
N1,top,370,9,Health,True,MoH provincial directorate / hospital union,0.2222222222222222,0.16866666666666952,0.2222222222222222,False,0.4785214785214785
N1,top,371,9,Other public,False,Central government / agency,0.2222222222222222,0.11988888888889118,0.2222222222222222,False,0.07892107892107893
N1,top,372,6,Education,False,University (non-health unit),0.3333333333333333,0.16983333333333245,0.16666666666666666,True,0.01998001998001998
N1,top,374,6,Social/Finance,False,Central government / agency,0.16666666666666666,0.1696666666666658,0.16666666666666666,False,1.0
N1,top,375,8,Health,True,MoH provincial directorate / hospital union,0.5,0.24925,0.375,True,0.017982017982017984
N1,top,376,29,Health,False,Other health body (central/agency),0.06896551724137931,0.06065517241379397,0.10344827586206896,False,0.6863136863136863
N1,top,379,56,Municipal/Local,False,Municipality / municipal company,0.23214285714285715,0.048571428571428356,0.07142857142857142,True,0.000999000999000999
N1,top,380,16,Health,False,Other health body (central/agency),0.125,0.13825,0.1875,False,0.9040959040959041
N1,top,381,7,Municipal/Local,False,Municipality / municipal company,0.42857142857142855,0.14628571428571263,0.14285714285714285,True,0.000999000999000999
N1,top,382,43,Municipal/Local,False,Municipality / municipal company,0.06976744186046512,0.04346511627906909,0.06976744186046512,False,0.08091908091908091
N1,top,383,5,Municipal/Local,False,Municipality / municipal company,0.2,0.2233999999999972,0.4,False,1.0
N1,top,384,20,Other public,False,Central government / agency,0.1,0.06749999999999938,0.1,False,0.33766233766233766
N1,top,387,15,Municipal/Local,False,Municipality / municipal company,0.2,0.07953333333333401,0.13333333333333333,True,0.012987012987012988
N1,top,388,5,Municipal/Local,False,Municipality / municipal company,0.2,0.20659999999999712,0.2,False,1.0
N1,top,394,12,Municipal/Local,False,Municipality / municipal company,0.25,0.10816666666666606,0.16666666666666666,True,0.02097902097902098
N1,top,395,11,Education,False,University (non-health unit),0.18181818181818182,0.10072727272727433,0.18181818181818182,False,0.1048951048951049
N1,top,398,59,Defence,False,Central government / agency,0.15254237288135594,0.05037288135593304,0.0847457627118644,True,0.000999000999000999
N1,top,400,5,Infrastructure/Transport,False,Central government / agency,0.4,0.20259999999999712,0.2,True,0.013986013986013986
N1,top,401,6,Infrastructure/Transport,False,Central government / agency,0.16666666666666666,0.18233333333333224,0.3333333333333333,False,1.0
N1,top,405,5,Other public,False,Central government / agency,0.2,0.20319999999999708,0.2,False,1.0
N1,top,406,11,Education,False,University (non-health unit),0.2727272727272727,0.11081818181818352,0.18181818181818182,True,0.007992007992007992
N1,top,408,10,Other public,False,Central government / agency,0.6,0.12629999999999866,0.2,True,0.000999000999000999
N1,top,409,7,Provincial admin,False,Central government / agency,0.14285714285714285,0.1484285714285698,0.14285714285714285,False,1.0
N1,top,413,7,Education,False,University (non-health unit),0.2857142857142857,0.15057142857142702,0.2857142857142857,False,0.054945054945054944
N1,top,414,13,Municipal/Local,False,Municipality / municipal company,0.23076923076923078,0.08615384615384808,0.15384615384615385,True,0.003996003996003996
N1,top,418,22,Municipal/Local,False,Municipality / municipal company,0.22727272727272727,0.061954545454546435,0.09090909090909091,True,0.000999000999000999
N1,top,421,6,Municipal/Local,False,Municipality / municipal company,0.16666666666666666,0.17883333333333218,0.3333333333333333,False,1.0
N1,top,422,6,Provincial admin,False,Other,0.3333333333333333,0.16883333333333245,0.16666666666666666,True,0.013986013986013986
N1,top,424,7,Social/Finance,False,Central government / agency,0.14285714285714285,0.15257142857142714,0.2857142857142857,False,1.0
N1,top,425,5,Other public,False,Central government / agency,0.2,0.20459999999999712,0.2,False,1.0
N1,top,428,6,Municipal/Local,False,Municipality / municipal company,0.16666666666666666,0.1708333333333324,0.16666666666666666,False,1.0
N1,top,432,7,Other public,False,Other,0.7142857142857143,0.1561428571428554,0.2857142857142857,True,0.000999000999000999
N1,top,433,22,Education,False,University (non-health unit),0.18181818181818182,0.07863636363636473,0.13636363636363635,True,0.00999000999000999
N1,top,436,6,Health,True,MoH provincial directorate / hospital union,0.3333333333333333,0.262,0.3333333333333333,False,0.5214785214785215
N1,top,441,16,Infrastructure/Transport,False,Central government / agency,0.125,0.084625,0.125,False,0.34065934065934067
N1,top,444,7,Health,False,University hospital / medical faculty,0.5714285714285714,0.18614285714285525,0.2857142857142857,True,0.000999000999000999
N1,top,446,12,Municipal/Local,False,Municipality / municipal company,0.16666666666666666,0.102166666666666,0.16666666666666666,False,0.21478521478521478
N1,top,449,12,Other public,False,Central government / agency,0.16666666666666666,0.09374999999999942,0.16666666666666666,False,0.12287712287712288
N1,top,450,53,Municipal/Local,False,Municipality / municipal company,0.09433962264150944,0.040584905660376834,0.05660377358490566,True,0.003996003996003996
N1,top,451,10,Municipal/Local,False,Municipality / municipal company,0.5,0.11579999999999847,0.2,True,0.000999000999000999
N1,top,452,8,Municipal/Local,False,Municipality / municipal company,0.25,0.135875,0.25,False,0.08591408591408592
N1,top,455,14,Agriculture/Environment,False,Central government / agency,0.14285714285714285,0.0874285714285706,0.14285714285714285,False,0.21678321678321677
N1,top,457,6,Education,False,University (non-health unit),0.16666666666666666,0.17016666666666574,0.16666666666666666,False,1.0
N1,top,467,6,Municipal/Local,False,Municipality / municipal company,0.16666666666666666,0.16916666666666583,0.16666666666666666,False,1.0
N1,top,468,5,Municipal/Local,False,Municipality / municipal company,0.6,0.21019999999999706,0.2,True,0.002997002997002997
N1,top,470,36,Education,False,Central government / agency,0.16666666666666666,0.0618611111111122,0.08333333333333333,True,0.000999000999000999
N1,top,471,45,Agriculture/Environment,False,Central government / agency,0.24444444444444444,0.06566666666666718,0.1111111111111111,True,0.000999000999000999
N1,top,479,9,Education,False,University (non-health unit),0.3333333333333333,0.12777777777778015,0.2222222222222222,True,0.001998001998001998
N1,top,481,15,Municipal/Local,False,Municipality / municipal company,0.3333333333333333,0.09640000000000062,0.13333333333333333,True,0.000999000999000999
N1,top,482,8,Health,False,MoH hospital / dental centre,0.875,0.2575,0.375,True,0.000999000999000999
N1,top,484,30,Other public,False,Central government / agency,0.1,0.10673333333333339,0.16666666666666666,False,0.6443556443556444
N1,top,485,8,Other public,False,Other,0.25,0.139875,0.25,False,0.11688311688311688
N1,top,486,18,Infrastructure/Transport,False,Central government / agency,0.1111111111111111,0.08033333333333478,0.1111111111111111,False,0.4245754245754246
N1,top,487,16,Municipal/Local,False,Municipality / municipal company,0.3125,0.0750625,0.125,True,0.000999000999000999
N1,top,489,5,Infrastructure/Transport,False,Central government / agency,0.2,0.2041999999999971,0.2,False,1.0
N1,top,491,10,Other public,False,Central government / agency,0.2,0.11579999999999867,0.2,False,0.14885114885114886
N1,top,497,7,Municipal/Local,False,Municipality / municipal company,0.2857142857142857,0.14999999999999838,0.14285714285714285,True,0.04995004995004995
N1,top,498,6,Infrastructure/Transport,False,Central government / agency,0.5,0.17733333333333232,0.3333333333333333,True,0.000999000999000999
N1,top,499,7,Education,False,University (non-health unit),0.2857142857142857,0.156571428571427,0.2857142857142857,False,0.0959040959040959
N1,top,503,13,Infrastructure/Transport,False,Central government / agency,0.3076923076923077,0.09530769230769431,0.15384615384615385,True,0.000999000999000999
N1,top,508,5,Education,False,University (non-health unit),0.2,0.20359999999999712,0.2,False,1.0
N1,top,509,9,Health,True,MoH provincial directorate / hospital union,0.5555555555555556,0.185777777777781,0.3333333333333333,True,0.000999000999000999
N1,top,520,6,Other public,False,Other,0.16666666666666666,0.169499999999999,0.16666666666666666,False,1.0
N1,top,521,15,Municipal/Local,False,Municipality / municipal company,0.13333333333333333,0.08453333333333397,0.13333333333333333,False,0.25874125874125875
N1,top,522,15,Municipal/Local,False,Municipality / municipal company,0.13333333333333333,0.08026666666666722,0.13333333333333333,False,0.1968031968031968
N1,top,523,7,Education,False,University (non-health unit),0.2857142857142857,0.15514285714285567,0.2857142857142857,False,0.08691308691308691
N1,top,524,6,Education,False,University (non-health unit),0.6666666666666666,0.18316666666666556,0.3333333333333333,True,0.000999000999000999
N1,top,527,5,Other public,False,Central government / agency,0.4,0.20519999999999713,0.2,True,0.026973026973026972
N1,top,540,10,Agriculture/Environment,False,Central government / agency,0.2,0.10579999999999858,0.2,False,0.056943056943056944
N1,top,544,7,Municipal/Local,False,Municipality / municipal company,0.14285714285714285,0.14928571428571266,0.14285714285714285,False,1.0
N1,top,545,5,Other public,False,Central government / agency,0.6,0.2011999999999972,0.2,True,0.000999000999000999
N1,top,548,5,Education,False,University (non-health unit),0.6,0.20779999999999701,0.2,True,0.001998001998001998
N1,top,549,5,Security/Interior,False,Central government / agency,0.4,0.2055999999999971,0.2,True,0.028971028971028972
N1,top,559,13,Municipal/Local,False,Municipality / municipal company,0.23076923076923078,0.09100000000000193,0.15384615384615385,True,0.005994005994005994
N1,top,571,6,Municipal/Local,False,Municipality / municipal company,0.3333333333333333,0.18066666666666548,0.3333333333333333,False,0.08191808191808192
N1,top,573,5,Municipal/Local,False,Municipality / municipal company,0.4,0.21139999999999695,0.4,False,0.057942057942057944
N1,top,574,14,Health,True,MoH provincial directorate / hospital union,0.14285714285714285,0.08735714285714204,0.14285714285714285,False,0.21878121878121878
N1,top,582,10,Agriculture/Environment,False,Central government / agency,0.2,0.11309999999999848,0.2,False,0.12987012987012986
N1,top,586,6,Provincial admin,False,Other,0.5,0.18083333333333224,0.3333333333333333,True,0.001998001998001998
N1,top,588,20,Other public,False,Central government / agency,0.15,0.06559999999999935,0.1,True,0.015984015984015984
N1,top,590,9,Other public,False,Other,0.8888888888888888,0.13511111111111357,0.2222222222222222,True,0.000999000999000999
N1,top,592,6,Municipal/Local,False,Municipality / municipal company,0.16666666666666666,0.1784999999999988,0.3333333333333333,False,1.0
N1,top,593,8,Health,True,MoH provincial directorate / hospital union,0.375,0.154125,0.25,True,0.015984015984015984
N1,top,595,9,Municipal/Local,False,Municipality / municipal company,0.2222222222222222,0.1312222222222246,0.2222222222222222,False,0.17682317682317683
N1,top,599,7,Municipal/Local,False,Municipality / municipal company,0.2857142857142857,0.15942857142856984,0.2857142857142857,False,0.11588411588411589
N1,top,605,12,Other public,False,Central government / agency,0.16666666666666666,0.10574999999999934,0.16666666666666666,False,0.25374625374625376
N1,top,608,13,Education,False,University (non-health unit),0.23076923076923078,0.11000000000000223,0.15384615384615385,True,0.030969030969030968
N1,top,611,15,Provincial admin,False,Other,0.26666666666666666,0.08460000000000074,0.13333333333333333,True,0.000999000999000999
N1,top,613,13,Municipal/Local,False,Municipality / municipal company,0.23076923076923078,0.09300000000000201,0.15384615384615385,True,0.007992007992007992
N1,top,615,7,Agriculture/Environment,False,Central government / agency,0.14285714285714285,0.1597142857142841,0.2857142857142857,False,1.0
N1,top,616,9,Other public,False,Central government / agency,0.3333333333333333,0.12733333333333569,0.2222222222222222,True,0.002997002997002997
N1,top,617,8,Education,False,University (non-health unit),0.25,0.13325,0.25,False,0.06593406593406594
N1,top,618,13,Other public,False,Other,0.5384615384615384,0.09338461538461741,0.15384615384615385,True,0.000999000999000999
N1,top,620,6,Other public,False,Central government / agency,0.3333333333333333,0.17883333333333198,0.3333333333333333,False,0.07392607392607392
N1,top,625,20,Social/Finance,False,Other,0.15,0.08354999999999911,0.15,False,0.06793206793206794
N1,top,638,5,Other public,False,Other,0.2,0.20059999999999711,0.2,False,1.0
N1,top,640,5,Education,False,University (non-health unit),0.4,0.20319999999999708,0.2,True,0.016983016983016984
N1,top,641,12,Other public,False,Central government / agency,0.4166666666666667,0.10241666666666595,0.16666666666666666,True,0.000999000999000999
N1,top,642,6,Other public,False,Other,0.16666666666666666,0.17583333333333245,0.3333333333333333,False,1.0
N1,top,646,21,Infrastructure/Transport,False,Central government / agency,0.23809523809523808,0.07314285714285833,0.09523809523809523,True,0.000999000999000999
N1,top,647,10,Education,False,University (non-health unit),0.3,0.11669999999999861,0.2,True,0.007992007992007992
N1,top,649,13,Municipal/Local,False,Municipality / municipal company,0.38461538461538464,0.09923076923077126,0.15384615384615385,True,0.000999000999000999
N1,top,655,10,Municipal/Local,False,Municipality / municipal company,0.2,0.11779999999999868,0.2,False,0.17082917082917082
N1,top,661,6,Education,False,University (non-health unit),0.5,0.1956666666666653,0.3333333333333333,True,0.002997002997002997
N1,top,665,5,Other public,False,Central government / agency,0.2,0.20679999999999701,0.2,False,1.0
N1,top,675,5,Municipal/Local,False,Municipality / municipal company,0.2,0.20399999999999713,0.2,False,1.0
N1,top,679,7,Education,False,University (non-health unit),0.14285714285714285,0.15057142857142708,0.2857142857142857,False,1.0
N1,top,681,9,Education,False,University (non-health unit),0.4444444444444444,0.12944444444444675,0.2222222222222222,True,0.000999000999000999
N1,top,682,8,Education,False,University (non-health unit),0.375,0.159,0.25,True,0.024975024975024976
N1,top,688,11,Municipal/Local,False,Municipality / municipal company,0.18181818181818182,0.09718181818181977,0.18181818181818182,False,0.06993006993006994
N1,top,698,5,Infrastructure/Transport,False,Central government / agency,0.8,0.20379999999999726,0.2,True,0.000999000999000999
N1,top,702,19,Health,False,University hospital / medical faculty,0.6842105263157895,0.1321052631578968,0.21052631578947367,True,0.000999000999000999
N1,top,703,6,Health,True,MoH provincial directorate / hospital union,0.3333333333333333,0.2551666666666669,0.3333333333333333,False,0.4875124875124875
N1,top,705,12,Health,True,MoH provincial directorate / hospital union,0.4166666666666667,0.17149999999999932,0.25,True,0.002997002997002997
N1,top,707,16,Other public,False,Central government / agency,0.3125,0.084875,0.125,True,0.000999000999000999
N1,top,708,13,Education,False,University (non-health unit),0.15384615384615385,0.0940769230769251,0.15384615384615385,False,0.21478521478521478
N1,top,709,9,Provincial admin,False,Other,0.3333333333333333,0.12477777777778008,0.2222222222222222,True,0.002997002997002997
N1,top,710,5,Other public,False,Other,0.4,0.20719999999999725,0.2,True,0.03696303696303696
N1,top,711,7,Municipal/Local,False,Municipality / municipal company,0.2857142857142857,0.15185714285714128,0.2857142857142857,False,0.06293706293706294
N1,top,713,14,Defence,False,Central government / agency,0.21428571428571427,0.0994285714285705,0.14285714285714285,True,0.02097902097902098
N1,top,717,6,Education,False,University (non-health unit),0.3333333333333333,0.17099999999999901,0.16666666666666666,True,0.026973026973026972
N1,top,718,14,Other public,False,Central government / agency,0.14285714285714285,0.08971428571428491,0.14285714285714285,False,0.24775224775224775
N1,top,722,30,Infrastructure/Transport,False,Central government / agency,0.16666666666666666,0.06306666666666766,0.1,True,0.000999000999000999
N1,top,726,15,Education,False,University (non-health unit),0.6666666666666666,0.09660000000000067,0.13333333333333333,True,0.000999000999000999
N1,top,729,11,Municipal/Local,False,Municipality / municipal company,0.09090909090909091,0.11263636363636532,0.18181818181818182,False,1.0
N1,top,731,5,Education,False,University (non-health unit),0.4,0.23039999999999689,0.4,False,0.14485514485514486
N1,top,737,19,Municipal/Local,False,Municipality / municipal company,0.3684210526315789,0.07789473684210657,0.10526315789473684,True,0.000999000999000999
N1,top,740,5,Municipal/Local,False,Municipality / municipal company,0.2,0.20779999999999704,0.2,False,1.0
N1,top,744,8,Other public,False,Central government / agency,0.375,0.13975,0.25,True,0.005994005994005994
N1,top,756,5,Municipal/Local,False,Municipality / municipal company,0.2,0.20259999999999712,0.2,False,1.0
N1,top,759,13,Infrastructure/Transport,False,Central government / agency,0.38461538461538464,0.10746153846154062,0.15384615384615385,True,0.000999000999000999
N1,top,763,12,Other public,False,Central government / agency,0.25,0.10724999999999933,0.16666666666666666,True,0.014985014985014986
N1,top,765,9,Other public,False,Central government / agency,0.1111111111111111,0.12211111111111336,0.2222222222222222,False,1.0
N1,top,766,17,Education,False,University (non-health unit),0.17647058823529413,0.08876470588235466,0.11764705882352941,True,0.03996003996003996
N1,top,768,21,Social/Finance,False,Central government / agency,0.19047619047619047,0.0993333333333348,0.14285714285714285,True,0.017982017982017984
N1,top,770,5,Education,False,University (non-health unit),0.2,0.20479999999999718,0.2,False,1.0
N1,top,772,12,Municipal/Local,False,Municipality / municipal company,0.16666666666666666,0.09591666666666598,0.16666666666666666,False,0.15184815184815184
N1,top,777,6,Municipal/Local,False,Municipality / municipal company,0.3333333333333333,0.16999999999999915,0.16666666666666666,True,0.02097902097902098
N1,top,782,5,Other public,False,Central government / agency,0.2,0.20139999999999716,0.2,False,1.0
N1,top,783,16,Other public,False,Central government / agency,0.5,0.08175,0.125,True,0.000999000999000999
N1,top,784,5,Other public,False,Central government / agency,0.4,0.2085999999999971,0.2,True,0.04395604395604396
N1,top,786,7,Security/Interior,False,Central government / agency,0.14285714285714285,0.1504285714285698,0.2857142857142857,False,1.0
N1,top,788,7,Municipal/Local,False,Municipality / municipal company,0.2857142857142857,0.15799999999999834,0.2857142857142857,False,0.1068931068931069
N1,top,791,9,Education,False,University (non-health unit),0.2222222222222222,0.12233333333333563,0.2222222222222222,False,0.1018981018981019
N1,top,794,8,Municipal/Local,False,Municipality / municipal company,0.25,0.134,0.25,False,0.07292707292707293
N1,top,795,15,Health,True,MoH provincial directorate / hospital union,0.26666666666666666,0.1472666666666676,0.2,True,0.03896103896103896
N1,top,798,12,Education,False,University (non-health unit),0.08333333333333333,0.09874999999999921,0.16666666666666666,False,1.0
N1,top,805,11,Health,True,MoH provincial directorate / hospital union,0.2727272727272727,0.1497272727272749,0.2727272727272727,False,0.06893106893106893
N1,top,807,26,Infrastructure/Transport,False,Central government / agency,0.19230769230769232,0.057384615384616595,0.07692307692307693,True,0.000999000999000999
N1,top,811,7,Agriculture/Environment,False,Central government / agency,0.14285714285714285,0.14828571428571263,0.14285714285714285,False,1.0
N1,top,817,9,Infrastructure/Transport,False,Central government / agency,0.2222222222222222,0.12188888888889116,0.2222222222222222,False,0.0969030969030969
N1,top,818,8,Health,False,MoH provincial directorate / hospital union,0.375,0.158875,0.25,True,0.008991008991008992
N1,top,824,13,Other public,False,Central government / agency,0.15384615384615385,0.10076923076923291,0.15384615384615385,False,0.2987012987012987
N1,top,829,10,Infrastructure/Transport,False,Other,0.9,0.1249999999999986,0.2,True,0.000999000999000999
N1,top,832,6,Municipal/Local,False,Municipality / municipal company,0.3333333333333333,0.1754999999999987,0.3333333333333333,False,0.052947052947052944
N1,top,837,5,Health,False,MoH provincial directorate / hospital union,0.4,0.2121999999999972,0.4,False,0.061938061938061936
N1,top,842,19,Agriculture/Environment,False,Central government / agency,0.2631578947368421,0.08073684210526454,0.10526315789473684,True,0.000999000999000999
N1,top,844,26,Social/Finance,False,Other,0.19230769230769232,0.07623076923077032,0.11538461538461539,True,0.000999000999000999
N1,top,845,5,Infrastructure/Transport,False,Central government / agency,0.2,0.21439999999999707,0.4,False,1.0
N1,top,847,11,Health,False,University hospital / medical faculty,0.7272727272727273,0.11709090909091092,0.18181818181818182,True,0.000999000999000999
N1,top,848,10,Health,False,MoH provincial directorate / hospital union,0.6,0.13869999999999863,0.2,True,0.000999000999000999
N1,top,852,16,Infrastructure/Transport,False,Central government / agency,0.1875,0.094125,0.1875,False,0.057942057942057944
N1,top,854,5,Education,False,University (non-health unit),0.2,0.20299999999999707,0.2,False,1.0
N1,top,857,12,Infrastructure/Transport,False,Central government / agency,0.16666666666666666,0.10108333333333261,0.16666666666666666,False,0.21078921078921078
N1,top,861,6,Education,False,University (non-health unit),0.3333333333333333,0.17699999999999863,0.3333333333333333,False,0.061938061938061936
N1,top,866,5,Health,False,MoH provincial directorate / hospital union,0.8,0.20299999999999718,0.2,True,0.000999000999000999
N1,top,868,5,Education,False,University (non-health unit),0.2,0.20979999999999732,0.2,False,1.0
N1,top,869,7,Other public,False,Central government / agency,0.42857142857142855,0.15485714285714133,0.2857142857142857,True,0.002997002997002997
N1,top,876,5,Health,False,MoH provincial directorate / hospital union,0.8,0.26659999999999734,0.4,True,0.001998001998001998
N1,top,879,7,Education,False,University (non-health unit),0.5714285714285714,0.15842857142856975,0.2857142857142857,True,0.000999000999000999
N1,top,887,12,Other public,False,Central government / agency,0.25,0.0995833333333325,0.16666666666666666,True,0.005994005994005994
N1,top,888,7,Education,False,University (non-health unit),0.5714285714285714,0.15657142857142697,0.2857142857142857,True,0.000999000999000999
N1,top,889,7,Education,False,University (non-health unit),0.42857142857142855,0.1602857142857127,0.2857142857142857,True,0.000999000999000999
N1,top,890,12,Other public,False,Central government / agency,0.3333333333333333,0.0982499999999994,0.16666666666666666,True,0.001998001998001998
N1,top,897,11,Other public,False,Central government / agency,0.18181818181818182,0.10572727272727443,0.18181818181818182,False,0.16283716283716285
N1,top,899,6,Other public,False,Central government / agency,0.16666666666666666,0.17033333333333245,0.16666666666666666,False,1.0
N1,top,902,5,Defence,False,Central government / agency,0.4,0.2205999999999971,0.4,False,0.1028971028971029
N1,top,905,5,Defence,False,Central government / agency,0.8,0.21219999999999706,0.4,True,0.000999000999000999
N1,top,911,5,Municipal/Local,False,Municipality / municipal company,0.2,0.20199999999999718,0.2,False,1.0
N1,top,912,5,Municipal/Local,False,Municipality / municipal company,0.2,0.20639999999999706,0.2,False,1.0
N1,top,916,7,Health,False,MoH provincial directorate / hospital union,0.5714285714285714,0.2418571428571403,0.42857142857142855,True,0.008991008991008992
N1,top,922,7,Health,True,MoH provincial directorate / hospital union,0.42857142857142855,0.22699999999999762,0.42857142857142855,False,0.058941058941058944
N1,top,927,5,Health,False,MoH provincial directorate / hospital union,0.8,0.27519999999999734,0.4,True,0.001998001998001998
N1,top,928,5,Municipal/Local,False,Municipality / municipal company,0.2,0.20699999999999724,0.2,False,1.0
N1,top,930,8,Social/Finance,False,Central government / agency,0.25,0.139625,0.25,False,0.11188811188811189
N1,top,934,30,Health,True,MoH provincial directorate / hospital union,0.16666666666666666,0.10546666666666649,0.16666666666666666,False,0.06393606393606394
N1,top,935,5,Health,False,MoH provincial directorate / hospital union,0.8,0.25439999999999763,0.4,True,0.000999000999000999
N1,top,936,8,Infrastructure/Transport,False,Central government / agency,0.25,0.15825,0.25,False,0.24275724275724275
N1,top,937,5,Health,False,MoH provincial directorate / hospital union,0.6,0.20819999999999717,0.2,True,0.000999000999000999
N1,top,940,9,Health,False,MoH provincial directorate / hospital union,0.3333333333333333,0.1604444444444473,0.2222222222222222,True,0.03596403596403597
N1,top,942,12,Security/Interior,False,Central government / agency,0.16666666666666666,0.10466666666666598,0.16666666666666666,False,0.24675324675324675
N1,top,943,5,Municipal/Local,False,Municipality / municipal company,0.4,0.20819999999999725,0.2,True,0.04195804195804196
N1,top,945,13,Health,True,MoH provincial directorate / hospital union,0.23076923076923078,0.16353846153846383,0.23076923076923078,False,0.22377622377622378
N1,top,947,7,Education,False,University (non-health unit),0.14285714285714285,0.1527142857142841,0.2857142857142857,False,1.0
N1,top,954,11,Agriculture/Environment,False,Central government / agency,0.2727272727272727,0.1068181818181835,0.18181818181818182,True,0.003996003996003996
N1,top,957,12,Agriculture/Environment,False,Central government / agency,0.3333333333333333,0.10116666666666604,0.16666666666666666,True,0.000999000999000999
N1,top,958,6,Health,False,University hospital / medical faculty,0.3333333333333333,0.18233333333333201,0.3333333333333333,False,0.0939060939060939
N1,top,965,14,Agriculture/Environment,False,Central government / agency,0.21428571428571427,0.09342857142857054,0.14285714285714285,True,0.017982017982017984
N1,top,970,11,Health,False,MoH provincial directorate / hospital union,0.2727272727272727,0.10109090909091074,0.18181818181818182,True,0.001998001998001998
N1,top,972,13,Health,False,MoH provincial directorate / hospital union,0.23076923076923078,0.14346153846154056,0.23076923076923078,False,0.13486513486513488
N1,top,983,23,Other public,False,Central government / agency,0.2608695652173913,0.07282608695652132,0.13043478260869565,True,0.000999000999000999
N1,top,986,5,Education,False,University (non-health unit),0.8,0.2149999999999971,0.4,True,0.000999000999000999
N1,top,989,5,Municipal/Local,False,Municipality / municipal company,0.4,0.20939999999999706,0.2,True,0.04695304695304695
N1,top,993,9,Other public,False,Central government / agency,0.2222222222222222,0.1465555555555581,0.2222222222222222,False,0.2917082917082917
N1,top,995,6,Health,False,MoH hospital / dental centre,0.6666666666666666,0.2174999999999981,0.3333333333333333,True,0.001998001998001998
N1,top,1007,6,Municipal/Local,False,Municipality / municipal company,0.3333333333333333,0.18383333333333207,0.3333333333333333,False,0.1008991008991009
N1,top,1009,5,Health,True,MoH provincial directorate / hospital union,0.4,0.2143999999999973,0.4,False,0.07192807192807193
N1,top,1015,9,Other public,False,Central government / agency,0.3333333333333333,0.11988888888889111,0.2222222222222222,True,0.000999000999000999
N1,top,1018,6,Municipal/Local,False,Municipality / municipal company,0.3333333333333333,0.17466666666666558,0.16666666666666666,True,0.04895104895104895
N1,top,1021,6,Health,True,MoH provincial directorate / hospital union,0.8333333333333334,0.2546666666666663,0.3333333333333333,True,0.000999000999000999
N1,top,1025,11,Municipal/Local,False,Municipality / municipal company,0.9090909090909091,0.13254545454545633,0.2727272727272727,True,0.000999000999000999
N1,top,1028,6,Education,False,University (non-health unit),0.3333333333333333,0.17366666666666566,0.16666666666666666,True,0.04295704295704296
N1,top,1040,12,Other public,False,Other,0.4166666666666667,0.10708333333333245,0.16666666666666666,True,0.000999000999000999
N1,top,1043,10,Other public,False,Central government / agency,0.2,0.12479999999999866,0.2,False,0.23976023976023977
N1,top,1053,10,Health,True,MoH provincial directorate / hospital union,0.3,0.1862999999999982,0.3,False,0.1088911088911089
N1,top,1058,11,Education,False,University (non-health unit),0.5454545454545454,0.11409090909091082,0.18181818181818182,True,0.000999000999000999
N1,top,1071,6,Health,True,MoH provincial directorate / hospital union,0.3333333333333333,0.19716666666666566,0.3333333333333333,False,0.17582417582417584
N1,top,1072,5,Agriculture/Environment,False,Central government / agency,0.2,0.2035999999999973,0.2,False,1.0
N1,top,1081,13,Municipal/Local,False,Municipality / municipal company,0.46153846153846156,0.09223076923077124,0.15384615384615385,True,0.000999000999000999
N1,top,1085,5,Health,True,MoH provincial directorate / hospital union,0.4,0.26579999999999765,0.4,False,0.3126873126873127
N1,top,1086,7,Health,False,MoH hospital / dental centre,1.0,0.2207142857142834,0.42857142857142855,True,0.000999000999000999
N1,top,1087,5,Health,False,MoH provincial directorate / hospital union,0.4,0.22999999999999718,0.4,False,0.14885114885114886
N1,top,1091,5,Infrastructure/Transport,False,Central government / agency,0.4,0.2059999999999971,0.2,True,0.030969030969030968
N1,top,1110,6,Defence,False,Central government / agency,0.5,0.1759999999999989,0.3333333333333333,True,0.000999000999000999
N1,top,1115,11,Health,True,MoH provincial directorate / hospital union,0.18181818181818182,0.11154545454545631,0.18181818181818182,False,0.2217782217782218
N1,top,1122,6,Health,True,MoH provincial directorate / hospital union,0.16666666666666666,0.1686666666666658,0.16666666666666666,False,1.0
N1,top,1124,5,Health,True,MoH provincial directorate / hospital union,0.4,0.20739999999999714,0.2,True,0.03796203796203796
N1,top,1129,5,Infrastructure/Transport,False,Central government / agency,0.4,0.21079999999999716,0.4,False,0.054945054945054944
N1,top,1150,14,Municipal/Local,False,Municipality / municipal company,0.14285714285714285,0.09421428571428486,0.14285714285714285,False,0.30569430569430567
N1,top,1157,5,Health,True,MoH provincial directorate / hospital union,0.4,0.2395999999999973,0.4,False,0.1878121878121878
N1,top,1159,6,Other public,False,Other,0.3333333333333333,0.1881666666666655,0.3333333333333333,False,0.12887112887112886
N1,top,1166,10,Health,True,MoH provincial directorate / hospital union,0.5,0.19499999999999812,0.3,True,0.001998001998001998
N1,top,1179,5,Education,False,University (non-health unit),0.4,0.20499999999999727,0.2,True,0.025974025974025976
N1,top,1201,8,Provincial admin,False,Other,0.5,0.146125,0.25,True,0.000999000999000999
N1,top,1208,6,Provincial admin,False,Other,0.16666666666666666,0.1821666666666655,0.3333333333333333,False,1.0
N1,top,1215,7,Health,False,MoH hospital / dental centre,0.5714285714285714,0.18085714285714108,0.2857142857142857,True,0.000999000999000999
N1,top,1230,14,Social/Finance,False,Central government / agency,0.21428571428571427,0.1060714285714275,0.14285714285714285,True,0.03596403596403597
N1,top,1231,5,Education,False,University (non-health unit),0.2,0.2043999999999971,0.2,False,1.0
N1,top,1236,14,Other public,False,Other,0.21428571428571427,0.09328571428571342,0.14285714285714285,True,0.011988011988011988
N1,top,1240,5,Health,False,MoH provincial directorate / hospital union,0.4,0.24759999999999716,0.4,False,0.22777222777222778
N1,top,1242,7,Security/Interior,False,Central government / agency,0.14285714285714285,0.16242857142856956,0.2857142857142857,False,1.0
N1,top,1275,6,Municipal/Local,False,Municipality / municipal company,0.16666666666666666,0.16833333333333253,0.16666666666666666,False,1.0
N1,top,1278,5,Other public,False,Central government / agency,0.4,0.20939999999999706,0.2,True,0.04695304695304695
N1,top,1324,8,Health,False,MoH hospital / dental centre,0.75,0.2355,0.375,True,0.000999000999000999
N1,top,1356,5,Municipal/Local,False,Municipality / municipal company,0.4,0.21459999999999713,0.4,False,0.07392607392607392
N1,top,1368,5,Education,False,University (non-health unit),0.2,0.20719999999999708,0.2,False,1.0
N1,top,1374,7,Other public,False,Central government / agency,0.42857142857142855,0.15671428571428397,0.2857142857142857,True,0.004995004995004995
N1,top,1405,5,Other public,False,Other,0.4,0.20859999999999707,0.2,True,0.04395604395604396
N1,top,1414,5,Municipal/Local,False,Municipality / municipal company,0.2,0.20959999999999712,0.2,False,1.0
N1,top,1429,5,Agriculture/Environment,False,Central government / agency,0.4,0.2047999999999972,0.2,True,0.024975024975024976
N1,top,1433,11,Municipal/Local,False,Municipality / municipal company,0.2727272727272727,0.11709090909091095,0.18181818181818182,True,0.012987012987012988
N1,top,1435,5,Security/Interior,False,Central government / agency,0.2,0.20479999999999704,0.2,False,1.0
N1,top,1455,7,Infrastructure/Transport,False,Central government / agency,0.7142857142857143,0.1548571428571412,0.2857142857142857,True,0.000999000999000999
N1,top,1472,6,Health,False,MoH hospital / dental centre,0.8333333333333334,0.29100000000000054,0.5,True,0.000999000999000999
N1,top,1484,10,Health,False,MoH hospital / dental centre,0.9,0.23579999999999868,0.4,True,0.000999000999000999
N1,top,1499,20,Health,False,MoH hospital / dental centre,0.3,0.15195000000000053,0.20249999999999774,True,0.015984015984015984
N1,top,1503,6,Health,True,MoH provincial directorate / hospital union,0.6666666666666666,0.20399999999999888,0.3333333333333333,True,0.000999000999000999
N1,top,1526,8,Health,False,MoH hospital / dental centre,1.0,0.157125,0.25,True,0.000999000999000999
N1,top,1529,6,Health,True,Other health body (central/agency),1.0,0.19433333333333186,0.3333333333333333,True,0.000999000999000999
N1,top,1545,13,Health,True,MoH provincial directorate / hospital union,0.5384615384615384,0.16653846153846374,0.23076923076923078,True,0.000999000999000999
N1,top,1555,7,Health,True,MoH provincial directorate / hospital union,0.2857142857142857,0.16085714285714114,0.2857142857142857,False,0.12287712287712288
N1,top,1578,17,Health,True,MoH provincial directorate / hospital union,0.47058823529411764,0.14235294117647268,0.23529411764705882,True,0.000999000999000999
N1,top,1618,6,Health,False,MoH provincial directorate / hospital union,0.3333333333333333,0.2474999999999995,0.5,False,0.42657342657342656
N1,top,1680,5,Health,True,MoH provincial directorate / hospital union,1.0,0.2879999999999969,0.4,True,0.000999000999000999
N1,top,1683,7,Health,False,MoH hospital / dental centre,0.7142857142857143,0.2269999999999975,0.42857142857142855,True,0.000999000999000999
N1,top,1687,11,Health,False,MoH provincial directorate / hospital union,0.45454545454545453,0.17372727272727506,0.2727272727272727,True,0.001998001998001998
N1,top,1700,8,Health,False,MoH hospital / dental centre,0.375,0.261125,0.375,False,0.21178821178821178
N1,top,1702,5,Health,False,MoH hospital / dental centre,1.0,0.31159999999999677,0.4,True,0.000999000999000999
N1,top,1704,5,Health,False,MoH hospital / dental centre,0.8,0.2693999999999973,0.4,True,0.000999000999000999
N1,top,1705,8,Health,False,MoH provincial directorate / hospital union,1.0,0.262625,0.375,True,0.000999000999000999
N1,top,1707,14,Health,False,MoH hospital / dental centre,0.9285714285714286,0.21164285714285683,0.2857142857142857,True,0.000999000999000999
N1,top,1710,6,Health,False,MoH provincial directorate / hospital union,0.6666666666666666,0.22533333333333228,0.3333333333333333,True,0.000999000999000999
N1,top,1713,6,Health,False,MoH hospital / dental centre,1.0,0.2875000000000005,0.5,True,0.000999000999000999
N1,top,1722,5,Health,False,MoH hospital / dental centre,1.0,0.3151999999999972,0.6,True,0.000999000999000999
N1,top,1723,7,Health,False,University hospital / medical faculty,1.0,0.2681428571428546,0.42857142857142855,True,0.000999000999000999
N1,top,1724,7,Health,False,MoH hospital / dental centre,1.0,0.2767142857142828,0.42857142857142855,True,0.000999000999000999
N1,top,1734,6,Health,True,MoH provincial directorate / hospital union,0.3333333333333333,0.2436666666666661,0.3333333333333333,False,0.4205794205794206
N1,top,1736,6,Health,False,MoH hospital / dental centre,0.3333333333333333,0.17933333333333223,0.3333333333333333,False,0.07692307692307693
N1,top,1756,5,Education,False,University (non-health unit),0.2,0.20139999999999716,0.2,False,1.0
N1,top,1764,6,Health,True,MoH provincial directorate / hospital union,0.6666666666666666,0.2823333333333332,0.5,True,0.005994005994005994
N1,top,1767,5,Health,True,MoH provincial directorate / hospital union,0.6,0.3159999999999969,0.6,False,0.055944055944055944
N1,top,1768,14,Health,False,MoH hospital / dental centre,0.8571428571428571,0.2158571428571427,0.2857142857142857,True,0.000999000999000999
N1,top,1772,14,Health,False,MoH hospital / dental centre,0.5714285714285714,0.21892857142857142,0.35714285714285715,True,0.000999000999000999
N1,top,1775,7,Health,False,University hospital / medical faculty,0.5714285714285714,0.24742857142856878,0.42857142857142855,True,0.00999000999000999
N1,top,1779,5,Health,False,MoH hospital / dental centre,0.4,0.29439999999999733,0.4,False,0.42957042957042957
N1,top,1793,6,Health,False,University hospital / medical faculty,0.8333333333333334,0.2805000000000002,0.5,True,0.000999000999000999
N1,top,1801,6,Health,False,MoH hospital / dental centre,1.0,0.28566666666666707,0.5,True,0.000999000999000999
N1,top,1803,10,Health,False,MoH hospital / dental centre,1.0,0.23699999999999924,0.4,True,0.000999000999000999
N1,top,1804,14,Health,False,MoH hospital / dental centre,1.0,0.21635714285714278,0.2857142857142857,True,0.000999000999000999
N1,top,1806,9,Health,False,MoH hospital / dental centre,0.7777777777777778,0.230222222222226,0.3333333333333333,True,0.000999000999000999
N1,top,1813,13,Health,False,MoH hospital / dental centre,0.9230769230769231,0.2169230769230781,0.3076923076923077,True,0.000999000999000999
N1,top,1814,5,Health,False,MoH hospital / dental centre,1.0,0.3135999999999965,0.4,True,0.000999000999000999
N1,top,1817,6,Health,False,MoH hospital / dental centre,1.0,0.29133333333333356,0.5,True,0.000999000999000999
N1,top,1820,5,Health,True,MoH provincial directorate / hospital union,0.4,0.26759999999999745,0.4,False,0.3196803196803197
N1,top,1821,10,Health,False,MoH hospital / dental centre,1.0,0.24349999999999924,0.4,True,0.000999000999000999
N1,top,1822,12,Health,True,MoH provincial directorate / hospital union,0.5833333333333334,0.1892499999999992,0.25,True,0.000999000999000999
N1,top,1824,5,Provincial admin,False,Central government / agency,0.4,0.22219999999999712,0.4,False,0.1088911088911089
N1,top,1826,8,Health,False,MoH hospital / dental centre,1.0,0.2595,0.375,True,0.000999000999000999
N1,top,1828,6,Health,False,MoH hospital / dental centre,0.6666666666666666,0.30050000000000004,0.5,True,0.004995004995004995
N1,top,1833,14,Health,True,MoH provincial directorate / hospital union,0.42857142857142855,0.16214285714285587,0.21428571428571427,True,0.000999000999000999
N1,top,1835,5,Health,False,MoH hospital / dental centre,0.8,0.2845999999999971,0.4,True,0.001998001998001998
N1,top,1836,6,Health,False,MoH hospital / dental centre,1.0,0.3013333333333338,0.5,True,0.000999000999000999
N1,top,1845,5,Provincial admin,False,Central government / agency,0.6,0.21099999999999705,0.4,True,0.000999000999000999
N1,top,1849,5,Health,False,MoH hospital / dental centre,0.6,0.3033999999999969,0.4,True,0.04495504495504495
N1,top,1854,5,Health,False,MoH hospital / dental centre,0.4,0.22599999999999712,0.4,False,0.12887112887112886
N1,top,1856,10,Health,False,MoH hospital / dental centre,1.0,0.24099999999999905,0.4,True,0.000999000999000999
N1,top,1860,8,Health,False,MoH hospital / dental centre,0.625,0.275125,0.375,True,0.001998001998001998
N1,top,1863,5,Health,False,MoH provincial directorate / hospital union,0.4,0.2703999999999974,0.4,False,0.33166833166833165
N1,top,1865,11,Health,False,MoH hospital / dental centre,1.0,0.24154545454545773,0.36363636363636365,True,0.000999000999000999
N1,top,1866,5,Health,False,MoH hospital / dental centre,1.0,0.31079999999999713,0.4,True,0.000999000999000999
N1,top,1870,9,Health,False,MoH hospital / dental centre,1.0,0.25644444444444864,0.4444444444444444,True,0.000999000999000999
N1,top,1871,12,Health,False,MoH hospital / dental centre,1.0,0.23091666666666594,0.3333333333333333,True,0.000999000999000999
N1,top,1875,5,Health,True,MoH provincial directorate / hospital union,0.4,0.28919999999999685,0.4,False,0.4145854145854146
N1,top,1880,11,Health,False,MoH hospital / dental centre,0.9090909090909091,0.23300000000000293,0.36363636363636365,True,0.000999000999000999
N1,top,1886,5,Health,False,MoH hospital / dental centre,1.0,0.3327999999999966,0.6,True,0.000999000999000999
N1,top,1889,9,Health,True,MoH provincial directorate / hospital union,0.3333333333333333,0.13666666666666916,0.2222222222222222,True,0.003996003996003996
N1,top,1890,9,Health,False,MoH hospital / dental centre,0.8888888888888888,0.24611111111111533,0.3333333333333333,True,0.000999000999000999
N1,top,1896,7,Health,True,MoH provincial directorate / hospital union,0.42857142857142855,0.25328571428571145,0.42857142857142855,False,0.0959040959040959
N1,top,1900,9,Health,True,MoH provincial directorate / hospital union,0.4444444444444444,0.1807777777777808,0.3333333333333333,True,0.002997002997002997
N1,top,1902,22,Provincial admin,False,Central government / agency,0.36363636363636365,0.09440909090909226,0.13636363636363635,True,0.000999000999000999
N1,top,1903,10,Health,False,MoH hospital / dental centre,1.0,0.2544999999999992,0.4,True,0.000999000999000999
N1,top,1907,6,Health,True,MoH provincial directorate / hospital union,0.3333333333333333,0.22466666666666527,0.3333333333333333,False,0.32867132867132864
N1,top,1912,6,Health,False,MoH provincial directorate / hospital union,0.8333333333333334,0.2735000000000001,0.5,True,0.000999000999000999
N1,top,1919,5,Health,False,MoH hospital / dental centre,1.0,0.3179999999999968,0.6,True,0.000999000999000999
N1,top,1922,5,Other public,False,Central government / agency,0.4,0.20879999999999715,0.2,True,0.04395604395604396
N1,top,1924,5,Health,False,MoH hospital / dental centre,0.4,0.21479999999999705,0.4,False,0.07492507492507493
N1,top,1933,5,Health,True,MoH provincial directorate / hospital union,0.4,0.2429999999999975,0.4,False,0.2097902097902098
N1,top,1942,5,Health,False,MoH hospital / dental centre,0.6,0.24159999999999746,0.4,True,0.006993006993006993
N1,top,1943,15,Provincial admin,False,Central government / agency,0.4,0.10253333333333417,0.13333333333333333,True,0.000999000999000999
N1,top,1948,5,Provincial admin,False,Central government / agency,0.2,0.21239999999999729,0.4,False,1.0
N1,top,1950,10,Health,False,MoH hospital / dental centre,0.5,0.18079999999999816,0.3,True,0.000999000999000999
N1,top,1955,8,Health,True,MoH provincial directorate / hospital union,0.375,0.2655,0.375,False,0.21578421578421578
N1,top,1964,5,Provincial admin,False,Other,0.4,0.216599999999997,0.4,False,0.08291708291708291
N1,top,1971,15,Health,False,MoH provincial directorate / hospital union,0.8666666666666667,0.1877333333333328,0.26666666666666666,True,0.000999000999000999
N1,top,1973,6,Health,False,University hospital / medical faculty,1.0,0.2991666666666666,0.5,True,0.000999000999000999
N1,top,1983,9,Health,False,University hospital / medical faculty,0.3333333333333333,0.20300000000000357,0.3333333333333333,False,0.12187812187812187
N1,top,1985,6,Other public,False,Other,0.3333333333333333,0.1876666666666652,0.3333333333333333,False,0.12287712287712288
N1,top,1994,7,Health,False,Other health body (central/agency),0.8571428571428571,0.25185714285713995,0.42857142857142855,True,0.000999000999000999
N1,top,1999,14,Health,False,MoH hospital / dental centre,1.0,0.2135714285714284,0.2857142857142857,True,0.000999000999000999
N1,top,2004,6,Health,True,MoH provincial directorate / hospital union,0.6666666666666666,0.2503333333333328,0.3333333333333333,True,0.002997002997002997
N1,top,2033,5,Security/Interior,False,Central government / agency,0.6,0.23539999999999706,0.4,True,0.014985014985014986
N1,top,2041,5,Health,False,MoH provincial directorate / hospital union,1.0,0.2795999999999976,0.4,True,0.000999000999000999
N1,top,2048,6,Health,False,MoH provincial directorate / hospital union,0.6666666666666666,0.22599999999999906,0.3333333333333333,True,0.001998001998001998
N1,top,2050,7,Health,False,MoH provincial directorate / hospital union,0.2857142857142857,0.23342857142856893,0.42857142857142855,False,0.5694305694305695
N1,top,2051,6,Health,False,MoH provincial directorate / hospital union,0.5,0.244666666666666,0.3333333333333333,True,0.04595404595404595
N1,top,2058,5,Health,True,MoH provincial directorate / hospital union,0.4,0.24479999999999716,0.4,False,0.2097902097902098
N1,top,2066,5,Health,False,MoH provincial directorate / hospital union,0.6,0.2133999999999971,0.4,True,0.002997002997002997
N1,top,2070,5,Health,False,MoH provincial directorate / hospital union,0.4,0.23619999999999688,0.4,False,0.16983016983016982
N1,top,2084,7,Health,True,MoH provincial directorate / hospital union,0.5714285714285714,0.1708571428571411,0.2857142857142857,True,0.000999000999000999
N1,top,2149,7,Health,False,MoH provincial directorate / hospital union,0.2857142857142857,0.20528571428571235,0.2857142857142857,False,0.3986013986013986
N1,top,2161,5,Health,False,University hospital / medical faculty,0.4,0.2501999999999975,0.4,False,0.23776223776223776
N1,top,2197,17,Social/Finance,False,Central government / agency,0.29411764705882354,0.11111764705882543,0.17647058823529413,True,0.007992007992007992
N1,top,2214,5,Health,False,MoH hospital / dental centre,0.6,0.24379999999999707,0.4,True,0.00999000999000999
N1,top,2272,6,Health,False,University hospital / medical faculty,0.6666666666666666,0.272666666666667,0.5,True,0.002997002997002997
N1,top,2361,6,Health,False,MoH provincial directorate / hospital union,0.3333333333333333,0.2328333333333324,0.3333333333333333,False,0.36863136863136864
N1,top,2381,6,Agriculture/Environment,False,Central government / agency,0.5,0.1964999999999985,0.3333333333333333,True,0.007992007992007992
N1,top,2389,12,Health,False,MoH hospital / dental centre,0.75,0.23049999999999898,0.3333333333333333,True,0.000999000999000999
N1,top,2405,5,Health,False,MoH provincial directorate / hospital union,1.0,0.2701999999999974,0.4,True,0.000999000999000999
N1,top,2437,6,Social/Finance,False,Central government / agency,0.3333333333333333,0.1736666666666656,0.16666666666666666,True,0.04295704295704296
N1,top,2473,6,Health,False,MoH hospital / dental centre,1.0,0.28933333333333333,0.5,True,0.000999000999000999
N1,top,2485,5,Health,True,MoH provincial directorate / hospital union,0.6,0.31699999999999656,0.6,False,0.057942057942057944
N1,top,2695,7,Health,False,MoH hospital / dental centre,0.2857142857142857,0.1517142857142841,0.2857142857142857,False,0.061938061938061936
N1,hhi,1,8,Health,False,Other health body (central/agency),0.1875,0.13290625,0.15625,True,0.02197802197802198
N1,hhi,6,20,Municipal/Local,False,Municipality / municipal company,0.105,0.055369999999999676,0.065,True,0.000999000999000999
N1,hhi,8,23,Municipal/Local,False,Municipality / municipal company,0.15311909262759923,0.046786389413988334,0.054820415879017016,True,0.000999000999000999
N1,hhi,11,19,Municipal/Local,False,Municipality / municipal company,0.07479224376731301,0.05528531855955761,0.06371191135734072,True,0.003996003996003996
N1,hhi,15,7,Other public,True,Central government / agency,0.14285714285714285,0.14399999999999838,0.14285714285714285,False,1.0
N1,hhi,22,8,Other public,True,Other,0.40625,0.132125,0.15625,True,0.000999000999000999
N1,hhi,24,15,Municipal/Local,False,Municipality / municipal company,0.14666666666666667,0.07315555555555564,0.09333333333333334,True,0.000999000999000999
N1,hhi,25,5,Municipal/Local,False,Municipality / municipal company,0.2,0.20255999999999721,0.2,False,1.0
N1,hhi,28,25,Municipal/Local,False,Municipality / municipal company,0.088,0.04529279999999937,0.0528,True,0.000999000999000999
N1,hhi,31,12,Municipal/Local,False,Municipality / municipal company,0.1111111111111111,0.08533333333333291,0.09722222222222222,True,0.006993006993006993
N1,hhi,35,35,Municipal/Local,False,Municipality / municipal company,0.061224489795918366,0.030762448979592145,0.03510204081632653,True,0.000999000999000999
N1,hhi,36,14,Municipal/Local,False,Municipality / municipal company,0.14285714285714285,0.0739999999999994,0.08163265306122448,True,0.000999000999000999
N1,hhi,38,12,Municipal/Local,False,Municipality / municipal company,0.09722222222222222,0.0861111111111108,0.09722222222222222,False,0.18581418581418582
N1,hhi,39,5,Municipal/Local,False,Municipality / municipal company,0.2,0.2006399999999972,0.2,False,1.0
N1,hhi,40,17,Infrastructure/Transport,False,Central government / agency,0.12110726643598616,0.06204152249135065,0.0726643598615917,True,0.000999000999000999
N1,hhi,41,5,Infrastructure/Transport,False,Central government / agency,0.44,0.20991999999999714,0.28,True,0.006993006993006993
N1,hhi,42,5,Municipal/Local,False,Municipality / municipal company,0.28,0.20279999999999712,0.2,True,0.03596403596403597
N1,hhi,43,8,Other public,False,Other,0.21875,0.12940625,0.15625,True,0.008991008991008992
N1,hhi,44,10,Infrastructure/Transport,False,Central government / agency,0.16,0.10385999999999876,0.12,True,0.011988011988011988
N1,hhi,46,47,Other public,False,Central government / agency,0.07469443186962427,0.02545676776822106,0.030330466274332276,True,0.000999000999000999
N1,hhi,53,10,Health,False,MoH provincial directorate / hospital union,0.1,0.10471999999999898,0.12,False,1.0
N1,hhi,54,5,Education,False,University (non-health unit),0.28,0.20391999999999727,0.2,True,0.04995004995004995
N1,hhi,60,14,Other public,False,Central government / agency,0.11224489795918367,0.0748469387755096,0.08163265306122448,True,0.002997002997002997
N1,hhi,62,56,Infrastructure/Transport,False,Central government / agency,0.04974489795918367,0.02053635204081618,0.023596938775510203,True,0.000999000999000999
N1,hhi,63,5,Municipal/Local,False,Municipality / municipal company,0.28,0.2253599999999974,0.28,False,0.2597402597402597
N1,hhi,70,7,Other public,False,Central government / agency,0.1836734693877551,0.14681632653061066,0.1836734693877551,False,0.09490509490509491
N1,hhi,71,11,Other public,False,Central government / agency,0.10743801652892562,0.0941157024793404,0.10743801652892562,False,0.1798201798201798
N1,hhi,73,5,Defence,False,Other,0.2,0.20159999999999717,0.2,False,1.0
N1,hhi,75,11,Municipal/Local,False,Municipality / municipal company,0.10743801652892562,0.10200000000000126,0.12396694214876033,False,0.5104895104895105
N1,hhi,76,19,Education,False,University (non-health unit),0.11911357340720222,0.05488088642659359,0.06371191135734072,True,0.000999000999000999
N1,hhi,78,12,Municipal/Local,False,Municipality / municipal company,0.8472222222222222,0.10256944444444488,0.1388888888888889,True,0.000999000999000999
N1,hhi,79,6,Education,False,Central government / agency,0.2777777777777778,0.19622222222222202,0.3333333333333333,False,0.08191808191808192
N1,hhi,81,23,Municipal/Local,False,Municipality / municipal company,0.1947069943289225,0.04509262759924353,0.05103969754253308,True,0.000999000999000999
N1,hhi,83,5,Provincial admin,False,Central government / agency,0.44,0.2051999999999971,0.28,True,0.000999000999000999
N1,hhi,89,13,Health,False,Other health body (central/agency),0.15976331360946747,0.07904142011834464,0.08875739644970414,True,0.000999000999000999
N1,hhi,90,15,Municipal/Local,False,Municipality / municipal company,0.06666666666666667,0.06879111111111183,0.07555555555555556,False,1.0
N1,hhi,92,13,Municipal/Local,False,Municipality / municipal company,0.1242603550295858,0.08021301775148063,0.08875739644970414,True,0.002997002997002997
N1,hhi,94,6,Other public,False,Central government / agency,0.2222222222222222,0.16788888888888817,0.16666666666666666,True,0.022977022977022976
N1,hhi,99,22,Other public,False,Other,0.11570247933884298,0.048586776859504646,0.05785123966942149,True,0.000999000999000999
N1,hhi,100,10,Agriculture/Environment,False,Central government / agency,0.12,0.10595999999999901,0.12,False,0.26073926073926074
N1,hhi,104,6,Municipal/Local,False,Municipality / municipal company,0.2222222222222222,0.16944444444444368,0.16666666666666666,True,0.04695304695304695
N1,hhi,113,8,Other public,False,Other,0.15625,0.13046875,0.15625,False,0.15384615384615385
N1,hhi,114,7,Municipal/Local,False,Municipality / municipal company,0.22448979591836735,0.1455918367346922,0.1836734693877551,True,0.003996003996003996
N1,hhi,115,7,Other public,False,Central government / agency,0.14285714285714285,0.1452244897959168,0.1836734693877551,False,1.0
N1,hhi,116,13,Agriculture/Environment,False,Central government / agency,0.23076923076923078,0.08286390532544496,0.10059171597633136,True,0.000999000999000999
N1,hhi,119,7,Education,False,University (non-health unit),0.14285714285714285,0.14502040816326367,0.1448979591836716,False,1.0
N1,hhi,123,13,Other public,False,Central government / agency,0.727810650887574,0.08125443786982373,0.10059171597633136,True,0.000999000999000999
N1,hhi,131,23,Other public,False,Central government / agency,0.0888468809073724,0.04725519848771236,0.054820415879017016,True,0.000999000999000999
N1,hhi,133,8,Municipal/Local,False,Municipality / municipal company,1.0,0.1319375,0.15625,True,0.000999000999000999
N1,hhi,135,5,Municipal/Local,False,Municipality / municipal company,0.2,0.2132799999999974,0.28,False,1.0
N1,hhi,136,5,Other public,False,Other,0.44,0.20519999999999733,0.28,True,0.000999000999000999
N1,hhi,138,39,Education,False,University (non-health unit),0.2176199868507561,0.028820512820512924,0.03353057199211045,True,0.000999000999000999
N1,hhi,139,58,Defence,False,Central government / agency,0.04280618311533888,0.020123662306777583,0.02318668252080856,True,0.000999000999000999
N1,hhi,140,7,Education,False,University (non-health unit),0.30612244897959184,0.1671020408163245,0.22448979591836735,True,0.004995004995004995
N1,hhi,141,8,Education,False,University (non-health unit),0.125,0.12646875,0.125,False,1.0
N1,hhi,144,18,Education,False,University (non-health unit),0.08024691358024691,0.05832716049382767,0.06790123456790123,True,0.004995004995004995
N1,hhi,146,10,Infrastructure/Transport,False,Central government / agency,0.12,0.10279999999999877,0.12,False,0.13886113886113885
N1,hhi,148,5,Other public,False,Central government / agency,0.68,0.20247999999999716,0.2,True,0.000999000999000999
N1,hhi,151,16,Education,False,University (non-health unit),0.109375,0.0674765625,0.078125,True,0.005994005994005994
N1,hhi,157,8,Social/Finance,False,Other,0.21875,0.131125,0.15625,True,0.005994005994005994
N1,hhi,158,13,Municipal/Local,False,Municipality / municipal company,0.07692307692307693,0.08018934911242738,0.08875739644970414,False,1.0
N1,hhi,159,7,Municipal/Local,False,Municipality / municipal company,0.14285714285714285,0.14706122448979433,0.1836734693877551,False,1.0
N1,hhi,160,24,Municipal/Local,False,Municipality / municipal company,0.1284722222222222,0.04388888888888863,0.04861111111111111,True,0.000999000999000999
N1,hhi,163,6,Health,False,University hospital / medical faculty,0.2222222222222222,0.1688333333333326,0.16666666666666666,True,0.03996003996003996
N1,hhi,172,89,Municipal/Local,False,Municipality / municipal company,0.03522282540083323,0.01308092412574171,0.014770862264865547,True,0.000999000999000999
N1,hhi,173,5,Other public,False,Other,0.36,0.2050399999999972,0.28,True,0.000999000999000999
N1,hhi,174,5,Education,False,University (non-health unit),0.44,0.20783999999999717,0.28,True,0.004995004995004995
N1,hhi,175,6,Municipal/Local,False,Municipality / municipal company,0.16666666666666666,0.16844444444444373,0.16666666666666666,False,1.0
N1,hhi,176,29,Municipal/Local,False,Municipality / municipal company,0.12009512485136742,0.03681093935790749,0.041617122473246136,True,0.000999000999000999
N1,hhi,178,11,Social/Finance,False,Central government / agency,0.12396694214876033,0.09613223140496013,0.10743801652892562,True,0.023976023976023976
N1,hhi,179,11,Education,False,University (non-health unit),0.14049586776859505,0.09269421487603453,0.10743801652892562,True,0.002997002997002997
N1,hhi,180,8,Other public,False,Other,0.15625,0.126625,0.15625,False,0.05194805194805195
N1,hhi,187,26,Other public,False,Central government / agency,0.10059171597633136,0.04105621301775225,0.047337278106508875,True,0.000999000999000999
N1,hhi,188,14,Municipal/Local,False,Municipality / municipal company,0.10204081632653061,0.07615306122448923,0.10204081632653061,False,0.052947052947052944
N1,hhi,189,6,Health,False,Other health body (central/agency),0.2777777777777778,0.16866666666666597,0.16666666666666666,True,0.000999000999000999
N1,hhi,190,6,Infrastructure/Transport,False,Other,0.2222222222222222,0.16761111111111038,0.16666666666666666,True,0.017982017982017984
N1,hhi,191,28,Municipal/Local,False,Municipality / municipal company,0.061224489795918366,0.04002806122448932,0.04846938775510204,True,0.001998001998001998
N1,hhi,192,9,Other public,False,Central government / agency,0.6296296296296297,0.11775308641975452,0.13580246913580246,True,0.000999000999000999
N1,hhi,193,11,Other public,True,Other,0.30578512396694213,0.10925619834710838,0.14049586776859505,True,0.000999000999000999
N1,hhi,194,22,Social/Finance,False,Central government / agency,0.07851239669421488,0.04774793388429801,0.05371900826446281,True,0.000999000999000999
N1,hhi,195,25,Health,False,Other health body (central/agency),0.1904,0.04391359999999934,0.0528,True,0.000999000999000999
N1,hhi,196,5,Municipal/Local,False,Municipality / municipal company,0.2,0.20231999999999722,0.2,False,1.0
N1,hhi,197,17,Municipal/Local,False,Municipality / municipal company,0.07958477508650519,0.06485121107266531,0.07958477508650519,False,0.08691308691308691
N1,hhi,198,40,Municipal/Local,False,Municipality / municipal company,0.1525,0.028326249999999945,0.0325,True,0.000999000999000999
N1,hhi,199,44,Infrastructure/Transport,False,Central government / agency,0.05475206611570248,0.0263780991735537,0.030991735537190084,True,0.000999000999000999
N1,hhi,200,8,Infrastructure/Transport,False,Other,0.21875,0.12753125,0.15625,True,0.001998001998001998
N1,hhi,201,6,Infrastructure/Transport,False,Central government / agency,0.3333333333333333,0.17022222222222153,0.2222222222222222,True,0.000999000999000999
N1,hhi,203,56,Municipal/Local,False,Municipality / municipal company,0.05357142857142857,0.019806760204081477,0.021683673469387755,True,0.000999000999000999
N1,hhi,204,29,Municipal/Local,False,Municipality / municipal company,0.06539833531510107,0.03659928656361503,0.041617122473246136,True,0.000999000999000999
N1,hhi,205,12,Other public,False,Central government / agency,0.19444444444444445,0.08891666666666662,0.1111111111111111,True,0.000999000999000999
N1,hhi,206,13,Municipal/Local,False,Municipality / municipal company,0.25443786982248523,0.08166863905325578,0.10059171597633136,True,0.000999000999000999
N1,hhi,208,12,Municipal/Local,False,Municipality / municipal company,0.2222222222222222,0.08541666666666632,0.09722222222222222,True,0.000999000999000999
N1,hhi,209,14,Health,False,MoH hospital / dental centre,1.0,0.13671428571428573,0.19438775510204034,True,0.000999000999000999
N1,hhi,210,51,Municipal/Local,False,Municipality / municipal company,0.03037293348712034,0.021478662053056433,0.02422145328719723,True,0.000999000999000999
N1,hhi,211,68,Security/Interior,False,Central government / agency,0.04498269896193772,0.016828719723183384,0.01903114186851211,True,0.000999000999000999
N1,hhi,216,45,Social/Finance,False,Central government / agency,0.08345679012345679,0.02584691358024688,0.030123456790123456,True,0.000999000999000999
N1,hhi,217,36,Infrastructure/Transport,False,Central government / agency,0.040123456790123455,0.030706790123456566,0.035493827160493825,True,0.008991008991008992
N1,hhi,219,10,Other public,False,Central government / agency,0.24,0.10743999999999922,0.12,True,0.000999000999000999
N1,hhi,220,7,Other public,False,Other,0.1836734693877551,0.1448163265306106,0.14285714285714285,True,0.04895104895104895
N1,hhi,221,5,Municipal/Local,False,Municipality / municipal company,0.2,0.20055999999999718,0.2,False,1.0
N1,hhi,222,6,Municipal/Local,False,Municipality / municipal company,0.3888888888888889,0.16888888888888826,0.16666666666666666,True,0.000999000999000999
N1,hhi,224,8,Infrastructure/Transport,False,Central government / agency,0.125,0.12590625,0.125,False,1.0
N1,hhi,226,8,Other public,False,Central government / agency,0.15625,0.12559375,0.125,True,0.01898101898101898
N1,hhi,228,5,Municipal/Local,False,Municipality / municipal company,1.0,0.21007999999999727,0.28,True,0.000999000999000999
N1,hhi,231,14,Education,False,University (non-health unit),0.08163265306122448,0.07299999999999937,0.08163265306122448,False,0.14485514485514486
N1,hhi,232,18,Municipal/Local,False,Municipality / municipal company,0.10493827160493827,0.058530864197531375,0.06790123456790123,True,0.000999000999000999
N1,hhi,236,10,Education,False,University (non-health unit),0.1,0.10077999999999869,0.1,False,1.0
N1,hhi,237,10,Agriculture/Environment,False,Central government / agency,0.1,0.10091999999999864,0.1,False,1.0
N1,hhi,239,5,Municipal/Local,False,Municipality / municipal company,0.2,0.2024799999999973,0.2,False,1.0
N1,hhi,240,9,Education,False,University (non-health unit),0.654320987654321,0.11735802469135934,0.13580246913580246,True,0.000999000999000999
N1,hhi,243,20,Other public,False,Other,0.1,0.053189999999999474,0.06,True,0.000999000999000999
N1,hhi,245,10,Health,True,MoH provincial directorate / hospital union,0.16,0.10565999999999896,0.12,True,0.007992007992007992
N1,hhi,246,42,Social/Finance,False,Central government / agency,0.07369614512471655,0.026646258503401694,0.030612244897959183,True,0.000999000999000999
N1,hhi,248,7,Education,False,University (non-health unit),0.22448979591836735,0.14632653061224324,0.1836734693877551,True,0.002997002997002997
N1,hhi,249,9,Municipal/Local,False,Municipality / municipal company,0.13580246913580246,0.11570370370370535,0.13580246913580246,False,0.15784215784215785
N1,hhi,250,19,Municipal/Local,False,Municipality / municipal company,0.08587257617728532,0.05401662049861586,0.05817174515235457,True,0.000999000999000999
N1,hhi,251,7,Security/Interior,False,Central government / agency,0.14285714285714285,0.14518367346938615,0.1836734693877551,False,1.0
N1,hhi,256,5,Municipal/Local,False,Municipality / municipal company,0.2,0.20439999999999717,0.28,False,1.0
N1,hhi,258,13,Provincial admin,False,Other,0.08875739644970414,0.09422485207100677,0.14792899408284024,False,0.7082917082917083
N1,hhi,259,27,Justice,False,Central government / agency,0.06721536351165981,0.04118792866941019,0.04801097393689986,True,0.000999000999000999
N1,hhi,261,12,Agriculture/Environment,False,Other,0.09722222222222222,0.08456944444444417,0.09722222222222222,False,0.08591408591408592
N1,hhi,262,6,Health,False,University hospital / medical faculty,0.2222222222222222,0.17788888888888846,0.2222222222222222,False,0.18681318681318682
N1,hhi,263,26,Municipal/Local,False,Municipality / municipal company,0.2958579881656805,0.043174556213018404,0.05029585798816568,True,0.000999000999000999
N1,hhi,266,5,Municipal/Local,False,Municipality / municipal company,0.2,0.20095999999999722,0.2,False,1.0
N1,hhi,267,7,Security/Interior,False,Central government / agency,0.1836734693877551,0.1452653061224473,0.1836734693877551,False,0.057942057942057944
N1,hhi,269,8,Education,False,University (non-health unit),0.1875,0.12703125,0.15625,True,0.000999000999000999
N1,hhi,274,19,Infrastructure/Transport,False,Central government / agency,0.11357340720221606,0.0561883656509703,0.06371191135734072,True,0.000999000999000999
N1,hhi,275,22,Municipal/Local,False,Municipality / municipal company,0.07851239669421488,0.0474917355371907,0.05371900826446281,True,0.000999000999000999
N1,hhi,276,9,Agriculture/Environment,False,Central government / agency,0.30864197530864196,0.11604938271605088,0.13580246913580246,True,0.000999000999000999
N1,hhi,279,18,Municipal/Local,False,Municipality / municipal company,0.08641975308641975,0.05801851851851905,0.06172839506172839,True,0.001998001998001998
N1,hhi,280,10,Other public,False,Central government / agency,0.14,0.10449999999999902,0.12,True,0.014985014985014986
N1,hhi,282,5,Other public,False,Central government / agency,0.28,0.2095999999999974,0.28,False,0.11188811188811189
N1,hhi,284,12,Municipal/Local,False,Municipality / municipal company,0.08333333333333333,0.08570833333333304,0.09722222222222222,False,1.0
N1,hhi,285,13,Municipal/Local,False,Municipality / municipal company,0.14792899408284024,0.07983431952662866,0.08875739644970414,True,0.000999000999000999
N1,hhi,287,7,Health,False,MoH hospital / dental centre,0.42857142857142855,0.1992653061224467,0.30612244897959184,True,0.006993006993006993
N1,hhi,288,13,Health,False,MoH hospital / dental centre,0.727810650887574,0.13243786982248645,0.1834319526627219,True,0.000999000999000999
N1,hhi,290,28,Health,False,MoH provincial directorate / hospital union,0.20918367346938777,0.03998979591836693,0.04591836734693878,True,0.000999000999000999
N1,hhi,292,19,Infrastructure/Transport,False,Central government / agency,0.08587257617728532,0.05413296398892059,0.05817174515235457,True,0.000999000999000999
N1,hhi,293,24,Municipal/Local,False,Municipality / municipal company,0.08333333333333333,0.044951388888888597,0.052083333333333336,True,0.000999000999000999
N1,hhi,296,16,Municipal/Local,False,Municipality / municipal company,0.0703125,0.0650234375,0.0703125,False,0.26573426573426573
N1,hhi,297,6,Infrastructure/Transport,False,Other,0.5,0.1729999999999995,0.2222222222222222,True,0.000999000999000999
N1,hhi,298,25,Municipal/Local,False,Municipality / municipal company,0.0912,0.041407999999999334,0.0464,True,0.000999000999000999
N1,hhi,299,5,Other public,False,Other,0.28,0.20247999999999725,0.2,True,0.03196803196803197
N1,hhi,301,9,Other public,False,Central government / agency,0.13580246913580246,0.11298765432098946,0.13580246913580246,False,0.07592407592407592
N1,hhi,302,7,Municipal/Local,False,Municipality / municipal company,0.5510204081632653,0.1486122448979575,0.1836734693877551,True,0.000999000999000999
N1,hhi,303,7,Education,False,University (non-health unit),0.2653061224489796,0.14510204081632488,0.1836734693877551,True,0.000999000999000999
N1,hhi,304,93,Municipal/Local,False,Municipality / municipal company,0.08197479477396231,0.01326511735460745,0.01514625968320037,True,0.000999000999000999
N1,hhi,306,11,Other public,False,Other,0.19008264462809918,0.09274380165289405,0.10743801652892562,True,0.000999000999000999
N1,hhi,310,12,Municipal/Local,False,Municipality / municipal company,0.3194444444444444,0.12647222222222324,0.20833333333333334,True,0.001998001998001998
N1,hhi,311,11,Health,True,MoH provincial directorate / hospital union,0.2066115702479339,0.13332231404958703,0.19008264462809918,True,0.03696303696303696
N1,hhi,312,5,Infrastructure/Transport,False,Other,0.2,0.20303999999999717,0.2,False,1.0
N1,hhi,314,11,Education,False,University (non-health unit),0.09090909090909091,0.09550413223140634,0.10743801652892562,False,1.0
N1,hhi,319,6,Education,False,University (non-health unit),0.2222222222222222,0.1690555555555548,0.16666666666666666,True,0.03796203796203796
N1,hhi,320,13,Municipal/Local,False,Municipality / municipal company,0.1242603550295858,0.07823668639053417,0.08875739644970414,True,0.000999000999000999
N1,hhi,323,17,Other public,False,Central government / agency,0.2041522491349481,0.06674048442906652,0.07958477508650519,True,0.000999000999000999
N1,hhi,325,25,Education,False,University (non-health unit),0.056,0.04381759999999937,0.0496,True,0.016983016983016984
N1,hhi,326,5,Municipal/Local,False,Municipality / municipal company,0.2,0.20343999999999712,0.2,False,1.0
N1,hhi,327,5,Municipal/Local,False,Municipality / municipal company,0.28,0.20175999999999722,0.2,True,0.022977022977022976
N1,hhi,328,35,Municipal/Local,False,Municipality / municipal company,0.04163265306122449,0.031200000000000328,0.03510204081632653,True,0.005994005994005994
N1,hhi,331,10,Other public,False,Other,0.12,0.10227999999999872,0.12,False,0.10789210789210789
N1,hhi,332,13,Other public,False,Other,0.33727810650887574,0.0809349112426048,0.08875739644970414,True,0.000999000999000999
N1,hhi,338,8,Defence,False,University (non-health unit),0.1875,0.127875,0.15625,True,0.001998001998001998
N1,hhi,339,8,Other public,False,Other,0.1875,0.133125,0.15625,True,0.027972027972027972
N1,hhi,340,5,Municipal/Local,False,Municipality / municipal company,1.0,0.20815999999999726,0.28,True,0.000999000999000999
N1,hhi,344,6,Other public,False,Other,0.3333333333333333,0.1712222222222216,0.2222222222222222,True,0.002997002997002997
N1,hhi,346,33,Municipal/Local,False,Municipality / municipal company,0.3314967860422406,0.03417447199265376,0.04132231404958678,True,0.000999000999000999
N1,hhi,347,6,Municipal/Local,False,Municipality / municipal company,0.16666666666666666,0.1689999999999993,0.16666666666666666,False,1.0
N1,hhi,348,56,Agriculture/Environment,False,Central government / agency,0.03762755102040816,0.02307334183673466,0.029336734693877552,True,0.003996003996003996
N1,hhi,349,12,Education,False,University (non-health unit),0.08333333333333333,0.08481944444444409,0.09722222222222222,False,1.0
N1,hhi,350,7,Education,False,University (non-health unit),0.14285714285714285,0.14359183673469225,0.14285714285714285,False,1.0
N1,hhi,356,6,Municipal/Local,False,Municipality / municipal company,0.2222222222222222,0.20738888888888915,0.3333333333333333,False,0.45354645354645357
N1,hhi,360,6,Education,False,University (non-health unit),0.2222222222222222,0.16833333333333264,0.16666666666666666,True,0.030969030969030968
N1,hhi,361,5,Municipal/Local,False,Municipality / municipal company,0.2,0.20167999999999728,0.2,False,1.0
N1,hhi,362,5,Education,False,University (non-health unit),0.44,0.20679999999999718,0.28,True,0.002997002997002997
N1,hhi,364,8,Health,True,MoH provincial directorate / hospital union,0.4375,0.1298125,0.15625,True,0.000999000999000999
N1,hhi,365,7,Education,False,University (non-health unit),0.14285714285714285,0.14685714285714124,0.1836734693877551,False,1.0
N1,hhi,366,12,Infrastructure/Transport,False,Central government / agency,0.1111111111111111,0.08586111111111093,0.09722222222222222,True,0.01098901098901099
N1,hhi,368,10,Municipal/Local,False,Municipality / municipal company,0.18,0.10177999999999869,0.12,True,0.000999000999000999
N1,hhi,370,9,Health,True,MoH provincial directorate / hospital union,0.13580246913580246,0.1262962962962967,0.16049382716049382,False,0.4785214785214785
N1,hhi,371,9,Other public,False,Central government / agency,0.16049382716049382,0.11311111111111297,0.13580246913580246,True,0.002997002997002997
N1,hhi,372,6,Education,False,University (non-health unit),0.2222222222222222,0.1677222222222215,0.16666666666666666,True,0.01998001998001998
N1,hhi,374,6,Social/Finance,False,Central government / agency,0.16666666666666666,0.16766666666666594,0.16666666666666666,False,1.0
N1,hhi,375,8,Health,True,MoH provincial directorate / hospital union,0.3125,0.1719375,0.25,True,0.02197802197802198
N1,hhi,376,29,Health,False,Other health body (central/agency),0.041617122473246136,0.037386444708680355,0.041736028537455304,False,0.12787212787212787
N1,hhi,379,56,Municipal/Local,False,Municipality / municipal company,0.10140306122448979,0.02163201530612234,0.025510204081632654,True,0.000999000999000999
N1,hhi,380,16,Health,False,Other health body (central/agency),0.0703125,0.0803671875,0.109375,False,0.9040959040959041
N1,hhi,381,7,Municipal/Local,False,Municipality / municipal company,0.30612244897959184,0.14383673469387592,0.14285714285714285,True,0.000999000999000999
N1,hhi,382,43,Municipal/Local,False,Municipality / municipal company,0.03948080043266631,0.02492915089237402,0.027582477014602487,True,0.000999000999000999
N1,hhi,383,5,Municipal/Local,False,Municipality / municipal company,0.2,0.2099199999999973,0.28,False,1.0
N1,hhi,384,20,Other public,False,Central government / agency,0.07,0.0520899999999994,0.06,True,0.003996003996003996
N1,hhi,387,15,Municipal/Local,False,Municipality / municipal company,0.1111111111111111,0.06863111111111193,0.07555555555555556,True,0.000999000999000999
N1,hhi,388,5,Municipal/Local,False,Municipality / municipal company,0.2,0.2026399999999972,0.2,False,1.0
N1,hhi,394,12,Municipal/Local,False,Municipality / municipal company,0.125,0.08812499999999988,0.09722222222222222,True,0.02197802197802198
N1,hhi,395,11,Education,False,University (non-health unit),0.12396694214876033,0.09279338842975356,0.10743801652892562,True,0.006993006993006993
N1,hhi,398,59,Defence,False,Central government / agency,0.057167480609020396,0.02116058603849467,0.025567365699511634,True,0.000999000999000999
N1,hhi,400,5,Infrastructure/Transport,False,Central government / agency,0.28,0.20103999999999717,0.2,True,0.013986013986013986
N1,hhi,401,6,Infrastructure/Transport,False,Central government / agency,0.16666666666666666,0.172055555555555,0.2222222222222222,False,1.0
N1,hhi,405,5,Other public,False,Central government / agency,0.2,0.20127999999999718,0.2,False,1.0
N1,hhi,406,11,Education,False,University (non-health unit),0.17355371900826447,0.09492561983471219,0.10743801652892562,True,0.000999000999000999
N1,hhi,408,10,Other public,False,Central government / agency,0.4,0.10605999999999886,0.12,True,0.000999000999000999
N1,hhi,409,7,Provincial admin,False,Central government / agency,0.14285714285714285,0.14444897959183509,0.14285714285714285,False,1.0
N1,hhi,413,7,Education,False,University (non-health unit),0.1836734693877551,0.1452244897959168,0.1836734693877551,False,0.054945054945054944
N1,hhi,414,13,Municipal/Local,False,Municipality / municipal company,0.14792899408284024,0.07843786982248682,0.08875739644970414,True,0.000999000999000999
N1,hhi,418,22,Municipal/Local,False,Municipality / municipal company,0.10330578512396695,0.047185950413223716,0.05371900826446281,True,0.000999000999000999
N1,hhi,421,6,Municipal/Local,False,Municipality / municipal company,0.16666666666666666,0.17077777777777714,0.2222222222222222,False,1.0
N1,hhi,422,6,Provincial admin,False,Other,0.2222222222222222,0.16738888888888812,0.16666666666666666,True,0.013986013986013986
N1,hhi,424,7,Social/Finance,False,Central government / agency,0.14285714285714285,0.14575510204081477,0.1836734693877551,False,1.0
N1,hhi,425,5,Other public,False,Central government / agency,0.2,0.2019199999999972,0.2,False,1.0
N1,hhi,428,6,Municipal/Local,False,Municipality / municipal company,0.16666666666666666,0.16805555555555485,0.16666666666666666,False,1.0
N1,hhi,432,7,Other public,False,Other,0.5510204081632653,0.1468979591836718,0.1836734693877551,True,0.000999000999000999
N1,hhi,433,22,Education,False,University (non-health unit),0.14049586776859505,0.05010330578512437,0.05785123966942149,True,0.000999000999000999
N1,hhi,436,6,Health,True,MoH provincial directorate / hospital union,0.2777777777777778,0.2036666666666673,0.2777777777777778,False,0.0899100899100899
N1,hhi,441,16,Infrastructure/Transport,False,Central government / agency,0.0703125,0.06571875,0.07070312499999964,False,0.34065934065934067
N1,hhi,444,7,Health,False,University hospital / medical faculty,0.42857142857142855,0.15648979591836548,0.1836734693877551,True,0.000999000999000999
N1,hhi,446,12,Municipal/Local,False,Municipality / municipal company,0.1111111111111111,0.08679166666666649,0.09722222222222222,True,0.022977022977022976
N1,hhi,449,12,Other public,False,Central government / agency,0.09722222222222222,0.08518055555555525,0.09722222222222222,False,0.12287712287712288
N1,hhi,450,53,Municipal/Local,False,Municipality / municipal company,0.036667853328586686,0.020867212531149825,0.02385190459238163,True,0.000999000999000999
N1,hhi,451,10,Municipal/Local,False,Municipality / municipal company,0.3,0.10339999999999873,0.12,True,0.000999000999000999
N1,hhi,452,8,Municipal/Local,False,Municipality / municipal company,0.1875,0.127875,0.15625,True,0.005994005994005994
N1,hhi,455,14,Agriculture/Environment,False,Central government / agency,0.11224489795918367,0.07395918367346883,0.08163265306122448,True,0.001998001998001998
N1,hhi,457,6,Education,False,University (non-health unit),0.16666666666666666,0.1678333333333326,0.16666666666666666,False,1.0
N1,hhi,467,6,Municipal/Local,False,Municipality / municipal company,0.16666666666666666,0.1674999999999993,0.16666666666666666,False,1.0
N1,hhi,468,5,Municipal/Local,False,Municipality / municipal company,0.52,0.20423999999999717,0.2,True,0.000999000999000999
N1,hhi,470,36,Education,False,Central government / agency,0.08487654320987655,0.03225154320987637,0.038580246913580245,True,0.000999000999000999
N1,hhi,471,45,Agriculture/Environment,False,Central government / agency,0.12296296296296297,0.027967407407407403,0.03506172839506173,True,0.000999000999000999
N1,hhi,479,9,Education,False,University (non-health unit),0.25925925925925924,0.11496296296296453,0.13580246913580246,True,0.000999000999000999
N1,hhi,481,15,Municipal/Local,False,Municipality / municipal company,0.2088888888888889,0.07157333333333354,0.08488888888888849,True,0.000999000999000999
N1,hhi,482,8,Health,False,MoH hospital / dental centre,0.78125,0.1773125,0.25,True,0.000999000999000999
N1,hhi,484,30,Other public,False,Central government / agency,0.07333333333333333,0.045011111111110925,0.06455555555555545,True,0.015984015984015984
N1,hhi,485,8,Other public,False,Other,0.15625,0.128875,0.15625,False,0.11688311688311688
N1,hhi,486,18,Infrastructure/Transport,False,Central government / agency,0.08641975308641975,0.05901234567901277,0.06790123456790123,True,0.002997002997002997
N1,hhi,487,16,Municipal/Local,False,Municipality / municipal company,0.171875,0.0642421875,0.0703125,True,0.000999000999000999
N1,hhi,489,5,Infrastructure/Transport,False,Central government / agency,0.2,0.20167999999999714,0.2,False,1.0
N1,hhi,491,10,Other public,False,Central government / agency,0.14,0.1035199999999989,0.12,True,0.016983016983016984
N1,hhi,497,7,Municipal/Local,False,Municipality / municipal company,0.22448979591836735,0.14497959183673312,0.14285714285714285,True,0.002997002997002997
N1,hhi,498,6,Infrastructure/Transport,False,Central government / agency,0.3333333333333333,0.17038888888888828,0.2222222222222222,True,0.000999000999000999
N1,hhi,499,7,Education,False,University (non-health unit),0.1836734693877551,0.14689795918367185,0.1836734693877551,False,0.0959040959040959
N1,hhi,503,13,Infrastructure/Transport,False,Central government / agency,0.15976331360946747,0.08015384615384752,0.08875739644970414,True,0.000999000999000999
N1,hhi,508,5,Education,False,University (non-health unit),0.2,0.20143999999999718,0.2,False,1.0
N1,hhi,509,9,Health,True,MoH provincial directorate / hospital union,0.38271604938271603,0.13256790123456802,0.18518518518518517,True,0.000999000999000999
N1,hhi,520,6,Other public,False,Other,0.16666666666666666,0.16761111111111032,0.16666666666666666,False,1.0
N1,hhi,521,15,Municipal/Local,False,Municipality / municipal company,0.09333333333333334,0.06936000000000063,0.07555555555555556,True,0.011988011988011988
N1,hhi,522,15,Municipal/Local,False,Municipality / municipal company,0.07555555555555556,0.0686488888888897,0.07555555555555556,False,0.1968031968031968
N1,hhi,523,7,Education,False,University (non-health unit),0.22448979591836735,0.14644897959183514,0.1836734693877551,True,0.002997002997002997
N1,hhi,524,6,Education,False,University (non-health unit),0.5,0.1723333333333327,0.2222222222222222,True,0.000999000999000999
N1,hhi,527,5,Other public,False,Central government / agency,0.28,0.2020799999999972,0.2,True,0.026973026973026972
N1,hhi,540,10,Agriculture/Environment,False,Central government / agency,0.12,0.10119999999999874,0.12,False,0.056943056943056944
N1,hhi,544,7,Municipal/Local,False,Municipality / municipal company,0.14285714285714285,0.1446938775510188,0.14285714285714285,False,1.0
N1,hhi,545,5,Other public,False,Central government / agency,0.52,0.2004799999999972,0.2,True,0.000999000999000999
N1,hhi,548,5,Education,False,University (non-health unit),0.52,0.2031999999999971,0.2,True,0.000999000999000999
N1,hhi,549,5,Security/Interior,False,Central government / agency,0.28,0.20223999999999717,0.2,True,0.028971028971028972
N1,hhi,559,13,Municipal/Local,False,Municipality / municipal company,0.13609467455621302,0.07928994082840386,0.08875739644970414,True,0.000999000999000999
N1,hhi,571,6,Municipal/Local,False,Municipality / municipal company,0.2222222222222222,0.1716111111111105,0.2222222222222222,False,0.08191808191808192
N1,hhi,573,5,Municipal/Local,False,Municipality / municipal company,0.28,0.20455999999999716,0.28,False,0.057942057942057944
N1,hhi,574,14,Health,True,MoH provincial directorate / hospital union,0.09183673469387756,0.07385714285714227,0.08163265306122448,True,0.014985014985014986
N1,hhi,582,10,Agriculture/Environment,False,Central government / agency,0.14,0.10275999999999874,0.12,True,0.006993006993006993
N1,hhi,586,6,Provincial admin,False,Other,0.3333333333333333,0.17144444444444393,0.2222222222222222,True,0.001998001998001998
N1,hhi,588,20,Other public,False,Central government / agency,0.07,0.0518649999999994,0.06,True,0.001998001998001998
N1,hhi,590,9,Other public,False,Other,0.8024691358024691,0.1167407407407421,0.13580246913580246,True,0.000999000999000999
N1,hhi,592,6,Municipal/Local,False,Municipality / municipal company,0.16666666666666666,0.17072222222222158,0.2222222222222222,False,1.0
N1,hhi,593,8,Health,True,MoH provincial directorate / hospital union,0.3125,0.1331875,0.15625,True,0.000999000999000999
N1,hhi,595,9,Municipal/Local,False,Municipality / municipal company,0.13580246913580246,0.11587654320987809,0.13580246913580246,False,0.17682317682317683
N1,hhi,599,7,Municipal/Local,False,Municipality / municipal company,0.1836734693877551,0.14767346938775341,0.1836734693877551,False,0.11588411588411589
N1,hhi,605,12,Other public,False,Central government / agency,0.1111111111111111,0.08745833333333324,0.09722222222222222,True,0.025974025974025976
N1,hhi,608,13,Education,False,University (non-health unit),0.1242603550295858,0.08307692307692409,0.10059171597633136,True,0.007992007992007992
N1,hhi,611,15,Provincial admin,False,Other,0.13777777777777778,0.06941333333333402,0.07555555555555556,True,0.000999000999000999
N1,hhi,613,13,Municipal/Local,False,Municipality / municipal company,0.1242603550295858,0.07962130177514935,0.08875739644970414,True,0.000999000999000999
N1,hhi,615,7,Agriculture/Environment,False,Central government / agency,0.14285714285714285,0.1478367346938759,0.1836734693877551,False,1.0
N1,hhi,616,9,Other public,False,Central government / agency,0.25925925925925924,0.1149876543209893,0.13580246913580246,True,0.000999000999000999
N1,hhi,617,8,Education,False,University (non-health unit),0.15625,0.1271875,0.15625,False,0.06593406593406594
N1,hhi,618,13,Other public,False,Other,0.3254437869822485,0.07976331360946881,0.08875739644970414,True,0.000999000999000999
N1,hhi,620,6,Other public,False,Central government / agency,0.2222222222222222,0.17077777777777706,0.2222222222222222,False,0.07392607392607392
N1,hhi,625,20,Social/Finance,False,Other,0.07,0.054769999999999576,0.065,True,0.030969030969030968
N1,hhi,638,5,Other public,False,Other,0.2,0.20023999999999717,0.2,False,1.0
N1,hhi,640,5,Education,False,University (non-health unit),0.28,0.20127999999999716,0.2,True,0.016983016983016984
N1,hhi,641,12,Other public,False,Central government / agency,0.25,0.08680555555555546,0.09722222222222222,True,0.000999000999000999
N1,hhi,642,6,Other public,False,Other,0.16666666666666666,0.1697222222222216,0.2222222222222222,False,1.0
N1,hhi,646,21,Infrastructure/Transport,False,Central government / agency,0.12471655328798185,0.050852607709751405,0.061224489795918366,True,0.000999000999000999
N1,hhi,647,10,Education,False,University (non-health unit),0.16,0.10359999999999889,0.12,True,0.007992007992007992
N1,hhi,649,13,Municipal/Local,False,Municipality / municipal company,0.20710059171597633,0.08086390532544509,0.08875739644970414,True,0.000999000999000999
N1,hhi,655,10,Municipal/Local,False,Municipality / municipal company,0.12,0.10385999999999895,0.12,False,0.17082917082917082
N1,hhi,661,6,Education,False,University (non-health unit),0.3333333333333333,0.17655555555555513,0.2222222222222222,True,0.002997002997002997
N1,hhi,665,5,Other public,False,Central government / agency,0.2,0.20279999999999715,0.2,False,1.0
N1,hhi,675,5,Municipal/Local,False,Municipality / municipal company,0.2,0.2016799999999972,0.2,False,1.0
N1,hhi,679,7,Education,False,University (non-health unit),0.14285714285714285,0.14510204081632494,0.1836734693877551,False,1.0
N1,hhi,681,9,Education,False,University (non-health unit),0.25925925925925924,0.11538271604938427,0.13580246913580246,True,0.000999000999000999
N1,hhi,682,8,Education,False,University (non-health unit),0.25,0.13475,0.15625,True,0.002997002997002997
N1,hhi,688,11,Municipal/Local,False,Municipality / municipal company,0.12396694214876033,0.09204958677686105,0.10743801652892562,True,0.000999000999000999
N1,hhi,698,5,Infrastructure/Transport,False,Central government / agency,0.68,0.20151999999999728,0.2,True,0.000999000999000999
N1,hhi,702,19,Health,False,University hospital / medical faculty,0.5013850415512465,0.07349584487534624,0.09695290858725762,True,0.000999000999000999
N1,hhi,703,6,Health,True,MoH provincial directorate / hospital union,0.2222222222222222,0.20116666666666716,0.2777777777777778,False,0.4875124875124875
N1,hhi,705,12,Health,True,MoH provincial directorate / hospital union,0.2638888888888889,0.10697222222222325,0.1388888888888889,True,0.000999000999000999
N1,hhi,707,16,Other public,False,Central government / agency,0.1875,0.0658984375,0.078125,True,0.000999000999000999
N1,hhi,708,13,Education,False,University (non-health unit),0.10059171597633136,0.07982248520710203,0.08875739644970414,True,0.02097902097902098
N1,hhi,709,9,Provincial admin,False,Other,0.18518518518518517,0.11424691358024862,0.13580246913580246,True,0.002997002997002997
N1,hhi,710,5,Other public,False,Other,0.36,0.20287999999999723,0.2,True,0.000999000999000999
N1,hhi,711,7,Municipal/Local,False,Municipality / municipal company,0.1836734693877551,0.14555102040816167,0.1836734693877551,False,0.06293706293706294
N1,hhi,713,14,Defence,False,Central government / agency,0.1326530612244898,0.07626530612244849,0.09183673469387756,True,0.001998001998001998
N1,hhi,717,6,Education,False,University (non-health unit),0.2222222222222222,0.16811111111111038,0.16666666666666666,True,0.026973026973026972
N1,hhi,718,14,Other public,False,Central government / agency,0.10204081632653061,0.07440816326530554,0.08163265306122448,True,0.008991008991008992
N1,hhi,722,30,Infrastructure/Transport,False,Central government / agency,0.06666666666666667,0.036704444444444075,0.042222222222222223,True,0.000999000999000999
N1,hhi,726,15,Education,False,University (non-health unit),0.49333333333333335,0.07177777777777808,0.08444444444444445,True,0.000999000999000999
N1,hhi,729,11,Municipal/Local,False,Municipality / municipal company,0.09090909090909091,0.09515702479338986,0.10743801652892562,False,1.0
N1,hhi,731,5,Education,False,University (non-health unit),0.28,0.21311999999999698,0.28,False,0.14485514485514486
N1,hhi,737,19,Municipal/Local,False,Municipality / municipal company,0.19113573407202217,0.056005540166205695,0.06371191135734072,True,0.000999000999000999
N1,hhi,740,5,Municipal/Local,False,Municipality / municipal company,0.2,0.2031999999999972,0.2,False,1.0
N1,hhi,744,8,Other public,False,Central government / agency,0.21875,0.12896875,0.15625,True,0.005994005994005994
N1,hhi,756,5,Municipal/Local,False,Municipality / municipal company,0.2,0.20103999999999714,0.2,False,1.0
N1,hhi,759,13,Infrastructure/Transport,False,Central government / agency,0.20710059171597633,0.08242603550295978,0.10059171597633136,True,0.000999000999000999
N1,hhi,763,12,Other public,False,Central government / agency,0.125,0.08786111111111096,0.09722222222222222,True,0.015984015984015984
N1,hhi,765,9,Other public,False,Central government / agency,0.1111111111111111,0.11365432098765607,0.13580246913580246,False,1.0
N1,hhi,766,17,Education,False,University (non-health unit),0.10034602076124567,0.06352249134948196,0.07958477508650519,True,0.003996003996003996
N1,hhi,768,21,Social/Finance,False,Central government / agency,0.10657596371882086,0.05723356009070352,0.07029478458049887,True,0.000999000999000999
N1,hhi,770,5,Education,False,University (non-health unit),0.2,0.20191999999999724,0.2,False,1.0
N1,hhi,772,12,Municipal/Local,False,Municipality / municipal company,0.1111111111111111,0.08556944444444417,0.09722222222222222,True,0.00999000999000999
N1,hhi,777,6,Municipal/Local,False,Municipality / municipal company,0.2222222222222222,0.16783333333333264,0.16666666666666666,True,0.02097902097902098
N1,hhi,782,5,Other public,False,Central government / agency,0.2,0.20055999999999718,0.2,False,1.0
N1,hhi,783,16,Other public,False,Central government / agency,0.328125,0.0652734375,0.0703125,True,0.000999000999000999
N1,hhi,784,5,Other public,False,Central government / agency,0.28,0.20351999999999715,0.2,True,0.04395604395604396
N1,hhi,786,7,Security/Interior,False,Central government / agency,0.14285714285714285,0.1451428571428555,0.1836734693877551,False,1.0
N1,hhi,788,7,Municipal/Local,False,Municipality / municipal company,0.1836734693877551,0.14730612244897798,0.1836734693877551,False,0.1068931068931069
N1,hhi,791,9,Education,False,University (non-health unit),0.13580246913580246,0.11365432098765614,0.13580246913580246,False,0.1018981018981019
N1,hhi,794,8,Municipal/Local,False,Municipality / municipal company,0.15625,0.12728125,0.15625,False,0.07292707292707293
N1,hhi,795,15,Health,True,MoH provincial directorate / hospital union,0.1288888888888889,0.0865599999999996,0.12,True,0.026973026973026972
N1,hhi,798,12,Education,False,University (non-health unit),0.08333333333333333,0.0861944444444442,0.09722222222222222,False,1.0
N1,hhi,805,11,Health,True,MoH provincial directorate / hospital union,0.17355371900826447,0.10499173553719134,0.14049586776859505,True,0.005994005994005994
N1,hhi,807,26,Infrastructure/Transport,False,Central government / agency,0.10059171597633136,0.04032544378698309,0.04437869822485207,True,0.000999000999000999
N1,hhi,811,7,Agriculture/Environment,False,Central government / agency,0.14285714285714285,0.14444897959183509,0.14285714285714285,False,1.0
N1,hhi,817,9,Infrastructure/Transport,False,Central government / agency,0.16049382716049382,0.11360493827160677,0.13580246913580246,True,0.004995004995004995
N1,hhi,818,8,Health,False,MoH provincial directorate / hospital union,0.21875,0.13390625,0.15625,True,0.008991008991008992
N1,hhi,824,13,Other public,False,Central government / agency,0.10059171597633136,0.08100591715976459,0.08875739644970414,True,0.03396603396603397
N1,hhi,829,10,Infrastructure/Transport,False,Other,0.82,0.10579999999999876,0.12,True,0.000999000999000999
N1,hhi,832,6,Municipal/Local,False,Municipality / municipal company,0.2222222222222222,0.16972222222222147,0.2222222222222222,False,0.052947052947052944
N1,hhi,837,5,Health,False,MoH provincial directorate / hospital union,0.28,0.2048799999999973,0.28,False,0.061938061938061936
N1,hhi,842,19,Agriculture/Environment,False,Central government / agency,0.13573407202216067,0.056642659279779,0.06925207756232687,True,0.000999000999000999
N1,hhi,844,26,Social/Finance,False,Other,0.08284023668639054,0.04382248520710114,0.05325443786982249,True,0.000999000999000999
N1,hhi,845,5,Infrastructure/Transport,False,Central government / agency,0.2,0.20575999999999717,0.28,False,1.0
N1,hhi,847,11,Health,False,University hospital / medical faculty,0.5702479338842975,0.09646280991735674,0.10743801652892562,True,0.000999000999000999
N1,hhi,848,10,Health,False,MoH provincial directorate / hospital union,0.4,0.10919999999999905,0.14,True,0.000999000999000999
N1,hhi,852,16,Infrastructure/Transport,False,Central government / agency,0.1171875,0.0678046875,0.0859375,True,0.004995004995004995
N1,hhi,854,5,Education,False,University (non-health unit),0.2,0.20119999999999716,0.2,False,1.0
N1,hhi,857,12,Infrastructure/Transport,False,Central government / agency,0.09722222222222222,0.08648611111111101,0.09722222222222222,False,0.21078921078921078
N1,hhi,861,6,Education,False,University (non-health unit),0.2222222222222222,0.17022222222222153,0.2222222222222222,False,0.061938061938061936
N1,hhi,866,5,Health,False,MoH provincial directorate / hospital union,0.68,0.20119999999999724,0.2,True,0.000999000999000999
N1,hhi,868,5,Education,False,University (non-health unit),0.2,0.20391999999999735,0.2,False,1.0
N1,hhi,869,7,Other public,False,Central government / agency,0.30612244897959184,0.14636734693877396,0.1836734693877551,True,0.000999000999000999
N1,hhi,876,5,Health,False,MoH provincial directorate / hospital union,0.68,0.2290399999999976,0.28,True,0.001998001998001998
N1,hhi,879,7,Education,False,University (non-health unit),0.42857142857142855,0.14734693877550853,0.1836734693877551,True,0.000999000999000999
N1,hhi,887,12,Other public,False,Central government / agency,0.1388888888888889,0.08623611111111079,0.09722222222222222,True,0.001998001998001998
N1,hhi,888,7,Education,False,University (non-health unit),0.3877551020408163,0.14685714285714122,0.1836734693877551,True,0.000999000999000999
N1,hhi,889,7,Education,False,University (non-health unit),0.30612244897959184,0.14787755102040645,0.1836734693877551,True,0.000999000999000999
N1,hhi,890,12,Other public,False,Central government / agency,0.18055555555555555,0.08608333333333311,0.09722222222222222,True,0.000999000999000999
N1,hhi,897,11,Other public,False,Central government / agency,0.12396694214876033,0.09378512396694363,0.10743801652892562,True,0.01098901098901099
N1,hhi,899,6,Other public,False,Central government / agency,0.16666666666666666,0.1678888888888882,0.16666666666666666,False,1.0
N1,hhi,902,5,Defence,False,Central government / agency,0.28,0.20847999999999725,0.28,False,0.1028971028971029
N1,hhi,905,5,Defence,False,Central government / agency,0.68,0.20503999999999717,0.28,True,0.000999000999000999
N1,hhi,911,5,Municipal/Local,False,Municipality / municipal company,0.2,0.2007999999999972,0.2,False,1.0
N1,hhi,912,5,Municipal/Local,False,Municipality / municipal company,0.2,0.20255999999999716,0.2,False,1.0
N1,hhi,916,7,Health,False,MoH provincial directorate / hospital union,0.5102040816326531,0.18032653061224282,0.2653061224489796,True,0.000999000999000999
N1,hhi,922,7,Health,True,MoH provincial directorate / hospital union,0.30612244897959184,0.17281632653061033,0.2653061224489796,True,0.015984015984015984
N1,hhi,927,5,Health,False,MoH provincial directorate / hospital union,0.68,0.2336799999999976,0.28,True,0.001998001998001998
N1,hhi,928,5,Municipal/Local,False,Municipality / municipal company,0.2,0.20279999999999726,0.2,False,1.0
N1,hhi,930,8,Social/Finance,False,Central government / agency,0.1875,0.12903125,0.15625,True,0.012987012987012988
N1,hhi,934,30,Health,True,MoH provincial directorate / hospital union,0.09111111111111111,0.05013777777777798,0.06444444444444444,True,0.001998001998001998
N1,hhi,935,5,Health,False,MoH provincial directorate / hospital union,0.68,0.22295999999999758,0.28,True,0.000999000999000999
N1,hhi,936,8,Infrastructure/Transport,False,Central government / agency,0.1875,0.1345625,0.15625,True,0.03796203796203796
N1,hhi,937,5,Health,False,MoH provincial directorate / hospital union,0.52,0.20327999999999724,0.2,True,0.000999000999000999
N1,hhi,940,9,Health,False,MoH provincial directorate / hospital union,0.25925925925925924,0.12471604938271667,0.16049382716049382,True,0.002997002997002997
N1,hhi,942,12,Security/Interior,False,Central government / agency,0.1111111111111111,0.08731944444444423,0.09722222222222222,True,0.029970029970029972
N1,hhi,943,5,Municipal/Local,False,Municipality / municipal company,0.28,0.20327999999999732,0.2,True,0.04195804195804196
N1,hhi,945,13,Health,True,MoH provincial directorate / hospital union,0.13609467455621302,0.10142011834319632,0.13609467455621302,False,0.07492507492507493
N1,hhi,947,7,Education,False,University (non-health unit),0.14285714285714285,0.1458775510204065,0.1836734693877551,False,1.0
N1,hhi,954,11,Agriculture/Environment,False,Central government / agency,0.19008264462809918,0.09401652892562122,0.10743801652892562,True,0.000999000999000999
N1,hhi,957,12,Agriculture/Environment,False,Central government / agency,0.20833333333333334,0.08668055555555539,0.09722222222222222,True,0.000999000999000999
N1,hhi,958,6,Health,False,University hospital / medical faculty,0.2222222222222222,0.17199999999999938,0.2222222222222222,False,0.0939060939060939
N1,hhi,965,14,Agriculture/Environment,False,Central government / agency,0.11224489795918367,0.07503061224489743,0.08163265306122448,True,0.002997002997002997
N1,hhi,970,11,Health,False,MoH provincial directorate / hospital union,0.14049586776859505,0.09285950413223291,0.10743801652892562,True,0.001998001998001998
N1,hhi,972,13,Health,False,MoH provincial directorate / hospital union,0.15976331360946747,0.09250887573964585,0.1242603550295858,True,0.005994005994005994
N1,hhi,983,23,Other public,False,Central government / agency,0.1947069943289225,0.04714177693761785,0.054820415879017016,True,0.000999000999000999
N1,hhi,986,5,Education,False,University (non-health unit),0.68,0.20615999999999723,0.28,True,0.000999000999000999
N1,hhi,989,5,Municipal/Local,False,Municipality / municipal company,0.28,0.2038399999999972,0.2,True,0.04695304695304695
N1,hhi,993,9,Other public,False,Central government / agency,0.13580246913580246,0.12012345679012458,0.13580246913580246,False,0.2917082917082917
N1,hhi,995,6,Health,False,MoH hospital / dental centre,0.5,0.18588888888888838,0.2222222222222222,True,0.001998001998001998
N1,hhi,1007,6,Municipal/Local,False,Municipality / municipal company,0.2777777777777778,0.17261111111111058,0.2222222222222222,True,0.004995004995004995
N1,hhi,1009,5,Health,True,MoH provincial directorate / hospital union,0.28,0.20591999999999738,0.28,False,0.07192807192807193
N1,hhi,1015,9,Other public,False,Central government / agency,0.20987654320987653,0.11313580246913761,0.13580246913580246,True,0.000999000999000999
N1,hhi,1018,6,Municipal/Local,False,Municipality / municipal company,0.2222222222222222,0.16933333333333264,0.16666666666666666,True,0.04895104895104895
N1,hhi,1021,6,Health,True,MoH provincial directorate / hospital union,0.7222222222222222,0.2008333333333337,0.2777777777777778,True,0.000999000999000999
N1,hhi,1025,11,Municipal/Local,False,Municipality / municipal company,0.8347107438016529,0.10077685950413348,0.14049586776859505,True,0.000999000999000999
N1,hhi,1028,6,Education,False,University (non-health unit),0.2222222222222222,0.16899999999999932,0.16666666666666666,True,0.04295704295704296
N1,hhi,1040,12,Other public,False,Other,0.2361111111111111,0.08790277777777773,0.09722222222222222,True,0.000999000999000999
N1,hhi,1043,10,Other public,False,Central government / agency,0.14,0.1055199999999989,0.12,True,0.028971028971028972
N1,hhi,1053,10,Health,True,MoH provincial directorate / hospital union,0.22,0.1255200000000002,0.18,True,0.00999000999000999
N1,hhi,1058,11,Education,False,University (non-health unit),0.3884297520661157,0.09553719008264612,0.10743801652892562,True,0.000999000999000999
N1,hhi,1071,6,Health,True,MoH provincial directorate / hospital union,0.2777777777777778,0.17755555555555513,0.2222222222222222,True,0.012987012987012988
N1,hhi,1072,5,Agriculture/Environment,False,Central government / agency,0.2,0.20143999999999732,0.2,False,1.0
N1,hhi,1081,13,Municipal/Local,False,Municipality / municipal company,0.4319526627218935,0.07951479289940969,0.08875739644970414,True,0.000999000999000999
N1,hhi,1085,5,Health,True,MoH provincial directorate / hospital union,0.36,0.22911999999999788,0.28,True,0.03596403596403597
N1,hhi,1086,7,Health,False,MoH hospital / dental centre,1.0,0.17004081632652857,0.2653061224489796,True,0.000999000999000999
N1,hhi,1087,5,Health,False,MoH provincial directorate / hospital union,0.28,0.21255999999999745,0.28,False,0.14885114885114886
N1,hhi,1091,5,Infrastructure/Transport,False,Central government / agency,0.28,0.2023999999999972,0.2,True,0.030969030969030968
N1,hhi,1110,6,Defence,False,Central government / agency,0.3888888888888889,0.16977777777777708,0.2222222222222222,True,0.000999000999000999
N1,hhi,1115,11,Health,True,MoH provincial directorate / hospital union,0.12396694214876033,0.09487603305785267,0.10743801652892562,True,0.012987012987012988
N1,hhi,1122,6,Health,True,MoH provincial directorate / hospital union,0.16666666666666666,0.1673333333333326,0.16666666666666666,False,1.0
N1,hhi,1124,5,Health,True,MoH provincial directorate / hospital union,0.28,0.2029599999999972,0.2,True,0.03796203796203796
N1,hhi,1129,5,Infrastructure/Transport,False,Central government / agency,0.28,0.20431999999999723,0.28,False,0.054945054945054944
N1,hhi,1150,14,Municipal/Local,False,Municipality / municipal company,0.09183673469387756,0.07532653061224433,0.09183673469387756,False,0.053946053946053944
N1,hhi,1157,5,Health,True,MoH provincial directorate / hospital union,0.28,0.21687999999999735,0.28,False,0.1878121878121878
N1,hhi,1159,6,Other public,False,Other,0.2222222222222222,0.17411111111111066,0.2222222222222222,False,0.12887112887112886
N1,hhi,1166,10,Health,True,MoH provincial directorate / hospital union,0.32,0.12824000000000013,0.18,True,0.000999000999000999
N1,hhi,1179,5,Education,False,University (non-health unit),0.28,0.2019999999999973,0.2,True,0.025974025974025976
N1,hhi,1201,8,Provincial admin,False,Other,0.34375,0.130625,0.15625,True,0.000999000999000999
N1,hhi,1208,6,Provincial admin,False,Other,0.16666666666666666,0.17194444444444384,0.2222222222222222,False,1.0
N1,hhi,1215,7,Health,False,MoH hospital / dental centre,0.42857142857142855,0.1547346938775492,0.1836734693877551,True,0.000999000999000999
N1,hhi,1230,14,Social/Finance,False,Central government / agency,0.12244897959183673,0.07762244897959134,0.09183673469387756,True,0.002997002997002997
N1,hhi,1231,5,Education,False,University (non-health unit),0.2,0.20175999999999716,0.2,False,1.0
N1,hhi,1236,14,Other public,False,Other,0.11224489795918367,0.07494897959183612,0.08163265306122448,True,0.001998001998001998
N1,hhi,1240,5,Health,False,MoH provincial directorate / hospital union,0.28,0.22047999999999726,0.28,False,0.22777222777222778
N1,hhi,1242,7,Security/Interior,False,Central government / agency,0.14285714285714285,0.14881632653061044,0.1836734693877551,False,1.0
N1,hhi,1275,6,Municipal/Local,False,Municipality / municipal company,0.16666666666666666,0.16722222222222147,0.16666666666666666,False,1.0
N1,hhi,1278,5,Other public,False,Central government / agency,0.28,0.20383999999999716,0.2,True,0.04695304695304695
N1,hhi,1324,8,Health,False,MoH hospital / dental centre,0.59375,0.1645,0.21875,True,0.000999000999000999
N1,hhi,1356,5,Municipal/Local,False,Municipality / municipal company,0.28,0.20583999999999722,0.28,False,0.07392607392607392
N1,hhi,1368,5,Education,False,University (non-health unit),0.2,0.20295999999999717,0.2,False,1.0
N1,hhi,1374,7,Other public,False,Central government / agency,0.2653061224489796,0.1471020408163248,0.1836734693877551,True,0.004995004995004995
N1,hhi,1405,5,Other public,False,Other,0.28,0.20343999999999718,0.2,True,0.04395604395604396
N1,hhi,1414,5,Municipal/Local,False,Municipality / municipal company,0.2,0.20399999999999724,0.2,False,1.0
N1,hhi,1429,5,Agriculture/Environment,False,Central government / agency,0.28,0.20191999999999724,0.2,True,0.024975024975024976
N1,hhi,1433,11,Municipal/Local,False,Municipality / municipal company,0.15702479338842976,0.09642975206611713,0.10743801652892562,True,0.002997002997002997
N1,hhi,1435,5,Security/Interior,False,Central government / agency,0.2,0.20207999999999715,0.2,False,1.0
N1,hhi,1455,7,Infrastructure/Transport,False,Central government / agency,0.5510204081632653,0.14640816326530443,0.1836734693877551,True,0.000999000999000999
N1,hhi,1472,6,Health,False,MoH hospital / dental centre,0.7222222222222222,0.22172222222222268,0.3333333333333333,True,0.000999000999000999
N1,hhi,1484,10,Health,False,MoH hospital / dental centre,0.82,0.15435999999999986,0.22,True,0.000999000999000999
N1,hhi,1499,20,Health,False,MoH hospital / dental centre,0.205,0.08222999999999984,0.115,True,0.000999000999000999
N1,hhi,1503,6,Health,True,MoH provincial directorate / hospital union,0.5,0.1802777777777776,0.2222222222222222,True,0.000999000999000999
N1,hhi,1526,8,Health,False,MoH hospital / dental centre,1.0,0.134125,0.15625,True,0.000999000999000999
N1,hhi,1529,6,Health,True,Other health body (central/agency),1.0,0.1767222222222216,0.2222222222222222,True,0.000999000999000999
N1,hhi,1545,13,Health,True,MoH provincial directorate / hospital union,0.4437869822485207,0.10119526627219042,0.13609467455621302,True,0.000999000999000999
N1,hhi,1555,7,Health,True,MoH provincial directorate / hospital union,0.2653061224489796,0.1482857142857126,0.1836734693877551,True,0.004995004995004995
N1,hhi,1578,17,Health,True,MoH provincial directorate / hospital union,0.2664359861591695,0.07849826989619368,0.10726643598615918,True,0.000999000999000999
N1,hhi,1618,6,Health,False,MoH provincial directorate / hospital union,0.2777777777777778,0.19927777777777797,0.3333333333333333,False,0.0939060939060939
N1,hhi,1680,5,Health,True,MoH provincial directorate / hospital union,1.0,0.23999999999999758,0.36,True,0.000999000999000999
N1,hhi,1683,7,Health,False,MoH hospital / dental centre,0.5918367346938775,0.1727346938775489,0.2653061224489796,True,0.000999000999000999
N1,hhi,1687,11,Health,False,MoH provincial directorate / hospital union,0.35537190082644626,0.11317355371900917,0.15702479338842976,True,0.000999000999000999
N1,hhi,1700,8,Health,False,MoH hospital / dental centre,0.28125,0.18,0.25,True,0.03196803196803197
N1,hhi,1702,5,Health,False,MoH hospital / dental centre,1.0,0.2523199999999985,0.36,True,0.000999000999000999
N1,hhi,1704,5,Health,False,MoH hospital / dental centre,0.68,0.2312799999999976,0.28,True,0.000999000999000999
N1,hhi,1705,8,Health,False,MoH provincial directorate / hospital union,1.0,0.18159375,0.25,True,0.000999000999000999
N1,hhi,1707,14,Health,False,MoH hospital / dental centre,0.8673469387755102,0.13170408163265268,0.1836734693877551,True,0.000999000999000999
N1,hhi,1710,6,Health,False,MoH provincial directorate / hospital union,0.5555555555555556,0.188111111111111,0.2222222222222222,True,0.000999000999000999
N1,hhi,1713,6,Health,False,MoH hospital / dental centre,1.0,0.218722222222223,0.3333333333333333,True,0.000999000999000999
N1,hhi,1722,5,Health,False,MoH hospital / dental centre,1.0,0.2547999999999986,0.44,True,0.000999000999000999
N1,hhi,1723,7,Health,False,University hospital / medical faculty,1.0,0.19281632653061015,0.2653061224489796,True,0.000999000999000999
N1,hhi,1724,7,Health,False,MoH hospital / dental centre,1.0,0.19922448979591628,0.30612244897959184,True,0.000999000999000999
N1,hhi,1734,6,Health,True,MoH provincial directorate / hospital union,0.2222222222222222,0.19788888888888895,0.2777777777777778,False,0.4205794205794206
N1,hhi,1736,6,Health,False,MoH hospital / dental centre,0.2222222222222222,0.1709444444444439,0.2222222222222222,False,0.07692307692307693
N1,hhi,1756,5,Education,False,University (non-health unit),0.2,0.20055999999999718,0.2,False,1.0
N1,hhi,1764,6,Health,True,MoH provincial directorate / hospital union,0.5,0.2159444444444452,0.3333333333333333,True,0.005994005994005994
N1,hhi,1767,5,Health,True,MoH provincial directorate / hospital union,0.52,0.2547999999999985,0.44,True,0.007992007992007992
N1,hhi,1768,14,Health,False,MoH hospital / dental centre,0.7448979591836735,0.13161224489795922,0.1836734693877551,True,0.000999000999000999
N1,hhi,1772,14,Health,False,MoH hospital / dental centre,0.42857142857142855,0.13422448979591836,0.19387755102040816,True,0.000999000999000999
N1,hhi,1775,7,Health,False,University hospital / medical faculty,0.3877551020408163,0.18273469387754881,0.2653061224489796,True,0.00999000999000999
N1,hhi,1779,5,Health,False,MoH hospital / dental centre,0.36,0.24415999999999802,0.36,False,0.07292707292707293
N1,hhi,1793,6,Health,False,University hospital / medical faculty,0.7222222222222222,0.2152222222222226,0.3333333333333333,True,0.000999000999000999
N1,hhi,1801,6,Health,False,MoH hospital / dental centre,1.0,0.21816666666666704,0.3333333333333333,True,0.000999000999000999
N1,hhi,1803,10,Health,False,MoH hospital / dental centre,1.0,0.15525999999999987,0.22,True,0.000999000999000999
N1,hhi,1804,14,Health,False,MoH hospital / dental centre,1.0,0.13278571428571417,0.19387755102040816,True,0.000999000999000999
N1,hhi,1806,9,Health,False,MoH hospital / dental centre,0.654320987654321,0.15414814814814795,0.20987654320987653,True,0.000999000999000999
N1,hhi,1813,13,Health,False,MoH hospital / dental centre,0.8579881656804734,0.13476923076923183,0.1834319526627219,True,0.000999000999000999
N1,hhi,1814,5,Health,False,MoH hospital / dental centre,1.0,0.25471999999999845,0.36,True,0.000999000999000999
N1,hhi,1817,6,Health,False,MoH hospital / dental centre,1.0,0.2214444444444449,0.3333333333333333,True,0.000999000999000999
N1,hhi,1820,5,Health,True,MoH provincial directorate / hospital union,0.36,0.22967999999999764,0.28,True,0.03196803196803197
N1,hhi,1821,10,Health,False,MoH hospital / dental centre,1.0,0.15957999999999986,0.24,True,0.000999000999000999
N1,hhi,1822,12,Health,True,MoH provincial directorate / hospital union,0.3888888888888889,0.11681944444444525,0.16666666666666666,True,0.000999000999000999
N1,hhi,1824,5,Provincial admin,False,Central government / agency,0.28,0.20951999999999726,0.28,False,0.1088911088911089
N1,hhi,1826,8,Health,False,MoH hospital / dental centre,1.0,0.18003125,0.25,True,0.000999000999000999
N1,hhi,1828,6,Health,False,MoH hospital / dental centre,0.5555555555555556,0.225111111111112,0.3333333333333333,True,0.000999000999000999
N1,hhi,1833,14,Health,True,MoH provincial directorate / hospital union,0.336734693877551,0.09635714285714252,0.1326530612244898,True,0.000999000999000999
N1,hhi,1835,5,Health,False,MoH hospital / dental centre,0.68,0.2388799999999976,0.36,True,0.001998001998001998
N1,hhi,1836,6,Health,False,MoH hospital / dental centre,1.0,0.22738888888888956,0.3333333333333333,True,0.000999000999000999
N1,hhi,1845,5,Provincial admin,False,Central government / agency,0.44,0.2044799999999972,0.28,True,0.000999000999000999
N1,hhi,1849,5,Health,False,MoH hospital / dental centre,0.52,0.24815999999999838,0.36,True,0.003996003996003996
N1,hhi,1854,5,Health,False,MoH hospital / dental centre,0.28,0.21055999999999728,0.28,False,0.12887112887112886
N1,hhi,1856,10,Health,False,MoH hospital / dental centre,1.0,0.1584199999999999,0.22,True,0.000999000999000999
N1,hhi,1860,8,Health,False,MoH hospital / dental centre,0.53125,0.18996875,0.28125,True,0.000999000999000999
N1,hhi,1863,5,Health,False,MoH provincial directorate / hospital union,0.36,0.23079999999999784,0.28,True,0.03396603396603397
N1,hhi,1865,11,Health,False,MoH hospital / dental centre,1.0,0.15555371900826465,0.2231404958677686,True,0.000999000999000999
N1,hhi,1866,5,Health,False,MoH hospital / dental centre,1.0,0.2520799999999984,0.36,True,0.000999000999000999
N1,hhi,1870,9,Health,False,MoH hospital / dental centre,1.0,0.17261728395061793,0.25925925925925924,True,0.000999000999000999
N1,hhi,1871,12,Health,False,MoH hospital / dental centre,1.0,0.14541666666666633,0.20833333333333334,True,0.000999000999000999
N1,hhi,1875,5,Health,True,MoH provincial directorate / hospital union,0.36,0.24071999999999805,0.36,False,0.059940059940059943
N1,hhi,1880,11,Health,False,MoH hospital / dental centre,0.8347107438016529,0.14895867768595009,0.2066115702479339,True,0.000999000999000999
N1,hhi,1886,5,Health,False,MoH hospital / dental centre,1.0,0.26607999999999826,0.44,True,0.000999000999000999
N1,hhi,1889,9,Health,True,MoH provincial directorate / hospital union,0.18518518518518517,0.1170123456790137,0.13580246913580246,True,0.003996003996003996
N1,hhi,1890,9,Health,False,MoH hospital / dental centre,0.8024691358024691,0.16353086419753066,0.2345679012345679,True,0.000999000999000999
N1,hhi,1896,7,Health,True,MoH provincial directorate / hospital union,0.3877551020408163,0.18416326530612023,0.2653061224489796,True,0.003996003996003996
N1,hhi,1900,9,Health,True,MoH provincial directorate / hospital union,0.2839506172839506,0.13012345679012358,0.18518518518518517,True,0.000999000999000999
N1,hhi,1902,22,Provincial admin,False,Central government / agency,0.21074380165289255,0.05407024793388443,0.06611570247933884,True,0.000999000999000999
N1,hhi,1903,10,Health,False,MoH hospital / dental centre,1.0,0.16677999999999965,0.24,True,0.000999000999000999
N1,hhi,1907,6,Health,True,MoH provincial directorate / hospital union,0.2222222222222222,0.1876111111111112,0.2222222222222222,False,0.32867132867132864
N1,hhi,1912,6,Health,False,MoH provincial directorate / hospital union,0.7222222222222222,0.21127777777777823,0.3333333333333333,True,0.000999000999000999
N1,hhi,1919,5,Health,False,MoH hospital / dental centre,1.0,0.2571199999999986,0.44,True,0.000999000999000999
N1,hhi,1922,5,Other public,False,Central government / agency,0.36,0.20359999999999723,0.2,True,0.001998001998001998
N1,hhi,1924,5,Health,False,MoH hospital / dental centre,0.28,0.20599999999999719,0.28,False,0.07492507492507493
N1,hhi,1933,5,Health,True,MoH provincial directorate / hospital union,0.28,0.21775999999999746,0.28,False,0.2097902097902098
N1,hhi,1942,5,Health,False,MoH hospital / dental centre,0.44,0.21711999999999745,0.28,True,0.006993006993006993
N1,hhi,1943,15,Provincial admin,False,Central government / agency,0.26222222222222225,0.07304888888888887,0.09333333333333334,True,0.000999000999000999
N1,hhi,1948,5,Provincial admin,False,Central government / agency,0.2,0.20503999999999728,0.28,False,1.0
N1,hhi,1950,10,Health,False,MoH hospital / dental centre,0.34,0.12429999999999974,0.18,True,0.000999000999000999
N1,hhi,1955,8,Health,True,MoH provincial directorate / hospital union,0.28125,0.18475,0.25,True,0.04495504495504495
N1,hhi,1964,5,Provincial admin,False,Other,0.28,0.20671999999999716,0.28,False,0.08291708291708291
N1,hhi,1971,15,Health,False,MoH provincial directorate / hospital union,0.7688888888888888,0.11257777777777829,0.15555555555555556,True,0.000999000999000999
N1,hhi,1973,6,Health,False,University hospital / medical faculty,1.0,0.22566666666666726,0.3333333333333333,True,0.000999000999000999
N1,hhi,1983,9,Health,False,University hospital / medical faculty,0.2839506172839506,0.14076543209876535,0.20987654320987653,True,0.003996003996003996
N1,hhi,1985,6,Other public,False,Other,0.2222222222222222,0.17394444444444382,0.2222222222222222,False,0.12287712287712288
N1,hhi,1994,7,Health,False,Other health body (central/agency),0.7551020408163265,0.18595918367346748,0.2653061224489796,True,0.000999000999000999
N1,hhi,1999,14,Health,False,MoH hospital / dental centre,1.0,0.13063265306122457,0.1836734693877551,True,0.000999000999000999
N1,hhi,2004,6,Health,True,MoH provincial directorate / hospital union,0.5,0.19911111111111138,0.2777777777777778,True,0.002997002997002997
N1,hhi,2033,5,Security/Interior,False,Central government / agency,0.52,0.21551999999999719,0.28,True,0.000999000999000999
N1,hhi,2041,5,Health,False,MoH provincial directorate / hospital union,1.0,0.2356799999999979,0.28,True,0.000999000999000999
N1,hhi,2048,6,Health,False,MoH provincial directorate / hospital union,0.5555555555555556,0.1883888888888889,0.2222222222222222,True,0.000999000999000999
N1,hhi,2050,7,Health,False,MoH provincial directorate / hospital union,0.2653061224489796,0.17551020408163068,0.2653061224489796,False,0.06293706293706294
N1,hhi,2051,6,Health,False,MoH provincial directorate / hospital union,0.3333333333333333,0.19844444444444453,0.2777777777777778,True,0.04595404595404595
N1,hhi,2058,5,Health,True,MoH provincial directorate / hospital union,0.28,0.21927999999999737,0.28,False,0.2097902097902098
N1,hhi,2066,5,Health,False,MoH provincial directorate / hospital union,0.52,0.20559999999999723,0.28,True,0.000999000999000999
N1,hhi,2070,5,Health,False,MoH provincial directorate / hospital union,0.28,0.21567999999999704,0.28,False,0.16983016983016982
N1,hhi,2084,7,Health,True,MoH provincial directorate / hospital union,0.5102040816326531,0.15167346938775333,0.1836734693877551,True,0.000999000999000999
N1,hhi,2149,7,Health,False,MoH provincial directorate / hospital union,0.2653061224489796,0.1643673469387737,0.22448979591836735,True,0.03996003996003996
N1,hhi,2161,5,Health,False,University hospital / medical faculty,0.28,0.2217599999999976,0.28,False,0.23776223776223776
N1,hhi,2197,17,Social/Finance,False,Central government / agency,0.21107266435986158,0.06879584775086572,0.08650519031141868,True,0.000999000999000999
N1,hhi,2214,5,Health,False,MoH hospital / dental centre,0.44,0.21895999999999735,0.28,True,0.00999000999000999
N1,hhi,2272,6,Health,False,University hospital / medical faculty,0.5,0.21061111111111155,0.3333333333333333,True,0.003996003996003996
N1,hhi,2361,6,Health,False,MoH provincial directorate / hospital union,0.3333333333333333,0.19194444444444436,0.2777777777777778,True,0.028971028971028972
N1,hhi,2381,6,Agriculture/Environment,False,Central government / agency,0.3888888888888889,0.17727777777777734,0.2222222222222222,True,0.000999000999000999
N1,hhi,2389,12,Health,False,MoH hospital / dental centre,0.625,0.14722222222222167,0.20833333333333334,True,0.000999000999000999
N1,hhi,2405,5,Health,False,MoH provincial directorate / hospital union,1.0,0.23127999999999777,0.28,True,0.000999000999000999
N1,hhi,2437,6,Social/Finance,False,Central government / agency,0.2777777777777778,0.16899999999999935,0.16666666666666666,True,0.000999000999000999
N1,hhi,2473,6,Health,False,MoH hospital / dental centre,1.0,0.22050000000000058,0.3333333333333333,True,0.000999000999000999
N1,hhi,2485,5,Health,True,MoH provincial directorate / hospital union,0.52,0.25615999999999844,0.44,True,0.006993006993006993
N1,hhi,2695,7,Health,False,MoH hospital / dental centre,0.22448979591836735,0.14546938775510043,0.1836734693877551,True,0.002997002997002997
N2,top,1,8,Health,False,Other health body (central/agency),0.25,0.251625,0.25,False,1.0
N2,top,6,20,Municipal/Local,False,Municipality / municipal company,0.2,0.09684999999999903,0.15,True,0.01098901098901099
N2,top,8,23,Municipal/Local,False,Municipality / municipal company,0.30434782608695654,0.08256521739130379,0.13043478260869565,True,0.000999000999000999
N2,top,11,19,Municipal/Local,False,Municipality / municipal company,0.15789473684210525,0.07852631578947503,0.10526315789473684,True,0.03796203796203796
N2,top,15,7,Other public,True,Central government / agency,0.14285714285714285,0.1428571428571412,0.14285714285714285,False,1.0
N2,top,22,8,Other public,True,Other,0.5,0.18175,0.25,True,0.002997002997002997
N2,top,24,15,Municipal/Local,False,Municipality / municipal company,0.26666666666666666,0.15133333333333415,0.2,True,0.007992007992007992
N2,top,25,5,Municipal/Local,False,Municipality / municipal company,0.2,0.209599999999997,0.2,False,1.0
N2,top,28,25,Municipal/Local,False,Municipality / municipal company,0.16,0.09787999999999943,0.16,False,0.06693306693306693
N2,top,31,12,Municipal/Local,False,Municipality / municipal company,0.16666666666666666,0.09874999999999937,0.16666666666666666,False,0.1798201798201798
N2,top,35,35,Municipal/Local,False,Municipality / municipal company,0.14285714285714285,0.06071428571428596,0.08571428571428572,True,0.002997002997002997
N2,top,36,14,Municipal/Local,False,Municipality / municipal company,0.21428571428571427,0.09814285714285616,0.14285714285714285,True,0.01098901098901099
N2,top,38,12,Municipal/Local,False,Municipality / municipal company,0.16666666666666666,0.11241666666666598,0.16666666666666666,False,0.33166833166833165
N2,top,39,5,Municipal/Local,False,Municipality / municipal company,0.2,0.20199999999999713,0.2,False,1.0
N2,top,40,17,Infrastructure/Transport,False,Central government / agency,0.17647058823529413,0.11505882352941399,0.17647058823529413,False,0.13086913086913088
N2,top,41,5,Infrastructure/Transport,False,Central government / agency,0.6,0.27019999999999744,0.4,True,0.03896103896103896
N2,top,42,5,Municipal/Local,False,Municipality / municipal company,0.4,0.21339999999999698,0.4,False,0.06693306693306693
N2,top,43,8,Other public,False,Other,0.375,0.142125,0.25,True,0.003996003996003996
N2,top,44,10,Infrastructure/Transport,False,Central government / agency,0.3,0.1382999999999987,0.2,True,0.03696303696303696
N2,top,46,47,Other public,False,Central government / agency,0.1702127659574468,0.08187234042553106,0.10638297872340426,True,0.001998001998001998
N2,top,53,10,Health,False,MoH provincial directorate / hospital union,0.1,0.13409999999999872,0.2,False,1.0
N2,top,54,5,Education,False,University (non-health unit),0.4,0.22099999999999717,0.4,False,0.10589410589410589
N2,top,60,14,Other public,False,Central government / agency,0.21428571428571427,0.09264285714285629,0.14285714285714285,True,0.01898101898101898
N2,top,62,56,Infrastructure/Transport,False,Central government / agency,0.125,0.06764285714285723,0.10714285714285714,True,0.01098901098901099
N2,top,63,5,Municipal/Local,False,Municipality / municipal company,0.4,0.28699999999999715,0.4,False,0.3886113886113886
N2,top,70,7,Other public,False,Central government / agency,0.2857142857142857,0.1727142857142841,0.2857142857142857,False,0.20279720279720279
N2,top,71,11,Other public,False,Central government / agency,0.18181818181818182,0.10536363636363807,0.18181818181818182,False,0.15984015984015984
N2,top,73,5,Defence,False,Other,0.2,0.19999999999999718,0.2,False,1.0
N2,top,75,11,Municipal/Local,False,Municipality / municipal company,0.18181818181818182,0.15545454545454768,0.2727272727272727,False,0.6243756243756243
N2,top,76,19,Education,False,University (non-health unit),0.21052631578947367,0.0935263157894752,0.15789473684210525,True,0.003996003996003996
N2,top,78,12,Municipal/Local,False,Municipality / municipal company,0.9166666666666666,0.2453333333333329,0.4166666666666667,True,0.000999000999000999
N2,top,79,6,Education,False,Central government / agency,0.3333333333333333,0.3333333333333318,0.3333333333333333,False,1.0
N2,top,81,23,Municipal/Local,False,Municipality / municipal company,0.391304347826087,0.06760869565217362,0.08695652173913043,True,0.000999000999000999
N2,top,83,5,Provincial admin,False,Central government / agency,0.6,0.23599999999999732,0.4,True,0.006993006993006993
N2,top,89,13,Health,False,Other health body (central/agency),0.3076923076923077,0.11730769230769461,0.23076923076923078,True,0.005994005994005994
N2,top,90,15,Municipal/Local,False,Municipality / municipal company,0.06666666666666667,0.09613333333333399,0.13333333333333333,False,1.0
N2,top,92,13,Municipal/Local,False,Municipality / municipal company,0.23076923076923078,0.11138461538461757,0.15384615384615385,True,0.03896103896103896
N2,top,94,6,Other public,False,Central government / agency,0.3333333333333333,0.1739999999999991,0.16666666666666666,True,0.04295704295704296
N2,top,99,22,Other public,False,Other,0.22727272727272727,0.10309090909091048,0.18181818181818182,True,0.01098901098901099
N2,top,100,10,Agriculture/Environment,False,Central government / agency,0.2,0.1375999999999987,0.2,False,0.3646353646353646
N2,top,104,6,Municipal/Local,False,Municipality / municipal company,0.3333333333333333,0.185333333333332,0.3333333333333333,False,0.11188811188811189
N2,top,113,8,Other public,False,Other,0.25,0.1485,0.25,False,0.1838161838161838
N2,top,114,7,Municipal/Local,False,Municipality / municipal company,0.2857142857142857,0.15499999999999847,0.2857142857142857,False,0.08591408591408592
N2,top,115,7,Other public,False,Central government / agency,0.14285714285714285,0.15457142857142694,0.2857142857142857,False,1.0
N2,top,116,13,Agriculture/Environment,False,Central government / agency,0.3076923076923077,0.1440000000000026,0.23076923076923078,True,0.002997002997002997
N2,top,119,7,Education,False,University (non-health unit),0.14285714285714285,0.16785714285714112,0.2857142857142857,False,1.0
N2,top,123,13,Other public,False,Central government / agency,0.8461538461538461,0.12638461538461762,0.23076923076923078,True,0.000999000999000999
N2,top,131,23,Other public,False,Central government / agency,0.17391304347826086,0.14839130434782719,0.17391304347826086,False,0.3646353646353646
N2,top,133,8,Municipal/Local,False,Municipality / municipal company,1.0,0.20525,0.375,True,0.000999000999000999
N2,top,135,5,Municipal/Local,False,Municipality / municipal company,0.2,0.2633999999999975,0.4,False,1.0
N2,top,136,5,Other public,False,Other,0.6,0.2131999999999972,0.4,True,0.000999000999000999
N2,top,138,39,Education,False,University (non-health unit),0.3333333333333333,0.10041025641025712,0.15384615384615385,True,0.000999000999000999
N2,top,139,58,Defence,False,Central government / agency,0.1206896551724138,0.10060344827586165,0.1206896551724138,False,0.2077922077922078
N2,top,140,7,Education,False,University (non-health unit),0.42857142857142855,0.24757142857142578,0.42857142857142855,False,0.08791208791208792
N2,top,141,8,Education,False,University (non-health unit),0.125,0.14425,0.25,False,1.0
N2,top,144,18,Education,False,University (non-health unit),0.16666666666666666,0.10677777777777962,0.16666666666666666,False,0.14385614385614387
N2,top,146,10,Infrastructure/Transport,False,Central government / agency,0.2,0.13379999999999848,0.2,False,0.3026973026973027
N2,top,148,5,Other public,False,Central government / agency,0.8,0.21679999999999713,0.4,True,0.000999000999000999
N2,top,151,16,Education,False,University (non-health unit),0.1875,0.1461875,0.25,False,0.3356643356643357
N2,top,157,8,Social/Finance,False,Other,0.375,0.155875,0.25,True,0.011988011988011988
N2,top,158,13,Municipal/Local,False,Municipality / municipal company,0.07692307692307693,0.10984615384615598,0.23076923076923078,False,1.0
N2,top,159,7,Municipal/Local,False,Municipality / municipal company,0.14285714285714285,0.17242857142856982,0.2857142857142857,False,1.0
N2,top,160,24,Municipal/Local,False,Municipality / municipal company,0.25,0.07691666666666673,0.125,True,0.000999000999000999
N2,top,163,6,Health,False,University hospital / medical faculty,0.3333333333333333,0.20433333333333187,0.3333333333333333,False,0.22677322677322678
N2,top,172,89,Municipal/Local,False,Municipality / municipal company,0.0898876404494382,0.037314606741573206,0.0449438202247191,True,0.000999000999000999
N2,top,173,5,Other public,False,Other,0.4,0.22299999999999703,0.4,False,0.11588411588411589
N2,top,174,5,Education,False,University (non-health unit),0.6,0.25719999999999693,0.4,True,0.03196803196803197
N2,top,175,6,Municipal/Local,False,Municipality / municipal company,0.16666666666666666,0.18316666666666573,0.3333333333333333,False,1.0
N2,top,176,29,Municipal/Local,False,Municipality / municipal company,0.2413793103448276,0.06986206896551801,0.10344827586206896,True,0.000999000999000999
N2,top,178,11,Social/Finance,False,Central government / agency,0.18181818181818182,0.18245454545454856,0.18181818181818182,False,1.0
N2,top,179,11,Education,False,University (non-health unit),0.18181818181818182,0.1335454545454564,0.18181818181818182,False,0.4205794205794206
N2,top,180,8,Other public,False,Other,0.25,0.13675,0.25,False,0.09490509490509491
N2,top,187,26,Other public,False,Central government / agency,0.19230769230769232,0.0699615384615397,0.11538461538461539,True,0.000999000999000999
N2,top,188,14,Municipal/Local,False,Municipality / municipal company,0.14285714285714285,0.12028571428571302,0.21428571428571427,False,0.5464535464535465
N2,top,189,6,Health,False,Other health body (central/agency),0.3333333333333333,0.22349999999999948,0.3333333333333333,False,0.34165834165834164
N2,top,190,6,Infrastructure/Transport,False,Other,0.3333333333333333,0.17116666666666572,0.16666666666666666,True,0.027972027972027972
N2,top,191,28,Municipal/Local,False,Municipality / municipal company,0.14285714285714285,0.08164285714285659,0.10714285714285714,True,0.04795204795204795
N2,top,192,9,Other public,False,Central government / agency,0.7777777777777778,0.1438888888888914,0.2222222222222222,True,0.000999000999000999
N2,top,193,11,Other public,True,Other,0.45454545454545453,0.3395454545454567,0.45454545454545453,False,0.12387612387612387
N2,top,194,22,Social/Finance,False,Central government / agency,0.18181818181818182,0.1543181818181824,0.18181818181818182,False,0.3956043956043956
N2,top,195,25,Health,False,Other health body (central/agency),0.36,0.11683999999999999,0.16,True,0.000999000999000999
N2,top,196,5,Municipal/Local,False,Municipality / municipal company,0.2,0.20519999999999708,0.2,False,1.0
N2,top,197,17,Municipal/Local,False,Municipality / municipal company,0.11764705882352941,0.0926470588235312,0.11764705882352941,False,0.5444555444555444
N2,top,198,40,Municipal/Local,False,Municipality / municipal company,0.325,0.08239999999999996,0.12624999999999886,True,0.000999000999000999
N2,top,199,44,Infrastructure/Transport,False,Central government / agency,0.13636363636363635,0.08400000000000024,0.13636363636363635,False,0.06393606393606394
N2,top,200,8,Infrastructure/Transport,False,Other,0.375,0.17025,0.25,True,0.027972027972027972
N2,top,201,6,Infrastructure/Transport,False,Central government / agency,0.5,0.19366666666666563,0.3333333333333333,True,0.004995004995004995
N2,top,203,56,Municipal/Local,False,Municipality / municipal company,0.125,0.04266071428571399,0.05357142857142857,True,0.000999000999000999
N2,top,204,29,Municipal/Local,False,Municipality / municipal company,0.13793103448275862,0.0656206896551733,0.10344827586206896,True,0.001998001998001998
N2,top,205,12,Other public,False,Central government / agency,0.3333333333333333,0.11241666666666617,0.16666666666666666,True,0.000999000999000999
N2,top,206,13,Municipal/Local,False,Municipality / municipal company,0.46153846153846156,0.12846153846154093,0.23076923076923078,True,0.000999000999000999
N2,top,208,12,Municipal/Local,False,Municipality / municipal company,0.4166666666666667,0.1128333333333327,0.16666666666666666,True,0.000999000999000999
N2,top,209,14,Health,False,MoH hospital / dental centre,1.0,0.21835714285714275,0.2857142857142857,True,0.000999000999000999
N2,top,210,51,Municipal/Local,False,Municipality / municipal company,0.058823529411764705,0.05060784313725529,0.0784313725490196,False,0.4835164835164835
N2,top,211,68,Security/Interior,False,Central government / agency,0.08823529411764706,0.07944117647058828,0.08823529411764706,False,0.4025974025974026
N2,top,216,45,Social/Finance,False,Central government / agency,0.2222222222222222,0.1612444444444452,0.2,True,0.04395604395604396
N2,top,217,36,Infrastructure/Transport,False,Central government / agency,0.05555555555555555,0.06669444444444544,0.08333333333333333,False,1.0
N2,top,219,10,Other public,False,Central government / agency,0.3,0.18089999999999792,0.3,False,0.10589410589410589
N2,top,220,7,Other public,False,Other,0.2857142857142857,0.14999999999999836,0.1499999999999935,True,0.05094905094905095
N2,top,221,5,Municipal/Local,False,Municipality / municipal company,0.2,0.20219999999999716,0.2,False,1.0
N2,top,222,6,Municipal/Local,False,Municipality / municipal company,0.5,0.186999999999999,0.3333333333333333,True,0.003996003996003996
N2,top,224,8,Infrastructure/Transport,False,Central government / agency,0.125,0.125,0.125,False,1.0
N2,top,226,8,Other public,False,Central government / agency,0.25,0.125875,0.125,True,0.007992007992007992
N2,top,228,5,Municipal/Local,False,Municipality / municipal company,1.0,0.2305999999999972,0.4,True,0.000999000999000999
N2,top,231,14,Education,False,University (non-health unit),0.14285714285714285,0.10399999999999897,0.14285714285714285,False,0.4385614385614386
N2,top,232,18,Municipal/Local,False,Municipality / municipal company,0.16666666666666666,0.0989444444444461,0.16666666666666666,False,0.12687312687312688
N2,top,236,10,Education,False,University (non-health unit),0.1,0.10719999999999862,0.2,False,1.0
N2,top,237,10,Agriculture/Environment,False,Central government / agency,0.1,0.09999999999999859,0.1,False,1.0
N2,top,239,5,Municipal/Local,False,Municipality / municipal company,0.2,0.20879999999999704,0.2,False,1.0
N2,top,240,9,Education,False,University (non-health unit),0.7777777777777778,0.3231111111111135,0.4444444444444444,True,0.000999000999000999
N2,top,243,20,Other public,False,Other,0.15,0.09114999999999905,0.15,False,0.0999000999000999
N2,top,245,10,Health,True,MoH provincial directorate / hospital union,0.2,0.14349999999999863,0.2,False,0.42957042957042957
N2,top,246,42,Social/Finance,False,Central government / agency,0.21428571428571427,0.0890952380952387,0.14285714285714285,True,0.000999000999000999
N2,top,248,7,Education,False,University (non-health unit),0.2857142857142857,0.2287142857142835,0.2857142857142857,False,0.6013986013986014
N2,top,249,9,Municipal/Local,False,Municipality / municipal company,0.2222222222222222,0.1688888888888916,0.3333333333333333,False,0.4385614385614386
N2,top,250,19,Municipal/Local,False,Municipality / municipal company,0.15789473684210525,0.06715789473684325,0.10526315789473684,True,0.006993006993006993
N2,top,251,7,Security/Interior,False,Central government / agency,0.14285714285714285,0.20857142857142646,0.42857142857142855,False,1.0
N2,top,256,5,Municipal/Local,False,Municipality / municipal company,0.2,0.22299999999999714,0.4,False,1.0
N2,top,258,13,Provincial admin,False,Other,0.15384615384615385,0.13638461538461824,0.15384615384615385,False,0.7732267732267732
N2,top,259,27,Justice,False,Central government / agency,0.1111111111111111,0.11111111111111326,0.1111111111111111,False,1.0
N2,top,261,12,Agriculture/Environment,False,Other,0.16666666666666666,0.12966666666666676,0.16666666666666666,False,0.5564435564435565
N2,top,262,6,Health,False,University hospital / medical faculty,0.3333333333333333,0.21233333333333207,0.3333333333333333,False,0.26173826173826176
N2,top,263,26,Municipal/Local,False,Municipality / municipal company,0.46153846153846156,0.11446153846153927,0.19230769230769232,True,0.000999000999000999
N2,top,266,5,Municipal/Local,False,Municipality / municipal company,0.2,0.2039999999999972,0.2,False,1.0
N2,top,267,7,Security/Interior,False,Central government / agency,0.2857142857142857,0.214999999999998,0.2857142857142857,False,0.5054945054945055
N2,top,269,8,Education,False,University (non-health unit),0.25,0.154125,0.25,False,0.22977022977022976
N2,top,274,19,Infrastructure/Transport,False,Central government / agency,0.2631578947368421,0.14284210526315996,0.21052631578947367,True,0.015984015984015984
N2,top,275,22,Municipal/Local,False,Municipality / municipal company,0.18181818181818182,0.0822272727272738,0.13636363636363635,True,0.011988011988011988
N2,top,276,9,Agriculture/Environment,False,Central government / agency,0.4444444444444444,0.15522222222222493,0.2222222222222222,True,0.000999000999000999
N2,top,279,18,Municipal/Local,False,Municipality / municipal company,0.16666666666666666,0.09650000000000168,0.16666666666666666,False,0.0959040959040959
N2,top,280,10,Other public,False,Central government / agency,0.2,0.14159999999999853,0.2,False,0.3936063936063936
N2,top,282,5,Other public,False,Central government / agency,0.4,0.23179999999999762,0.4,False,0.15784215784215785
N2,top,284,12,Municipal/Local,False,Municipality / municipal company,0.08333333333333333,0.10158333333333253,0.16666666666666666,False,1.0
N2,top,285,13,Municipal/Local,False,Municipality / municipal company,0.23076923076923078,0.10930769230769453,0.15384615384615385,True,0.03396603396603397
N2,top,287,7,Health,False,MoH hospital / dental centre,0.5714285714285714,0.27642857142856875,0.42857142857142855,True,0.004995004995004995
N2,top,288,13,Health,False,MoH hospital / dental centre,0.8461538461538461,0.21930769230769342,0.3076923076923077,True,0.000999000999000999
N2,top,290,28,Health,False,MoH provincial directorate / hospital union,0.35714285714285715,0.1394285714285713,0.21428571428571427,True,0.000999000999000999
N2,top,292,19,Infrastructure/Transport,False,Central government / agency,0.15789473684210525,0.08052631578947503,0.10526315789473684,True,0.022977022977022976
N2,top,293,24,Municipal/Local,False,Municipality / municipal company,0.16666666666666666,0.08274999999999977,0.125,True,0.01998001998001998
N2,top,296,16,Municipal/Local,False,Municipality / municipal company,0.125,0.097625,0.1875,False,0.5034965034965035
N2,top,297,6,Infrastructure/Transport,False,Other,0.6666666666666666,0.23583333333333178,0.5,True,0.004995004995004995
N2,top,298,25,Municipal/Local,False,Municipality / municipal company,0.16,0.06875999999999914,0.12,True,0.006993006993006993
N2,top,299,5,Other public,False,Other,0.4,0.20619999999999702,0.2,True,0.03196803196803197
N2,top,301,9,Other public,False,Central government / agency,0.2222222222222222,0.12577777777778013,0.2222222222222222,False,0.12987012987012986
N2,top,302,7,Municipal/Local,False,Municipality / municipal company,0.7142857142857143,0.18571428571428383,0.2857142857142857,True,0.000999000999000999
N2,top,303,7,Education,False,University (non-health unit),0.42857142857142855,0.1728571428571413,0.2857142857142857,True,0.011988011988011988
N2,top,304,93,Municipal/Local,False,Municipality / municipal company,0.16129032258064516,0.04201075268817232,0.06451612903225806,True,0.000999000999000999
N2,top,306,11,Other public,False,Other,0.2727272727272727,0.12281818181818376,0.18181818181818182,True,0.005994005994005994
N2,top,310,12,Municipal/Local,False,Municipality / municipal company,0.4166666666666667,0.2959999999999998,0.5,False,0.21678321678321677
N2,top,311,11,Health,True,MoH provincial directorate / hospital union,0.36363636363636365,0.21036363636363903,0.2727272727272727,True,0.04395604395604396
N2,top,312,5,Infrastructure/Transport,False,Other,0.2,0.20639999999999714,0.2,False,1.0
N2,top,314,11,Education,False,University (non-health unit),0.09090909090909091,0.15254545454545676,0.2727272727272727,False,1.0
N2,top,319,6,Education,False,University (non-health unit),0.3333333333333333,0.1844999999999989,0.3333333333333333,False,0.10789210789210789
N2,top,320,13,Municipal/Local,False,Municipality / municipal company,0.23076923076923078,0.08884615384615578,0.15384615384615385,True,0.001998001998001998
N2,top,323,17,Other public,False,Central government / agency,0.29411764705882354,0.14364705882353146,0.23529411764705882,True,0.02097902097902098
N2,top,325,25,Education,False,University (non-health unit),0.12,0.09831999999999941,0.16,False,0.41858141858141856
N2,top,326,5,Municipal/Local,False,Municipality / municipal company,0.2,0.21879999999999714,0.4,False,1.0
N2,top,327,5,Municipal/Local,False,Municipality / municipal company,0.4,0.21439999999999718,0.4,False,0.07292707292707293
N2,top,328,35,Municipal/Local,False,Municipality / municipal company,0.08571428571428572,0.06440000000000037,0.08571428571428572,False,0.26873126873126874
N2,top,331,10,Other public,False,Other,0.2,0.10309999999999853,0.1,True,0.03196803196803197
N2,top,332,13,Other public,False,Other,0.5384615384615384,0.1126923076923099,0.15384615384615385,True,0.000999000999000999
N2,top,338,8,Defence,False,University (non-health unit),0.25,0.18,0.25,False,0.42957042957042957
N2,top,339,8,Other public,False,Other,0.25,0.147,0.25,False,0.16583416583416583
N2,top,340,5,Municipal/Local,False,Municipality / municipal company,1.0,0.24219999999999756,0.4,True,0.000999000999000999
N2,top,344,6,Other public,False,Other,0.5,0.20466666666666547,0.3333333333333333,True,0.005994005994005994
N2,top,346,33,Municipal/Local,False,Municipality / municipal company,0.5454545454545454,0.12363636363636556,0.18181818181818182,True,0.000999000999000999
N2,top,347,6,Municipal/Local,False,Municipality / municipal company,0.16666666666666666,0.17199999999999913,0.16666666666666666,False,1.0
N2,top,348,56,Agriculture/Environment,False,Central government / agency,0.08928571428571429,0.05969642857142872,0.07142857142857142,True,0.026973026973026972
N2,top,349,12,Education,False,University (non-health unit),0.08333333333333333,0.0857499999999996,0.08333333333333333,False,1.0
N2,top,350,7,Education,False,University (non-health unit),0.14285714285714285,0.14871428571428402,0.14285714285714285,False,1.0
N2,top,356,6,Municipal/Local,False,Municipality / municipal company,0.3333333333333333,0.3304999999999999,0.5,False,0.6783216783216783
N2,top,360,6,Education,False,University (non-health unit),0.3333333333333333,0.20199999999999854,0.3333333333333333,False,0.1968031968031968
N2,top,361,5,Municipal/Local,False,Municipality / municipal company,0.2,0.20319999999999722,0.2,False,1.0
N2,top,362,5,Education,False,University (non-health unit),0.6,0.247799999999997,0.4,True,0.024975024975024976
N2,top,364,8,Health,True,MoH provincial directorate / hospital union,0.625,0.16225,0.25,True,0.000999000999000999
N2,top,365,7,Education,False,University (non-health unit),0.14285714285714285,0.1682857142857127,0.2857142857142857,False,1.0
N2,top,366,12,Infrastructure/Transport,False,Central government / agency,0.16666666666666666,0.09441666666666604,0.16666666666666666,False,0.13386613386613386
N2,top,368,10,Municipal/Local,False,Municipality / municipal company,0.3,0.11979999999999866,0.2,True,0.005994005994005994
N2,top,370,9,Health,True,MoH provincial directorate / hospital union,0.2222222222222222,0.18466666666666998,0.3333333333333333,False,0.5964035964035964
N2,top,371,9,Other public,False,Central government / agency,0.2222222222222222,0.12744444444444677,0.2222222222222222,False,0.14685314685314685
N2,top,372,6,Education,False,University (non-health unit),0.3333333333333333,0.18699999999999886,0.3333333333333333,False,0.12187812187812187
N2,top,374,6,Social/Finance,False,Central government / agency,0.16666666666666666,0.1666666666666659,0.16666666666666666,False,1.0
N2,top,375,8,Health,True,MoH provincial directorate / hospital union,0.5,0.254375,0.375,True,0.025974025974025976
N2,top,376,29,Health,False,Other health body (central/agency),0.06896551724137931,0.10168965517241392,0.1724137931034483,False,0.987012987012987
N2,top,379,56,Municipal/Local,False,Municipality / municipal company,0.23214285714285715,0.064875,0.10714285714285714,True,0.000999000999000999
N2,top,380,16,Health,False,Other health body (central/agency),0.125,0.1524375,0.25,False,0.972027972027972
N2,top,381,7,Municipal/Local,False,Municipality / municipal company,0.42857142857142855,0.15185714285714122,0.2857142857142857,True,0.000999000999000999
N2,top,382,43,Municipal/Local,False,Municipality / municipal company,0.06976744186046512,0.04918604651162684,0.06976744186046512,False,0.1888111888111888
N2,top,383,5,Municipal/Local,False,Municipality / municipal company,0.2,0.2313999999999969,0.4,False,1.0
N2,top,384,20,Other public,False,Central government / agency,0.1,0.09304999999999886,0.15,False,0.8011988011988012
N2,top,387,15,Municipal/Local,False,Municipality / municipal company,0.2,0.08566666666666725,0.13333333333333333,True,0.007992007992007992
N2,top,388,5,Municipal/Local,False,Municipality / municipal company,0.2,0.222399999999997,0.4,False,1.0
N2,top,394,12,Municipal/Local,False,Municipality / municipal company,0.25,0.1259999999999999,0.17083333333332953,True,0.05094905094905095
N2,top,395,11,Education,False,University (non-health unit),0.18181818181818182,0.1300000000000019,0.18181818181818182,False,0.3906093906093906
N2,top,398,59,Defence,False,Central government / agency,0.15254237288135594,0.14791525423728885,0.1864406779661017,False,0.5484515484515484
N2,top,400,5,Infrastructure/Transport,False,Central government / agency,0.4,0.21179999999999707,0.4,False,0.059940059940059943
N2,top,401,6,Infrastructure/Transport,False,Central government / agency,0.16666666666666666,0.2116666666666652,0.3333333333333333,False,1.0
N2,top,405,5,Other public,False,Central government / agency,0.2,0.2097999999999972,0.2,False,1.0
N2,top,406,11,Education,False,University (non-health unit),0.2727272727272727,0.15436363636363856,0.2727272727272727,False,0.08591408591408592
N2,top,408,10,Other public,False,Central government / agency,0.6,0.1619999999999984,0.3,True,0.000999000999000999
N2,top,409,7,Provincial admin,False,Central government / agency,0.14285714285714285,0.16585714285714118,0.2857142857142857,False,1.0
N2,top,413,7,Education,False,University (non-health unit),0.2857142857142857,0.16514285714285548,0.2857142857142857,False,0.15184815184815184
N2,top,414,13,Municipal/Local,False,Municipality / municipal company,0.23076923076923078,0.09538461538461736,0.15384615384615385,True,0.007992007992007992
N2,top,418,22,Municipal/Local,False,Municipality / municipal company,0.22727272727272727,0.06990909090909196,0.09090909090909091,True,0.000999000999000999
N2,top,421,6,Municipal/Local,False,Municipality / municipal company,0.16666666666666666,0.18116666666666542,0.3333333333333333,False,1.0
N2,top,422,6,Provincial admin,False,Other,0.3333333333333333,0.2178333333333325,0.3333333333333333,False,0.3076923076923077
N2,top,424,7,Social/Finance,False,Central government / agency,0.14285714285714285,0.16571428571428415,0.2857142857142857,False,1.0
N2,top,425,5,Other public,False,Central government / agency,0.2,0.21679999999999705,0.4,False,1.0
N2,top,428,6,Municipal/Local,False,Municipality / municipal company,0.16666666666666666,0.17016666666666552,0.16666666666666666,False,1.0
N2,top,432,7,Other public,False,Other,0.7142857142857143,0.3155714285714271,0.5714285714285714,True,0.007992007992007992
N2,top,433,22,Education,False,University (non-health unit),0.18181818181818182,0.1147272727272742,0.18181818181818182,False,0.0959040959040959
N2,top,436,6,Health,True,MoH provincial directorate / hospital union,0.3333333333333333,0.2633333333333332,0.5,False,0.5284715284715285
N2,top,441,16,Infrastructure/Transport,False,Central government / agency,0.125,0.103875,0.125,False,0.6623376623376623
N2,top,444,7,Health,False,University hospital / medical faculty,0.5714285714285714,0.24599999999999722,0.42857142857142855,True,0.01898101898101898
N2,top,446,12,Municipal/Local,False,Municipality / municipal company,0.16666666666666666,0.11249999999999945,0.16666666666666666,False,0.3356643356643357
N2,top,449,12,Other public,False,Central government / agency,0.16666666666666666,0.11533333333333291,0.16666666666666666,False,0.3706293706293706
N2,top,450,53,Municipal/Local,False,Municipality / municipal company,0.09433962264150944,0.046528301886791926,0.07547169811320754,True,0.006993006993006993
N2,top,451,10,Municipal/Local,False,Municipality / municipal company,0.5,0.13199999999999876,0.2,True,0.000999000999000999
N2,top,452,8,Municipal/Local,False,Municipality / municipal company,0.25,0.14825,0.25,False,0.17882117882117882
N2,top,455,14,Agriculture/Environment,False,Central government / agency,0.14285714285714285,0.10964285714285606,0.14285714285714285,False,0.5274725274725275
N2,top,457,6,Education,False,University (non-health unit),0.16666666666666666,0.17883333333333218,0.3333333333333333,False,1.0
N2,top,467,6,Municipal/Local,False,Municipality / municipal company,0.16666666666666666,0.17283333333333234,0.16666666666666666,False,1.0
N2,top,468,5,Municipal/Local,False,Municipality / municipal company,0.6,0.2277999999999972,0.4,True,0.005994005994005994
N2,top,470,36,Education,False,Central government / agency,0.16666666666666666,0.09011111111111125,0.1388888888888889,True,0.01098901098901099
N2,top,471,45,Agriculture/Environment,False,Central government / agency,0.24444444444444444,0.1991777777777779,0.24444444444444444,False,0.09090909090909091
N2,top,479,9,Education,False,University (non-health unit),0.3333333333333333,0.19200000000000322,0.3333333333333333,False,0.11288711288711288
N2,top,481,15,Municipal/Local,False,Municipality / municipal company,0.3333333333333333,0.11026666666666762,0.2,True,0.001998001998001998
N2,top,482,8,Health,False,MoH hospital / dental centre,0.875,0.257375,0.375,True,0.000999000999000999
N2,top,484,30,Other public,False,Central government / agency,0.1,0.09636666666666564,0.1,False,0.8761238761238761
N2,top,485,8,Other public,False,Other,0.25,0.144375,0.25,False,0.15384615384615385
N2,top,486,18,Infrastructure/Transport,False,Central government / agency,0.1111111111111111,0.1215555555555577,0.16666666666666666,False,1.0
N2,top,487,16,Municipal/Local,False,Municipality / municipal company,0.3125,0.0900625,0.125,True,0.001998001998001998
N2,top,489,5,Infrastructure/Transport,False,Central government / agency,0.2,0.2125999999999971,0.4,False,1.0
N2,top,491,10,Other public,False,Central government / agency,0.2,0.12069999999999863,0.2,False,0.2047952047952048
N2,top,497,7,Municipal/Local,False,Municipality / municipal company,0.2857142857142857,0.15371428571428408,0.2857142857142857,False,0.07392607392607392
N2,top,498,6,Infrastructure/Transport,False,Central government / agency,0.5,0.1821666666666654,0.3333333333333333,True,0.002997002997002997
N2,top,499,7,Education,False,University (non-health unit),0.2857142857142857,0.16785714285714115,0.2857142857142857,False,0.16783216783216784
N2,top,503,13,Infrastructure/Transport,False,Central government / agency,0.3076923076923077,0.10584615384615596,0.15384615384615385,True,0.001998001998001998
N2,top,508,5,Education,False,University (non-health unit),0.2,0.2125999999999972,0.4,False,1.0
N2,top,509,9,Health,True,MoH provincial directorate / hospital union,0.5555555555555556,0.20000000000000354,0.3333333333333333,True,0.000999000999000999
N2,top,520,6,Other public,False,Other,0.16666666666666666,0.16683333333333256,0.16666666666666666,False,1.0
N2,top,521,15,Municipal/Local,False,Municipality / municipal company,0.13333333333333333,0.0944000000000007,0.13333333333333333,False,0.3906093906093906
N2,top,522,15,Municipal/Local,False,Municipality / municipal company,0.13333333333333333,0.08453333333333365,0.13333333333333333,False,0.26373626373626374
N2,top,523,7,Education,False,University (non-health unit),0.2857142857142857,0.22071428571428353,0.2857142857142857,False,0.5424575424575424
N2,top,524,6,Education,False,University (non-health unit),0.6666666666666666,0.22399999999999873,0.3333333333333333,True,0.000999000999000999
N2,top,527,5,Other public,False,Central government / agency,0.4,0.2085999999999972,0.2,True,0.04395604395604396
N2,top,540,10,Agriculture/Environment,False,Central government / agency,0.2,0.1044999999999986,0.1,True,0.04595404595404595
N2,top,544,7,Municipal/Local,False,Municipality / municipal company,0.14285714285714285,0.15485714285714128,0.2857142857142857,False,1.0
N2,top,545,5,Other public,False,Central government / agency,0.6,0.2407999999999973,0.4,True,0.000999000999000999
N2,top,548,5,Education,False,University (non-health unit),0.6,0.25259999999999777,0.4,True,0.01098901098901099
N2,top,549,5,Security/Interior,False,Central government / agency,0.4,0.30239999999999745,0.4,False,0.5124875124875125
N2,top,559,13,Municipal/Local,False,Municipality / municipal company,0.23076923076923078,0.09869230769230977,0.15384615384615385,True,0.006993006993006993
N2,top,571,6,Municipal/Local,False,Municipality / municipal company,0.3333333333333333,0.19966666666666527,0.3333333333333333,False,0.1888111888111888
N2,top,573,5,Municipal/Local,False,Municipality / municipal company,0.4,0.2195999999999972,0.4,False,0.0979020979020979
N2,top,574,14,Health,True,MoH provincial directorate / hospital union,0.14285714285714285,0.11292857142857024,0.21428571428571427,False,0.4995004995004995
N2,top,582,10,Agriculture/Environment,False,Central government / agency,0.2,0.1406999999999989,0.2,False,0.4075924075924076
N2,top,586,6,Provincial admin,False,Other,0.5,0.2059999999999986,0.3333333333333333,True,0.012987012987012988
N2,top,588,20,Other public,False,Central government / agency,0.15,0.09609999999999899,0.15,False,0.15484515484515485
N2,top,590,9,Other public,False,Other,0.8888888888888888,0.18066666666666972,0.3333333333333333,True,0.000999000999000999
N2,top,592,6,Municipal/Local,False,Municipality / municipal company,0.16666666666666666,0.18549999999999867,0.3333333333333333,False,1.0
N2,top,593,8,Health,True,MoH provincial directorate / hospital union,0.375,0.1855,0.25,True,0.03696303696303696
N2,top,595,9,Municipal/Local,False,Municipality / municipal company,0.2222222222222222,0.14222222222222472,0.2222222222222222,False,0.26073926073926074
N2,top,599,7,Municipal/Local,False,Municipality / municipal company,0.2857142857142857,0.17128571428571268,0.2857142857142857,False,0.19080919080919082
N2,top,605,12,Other public,False,Central government / agency,0.16666666666666666,0.12224999999999991,0.16666666666666666,False,0.46653346653346656
N2,top,608,13,Education,False,University (non-health unit),0.23076923076923078,0.16261538461538644,0.23076923076923078,False,0.25074925074925075
N2,top,611,15,Provincial admin,False,Other,0.26666666666666666,0.11840000000000181,0.13333333333333333,True,0.001998001998001998
N2,top,613,13,Municipal/Local,False,Municipality / municipal company,0.23076923076923078,0.1039230769230791,0.15384615384615385,True,0.01098901098901099
N2,top,615,7,Agriculture/Environment,False,Central government / agency,0.14285714285714285,0.15014285714285555,0.2857142857142857,False,1.0
N2,top,616,9,Other public,False,Central government / agency,0.3333333333333333,0.1587777777777806,0.2222222222222222,True,0.024975024975024976
N2,top,617,8,Education,False,University (non-health unit),0.25,0.17075,0.25,False,0.34265734265734266
N2,top,618,13,Other public,False,Other,0.5384615384615384,0.11569230769231001,0.15384615384615385,True,0.000999000999000999
N2,top,620,6,Other public,False,Central government / agency,0.3333333333333333,0.19699999999999857,0.3333333333333333,False,0.17082917082917082
N2,top,625,20,Social/Finance,False,Other,0.15,0.13195000000000026,0.2,False,0.5574425574425574
N2,top,638,5,Other public,False,Other,0.2,0.20039999999999722,0.2,False,1.0
N2,top,640,5,Education,False,University (non-health unit),0.4,0.2257999999999971,0.4,False,0.12687312687312688
N2,top,641,12,Other public,False,Central government / agency,0.4166666666666667,0.12791666666666668,0.16666666666666666,True,0.000999000999000999
N2,top,642,6,Other public,False,Other,0.16666666666666666,0.17216666666666572,0.16666666666666666,False,1.0
N2,top,646,21,Infrastructure/Transport,False,Central government / agency,0.23809523809523808,0.13652380952381046,0.19047619047619047,True,0.04195804195804196
N2,top,647,10,Education,False,University (non-health unit),0.3,0.15629999999999847,0.3,False,0.059940059940059943
N2,top,649,13,Municipal/Local,False,Municipality / municipal company,0.38461538461538464,0.10746153846154069,0.15384615384615385,True,0.000999000999000999
N2,top,655,10,Municipal/Local,False,Municipality / municipal company,0.2,0.12179999999999858,0.2,False,0.2087912087912088
N2,top,661,6,Education,False,University (non-health unit),0.5,0.24866666666666656,0.3333333333333333,True,0.029970029970029972
N2,top,665,5,Other public,False,Central government / agency,0.2,0.2037999999999972,0.2,False,1.0
N2,top,675,5,Municipal/Local,False,Municipality / municipal company,0.2,0.20479999999999707,0.2,False,1.0
N2,top,679,7,Education,False,University (non-health unit),0.14285714285714285,0.16171428571428423,0.2857142857142857,False,1.0
N2,top,681,9,Education,False,University (non-health unit),0.4444444444444444,0.14266666666666908,0.2222222222222222,True,0.001998001998001998
N2,top,682,8,Education,False,University (non-health unit),0.375,0.247,0.375,False,0.22477522477522477
N2,top,688,11,Municipal/Local,False,Municipality / municipal company,0.18181818181818182,0.11545454545454725,0.18181818181818182,False,0.26873126873126874
N2,top,698,5,Infrastructure/Transport,False,Central government / agency,0.8,0.2405999999999972,0.4,True,0.000999000999000999
N2,top,702,19,Health,False,University hospital / medical faculty,0.6842105263157895,0.1407368421052652,0.21052631578947367,True,0.000999000999000999
N2,top,703,6,Health,True,MoH provincial directorate / hospital union,0.3333333333333333,0.2543333333333332,0.3333333333333333,False,0.4785214785214785
N2,top,705,12,Health,True,MoH provincial directorate / hospital union,0.4166666666666667,0.17341666666666594,0.25,True,0.001998001998001998
N2,top,707,16,Other public,False,Central government / agency,0.3125,0.1396875,0.25,True,0.004995004995004995
N2,top,708,13,Education,False,University (non-health unit),0.15384615384615385,0.10176923076923285,0.15384615384615385,False,0.3156843156843157
N2,top,709,9,Provincial admin,False,Other,0.3333333333333333,0.24000000000000435,0.3333333333333333,False,0.16083916083916083
N2,top,710,5,Other public,False,Other,0.4,0.209399999999997,0.2,True,0.04695304695304695
N2,top,711,7,Municipal/Local,False,Municipality / municipal company,0.2857142857142857,0.16614285714285543,0.2857142857142857,False,0.16083916083916083
N2,top,713,14,Defence,False,Central government / agency,0.21428571428571427,0.14535714285714135,0.21428571428571427,False,0.11788211788211789
N2,top,717,6,Education,False,University (non-health unit),0.3333333333333333,0.20483333333333179,0.3333333333333333,False,0.22977022977022976
N2,top,718,14,Other public,False,Central government / agency,0.14285714285714285,0.09049999999999914,0.14285714285714285,False,0.26073926073926074
N2,top,722,30,Infrastructure/Transport,False,Central government / agency,0.16666666666666666,0.09749999999999989,0.16666666666666666,False,0.07592407592407592
N2,top,726,15,Education,False,University (non-health unit),0.6666666666666666,0.27200000000000074,0.4,True,0.000999000999000999
N2,top,729,11,Municipal/Local,False,Municipality / municipal company,0.09090909090909091,0.12354545454545636,0.18181818181818182,False,1.0
N2,top,731,5,Education,False,University (non-health unit),0.4,0.30859999999999715,0.6,False,0.44155844155844154
N2,top,737,19,Municipal/Local,False,Municipality / municipal company,0.3684210526315789,0.09231578947368572,0.15789473684210525,True,0.000999000999000999
N2,top,740,5,Municipal/Local,False,Municipality / municipal company,0.2,0.20759999999999718,0.2,False,1.0
N2,top,744,8,Other public,False,Central government / agency,0.375,0.1495,0.25,True,0.008991008991008992
N2,top,756,5,Municipal/Local,False,Municipality / municipal company,0.2,0.2047999999999972,0.2,False,1.0
N2,top,759,13,Infrastructure/Transport,False,Central government / agency,0.38461538461538464,0.17976923076923218,0.3076923076923077,True,0.014985014985014986
N2,top,763,12,Other public,False,Central government / agency,0.25,0.12341666666666641,0.16666666666666666,True,0.030969030969030968
N2,top,765,9,Other public,False,Central government / agency,0.1111111111111111,0.12988888888889127,0.2222222222222222,False,1.0
N2,top,766,17,Education,False,University (non-health unit),0.17647058823529413,0.13988235294117848,0.23529411764705882,False,0.36663336663336665
N2,top,768,21,Social/Finance,False,Central government / agency,0.19047619047619047,0.150714285714285,0.19047619047619047,False,0.21578421578421578
N2,top,770,5,Education,False,University (non-health unit),0.2,0.23319999999999738,0.4,False,1.0
N2,top,772,12,Municipal/Local,False,Municipality / municipal company,0.16666666666666666,0.09949999999999923,0.16666666666666666,False,0.1938061938061938
N2,top,777,6,Municipal/Local,False,Municipality / municipal company,0.3333333333333333,0.18733333333333185,0.3333333333333333,False,0.12487512487512488
N2,top,782,5,Other public,False,Central government / agency,0.2,0.20419999999999722,0.2,False,1.0
N2,top,783,16,Other public,False,Central government / agency,0.5,0.1050625,0.1875,True,0.000999000999000999
N2,top,784,5,Other public,False,Central government / agency,0.4,0.2075999999999972,0.2,True,0.03896103896103896
N2,top,786,7,Security/Interior,False,Central government / agency,0.14285714285714285,0.15942857142856992,0.2857142857142857,False,1.0
N2,top,788,7,Municipal/Local,False,Municipality / municipal company,0.2857142857142857,0.16414285714285556,0.2857142857142857,False,0.14785214785214784
N2,top,791,9,Education,False,University (non-health unit),0.2222222222222222,0.16955555555555868,0.2222222222222222,False,0.5264735264735265
N2,top,794,8,Municipal/Local,False,Municipality / municipal company,0.25,0.13875,0.25,False,0.1108891108891109
N2,top,795,15,Health,True,MoH provincial directorate / hospital union,0.26666666666666666,0.14960000000000098,0.2,True,0.03896103896103896
N2,top,798,12,Education,False,University (non-health unit),0.08333333333333333,0.16016666666666668,0.25,False,1.0
N2,top,805,11,Health,True,MoH provincial directorate / hospital union,0.2727272727272727,0.15945454545454787,0.2727272727272727,False,0.08091908091908091
N2,top,807,26,Infrastructure/Transport,False,Central government / agency,0.19230769230769232,0.07965384615384745,0.11538461538461539,True,0.000999000999000999
N2,top,811,7,Agriculture/Environment,False,Central government / agency,0.14285714285714285,0.14514285714285552,0.14285714285714285,False,1.0
N2,top,817,9,Infrastructure/Transport,False,Central government / agency,0.2222222222222222,0.12677777777778015,0.2222222222222222,False,0.14185814185814186
N2,top,818,8,Health,False,MoH provincial directorate / hospital union,0.375,0.15675,0.25,True,0.017982017982017984
N2,top,824,13,Other public,False,Central government / agency,0.15384615384615385,0.10753846153846382,0.15384615384615385,False,0.3646353646353646
N2,top,829,10,Infrastructure/Transport,False,Other,0.9,0.5495000000000015,0.7,True,0.001998001998001998
N2,top,832,6,Municipal/Local,False,Municipality / municipal company,0.3333333333333333,0.17799999999999908,0.3333333333333333,False,0.06893106893106893
N2,top,837,5,Health,False,MoH provincial directorate / hospital union,0.4,0.22999999999999735,0.4,False,0.14985014985014986
N2,top,842,19,Agriculture/Environment,False,Central government / agency,0.2631578947368421,0.11647368421052817,0.15789473684210525,True,0.002997002997002997
N2,top,844,26,Social/Finance,False,Other,0.19230769230769232,0.10365384615384668,0.15384615384615385,True,0.012987012987012988
N2,top,845,5,Infrastructure/Transport,False,Central government / agency,0.2,0.20659999999999704,0.2,False,1.0
N2,top,847,11,Health,False,University hospital / medical faculty,0.7272727272727273,0.25236363636363973,0.45454545454545453,True,0.000999000999000999
N2,top,848,10,Health,False,MoH provincial directorate / hospital union,0.6,0.22459999999999888,0.4,True,0.000999000999000999
N2,top,852,16,Infrastructure/Transport,False,Central government / agency,0.1875,0.145,0.1875,False,0.3336663336663337
N2,top,854,5,Education,False,University (non-health unit),0.2,0.19999999999999718,0.2,False,1.0
N2,top,857,12,Infrastructure/Transport,False,Central government / agency,0.16666666666666666,0.10424999999999927,0.16666666666666666,False,0.2517482517482518
N2,top,861,6,Education,False,University (non-health unit),0.3333333333333333,0.19216666666666554,0.3333333333333333,False,0.14985014985014986
N2,top,866,5,Health,False,MoH provincial directorate / hospital union,0.8,0.2399999999999973,0.4,True,0.000999000999000999
N2,top,868,5,Education,False,University (non-health unit),0.2,0.23299999999999702,0.4,False,1.0
N2,top,869,7,Other public,False,Central government / agency,0.42857142857142855,0.17114285714285551,0.2857142857142857,True,0.004995004995004995
N2,top,876,5,Health,False,MoH provincial directorate / hospital union,0.8,0.27119999999999717,0.4,True,0.000999000999000999
N2,top,879,7,Education,False,University (non-health unit),0.5714285714285714,0.3111428571428542,0.42857142857142855,True,0.012987012987012988
N2,top,887,12,Other public,False,Central government / agency,0.25,0.10891666666666609,0.16666666666666666,True,0.01098901098901099
N2,top,888,7,Education,False,University (non-health unit),0.5714285714285714,0.23128571428571162,0.42857142857142855,True,0.013986013986013986
N2,top,889,7,Education,False,University (non-health unit),0.42857142857142855,0.192857142857141,0.2857142857142857,True,0.004995004995004995
N2,top,890,12,Other public,False,Central government / agency,0.3333333333333333,0.11399999999999953,0.16666666666666666,True,0.000999000999000999
N2,top,897,11,Other public,False,Central government / agency,0.18181818181818182,0.10872727272727443,0.18181818181818182,False,0.1918081918081918
N2,top,899,6,Other public,False,Central government / agency,0.16666666666666666,0.17149999999999915,0.16666666666666666,False,1.0
N2,top,902,5,Defence,False,Central government / agency,0.4,0.2637999999999972,0.4,False,0.2817182817182817
N2,top,905,5,Defence,False,Central government / agency,0.8,0.44919999999999766,0.6,True,0.04995004995004995
N2,top,911,5,Municipal/Local,False,Municipality / municipal company,0.2,0.20499999999999724,0.2,False,1.0
N2,top,912,5,Municipal/Local,False,Municipality / municipal company,0.2,0.22579999999999745,0.4,False,1.0
N2,top,916,7,Health,False,MoH provincial directorate / hospital union,0.5714285714285714,0.2411428571428545,0.42857142857142855,True,0.007992007992007992
N2,top,922,7,Health,True,MoH provincial directorate / hospital union,0.42857142857142855,0.2194285714285692,0.2857142857142857,True,0.04795204795204795
N2,top,927,5,Health,False,MoH provincial directorate / hospital union,0.8,0.2725999999999973,0.4,True,0.000999000999000999
N2,top,928,5,Municipal/Local,False,Municipality / municipal company,0.2,0.21119999999999697,0.4,False,1.0
N2,top,930,8,Social/Finance,False,Central government / agency,0.25,0.157375,0.25,False,0.2597402597402597
N2,top,934,30,Health,True,MoH provincial directorate / hospital union,0.16666666666666666,0.11256666666666684,0.16666666666666666,False,0.08091908091908091
N2,top,935,5,Health,False,MoH provincial directorate / hospital union,0.8,0.2613999999999974,0.4,True,0.000999000999000999
N2,top,936,8,Infrastructure/Transport,False,Central government / agency,0.25,0.183625,0.25,False,0.45354645354645357
N2,top,937,5,Health,False,MoH provincial directorate / hospital union,0.6,0.24199999999999736,0.4,True,0.01098901098901099
N2,top,940,9,Health,False,MoH provincial directorate / hospital union,0.3333333333333333,0.18422222222222534,0.3333333333333333,False,0.08691308691308691
N2,top,942,12,Security/Interior,False,Central government / agency,0.16666666666666666,0.13791666666666688,0.16666666666666666,False,0.6553446553446554
N2,top,943,5,Municipal/Local,False,Municipality / municipal company,0.4,0.21499999999999705,0.4,False,0.07392607392607392
N2,top,945,13,Health,True,MoH provincial directorate / hospital union,0.23076923076923078,0.16230769230769446,0.23076923076923078,False,0.2017982017982018
N2,top,947,7,Education,False,University (non-health unit),0.14285714285714285,0.16685714285714115,0.2857142857142857,False,1.0
N2,top,954,11,Agriculture/Environment,False,Central government / agency,0.2727272727272727,0.18700000000000244,0.2727272727272727,False,0.22977022977022976
N2,top,957,12,Agriculture/Environment,False,Central government / agency,0.3333333333333333,0.1667499999999999,0.25,True,0.001998001998001998
N2,top,958,6,Health,False,University hospital / medical faculty,0.3333333333333333,0.1706666666666658,0.16666666666666666,True,0.024975024975024976
N2,top,965,14,Agriculture/Environment,False,Central government / agency,0.21428571428571427,0.09778571428571327,0.14285714285714285,True,0.014985014985014986
N2,top,970,11,Health,False,MoH provincial directorate / hospital union,0.2727272727272727,0.13800000000000187,0.2727272727272727,False,0.057942057942057944
N2,top,972,13,Health,False,MoH provincial directorate / hospital union,0.23076923076923078,0.1567692307692332,0.23076923076923078,False,0.15684315684315683
N2,top,983,23,Other public,False,Central government / agency,0.2608695652173913,0.09730434782608673,0.17391304347826086,True,0.001998001998001998
N2,top,986,5,Education,False,University (non-health unit),0.8,0.34479999999999633,0.6,True,0.022977022977022976
N2,top,989,5,Municipal/Local,False,Municipality / municipal company,0.4,0.21059999999999718,0.4,False,0.053946053946053944
N2,top,993,9,Other public,False,Central government / agency,0.2222222222222222,0.12088888888889114,0.2222222222222222,False,0.08791208791208792
N2,top,995,6,Health,False,MoH hospital / dental centre,0.6666666666666666,0.22083333333333208,0.3333333333333333,True,0.000999000999000999
N2,top,1007,6,Municipal/Local,False,Municipality / municipal company,0.3333333333333333,0.2019999999999989,0.3333333333333333,False,0.2077922077922078
N2,top,1009,5,Health,True,MoH provincial directorate / hospital union,0.4,0.23539999999999725,0.4,False,0.17582417582417584
N2,top,1015,9,Other public,False,Central government / agency,0.3333333333333333,0.12055555555555776,0.2222222222222222,True,0.001998001998001998
N2,top,1018,6,Municipal/Local,False,Municipality / municipal company,0.3333333333333333,0.17516666666666547,0.3333333333333333,False,0.05194805194805195
N2,top,1021,6,Health,True,MoH provincial directorate / hospital union,0.8333333333333334,0.25466666666666665,0.3333333333333333,True,0.000999000999000999
N2,top,1025,11,Municipal/Local,False,Municipality / municipal company,0.9090909090909091,0.15327272727272917,0.2727272727272727,True,0.000999000999000999
N2,top,1028,6,Education,False,University (non-health unit),0.3333333333333333,0.2041666666666652,0.3333333333333333,False,0.2077922077922078
N2,top,1040,12,Other public,False,Other,0.4166666666666667,0.12091666666666623,0.16666666666666666,True,0.000999000999000999
N2,top,1043,10,Other public,False,Central government / agency,0.2,0.12909999999999894,0.2,False,0.2897102897102897
N2,top,1053,10,Health,True,MoH provincial directorate / hospital union,0.3,0.18429999999999794,0.3,False,0.13186813186813187
N2,top,1058,11,Education,False,University (non-health unit),0.5454545454545454,0.17363636363636592,0.2727272727272727,True,0.000999000999000999
N2,top,1071,6,Health,True,MoH provincial directorate / hospital union,0.3333333333333333,0.2191666666666652,0.3333333333333333,False,0.2937062937062937
N2,top,1072,5,Agriculture/Environment,False,Central government / agency,0.2,0.20419999999999705,0.2,False,1.0
N2,top,1081,13,Municipal/Local,False,Municipality / municipal company,0.46153846153846156,0.11030769230769455,0.15384615384615385,True,0.000999000999000999
N2,top,1085,5,Health,True,MoH provincial directorate / hospital union,0.4,0.26179999999999726,0.4,False,0.2857142857142857
N2,top,1086,7,Health,False,MoH hospital / dental centre,1.0,0.22557142857142612,0.42857142857142855,True,0.000999000999000999
N2,top,1087,5,Health,False,MoH provincial directorate / hospital union,0.4,0.2467999999999973,0.4,False,0.21878121878121878
N2,top,1091,5,Infrastructure/Transport,False,Central government / agency,0.4,0.21359999999999707,0.4,False,0.06893106893106893
N2,top,1110,6,Defence,False,Central government / agency,0.5,0.3884999999999975,0.5,False,0.33166833166833165
N2,top,1115,11,Health,True,MoH provincial directorate / hospital union,0.18181818181818182,0.1577272727272748,0.2727272727272727,False,0.6343656343656343
N2,top,1122,6,Health,True,MoH provincial directorate / hospital union,0.16666666666666666,0.16833333333333256,0.16666666666666666,False,1.0
N2,top,1124,5,Health,True,MoH provincial directorate / hospital union,0.4,0.2317999999999971,0.4,False,0.15284715284715283
N2,top,1129,5,Infrastructure/Transport,False,Central government / agency,0.4,0.25559999999999766,0.4,False,0.26673326673326675
N2,top,1150,14,Municipal/Local,False,Municipality / municipal company,0.14285714285714285,0.11349999999999884,0.21428571428571427,False,0.5344655344655345
N2,top,1157,5,Health,True,MoH provincial directorate / hospital union,0.4,0.2507999999999974,0.4,False,0.23976023976023977
N2,top,1159,6,Other public,False,Other,0.3333333333333333,0.24066666666666614,0.3333333333333333,False,0.44455544455544455
N2,top,1166,10,Health,True,MoH provincial directorate / hospital union,0.5,0.203299999999998,0.3,True,0.001998001998001998
N2,top,1179,5,Education,False,University (non-health unit),0.4,0.2059999999999971,0.2,True,0.030969030969030968
N2,top,1201,8,Provincial admin,False,Other,0.5,0.198875,0.375,True,0.002997002997002997
N2,top,1208,6,Provincial admin,False,Other,0.16666666666666666,0.20649999999999846,0.3333333333333333,False,1.0
N2,top,1215,7,Health,False,MoH hospital / dental centre,0.5714285714285714,0.21385714285714064,0.42857142857142855,True,0.003996003996003996
N2,top,1230,14,Social/Finance,False,Central government / agency,0.21428571428571427,0.18899999999999928,0.2857142857142857,False,0.5394605394605395
N2,top,1231,5,Education,False,University (non-health unit),0.2,0.22499999999999717,0.4,False,1.0
N2,top,1236,14,Other public,False,Other,0.21428571428571427,0.09571428571428484,0.14285714285714285,True,0.01098901098901099
N2,top,1240,5,Health,False,MoH provincial directorate / hospital union,0.4,0.253799999999997,0.4,False,0.24975024975024976
N2,top,1242,7,Security/Interior,False,Central government / agency,0.14285714285714285,0.17771428571428408,0.2857142857142857,False,1.0
N2,top,1275,6,Municipal/Local,False,Municipality / municipal company,0.16666666666666666,0.16799999999999918,0.16666666666666666,False,1.0
N2,top,1278,5,Other public,False,Central government / agency,0.4,0.22379999999999692,0.4,False,0.11388611388611389
N2,top,1324,8,Health,False,MoH hospital / dental centre,0.75,0.24525,0.375,True,0.000999000999000999
N2,top,1356,5,Municipal/Local,False,Municipality / municipal company,0.4,0.2215999999999971,0.4,False,0.1088911088911089
N2,top,1368,5,Education,False,University (non-health unit),0.2,0.2097999999999971,0.2,False,1.0
N2,top,1374,7,Other public,False,Central government / agency,0.42857142857142855,0.18714285714285553,0.2857142857142857,True,0.015984015984015984
N2,top,1405,5,Other public,False,Other,0.4,0.20259999999999714,0.2,True,0.013986013986013986
N2,top,1414,5,Municipal/Local,False,Municipality / municipal company,0.2,0.22919999999999727,0.4,False,1.0
N2,top,1429,5,Agriculture/Environment,False,Central government / agency,0.4,0.27239999999999764,0.4,False,0.3626373626373626
N2,top,1433,11,Municipal/Local,False,Municipality / municipal company,0.2727272727272727,0.13600000000000198,0.18181818181818182,True,0.03296703296703297
N2,top,1435,5,Security/Interior,False,Central government / agency,0.2,0.2431999999999974,0.4,False,1.0
N2,top,1455,7,Infrastructure/Transport,False,Central government / agency,0.7142857142857143,0.17928571428571252,0.2857142857142857,True,0.000999000999000999
N2,top,1472,6,Health,False,MoH hospital / dental centre,0.8333333333333334,0.287833333333333,0.5,True,0.000999000999000999
N2,top,1484,10,Health,False,MoH hospital / dental centre,0.9,0.23439999999999875,0.4,True,0.000999000999000999
N2,top,1499,20,Health,False,MoH hospital / dental centre,0.3,0.15125000000000052,0.25,True,0.01098901098901099
N2,top,1503,6,Health,True,MoH provincial directorate / hospital union,0.6666666666666666,0.21916666666666526,0.3333333333333333,True,0.004995004995004995
N2,top,1526,8,Health,False,MoH hospital / dental centre,1.0,0.281375,0.5,True,0.000999000999000999
N2,top,1529,6,Health,True,Other health body (central/agency),1.0,0.3391666666666662,0.5,True,0.000999000999000999
N2,top,1545,13,Health,True,MoH provincial directorate / hospital union,0.5384615384615384,0.19338461538461701,0.3076923076923077,True,0.000999000999000999
N2,top,1555,7,Health,True,MoH provincial directorate / hospital union,0.2857142857142857,0.23314285714285457,0.42857142857142855,False,0.5184815184815185
N2,top,1578,17,Health,True,MoH provincial directorate / hospital union,0.47058823529411764,0.14429411764706085,0.23529411764705882,True,0.000999000999000999
N2,top,1618,6,Health,False,MoH provincial directorate / hospital union,0.3333333333333333,0.244166666666666,0.3333333333333333,False,0.4225774225774226
N2,top,1680,5,Health,True,MoH provincial directorate / hospital union,1.0,0.2857999999999976,0.4,True,0.000999000999000999
N2,top,1683,7,Health,False,MoH hospital / dental centre,0.7142857142857143,0.22214285714285484,0.2928571428571363,True,0.000999000999000999
N2,top,1687,11,Health,False,MoH provincial directorate / hospital union,0.45454545454545453,0.20200000000000282,0.2727272727272727,True,0.001998001998001998
N2,top,1700,8,Health,False,MoH hospital / dental centre,0.375,0.25475,0.375,False,0.1888111888111888
N2,top,1702,5,Health,False,MoH hospital / dental centre,1.0,0.3103999999999968,0.4,True,0.000999000999000999
N2,top,1704,5,Health,False,MoH hospital / dental centre,0.8,0.2677999999999977,0.4,True,0.001998001998001998
N2,top,1705,8,Health,False,MoH provincial directorate / hospital union,1.0,0.26,0.375,True,0.000999000999000999
N2,top,1707,14,Health,False,MoH hospital / dental centre,0.9285714285714286,0.21585714285714272,0.2857142857142857,True,0.000999000999000999
N2,top,1710,6,Health,False,MoH provincial directorate / hospital union,0.6666666666666666,0.2574999999999999,0.3333333333333333,True,0.000999000999000999
N2,top,1713,6,Health,False,MoH hospital / dental centre,1.0,0.28483333333333377,0.5,True,0.000999000999000999
N2,top,1722,5,Health,False,MoH hospital / dental centre,1.0,0.30779999999999685,0.4,True,0.000999000999000999
N2,top,1723,7,Health,False,University hospital / medical faculty,1.0,0.2707142857142828,0.42857142857142855,True,0.000999000999000999
N2,top,1724,7,Health,False,MoH hospital / dental centre,1.0,0.27857142857142597,0.42857142857142855,True,0.000999000999000999
N2,top,1734,6,Health,True,MoH provincial directorate / hospital union,0.3333333333333333,0.23883333333333276,0.3333333333333333,False,0.4115884115884116
N2,top,1736,6,Health,False,MoH hospital / dental centre,0.3333333333333333,0.21416666666666523,0.3333333333333333,False,0.2727272727272727
N2,top,1756,5,Education,False,University (non-health unit),0.2,0.20679999999999713,0.2,False,1.0
N2,top,1764,6,Health,True,MoH provincial directorate / hospital union,0.6666666666666666,0.2871666666666666,0.5,True,0.003996003996003996
N2,top,1767,5,Health,True,MoH provincial directorate / hospital union,0.6,0.3103999999999969,0.4099999999999909,True,0.05094905094905095
N2,top,1768,14,Health,False,MoH hospital / dental centre,0.8571428571428571,0.21557142857142844,0.2857142857142857,True,0.000999000999000999
N2,top,1772,14,Health,False,MoH hospital / dental centre,0.5714285714285714,0.22042857142857147,0.35714285714285715,True,0.000999000999000999
N2,top,1775,7,Health,False,University hospital / medical faculty,0.5714285714285714,0.24871428571428286,0.42857142857142855,True,0.006993006993006993
N2,top,1779,5,Health,False,MoH hospital / dental centre,0.4,0.28779999999999745,0.4,False,0.4075924075924076
N2,top,1793,6,Health,False,University hospital / medical faculty,0.8333333333333334,0.2860000000000003,0.5,True,0.001998001998001998
N2,top,1801,6,Health,False,MoH hospital / dental centre,1.0,0.2913333333333338,0.5,True,0.000999000999000999
N2,top,1803,10,Health,False,MoH hospital / dental centre,1.0,0.23519999999999877,0.3,True,0.000999000999000999
N2,top,1804,14,Health,False,MoH hospital / dental centre,1.0,0.21842857142857125,0.35714285714285715,True,0.000999000999000999
N2,top,1806,9,Health,False,MoH hospital / dental centre,0.7777777777777778,0.22911111111111504,0.3333333333333333,True,0.000999000999000999
N2,top,1813,13,Health,False,MoH hospital / dental centre,0.9230769230769231,0.21753846153846243,0.3076923076923077,True,0.000999000999000999
N2,top,1814,5,Health,False,MoH hospital / dental centre,1.0,0.31939999999999624,0.6,True,0.000999000999000999
N2,top,1817,6,Health,False,MoH hospital / dental centre,1.0,0.2911666666666666,0.5,True,0.000999000999000999
N2,top,1820,5,Health,True,MoH provincial directorate / hospital union,0.4,0.2861999999999971,0.4,False,0.3956043956043956
N2,top,1821,10,Health,False,MoH hospital / dental centre,1.0,0.23929999999999865,0.4,True,0.000999000999000999
N2,top,1822,12,Health,True,MoH provincial directorate / hospital union,0.5833333333333334,0.19283333333333244,0.2541666666666629,True,0.000999000999000999
N2,top,1824,5,Provincial admin,False,Central government / agency,0.4,0.2545999999999978,0.4,False,0.26573426573426573
N2,top,1826,8,Health,False,MoH hospital / dental centre,1.0,0.264625,0.375,True,0.000999000999000999
N2,top,1828,6,Health,False,MoH hospital / dental centre,0.6666666666666666,0.2966666666666674,0.5,True,0.008991008991008992
N2,top,1833,14,Health,True,MoH provincial directorate / hospital union,0.42857142857142855,0.20014285714285657,0.2857142857142857,True,0.003996003996003996
N2,top,1835,5,Health,False,MoH hospital / dental centre,0.8,0.2837999999999972,0.4,True,0.001998001998001998
N2,top,1836,6,Health,False,MoH hospital / dental centre,1.0,0.2996666666666667,0.5,True,0.000999000999000999
N2,top,1845,5,Provincial admin,False,Central government / agency,0.6,0.24699999999999742,0.4,True,0.014985014985014986
N2,top,1849,5,Health,False,MoH hospital / dental centre,0.6,0.3043999999999969,0.4,True,0.04995004995004995
N2,top,1854,5,Health,False,MoH hospital / dental centre,0.4,0.22879999999999737,0.4,False,0.14485514485514486
N2,top,1856,10,Health,False,MoH hospital / dental centre,1.0,0.24319999999999886,0.4,True,0.000999000999000999
N2,top,1860,8,Health,False,MoH hospital / dental centre,0.625,0.270125,0.375,True,0.003996003996003996
N2,top,1863,5,Health,False,MoH provincial directorate / hospital union,0.4,0.2681999999999974,0.4,False,0.3206793206793207
N2,top,1865,11,Health,False,MoH hospital / dental centre,1.0,0.2450909090909121,0.36363636363636365,True,0.000999000999000999
N2,top,1866,5,Health,False,MoH hospital / dental centre,1.0,0.3109999999999966,0.6,True,0.000999000999000999
N2,top,1870,9,Health,False,MoH hospital / dental centre,1.0,0.25511111111111534,0.3388888888888838,True,0.000999000999000999
N2,top,1871,12,Health,False,MoH hospital / dental centre,1.0,0.22824999999999906,0.3333333333333333,True,0.000999000999000999
N2,top,1875,5,Health,True,MoH provincial directorate / hospital union,0.4,0.28999999999999715,0.4,False,0.4115884115884116
N2,top,1880,11,Health,False,MoH hospital / dental centre,0.9090909090909091,0.23727272727273033,0.36363636363636365,True,0.000999000999000999
N2,top,1886,5,Health,False,MoH hospital / dental centre,1.0,0.33819999999999634,0.6,True,0.000999000999000999
N2,top,1889,9,Health,True,MoH provincial directorate / hospital union,0.3333333333333333,0.14744444444444701,0.2222222222222222,True,0.012987012987012988
N2,top,1890,9,Health,False,MoH hospital / dental centre,0.8888888888888888,0.2426666666666708,0.3333333333333333,True,0.000999000999000999
N2,top,1896,7,Health,True,MoH provincial directorate / hospital union,0.42857142857142855,0.2522857142857115,0.42857142857142855,False,0.1028971028971029
N2,top,1900,9,Health,True,MoH provincial directorate / hospital union,0.4444444444444444,0.18355555555555875,0.3333333333333333,True,0.005994005994005994
N2,top,1902,22,Provincial admin,False,Central government / agency,0.36363636363636365,0.13490909090909226,0.18181818181818182,True,0.000999000999000999
N2,top,1903,10,Health,False,MoH hospital / dental centre,1.0,0.250199999999999,0.4,True,0.000999000999000999
N2,top,1907,6,Health,True,MoH provincial directorate / hospital union,0.3333333333333333,0.2298333333333326,0.3333333333333333,False,0.3626373626373626
N2,top,1912,6,Health,False,MoH provincial directorate / hospital union,0.8333333333333334,0.2725000000000002,0.5,True,0.000999000999000999
N2,top,1919,5,Health,False,MoH hospital / dental centre,1.0,0.3229999999999968,0.6,True,0.001998001998001998
N2,top,1922,5,Other public,False,Central government / agency,0.4,0.2191999999999973,0.4,False,0.0959040959040959
N2,top,1924,5,Health,False,MoH hospital / dental centre,0.4,0.2121999999999972,0.4,False,0.061938061938061936
N2,top,1933,5,Health,True,MoH provincial directorate / hospital union,0.4,0.24439999999999712,0.4,False,0.21878121878121878
N2,top,1942,5,Health,False,MoH hospital / dental centre,0.6,0.24119999999999717,0.4,True,0.00999000999000999
N2,top,1943,15,Provincial admin,False,Central government / agency,0.4,0.15673333333333384,0.2,True,0.000999000999000999
N2,top,1948,5,Provincial admin,False,Central government / agency,0.2,0.21899999999999709,0.4,False,1.0
N2,top,1950,10,Health,False,MoH hospital / dental centre,0.5,0.181299999999998,0.3,True,0.002997002997002997
N2,top,1955,8,Health,True,MoH provincial directorate / hospital union,0.375,0.26875,0.375,False,0.24575424575424576
N2,top,1964,5,Provincial admin,False,Other,0.4,0.24739999999999732,0.4,False,0.22577422577422576
N2,top,1971,15,Health,False,MoH provincial directorate / hospital union,0.8666666666666667,0.1868666666666662,0.26666666666666666,True,0.000999000999000999
N2,top,1973,6,Health,False,University hospital / medical faculty,1.0,0.3045000000000003,0.5,True,0.000999000999000999
N2,top,1983,9,Health,False,University hospital / medical faculty,0.3333333333333333,0.20611111111111463,0.3333333333333333,False,0.12387612387612387
N2,top,1985,6,Other public,False,Other,0.3333333333333333,0.24566666666666642,0.3333333333333333,False,0.4745254745254745
N2,top,1994,7,Health,False,Other health body (central/agency),0.8571428571428571,0.2545714285714258,0.42857142857142855,True,0.000999000999000999
N2,top,1999,14,Health,False,MoH hospital / dental centre,1.0,0.214642857142857,0.2857142857142857,True,0.000999000999000999
N2,top,2004,6,Health,True,MoH provincial directorate / hospital union,0.6666666666666666,0.25716666666666643,0.3333333333333333,True,0.001998001998001998
N2,top,2033,5,Security/Interior,False,Central government / agency,0.6,0.30439999999999784,0.4,True,0.04995004995004995
N2,top,2041,5,Health,False,MoH provincial directorate / hospital union,1.0,0.2875999999999971,0.4,True,0.000999000999000999
N2,top,2048,6,Health,False,MoH provincial directorate / hospital union,0.6666666666666666,0.2241666666666656,0.3333333333333333,True,0.004995004995004995
N2,top,2050,7,Health,False,MoH provincial directorate / hospital union,0.2857142857142857,0.23499999999999752,0.42857142857142855,False,0.5704295704295704
N2,top,2051,6,Health,False,MoH provincial directorate / hospital union,0.5,0.24383333333333276,0.3333333333333333,True,0.04995004995004995
N2,top,2058,5,Health,True,MoH provincial directorate / hospital union,0.4,0.23779999999999687,0.4,False,0.1838161838161838
N2,top,2066,5,Health,False,MoH provincial directorate / hospital union,0.6,0.23519999999999708,0.4,True,0.003996003996003996
N2,top,2070,5,Health,False,MoH provincial directorate / hospital union,0.4,0.24599999999999733,0.4,False,0.22577422577422576
N2,top,2084,7,Health,True,MoH provincial directorate / hospital union,0.5714285714285714,0.178714285714284,0.2857142857142857,True,0.001998001998001998
N2,top,2149,7,Health,False,MoH provincial directorate / hospital union,0.2857142857142857,0.20857142857142655,0.2857142857142857,False,0.42657342657342656
N2,top,2161,5,Health,False,University hospital / medical faculty,0.4,0.24839999999999723,0.4,False,0.23176823176823177
N2,top,2197,17,Social/Finance,False,Central government / agency,0.29411764705882354,0.2941176470588214,0.29411764705882354,False,1.0
N2,top,2214,5,Health,False,MoH hospital / dental centre,0.6,0.24539999999999706,0.4,True,0.013986013986013986
N2,top,2272,6,Health,False,University hospital / medical faculty,0.6666666666666666,0.2731666666666665,0.5,True,0.006993006993006993
N2,top,2361,6,Health,False,MoH provincial directorate / hospital union,0.3333333333333333,0.24099999999999946,0.3333333333333333,False,0.4095904095904096
N2,top,2381,6,Agriculture/Environment,False,Central government / agency,0.5,0.27299999999999996,0.5,False,0.07692307692307693
N2,top,2389,12,Health,False,MoH hospital / dental centre,0.75,0.23266666666666574,0.3333333333333333,True,0.000999000999000999
N2,top,2405,5,Health,False,MoH provincial directorate / hospital union,1.0,0.27119999999999717,0.4,True,0.000999000999000999
N2,top,2437,6,Social/Finance,False,Central government / agency,0.3333333333333333,0.28483333333333405,0.3333333333333333,False,0.7092907092907093
N2,top,2473,6,Health,False,MoH hospital / dental centre,1.0,0.29400000000000026,0.5,True,0.000999000999000999
N2,top,2485,5,Health,True,MoH provincial directorate / hospital union,0.6,0.313199999999997,0.4,True,0.04795204795204795
N2,top,2695,7,Health,False,MoH hospital / dental centre,0.2857142857142857,0.16871428571428396,0.2857142857142857,False,0.17282717282717283
N2,hhi,1,8,Health,False,Other health body (central/agency),0.1875,0.165625,0.1875,False,0.2707292707292707
N2,hhi,6,20,Municipal/Local,False,Municipality / municipal company,0.105,0.05807999999999983,0.07,True,0.000999000999000999
N2,hhi,8,23,Municipal/Local,False,Municipality / municipal company,0.15311909262759923,0.04912287334593546,0.05860113421550094,True,0.000999000999000999
N2,hhi,11,19,Municipal/Local,False,Municipality / municipal company,0.07479224376731301,0.05627146814404503,0.06371191135734072,True,0.015984015984015984
N2,hhi,15,7,Other public,True,Central government / agency,0.14285714285714285,0.1428571428571412,0.14285714285714285,False,1.0
N2,hhi,22,8,Other public,True,Other,0.40625,0.14175,0.1875,True,0.000999000999000999
N2,hhi,24,15,Municipal/Local,False,Municipality / municipal company,0.14666666666666667,0.0843022222222218,0.10222222222222223,True,0.000999000999000999
N2,hhi,25,5,Municipal/Local,False,Municipality / municipal company,0.2,0.20399999999999716,0.2,False,1.0
N2,hhi,28,25,Municipal/Local,False,Municipality / municipal company,0.088,0.0515295999999994,0.0656,True,0.002997002997002997
N2,hhi,31,12,Municipal/Local,False,Municipality / municipal company,0.1111111111111111,0.08611111111111096,0.09722222222222222,True,0.015984015984015984
N2,hhi,35,35,Municipal/Local,False,Municipality / municipal company,0.061224489795918366,0.03234612244897992,0.03836734693877551,True,0.000999000999000999
N2,hhi,36,14,Municipal/Local,False,Municipality / municipal company,0.14285714285714285,0.07598979591836677,0.09183673469387756,True,0.000999000999000999
N2,hhi,38,12,Municipal/Local,False,Municipality / municipal company,0.09722222222222222,0.08890277777777782,0.09791666666666604,False,0.33166833166833165
N2,hhi,39,5,Municipal/Local,False,Municipality / municipal company,0.2,0.20079999999999718,0.2,False,1.0
N2,hhi,40,17,Infrastructure/Transport,False,Central government / agency,0.12110726643598616,0.07035294117647088,0.08650519031141868,True,0.000999000999000999
N2,hhi,41,5,Infrastructure/Transport,False,Central government / agency,0.44,0.2321599999999976,0.36,True,0.03896103896103896
N2,hhi,42,5,Municipal/Local,False,Municipality / municipal company,0.28,0.20543999999999712,0.28,False,0.06693306693306693
N2,hhi,43,8,Other public,False,Other,0.21875,0.12959375,0.15625,True,0.003996003996003996
N2,hhi,44,10,Infrastructure/Transport,False,Central government / agency,0.16,0.10853999999999925,0.12,True,0.03696303696303696
N2,hhi,46,47,Other public,False,Central government / agency,0.07469443186962427,0.03324581258488001,0.040289723856948845,True,0.000999000999000999
N2,hhi,53,10,Health,False,MoH provincial directorate / hospital union,0.1,0.10793999999999918,0.14,False,1.0
N2,hhi,54,5,Education,False,University (non-health unit),0.28,0.20839999999999728,0.28,False,0.10589410589410589
N2,hhi,60,14,Other public,False,Central government / agency,0.11224489795918367,0.07501020408163211,0.09183673469387756,True,0.002997002997002997
N2,hhi,62,56,Infrastructure/Transport,False,Central government / agency,0.04974489795918367,0.026595025510204283,0.03316326530612245,True,0.000999000999000999
N2,hhi,63,5,Municipal/Local,False,Municipality / municipal company,0.28,0.24055999999999783,0.36,False,0.3886113886113886
N2,hhi,70,7,Other public,False,Central government / agency,0.1836734693877551,0.1519591836734677,0.1836734693877551,False,0.20279720279720279
N2,hhi,71,11,Other public,False,Central government / agency,0.10743801652892562,0.0936033057851255,0.10743801652892562,False,0.15984015984015984
N2,hhi,73,5,Defence,False,Other,0.2,0.19999999999999718,0.2,False,1.0
N2,hhi,75,11,Municipal/Local,False,Municipality / municipal company,0.10743801652892562,0.1073553719008275,0.14049586776859505,False,0.6243756243756243
N2,hhi,76,19,Education,False,University (non-health unit),0.11911357340720222,0.059440443213296716,0.06925207756232687,True,0.000999000999000999
N2,hhi,78,12,Municipal/Local,False,Municipality / municipal company,0.8472222222222222,0.13625000000000093,0.2222222222222222,True,0.000999000999000999
N2,hhi,79,6,Education,False,Central government / agency,0.2777777777777778,0.2777777777777731,0.2777777777777778,False,1.0
N2,hhi,81,23,Municipal/Local,False,Municipality / municipal company,0.1947069943289225,0.046287334593572454,0.054820415879017016,True,0.000999000999000999
N2,hhi,83,5,Provincial admin,False,Central government / agency,0.44,0.21487999999999743,0.28,True,0.006993006993006993
N2,hhi,89,13,Health,False,Other health body (central/agency),0.15976331360946747,0.08471005917159861,0.11242603550295859,True,0.002997002997002997
N2,hhi,90,15,Municipal/Local,False,Municipality / municipal company,0.06666666666666667,0.07160000000000023,0.08444444444444445,False,1.0
N2,hhi,92,13,Municipal/Local,False,Municipality / municipal company,0.1242603550295858,0.08369230769230873,0.10059171597633136,True,0.011988011988011988
N2,hhi,94,6,Other public,False,Central government / agency,0.2222222222222222,0.1692222222222216,0.16666666666666666,True,0.04295704295704296
N2,hhi,99,22,Other public,False,Other,0.11570247933884298,0.054917355371900886,0.07024793388429752,True,0.000999000999000999
N2,hhi,100,10,Agriculture/Environment,False,Central government / agency,0.12,0.10827999999999931,0.12,False,0.3646353646353646
N2,hhi,104,6,Municipal/Local,False,Municipality / municipal company,0.2222222222222222,0.1729999999999995,0.2222222222222222,False,0.11188811188811189
N2,hhi,113,8,Other public,False,Other,0.15625,0.13125,0.15625,False,0.1838161838161838
N2,hhi,114,7,Municipal/Local,False,Municipality / municipal company,0.22448979591836735,0.14632653061224327,0.1836734693877551,True,0.000999000999000999
N2,hhi,115,7,Other public,False,Central government / agency,0.14285714285714285,0.14628571428571271,0.1836734693877551,False,1.0
N2,hhi,116,13,Agriculture/Environment,False,Central government / agency,0.23076923076923078,0.09300591715976407,0.11242603550295859,True,0.000999000999000999
N2,hhi,119,7,Education,False,University (non-health unit),0.14285714285714285,0.15028571428571258,0.1836734693877551,False,1.0
N2,hhi,123,13,Other public,False,Central government / agency,0.727810650887574,0.08685207100591805,0.11242603550295859,True,0.000999000999000999
N2,hhi,131,23,Other public,False,Central government / agency,0.0888468809073724,0.06868431001890314,0.08506616257088846,True,0.03996003996003996
N2,hhi,133,8,Municipal/Local,False,Municipality / municipal company,1.0,0.15109375,0.21875,True,0.000999000999000999
N2,hhi,135,5,Municipal/Local,False,Municipality / municipal company,0.2,0.22783999999999754,0.28,False,1.0
N2,hhi,136,5,Other public,False,Other,0.44,0.20527999999999727,0.28,True,0.000999000999000999
N2,hhi,138,39,Education,False,University (non-health unit),0.2176199868507561,0.04104667981591066,0.05325443786982249,True,0.000999000999000999
N2,hhi,139,58,Defence,False,Central government / agency,0.04280618311533888,0.03483472057074912,0.04042806183115339,True,0.012987012987012988
N2,hhi,140,7,Education,False,University (non-health unit),0.30612244897959184,0.18044897959183429,0.2653061224489796,True,0.00999000999000999
N2,hhi,141,8,Education,False,University (non-health unit),0.125,0.13,0.15625,False,1.0
N2,hhi,144,18,Education,False,University (non-health unit),0.08024691358024691,0.0652962962962963,0.08024691358024691,False,0.10589410589410589
N2,hhi,146,10,Infrastructure/Transport,False,Central government / agency,0.12,0.10763999999999893,0.12,False,0.3026973026973027
N2,hhi,148,5,Other public,False,Central government / agency,0.68,0.20695999999999726,0.28,True,0.000999000999000999
N2,hhi,151,16,Education,False,University (non-health unit),0.109375,0.0820859375,0.1171875,False,0.1048951048951049
N2,hhi,157,8,Social/Finance,False,Other,0.21875,0.1333125,0.15625,True,0.011988011988011988
N2,hhi,158,13,Municipal/Local,False,Municipality / municipal company,0.07692307692307693,0.08314792899408399,0.11242603550295859,False,1.0
N2,hhi,159,7,Municipal/Local,False,Municipality / municipal company,0.14285714285714285,0.15212244897959018,0.1836734693877551,False,1.0
N2,hhi,160,24,Municipal/Local,False,Municipality / municipal company,0.1284722222222222,0.04673611111111097,0.05555555555555555,True,0.000999000999000999
N2,hhi,163,6,Health,False,University hospital / medical faculty,0.2222222222222222,0.1794999999999996,0.2222222222222222,False,0.22677322677322678
N2,hhi,172,89,Municipal/Local,False,Municipality / municipal company,0.03522282540083323,0.014688801918949659,0.016790809241257417,True,0.000999000999000999
N2,hhi,173,5,Other public,False,Other,0.36,0.2093599999999972,0.28,True,0.002997002997002997
N2,hhi,174,5,Education,False,University (non-health unit),0.44,0.2255999999999972,0.28,True,0.03196803196803197
N2,hhi,175,6,Municipal/Local,False,Municipality / municipal company,0.16666666666666666,0.17227777777777725,0.2222222222222222,False,1.0
N2,hhi,176,29,Municipal/Local,False,Municipality / municipal company,0.12009512485136742,0.03930083234244953,0.04637336504161712,True,0.000999000999000999
N2,hhi,178,11,Social/Finance,False,Central government / agency,0.12396694214876033,0.12282644628099082,0.14049586776859505,False,0.7542457542457542
N2,hhi,179,11,Education,False,University (non-health unit),0.14049586776859505,0.1005785123966955,0.12479338842975132,True,0.05094905094905095
N2,hhi,180,8,Other public,False,Other,0.15625,0.128,0.15625,False,0.09490509490509491
N2,hhi,187,26,Other public,False,Central government / agency,0.10059171597633136,0.04250295857988226,0.05029585798816568,True,0.000999000999000999
N2,hhi,188,14,Municipal/Local,False,Municipality / municipal company,0.10204081632653061,0.08114285714285667,0.10204081632653061,False,0.12287712287712288
N2,hhi,189,6,Health,False,Other health body (central/agency),0.2777777777777778,0.18694444444444472,0.2222222222222222,True,0.023976023976023976
N2,hhi,190,6,Infrastructure/Transport,False,Other,0.2222222222222222,0.16816666666666594,0.16666666666666666,True,0.027972027972027972
N2,hhi,191,28,Municipal/Local,False,Municipality / municipal company,0.061224489795918366,0.042989795918366956,0.05357142857142857,True,0.015984015984015984
N2,hhi,192,9,Other public,False,Central government / agency,0.6296296296296297,0.1196049382716061,0.13580246913580246,True,0.000999000999000999
N2,hhi,193,11,Other public,True,Other,0.30578512396694213,0.19031404958677517,0.256198347107438,True,0.001998001998001998
N2,hhi,194,22,Social/Finance,False,Central government / agency,0.07851239669421488,0.07560743801652862,0.09090909090909091,False,0.46653346653346656
N2,hhi,195,25,Health,False,Other health body (central/agency),0.1904,0.05937919999999956,0.0784,True,0.000999000999000999
N2,hhi,196,5,Municipal/Local,False,Municipality / municipal company,0.2,0.20215999999999718,0.2,False,1.0
N2,hhi,197,17,Municipal/Local,False,Municipality / municipal company,0.07958477508650519,0.06420069204152344,0.0726643598615917,True,0.04795204795204795
N2,hhi,198,40,Municipal/Local,False,Municipality / municipal company,0.1525,0.034757500000000024,0.04625,True,0.000999000999000999
N2,hhi,199,44,Infrastructure/Transport,False,Central government / agency,0.05475206611570248,0.03333367768595038,0.04240702479338838,True,0.001998001998001998
N2,hhi,200,8,Infrastructure/Transport,False,Other,0.21875,0.137625,0.15625,True,0.027972027972027972
N2,hhi,201,6,Infrastructure/Transport,False,Central government / agency,0.3333333333333333,0.17611111111111075,0.2222222222222222,True,0.004995004995004995
N2,hhi,203,56,Municipal/Local,False,Municipality / municipal company,0.05357142857142857,0.020672831632652943,0.023596938775510203,True,0.000999000999000999
N2,hhi,204,29,Municipal/Local,False,Municipality / municipal company,0.06539833531510107,0.03832580261593348,0.04399524375743163,True,0.000999000999000999
N2,hhi,205,12,Other public,False,Central government / agency,0.19444444444444445,0.0891111111111112,0.1111111111111111,True,0.000999000999000999
N2,hhi,206,13,Municipal/Local,False,Municipality / municipal company,0.25443786982248523,0.08839053254437958,0.11242603550295859,True,0.001998001998001998
N2,hhi,208,12,Municipal/Local,False,Municipality / municipal company,0.2222222222222222,0.08909722222222217,0.1111111111111111,True,0.000999000999000999
N2,hhi,209,14,Health,False,MoH hospital / dental centre,1.0,0.13428571428571426,0.1836734693877551,True,0.000999000999000999
N2,hhi,210,51,Municipal/Local,False,Municipality / municipal company,0.03037293348712034,0.02352018454440603,0.027297193387158785,True,0.00999000999000999
N2,hhi,211,68,Security/Interior,False,Central government / agency,0.04498269896193772,0.03153589965397932,0.035899653979238756,True,0.000999000999000999
N2,hhi,216,45,Social/Finance,False,Central government / agency,0.08345679012345679,0.05377086419753085,0.06962962962962962,True,0.002997002997002997
N2,hhi,217,36,Infrastructure/Transport,False,Central government / agency,0.040123456790123455,0.034472222222222036,0.038580246913580245,True,0.03596403596403597
N2,hhi,219,10,Other public,False,Central government / agency,0.24,0.12311999999999994,0.16,True,0.001998001998001998
N2,hhi,220,7,Other public,False,Other,0.1836734693877551,0.14489795918367185,0.1448979591836716,True,0.05094905094905095
N2,hhi,221,5,Municipal/Local,False,Municipality / municipal company,0.2,0.20087999999999717,0.2,False,1.0
N2,hhi,222,6,Municipal/Local,False,Municipality / municipal company,0.3888888888888889,0.17366666666666622,0.2222222222222222,True,0.000999000999000999
N2,hhi,224,8,Infrastructure/Transport,False,Central government / agency,0.125,0.125,0.125,False,1.0
N2,hhi,226,8,Other public,False,Central government / agency,0.15625,0.12521875,0.125,True,0.007992007992007992
N2,hhi,228,5,Municipal/Local,False,Municipality / municipal company,1.0,0.21303999999999737,0.28,True,0.000999000999000999
N2,hhi,231,14,Education,False,University (non-health unit),0.08163265306122448,0.07691836734693829,0.09183673469387756,False,0.4385614385614386
N2,hhi,232,18,Municipal/Local,False,Municipality / municipal company,0.10493827160493827,0.0627222222222224,0.08024691358024691,True,0.000999000999000999
N2,hhi,236,10,Education,False,University (non-health unit),0.1,0.10147999999999875,0.12,False,1.0
N2,hhi,237,10,Agriculture/Environment,False,Central government / agency,0.1,0.09999999999999859,0.1,False,1.0
N2,hhi,239,5,Municipal/Local,False,Municipality / municipal company,0.2,0.2035199999999972,0.2,False,1.0
N2,hhi,240,9,Education,False,University (non-health unit),0.654320987654321,0.19434567901234626,0.2839506172839506,True,0.000999000999000999
N2,hhi,243,20,Other public,False,Other,0.1,0.05604499999999966,0.065,True,0.000999000999000999
N2,hhi,245,10,Health,True,MoH provincial directorate / hospital union,0.16,0.11043999999999941,0.14,True,0.00999000999000999
N2,hhi,246,42,Social/Finance,False,Central government / agency,0.07369614512471655,0.037688208616779705,0.046485260770975055,True,0.000999000999000999
N2,hhi,248,7,Education,False,University (non-health unit),0.22448979591836735,0.17175510204081443,0.22448979591836735,False,0.1038961038961039
N2,hhi,249,9,Municipal/Local,False,Municipality / municipal company,0.13580246913580246,0.12656790123456846,0.18518518518518517,False,0.4385614385614386
N2,hhi,250,19,Municipal/Local,False,Municipality / municipal company,0.08587257617728532,0.054459833795014706,0.05817174515235457,True,0.001998001998001998
N2,hhi,251,7,Security/Interior,False,Central government / agency,0.14285714285714285,0.16371428571428365,0.2653061224489796,False,1.0
N2,hhi,256,5,Municipal/Local,False,Municipality / municipal company,0.2,0.20935999999999735,0.28,False,1.0
N2,hhi,258,13,Provincial admin,False,Other,0.08875739644970414,0.08789349112426081,0.10059171597633136,False,0.7732267732267732
N2,hhi,259,27,Justice,False,Central government / agency,0.06721536351165981,0.06858710562414161,0.06995884773662552,False,1.0
N2,hhi,261,12,Agriculture/Environment,False,Other,0.09722222222222222,0.09162500000000036,0.09722222222222222,False,0.5564435564435565
N2,hhi,262,6,Health,False,University hospital / medical faculty,0.2222222222222222,0.18344444444444424,0.2222222222222222,False,0.26173826173826176
N2,hhi,263,26,Municipal/Local,False,Municipality / municipal company,0.2958579881656805,0.05371005917159826,0.07396449704142012,True,0.000999000999000999
N2,hhi,266,5,Municipal/Local,False,Municipality / municipal company,0.2,0.20159999999999723,0.2,False,1.0
N2,hhi,267,7,Security/Interior,False,Central government / agency,0.1836734693877551,0.16346938775509992,0.1836734693877551,False,0.5054945054945055
N2,hhi,269,8,Education,False,University (non-health unit),0.1875,0.1325625,0.15625,True,0.00999000999000999
N2,hhi,274,19,Infrastructure/Transport,False,Central government / agency,0.11357340720221606,0.07417174515235463,0.09695290858725762,True,0.016983016983016984
N2,hhi,275,22,Municipal/Local,False,Municipality / municipal company,0.07851239669421488,0.050677685950413644,0.06198347107438017,True,0.005994005994005994
N2,hhi,276,9,Agriculture/Environment,False,Central government / agency,0.30864197530864196,0.1225679012345687,0.16049382716049382,True,0.000999000999000999
N2,hhi,279,18,Municipal/Local,False,Municipality / municipal company,0.08641975308641975,0.062364197530864335,0.08024691358024691,True,0.013986013986013986
N2,hhi,280,10,Other public,False,Central government / agency,0.14,0.10969999999999934,0.14,False,0.06493506493506493
N2,hhi,282,5,Other public,False,Central government / agency,0.28,0.21311999999999767,0.28,False,0.15784215784215785
N2,hhi,284,12,Municipal/Local,False,Municipality / municipal company,0.08333333333333333,0.08669444444444421,0.09722222222222222,False,1.0
N2,hhi,285,13,Municipal/Local,False,Municipality / municipal company,0.14792899408284024,0.0830887573964508,0.10059171597633136,True,0.000999000999000999
N2,hhi,287,7,Health,False,MoH hospital / dental centre,0.42857142857142855,0.19759183673469172,0.30612244897959184,True,0.000999000999000999
N2,hhi,288,13,Health,False,MoH hospital / dental centre,0.727810650887574,0.13620118343195356,0.1952662721893491,True,0.000999000999000999
N2,hhi,290,28,Health,False,MoH provincial directorate / hospital union,0.20918367346938777,0.06194642857142871,0.08686224489795907,True,0.000999000999000999
N2,hhi,292,19,Infrastructure/Transport,False,Central government / agency,0.08587257617728532,0.056398891966759665,0.06371191135734072,True,0.000999000999000999
N2,hhi,293,24,Municipal/Local,False,Municipality / municipal company,0.08333333333333333,0.04746874999999989,0.05555555555555555,True,0.001998001998001998
N2,hhi,296,16,Municipal/Local,False,Municipality / municipal company,0.0703125,0.0682421875,0.0859375,False,0.5034965034965035
N2,hhi,297,6,Infrastructure/Transport,False,Other,0.5,0.1937222222222219,0.3333333333333333,True,0.004995004995004995
N2,hhi,298,25,Municipal/Local,False,Municipality / municipal company,0.0912,0.04324799999999934,0.0496,True,0.000999000999000999
N2,hhi,299,5,Other public,False,Other,0.28,0.20247999999999713,0.2,True,0.03196803196803197
N2,hhi,301,9,Other public,False,Central government / agency,0.13580246913580246,0.11446913580247071,0.13580246913580246,False,0.12987012987012986
N2,hhi,302,7,Municipal/Local,False,Municipality / municipal company,0.5510204081632653,0.15653061224489626,0.1836734693877551,True,0.000999000999000999
N2,hhi,303,7,Education,False,University (non-health unit),0.2653061224489796,0.15199999999999828,0.1836734693877551,True,0.011988011988011988
N2,hhi,304,93,Municipal/Local,False,Municipality / municipal company,0.08197479477396231,0.015415886229621936,0.018152387559255405,True,0.000999000999000999
N2,hhi,306,11,Other public,False,Other,0.19008264462809918,0.09757024793388565,0.10743801652892562,True,0.000999000999000999
N2,hhi,310,12,Municipal/Local,False,Municipality / municipal company,0.3194444444444444,0.168138888888889,0.2916666666666667,True,0.013986013986013986
N2,hhi,311,11,Health,True,MoH provincial directorate / hospital union,0.2066115702479339,0.1341652892561984,0.19008264462809918,True,0.04695304695304695
N2,hhi,312,5,Infrastructure/Transport,False,Other,0.2,0.20255999999999721,0.2,False,1.0
N2,hhi,314,11,Education,False,University (non-health unit),0.09090909090909091,0.10619834710743903,0.14049586776859505,False,1.0
N2,hhi,319,6,Education,False,University (non-health unit),0.2222222222222222,0.17272222222222172,0.2222222222222222,False,0.10789210789210789
N2,hhi,320,13,Municipal/Local,False,Municipality / municipal company,0.1242603550295858,0.07893491124260507,0.08875739644970414,True,0.000999000999000999
N2,hhi,323,17,Other public,False,Central government / agency,0.2041522491349481,0.07820069204152237,0.10726643598615918,True,0.000999000999000999
N2,hhi,325,25,Education,False,University (non-health unit),0.056,0.051327999999999416,0.06255999999999985,False,0.2857142857142857
N2,hhi,326,5,Municipal/Local,False,Municipality / municipal company,0.2,0.2078399999999973,0.28,False,1.0
N2,hhi,327,5,Municipal/Local,False,Municipality / municipal company,0.28,0.20575999999999725,0.28,False,0.07292707292707293
N2,hhi,328,35,Municipal/Local,False,Municipality / municipal company,0.04163265306122449,0.03365551020408184,0.04,True,0.04395604395604396
N2,hhi,331,10,Other public,False,Other,0.12,0.10061999999999864,0.1,True,0.03196803196803197
N2,hhi,332,13,Other public,False,Other,0.33727810650887574,0.08371597633136187,0.10059171597633136,True,0.000999000999000999
N2,hhi,338,8,Defence,False,University (non-health unit),0.1875,0.14021875,0.15625,True,0.04795204795204795
N2,hhi,339,8,Other public,False,Other,0.1875,0.13115625,0.15625,True,0.02197802197802198
N2,hhi,340,5,Municipal/Local,False,Municipality / municipal company,1.0,0.21823999999999769,0.28,True,0.000999000999000999
N2,hhi,344,6,Other public,False,Other,0.3333333333333333,0.18016666666666645,0.2222222222222222,True,0.005994005994005994
N2,hhi,346,33,Municipal/Local,False,Municipality / municipal company,0.3314967860422406,0.04617263544536279,0.06887052341597796,True,0.000999000999000999
N2,hhi,347,6,Municipal/Local,False,Municipality / municipal company,0.16666666666666666,0.16844444444444376,0.16666666666666666,False,1.0
N2,hhi,348,56,Agriculture/Environment,False,Central government / agency,0.03762755102040816,0.0260854591836738,0.029974489795918366,True,0.000999000999000999
N2,hhi,349,12,Education,False,University (non-health unit),0.08333333333333333,0.08373611111111082,0.08333333333333333,False,1.0
N2,hhi,350,7,Education,False,University (non-health unit),0.14285714285714285,0.1445306122448963,0.14285714285714285,False,1.0
N2,hhi,356,6,Municipal/Local,False,Municipality / municipal company,0.2222222222222222,0.24444444444444527,0.3888888888888889,False,0.6783216783216783
N2,hhi,360,6,Education,False,University (non-health unit),0.2222222222222222,0.17988888888888843,0.2222222222222222,False,0.1968031968031968
N2,hhi,361,5,Municipal/Local,False,Municipality / municipal company,0.2,0.20127999999999724,0.2,False,1.0
N2,hhi,362,5,Education,False,University (non-health unit),0.44,0.2212799999999972,0.28,True,0.024975024975024976
N2,hhi,364,8,Health,True,MoH provincial directorate / hospital union,0.4375,0.13559375,0.15625,True,0.000999000999000999
N2,hhi,365,7,Education,False,University (non-health unit),0.14285714285714285,0.15044897959183506,0.1836734693877551,False,1.0
N2,hhi,366,12,Infrastructure/Transport,False,Central government / agency,0.1111111111111111,0.08523611111111082,0.09722222222222222,True,0.004995004995004995
N2,hhi,368,10,Municipal/Local,False,Municipality / municipal company,0.18,0.1043199999999989,0.12,True,0.000999000999000999
N2,hhi,370,9,Health,True,MoH provincial directorate / hospital union,0.13580246913580246,0.13306172839506175,0.18518518518518517,False,0.5964035964035964
N2,hhi,371,9,Other public,False,Central government / agency,0.16049382716049382,0.11493827160493979,0.13580246913580246,True,0.007992007992007992
N2,hhi,372,6,Education,False,University (non-health unit),0.2222222222222222,0.17361111111111063,0.2222222222222222,False,0.12187812187812187
N2,hhi,374,6,Social/Finance,False,Central government / agency,0.16666666666666666,0.1666666666666659,0.16666666666666666,False,1.0
N2,hhi,375,8,Health,True,MoH provincial directorate / hospital union,0.3125,0.17521875,0.25,True,0.027972027972027972
N2,hhi,376,29,Health,False,Other health body (central/agency),0.041617122473246136,0.04617598097502974,0.06076099881093925,False,0.7642357642357642
N2,hhi,379,56,Municipal/Local,False,Municipality / municipal company,0.10140306122448979,0.025744897959183825,0.03188775510204082,True,0.000999000999000999
N2,hhi,380,16,Health,False,Other health body (central/agency),0.0703125,0.088734375,0.1171875,False,0.972027972027972
N2,hhi,381,7,Municipal/Local,False,Municipality / municipal company,0.30612244897959184,0.14542857142856977,0.1836734693877551,True,0.000999000999000999
N2,hhi,382,43,Municipal/Local,False,Municipality / municipal company,0.03948080043266631,0.02588318009734975,0.029745808545159545,True,0.000999000999000999
N2,hhi,383,5,Municipal/Local,False,Municipality / municipal company,0.2,0.21343999999999713,0.28,False,1.0
N2,hhi,384,20,Other public,False,Central government / agency,0.07,0.05726499999999977,0.07,False,0.06393606393606394
N2,hhi,387,15,Municipal/Local,False,Municipality / municipal company,0.1111111111111111,0.0695466666666673,0.07555555555555556,True,0.000999000999000999
N2,hhi,388,5,Municipal/Local,False,Municipality / municipal company,0.2,0.2098399999999972,0.28,False,1.0
N2,hhi,394,12,Municipal/Local,False,Municipality / municipal company,0.125,0.09231944444444487,0.125,False,0.054945054945054944
N2,hhi,395,11,Education,False,University (non-health unit),0.12396694214876033,0.09952066115702615,0.12396694214876033,False,0.07792207792207792
N2,hhi,398,59,Defence,False,Central government / agency,0.057167480609020396,0.053765010054582084,0.0675093363975869,False,0.3176823176823177
N2,hhi,400,5,Infrastructure/Transport,False,Central government / agency,0.28,0.2047199999999972,0.28,False,0.059940059940059943
N2,hhi,401,6,Infrastructure/Transport,False,Central government / agency,0.16666666666666666,0.18311111111111075,0.2222222222222222,False,1.0
N2,hhi,405,5,Other public,False,Central government / agency,0.2,0.2039199999999973,0.2,False,1.0
N2,hhi,406,11,Education,False,University (non-health unit),0.17355371900826447,0.10685950413223255,0.14049586776859505,True,0.014985014985014986
N2,hhi,408,10,Other public,False,Central government / agency,0.4,0.11657999999999961,0.16,True,0.000999000999000999
N2,hhi,409,7,Provincial admin,False,Central government / agency,0.14285714285714285,0.1496734693877534,0.1836734693877551,False,1.0
N2,hhi,413,7,Education,False,University (non-health unit),0.1836734693877551,0.14963265306122284,0.1836734693877551,False,0.15184815184815184
N2,hhi,414,13,Municipal/Local,False,Municipality / municipal company,0.14792899408284024,0.07997633136094805,0.08875739644970414,True,0.000999000999000999
N2,hhi,418,22,Municipal/Local,False,Municipality / municipal company,0.10330578512396695,0.04840082644628155,0.05371900826446281,True,0.000999000999000999
N2,hhi,421,6,Municipal/Local,False,Municipality / municipal company,0.16666666666666666,0.17155555555555496,0.2222222222222222,False,1.0
N2,hhi,422,6,Provincial admin,False,Other,0.2222222222222222,0.18477777777777782,0.2222222222222222,False,0.3076923076923077
N2,hhi,424,7,Social/Finance,False,Central government / agency,0.14285714285714285,0.14979591836734535,0.1836734693877551,False,1.0
N2,hhi,425,5,Other public,False,Central government / agency,0.2,0.20711999999999717,0.28,False,1.0
N2,hhi,428,6,Municipal/Local,False,Municipality / municipal company,0.16666666666666666,0.16783333333333253,0.16666666666666666,False,1.0
N2,hhi,432,7,Other public,False,Other,0.5510204081632653,0.2126938775510166,0.3877551020408163,True,0.007992007992007992
N2,hhi,433,22,Education,False,University (non-health unit),0.14049586776859505,0.06109504132231381,0.07851239669421488,True,0.000999000999000999
N2,hhi,436,6,Health,True,MoH provincial directorate / hospital union,0.2777777777777778,0.20433333333333373,0.3333333333333333,False,0.0969030969030969
N2,hhi,441,16,Infrastructure/Transport,False,Central government / agency,0.0703125,0.0689921875,0.078125,False,0.6623376623376623
N2,hhi,444,7,Health,False,University hospital / medical faculty,0.42857142857142855,0.18310204081632397,0.2653061224489796,True,0.005994005994005994
N2,hhi,446,12,Municipal/Local,False,Municipality / municipal company,0.1111111111111111,0.08895833333333318,0.09791666666666604,True,0.05094905094905095
N2,hhi,449,12,Other public,False,Central government / agency,0.09722222222222222,0.08929166666666669,0.09722222222222222,False,0.3706293706293706
N2,hhi,450,53,Municipal/Local,False,Municipality / municipal company,0.036667853328586686,0.022455678177287244,0.025987896048415806,True,0.000999000999000999
N2,hhi,451,10,Municipal/Local,False,Municipality / municipal company,0.3,0.10713999999999903,0.12,True,0.000999000999000999
N2,hhi,452,8,Municipal/Local,False,Municipality / municipal company,0.1875,0.1313125,0.15625,True,0.016983016983016984
N2,hhi,455,14,Agriculture/Environment,False,Central government / agency,0.11224489795918367,0.0780204081632649,0.09183673469387756,True,0.001998001998001998
N2,hhi,457,6,Education,False,University (non-health unit),0.16666666666666666,0.1707222222222216,0.2222222222222222,False,1.0
N2,hhi,467,6,Municipal/Local,False,Municipality / municipal company,0.16666666666666666,0.16872222222222155,0.16666666666666666,False,1.0
N2,hhi,468,5,Municipal/Local,False,Municipality / municipal company,0.52,0.21175999999999737,0.28,True,0.000999000999000999
N2,hhi,470,36,Education,False,Central government / agency,0.08487654320987655,0.04250617283950621,0.05401234567901234,True,0.000999000999000999
N2,hhi,471,45,Agriculture/Environment,False,Central government / agency,0.12296296296296297,0.06940444444444445,0.0874074074074074,True,0.000999000999000999
N2,hhi,479,9,Education,False,University (non-health unit),0.25925925925925924,0.13496296296296312,0.18518518518518517,True,0.008991008991008992
N2,hhi,481,15,Municipal/Local,False,Municipality / municipal company,0.2088888888888889,0.07439999999999984,0.09333333333333334,True,0.000999000999000999
N2,hhi,482,8,Health,False,MoH hospital / dental centre,0.78125,0.17734375,0.25,True,0.000999000999000999
N2,hhi,484,30,Other public,False,Central government / agency,0.07333333333333333,0.051268888888889405,0.057777777777777775,True,0.000999000999000999
N2,hhi,485,8,Other public,False,Other,0.15625,0.13025,0.15625,False,0.15384615384615385
N2,hhi,486,18,Infrastructure/Transport,False,Central government / agency,0.08641975308641975,0.06860493827160474,0.08024691358024691,True,0.03496503496503497
N2,hhi,487,16,Municipal/Local,False,Municipality / municipal company,0.171875,0.0666640625,0.078125,True,0.000999000999000999
N2,hhi,489,5,Infrastructure/Transport,False,Central government / agency,0.2,0.2050399999999972,0.28,False,1.0
N2,hhi,491,10,Other public,False,Central government / agency,0.14,0.10449999999999882,0.12,True,0.017982017982017984
N2,hhi,497,7,Municipal/Local,False,Municipality / municipal company,0.22448979591836735,0.1460816326530596,0.1836734693877551,True,0.003996003996003996
N2,hhi,498,6,Infrastructure/Transport,False,Central government / agency,0.3333333333333333,0.17199999999999932,0.2222222222222222,True,0.002997002997002997
N2,hhi,499,7,Education,False,University (non-health unit),0.1836734693877551,0.15044897959183504,0.1836734693877551,False,0.16783216783216784
N2,hhi,503,13,Infrastructure/Transport,False,Central government / agency,0.15976331360946747,0.08222485207100699,0.10059171597633136,True,0.000999000999000999
N2,hhi,508,5,Education,False,University (non-health unit),0.2,0.20503999999999728,0.28,False,1.0
N2,hhi,509,9,Health,True,MoH provincial directorate / hospital union,0.38271604938271603,0.1379753086419751,0.18518518518518517,True,0.000999000999000999
N2,hhi,520,6,Other public,False,Other,0.16666666666666666,0.16672222222222147,0.16666666666666666,False,1.0
N2,hhi,521,15,Municipal/Local,False,Municipality / municipal company,0.09333333333333334,0.0712000000000003,0.08444444444444445,True,0.03196803196803197
N2,hhi,522,15,Municipal/Local,False,Municipality / municipal company,0.07555555555555556,0.06936000000000049,0.07555555555555556,False,0.26373626373626374
N2,hhi,523,7,Education,False,University (non-health unit),0.22448979591836735,0.1682857142857123,0.22448979591836735,False,0.07592407592407592
N2,hhi,524,6,Education,False,University (non-health unit),0.5,0.18783333333333296,0.2222222222222222,True,0.000999000999000999
N2,hhi,527,5,Other public,False,Central government / agency,0.28,0.20343999999999726,0.2,True,0.04395604395604396
N2,hhi,540,10,Agriculture/Environment,False,Central government / agency,0.12,0.1009199999999987,0.1,True,0.04595404595404595
N2,hhi,544,7,Municipal/Local,False,Municipality / municipal company,0.14285714285714285,0.1464489795918351,0.1836734693877551,False,1.0
N2,hhi,545,5,Other public,False,Central government / agency,0.52,0.2169599999999975,0.28,True,0.000999000999000999
N2,hhi,548,5,Education,False,University (non-health unit),0.52,0.22271999999999778,0.28,True,0.000999000999000999
N2,hhi,549,5,Security/Interior,False,Central government / agency,0.28,0.24095999999999837,0.28,False,0.5124875124875125
N2,hhi,559,13,Municipal/Local,False,Municipality / municipal company,0.13609467455621302,0.08067455621301899,0.08875739644970414,True,0.002997002997002997
N2,hhi,571,6,Municipal/Local,False,Municipality / municipal company,0.2222222222222222,0.17838888888888846,0.2222222222222222,False,0.1888111888111888
N2,hhi,573,5,Municipal/Local,False,Municipality / municipal company,0.28,0.20807999999999735,0.28,False,0.0979020979020979
N2,hhi,574,14,Health,True,MoH provincial directorate / hospital union,0.09183673469387756,0.07943877551020362,0.10204081632653061,False,0.15584415584415584
N2,hhi,582,10,Agriculture/Environment,False,Central government / agency,0.14,0.10939999999999944,0.14,False,0.06393606393606394
N2,hhi,586,6,Provincial admin,False,Other,0.3333333333333333,0.1806111111111109,0.2222222222222222,True,0.012987012987012988
N2,hhi,588,20,Other public,False,Central government / agency,0.07,0.056534999999999676,0.065,True,0.04295704295704296
N2,hhi,590,9,Other public,False,Other,0.8024691358024691,0.13118518518518538,0.18518518518518517,True,0.000999000999000999
N2,hhi,592,6,Municipal/Local,False,Municipality / municipal company,0.16666666666666666,0.17305555555555488,0.2222222222222222,False,1.0
N2,hhi,593,8,Health,True,MoH provincial directorate / hospital union,0.3125,0.142625,0.1875,True,0.000999000999000999
N2,hhi,595,9,Municipal/Local,False,Municipality / municipal company,0.13580246913580246,0.11869135802469259,0.13580246913580246,False,0.26073926073926074
N2,hhi,599,7,Municipal/Local,False,Municipality / municipal company,0.1836734693877551,0.15167346938775336,0.1836734693877551,False,0.19080919080919082
N2,hhi,605,12,Other public,False,Central government / agency,0.1111111111111111,0.09098611111111127,0.1111111111111111,False,0.07892107892107893
N2,hhi,608,13,Education,False,University (non-health unit),0.1242603550295858,0.09911242603550402,0.14792899408284024,False,0.14585414585414586
N2,hhi,611,15,Provincial admin,False,Other,0.13777777777777778,0.07671111111111065,0.09333333333333334,True,0.000999000999000999
N2,hhi,613,13,Municipal/Local,False,Municipality / municipal company,0.1242603550295858,0.08185798816568171,0.10059171597633136,True,0.002997002997002997
N2,hhi,615,7,Agriculture/Environment,False,Central government / agency,0.14285714285714285,0.1449387755102025,0.1836734693877551,False,1.0
N2,hhi,616,9,Other public,False,Central government / agency,0.25925925925925924,0.12353086419753155,0.16049382716049382,True,0.000999000999000999
N2,hhi,617,8,Education,False,University (non-health unit),0.15625,0.1380625,0.15781249999999858,False,0.34265734265734266
N2,hhi,618,13,Other public,False,Other,0.3254437869822485,0.08480473372781172,0.11242603550295859,True,0.000999000999000999
N2,hhi,620,6,Other public,False,Central government / agency,0.2222222222222222,0.17772222222222164,0.2222222222222222,False,0.17082917082917082
N2,hhi,625,20,Social/Finance,False,Other,0.07,0.06660499999999996,0.085,False,0.43756243756243757
N2,hhi,638,5,Other public,False,Other,0.2,0.2001599999999972,0.2,False,1.0
N2,hhi,640,5,Education,False,University (non-health unit),0.28,0.21063999999999727,0.28,False,0.12687312687312688
N2,hhi,641,12,Other public,False,Central government / agency,0.25,0.09277777777777803,0.125,True,0.000999000999000999
N2,hhi,642,6,Other public,False,Other,0.16666666666666666,0.1684999999999993,0.16666666666666666,False,1.0
N2,hhi,646,21,Infrastructure/Transport,False,Central government / agency,0.12471655328798185,0.06728798185941062,0.09297052154195011,True,0.001998001998001998
N2,hhi,647,10,Education,False,University (non-health unit),0.16,0.11439999999999953,0.16,False,0.06393606393606394
N2,hhi,649,13,Municipal/Local,False,Municipality / municipal company,0.20710059171597633,0.08249704142011945,0.10059171597633136,True,0.000999000999000999
N2,hhi,655,10,Municipal/Local,False,Municipality / municipal company,0.12,0.10465999999999877,0.12,False,0.2087912087912088
N2,hhi,661,6,Education,False,University (non-health unit),0.3333333333333333,0.19955555555555576,0.2777777777777778,True,0.029970029970029972
N2,hhi,665,5,Other public,False,Central government / agency,0.2,0.20151999999999723,0.2,False,1.0
N2,hhi,675,5,Municipal/Local,False,Municipality / municipal company,0.2,0.20191999999999716,0.2,False,1.0
N2,hhi,679,7,Education,False,University (non-health unit),0.14285714285714285,0.14844897959183515,0.1836734693877551,False,1.0
N2,hhi,681,9,Education,False,University (non-health unit),0.25925925925925924,0.11925925925926062,0.13580246913580246,True,0.001998001998001998
N2,hhi,682,8,Education,False,University (non-health unit),0.25,0.17009375,0.25,False,0.08491508491508491
N2,hhi,688,11,Municipal/Local,False,Municipality / municipal company,0.12396694214876033,0.09575206611570387,0.10743801652892562,True,0.02197802197802198
N2,hhi,698,5,Infrastructure/Transport,False,Central government / agency,0.68,0.21791999999999734,0.28,True,0.000999000999000999
N2,hhi,702,19,Health,False,University hospital / medical faculty,0.5013850415512465,0.07880332409972307,0.10249307479224377,True,0.000999000999000999
N2,hhi,703,6,Health,True,MoH provincial directorate / hospital union,0.2222222222222222,0.20166666666666705,0.2777777777777778,False,0.4785214785214785
N2,hhi,705,12,Health,True,MoH provincial directorate / hospital union,0.2638888888888889,0.10911111111111217,0.1388888888888889,True,0.000999000999000999
N2,hhi,707,16,Other public,False,Central government / agency,0.1875,0.0786015625,0.109375,True,0.000999000999000999
N2,hhi,708,13,Education,False,University (non-health unit),0.10059171597633136,0.08124260355029703,0.08875739644970414,True,0.03996003996003996
N2,hhi,709,9,Provincial admin,False,Other,0.18518518518518517,0.14883950617283873,0.18518518518518517,False,0.16183816183816183
N2,hhi,710,5,Other public,False,Other,0.36,0.20383999999999713,0.2,True,0.001998001998001998
N2,hhi,711,7,Municipal/Local,False,Municipality / municipal company,0.1836734693877551,0.1499591836734677,0.1836734693877551,False,0.16083916083916083
N2,hhi,713,14,Defence,False,Central government / agency,0.1326530612244898,0.09175510204081577,0.11224489795918367,True,0.012987012987012988
N2,hhi,717,6,Education,False,University (non-health unit),0.2222222222222222,0.17972222222222195,0.2222222222222222,False,0.22977022977022976
N2,hhi,718,14,Other public,False,Central government / agency,0.10204081632653061,0.07446938775510155,0.08163265306122448,True,0.007992007992007992
N2,hhi,722,30,Infrastructure/Transport,False,Central government / agency,0.06666666666666667,0.0443044444444442,0.05788888888888879,True,0.022977022977022976
N2,hhi,726,15,Education,False,University (non-health unit),0.49333333333333335,0.13755555555555601,0.21777777777777776,True,0.000999000999000999
N2,hhi,729,11,Municipal/Local,False,Municipality / municipal company,0.09090909090909091,0.09795041322314191,0.12396694214876033,False,1.0
N2,hhi,731,5,Education,False,University (non-health unit),0.28,0.25327999999999795,0.44,False,0.44155844155844154
N2,hhi,737,19,Municipal/Local,False,Municipality / municipal company,0.19113573407202217,0.0589141274238232,0.06925207756232687,True,0.000999000999000999
N2,hhi,740,5,Municipal/Local,False,Municipality / municipal company,0.2,0.20311999999999722,0.2,False,1.0
N2,hhi,744,8,Other public,False,Central government / agency,0.21875,0.1315625,0.15625,True,0.008991008991008992
N2,hhi,756,5,Municipal/Local,False,Municipality / municipal company,0.2,0.20191999999999724,0.2,False,1.0
N2,hhi,759,13,Infrastructure/Transport,False,Central government / agency,0.20710059171597633,0.103183431952664,0.14792899408284024,True,0.003996003996003996
N2,hhi,763,12,Other public,False,Central government / agency,0.125,0.09140277777777808,0.1111111111111111,True,0.03296703296703297
N2,hhi,765,9,Other public,False,Central government / agency,0.1111111111111111,0.1153333333333349,0.13580246913580246,False,1.0
N2,hhi,766,17,Education,False,University (non-health unit),0.10034602076124567,0.07714878892733575,0.10726643598615918,False,0.1028971028971029
N2,hhi,768,21,Social/Finance,False,Central government / agency,0.10657596371882086,0.08180045351473873,0.09750566893424037,True,0.022977022977022976
N2,hhi,770,5,Education,False,University (non-health unit),0.2,0.21367999999999743,0.28,False,1.0
N2,hhi,772,12,Municipal/Local,False,Municipality / municipal company,0.1111111111111111,0.08623611111111093,0.09722222222222222,True,0.014985014985014986
N2,hhi,777,6,Municipal/Local,False,Municipality / municipal company,0.2222222222222222,0.17366666666666605,0.2222222222222222,False,0.12487512487512488
N2,hhi,782,5,Other public,False,Central government / agency,0.2,0.20167999999999722,0.2,False,1.0
N2,hhi,783,16,Other public,False,Central government / agency,0.328125,0.07021875,0.0859375,True,0.000999000999000999
N2,hhi,784,5,Other public,False,Central government / agency,0.28,0.2030399999999972,0.2,True,0.03896103896103896
N2,hhi,786,7,Security/Interior,False,Central government / agency,0.14285714285714285,0.14759183673469226,0.1836734693877551,False,1.0
N2,hhi,788,7,Municipal/Local,False,Municipality / municipal company,0.1836734693877551,0.1493877551020392,0.1836734693877551,False,0.14785214785214784
N2,hhi,791,9,Education,False,University (non-health unit),0.13580246913580246,0.12409876543209873,0.13580246913580246,False,0.5264735264735265
N2,hhi,794,8,Municipal/Local,False,Municipality / municipal company,0.15625,0.12846875,0.15625,False,0.1108891108891109
N2,hhi,795,15,Health,True,MoH provincial directorate / hospital union,0.1288888888888889,0.08910222222222206,0.12,True,0.03496503496503497
N2,hhi,798,12,Education,False,University (non-health unit),0.08333333333333333,0.10166666666666739,0.1388888888888889,False,1.0
N2,hhi,805,11,Health,True,MoH provincial directorate / hospital union,0.17355371900826447,0.1082975206611582,0.14049586776859505,True,0.00999000999000999
N2,hhi,807,26,Infrastructure/Transport,False,Central government / agency,0.10059171597633136,0.0450059171597638,0.05325443786982249,True,0.000999000999000999
N2,hhi,811,7,Agriculture/Environment,False,Central government / agency,0.14285714285714285,0.14351020408163104,0.14285714285714285,False,1.0
N2,hhi,817,9,Infrastructure/Transport,False,Central government / agency,0.16049382716049382,0.11471604938271769,0.13580246913580246,True,0.005994005994005994
N2,hhi,818,8,Health,False,MoH provincial directorate / hospital union,0.21875,0.13378125,0.15625,True,0.017982017982017984
N2,hhi,824,13,Other public,False,Central government / agency,0.10059171597633136,0.08261538461538585,0.10059171597633136,False,0.07592407592407592
N2,hhi,829,10,Infrastructure/Transport,False,Other,0.82,0.3575800000000011,0.52,True,0.001998001998001998
N2,hhi,832,6,Municipal/Local,False,Municipality / municipal company,0.2222222222222222,0.17055555555555504,0.2222222222222222,False,0.06893106893106893
N2,hhi,837,5,Health,False,MoH provincial directorate / hospital union,0.28,0.21247999999999742,0.28,False,0.14985014985014986
N2,hhi,842,19,Agriculture/Environment,False,Central government / agency,0.13573407202216067,0.06720775623268672,0.08587257617728532,True,0.000999000999000999
N2,hhi,844,26,Social/Finance,False,Other,0.08284023668639054,0.05443786982248587,0.06804733727810651,True,0.003996003996003996
N2,hhi,845,5,Infrastructure/Transport,False,Central government / agency,0.2,0.20263999999999716,0.2,False,1.0
N2,hhi,847,11,Health,False,University hospital / medical faculty,0.5702479338842975,0.145884297520662,0.256198347107438,True,0.000999000999000999
N2,hhi,848,10,Health,False,MoH provincial directorate / hospital union,0.4,0.13589999999999966,0.22,True,0.000999000999000999
N2,hhi,852,16,Infrastructure/Transport,False,Central government / agency,0.1171875,0.08328125,0.109375,True,0.03596403596403597
N2,hhi,854,5,Education,False,University (non-health unit),0.2,0.19999999999999718,0.2,False,1.0
N2,hhi,857,12,Infrastructure/Transport,False,Central government / agency,0.09722222222222222,0.0869999999999999,0.09722222222222222,False,0.2517482517482518
N2,hhi,861,6,Education,False,University (non-health unit),0.2222222222222222,0.17538888888888857,0.2222222222222222,False,0.14985014985014986
N2,hhi,866,5,Health,False,MoH provincial directorate / hospital union,0.68,0.21679999999999747,0.28,True,0.000999000999000999
N2,hhi,868,5,Education,False,University (non-health unit),0.2,0.21319999999999725,0.28,False,1.0
N2,hhi,869,7,Other public,False,Central government / agency,0.30612244897959184,0.15138775510203922,0.1836734693877551,True,0.000999000999000999
N2,hhi,876,5,Health,False,MoH provincial directorate / hospital union,0.68,0.23103999999999764,0.28,True,0.000999000999000999
N2,hhi,879,7,Education,False,University (non-health unit),0.42857142857142855,0.21481632653061056,0.30612244897959184,True,0.003996003996003996
N2,hhi,887,12,Other public,False,Central government / agency,0.1388888888888889,0.08816666666666667,0.09722222222222222,True,0.003996003996003996
N2,hhi,888,7,Education,False,University (non-health unit),0.3877551020408163,0.17412244897958934,0.2653061224489796,True,0.013986013986013986
N2,hhi,889,7,Education,False,University (non-health unit),0.30612244897959184,0.1590612244897942,0.1836734693877551,True,0.001998001998001998
N2,hhi,890,12,Other public,False,Central government / agency,0.18055555555555555,0.08913888888888898,0.09722222222222222,True,0.000999000999000999
N2,hhi,897,11,Other public,False,Central government / agency,0.12396694214876033,0.09452892561983614,0.10743801652892562,True,0.022977022977022976
N2,hhi,899,6,Other public,False,Central government / agency,0.16666666666666666,0.16827777777777705,0.16666666666666666,False,1.0
N2,hhi,902,5,Defence,False,Central government / agency,0.28,0.2285599999999974,0.28,False,0.2817182817182817
N2,hhi,905,5,Defence,False,Central government / agency,0.68,0.339999999999996,0.44,True,0.04995004995004995
N2,hhi,911,5,Municipal/Local,False,Municipality / municipal company,0.2,0.20199999999999724,0.2,False,1.0
N2,hhi,912,5,Municipal/Local,False,Municipality / municipal company,0.2,0.21031999999999745,0.28,False,1.0
N2,hhi,916,7,Health,False,MoH provincial directorate / hospital union,0.5102040816326531,0.18020408163265092,0.2653061224489796,True,0.000999000999000999
N2,hhi,922,7,Health,True,MoH provincial directorate / hospital union,0.30612244897959184,0.1699999999999979,0.2265306122448961,True,0.014985014985014986
N2,hhi,927,5,Health,False,MoH provincial directorate / hospital union,0.68,0.23207999999999765,0.28,True,0.000999000999000999
N2,hhi,928,5,Municipal/Local,False,Municipality / municipal company,0.2,0.20447999999999714,0.28,False,1.0
N2,hhi,930,8,Social/Finance,False,Central government / agency,0.1875,0.13353125,0.15625,True,0.014985014985014986
N2,hhi,934,30,Health,True,MoH provincial directorate / hospital union,0.09111111111111111,0.05468000000000048,0.06888888888888889,True,0.002997002997002997
N2,hhi,935,5,Health,False,MoH provincial directorate / hospital union,0.68,0.22679999999999745,0.28,True,0.000999000999000999
N2,hhi,936,8,Infrastructure/Transport,False,Central government / agency,0.1875,0.14215625,0.1875,False,0.07692307692307693
N2,hhi,937,5,Health,False,MoH provincial directorate / hospital union,0.52,0.21799999999999742,0.28,True,0.000999000999000999
N2,hhi,940,9,Health,False,MoH provincial directorate / hospital union,0.25925925925925924,0.13330864197530878,0.18518518518518517,True,0.00999000999000999
N2,hhi,942,12,Security/Interior,False,Central government / agency,0.1111111111111111,0.09418055555555631,0.1111111111111111,False,0.12687312687312688
N2,hhi,943,5,Municipal/Local,False,Municipality / municipal company,0.28,0.2061599999999972,0.28,False,0.07392607392607392
N2,hhi,945,13,Health,True,MoH provincial directorate / hospital union,0.13609467455621302,0.1014911242603561,0.13609467455621302,False,0.06993006993006994
N2,hhi,947,7,Education,False,University (non-health unit),0.14285714285714285,0.14979591836734524,0.1836734693877551,False,1.0
N2,hhi,954,11,Agriculture/Environment,False,Central government / agency,0.19008264462809918,0.11400000000000089,0.14049586776859505,True,0.001998001998001998
N2,hhi,957,12,Agriculture/Environment,False,Central government / agency,0.20833333333333334,0.10545833333333408,0.1388888888888889,True,0.000999000999000999
N2,hhi,958,6,Health,False,University hospital / medical faculty,0.2222222222222222,0.16799999999999932,0.16666666666666666,True,0.024975024975024976
N2,hhi,965,14,Agriculture/Environment,False,Central government / agency,0.11224489795918367,0.07565306122448927,0.08163265306122448,True,0.001998001998001998
N2,hhi,970,11,Health,False,MoH provincial directorate / hospital union,0.14049586776859505,0.10180165289256321,0.14049586776859505,False,0.059940059940059943
N2,hhi,972,13,Health,False,MoH provincial directorate / hospital union,0.15976331360946747,0.09898224852071102,0.1242603550295858,True,0.006993006993006993
N2,hhi,983,23,Other public,False,Central government / agency,0.1947069943289225,0.0526994328922493,0.06635160680529283,True,0.000999000999000999
N2,hhi,986,5,Education,False,University (non-health unit),0.68,0.2771199999999973,0.44,True,0.022977022977022976
N2,hhi,989,5,Municipal/Local,False,Municipality / municipal company,0.28,0.20431999999999725,0.28,False,0.053946053946053944
N2,hhi,993,9,Other public,False,Central government / agency,0.13580246913580246,0.1133827160493845,0.13580246913580246,False,0.08791208791208792
N2,hhi,995,6,Health,False,MoH hospital / dental centre,0.5,0.18711111111111084,0.2222222222222222,True,0.000999000999000999
N2,hhi,1007,6,Municipal/Local,False,Municipality / municipal company,0.2777777777777778,0.17899999999999983,0.2222222222222222,True,0.01098901098901099
N2,hhi,1009,5,Health,True,MoH provincial directorate / hospital union,0.28,0.21463999999999736,0.28,False,0.17582417582417584
N2,hhi,1015,9,Other public,False,Central government / agency,0.20987654320987653,0.11323456790123645,0.13580246913580246,True,0.000999000999000999
N2,hhi,1018,6,Municipal/Local,False,Municipality / municipal company,0.2222222222222222,0.1694999999999993,0.2222222222222222,False,0.05194805194805195
N2,hhi,1021,6,Health,True,MoH provincial directorate / hospital union,0.7222222222222222,0.20066666666666713,0.2777777777777778,True,0.000999000999000999
N2,hhi,1025,11,Municipal/Local,False,Municipality / municipal company,0.8347107438016529,0.1069917355371913,0.14049586776859505,True,0.000999000999000999
N2,hhi,1028,6,Education,False,University (non-health unit),0.2222222222222222,0.18033333333333293,0.2222222222222222,False,0.2077922077922078
N2,hhi,1040,12,Other public,False,Other,0.2361111111111111,0.09112500000000012,0.1111111111111111,True,0.000999000999000999
N2,hhi,1043,10,Other public,False,Central government / agency,0.14,0.1062799999999991,0.12,True,0.022977022977022976
N2,hhi,1053,10,Health,True,MoH provincial directorate / hospital union,0.22,0.12513999999999992,0.18,True,0.012987012987012988
N2,hhi,1058,11,Education,False,University (non-health unit),0.3884297520661157,0.1132396694214884,0.15702479338842976,True,0.000999000999000999
N2,hhi,1071,6,Health,True,MoH provincial directorate / hospital union,0.2777777777777778,0.1866666666666664,0.2222222222222222,True,0.03896103896103896
N2,hhi,1072,5,Agriculture/Environment,False,Central government / agency,0.2,0.20167999999999714,0.2,False,1.0
N2,hhi,1081,13,Municipal/Local,False,Municipality / municipal company,0.4319526627218935,0.08319526627219048,0.10059171597633136,True,0.000999000999000999
N2,hhi,1085,5,Health,True,MoH provincial directorate / hospital union,0.36,0.22783999999999746,0.28,True,0.03696303696303696
N2,hhi,1086,7,Health,False,MoH hospital / dental centre,1.0,0.17240816326530398,0.2653061224489796,True,0.000999000999000999
N2,hhi,1087,5,Health,False,MoH provincial directorate / hospital union,0.28,0.22055999999999737,0.28,False,0.21878121878121878
N2,hhi,1091,5,Infrastructure/Transport,False,Central government / agency,0.28,0.20543999999999715,0.28,False,0.06893106893106893
N2,hhi,1110,6,Defence,False,Central government / agency,0.3888888888888889,0.31455555555555303,0.3888888888888889,False,0.33166833166833165
N2,hhi,1115,11,Health,True,MoH provincial directorate / hospital union,0.12396694214876033,0.10816528925619948,0.14049586776859505,False,0.22977022977022976
N2,hhi,1122,6,Health,True,MoH provincial directorate / hospital union,0.16666666666666666,0.16722222222222152,0.16666666666666666,False,1.0
N2,hhi,1124,5,Health,True,MoH provincial directorate / hospital union,0.28,0.21335999999999727,0.28,False,0.15284715284715283
N2,hhi,1129,5,Infrastructure/Transport,False,Central government / agency,0.28,0.22383999999999757,0.28,False,0.26673326673326675
N2,hhi,1150,14,Municipal/Local,False,Municipality / municipal company,0.09183673469387756,0.07935714285714233,0.10204081632653061,False,0.15584415584415584
N2,hhi,1157,5,Health,True,MoH provincial directorate / hospital union,0.28,0.2223199999999974,0.28,False,0.23976023976023977
N2,hhi,1159,6,Other public,False,Other,0.2222222222222222,0.191333333333334,0.2222222222222222,False,0.44455544455544455
N2,hhi,1166,10,Health,True,MoH provincial directorate / hospital union,0.32,0.13230000000000006,0.18,True,0.000999000999000999
N2,hhi,1179,5,Education,False,University (non-health unit),0.28,0.2023999999999972,0.2,True,0.030969030969030968
N2,hhi,1201,8,Provincial admin,False,Other,0.34375,0.14759375,0.21875,True,0.001998001998001998
N2,hhi,1208,6,Provincial admin,False,Other,0.16666666666666666,0.1799444444444442,0.2222222222222222,False,1.0
N2,hhi,1215,7,Health,False,MoH hospital / dental centre,0.42857142857142855,0.16824489795918163,0.2653061224489796,True,0.000999000999000999
N2,hhi,1230,14,Social/Finance,False,Central government / agency,0.12244897959183673,0.10245918367346935,0.14285714285714285,False,0.17382617382617382
N2,hhi,1231,5,Education,False,University (non-health unit),0.2,0.2103199999999973,0.28,False,1.0
N2,hhi,1236,14,Other public,False,Other,0.11224489795918367,0.07526530612244857,0.08163265306122448,True,0.002997002997002997
N2,hhi,1240,5,Health,False,MoH provincial directorate / hospital union,0.28,0.22367999999999713,0.28,False,0.24975024975024976
N2,hhi,1242,7,Security/Interior,False,Central government / agency,0.14285714285714285,0.15326530612244738,0.1836734693877551,False,1.0
N2,hhi,1275,6,Municipal/Local,False,Municipality / municipal company,0.16666666666666666,0.16711111111111038,0.16666666666666666,False,1.0
N2,hhi,1278,5,Other public,False,Central government / agency,0.28,0.2101599999999971,0.28,False,0.11388611388611389
N2,hhi,1324,8,Health,False,MoH hospital / dental centre,0.59375,0.16909375,0.25,True,0.000999000999000999
N2,hhi,1356,5,Municipal/Local,False,Municipality / municipal company,0.28,0.20863999999999716,0.28,False,0.1088911088911089
N2,hhi,1368,5,Education,False,University (non-health unit),0.2,0.2039199999999972,0.2,False,1.0
N2,hhi,1374,7,Other public,False,Central government / agency,0.2653061224489796,0.15742857142856959,0.1836734693877551,True,0.015984015984015984
N2,hhi,1405,5,Other public,False,Other,0.28,0.2010399999999972,0.2,True,0.013986013986013986
N2,hhi,1414,5,Municipal/Local,False,Municipality / municipal company,0.2,0.2124799999999974,0.28,False,1.0
N2,hhi,1429,5,Agriculture/Environment,False,Central government / agency,0.28,0.22927999999999796,0.28,False,0.3626373626373626
N2,hhi,1433,11,Municipal/Local,False,Municipality / municipal company,0.15702479338842976,0.10135537190082779,0.12396694214876033,True,0.015984015984015984
N2,hhi,1435,5,Security/Interior,False,Central government / agency,0.2,0.21727999999999742,0.28,False,1.0
N2,hhi,1455,7,Infrastructure/Transport,False,Central government / agency,0.5510204081632653,0.15465306122448816,0.1836734693877551,True,0.000999000999000999
N2,hhi,1472,6,Health,False,MoH hospital / dental centre,0.7222222222222222,0.2196111111111114,0.3333333333333333,True,0.000999000999000999
N2,hhi,1484,10,Health,False,MoH hospital / dental centre,0.82,0.15309999999999999,0.22,True,0.000999000999000999
N2,hhi,1499,20,Health,False,MoH hospital / dental centre,0.205,0.08220499999999989,0.115,True,0.000999000999000999
N2,hhi,1503,6,Health,True,MoH provincial directorate / hospital union,0.5,0.18661111111111078,0.2222222222222222,True,0.004995004995004995
N2,hhi,1526,8,Health,False,MoH hospital / dental centre,1.0,0.19215625,0.3125,True,0.000999000999000999
N2,hhi,1529,6,Health,True,Other health body (central/agency),1.0,0.2514444444444455,0.3888888888888889,True,0.000999000999000999
N2,hhi,1545,13,Health,True,MoH provincial directorate / hospital union,0.4437869822485207,0.11878106508875888,0.17159763313609466,True,0.000999000999000999
N2,hhi,1555,7,Health,True,MoH provincial directorate / hospital union,0.2653061224489796,0.17644897959183445,0.2653061224489796,False,0.1048951048951049
N2,hhi,1578,17,Health,True,MoH provincial directorate / hospital union,0.2664359861591695,0.08056055363321782,0.10726643598615918,True,0.000999000999000999
N2,hhi,1618,6,Health,False,MoH provincial directorate / hospital union,0.2777777777777778,0.1973888888888891,0.2777777777777778,False,0.08391608391608392
N2,hhi,1680,5,Health,True,MoH provincial directorate / hospital union,1.0,0.24055999999999828,0.36,True,0.000999000999000999
N2,hhi,1683,7,Health,False,MoH hospital / dental centre,0.5918367346938775,0.17134693877550797,0.2653061224489796,True,0.000999000999000999
N2,hhi,1687,11,Health,False,MoH provincial directorate / hospital union,0.35537190082644626,0.1286115702479339,0.17355371900826447,True,0.000999000999000999
N2,hhi,1700,8,Health,False,MoH hospital / dental centre,0.28125,0.17809375,0.25,True,0.030969030969030968
N2,hhi,1702,5,Health,False,MoH hospital / dental centre,1.0,0.25247999999999843,0.36,True,0.000999000999000999
N2,hhi,1704,5,Health,False,MoH hospital / dental centre,0.68,0.22983999999999785,0.28,True,0.001998001998001998
N2,hhi,1705,8,Health,False,MoH provincial directorate / hospital union,1.0,0.1796875,0.25,True,0.000999000999000999
N2,hhi,1707,14,Health,False,MoH hospital / dental centre,0.8673469387755102,0.13185714285714278,0.1836734693877551,True,0.000999000999000999
N2,hhi,1710,6,Health,False,MoH provincial directorate / hospital union,0.5555555555555556,0.20383333333333353,0.2777777777777778,True,0.000999000999000999
N2,hhi,1713,6,Health,False,MoH hospital / dental centre,1.0,0.21750000000000064,0.3333333333333333,True,0.000999000999000999
N2,hhi,1722,5,Health,False,MoH hospital / dental centre,1.0,0.2507199999999985,0.36,True,0.000999000999000999
N2,hhi,1723,7,Health,False,University hospital / medical faculty,1.0,0.19591836734693663,0.2653061224489796,True,0.000999000999000999
N2,hhi,1724,7,Health,False,MoH hospital / dental centre,1.0,0.20028571428571204,0.30612244897959184,True,0.000999000999000999
N2,hhi,1734,6,Health,True,MoH provincial directorate / hospital union,0.2222222222222222,0.19427777777777794,0.2777777777777778,False,0.4115884115884116
N2,hhi,1736,6,Health,False,MoH hospital / dental centre,0.2222222222222222,0.18438888888888857,0.2222222222222222,False,0.2727272727272727
N2,hhi,1756,5,Education,False,University (non-health unit),0.2,0.20271999999999718,0.2,False,1.0
N2,hhi,1764,6,Health,True,MoH provincial directorate / hospital union,0.5,0.2191111111111115,0.3333333333333333,True,0.003996003996003996
N2,hhi,1767,5,Health,True,MoH provincial directorate / hospital union,0.52,0.25215999999999855,0.3639999999999963,True,0.006993006993006993
N2,hhi,1768,14,Health,False,MoH hospital / dental centre,0.7448979591836735,0.13280612244897955,0.1836734693877551,True,0.000999000999000999
N2,hhi,1772,14,Health,False,MoH hospital / dental centre,0.42857142857142855,0.13574489795918368,0.1841836734693873,True,0.000999000999000999
N2,hhi,1775,7,Health,False,University hospital / medical faculty,0.3877551020408163,0.18224489795918164,0.2653061224489796,True,0.006993006993006993
N2,hhi,1779,5,Health,False,MoH hospital / dental centre,0.36,0.23959999999999812,0.36,False,0.054945054945054944
N2,hhi,1793,6,Health,False,University hospital / medical faculty,0.7222222222222222,0.21866666666666726,0.3333333333333333,True,0.001998001998001998
N2,hhi,1801,6,Health,False,MoH hospital / dental centre,1.0,0.22066666666666754,0.3333333333333333,True,0.000999000999000999
N2,hhi,1803,10,Health,False,MoH hospital / dental centre,1.0,0.1547599999999998,0.22,True,0.000999000999000999
N2,hhi,1804,14,Health,False,MoH hospital / dental centre,1.0,0.1342346938775508,0.19387755102040816,True,0.000999000999000999
N2,hhi,1806,9,Health,False,MoH hospital / dental centre,0.654320987654321,0.1540246913580246,0.20987654320987653,True,0.000999000999000999
N2,hhi,1813,13,Health,False,MoH hospital / dental centre,0.8579881656804734,0.13581065088757488,0.1952662721893491,True,0.000999000999000999
N2,hhi,1814,5,Health,False,MoH hospital / dental centre,1.0,0.25751999999999853,0.44,True,0.000999000999000999
N2,hhi,1817,6,Health,False,MoH hospital / dental centre,1.0,0.22144444444444478,0.3333333333333333,True,0.000999000999000999
N2,hhi,1820,5,Health,True,MoH provincial directorate / hospital union,0.36,0.23935999999999785,0.36,False,0.059940059940059943
N2,hhi,1821,10,Health,False,MoH hospital / dental centre,1.0,0.1577999999999999,0.24,True,0.000999000999000999
N2,hhi,1822,12,Health,True,MoH provincial directorate / hospital union,0.3888888888888889,0.1205833333333339,0.16666666666666666,True,0.000999000999000999
N2,hhi,1824,5,Provincial admin,False,Central government / agency,0.28,0.22399999999999765,0.28,False,0.26573426573426573
N2,hhi,1826,8,Health,False,MoH hospital / dental centre,1.0,0.1815,0.25,True,0.000999000999000999
N2,hhi,1828,6,Health,False,MoH hospital / dental centre,0.5555555555555556,0.22466666666666732,0.3333333333333333,True,0.000999000999000999
N2,hhi,1833,14,Health,True,MoH provincial directorate / hospital union,0.336734693877551,0.12086734693877554,0.17346938775510204,True,0.000999000999000999
N2,hhi,1835,5,Health,False,MoH hospital / dental centre,0.68,0.238879999999998,0.36,True,0.001998001998001998
N2,hhi,1836,6,Health,False,MoH hospital / dental centre,1.0,0.225722222222223,0.3333333333333333,True,0.000999000999000999
N2,hhi,1845,5,Provincial admin,False,Central government / agency,0.44,0.22023999999999752,0.28,True,0.014985014985014986
N2,hhi,1849,5,Health,False,MoH hospital / dental centre,0.52,0.2495999999999984,0.36,True,0.005994005994005994
N2,hhi,1854,5,Health,False,MoH hospital / dental centre,0.28,0.2117599999999975,0.28,False,0.14485514485514486
N2,hhi,1856,10,Health,False,MoH hospital / dental centre,1.0,0.15987999999999977,0.22,True,0.000999000999000999
N2,hhi,1860,8,Health,False,MoH hospital / dental centre,0.53125,0.186,0.2515624999999986,True,0.000999000999000999
N2,hhi,1863,5,Health,False,MoH provincial directorate / hospital union,0.36,0.23023999999999764,0.28,True,0.03396603396603397
N2,hhi,1865,11,Health,False,MoH hospital / dental centre,1.0,0.1574380165289252,0.2231404958677686,True,0.000999000999000999
N2,hhi,1866,5,Health,False,MoH hospital / dental centre,1.0,0.252959999999998,0.44,True,0.000999000999000999
N2,hhi,1870,9,Health,False,MoH hospital / dental centre,1.0,0.17135802469135852,0.25925925925925924,True,0.000999000999000999
N2,hhi,1871,12,Health,False,MoH hospital / dental centre,1.0,0.1446111111111109,0.20833333333333334,True,0.000999000999000999
N2,hhi,1875,5,Health,True,MoH provincial directorate / hospital union,0.36,0.2413599999999978,0.36,False,0.06693306693306693
N2,hhi,1880,11,Health,False,MoH hospital / dental centre,0.8347107438016529,0.15322314049586794,0.2231404958677686,True,0.000999000999000999
N2,hhi,1886,5,Health,False,MoH hospital / dental centre,1.0,0.26759999999999834,0.44,True,0.000999000999000999
N2,hhi,1889,9,Health,True,MoH provincial directorate / hospital union,0.18518518518518517,0.12032098765432206,0.13580246913580246,True,0.013986013986013986
N2,hhi,1890,9,Health,False,MoH hospital / dental centre,0.8024691358024691,0.1630123456790125,0.2345679012345679,True,0.000999000999000999
N2,hhi,1896,7,Health,True,MoH provincial directorate / hospital union,0.3877551020408163,0.1851020408163244,0.2653061224489796,True,0.014985014985014986
N2,hhi,1900,9,Health,True,MoH provincial directorate / hospital union,0.2839506172839506,0.1315802469135803,0.18518518518518517,True,0.000999000999000999
N2,hhi,1902,22,Provincial admin,False,Central government / agency,0.21074380165289255,0.07191735537190046,0.09504132231404959,True,0.000999000999000999
N2,hhi,1903,10,Health,False,MoH hospital / dental centre,1.0,0.16489999999999994,0.24,True,0.000999000999000999
N2,hhi,1907,6,Health,True,MoH provincial directorate / hospital union,0.2222222222222222,0.1893888888888891,0.2222222222222222,False,0.3626373626373626
N2,hhi,1912,6,Health,False,MoH provincial directorate / hospital union,0.7222222222222222,0.2111111111111117,0.3333333333333333,True,0.000999000999000999
N2,hhi,1919,5,Health,False,MoH hospital / dental centre,1.0,0.2610399999999988,0.44,True,0.001998001998001998
N2,hhi,1922,5,Other public,False,Central government / agency,0.36,0.20823999999999743,0.28,True,0.007992007992007992
N2,hhi,1924,5,Health,False,MoH hospital / dental centre,0.28,0.20487999999999731,0.28,False,0.061938061938061936
N2,hhi,1933,5,Health,True,MoH provincial directorate / hospital union,0.28,0.2181599999999972,0.28,False,0.21878121878121878
N2,hhi,1942,5,Health,False,MoH hospital / dental centre,0.44,0.21719999999999734,0.28,True,0.00999000999000999
N2,hhi,1943,15,Provincial admin,False,Central government / agency,0.26222222222222225,0.0918488888888889,0.12,True,0.000999000999000999
N2,hhi,1948,5,Provincial admin,False,Central government / agency,0.2,0.20767999999999728,0.28,False,1.0
N2,hhi,1950,10,Health,False,MoH hospital / dental centre,0.34,0.12394000000000004,0.18,True,0.000999000999000999
N2,hhi,1955,8,Health,True,MoH provincial directorate / hospital union,0.28125,0.18453125,0.25,True,0.03196803196803197
N2,hhi,1964,5,Provincial admin,False,Other,0.28,0.2209599999999975,0.28,False,0.22577422577422576
N2,hhi,1971,15,Health,False,MoH provincial directorate / hospital union,0.7688888888888888,0.11224888888888951,0.15555555555555556,True,0.000999000999000999
N2,hhi,1973,6,Health,False,University hospital / medical faculty,1.0,0.2289444444444452,0.3333333333333333,True,0.000999000999000999
N2,hhi,1983,9,Health,False,University hospital / medical faculty,0.2839506172839506,0.1410123456790121,0.18641975308641862,True,0.001998001998001998
N2,hhi,1985,6,Other public,False,Other,0.2222222222222222,0.19383333333333408,0.2222222222222222,False,0.4745254745254745
N2,hhi,1994,7,Health,False,Other health body (central/agency),0.7551020408163265,0.18555102040816102,0.2653061224489796,True,0.000999000999000999
N2,hhi,1999,14,Health,False,MoH hospital / dental centre,1.0,0.13177551020408165,0.1836734693877551,True,0.000999000999000999
N2,hhi,2004,6,Health,True,MoH provincial directorate / hospital union,0.5,0.20155555555555613,0.2777777777777778,True,0.001998001998001998
N2,hhi,2033,5,Security/Interior,False,Central government / agency,0.52,0.24903999999999848,0.36,True,0.001998001998001998
N2,hhi,2041,5,Health,False,MoH provincial directorate / hospital union,1.0,0.23991999999999783,0.36,True,0.000999000999000999
N2,hhi,2048,6,Health,False,MoH provincial directorate / hospital union,0.5555555555555556,0.18861111111111084,0.2222222222222222,True,0.000999000999000999
N2,hhi,2050,7,Health,False,MoH provincial directorate / hospital union,0.2653061224489796,0.1768571428571409,0.2653061224489796,False,0.07392607392607392
N2,hhi,2051,6,Health,False,MoH provincial directorate / hospital union,0.3333333333333333,0.19733333333333353,0.2777777777777778,True,0.04995004995004995
N2,hhi,2058,5,Health,True,MoH provincial directorate / hospital union,0.28,0.21591999999999711,0.28,False,0.1838161838161838
N2,hhi,2066,5,Health,False,MoH provincial directorate / hospital union,0.52,0.21463999999999728,0.28,True,0.000999000999000999
N2,hhi,2070,5,Health,False,MoH provincial directorate / hospital union,0.28,0.21959999999999738,0.28,False,0.22577422577422576
N2,hhi,2084,7,Health,True,MoH provincial directorate / hospital union,0.5102040816326531,0.15432653061224325,0.1836734693877551,True,0.000999000999000999
N2,hhi,2149,7,Health,False,MoH provincial directorate / hospital union,0.2653061224489796,0.16510204081632462,0.22448979591836735,True,0.03596403596403597
N2,hhi,2161,5,Health,False,University hospital / medical faculty,0.28,0.22103999999999743,0.28,False,0.23176823176823177
N2,hhi,2197,17,Social/Finance,False,Central government / agency,0.21107266435986158,0.13926643598615882,0.15570934256055363,True,0.000999000999000999
N2,hhi,2214,5,Health,False,MoH hospital / dental centre,0.44,0.22031999999999727,0.28,True,0.013986013986013986
N2,hhi,2272,6,Health,False,University hospital / medical faculty,0.5,0.21083333333333357,0.3333333333333333,True,0.006993006993006993
N2,hhi,2361,6,Health,False,MoH provincial directorate / hospital union,0.3333333333333333,0.19522222222222255,0.2777777777777778,True,0.03796203796203796
N2,hhi,2381,6,Agriculture/Environment,False,Central government / agency,0.3888888888888889,0.2104444444444448,0.3333333333333333,True,0.016983016983016984
N2,hhi,2389,12,Health,False,MoH hospital / dental centre,0.625,0.1483055555555551,0.20902777777777715,True,0.000999000999000999
N2,hhi,2405,5,Health,False,MoH provincial directorate / hospital union,1.0,0.2316799999999977,0.28,True,0.000999000999000999
N2,hhi,2437,6,Social/Finance,False,Central government / agency,0.2777777777777778,0.2120555555555566,0.2777777777777778,False,0.1088911088911089
N2,hhi,2473,6,Health,False,MoH hospital / dental centre,1.0,0.22300000000000061,0.3333333333333333,True,0.000999000999000999
N2,hhi,2485,5,Health,True,MoH provincial directorate / hospital union,0.52,0.25431999999999844,0.36,True,0.005994005994005994
N2,hhi,2695,7,Health,False,MoH hospital / dental centre,0.22448979591836735,0.15097959183673304,0.1836734693877551,True,0.016983016983016984
