OR_incumbent_main,OR_incumbent_plac,OR_future_only,past_future_ratio,OR_inc_last,OR_inc_earlier,last_earlier_ratio,share_chosen_incumbent,share_chosen_future_only,share_chosen_last,incumbency_all_eligible,OR_future_gt365,sim,world,sample,variant
42.741365314457724,55.73015939122223,17.444264524807785,3.1947554631476396,42.58476261162043,43.377234353951685,0.9817306991989205,0.6657816130102887,0.05940922668436774,0.4958513109857285,0.43557907592102585,14.782544256797996,0,state dependence,all,"fitted beta, covariates held"
41.1238778973507,55.976101134707974,20.565506202922048,2.7218440714459353,40.74119479999012,42.63803739676996,0.9555129008605933,0.6644540325257219,0.06637902422834384,0.48854961832061067,0.4343578261754529,16.897037420050655,1,state dependence,all,"fitted beta, covariates held"
41.550453936216606,52.80650267431906,18.125259511817077,2.9134205024700996,41.590517966523954,41.39835446801728,1.004641814897622,0.6641221374045801,0.054762694988383674,0.4925323597743113,0.4343578261754529,16.740543103663978,2,state dependence,all,"fitted beta, covariates held"
45.20045965233165,60.482423369514684,20.73447033716589,2.916998716919324,44.13695519326326,49.623202513596276,0.8894418932589077,0.6817125788250913,0.0604049120477929,0.5031530036508464,0.4453490738856096,20.81212816835856,3,state dependence,all,"fitted beta, covariates held"
38.70432200303698,52.56353911659678,19.709677452554686,2.6668898688539278,38.33185123125308,40.1279505002575,0.9552406926689943,0.6558247593760371,0.06704281447062728,0.48091603053435117,0.42987991044168533,17.325295647473816,4,state dependence,all,"fitted beta, covariates held"
46.696528874257396,62.99432043259409,23.093545347642696,2.7277890633204276,46.551964419400306,47.27658478466411,0.9846727429960452,0.6790574178559575,0.062396282774643215,0.5051443743776967,0.44351719926725014,19.64238741834345,5,state dependence,all,"fitted beta, covariates held"
44.05912789745483,59.045476319049854,20.57243589904885,2.870125667606517,43.114981925803605,47.80685809779836,0.9018576756833382,0.6700962495851311,0.06073680716893462,0.49120477928974443,0.43822511703643396,16.979183996027377,6,state dependence,all,"fitted beta, covariates held"
42.56253986255599,57.296556740928764,18.57662726560159,3.0843358119708313,43.074839363226964,40.64505033012396,1.059780687029982,0.6644540325257219,0.061732492532359774,0.49651510122801196,0.4347649094239772,16.5802306324244,7,state dependence,all,"fitted beta, covariates held"
43.1014173647466,57.29710122168238,21.186382597042325,2.7044305916424456,43.2004134545518,42.706261873884266,1.0115709396932657,0.6694324593428477,0.05974112180550946,0.5034848987719881,0.4380215754121718,17.031302492337684,8,state dependence,all,"fitted beta, covariates held"
44.119445961526964,56.99200557591449,16.9110103379397,3.3701123964221957,44.34157150805458,43.236851558836634,1.0255504253753225,0.6700962495851311,0.05509459010952539,0.4995021573182874,0.4378180337879096,14.380550491276226,9,state dependence,all,"fitted beta, covariates held"
43.995359704064285,59.67247042254994,22.668467564787008,2.632399841409863,45.19223653651846,39.53042321086844,1.1432267318629001,0.6694324593428477,0.06471954862263525,0.5068038499834052,0.43761449216364745,18.0895461064995,10,state dependence,all,"fitted beta, covariates held"
43.59976885918642,59.57780005544564,21.96778043378594,2.7120536931358052,43.443694149923445,44.255230646504934,0.9816623597995964,0.6727514105542649,0.06505144374377697,0.5008297378028543,0.4396499084062691,17.144861020417817,11,state dependence,all,"fitted beta, covariates held"
38.60022649773566,51.91007636650189,19.758310907535378,2.6272527347823313,38.15876661973324,40.42103631674533,0.9440323677185166,0.6598075008297378,0.06405575838035181,0.4872220378360438,0.43171178506004476,15.734174602658845,12,state dependence,all,"fitted beta, covariates held"
40.13869939789723,53.08867755158434,19.1652686858226,2.770046088154057,40.88296730591444,37.51976209541498,1.0896382338978223,0.6518420179223365,0.061732492532359774,0.48423498174576834,0.4272338693262772,16.426961075761696,13,state dependence,all,"fitted beta, covariates held"
43.47396802594975,57.96534227268076,20.644327911041483,2.807809608646953,43.64468068978103,42.78743642315448,1.020034952740535,0.6608031861931629,0.061732492532359774,0.4968469963491537,0.43272949318135556,15.49078621406603,14,state dependence,all,"fitted beta, covariates held"
40.5553538211152,53.653801825099364,19.036275418718017,2.818503128628964,38.83104778264085,47.22227141837979,0.8223036846026657,0.6574842349817458,0.061400597411218054,0.47228675738466647,0.4304905353144718,16.5952260907979,15,state dependence,all,"fitted beta, covariates held"
41.326392942763995,56.460592220781656,20.29108513809786,2.7825319265342365,41.881194317325374,39.26718858258078,1.0665697196336634,0.6601393959508796,0.06837039495519416,0.4938599402588782,0.43191532668430693,16.20568639523645,16,state dependence,all,"fitted beta, covariates held"
43.878122021980765,59.294220559632386,22.01426353096151,2.6934455688803416,43.68649116830768,44.64577053857854,0.9785135443134094,0.6704281447062728,0.062064387653501495,0.4955194158645868,0.43842865866069614,18.432489081822876,17,state dependence,all,"fitted beta, covariates held"
43.40176948993949,58.81275681738984,17.410384453772764,3.3780274624920956,43.139171276801285,44.425720663206114,0.9710404385748015,0.6671091934948556,0.06306007301692665,0.49120477928974443,0.4359861591695502,14.324721840466658,18,state dependence,all,"fitted beta, covariates held"
40.852322375672415,55.767085090790125,21.451190598216662,2.5997198074136874,41.244139174931234,39.346971333575354,1.0482163627099046,0.6578161301028875,0.06372386325921009,0.4922004646531696,0.43069407693873396,16.839777373196608,19,state dependence,all,"fitted beta, covariates held"
42.18854042212682,56.30719540481526,18.213402753254552,3.0915252996727225,41.90706153373493,43.2785039165484,0.9683112340145134,0.6644540325257219,0.06073680716893462,0.4918685695320279,0.4343578261754529,14.278408716212645,20,state dependence,all,"fitted beta, covariates held"
38.912848813639805,52.30772486586636,21.161226659039865,2.471866386040576,39.028909256972575,38.46456645051295,1.0146717578940008,0.6588118154663126,0.06637902422834384,0.4875539329571855,0.4311011601872583,17.0850925849786,21,state dependence,all,"fitted beta, covariates held"
41.90509771443729,56.99136967253574,22.307109195623948,2.5548523196235533,42.3420172489699,40.31640300812072,1.0502429306612788,0.6710919349485562,0.06505144374377697,0.5008297378028543,0.43842865866069614,16.622146976498424,22,state dependence,all,"fitted beta, covariates held"
42.90718949495349,59.14963228383696,22.8425858789879,2.5894455468917226,43.37934194406571,41.061356498629294,1.0564517503340103,0.6691005642217059,0.06969797543976104,0.4991702621971457,0.43761449216364745,17.01953387254143,23,state dependence,all,"fitted beta, covariates held"
44.70563943055848,62.47765937775979,24.949953993093995,2.5041192218251487,44.04809460097149,47.29579460148097,0.9313321611810326,0.6691005642217059,0.06505144374377697,0.48589445735147696,0.4374109505393853,20.164303963833223,24,state dependence,all,"fitted beta, covariates held"
44.77319259710299,62.32310201579841,24.60162412211225,2.5332921804858253,46.17403418647456,39.823276398602886,1.1594735130355691,0.6677729837371391,0.06837039495519416,0.5011616329239961,0.43659678404233665,19.982787387662686,25,state dependence,all,"fitted beta, covariates held"
41.52276143318256,54.45912395975371,17.691418400766235,3.078279125284552,40.66949227217463,45.06742232945353,0.9024144308691766,0.6578161301028875,0.0604049120477929,0.4795884500497843,0.4304905353144718,13.9185434679407,26,state dependence,all,"fitted beta, covariates held"
44.619897097100335,60.363318374216135,21.8104373593281,2.767634476087174,44.89650733833976,43.492559691805155,1.0322801797935828,0.6710919349485562,0.06604712910720212,0.5008297378028543,0.43863220028495825,16.741906373966728,27,state dependence,all,"fitted beta, covariates held"
43.42841498789803,59.709564410765545,22.05577593911508,2.707207607458185,43.65268777734642,42.57245838948314,1.025373902018544,0.6691005642217059,0.06438765350149353,0.49850647195486225,0.4378180337879096,17.789777085881756,28,state dependence,all,"fitted beta, covariates held"
41.36606317947114,53.34574019989538,20.371910482303292,2.6185929025280106,40.99471874618642,42.80096705132287,0.9577988903154788,0.6634583471622967,0.05940922668436774,0.4902090939263193,0.4341542845511907,17.880944211915775,29,state dependence,all,"fitted beta, covariates held"
42.443631995549595,57.29232012447347,21.790769334969568,2.6292013486890267,42.98026204011645,40.370047616303204,1.0646572044854148,0.6657816130102887,0.06471954862263525,0.49419183538001993,0.43557907592102585,17.85273517846317,30,state dependence,all,"fitted beta, covariates held"
45.35689870167894,62.13642047634663,21.219459532967537,2.9282753587483508,46.43608525720705,41.26152166666696,1.1254089374682552,0.6747427812811152,0.06471954862263525,0.5081314304679722,0.44127824140036637,16.318168452258284,31,state dependence,all,"fitted beta, covariates held"
43.66209622687394,59.791619551657796,20.567440740278855,2.9071006114320834,43.076858031863146,46.01233789146787,0.9362023319369509,0.6681048788582807,0.06505144374377697,0.4925323597743113,0.43720740891512316,16.262086428528665,32,state dependence,all,"fitted beta, covariates held"
45.0917027318235,62.401602149190545,23.297096982670002,2.6785140739041085,44.82632621144071,46.1490599521894,0.9713377966502666,0.671423830069698,0.06604712910720212,0.4975107865914371,0.4388357419092204,17.75502332050457,33,state dependence,all,"fitted beta, covariates held"
45.16608391371411,61.418879188609445,21.31483456604905,2.8815086037045488,46.25640939163375,41.09096415866878,1.1257075695040666,0.6770660471291072,0.062396282774643215,0.5114503816793893,0.44229594952167717,15.465404667021563,34,state dependence,all,"fitted beta, covariates held"
39.08092121499197,51.10471068778196,21.405821419406674,2.3874211452334206,39.83048373452081,36.38498665382059,1.0946955708265576,0.6541652837703286,0.061732492532359774,0.490540989047461,0.42865866069611236,16.34569210549046,35,state dependence,all,"fitted beta, covariates held"
42.780389959082,56.65405682707513,17.123547147970186,3.3085467828311996,42.751042525074304,42.89844449450193,0.9965639320687601,0.6674410886159974,0.06007301692665118,0.4975107865914371,0.4363932424180745,13.374277613426898,36,state dependence,all,"fitted beta, covariates held"
40.699241389975334,55.249552146355974,17.113597888195454,3.2284007435085162,40.90081186232613,39.934258349833115,1.0242036174561147,0.6651178227680054,0.06571523398606041,0.4958513109857285,0.4347649094239772,13.964076660231942,37,state dependence,all,"fitted beta, covariates held"
43.37411660878196,56.95715141936759,18.067961447515312,3.1523839357760126,43.41719949696666,43.19654519229208,1.0051081470449157,0.6611350813143047,0.05940922668436774,0.49717889147029537,0.43272949318135556,14.313904259867607,38,state dependence,all,"fitted beta, covariates held"
45.12642702811511,61.41031968665649,20.9691399746425,2.9286045951774176,45.28511612818084,44.50044037982688,1.0176329883852042,0.6727514105542649,0.06471954862263525,0.498838367076004,0.4398534500305312,14.779528785690703,39,state dependence,all,"fitted beta, covariates held"
40.77473596980938,54.81278979807962,19.27777847445951,2.843314641814111,41.95431507167101,36.44737387879417,1.1510929487317851,0.663126452041155,0.06438765350149353,0.5031530036508464,0.4337472013026664,13.993840098041165,40,state dependence,all,"fitted beta, covariates held"
44.19835248924922,58.887473747499925,19.321129453066053,3.0478277106183937,44.37973842760595,43.475060195806364,1.020809131205915,0.6730833056754065,0.06272817789578493,0.509459010952539,0.4396499084062691,15.25629953920755,41,state dependence,all,"fitted beta, covariates held"
41.99671823704285,56.23304884042049,18.757547362748998,2.9978892097638985,42.815864673727944,38.85703443634166,1.1018819447961712,0.6617988715565881,0.06372386325921009,0.49784268171257884,0.43272949318135556,14.397530098480116,42,state dependence,all,"fitted beta, covariates held"
41.25627346235049,54.07280619099098,17.339334737918772,3.118505237270787,40.668378875624484,43.67115777652797,0.931241142809422,0.6594756057085961,0.058413541320942584,0.4839030866246266,0.4315082434357826,14.522262151634663,43,state dependence,all,"fitted beta, covariates held"
40.016921307039155,53.09007818049477,20.953198049851206,2.5337458298339226,40.6565140686321,37.733498780868956,1.0774647298078048,0.6531695984069035,0.06339196813806837,0.48589445735147696,0.4274374109505394,17.493523552960923,44,state dependence,all,"fitted beta, covariates held"
45.31272754018038,60.09549147464004,17.85376843909554,3.365983583781959,44.729019356380135,47.72644153127472,0.9371957749473024,0.6700962495851311,0.0604049120477929,0.4955194158645868,0.43822511703643396,13.25710047497159,45,state dependence,all,"fitted beta, covariates held"
44.76947996971097,60.44911350773952,24.30196407030681,2.487416792027886,45.807513511144556,40.791943510297266,1.1229549163202088,0.6720876203119814,0.062396282774643215,0.5104546963159642,0.4398534500305312,18.546020870381508,46,state dependence,all,"fitted beta, covariates held"
41.590605416699916,56.563877096071195,19.433380589163463,2.9106555514902346,42.489933221568755,38.1948079344813,1.1124531191374294,0.6661135081314304,0.06538333886491869,0.4968469963491537,0.43557907592102585,15.025522233353804,47,state dependence,all,"fitted beta, covariates held"
41.0571992241871,55.423833351033274,18.26633542615142,3.0342064819243637,41.27623200667503,40.26034288427216,1.0252329972778182,0.6578161301028875,0.06604712910720212,0.488217723199469,0.4304905353144718,14.380411409469426,48,state dependence,all,"fitted beta, covariates held"
41.153591209341016,53.91492400636158,16.22577378621414,3.322795246422649,41.50647296056189,39.74149829988872,1.0444113769278325,0.6644540325257219,0.058081646199800864,0.49784268171257884,0.4349684510482394,14.353612103235312,49,state dependence,all,"fitted beta, covariates held"
39.614783238096344,52.33551706908191,17.375084500303647,3.012101441473122,39.67769786719207,39.380933447613444,1.0075357385820578,0.6551609691337538,0.061068702290076333,0.48290740126120146,0.42865866069611236,14.993569176704192,50,state dependence,all,"fitted beta, covariates held"
40.27637204594887,52.61252390261114,18.855300719258793,2.790330670720766,39.81837278757582,42.070573673968745,0.9464661237128201,0.6588118154663126,0.062396282774643215,0.48124792565549285,0.4315082434357826,15.959378144537295,51,state dependence,all,"fitted beta, covariates held"
43.122400314719435,56.95313811424726,18.966330173648807,3.002854932546523,43.44358369072348,41.83423859629592,1.0384695681916882,0.6694324593428477,0.061068702290076333,0.5054762694988384,0.4378180337879096,15.287923092280717,52,state dependence,all,"fitted beta, covariates held"
42.07414639961284,56.36714371061536,22.19412142791734,2.5397330501991737,41.110711108097135,45.92772761690122,0.895117464791978,0.6681048788582807,0.06339196813806837,0.48788582807832725,0.437003867290861,19.08149996395942,53,state dependence,all,"fitted beta, covariates held"
41.81812434035902,57.27269357952986,22.453623778629392,2.550710484159804,42.12924539440019,40.606528038213085,1.0374993241173966,0.6634583471622967,0.06637902422834384,0.48854961832061067,0.4343578261754529,17.97206817304032,54,state dependence,all,"fitted beta, covariates held"
45.69300572288867,60.82531917530084,20.985909247553227,2.89838855480577,45.684721327382725,45.72577239313814,0.9991022335193712,0.6744108861599735,0.06073680716893462,0.5021573182874212,0.44046407490331774,16.197026492811744,55,state dependence,all,"fitted beta, covariates held"
41.04189101014003,54.01409841522701,18.647156407614812,2.8966399613170855,41.63079227577402,38.866673473721896,1.0711179670141044,0.6611350813143047,0.061068702290076333,0.48987719880517755,0.43272949318135556,17.32661508071983,56,state dependence,all,"fitted beta, covariates held"
45.738923437457885,64.55259818681682,23.790246379888494,2.7134060385935097,45.2627778521349,47.72515832542842,0.9484049805240451,0.6700962495851311,0.06637902422834384,0.4955194158645868,0.43822511703643396,18.630507569682038,57,state dependence,all,"fitted beta, covariates held"
40.380143845819866,54.66416023693208,19.3779932901802,2.8209401984174054,41.18303550109088,37.29734874332992,1.104181312846154,0.6637902422834384,0.06505144374377697,0.49983405243942913,0.43456136779971505,16.022325403511257,58,state dependence,all,"fitted beta, covariates held"
44.68971288660005,61.56033066759685,26.19801951776593,2.349808565714302,44.60684581543732,45.02294566786021,0.9907580491180538,0.6740789910388317,0.06637902422834384,0.5021573182874212,0.4406676165275799,21.189954662244368,59,state dependence,all,"fitted beta, covariates held"
39.25324654409984,52.547873842422554,18.6661650240621,2.8151403233971393,38.57182711029591,41.95519011655678,0.9193577005166353,0.6558247593760371,0.06538333886491869,0.47560570859608364,0.4290657439446367,14.331616193690078,60,state dependence,all,"fitted beta, covariates held"
46.9497239339674,64.920313023272,22.80845048117556,2.846327201264835,47.749559703837946,43.71017898985176,1.0924128156721575,0.6734152007965483,0.06671091934948556,0.5124460670428145,0.44046407490331774,18.103840568178168,61,state dependence,all,"fitted beta, covariates held"
40.7272229471281,53.05227724119573,16.7357078397384,3.1700049827127605,40.99541142185267,39.645644445797295,1.034045782201895,0.6657816130102887,0.05940922668436774,0.49651510122801196,0.4353755342967637,13.905847372058092,62,state dependence,all,"fitted beta, covariates held"
41.72251532995205,54.00079182191416,17.157552054776342,3.147348272615693,41.76214497642354,41.563695251305695,1.0047745929210086,0.6647859276468636,0.05609027547295055,0.4981745768337205,0.4349684510482394,13.790741434983183,63,state dependence,all,"fitted beta, covariates held"
42.95425812852849,56.824502221270656,18.828370432252264,3.018025507079068,42.33783606299218,45.58638994997489,0.9287385140488736,0.6677729837371391,0.05940922668436774,0.4955194158645868,0.4368003256665988,15.043786746843248,64,state dependence,all,"fitted beta, covariates held"
43.63507380074134,56.27843407077297,18.390251471139038,3.0602318929186043,44.84336535811183,39.18445765355846,1.1444171501513551,0.6710919349485562,0.05907733156322602,0.507135745104547,0.4388357419092204,15.158043422523997,65,state dependence,all,"fitted beta, covariates held"
43.96701474982677,57.90857201336908,20.948507406095725,2.764329261783992,43.96674024197455,43.96800629463609,0.9999712051382758,0.6598075008297378,0.0604049120477929,0.48290740126120146,0.43191532668430693,17.87135719946434,66,state dependence,all,"fitted beta, covariates held"
40.346768733198125,56.91052607559155,18.01918061334552,3.1583304089555546,41.84491979058191,35.064829753522964,1.1933587039982065,0.6591437105874544,0.07036176568204447,0.4975107865914371,0.43191532668430693,13.572880292946216,67,state dependence,all,"fitted beta, covariates held"
41.647615082613676,56.26251845929692,21.658278914974893,2.5977372754395587,41.97325921917347,40.39713138109371,1.0390158356347403,0.6677729837371391,0.06671091934948556,0.4918685695320279,0.43659678404233665,18.1703395710462,68,state dependence,all,"fitted beta, covariates held"
42.78904116100934,57.80419432495849,20.299063894744574,2.847628571676352,43.52399621215283,39.8332188442143,1.092655765088254,0.6700962495851311,0.06372386325921009,0.5091271158313972,0.4378180337879096,16.00031393595981,69,state dependence,all,"fitted beta, covariates held"
43.809262521702586,58.84065427238182,20.12840405099227,2.9232647617425562,45.59446855828448,37.21534611332207,1.225152344934471,0.663126452041155,0.062396282774643215,0.5021573182874212,0.43395074292692853,16.444316681720117,70,state dependence,all,"fitted beta, covariates held"
41.16775941353272,55.532597154662874,18.333137180032278,3.0290831628722428,41.07477523258168,41.53931013859844,0.9888169807233964,0.6717557251908397,0.06405575838035181,0.5034848987719881,0.4390392835334826,14.74698387395304,71,state dependence,all,"fitted beta, covariates held"
40.711712318170186,51.95427738493718,14.696840513322696,3.5350643791664327,39.229217876086445,46.702640805822554,0.8399785793525324,0.6591437105874544,0.05509459010952539,0.4782608695652174,0.4311011601872583,12.502313868937453,72,state dependence,all,"fitted beta, covariates held"
38.54790709516953,50.43467041236389,16.65427261563283,3.028332222988982,37.890633537471615,41.020491356054315,0.9237001382695345,0.6564885496183206,0.061732492532359774,0.4759376037172254,0.42987991044168533,12.510559277752686,73,state dependence,all,"fitted beta, covariates held"
41.05107782909742,54.7770902405587,18.585396611821928,2.9473188753860495,40.579526703489265,42.9855813259204,0.9440264724073819,0.6561566544971789,0.06339196813806837,0.48290740126120146,0.42987991044168533,13.804822734632953,74,state dependence,all,"fitted beta, covariates held"
42.16725643261227,55.01807434000497,19.58373411785527,2.8093760877729035,41.7705655721103,43.70180975385491,0.9558085994007547,0.6647859276468636,0.05974112180550946,0.49120477928974443,0.4351719926725015,17.189441441470933,75,state dependence,all,"fitted beta, covariates held"
43.82629101063044,57.31781203386421,19.864827748612655,2.8853918472999216,44.999337936856136,39.436695105488084,1.1410524593018936,0.6644540325257219,0.05907733156322602,0.5024892134085629,0.4347649094239772,15.79847544601201,76,state dependence,all,"fitted beta, covariates held"
42.031628765306465,53.83727943367151,15.532447753580488,3.466116885618438,40.65908785822324,47.86888307057438,0.8493845114012468,0.6674410886159974,0.05376700962495851,0.4931961500165948,0.43659678404233665,13.409661075254617,77,state dependence,all,"fitted beta, covariates held"
42.863757668229276,55.842535091858004,18.83460985175396,2.96488939942962,41.51787834727596,48.46942002248148,0.856578814601429,0.6684367739794225,0.06007301692665118,0.4908728841686027,0.43720740891512316,13.800651037806398,78,state dependence,all,"fitted beta, covariates held"
42.29198760293084,58.028212855396944,19.48891451898879,2.9774984542549996,43.17923682994237,38.881076559521645,1.1105463287221695,0.6674410886159974,0.06571523398606041,0.5048124792565549,0.4363932424180745,14.942432192055422,79,state dependence,all,"fitted beta, covariates held"
40.968234693047265,54.58132590689909,18.425013689532005,2.9623492729293845,40.0808484764237,44.54553539270359,0.8997725164391851,0.6617988715565881,0.062064387653501495,0.48091603053435117,0.43272949318135556,14.965540968176322,80,state dependence,all,"fitted beta, covariates held"
42.754862557499855,57.44709146391407,19.473515725753334,2.950011301140731,42.542226752707855,43.61480656955325,0.9754078969687751,0.6661135081314304,0.062396282774643215,0.4938599402588782,0.4353755342967637,17.54605321689348,81,state dependence,all,"fitted beta, covariates held"
43.694089650398574,57.46219022584106,17.95300983721103,3.2006995343332196,42.94358371727747,46.68798959514939,0.9197993764490356,0.6691005642217059,0.058413541320942584,0.48257550614005973,0.4378180337879096,15.99108264201448,82,state dependence,all,"fitted beta, covariates held"
42.89805509362605,56.91374417288973,18.864617742329575,3.0169571920444067,43.384593602417404,40.985046952148664,1.058546880599412,0.6657816130102887,0.06073680716893462,0.5004978426817126,0.43557907592102585,15.339766356435426,83,state dependence,all,"fitted beta, covariates held"
43.30465725923335,59.49988597847217,22.86625853293044,2.6020822730043243,42.30366538346316,47.156055151123304,0.8970993279206785,0.6704281447062728,0.06803849983405244,0.48091603053435117,0.43822511703643396,18.30449501332619,84,state dependence,all,"fitted beta, covariates held"
41.165647196651385,57.49601383828739,22.51282232713631,2.553922960116082,40.77928410200754,42.587907708841286,0.9575319919635714,0.6568204447394623,0.06837039495519416,0.4819117158977763,0.42987991044168533,17.8649465078002,85,state dependence,all,"fitted beta, covariates held"
40.15793592248126,52.55210291258013,19.16099272514223,2.7426607622278114,40.7684392604904,37.772849862546636,1.0793053584477887,0.6624626617988716,0.061068702290076333,0.5034848987719881,0.43395074292692853,14.588461157417214,86,state dependence,all,"fitted beta, covariates held"
40.4775549271708,54.50386693241643,19.768740722878555,2.757073285368075,40.40750803286614,40.749309198506815,0.9916120991407333,0.6594756057085961,0.06438765350149353,0.48589445735147696,0.4313047018115205,17.709137927937093,87,state dependence,all,"fitted beta, covariates held"
42.429399812881854,56.24319478687287,19.32238806571793,2.9107786571505816,43.092158109043716,39.86669687957903,1.0809061568157372,0.6681048788582807,0.06007301692665118,0.5031530036508464,0.4374109505393853,16.393639573061996,88,state dependence,all,"fitted beta, covariates held"
37.70002230780177,48.96560362998651,19.001374642557412,2.5769505917912996,37.516912933612176,38.369282998121925,0.9777850927120146,0.6538333886491868,0.061068702290076333,0.4802522402920677,0.428251577447588,14.481512651050217,89,state dependence,all,"fitted beta, covariates held"
42.79667873922741,58.01792443262977,22.28011114225495,2.604023115602727,42.32812647693152,44.6720461642841,0.9475305053470648,0.6717557251908397,0.06339196813806837,0.4968469963491537,0.4390392835334826,18.953475662707763,90,state dependence,all,"fitted beta, covariates held"
39.012834252315784,51.64861000385777,17.12198738839474,3.0165078873300146,37.889546285126194,43.34413090398985,0.8741563273942227,0.646531695984069,0.062064387653501495,0.46498506471954865,0.4235701200895583,13.588364893508544,91,state dependence,all,"fitted beta, covariates held"
41.81963688275731,57.3971941487793,21.152823964292175,2.7134530238454593,42.503490849015314,39.3652676072234,1.0797206124216987,0.6644540325257219,0.06571523398606041,0.49717889147029537,0.43456136779971505,17.018334832382457,92,state dependence,all,"fitted beta, covariates held"
39.784554321533356,53.171655769614866,20.341941997639466,2.6138928021614185,41.16859088409518,34.80032486522671,1.1829944416763702,0.6581480252240292,0.06306007301692665,0.49717889147029537,0.4311011601872583,16.39090402819191,93,state dependence,all,"fitted beta, covariates held"
41.52124674063099,55.02814281723347,19.511261264497907,2.820327300796335,40.978352647567725,43.62425542596906,0.9393478982606026,0.6624626617988716,0.06306007301692665,0.4852306671091935,0.43395074292692853,16.78146814004749,94,state dependence,all,"fitted beta, covariates held"
42.47892044325361,56.261171087721166,19.0447188160967,2.9541612890692255,42.01980243057768,44.359297239934,0.9472603274866533,0.6691005642217059,0.05974112180550946,0.4902090939263193,0.4374109505393853,15.593671663750387,95,state dependence,all,"fitted beta, covariates held"
43.478359255370805,56.59300667656137,17.695283617360268,3.198197208946672,43.47345353228045,43.49843604492153,0.9994256687156456,0.6704281447062728,0.05675406571523399,0.5031530036508464,0.43842865866069614,14.665360747722874,96,state dependence,all,"fitted beta, covariates held"
40.75265520870042,53.18335496065165,16.009859742632724,3.321912609829395,40.58378947535666,41.434230749249444,0.9794749109971544,0.6535014935280451,0.06007301692665118,0.48423498174576834,0.42784449419906373,12.665895021177382,97,state dependence,all,"fitted beta, covariates held"
43.861176887780296,58.05990311860777,18.810219422647286,3.086614877480075,43.37043214553393,45.95999863841136,0.9436560798608644,0.671423830069698,0.061068702290076333,0.4995021573182874,0.43863220028495825,15.789889507917167,98,state dependence,all,"fitted beta, covariates held"
41.4951791650482,55.57070572349416,17.885708553937306,3.106989334859814,40.33406281737439,46.30728975517657,0.8710089281972188,0.6637902422834384,0.06306007301692665,0.4832392963823432,0.43395074292692853,15.291583046855848,99,state dependence,all,"fitted beta, covariates held"
161.4084475115179,201.39735271175005,21.30174776211334,9.454498990451357,162.56082503481994,154.49592202868175,1.0522013972941047,0.8847262247838616,0.018731988472622477,0.6721902017291066,0.72346528973035,,0,state dependence,renewals,"fitted beta, covariates held"
132.4305889544144,162.9119039778701,19.98550669402319,8.1515023097508,132.35219459909732,132.83549418413492,0.9963616683326546,0.8760806916426513,0.018011527377521614,0.6635446685878963,0.7165806081468732,,1,state dependence,renewals,"fitted beta, covariates held"
139.36004925123868,168.70437733113042,17.82743034026169,9.463190942899178,141.27663616651418,127.85384550754878,1.1049854277411848,0.8688760806916427,0.018011527377521614,0.6649855907780979,0.7114170969592656,,2,state dependence,renewals,"fitted beta, covariates held"
135.96445258615836,178.40848142439768,30.321427195951095,5.883907781498525,132.01306719903266,157.95806527487713,0.8357475572349204,0.8731988472622478,0.02521613832853026,0.6397694524495677,0.7142857142857143,,3,state dependence,renewals,"fitted beta, covariates held"
164.43427202298165,211.45437013676104,26.797397565533174,7.890854685409218,165.88766081437765,155.0737276145867,1.0697341410833139,0.8840057636887608,0.02089337175792507,0.6743515850144092,0.7228915662650602,,4,state dependence,renewals,"fitted beta, covariates held"
151.88957822910234,178.3804123289582,16.09761819572126,11.081168043628443,153.99303451253783,140.31358260520597,1.0974920007981062,0.8782420749279539,0.015129682997118156,0.6635446685878963,0.7183017785427424,,5,state dependence,renewals,"fitted beta, covariates held"
121.64312914598072,152.2450101865678,16.429148933303736,9.266761827081012,123.64831393248822,111.20292988751972,1.1119159725158037,0.8659942363112392,0.021613832853025938,0.6585014409221902,0.708548479632817,,6,state dependence,renewals,"fitted beta, covariates held"
149.18675218447157,200.59990114356137,25.932494686807534,7.7354648508078645,151.13551672498247,137.88277431721252,1.096116012122593,0.877521613832853,0.02521613832853026,0.6721902017291066,0.7177280550774526,,7,state dependence,renewals,"fitted beta, covariates held"
120.56264618855958,162.19142043231798,29.04556340887536,5.584034234390429,124.10477492465192,103.31180618846865,1.2012642069024646,0.8681556195965417,0.026657060518731988,0.6657060518731989,0.7102696500286861,,8,state dependence,renewals,"fitted beta, covariates held"
125.42555818833232,171.0268467457386,30.837293673048087,5.546104290442865,126.23792454536348,120.42310679298672,1.0482865615016288,0.8638328530259366,0.029538904899135448,0.6534582132564841,0.7068273092369478,,9,state dependence,renewals,"fitted beta, covariates held"
147.11063667787056,192.86417264874873,26.138102877333335,7.378659941536857,144.6344264068243,160.9337861902189,0.8987200875015192,0.8746397694524496,0.024495677233429394,0.649135446685879,0.7154331612162937,,10,state dependence,renewals,"fitted beta, covariates held"
154.41864649256232,207.9229873072036,33.46569960783285,6.2130177986339765,158.31213366562665,135.49540911260604,1.168394816491962,0.8760806916426513,0.025936599423631124,0.6729106628242075,0.7171543316121629,,11,state dependence,renewals,"fitted beta, covariates held"
124.9979968272523,160.47908962886714,21.266492843867447,7.546100375226844,123.42589711049602,133.0791907631423,0.9274620352191091,0.8667146974063401,0.02377521613832853,0.6448126801152738,0.7091222030981067,,12,state dependence,renewals,"fitted beta, covariates held"
131.54023763929038,168.44312592536724,25.258094897810818,6.66887691280179,132.85725553429856,124.51241668047092,1.0670201340260106,0.8753602305475504,0.0223342939481268,0.659942363112392,0.7160068846815835,,13,state dependence,renewals,"fitted beta, covariates held"
146.6813570152106,182.49596336488412,19.979363907199645,9.134222901817257,146.5654916058812,147.39317676934618,0.9943845082818166,0.8818443804034583,0.018731988472622477,0.6671469740634006,0.7211703958691911,,14,state dependence,renewals,"fitted beta, covariates held"
149.71849813413607,207.76047086802657,31.36879579896098,6.623157363117782,150.5203750615185,144.50163149397434,1.0416517343459553,0.8782420749279539,0.026657060518731988,0.6621037463976945,0.7183017785427424,,15,state dependence,renewals,"fitted beta, covariates held"
146.63398586194626,183.93354871486974,21.45323267081317,8.573698497434785,148.00380242271743,137.76270043382326,1.0743387140107177,0.8768011527377522,0.0223342939481268,0.6685878962536023,0.7171543316121629,,16,state dependence,renewals,"fitted beta, covariates held"
140.36137575006558,176.048651741139,24.14434810657002,7.29150569582923,137.08206799789062,159.3704691827341,0.8601472324255529,0.8703170028818443,0.021613832853025938,0.6448126801152738,0.7119908204245554,,17,state dependence,renewals,"fitted beta, covariates held"
125.22758463067426,162.88000118391662,24.253564774352615,6.715713863067136,128.80620789749665,105.75826133395786,1.2179304602101881,0.8681556195965417,0.02521613832853026,0.6772334293948127,0.7102696500286861,,18,state dependence,renewals,"fitted beta, covariates held"
156.77799622672657,205.57240094887794,27.01481820972915,7.609616298466996,161.72317054801434,127.45559383912541,1.2688589466864946,0.8710374639769453,0.023054755043227664,0.670028818443804,0.7125645438898451,,19,state dependence,renewals,"fitted beta, covariates held"
151.2205985440956,181.94957938169424,16.651519844030638,10.926905236636454,151.26288530729954,150.96198676346214,1.0019932073649036,0.8739193083573487,0.019452449567723344,0.659942363112392,0.714859437751004,,20,state dependence,renewals,"fitted beta, covariates held"
127.76808089378918,168.0535930601865,20.899575028494347,8.041005275517003,126.49960719454032,135.14881695654336,0.9360023272361744,0.8703170028818443,0.02377521613832853,0.6419308357348703,0.7119908204245554,,21,state dependence,renewals,"fitted beta, covariates held"
139.2902579524369,181.11606152790736,26.50846231356461,6.832386555867056,139.06251456660414,140.44199737944723,0.9901775619929701,0.8731988472622478,0.024495677233429394,0.6433717579250721,0.7142857142857143,,22,state dependence,renewals,"fitted beta, covariates held"
130.8720012386991,167.75612946717177,22.408055629248498,7.486420608854844,130.82650147005833,131.11348365676426,0.9978111924212372,0.8710374639769453,0.02377521613832853,0.6498559077809798,0.7125645438898451,,23,state dependence,renewals,"fitted beta, covariates held"
128.566731957767,169.31197427483255,22.672686466487782,7.467662666490383,127.2731993197588,135.97388477832368,0.936012084432614,0.8703170028818443,0.024495677233429394,0.6448126801152738,0.7119908204245554,,24,state dependence,renewals,"fitted beta, covariates held"
170.38905222438655,207.80588724017167,23.719742556739106,8.760882911907117,168.71590561839864,180.60404730940846,0.934175662903926,0.8876080691642652,0.016570605187319884,0.6693083573487032,0.7257601835915088,,25,state dependence,renewals,"fitted beta, covariates held"
152.75019793432455,204.0667982973226,27.478871099788233,7.42631666185498,150.08489908446845,169.86755143142122,0.8835407222848007,0.8811239193083573,0.02377521613832853,0.6534582132564841,0.7205966724039014,,26,state dependence,renewals,"fitted beta, covariates held"
131.67744673650287,161.55692898544496,18.070877485809977,8.940181743377229,129.7501031840855,141.8212141840067,0.9148850116015828,0.8753602305475504,0.018731988472622477,0.6498559077809798,0.7160068846815835,,27,state dependence,renewals,"fitted beta, covariates held"
149.61760537216384,185.2259560208021,21.29550692330201,8.69788902832474,152.0537292525632,135.74585294661583,1.120135355533555,0.8789625360230547,0.019452449567723344,0.670028818443804,0.7188755020080321,,28,state dependence,renewals,"fitted beta, covariates held"
120.62456285316023,142.66309319507337,14.316136201575192,9.96519530034761,117.07141861839297,140.75479137634548,0.8317402020466309,0.8681556195965417,0.01729106628242075,0.638328530259366,0.7102696500286861,,29,state dependence,renewals,"fitted beta, covariates held"
153.90367310818513,185.4649304698768,19.189960123604386,9.66468555824396,152.88707490961542,160.40412860208482,0.9531367817151577,0.8768011527377522,0.01729106628242075,0.6613832853025937,0.7171543316121629,,30,state dependence,renewals,"fitted beta, covariates held"
152.93363672535764,183.73784860481356,18.16793856179155,10.113301956625234,150.89379919967408,167.8152551366764,0.8991661638673987,0.8825648414985591,0.016570605187319884,0.6649855907780979,0.7217441193344808,,31,state dependence,renewals,"fitted beta, covariates held"
140.47350733443395,192.30657344904813,29.09670574344202,6.609221509290318,143.03959898078935,126.93220308581566,1.1268976312030439,0.8659942363112392,0.028097982708933718,0.6585014409221902,0.708548479632817,,32,state dependence,renewals,"fitted beta, covariates held"
139.25296884355566,162.8027119615811,14.431993450263409,11.280680837518648,140.46772029703664,132.59439502480058,1.0593790202878743,0.877521613832853,0.01440922190201729,0.6714697406340058,0.7177280550774526,,33,state dependence,renewals,"fitted beta, covariates held"
127.88086921290812,166.58681696329407,22.09839955711834,7.538410939340315,129.1793232988383,119.67865139099669,1.0793848509940374,0.8609510086455331,0.025936599423631124,0.6498559077809798,0.7045324153757889,,34,state dependence,renewals,"fitted beta, covariates held"
143.20201568371863,187.59421853147364,21.61536042115497,8.67874580281692,142.4301587939303,147.573262385758,0.9651488114535031,0.8796829971181557,0.023054755043227664,0.659942363112392,0.7194492254733219,,35,state dependence,renewals,"fitted beta, covariates held"
167.061653885753,216.60448003016205,32.26862081466274,6.712542233343229,168.08917574769234,160.97816275740217,1.0441737740603154,0.888328530259366,0.02089337175792507,0.6765129682997119,0.7263339070567987,,36,state dependence,renewals,"fitted beta, covariates held"
132.08039380149083,165.11780208583198,19.159487548907034,8.618069855174767,134.34923442567717,119.99948641728365,1.1195817451959256,0.8753602305475504,0.020172910662824207,0.6729106628242075,0.7160068846815835,,37,state dependence,renewals,"fitted beta, covariates held"
153.17454242267274,185.82699859039278,18.39738167046835,10.100730740868634,153.64397263517478,149.93539748651418,1.0247344870579622,0.8796829971181557,0.01729106628242075,0.6736311239193083,0.7194492254733219,,38,state dependence,renewals,"fitted beta, covariates held"
161.85550304699967,202.92899546414958,21.557744839943293,9.4132756914421,165.04886860819533,143.0477762561533,1.153802407334491,0.888328530259366,0.018731988472622477,0.6822766570605188,0.7263339070567987,,39,state dependence,renewals,"fitted beta, covariates held"
156.34202666618106,193.7115281035506,21.215919996785942,9.130479759204242,153.48113732054676,180.16503859690732,0.851891901535559,0.8789625360230547,0.019452449567723344,0.6534582132564841,0.7188755020080321,,40,state dependence,renewals,"fitted beta, covariates held"
134.09615425821406,176.3668544645898,27.467820843723086,6.42085353141121,135.66978427405527,125.90379079176658,1.077567112323415,0.8688760806916427,0.025936599423631124,0.6635446685878963,0.7114170969592656,,41,state dependence,renewals,"fitted beta, covariates held"
158.08744724611793,195.4715748306495,21.10328506924457,9.262613578372457,157.4424037685544,162.88392032885926,0.9665926719511753,0.8847262247838616,0.019452449567723344,0.6772334293948127,0.72346528973035,,42,state dependence,renewals,"fitted beta, covariates held"
128.9001542035374,167.2161394608362,22.837208852205116,7.322091790770225,130.24258518547754,121.68521245131794,1.070323850875332,0.8703170028818443,0.02377521613832853,0.6476945244956772,0.7119908204245554,,43,state dependence,renewals,"fitted beta, covariates held"
147.77334234940452,185.23719635718197,20.166294095430004,9.185485220071227,146.05722661201804,158.92851911326298,0.919012065467797,0.8847262247838616,0.018731988472622477,0.6714697406340058,0.72346528973035,,44,state dependence,renewals,"fitted beta, covariates held"
124.57953934868843,176.6337887527262,31.062604703264977,5.686380470668008,124.76587976709816,123.62793422887054,1.0092045988257068,0.872478386167147,0.029538904899135448,0.6455331412103746,0.7137119908204246,,45,state dependence,renewals,"fitted beta, covariates held"
131.18930597402942,177.43622404091403,27.829636287368505,6.375801042051345,134.27999768753304,111.94581452476832,1.1995088718374836,0.8703170028818443,0.027377521613832854,0.6642651296829971,0.7119908204245554,,46,state dependence,renewals,"fitted beta, covariates held"
138.13768300654266,166.69141979961537,19.21184580622727,8.67649165420558,138.77756095366692,134.28430254703983,1.0334607867144643,0.8753602305475504,0.01729106628242075,0.6664265129682997,0.7165806081468732,,47,state dependence,renewals,"fitted beta, covariates held"
145.52954661278338,181.8994445026621,21.909340475694208,8.302369699556124,146.513080432108,139.79669762280105,1.0480439303897513,0.8710374639769453,0.020172910662824207,0.6570605187319885,0.7125645438898451,,48,state dependence,renewals,"fitted beta, covariates held"
145.74747384827043,189.67589684385737,25.900719004205367,7.323190403056404,141.3829786195355,173.23652695501698,0.8161268359775381,0.8811239193083573,0.023054755043227664,0.6404899135446686,0.7205966724039014,,49,state dependence,renewals,"fitted beta, covariates held"
136.78451415596558,170.15255144020315,20.038250711715058,8.491387491260705,139.3495501349843,121.86460974278883,1.1434784095981574,0.8731988472622478,0.02089337175792507,0.670749279538905,0.7142857142857143,,50,state dependence,renewals,"fitted beta, covariates held"
147.1802541163445,196.6192961685979,28.285935577436096,6.9511328564801875,146.17341025816967,154.1677691471849,0.948145069924551,0.8818443804034583,0.024495677233429394,0.6671469740634006,0.7211703958691911,,51,state dependence,renewals,"fitted beta, covariates held"
157.03052088173857,220.87218506890733,41.78486477294932,5.285937534298198,162.5535465268994,128.2425169533383,1.2675480050508159,0.8753602305475504,0.029538904899135448,0.6757925072046109,0.7160068846815835,,52,state dependence,renewals,"fitted beta, covariates held"
132.62786542022613,173.0418611505355,24.485812644623305,7.067025451104754,130.98250675914252,141.79791706063943,0.92372659256432,0.8717579250720461,0.02377521613832853,0.6440922190201729,0.7137119908204246,,53,state dependence,renewals,"fitted beta, covariates held"
137.0629729714573,169.6297347168264,19.95418759711347,8.500959204240651,136.24959536277555,142.55016048703584,0.9558010660757319,0.877521613832853,0.018731988472622477,0.6577809798270894,0.7177280550774526,,54,state dependence,renewals,"fitted beta, covariates held"
162.37097853024602,209.7746933047153,29.416276742446172,7.13124557337405,162.6164502869218,160.95840631123417,1.0103010710262723,0.8926512968299711,0.019452449567723344,0.6779538904899135,0.729776247848537,,55,state dependence,renewals,"fitted beta, covariates held"
137.24062382062095,185.1236415132223,34.730776635250095,5.330247677943676,138.2600706684798,131.67363890167746,1.050020883616048,0.8746397694524496,0.027377521613832854,0.6577809798270894,0.7154331612162937,,56,state dependence,renewals,"fitted beta, covariates held"
148.62587503467392,179.2452557110636,20.96789334241794,8.548558159080834,149.19121203983303,145.39632793659447,1.0261002747256,0.8868876080691642,0.016570605187319884,0.6685878962536023,0.7251864601262191,,57,state dependence,renewals,"fitted beta, covariates held"
151.25459023227373,176.99068933208895,13.912942101225191,12.721298489160171,147.8774873340378,178.02065328004343,0.8306760176944887,0.8854466858789626,0.01440922190201729,0.6671469740634006,0.7240390131956397,,58,state dependence,renewals,"fitted beta, covariates held"
135.36081374547544,176.20992838424357,23.437341005734634,7.518341280315401,135.451169728544,134.80852517281943,1.004767091360882,0.877521613832853,0.023054755043227664,0.6685878962536023,0.7177280550774526,,59,state dependence,renewals,"fitted beta, covariates held"
126.59375815779725,161.28280514007378,23.727885735082047,6.797183994426215,126.17499547579891,129.1413362273736,0.9770302767631892,0.8652737752161384,0.023054755043227664,0.6469740634005764,0.7079747561675273,,60,state dependence,renewals,"fitted beta, covariates held"
163.7426003236561,207.5623409261228,23.18894798624116,8.9509166629412,160.6506097326677,184.83649226465033,0.8691498511162337,0.8818443804034583,0.019452449567723344,0.659221902017291,0.7217441193344808,,61,state dependence,renewals,"fitted beta, covariates held"
176.7634491541501,211.79365421371946,18.36213844184739,11.53425865317739,173.62579044382457,200.61073813224328,0.8654860256252577,0.8912103746397695,0.016570605187319884,0.6693083573487032,0.7286288009179576,,62,state dependence,renewals,"fitted beta, covariates held"
138.91399499035225,192.30430506462946,27.32971830230191,7.036453977955278,140.31908454788308,130.85842849157984,1.0722968796535102,0.877521613832853,0.027377521613832854,0.6606628242074928,0.7177280550774526,,63,state dependence,renewals,"fitted beta, covariates held"
134.02869584323776,169.94982840586425,22.23186098117281,7.644426552945222,129.48457926579263,164.2732544743293,0.7882267851826542,0.8595100864553314,0.02521613832853026,0.6268011527377522,0.7033849684452094,,64,state dependence,renewals,"fitted beta, covariates held"
149.11805185270532,192.91184864404943,22.6577011552885,8.514184529220087,147.29356982976657,159.53810342476044,0.9232500993045308,0.8746397694524496,0.0223342939481268,0.6548991354466859,0.7154331612162937,,65,state dependence,renewals,"fitted beta, covariates held"
175.33878257874855,206.68166712969847,13.675096612780472,15.113726285234277,176.42053027497693,167.11668405672867,1.0556727550619063,0.8811239193083573,0.015129682997118156,0.6793948126801153,0.7205966724039014,,66,state dependence,renewals,"fitted beta, covariates held"
134.6320810969979,160.67287820756442,18.383201151530905,8.740201278501706,134.0619855382531,138.11425134948635,0.9706600457835497,0.872478386167147,0.018011527377521614,0.6563400576368876,0.7137119908204246,,67,state dependence,renewals,"fitted beta, covariates held"
154.23882842631036,194.23543891028731,20.734912222902263,9.367555397497613,152.39949303344687,165.3033370558316,0.9219383936694125,0.8847262247838616,0.020172910662824207,0.6635446685878963,0.72346528973035,,68,state dependence,renewals,"fitted beta, covariates held"
152.5993357000986,190.42928722631686,21.44010146931663,8.881920988053352,151.31424588046193,162.6223659681682,0.9304639308351982,0.8811239193083573,0.020172910662824207,0.6721902017291066,0.7205966724039014,,69,state dependence,renewals,"fitted beta, covariates held"
142.76727896251853,178.46219283131498,21.2832467463326,8.38510190472074,144.03702642507972,135.25095405074407,1.064961259874287,0.8739193083573487,0.019452449567723344,0.6613832853025937,0.714859437751004,,70,state dependence,renewals,"fitted beta, covariates held"
143.74935647253892,197.15142283986853,32.11309141711975,6.139285074708364,140.96681352058212,158.84124703787865,0.8874698237981345,0.877521613832853,0.02521613832853026,0.6433717579250721,0.7177280550774526,,71,state dependence,renewals,"fitted beta, covariates held"
170.056742699602,233.30887332966827,27.797185716763828,8.393255191620538,169.66504739599384,172.7139327333086,0.9823471952200716,0.8933717579250721,0.02521613832853026,0.6685878962536023,0.7303499713138267,,72,state dependence,renewals,"fitted beta, covariates held"
118.7932897580963,156.7662986627703,29.62989943120546,5.290814402753862,118.22070619601266,122.33246018499983,0.9663886920710244,0.8595100864553314,0.027377521613832854,0.6368876080691642,0.7039586919104991,,73,state dependence,renewals,"fitted beta, covariates held"
135.34896252891477,167.6881813546698,18.908762236922595,8.86827912126527,137.57230158724823,123.23908528434447,1.1163041438504133,0.8710374639769453,0.020172910662824207,0.670028818443804,0.7125645438898451,,74,state dependence,renewals,"fitted beta, covariates held"
183.9418858911081,224.0944605100776,19.137319634969153,11.709814372363583,185.9154302310951,172.5529373216953,1.077439962001271,0.8876080691642652,0.01585014409221902,0.6837175792507204,0.7257601835915088,,75,state dependence,renewals,"fitted beta, covariates held"
137.26316018306466,166.1079362461267,17.408997246160347,9.541499369400082,143.23737502789294,108.30183272390744,1.3225757258701822,0.8760806916426513,0.018011527377521614,0.680835734870317,0.7165806081468732,,76,state dependence,renewals,"fitted beta, covariates held"
147.72086252526776,193.7112642173708,24.165227345376508,8.016115944153666,148.24519588104312,144.59426082658484,1.0252495156694839,0.8782420749279539,0.024495677233429394,0.659221902017291,0.7183017785427424,,77,state dependence,renewals,"fitted beta, covariates held"
151.74786399348628,184.9740655266876,20.664754877188305,8.951186047257659,150.8034674432315,158.36373895519398,0.9522600845254007,0.8782420749279539,0.018731988472622477,0.659942363112392,0.7183017785427424,,78,state dependence,renewals,"fitted beta, covariates held"
131.38553130945135,162.48489024315748,19.984219069371445,8.130659981214269,131.81607035870505,129.05356232339028,1.0214059029877245,0.8746397694524496,0.019452449567723344,0.6570605187319885,0.7154331612162937,,79,state dependence,renewals,"fitted beta, covariates held"
148.09781187261703,189.42710090535437,23.925254440578605,7.9174539763336895,147.17576072613414,153.55337745433474,0.9584664509896746,0.8789625360230547,0.02089337175792507,0.6628242074927954,0.7188755020080321,,80,state dependence,renewals,"fitted beta, covariates held"
114.52831414138882,137.3935299691768,16.845292168200093,8.15619750594431,114.20880941382389,116.12952958190812,0.983460536049709,0.8494236311239193,0.02089337175792507,0.6167146974063401,0.6953528399311532,,81,state dependence,renewals,"fitted beta, covariates held"
128.51467134481908,184.73884112880245,37.82646729328212,4.883851291119949,127.6632748376035,132.45852416228198,0.9637981069545696,0.8717579250720461,0.03025936599423631,0.6448126801152738,0.7131382673551349,,82,state dependence,renewals,"fitted beta, covariates held"
138.52553344330624,173.99338114833472,21.69945722202967,8.018328724448168,138.9595893179452,136.34688665705227,1.0191621732255944,0.877521613832853,0.020172910662824207,0.6520172910662824,0.7177280550774526,,83,state dependence,renewals,"fitted beta, covariates held"
159.8229655036239,196.14092947708482,20.316142173076223,9.654437727701016,160.5188196833736,155.8737969956662,1.0297998943840225,0.8854466858789626,0.01729106628242075,0.6793948126801153,0.7240390131956397,,84,state dependence,renewals,"fitted beta, covariates held"
119.78535544688651,163.14042818648855,27.955958958507463,5.835622681683835,117.94792075853579,130.30295348574086,0.9051822510795421,0.8602305475504323,0.02881844380403458,0.6325648414985591,0.7039586919104991,,85,state dependence,renewals,"fitted beta, covariates held"
149.1392867559909,206.13592157379622,33.90003556932827,6.0806992710149785,150.48358187042396,141.95732967045637,1.0600620779480754,0.8832853025936599,0.027377521613832854,0.670749279538905,0.7223178427997705,,86,state dependence,renewals,"fitted beta, covariates held"
134.57143185680425,162.64723961141578,18.56578529478327,8.76059035634315,132.4744411908576,145.2645574775946,0.9119529463426773,0.8681556195965417,0.018011527377521614,0.6397694524495677,0.7102696500286861,,87,state dependence,renewals,"fitted beta, covariates held"
120.92738582197339,158.114768415947,26.14793035730492,6.046932443805238,122.25439835403294,113.7682139365422,1.0745918752159034,0.8623919308357348,0.025936599423631124,0.6469740634005764,0.7056798623063684,,88,state dependence,renewals,"fitted beta, covariates held"
160.10999853901055,207.66257274956845,25.424874180257113,8.167693231332578,158.66709237233312,171.77956304436623,0.9236668760844007,0.8789625360230547,0.021613832853025938,0.6527377521613833,0.7188755020080321,,89,state dependence,renewals,"fitted beta, covariates held"
151.36292697795548,169.11807942982932,9.712742685276522,17.41197979909364,155.09879566896205,130.40595530048563,1.1893536250823697,0.8818443804034583,0.010806916426512969,0.6851585014409222,0.7211703958691911,,90,state dependence,renewals,"fitted beta, covariates held"
138.7265566059454,194.24868828980215,38.84840124820903,5.000172003185261,136.7819172077503,150.23735199962118,0.910438818224746,0.8717579250720461,0.029538904899135448,0.6426512968299711,0.7131382673551349,,91,state dependence,renewals,"fitted beta, covariates held"
152.94701305016335,190.71105576198187,21.665012251850452,8.802720882176876,152.475232143176,155.78361478773058,0.9787629613739379,0.8847262247838616,0.018731988472622477,0.6678674351585014,0.72346528973035,,92,state dependence,renewals,"fitted beta, covariates held"
155.24105740376731,197.37349009210462,24.58708853890377,8.027525901645639,156.61715394268256,146.2169442379654,1.0711286216444997,0.8804034582132565,0.0223342939481268,0.6635446685878963,0.7200229489386116,,93,state dependence,renewals,"fitted beta, covariates held"
163.37436378209244,227.47278200521643,39.681153788564075,5.732514311889112,163.62598967757694,161.98890644386796,1.010106144115963,0.8861671469740634,0.025936599423631124,0.6714697406340058,0.7246127366609294,,94,state dependence,renewals,"fitted beta, covariates held"
132.89916192161866,173.83900351860558,23.47748591497172,7.404498256252708,132.09968805584506,137.85847997035881,0.9582267850642777,0.8717579250720461,0.026657060518731988,0.6556195965417867,0.7131382673551349,,95,state dependence,renewals,"fitted beta, covariates held"
141.67697172810557,183.99780799703674,24.15314736329945,7.617964037126698,140.11313389757032,150.38015507058074,0.9317262229967005,0.877521613832853,0.0223342939481268,0.654178674351585,0.7177280550774526,,96,state dependence,renewals,"fitted beta, covariates held"
161.92272709809026,205.77857913564475,24.1623018142994,8.516513894957793,162.24932864906702,159.81318822635174,1.015243675755125,0.8825648414985591,0.020172910662824207,0.6757925072046109,0.7217441193344808,,97,state dependence,renewals,"fitted beta, covariates held"
174.55915076142935,226.7093865283345,26.104143931922803,8.684804493860119,174.7898355170066,173.13219730277493,1.0095744075339883,0.888328530259366,0.02089337175792507,0.6721902017291066,0.7263339070567987,,98,state dependence,renewals,"fitted beta, covariates held"
122.08327684267022,144.49596300550644,15.984835708945546,9.039565100105632,119.99769099055638,133.16622517072074,0.9011120562794197,0.8674351585014409,0.01729106628242075,0.6462536023054755,0.7096959265633964,,99,state dependence,renewals,"fitted beta, covariates held"
23.404488760977213,27.349423020546688,7.810244519543569,3.5017371033788054,23.899781899573085,21.432613206703103,1.1151128268436425,0.5298461538461539,0.056,0.40676923076923077,0.3053627760252366,,0,state dependence,new needs,"fitted beta, covariates held"
23.789597864212812,28.534267913621036,8.698305404612736,3.2804398772304815,24.89530025338234,19.39390489681092,1.2836662026467944,0.5187692307692308,0.06215384615384616,0.40984615384615386,0.2987381703470032,,1,state dependence,new needs,"fitted beta, covariates held"
20.67633264604018,23.947418094931326,7.3678941585273385,3.250239156491606,21.275683283644018,18.37351068726976,1.1579541681375596,0.5083076923076923,0.05415384615384616,0.38953846153846156,0.29337539432176657,,2,state dependence,new needs,"fitted beta, covariates held"
22.047767645746767,25.34411590359886,6.787191012066968,3.73410971616085,22.248591066169883,21.241756903601875,1.0473988176748827,0.5163076923076924,0.05169230769230769,0.3913846153846154,0.2974763406940063,,3,state dependence,new needs,"fitted beta, covariates held"
19.625801955784283,22.54084841222419,6.232572336393084,3.616620425021659,19.11350052189149,21.7416912190748,0.8791174674177371,0.5033846153846154,0.052307692307692305,0.37046153846153845,0.2908517350157729,,4,state dependence,new needs,"fitted beta, covariates held"
21.32698914333169,24.7140889353999,6.8545409952398195,3.6055060364454397,21.404113563510343,21.019674905524457,1.018289467354457,0.5046153846153846,0.05353846153846154,0.3796923076923077,0.29242902208201893,,5,state dependence,new needs,"fitted beta, covariates held"
22.214282071839175,25.524048477848563,6.320938104635975,4.038015885510478,22.032407152158935,22.986632089412318,0.9584878318171324,0.5163076923076924,0.05046153846153846,0.39076923076923076,0.29779179810725553,,6,state dependence,new needs,"fitted beta, covariates held"
21.122840395640562,24.778628353235607,7.44247858823739,3.32935164803799,20.832762564619472,22.32662183422583,0.93309067172373,0.5095384615384615,0.055384615384615386,0.3796923076923077,0.2943217665615142,,7,state dependence,new needs,"fitted beta, covariates held"
21.60713839591104,25.46602589970704,7.536978431217196,3.3788110357633556,20.966298409852506,24.250357226108058,0.8645768890892908,0.5138461538461538,0.056,0.37723076923076926,0.29652996845425866,,8,state dependence,new needs,"fitted beta, covariates held"
22.452565300837655,26.57212584970858,8.973446225173655,2.9611951955720732,22.8432735164409,20.866897426087533,1.0947134617090954,0.5212307692307693,0.057846153846153846,0.4,0.3003154574132492,,9,state dependence,new needs,"fitted beta, covariates held"
20.918353445105243,24.01547459011064,6.7111270887563705,3.578456237305575,21.6783738576557,18.271760280781372,1.1864414552580071,0.4978461538461538,0.052307692307692305,0.3796923076923077,0.2886435331230284,,10,state dependence,new needs,"fitted beta, covariates held"
20.892770531508305,24.468982454607833,8.175476058803897,2.9929734095738687,20.88797381365397,20.91137262189248,0.998881048668512,0.5126153846153846,0.05723076923076923,0.3809230769230769,0.29589905362776026,,11,state dependence,new needs,"fitted beta, covariates held"
19.30793198961698,22.413135013275518,7.325321547025067,3.0596793423188173,20.08152557174471,16.40690064611046,1.2239682560950582,0.49723076923076925,0.056615384615384616,0.3870769230769231,0.2883280757097792,,12,state dependence,new needs,"fitted beta, covariates held"
22.508058841345004,26.422338805685225,6.871288181804004,3.845325375182888,22.92075677576916,20.84195233114083,1.099741349159613,0.5113846153846154,0.055384615384615386,0.3944615384615385,0.295583596214511,,13,state dependence,new needs,"fitted beta, covariates held"
19.14678103371908,22.13449623794831,5.600165239808299,3.9524719878990573,19.90452695261084,16.323967841420924,1.2193436758742258,0.49538461538461537,0.057846153846153846,0.3803076923076923,0.28675078864353315,,14,state dependence,new needs,"fitted beta, covariates held"
20.73364241103613,23.97767946408333,6.453087200672083,3.715691221650635,20.9729050317671,19.800150806923085,1.0592295602331456,0.5052307692307693,0.05169230769230769,0.3833846153846154,0.2917981072555205,,15,state dependence,new needs,"fitted beta, covariates held"
20.997048810374388,24.639931719587622,7.819909933353355,3.1509226998246844,20.259232483375385,23.953507386962432,0.8457731118910048,0.5113846153846154,0.05846153846153846,0.3729230769230769,0.29589905362776026,,16,state dependence,new needs,"fitted beta, covariates held"
20.319095658445786,23.774944095088813,7.245969555639013,3.281126688779212,20.522784930766786,19.520264178579236,1.0513579500264998,0.5089230769230769,0.057846153846153846,0.38769230769230767,0.29369085173501575,,17,state dependence,new needs,"fitted beta, covariates held"
22.009835689601694,25.691702362017416,7.936414555449334,3.237192586465493,22.211830577911858,21.19540728369933,1.0479548838391148,0.5181538461538462,0.056,0.3926153846153846,0.2987381703470032,,18,state dependence,new needs,"fitted beta, covariates held"
22.236666870098794,26.1705768794316,8.306008087532438,3.15080079427257,21.622226296763152,24.945052365444877,0.8667941834716424,0.5224615384615384,0.056,0.3889230769230769,0.30094637223974763,,19,state dependence,new needs,"fitted beta, covariates held"
19.885319501753482,22.80983673994375,6.252659272994358,3.6480217046946595,20.177680748516718,18.725914185508632,1.0775271395898822,0.5076923076923077,0.051076923076923075,0.38461538461538464,0.29305993690851734,,20,state dependence,new needs,"fitted beta, covariates held"
18.590833363106007,21.985318266474465,7.650582155284155,2.873679129279005,18.489431629536096,19.005171721347143,0.972863171173994,0.49538461538461537,0.059076923076923075,0.37415384615384617,0.2870662460567823,,21,state dependence,new needs,"fitted beta, covariates held"
17.520228881070956,20.534871316464923,7.608131121919298,2.69906906011428,17.371226237950626,18.08060793138833,0.9607656061051908,0.48,0.05969230769230769,0.3507692307692308,0.27949526813880127,,22,state dependence,new needs,"fitted beta, covariates held"
19.589777985542373,23.4124025788415,9.099676771053698,2.572882880116901,19.584402176376873,19.61124681543528,0.9986311610214769,0.5009230769230769,0.06276923076923077,0.37723076923076926,0.28990536277602524,,23,state dependence,new needs,"fitted beta, covariates held"
22.709467416586797,26.364085670418138,6.772949455104255,3.892556093202429,22.200823852706908,24.821440748027957,0.894421241622356,0.5224615384615384,0.05353846153846154,0.3870769230769231,0.30094637223974763,,24,state dependence,new needs,"fitted beta, covariates held"
19.919887696393943,22.799488998351762,6.872716338507033,3.3173912431986854,19.96004399205087,19.760943988726158,1.0100754297688563,0.4996923076923077,0.05169230769230769,0.3790769230769231,0.2889589905362776,,25,state dependence,new needs,"fitted beta, covariates held"
21.812077422626256,24.8416801616511,6.242686260623825,3.979325425713241,20.716248974848504,26.776273929320393,0.7736793039065799,0.5126153846153846,0.049846153846153846,0.37661538461538463,0.29589905362776026,,26,state dependence,new needs,"fitted beta, covariates held"
21.628741280944467,24.550686631633752,6.0933267687030686,4.0291104619126195,21.208645652048737,23.311472281031968,0.9097943448773823,0.512,0.04676923076923077,0.37784615384615383,0.295583596214511,,27,state dependence,new needs,"fitted beta, covariates held"
22.262110505243268,26.051801652864768,8.098244965057598,3.2169688327870283,22.85055801693968,20.093703477941077,1.1371999214592314,0.5163076923076924,0.05415384615384616,0.39076923076923076,0.29842271293375394,,28,state dependence,new needs,"fitted beta, covariates held"
20.38646904835679,23.111489040375666,6.475167642347282,3.5692495263331327,20.040774920402857,21.805283158959767,0.9190788660851728,0.5052307692307693,0.048,0.37353846153846154,0.2917981072555205,,29,state dependence,new needs,"fitted beta, covariates held"
20.099730401509483,23.3820289419589,6.992453973760371,3.3438945797428845,19.732811731957735,21.678643889146926,0.910241979750249,0.5070769230769231,0.05476923076923077,0.37846153846153846,0.29305993690851734,,30,state dependence,new needs,"fitted beta, covariates held"
23.37957393583255,26.733266827136696,6.722255667799457,3.976829824428246,23.645336577441846,22.29107426668082,1.0607535686508067,0.5181538461538462,0.04923076923076923,0.39815384615384614,0.2987381703470032,,31,state dependence,new needs,"fitted beta, covariates held"
21.317557393352683,24.75358051223115,7.483976618174006,3.307543806606748,20.638175728847813,24.19554705976628,0.8529741310609229,0.5144615384615384,0.056,0.37784615384615383,0.29716088328075707,,32,state dependence,new needs,"fitted beta, covariates held"
21.811628000216345,25.644175550551303,7.220158498186796,3.551746898214401,21.570478029879045,22.82972689488527,0.944841702627273,0.5076923076923077,0.05476923076923077,0.384,0.29305993690851734,,33,state dependence,new needs,"fitted beta, covariates held"
22.25323554293934,26.387935244829983,8.78047105881692,3.0052983567814975,22.133852521221467,22.737530591250675,0.9734501480885747,0.5187692307692308,0.05969230769230769,0.3889230769230769,0.2987381703470032,,34,state dependence,new needs,"fitted beta, covariates held"
22.24845453709457,26.17926260224737,7.967569003811183,3.2857277533115634,22.73958915787578,20.399419748998923,1.1147174496956807,0.5193846153846153,0.05476923076923077,0.3963076923076923,0.2993690851735016,,35,state dependence,new needs,"fitted beta, covariates held"
21.801411516877693,25.92323754234876,9.670337064756975,2.680696377877521,21.62332880025798,22.55437091966042,0.9587201025149913,0.5150769230769231,0.060307692307692305,0.38584615384615384,0.29716088328075707,,36,state dependence,new needs,"fitted beta, covariates held"
20.50157984332021,23.7163132628624,6.990664565366372,3.3925691958328796,20.863574120521605,19.164878800747722,1.0886358498498623,0.5046153846153846,0.05353846153846154,0.3821538461538462,0.2917981072555205,,37,state dependence,new needs,"fitted beta, covariates held"
18.488463997636135,20.824232227196415,5.5666313075514875,3.7409038027984765,18.663935446566562,17.85782564948954,1.0451404226303476,0.49415384615384617,0.048615384615384616,0.3716923076923077,0.2864353312302839,,38,state dependence,new needs,"fitted beta, covariates held"
19.14300733231867,21.664425085588054,5.432465529543327,3.9879544504738433,19.475905828144807,17.78879760837654,1.0948410486706435,0.49538461538461537,0.048,0.38153846153846155,0.28675078864353315,,39,state dependence,new needs,"fitted beta, covariates held"
22.121085317756727,25.623665855319267,7.507967260710144,3.4128632911614005,21.467226802416036,25.10143626436363,0.8552190630180369,0.5206153846153846,0.05415384615384616,0.38953846153846156,0.3003154574132492,,40,state dependence,new needs,"fitted beta, covariates held"
20.731263750039545,23.48110229930897,6.086677254276626,3.857786657377086,20.56423231476716,21.455956961615424,0.9584392973735194,0.5052307692307693,0.04676923076923077,0.3833846153846154,0.2917981072555205,,41,state dependence,new needs,"fitted beta, covariates held"
20.186750542418924,23.31754337694883,6.697367570928381,3.4815982742480087,20.14331099470353,20.349250278170544,0.9898797606471068,0.5070769230769231,0.052307692307692305,0.376,0.29305993690851734,,42,state dependence,new needs,"fitted beta, covariates held"
20.062705638070135,23.204314252464805,7.50762070132989,3.0907680576290195,19.233801142978695,23.63070875247111,0.813932470009702,0.4996923076923077,0.05476923076923077,0.36246153846153845,0.28927444794952684,,43,state dependence,new needs,"fitted beta, covariates held"
20.613888129021976,23.580314098863592,6.689287957347212,3.5250858161912495,20.83843448021447,19.694509088370612,1.0580834681743518,0.5070769230769231,0.052307692307692305,0.392,0.29274447949526816,,44,state dependence,new needs,"fitted beta, covariates held"
21.337848260920545,24.309737557819904,6.913546514855505,3.51624705288151,21.15461916224874,22.068044946613714,0.9586086675745539,0.5101538461538462,0.05169230769230769,0.3833846153846154,0.2949526813880126,,45,state dependence,new needs,"fitted beta, covariates held"
20.440718535079935,24.228212594537716,7.99584100797682,3.030101845492818,20.476815280387832,20.29475743003171,1.008970683733658,0.5058461538461538,0.05969230769230769,0.38153846153846155,0.2921135646687697,,46,state dependence,new needs,"fitted beta, covariates held"
20.183931804495035,23.439591896396653,6.60049927553571,3.5511846782975747,19.531152765307603,22.94047825496686,0.85138385295341,0.4990769230769231,0.05353846153846154,0.36553846153846153,0.2886435331230284,,47,state dependence,new needs,"fitted beta, covariates held"
20.690428565430697,23.943010618351174,6.723565600736805,3.5610585275954425,20.313568039468567,22.238032756849815,0.9134606582145415,0.5027692307692307,0.05415384615384616,0.376,0.2908517350157729,,48,state dependence,new needs,"fitted beta, covariates held"
23.27635663407346,27.70397967826457,8.861803313777243,3.1262237151205814,23.104670774991074,24.005214825687393,0.9624854825405408,0.5267692307692308,0.05846153846153846,0.39753846153846156,0.30315457413249214,,49,state dependence,new needs,"fitted beta, covariates held"
20.604297894636108,23.716718414922557,6.273358926128672,3.7805454293619207,19.647908070189164,24.89500613230134,0.7892308989912619,0.512,0.05169230769230769,0.37353846153846154,0.295583596214511,,50,state dependence,new needs,"fitted beta, covariates held"
21.846871379917467,25.676372839930192,7.804379082858239,3.2899955995636487,21.176603582807513,24.72564473218487,0.8564631503922873,0.5212307692307693,0.056615384615384616,0.3870769230769231,0.3,,51,state dependence,new needs,"fitted beta, covariates held"
19.12362582920303,21.55676331325497,5.431118110167405,3.9691206996399715,19.153255423427808,19.004485028426345,1.0078281729170213,0.4898461538461538,0.047384615384615386,0.3710769230769231,0.2842271293375394,,52,state dependence,new needs,"fitted beta, covariates held"
20.769670252904373,24.151708261474212,6.864444395158083,3.5183777260268734,20.5802282808014,21.558936319825293,0.9546031388327871,0.5095384615384615,0.056,0.3833846153846154,0.294006309148265,,53,state dependence,new needs,"fitted beta, covariates held"
24.88588702266484,29.540885063187716,9.317860589221041,3.170350616466702,24.04663466649256,28.505789276855573,0.8435702107016033,0.5316923076923077,0.05723076923076923,0.3956923076923077,0.3056782334384858,,54,state dependence,new needs,"fitted beta, covariates held"
21.505234187608945,25.007086623636038,7.7109117381776375,3.2430777932294297,21.607036567623567,21.11109702717287,1.023491888640953,0.5107692307692308,0.05292307692307692,0.38646153846153847,0.2946372239747634,,55,state dependence,new needs,"fitted beta, covariates held"
21.521744727702096,25.054684528734455,6.793857501511011,3.6878436916232173,21.49132730654029,21.641461874560896,0.9930626420298766,0.5107692307692308,0.05353846153846154,0.384,0.2949526813880126,,56,state dependence,new needs,"fitted beta, covariates held"
22.347618641354753,25.959160091491388,6.949284286922514,3.7355156329325223,21.713686911882768,25.15212392293311,0.8632943674424546,0.5224615384615384,0.05415384615384616,0.392,0.30094637223974763,,57,state dependence,new needs,"fitted beta, covariates held"
22.070886790215862,25.44042519847066,6.514867083008533,3.9049799288802065,22.57971979352057,20.032018189239093,1.1271814741886599,0.5169230769230769,0.05169230769230769,0.39876923076923076,0.29779179810725553,,58,state dependence,new needs,"fitted beta, covariates held"
22.33846178778686,25.624289614495765,6.722585102689053,3.811672031380603,22.24614646733273,22.72124807523127,0.9790899863279758,0.5187692307692308,0.05292307692307692,0.3913846153846154,0.29905362776025235,,59,state dependence,new needs,"fitted beta, covariates held"
20.0592414745564,23.67946258820259,8.725542592163851,2.7138097531571743,19.924671065336668,20.59636371023516,0.9673878042576661,0.49353846153846154,0.059076923076923075,0.36738461538461537,0.2864353312302839,,60,state dependence,new needs,"fitted beta, covariates held"
20.60212020383698,23.98437586520927,7.975622428355872,3.0072105444632373,20.278416129715765,21.959343827666093,0.9234527356034854,0.49846153846153846,0.05292307692307692,0.3723076923076923,0.2883280757097792,,61,state dependence,new needs,"fitted beta, covariates held"
21.89405792133876,24.994258488171532,5.831088703332814,4.286379398393619,21.8201694845588,22.18993414746197,0.9833363785378578,0.5187692307692308,0.048615384615384616,0.39015384615384613,0.29905362776025235,,62,state dependence,new needs,"fitted beta, covariates held"
19.31413143668507,22.484409227964548,6.731434440733682,3.3402106825709343,19.11672130233513,20.105568578044497,0.9508172438958428,0.4996923076923077,0.05723076923076923,0.3729230769230769,0.2889589905362776,,63,state dependence,new needs,"fitted beta, covariates held"
22.34819208549696,26.086216628602315,8.489134749027913,3.0728946352971294,22.116154000314392,23.24161997042229,0.9515754077581432,0.5107692307692308,0.056,0.38153846153846155,0.2946372239747634,,64,state dependence,new needs,"fitted beta, covariates held"
20.105866297034236,22.78939808327022,6.973437808973382,3.268029156859325,19.535856229517936,22.537846000238993,0.8668022769039585,0.5046153846153846,0.04923076923076923,0.37353846153846154,0.2917981072555205,,65,state dependence,new needs,"fitted beta, covariates held"
21.312714596867337,24.125503594625652,6.369183935251278,3.787848465342499,20.69350146831665,24.06198979608935,0.8600079063984908,0.5156923076923077,0.048,0.38584615384615384,0.2974763406940063,,66,state dependence,new needs,"fitted beta, covariates held"
21.95954611128047,25.06324438633734,5.780867929155812,4.335550421404864,21.768366093747403,22.740617857267303,0.9572460269275757,0.5144615384615384,0.05046153846153846,0.38584615384615384,0.2974763406940063,,67,state dependence,new needs,"fitted beta, covariates held"
23.08007580960485,26.679472606270227,6.963328307526153,3.8314253512123413,23.57663229724376,21.085336352192417,1.1181530094392969,0.5193846153846153,0.049846153846153846,0.4012307692307692,0.29905362776025235,,68,state dependence,new needs,"fitted beta, covariates held"
20.408666205271096,24.514386956362006,8.369664543717342,2.9289569287174886,21.05742354252336,18.002773289435908,1.1696766494793296,0.5101538461538462,0.06153846153846154,0.38953846153846156,0.2943217665615142,,69,state dependence,new needs,"fitted beta, covariates held"
22.051461981557544,25.175180637866532,6.229262917745013,4.041438123626338,21.63756606615998,23.73374568934436,0.9116793593973036,0.5101538461538462,0.048615384615384616,0.3809230769230769,0.29526813880126185,,70,state dependence,new needs,"fitted beta, covariates held"
20.148255190689966,23.597191590366602,7.643740686570185,3.0871261281568767,20.82852405257204,17.61103023923864,1.1826976485546308,0.5070769230769231,0.057846153846153846,0.3889230769230769,0.29305993690851734,,71,state dependence,new needs,"fitted beta, covariates held"
19.789571085077014,22.378433598282943,5.4072454435774935,4.1386014065374335,20.135084530043983,18.401000446967945,1.0942385762162063,0.4990769230769231,0.048615384615384616,0.384,0.2889589905362776,,72,state dependence,new needs,"fitted beta, covariates held"
20.043082857289203,22.632104779684386,5.689361739658339,3.977969026283694,19.55428667231108,22.004553398636098,0.8886472866803607,0.5021538461538462,0.047384615384615386,0.3686153846153846,0.2902208201892745,,73,state dependence,new needs,"fitted beta, covariates held"
22.47307182769874,26.247539251580502,8.375727447290283,3.133762340854598,21.844568798213505,25.167341231192555,0.8679728461399495,0.5224615384615384,0.05415384615384616,0.39076923076923076,0.30094637223974763,,74,state dependence,new needs,"fitted beta, covariates held"
21.312937740594247,24.19645138998021,5.971301948449658,4.052123238594958,20.912893963485082,23.03467433576034,0.9078875463421993,0.5021538461538462,0.048,0.37538461538461537,0.2902208201892745,,75,state dependence,new needs,"fitted beta, covariates held"
21.83062270185877,25.500841224784747,8.494939878131973,3.0018860157480423,21.697058035467688,22.38443295395468,0.9692922791521706,0.5076923076923077,0.056615384615384616,0.384,0.29305993690851734,,76,state dependence,new needs,"fitted beta, covariates held"
20.845589318107937,24.546411798096553,7.8201934581391415,3.138849688245118,20.59358679105511,21.89824025658656,0.9404219950898093,0.5126153846153846,0.05723076923076923,0.3833846153846154,0.29589905362776026,,77,state dependence,new needs,"fitted beta, covariates held"
21.82547541180249,25.313034998845755,6.775101444722943,3.736185384878896,20.792739679575753,26.379430456105634,0.7882179152493105,0.5169230769230769,0.051076923076923075,0.37661538461538463,0.29842271293375394,,78,state dependence,new needs,"fitted beta, covariates held"
20.89187770647557,25.432594968115787,10.082839953568959,2.522364243133064,20.67801722022248,21.830091741859842,0.9472253925791697,0.5150769230769231,0.06461538461538462,0.38584615384615384,0.2968454258675079,,79,state dependence,new needs,"fitted beta, covariates held"
19.73134639205708,23.235042739929266,7.60821729707782,3.0539404741835425,20.15528633300024,18.024579215038557,1.118211198860274,0.5046153846153846,0.05476923076923077,0.38584615384615384,0.2917981072555205,,80,state dependence,new needs,"fitted beta, covariates held"
21.562303492859154,25.836297503443795,9.42386638949571,2.7415814736340236,21.835341533839575,20.508249498457683,1.0647101565387966,0.5169230769230769,0.060307692307692305,0.3926153846153846,0.2987381703470032,,81,state dependence,new needs,"fitted beta, covariates held"
19.916146624029647,22.53298669229138,5.983699448246548,3.7657283570441367,19.63676591080623,21.065224376042345,0.9321887847128411,0.5015384615384615,0.052307692307692305,0.37723076923076926,0.28990536277602524,,82,state dependence,new needs,"fitted beta, covariates held"
22.46251058605464,25.77212663858319,7.284000239628286,3.538183112401762,22.394128472803654,22.747734768161454,0.984455318344369,0.5236923076923077,0.049846153846153846,0.3993846153846154,0.30157728706624604,,83,state dependence,new needs,"fitted beta, covariates held"
18.792928437993282,22.07822873514942,7.426279606267472,2.9729864623621642,17.83229504897491,22.987294741753438,0.7757456999315739,0.5046153846153846,0.05969230769230769,0.3630769230769231,0.2917981072555205,,84,state dependence,new needs,"fitted beta, covariates held"
20.54908742076875,23.506227826394127,6.489527616216652,3.622178564685435,20.477475317871292,20.835729935775948,0.9828057563133646,0.5058461538461538,0.049846153846153846,0.37784615384615383,0.2921135646687697,,85,state dependence,new needs,"fitted beta, covariates held"
22.23425244994549,25.61861841866491,6.293331813530412,4.0707560284023,22.17079599438704,22.489359427881563,0.9858349263118815,0.5286153846153846,0.05353846153846154,0.4,0.3041009463722397,,86,state dependence,new needs,"fitted beta, covariates held"
20.33188936969556,23.876273650630807,7.199412111229341,3.3164199078685326,20.74813792579,18.61341000917289,1.1146876319580934,0.5064615384615384,0.059076923076923075,0.39076923076923076,0.29305993690851734,,87,state dependence,new needs,"fitted beta, covariates held"
20.558252682541656,24.237498476436887,8.128513071780207,2.9817874760615584,20.425330583375555,21.09282612298759,0.9683543809767351,0.5138461538461538,0.059076923076923075,0.3833846153846154,0.2962145110410095,,88,state dependence,new needs,"fitted beta, covariates held"
21.18341074756464,24.143190066041345,6.652037429468702,3.6294429070838317,20.815408283423437,22.706306227520393,0.9167236658772285,0.5095384615384615,0.04923076923076923,0.3796923076923077,0.294006309148265,,89,state dependence,new needs,"fitted beta, covariates held"
19.72177087623711,22.919328737394178,7.012201229586777,3.26849272959966,19.934016460311653,18.884346314448873,1.055584139815295,0.4978461538461538,0.056,0.37476923076923074,0.28801261829652997,,90,state dependence,new needs,"fitted beta, covariates held"
22.286753723763624,25.81036024341798,7.692310623901226,3.355345552898125,22.308979847631164,22.19313179527131,1.0052199956918444,0.5187692307692308,0.05292307692307692,0.39753846153846156,0.29905362776025235,,91,state dependence,new needs,"fitted beta, covariates held"
21.019979591297606,23.71290361393095,5.423482442432766,4.372265212551191,22.160062794920204,16.846597437829548,1.3154028804154307,0.5027692307692307,0.044307692307692305,0.3913846153846154,0.29053627760252365,,92,state dependence,new needs,"fitted beta, covariates held"
21.626691999418995,25.13388251557835,7.495044718280023,3.353399940934058,21.781002406800845,21.03658200457943,1.035386946513429,0.5212307692307693,0.05476923076923077,0.38953846153846156,0.3003154574132492,,93,state dependence,new needs,"fitted beta, covariates held"
18.92175949176839,22.113886143119316,6.909640229327921,3.200439590075483,19.677569964259693,16.123723511968556,1.2204110266250305,0.5009230769230769,0.05846153846153846,0.38461538461538464,0.28990536277602524,,94,state dependence,new needs,"fitted beta, covariates held"
20.267508723178533,23.66927734340691,7.589958935410432,3.1184987356096916,20.51236621144536,19.38769000239,1.0580098097770656,0.5052307692307693,0.057846153846153846,0.37661538461538463,0.2921135646687697,,95,state dependence,new needs,"fitted beta, covariates held"
20.842483757247688,23.44901316006042,5.823112263286996,4.026886671565569,21.494792081775113,18.290047443351995,1.1752179510932854,0.5076923076923077,0.04676923076923077,0.39384615384615385,0.29337539432176657,,96,state dependence,new needs,"fitted beta, covariates held"
20.212024314420184,24.34523448454265,9.557104928472269,2.5473440614860245,20.28340940431478,19.941511757612663,1.0171450214436022,0.5033846153846154,0.06523076923076923,0.37353846153846154,0.2908517350157729,,97,state dependence,new needs,"fitted beta, covariates held"
21.052636753701933,23.864053398160063,6.673919642684536,3.5757178203843223,21.037324043415666,21.118814475293505,0.9961413349232661,0.5076923076923077,0.049846153846153846,0.3883076923076923,0.29369085173501575,,98,state dependence,new needs,"fitted beta, covariates held"
20.868528765376755,24.21947131947477,7.2686642522668174,3.3320388009284714,21.457763468417113,18.57605445845236,1.1551303058682376,0.5070769230769231,0.055384615384615386,0.38461538461538464,0.29305993690851734,,99,state dependence,new needs,"fitted beta, covariates held"
15.787513834019936,20.230942685448944,10.44570117766262,1.93677210762178,15.89241402056616,15.533519521329016,1.0231045191493369,0.5077995353468304,0.07368071689346167,0.33222701626286094,0.33869326277223694,,0,state dependence,all,beta_inc -1.0
15.449671155610242,19.62399942430054,9.350244750279158,2.0987685294242864,15.449260810737066,15.45066273584982,0.9999092644026523,0.5061400597411218,0.07135745104546963,0.3305675406571523,0.33767555465092614,,1,state dependence,all,beta_inc -1.0
15.238857461677284,19.015812913248144,8.426987396893065,2.256537481028993,15.094657468630254,15.581214314838224,0.968772854517211,0.49983405243942913,0.07002987056090275,0.3249253235977431,0.33380826378994505,,2,state dependence,all,beta_inc -1.0
15.806526287073957,20.193570517509706,10.679077692358272,1.8909470554708867,15.757438238791282,15.926053433770774,0.989412619034547,0.5160969133753733,0.07334882177231995,0.3348821772319947,0.34378180337879094,,3,state dependence,all,beta_inc -1.0
15.615036039725297,19.971592268992893,10.7975301040171,1.8496445091236824,15.907569654411382,14.909511877391072,1.066941009553356,0.5144374377696648,0.07467640225688682,0.34284766013939594,0.3429676368817423,,4,state dependence,all,beta_inc -1.0
16.41416987797661,20.881330405206405,10.196161391348962,2.0479599727524302,16.45031463213687,16.32910881131057,1.0074226843746883,0.520079654829074,0.07168934616661135,0.34085628941254564,0.3460207612456747,,5,state dependence,all,beta_inc -1.0
14.799599768299188,18.632347583533864,8.685228010532736,2.1452917022947555,14.893135665196892,14.583024823905403,1.0212651932665668,0.4991702621971457,0.07334882177231995,0.3282442748091603,0.3334011805414207,,6,state dependence,all,beta_inc -1.0
16.891222432149522,21.64902675738402,11.033283299711606,1.9621563381726905,16.836021949185437,17.03878634833137,0.988099833227512,0.520079654829074,0.0743445071357451,0.34517092598738797,0.3466313861184612,,7,state dependence,all,beta_inc -1.0
14.985406146519905,19.182922406069203,9.418291808885993,2.036772994012614,15.20634701263425,14.486230972073772,1.0497103795976126,0.507135745104547,0.07467640225688682,0.32857616993030203,0.33869326277223694,,8,state dependence,all,beta_inc -1.0
15.188790571690662,20.247529453916126,11.600295277209622,1.7454322472028092,15.07959998663842,15.455283462434938,0.9756922299930868,0.5167607036176568,0.08264188516428808,0.3355459674742781,0.3439853450030531,,9,state dependence,all,beta_inc -1.0
15.682919543942061,20.77617543221409,12.630567117138012,1.6449123178343716,15.854349013088811,15.277665168868587,1.0377468571176267,0.5051443743776967,0.08264188516428808,0.32592100896116827,0.33747201302666396,,10,state dependence,all,beta_inc -1.0
16.51631329289865,21.05107920267549,10.36475194880065,2.031025856350706,16.772172112767652,15.88901603438941,1.0555828049054001,0.5190839694656488,0.07202124128775307,0.3441752406239628,0.34541013637288825,,11,state dependence,all,beta_inc -1.0
14.497235589755261,18.66795292095732,9.691309257732726,1.9262570643963406,15.05477414053424,13.255922026422603,1.1357017724248863,0.4951875207434451,0.07832724858944573,0.3269166943245934,0.3305515978017505,,12,state dependence,all,beta_inc -1.0
15.956778581077936,19.682028465976117,7.831437705502381,2.513207562405494,15.954101158783496,15.963249077557263,0.9994269387936427,0.5074676402256887,0.06803849983405244,0.33222701626286094,0.3382861795237126,,13,state dependence,all,beta_inc -1.0
14.249164876198401,18.30471136595833,10.636342775768764,1.7209591446845145,14.128529980020604,14.52547393778805,0.9726725641127072,0.49983405243942913,0.07865914371058745,0.3226020577497511,0.3336047221656829,,14,state dependence,all,beta_inc -1.0
14.286488075154418,18.335681517810794,8.738416573425342,2.0982842101590786,14.23210416509337,14.415748764955701,0.9872608351562864,0.5024892134085629,0.07567208762031198,0.32293395287089277,0.33543659678404236,,15,state dependence,all,beta_inc -1.0
16.822734726668312,21.834695456748904,11.703134511034637,1.8657134493465346,16.674666394940456,17.21091955254022,0.9688422715612184,0.5187520743445071,0.07633587786259542,0.3385330235645536,0.3450030531243639,,16,state dependence,all,beta_inc -1.0
16.956851313824448,21.320613271474407,9.419313494306817,2.2634997003084063,16.875194705441825,17.161899214677465,0.9832941269699077,0.5121141719216727,0.06936608031861932,0.3382011284434119,0.3409322206391207,,17,state dependence,all,beta_inc -1.0
15.370932621626551,19.46673881098214,9.2388641057544,2.1070489389336657,14.83478230260469,16.75390004284814,0.8854524776120603,0.5104546963159642,0.07235313640889479,0.32592100896116827,0.34052513739059637,,18,state dependence,all,beta_inc -1.0
16.400063849004972,20.830416152310878,9.585437315684391,2.17313153967703,16.794937986886616,15.42644960537667,1.0887105209894166,0.51543312313309,0.07102555592432791,0.34749419183538,0.3429676368817423,,19,state dependence,all,beta_inc -1.0
15.412601817214473,19.381974926676758,10.11364234114944,1.9164188600794392,15.769366028188356,14.567128022601011,1.0825308876068134,0.5144374377696648,0.07069366080318619,0.34251576501825426,0.3431711785060045,,20,state dependence,all,beta_inc -1.0
15.998835726297019,21.152047632988456,12.738975697150938,1.6604198120669227,16.016165715230844,15.955415362925422,1.003807506788359,0.5167607036176568,0.08065051443743777,0.3385330235645536,0.3441888866273153,,21,state dependence,all,beta_inc -1.0
16.99651512015795,21.13970457167103,9.061075605882671,2.3330237480798215,16.941315462877412,17.14741931516282,0.9879804740003555,0.5263856621307667,0.06471954862263525,0.355791569863923,0.35009159373091797,,22,state dependence,all,beta_inc -1.0
14.877554523142898,18.850784362049858,9.880038300799146,1.907966729291435,14.074619389122105,16.85744031863988,0.8349203154858149,0.5024892134085629,0.07268503153003651,0.3126452041154995,0.33543659678404236,,23,state dependence,all,beta_inc -1.0
15.396080929841414,19.62576849269691,10.626759448742321,1.8468253268892447,15.464386688361483,15.234563383512969,1.0150856509020292,0.5068038499834052,0.07467640225688682,0.32923996017258544,0.33848972114797476,,24,state dependence,all,beta_inc -1.0
16.28818387448849,20.843004424090044,11.992717494065802,1.7379717678168867,16.63498836162121,15.489172653929968,1.0739752686145263,0.5157650182542317,0.07467640225688682,0.33753733820112847,0.34378180337879094,,25,state dependence,all,beta_inc -1.0
15.213506364982894,19.27664338950538,9.532814938720813,2.022135488144918,15.413628539328935,14.741134366640209,1.04562024576688,0.5081314304679722,0.07168934616661135,0.3352140723531364,0.3391003460207612,,26,state dependence,all,beta_inc -1.0
15.601608056370043,19.680279697653,9.033179743290532,2.178665791774008,15.54497640759652,15.736286422856006,0.9878427470040442,0.5054762694988384,0.06837039495519416,0.32658479920345174,0.33686138815387745,,27,state dependence,all,beta_inc -1.0
16.468133368570445,21.65299669269822,11.815227920022041,1.832634701528282,16.21918001366169,17.108547320121264,0.948016199749841,0.5233986060404912,0.07699966810487886,0.3382011284434119,0.34825971911255854,,28,state dependence,all,beta_inc -1.0
15.377140092876093,19.920359616271963,10.403451418776479,1.9147837399729732,15.394442254620966,15.334360637705299,1.0039181038150318,0.5104546963159642,0.07633587786259542,0.3315632260205775,0.3399145125178099,,29,state dependence,all,beta_inc -1.0
15.755192442495163,20.12506389018562,10.673947818825125,1.885437724802441,15.984610163786565,15.216689154320836,1.0504657091748288,0.5044805841354132,0.07467640225688682,0.3312313308994358,0.3370649297781396,,30,state dependence,all,beta_inc -1.0
17.954778768048403,23.182735905683014,11.397267295888799,2.0340609116051396,18.088666840242173,17.610335786485635,1.0271619496388942,0.5290408230999004,0.0760039827414537,0.35380019913707267,0.3517199267250153,,31,state dependence,all,beta_inc -1.0
14.390880835828147,17.775891599261975,7.511410094303549,2.3665185865358005,14.257364964511618,14.70026361091105,0.969871380668936,0.4975107865914371,0.06704281447062728,0.3196150016594756,0.3325870140443721,,32,state dependence,all,beta_inc -1.0
16.299755484975442,21.130027978909464,10.60418596380521,1.9926119789893952,16.92777296347812,14.796295131888465,1.1440548334965261,0.5197477597079323,0.07733156322602058,0.3511450381679389,0.3462243028699369,,33,state dependence,all,beta_inc -1.0
16.263873894335422,21.02741013380947,9.72969416592292,2.1611583853740686,16.37916703939154,15.98147398649615,1.024884629116903,0.5144374377696648,0.07534019249917026,0.33720544307998673,0.34256055363321797,,34,state dependence,all,beta_inc -1.0
16.65025522581428,21.58284314799519,10.6691057326491,2.0229289772570516,16.61966926371264,16.726534333103945,0.9936110453448923,0.5260537670096249,0.07467640225688682,0.34616661135081317,0.3498880521066558,,35,state dependence,all,beta_inc -1.0
14.078372086286146,17.911349086734237,8.503507678146631,2.1063483170321633,14.66797752098282,12.700482813595254,1.1549149537277006,0.5021573182874212,0.07467640225688682,0.33786923332227015,0.33482597191125585,,36,state dependence,all,beta_inc -1.0
15.832313528906255,19.64699926062475,8.173017156888411,2.4038857234094753,15.690035055560548,16.1813428077449,0.9696373930135638,0.5147693328908065,0.067374709591769,0.3355459674742781,0.3431711785060045,,37,state dependence,all,beta_inc -1.0
15.11131116643429,18.89936774664547,9.322603109582067,2.0272629355228156,14.785103500936225,15.87331204630771,0.9314441408197092,0.4981745768337205,0.07135745104546963,0.3146365748423498,0.3325870140443721,,38,state dependence,all,beta_inc -1.0
14.959213630273853,18.848473094893727,9.561191986101854,1.9713518065835163,14.865520452347518,15.185334916217954,0.9789392551672419,0.5018254231662794,0.07301692665117823,0.32426153335545965,0.335029513535518,,39,state dependence,all,beta_inc -1.0
15.16970992555124,19.227646958883437,10.583976175398522,1.8166751927858955,14.706119735117063,16.30512314641568,0.9019324541777457,0.5034848987719881,0.07467640225688682,0.31695984069034183,0.3360472216568288,,40,state dependence,all,beta_inc -1.0
15.033885179099228,19.497710878184268,10.930976949094392,1.7837116452614614,15.05976075722298,14.976108391638336,1.0055857211631394,0.5028211085297046,0.07699966810487886,0.32227016262860936,0.33543659678404236,,41,state dependence,all,beta_inc -1.0
15.330218806482943,20.125146116326686,11.046435485592909,1.821867890558407,15.18845245446163,15.659305410511909,0.9699314277545031,0.514105542648523,0.07998672419515433,0.32625290408231,0.3429676368817423,,42,state dependence,all,beta_inc -1.0
14.96884384028202,19.043480807720158,9.502628818264343,2.004022378640951,15.413488132642753,13.944360832761516,1.105356374343785,0.5014935280451377,0.07401261201460338,0.3299037504148689,0.3344188886627315,,43,state dependence,all,beta_inc -1.0
16.33392295987925,20.65615490200147,9.458178098120378,2.183946494526939,16.379216583320375,16.223802106629897,1.0095794115133447,0.5157650182542317,0.07202124128775307,0.3421838698971125,0.3435782617545288,,44,state dependence,all,beta_inc -1.0
15.351233324587366,19.71169733834992,10.116955663489653,1.9483822993794502,15.804534378651539,14.315062172677703,1.104049300520448,0.4968469963491537,0.07633587786259542,0.32724858944573515,0.33217993079584773,,45,state dependence,all,beta_inc -1.0
16.69849309653316,20.99058230419641,9.218188043574143,2.2770833275448985,16.55447982993554,17.08504622015178,0.9689455689273794,0.520079654829074,0.06837039495519416,0.34616661135081317,0.3460207612456747,,46,state dependence,all,beta_inc -1.0
15.7921484581948,20.44826863752894,11.162148951792648,1.8319293825804877,16.090076323678034,15.074280389972339,1.0673860315336456,0.5151012280119482,0.0776634583471623,0.34284766013939594,0.3431711785060045,,47,state dependence,all,beta_inc -1.0
16.42380144367877,20.636816634954236,8.961367690483682,2.30286462376374,16.527619510185097,16.162843959074404,1.0225687726760422,0.5160969133753733,0.07002987056090275,0.34085628941254564,0.3439853450030531,,48,state dependence,all,beta_inc -1.0
16.766205696112053,21.793021292679384,11.539020930784387,1.8886369496513222,16.46923683496026,17.52123628335786,0.939958606151735,0.5190839694656488,0.07567208762031198,0.3335545967474278,0.3458172196214126,,49,state dependence,all,beta_inc -1.0
15.379939746917906,19.720089916215805,10.314784124801676,1.9118276909740914,15.09446168951694,16.06236323730086,0.9397410248115787,0.5054762694988384,0.0776634583471623,0.32160637238632594,0.33747201302666396,,50,state dependence,all,beta_inc -1.0
15.901946639971454,20.733313159025002,11.2251696682555,1.8470378419008038,15.861761544516826,16.000370599622144,0.9913371347093303,0.5127779621639562,0.0776634583471623,0.3348821772319947,0.34154284551190717,,51,state dependence,all,beta_inc -1.0
16.174708029597223,20.692888354789975,10.301042825540325,2.0088149040099306,16.19541585940793,16.122504540989564,1.0045223320131806,0.5101228011948225,0.07567208762031198,0.33952870892797876,0.3401180541420721,,52,state dependence,all,beta_inc -1.0
16.96803604414584,21.904661563262014,9.843985498390552,2.2251822259229583,17.616705748909396,15.441612596956066,1.1408591970751873,0.5180882841022237,0.07500829737802854,0.35147693328908064,0.3445959698758396,,53,state dependence,all,beta_inc -1.0
15.33774640280921,19.83622899834382,10.452413279643162,1.8977654698151216,15.568961198468191,14.804203642552435,1.0516581353770071,0.5084633255891139,0.07932293395287089,0.33089943577829406,0.3391003460207612,,54,state dependence,all,beta_inc -1.0
14.75436472621946,19.176880475015327,10.982562318183579,1.7461207976270348,14.768194180211479,14.72052845226725,1.0032380446190359,0.509459010952539,0.07965482907401261,0.3315632260205775,0.3401180541420721,,55,state dependence,all,beta_inc -1.0
15.440443853310091,19.680863861817876,10.179674513017789,1.9333490316070465,15.693252471567565,14.840657201952885,1.0574499672091668,0.5077995353468304,0.07368071689346167,0.3355459674742781,0.33848972114797476,,56,state dependence,all,beta_inc -1.0
14.88609118723896,19.52096364460404,11.311696623429789,1.7257326017894157,15.258314860917425,14.05275495470384,1.085788154002504,0.5021573182874212,0.08131430467972121,0.3269166943245934,0.335029513535518,,57,state dependence,all,beta_inc -1.0
16.093839218345362,20.757873211593484,11.196966745806378,1.853883617129431,15.824571506296897,16.77891353244134,0.9431225374456301,0.5160969133753733,0.07534019249917026,0.3332227016262861,0.3435782617545288,,58,state dependence,all,beta_inc -1.0
15.6697986236809,20.47541026697753,10.418741683385738,1.9652479050928648,15.541865784425994,15.984861605852792,0.9722865400808602,0.5164288084965151,0.07733156322602058,0.33289080650514435,0.3435782617545288,,59,state dependence,all,beta_inc -1.0
15.58408538211321,19.391100747486078,8.273049344105639,2.3438879596798006,15.725377189253122,15.249930237106016,1.0311769919438878,0.5048124792565549,0.06969797543976104,0.32923996017258544,0.33686138815387745,,60,state dependence,all,beta_inc -1.0
15.53658416233911,19.792797916057786,10.474391680901768,1.8896369850429133,15.564658498582977,15.46957525788176,1.006146467444397,0.5048124792565549,0.07467640225688682,0.32558911384002653,0.33686138815387745,,61,state dependence,all,beta_inc -1.0
14.015057348034837,17.28790390065716,8.933653313039402,1.9351438090197706,14.023297656513513,13.996132818337,1.0019408817084763,0.4945237305011616,0.06870229007633588,0.31994689678061733,0.3303480561774883,,62,state dependence,all,beta_inc -1.0
16.88857278944826,22.26913437107163,12.368506144698008,1.800470817619128,17.310283642636215,15.880925708654834,1.090004698731284,0.5197477597079323,0.07932293395287089,0.34616661135081317,0.3460207612456747,,63,state dependence,all,beta_inc -1.0
16.265655792633638,20.593904250697637,9.505275251685466,2.166576317402902,16.122765302943282,16.6104466005017,0.9706400851652184,0.5101228011948225,0.07135745104546963,0.33023564553601065,0.3401180541420721,,64,state dependence,all,beta_inc -1.0
15.576764271266772,19.50516816825454,9.547684578600732,2.042921297585758,15.283336644602336,16.299143390252738,0.9376772925221408,0.5124460670428145,0.07002987056090275,0.3295718552937272,0.3411357622633829,,65,state dependence,all,beta_inc -1.0
16.808933454035124,21.636914230875956,12.126448280709218,1.784274647449411,16.712203133085236,17.042731948106933,0.980605878445538,0.5220710255559243,0.07534019249917026,0.3382011284434119,0.34744555261550986,,66,state dependence,all,beta_inc -1.0
14.32254937127633,18.1351660326501,9.915474157948905,1.8289761784222638,14.19443711474782,14.615757895993749,0.971173524887039,0.5018254231662794,0.07301692665117823,0.3219382675074676,0.335029513535518,,67,state dependence,all,beta_inc -1.0
15.454654695421576,19.829755119447277,10.4942206832049,1.889588156954151,15.65045101157037,14.997921604387923,1.0435079889330492,0.514105542648523,0.07534019249917026,0.3362097577165616,0.34276409525748014,,68,state dependence,all,beta_inc -1.0
14.529958502514821,18.314371970436028,9.045498999309295,2.0246944885886884,14.494245079902374,14.614803170716522,0.9917509603512342,0.49983405243942913,0.07102555592432791,0.3196150016594756,0.3336047221656829,,69,state dependence,all,beta_inc -1.0
16.63596711583137,21.105392774307145,9.726480438395718,2.1698900139656536,16.683009099392397,16.523409733032864,1.0096589849757502,0.5111184865582475,0.07102555592432791,0.3312313308994358,0.34052513739059637,,70,state dependence,all,beta_inc -1.0
14.703147684674535,18.53656741038053,8.995950354531274,2.060545765578134,14.753705202733263,14.585491342704348,1.0115329580661028,0.5031530036508464,0.07102555592432791,0.32658479920345174,0.3356401384083045,,71,state dependence,all,beta_inc -1.0
15.322169300938095,19.445905696396387,9.415380109784032,2.065334109686033,15.582966624604076,14.686971986458113,1.061006083416793,0.5107865914371059,0.0743445071357451,0.3401924991702622,0.3403215957663342,,72,state dependence,all,beta_inc -1.0
14.748309754377132,18.854501532849152,9.747477227580523,1.9342955200244294,14.494025590211299,15.381746678248536,0.9422873678388833,0.5054762694988384,0.07534019249917026,0.32625290408231,0.3372684714024018,,73,state dependence,all,beta_inc -1.0
17.253271237442853,22.00853995912137,10.222263731203915,2.1530006012209726,17.664741946002643,16.22745429730259,1.088571357057463,0.517756388981082,0.07168934616661135,0.3508131430467972,0.3445959698758396,,74,state dependence,all,beta_inc -1.0
14.556161879705295,18.613089696936758,9.70759753090098,1.9173734425729994,14.665384022153564,14.300869395826382,1.0254889836581238,0.49850647195486225,0.0760039827414537,0.32558911384002653,0.33279055566863425,,75,state dependence,all,beta_inc -1.0
14.460886203366096,18.864958407597058,9.744415196827918,1.9359764569286966,15.263881854697699,12.587824644093002,1.2125909191037603,0.5004978426817126,0.07832724858944573,0.3388649186856953,0.3344188886627315,,76,state dependence,all,beta_inc -1.0
14.816152401657284,18.7924130517104,8.176636240530708,2.2983061125501,15.229033669375264,13.857076481056243,1.099007694025114,0.5044805841354132,0.0743445071357451,0.336873547958845,0.336250763281091,,77,state dependence,all,beta_inc -1.0
16.23020672632178,20.1617797425271,8.44869062752345,2.3863792191473685,16.494125954412674,15.558209438624818,1.0601557987427748,0.5121141719216727,0.06770660471291072,0.34649850647195485,0.341339303887645,,78,state dependence,all,beta_inc -1.0
16.22729261714837,21.006966080005267,10.00447459743256,2.0997570512494743,16.17239947303945,16.35740619012519,0.9886897277639638,0.5084633255891139,0.07633587786259542,0.32890806505144377,0.3388968043964991,,79,state dependence,all,beta_inc -1.0
14.42481475940104,18.5347515322845,9.085674003097418,2.0399974207709604,14.08882590708878,15.227932689248588,0.9251962294944963,0.5011616329239961,0.07699966810487886,0.31695984069034183,0.3346224302869937,,80,state dependence,all,beta_inc -1.0
14.724312986423836,19.730290379903682,11.710601843398916,1.684822918902784,14.34025994360163,15.648963628347984,0.9163712233073603,0.5054762694988384,0.08363757052771324,0.3162960504480584,0.3370649297781396,,81,state dependence,all,beta_inc -1.0
16.601969401196694,21.370271300777574,10.33203464514734,2.0683507203312157,16.72207335097569,16.325048201565853,1.024319998600173,0.5081314304679722,0.07500829737802854,0.3295718552937272,0.3388968043964991,,82,state dependence,all,beta_inc -1.0
15.75399073383994,19.70419897268028,8.87657156854948,2.219798355763175,15.875004482588984,15.471041140005648,1.0261109345471748,0.5121141719216727,0.067374709591769,0.336873547958845,0.3411357622633829,,83,state dependence,all,beta_inc -1.0
15.109771472888776,19.638302102626177,9.954686257944944,1.9727695673937122,14.924958524212348,15.547557310169342,0.9599552023809061,0.5034848987719881,0.07865914371058745,0.31928310653833386,0.336250763281091,,84,state dependence,all,beta_inc -1.0
14.458748148247448,17.689313382522403,7.41383262473769,2.3859876905635256,14.449072799369377,14.481953117340261,0.9977295660533858,0.4955194158645868,0.06604712910720212,0.32359774311317624,0.33095868105027476,,85,state dependence,all,beta_inc -1.0
16.16446058412131,20.468852787882827,9.849833543000047,2.078091238651375,15.818496812907151,17.006151557287627,0.930163227089933,0.5114503816793893,0.07235313640889479,0.33023564553601065,0.3409322206391207,,86,state dependence,all,beta_inc -1.0
16.5203049216098,21.09356510584473,9.964421789785895,2.116888019279437,16.323240597649583,17.02169590012972,0.9589667617975237,0.5184201792233654,0.07202124128775307,0.3348821772319947,0.34541013637288825,,87,state dependence,all,beta_inc -1.0
15.626326863907058,19.94823239669536,8.841561395862524,2.256188867956093,15.51479266113787,15.910793459939388,0.9751111847565253,0.5104546963159642,0.07168934616661135,0.3325589113840027,0.3403215957663342,,88,state dependence,all,beta_inc -1.0
15.222536028704738,19.891081335827067,10.327206173005083,1.9260854293605163,15.446641809265993,14.68041969812256,1.0521934744986496,0.5107865914371059,0.07799535346830401,0.33654165283770326,0.34072867901485854,,89,state dependence,all,beta_inc -1.0
15.909788686650414,19.788573078567186,8.653058831522355,2.2868876155653886,15.838565898874673,16.08028280826078,0.9849681182682976,0.5097909060736807,0.06837039495519416,0.33222701626286094,0.33971097089354774,,90,state dependence,all,beta_inc -1.0
14.930212184897021,18.793620756846867,9.351358932085832,2.009720821683285,15.124232088012352,14.473200789083679,1.0449818466845089,0.5054762694988384,0.07334882177231995,0.32923996017258544,0.3370649297781396,,91,state dependence,all,beta_inc -1.0
15.669743097442053,20.353441333622445,10.208185578223745,1.993835356700481,15.929138964640414,15.041828620611197,1.0589895262344216,0.5134417524062397,0.07832724858944573,0.3405243942914039,0.3421534703846937,,92,state dependence,all,beta_inc -1.0
16.074250597659205,20.25353466657835,9.353676307495704,2.1653020695561045,15.961200787167334,16.353224607217342,0.9760277358462386,0.5104546963159642,0.07202124128775307,0.32923996017258544,0.3399145125178099,,93,state dependence,all,beta_inc -1.0
15.389002507137048,20.20858249754535,10.211447737305312,1.9790124786828878,15.311713893323807,15.578926889324626,0.9828477918986882,0.5144374377696648,0.07832724858944573,0.3348821772319947,0.34235701200895585,,94,state dependence,all,beta_inc -1.0
15.49776373135337,19.129859222168612,8.36437088156814,2.2870649201272832,15.642521375015102,15.149227572723168,1.0325623072149324,0.5054762694988384,0.06571523398606041,0.33421838698971124,0.3370649297781396,,95,state dependence,all,beta_inc -1.0
13.998767341197109,17.704858538843236,7.869497404238181,2.2498080410202745,14.436364070515006,13.016702434754196,1.1090646147038254,0.4975107865914371,0.07401261201460338,0.32558911384002653,0.33217993079584773,,96,state dependence,all,beta_inc -1.0
14.431806835940023,18.683751524491946,10.342224710738007,1.806550529219617,14.539139974974718,14.181498630895213,1.0252188681455967,0.4981745768337205,0.07534019249917026,0.31928310653833386,0.3325870140443721,,97,state dependence,all,beta_inc -1.0
15.561064447375646,19.873941397585387,11.25651225138885,1.7655505500945288,15.345791345795089,16.058568571852113,0.955613900275869,0.5061400597411218,0.07334882177231995,0.31994689678061733,0.33767555465092614,,98,state dependence,all,beta_inc -1.0
15.899682590018816,20.406636938674456,9.921698110077498,2.0567685805666045,15.619530460442848,16.59986752891846,0.9409430788066364,0.51543312313309,0.0743445071357451,0.3312313308994358,0.3435782617545288,,99,state dependence,all,beta_inc -1.0
26.064817645079547,34.74401198809846,15.681788876304399,2.2155643251005364,25.082676445508504,29.159147516252432,0.8601992370156971,0.5917690009956854,0.07202124128775307,0.4025887819449054,0.3897822104620395,,0,state dependence,all,beta_inc -0.5
26.19410184975954,34.68168763646983,13.497884037626894,2.5694166241012786,25.500820399403327,28.49352868718176,0.8949688429034502,0.5990706936608032,0.06969797543976104,0.4181878526385662,0.39487075106859354,,1,state dependence,all,beta_inc -0.5
24.25748589449766,31.11746522837928,13.154523050335703,2.365533521003269,24.461285686445304,23.66885027765379,1.0334800972373241,0.5811483571191504,0.06671091934948556,0.404248257550614,0.38408304498269896,,2,state dependence,all,beta_inc -0.5
24.2678115821929,31.50925451978099,13.222933983675176,2.3829245883464147,24.15915259076933,24.596955263250464,0.9822009404092693,0.5864586790574179,0.0690341851974776,0.40690341851974776,0.3867290860981071,,3,state dependence,all,beta_inc -0.5
27.450619922396434,36.76379276680265,15.637970586104908,2.350931187929785,26.299243483365814,31.47918945336651,0.8354485595102662,0.6013939595087953,0.07202124128775307,0.4122137404580153,0.39588845918990434,,4,state dependence,all,beta_inc -0.5
26.907229569870918,36.46032869634501,17.18977648023432,2.121047282858445,26.970751212454463,26.71045228787255,1.0097452084216523,0.6043810155990706,0.07567208762031198,0.4251576501825423,0.39772033380826377,,5,state dependence,all,beta_inc -0.5
25.44563542797555,33.68272833310025,15.453588952588385,2.1796055554757454,25.47599820993845,25.35500546091059,1.004771947267548,0.5924327912379688,0.07301692665117823,0.4128775307002987,0.3907999185833503,,6,state dependence,all,beta_inc -0.5
25.41587098867158,32.64039108690829,14.427278876689666,2.262407995706368,25.53047573024576,25.068600829831446,1.018424438745089,0.5798207766345834,0.06770660471291072,0.40192499170262197,0.3826582536128638,,7,state dependence,all,beta_inc -0.5
23.29818504945824,31.71261676047092,15.299884013052004,2.0727357627951664,22.943566358179666,24.367408898717617,0.9415677495109921,0.5758380351808828,0.07832724858944573,0.39263192831065385,0.3802157541217179,,8,state dependence,all,beta_inc -0.5
26.22831691317985,34.58063226481388,14.284763199843875,2.4208054261054763,26.031446397964167,26.835720319333287,0.9700297248667592,0.5864586790574179,0.07135745104546963,0.41055426485230667,0.3867290860981071,,9,state dependence,all,beta_inc -0.5
25.04999855500896,32.98410248892725,15.403121115309755,2.141390841635536,25.627614478379865,23.34334181768476,1.0978554261226023,0.5814802522402921,0.06936608031861932,0.4078991038831729,0.3838795033584368,,10,state dependence,all,beta_inc -0.5
23.930391015023233,31.105305541415525,13.09359869457099,2.375611645583177,23.786164378327424,24.370077737657947,0.9760397416201824,0.5788250912711583,0.06837039495519416,0.4009293063391968,0.3818440871158152,,11,state dependence,all,beta_inc -0.5
26.55117492492867,34.587125270154274,15.783504788007864,2.1913463286324846,27.47830384632199,23.967706151205547,1.1464719933133802,0.5901095253899767,0.0690341851974776,0.42250248921340855,0.38937512721351514,,12,state dependence,all,beta_inc -0.5
28.297330736308904,38.08566760534582,18.35687756330496,2.0747356119800204,27.971307402245518,29.312153872318103,0.9542562966913578,0.6007301692665118,0.07368071689346167,0.41885164288084964,0.39568491756564217,,13,state dependence,all,beta_inc -0.5
25.8686375776141,34.21662243425826,14.434924706785935,2.370405328000973,25.66253635096697,26.467567472041694,0.9695842422268275,0.5904414205111185,0.07069366080318619,0.40491204779289747,0.38937512721351514,,14,state dependence,all,beta_inc -0.5
24.23490839128475,31.736885946244843,12.286984061882455,2.582967942857616,24.348974123541566,23.893220507740082,1.0190745996611819,0.5755061400597411,0.07069366080318619,0.3992698307334882,0.3802157541217179,,15,state dependence,all,beta_inc -0.5
25.812994884842915,34.10308983156171,15.221039534461934,2.2405230440633805,25.684725575817673,26.211332496752927,0.9799091892409327,0.5884500497842682,0.07135745104546963,0.41320942582144043,0.38835741909220434,,16,state dependence,all,beta_inc -0.5
27.0321080447848,36.20375016366549,14.267452366775164,2.5375062928525156,26.945066564798765,27.30370653350382,0.9868647881830631,0.5944241619648191,0.07268503153003651,0.4191835380019914,0.39161408508039897,,17,state dependence,all,beta_inc -0.5
25.332489349884344,33.20758791117845,13.135191422338451,2.528138863260397,25.31742321320897,25.378164830096704,0.9976065402169781,0.5847992034517092,0.06936608031861932,0.40491204779289747,0.3857113779767963,,18,state dependence,all,beta_inc -0.5
25.070047648010064,32.392531795500524,13.572150544751015,2.3866911650216136,24.799485673893866,25.933283420347472,0.9562802084072386,0.5901095253899767,0.06704281447062728,0.41055426485230667,0.3887645023407287,,19,state dependence,all,beta_inc -0.5
23.9198100719504,32.54493994810221,15.833114151729518,2.0554983458227127,23.833540301867053,24.174758111434375,0.9858853682012259,0.5814802522402921,0.07401261201460338,0.39628277464321277,0.3836759617341746,,20,state dependence,all,beta_inc -0.5
25.365078940795183,33.85963822217479,14.64242377531651,2.312433975531683,25.388289358362687,25.297312979599695,1.0035962862473322,0.592100896116827,0.07135745104546963,0.41320942582144043,0.390392835334826,,21,state dependence,all,beta_inc -0.5
25.64140270871488,33.439035855975476,14.561320225223072,2.2964288497723224,25.60952873632478,25.742475205680584,0.9948355211263263,0.5977431131762363,0.0690341851974776,0.42217059409226687,0.39364950132302057,,22,state dependence,all,beta_inc -0.5
26.542448387789555,35.43274889301099,16.835910737606774,2.1045935349291214,26.81221020163987,25.7338224412322,1.041905463631389,0.589777630268835,0.07368071689346167,0.41320942582144043,0.389171585589253,,23,state dependence,all,beta_inc -0.5
23.584309058598873,31.135429255911106,15.456636985841206,2.0143728085502817,23.582679866635274,23.589093162674022,0.9997281245194751,0.5788250912711583,0.0743445071357451,0.39528708927978756,0.38204762874007736,,24,state dependence,all,beta_inc -0.5
23.449217978891,30.442236390764332,12.926942048051346,2.354944910993339,23.704391265488862,22.64868611202597,1.0466122029437432,0.5738466644540325,0.06969797543976104,0.4085628941254564,0.3789945043761449,,25,state dependence,all,beta_inc -0.5
26.871598479152606,36.247837984248626,14.847324324957484,2.441371737486608,27.222450011272915,25.831781964096354,1.0538355444897085,0.5947560570859608,0.07334882177231995,0.4178559575174245,0.3922247099531854,,26,state dependence,all,beta_inc -0.5
27.752272876897607,37.25581883767332,17.38562674846301,2.142909161498417,27.020055330629816,30.20738564819568,0.8944850655172059,0.6020577497510786,0.07135745104546963,0.41520079654829073,0.39690616731121514,,27,state dependence,all,beta_inc -0.5
24.88666132283984,32.34241078463839,13.572682322490776,2.382904868483145,25.228704629455464,23.869532674782405,1.056941707790911,0.5844673083305676,0.06803849983405244,0.41022236973116494,0.3855078363525341,,28,state dependence,all,beta_inc -0.5
24.789452071152628,31.59032117222522,12.57802679139259,2.511548249670063,24.948882263251758,24.322758858951794,1.0257422855659948,0.5867905741785596,0.06438765350149353,0.4072353136408895,0.3867290860981071,,29,state dependence,all,beta_inc -0.5
26.617558963038306,35.2053738019928,16.003088565361494,2.1999112020284906,25.883201229944696,28.86999680986387,0.8965432660214674,0.5937603717225357,0.07135745104546963,0.39827414537006306,0.39100346020761245,,30,state dependence,all,beta_inc -0.5
26.39974127802135,33.68330512077182,12.767640427910148,2.6381777675332936,26.17087378699762,27.131166547457575,0.964605548427849,0.5997344839030866,0.06438765350149353,0.423166279455692,0.3950742926928557,,31,state dependence,all,beta_inc -0.5
23.451277959834442,31.5618605900579,13.993079330707966,2.2555335994411934,24.169556966682645,21.42814552000549,1.1279350769817087,0.5751742449385994,0.07699966810487886,0.4112180550945901,0.3800122124974557,,32,state dependence,all,beta_inc -0.5
27.298538537960813,36.064431965417114,14.766062069452781,2.44238658863728,27.51077552511251,26.634596569053866,1.0328962728527549,0.6027215399933621,0.07002987056090275,0.4264852306671092,0.39670262568695297,,33,state dependence,all,beta_inc -0.5
26.88129253278124,34.99168635606176,14.856545670118207,2.355304330699328,26.834906578410237,27.032639544748175,0.9926853992185771,0.5960836375705277,0.06969797543976104,0.42183869897112514,0.39263179320170977,,34,state dependence,all,beta_inc -0.5
26.168321791274042,33.222433407472614,11.525379237127925,2.882545790810047,27.70287029231153,21.824134120740478,1.269368587044387,0.5940922668436774,0.06438765350149353,0.4371058745436442,0.3914105434561368,,35,state dependence,all,beta_inc -0.5
26.05538973924023,34.964211994727144,14.07261976130171,2.4845560093135757,26.39966975269915,24.952478712432384,1.0579978869812927,0.5950879522071025,0.07202124128775307,0.4208430136077,0.3922247099531854,,36,state dependence,all,beta_inc -0.5
26.35938758485371,34.496001521056805,15.138406047726736,2.278707640177012,25.39483651954938,29.565594958458213,0.8589320308023888,0.5917690009956854,0.07069366080318619,0.4075672087620312,0.3901892937105638,,37,state dependence,all,beta_inc -0.5
25.71542669491274,33.18748431891154,14.040030616412079,2.363775779813262,25.598643026338724,26.07783549495111,0.9816245305824879,0.5887819449054099,0.06770660471291072,0.4128775307002987,0.3881538774679422,,38,state dependence,all,beta_inc -0.5
25.375348843225467,32.97332554552434,12.04242023038119,2.738097900149479,26.00962085272056,23.35829840092581,1.1135066607287483,0.5924327912379688,0.0690341851974776,0.4264852306671092,0.3905963769590881,,39,state dependence,all,beta_inc -0.5
26.435132001212324,34.56642761277218,13.72435329639895,2.518619775100212,26.08387567902238,27.543764546937084,0.9469974823003253,0.593428476601394,0.06604712910720212,0.41254563557915697,0.3912070018318746,,40,state dependence,all,beta_inc -0.5
24.516700246255027,31.294274588936258,13.25341195115278,2.3612240156931277,23.808550120253468,26.70765710056481,0.8914503443939291,0.5811483571191504,0.06571523398606041,0.3986060404912048,0.3836759617341746,,41,state dependence,all,beta_inc -0.5
24.626869090364348,33.026750287500626,15.830527898319849,2.086269674620634,24.43503462697927,25.197399698967338,0.9697442957965496,0.5877862595419847,0.0743445071357451,0.40524394291403915,0.3877467942194179,,42,state dependence,all,beta_inc -0.5
23.64601650949522,31.649125585010566,13.909819019325802,2.275308222273662,23.977960083169787,22.650688271900435,1.0585974163494145,0.5881181546631264,0.07467640225688682,0.4158645867905742,0.38795033584368005,,43,state dependence,all,beta_inc -0.5
24.884162157478745,34.18469720869891,17.928088267649922,1.9067675648598286,24.02417370539821,27.60005919884257,0.8704392092900177,0.5887819449054099,0.07666777298373714,0.3989379356123465,0.3885609607164665,,44,state dependence,all,beta_inc -0.5
23.54433114282738,30.898781255312773,13.224302774136275,2.3365149590906036,23.038269296355608,25.09518237931852,0.9180355395759922,0.5794888815134418,0.06969797543976104,0.3972784600066379,0.38225117036433953,,45,state dependence,all,beta_inc -0.5
25.981664866711263,33.32771365905805,13.32283394456497,2.5015483791009827,25.386591490879685,27.919035536058757,0.9092932833618733,0.595751742449386,0.06704281447062728,0.4185197477597079,0.3924282515774476,,46,state dependence,all,beta_inc -0.5
26.697773273956773,34.578042432268255,16.169326830570007,2.1384961040489583,26.947950452024944,25.937142170637614,1.0389714593357022,0.595751742449386,0.06803849983405244,0.42217059409226687,0.39283533482597194,,47,state dependence,all,beta_inc -0.5
25.946676820138112,32.990500026177855,11.227808529945062,2.938284878851535,25.826844932817213,26.31450188378213,0.9814681291282409,0.5927646863591105,0.062064387653501495,0.4158645867905742,0.390392835334826,,48,state dependence,all,beta_inc -0.5
25.24560540438646,32.56759825595045,15.390018288401965,2.1161507183193953,25.17317386312704,25.461552317277494,0.9886739641575282,0.5798207766345834,0.06803849983405244,0.4005974112180551,0.3826582536128638,,49,state dependence,all,beta_inc -0.5
26.708312359514455,35.00787588082748,12.57078157364942,2.784860724508186,26.584775635922217,27.10780106074892,0.9807057229151639,0.5990706936608032,0.06637902422834384,0.42383006969797543,0.394260126195807,,50,state dependence,all,beta_inc -0.5
24.019767154607944,31.869310199214475,15.310053770933607,2.0815936165893087,23.92078900945793,24.31816126188753,0.9836594449658339,0.587454364420843,0.07202124128775307,0.40623962827746435,0.3875432525951557,,51,state dependence,all,beta_inc -0.5
27.272635982153282,35.622985899718906,16.317191300369103,2.1831567237256757,27.306047426481328,27.162092316052153,1.0052998535147493,0.5987387985396615,0.07036176568204447,0.42548954530368405,0.394260126195807,,52,state dependence,all,beta_inc -0.5
23.668270656564676,30.120224049644726,12.811516600595318,2.351027203777351,23.562215396782328,23.983729542500758,0.9824249958718273,0.5801526717557252,0.06671091934948556,0.4025887819449054,0.3826582536128638,,53,state dependence,all,beta_inc -0.5
25.42562665531213,33.64266186340758,15.024896538026185,2.239127689050111,25.812258812522057,24.250102755551932,1.0644185335096148,0.587454364420843,0.07002987056090275,0.41387321606372385,0.3877467942194179,,54,state dependence,all,beta_inc -0.5
25.009568242570374,32.27464233607654,12.292887008428433,2.625472951467618,25.193751068124154,24.475614173367518,1.0293409141715455,0.5821440424825755,0.06704281447062728,0.404248257550614,0.3838795033584368,,55,state dependence,all,beta_inc -0.5
24.55357884911103,31.839955262665733,13.205398846204522,2.411131661639825,24.636931645326808,24.30169277707797,1.0137948772262089,0.5808164619980086,0.06770660471291072,0.4092266843677398,0.3834724201099125,,56,state dependence,all,beta_inc -0.5
27.04253667144716,36.376568166368514,16.546655247258954,2.1984242508705494,27.67923664593839,25.08719633783033,1.1033212429640606,0.595751742449386,0.07500829737802854,0.4284766013939595,0.39283533482597194,,57,state dependence,all,beta_inc -0.5
24.8596123064068,32.80170874921638,13.680565447116136,2.3976866216542962,23.791733603803085,28.250982835419325,0.8421559611715346,0.5867905741785596,0.07135745104546963,0.39628277464321277,0.3867290860981071,,58,state dependence,all,beta_inc -0.5
24.217231381858237,31.84542852096477,14.47024555905622,2.200752460695753,24.022207743425504,24.828542834980336,0.967523865701099,0.5911052107534019,0.07002987056090275,0.40690341851974776,0.38998575208630165,,59,state dependence,all,beta_inc -0.5
25.884725227490147,34.740568360037365,15.517995409001747,2.2387278410898936,25.344066428280264,27.635125743025892,0.9170961139800925,0.5917690009956854,0.07268503153003651,0.4059077331563226,0.3905963769590881,,60,state dependence,all,beta_inc -0.5
26.01982713966963,33.188508042119174,12.293630532817817,2.699650681181815,25.21857329185824,28.676235503740564,0.8794241241521643,0.5864586790574179,0.06339196813806837,0.4035844673083306,0.3867290860981071,,61,state dependence,all,beta_inc -0.5
23.99673650760799,31.91119063074673,13.995857019134787,2.280045486826462,23.913293638972355,24.260431814217156,0.9856911790398813,0.587454364420843,0.07334882177231995,0.41254563557915697,0.38733971097089354,,62,state dependence,all,beta_inc -0.5
26.609980980606174,34.159183951275644,13.58845114514963,2.513839405712453,26.307637460724365,27.555277008364364,0.9547223006590977,0.592100896116827,0.06405575838035181,0.4108861599734484,0.38998575208630165,,63,state dependence,all,beta_inc -0.5
25.24473645665051,32.29383351142293,13.780655925438426,2.3434177361478183,25.201612359242418,25.369074199188525,0.9933989770919011,0.5861267839362762,0.06471954862263525,0.4072353136408895,0.3865255444738449,,64,state dependence,all,beta_inc -0.5
24.77531413975341,32.12708941650737,13.632782611653077,2.3566054217754244,24.865102411983088,24.507021638521305,1.0146113541965025,0.5871224692997012,0.06803849983405244,0.40823099900431464,0.38733971097089354,,65,state dependence,all,beta_inc -0.5
27.643780433824702,36.315297647327306,15.62766363362696,2.323782908225996,27.88077743520451,26.93907348643303,1.0349568053721572,0.5917690009956854,0.07002987056090275,0.4128775307002987,0.3897822104620395,,66,state dependence,all,beta_inc -0.5
24.977328876158886,33.08113401011861,14.542004109775052,2.274867601493914,24.464767863882336,26.5669436866098,0.9208725005207506,0.5867905741785596,0.07069366080318619,0.3992698307334882,0.38713616934663136,,67,state dependence,all,beta_inc -0.5
27.57446741720833,35.18619987221666,13.497440611089157,2.6068793992920827,28.099430419718733,25.892213618548094,1.085246353737383,0.5990706936608032,0.06405575838035181,0.43776966478592766,0.39487075106859354,,68,state dependence,all,beta_inc -0.5
27.177788358737235,35.79720919182042,15.07141217155943,2.3751728626579327,27.10634590926273,27.40340679610508,0.9891597096283454,0.5937603717225357,0.06870229007633588,0.4208430136077,0.3918176267046611,,69,state dependence,all,beta_inc -0.5
25.64506184034101,32.467782606103874,10.906886282141357,2.976814992493847,25.186461898244914,27.110265154307502,0.9290378295781103,0.5914371058745437,0.062396282774643215,0.4112180550945901,0.3897822104620395,,70,state dependence,all,beta_inc -0.5
24.519034873461006,32.311729378529876,15.337488108574522,2.1067158552817915,24.58142209781404,24.34261280128902,1.0098103395257707,0.5821440424825755,0.07102555592432791,0.3999336209757717,0.38428658660696113,,71,state dependence,all,beta_inc -0.5
25.51070357067396,33.199226058878686,14.433014291409412,2.300228170538084,25.521914870908837,25.47673358724847,1.0017734331406982,0.5808164619980086,0.07036176568204447,0.40458015267175573,0.38428658660696113,,72,state dependence,all,beta_inc -0.5
25.446557718753205,34.85817073259469,15.695921100318209,2.220842632286677,25.816577097242394,24.351927779139483,1.0601451076640254,0.5924327912379688,0.07799535346830401,0.41885164288084964,0.390392835334826,,73,state dependence,all,beta_inc -0.5
25.747238207818928,34.45793767013069,17.299840430065398,1.9918066764503923,26.253273663174305,24.270692729411984,1.0816862112616905,0.5967474278128112,0.07467640225688682,0.4201792233654165,0.39364950132302057,,74,state dependence,all,beta_inc -0.5
25.105137175414562,32.22067086260678,11.21726081227852,2.87241880186451,24.468511755579765,27.25982321593977,0.8976034643273906,0.5924327912379688,0.06505144374377697,0.41188184533687355,0.390392835334826,,75,state dependence,all,beta_inc -0.5
27.03404723312094,35.23321474110556,13.557896422060656,2.598722813944502,26.697099776194467,28.097335786145113,0.9501648120445245,0.5947560570859608,0.06704281447062728,0.4161964819117159,0.39202116832892325,,76,state dependence,all,beta_inc -0.5
25.05444707347847,33.835315825189234,13.84205146327301,2.444385928990668,25.766781418379104,23.027231391772734,1.1189700133723053,0.5901095253899767,0.0760039827414537,0.414868901427149,0.38937512721351514,,77,state dependence,all,beta_inc -0.5
26.58906407402501,34.27026280084647,13.055644952821593,2.6249383255049348,27.308816213030756,24.45186204865298,1.1168399428515163,0.5950879522071025,0.06604712910720212,0.42416196481911717,0.3918176267046611,,78,state dependence,all,beta_inc -0.5
25.088242767727323,32.007667407271825,12.476964660492099,2.565340872417717,25.325796054597728,24.38565561634204,1.0385530105504177,0.5857948888151344,0.06770660471291072,0.41022236973116494,0.38611846122532056,,79,state dependence,all,beta_inc -0.5
24.461311081183155,31.78956430038044,12.819224994599974,2.4798351159115795,23.798801313125594,26.50130898356735,0.8980236156592304,0.585131098572851,0.06803849983405244,0.39761035512777965,0.3857113779767963,,80,state dependence,all,beta_inc -0.5
28.704788958571854,37.32076131318502,13.332873610579723,2.7991536110843165,28.608095125302366,29.024460045498405,0.9856546885095071,0.6086956521739131,0.06306007301692665,0.4381015599070694,0.4003663749236719,,81,state dependence,all,beta_inc -0.5
26.79459575859971,34.76672067768744,13.881572847122998,2.504523158907959,26.237892143486576,28.642527863245903,0.9160466656001771,0.598075008297378,0.06637902422834384,0.4198473282442748,0.39405658457154485,,82,state dependence,all,beta_inc -0.5
23.90971181858002,30.593010005333195,12.372444616382396,2.472673020885855,23.223537544787224,26.009781868665904,0.8928770591792129,0.5861267839362762,0.06538333886491869,0.39827414537006306,0.38693262772236925,,83,state dependence,all,beta_inc -0.5
25.80095924826679,33.841425787918304,13.846735507922874,2.4440003037939735,25.96669504994102,25.303246530508964,1.0262198970646756,0.5960836375705277,0.07069366080318619,0.41752406239628276,0.39283533482597194,,84,state dependence,all,beta_inc -0.5
24.165121020532435,31.99035555566517,13.11391212062839,2.439421223918669,24.6941978595259,22.718054598945855,1.0869855846139107,0.5821440424825755,0.07202124128775307,0.40623962827746435,0.38428658660696113,,85,state dependence,all,beta_inc -0.5
28.28110042645336,37.608425243258424,15.231239519917226,2.4691637994451816,28.06100050306951,28.996243712946345,0.9677460563811145,0.6020577497510786,0.07102555592432791,0.42615333554596746,0.3964990840626908,,86,state dependence,all,beta_inc -0.5
24.676138534026578,32.37813206515129,14.10318932711124,2.2958021277434915,24.618224810695438,24.863236015767885,0.990145642951824,0.5871224692997012,0.06969797543976104,0.40989047461002326,0.38733971097089354,,87,state dependence,all,beta_inc -0.5
25.464479721387598,33.73110692030356,13.790751960908654,2.4459222394774374,25.686518746194828,24.764211485214016,1.0372435545356045,0.5887819449054099,0.07069366080318619,0.41520079654829073,0.3885609607164665,,88,state dependence,all,beta_inc -0.5
24.9835287630694,33.06913118695503,13.039225929126644,2.536126865712647,24.877708310982552,25.30513306598776,0.983109167855762,0.5854629936939927,0.07036176568204447,0.40623962827746435,0.3865255444738449,,89,state dependence,all,beta_inc -0.5
24.411195885467976,31.831653506842635,12.640743968168861,2.518178802371058,24.448833559602527,24.30252810855335,1.0060201741315005,0.5804845668768669,0.06770660471291072,0.4035844673083306,0.38306533686138816,,90,state dependence,all,beta_inc -0.5
24.930783215351717,32.272069648269735,12.92765435466172,2.496359259221098,24.868882355431705,25.118432802845977,0.9900650470762651,0.5894457351476934,0.0690341851974776,0.41520079654829073,0.3887645023407287,,91,state dependence,all,beta_inc -0.5
26.664944707802206,35.9046313393801,17.818012556610775,2.0150749824260785,25.639298429296854,30.146256696845082,0.8504969186433055,0.5970793229339528,0.07666777298373714,0.4115499502157318,0.3934459596987584,,92,state dependence,all,beta_inc -0.5
24.54648164727176,32.46607007660504,15.332471768971404,2.1174713748573275,23.79462246901061,26.908017938376222,0.8842948790767198,0.5854629936939927,0.07168934616661135,0.39661466976435444,0.38611846122532056,,93,state dependence,all,beta_inc -0.5
24.625600010838003,31.987710786520474,14.456644692272846,2.2126649348737244,25.109026745581083,23.218183427529738,1.081438038593897,0.5818121473614338,0.06770660471291072,0.40690341851974776,0.3838795033584368,,94,state dependence,all,beta_inc -0.5
24.7166648623702,33.6081551400995,15.154977410729371,2.217631490252549,24.50098429502212,25.388972901762752,0.9650246345066217,0.5794888815134418,0.07699966810487886,0.40026551609691335,0.38306533686138816,,95,state dependence,all,beta_inc -0.5
24.93514576066296,32.87063039675897,15.311539406283387,2.146788087373492,24.713445248925765,25.581257259452325,0.9660762564667966,0.5904414205111185,0.07135745104546963,0.3979422502489213,0.389171585589253,,96,state dependence,all,beta_inc -0.5
27.067525255181184,34.96757872196319,13.983881091635938,2.500563219382497,26.68963425530454,28.32189473367481,0.9423675395407247,0.5950879522071025,0.067374709591769,0.4215068038499834,0.39202116832892325,,97,state dependence,all,beta_inc -0.5
25.1765798855928,34.02970038418298,13.60202135404162,2.501812010026849,25.828429109749507,23.240901593652872,1.1113350747461233,0.5924327912379688,0.07235313640889479,0.42183869897112514,0.3905963769590881,,98,state dependence,all,beta_inc -0.5
25.38576369708018,34.260170006965026,18.204347974119667,1.8819773196860017,25.077681941916712,26.330453307680177,0.9524212002306071,0.5844673083305676,0.0743445071357451,0.39960172585462994,0.3857113779767963,,99,state dependence,all,beta_inc -0.5
72.19710417026204,97.21000239939568,24.936447211254976,3.8983100349403537,72.86503132054335,68.9774375594072,1.056360367950577,0.7311649518752075,0.05343511450381679,0.572187188848324,0.47547323427640953,,0,state dependence,all,beta_inc +0.5
69.22280991335306,92.87296619105707,29.166655641073742,3.1842171873922136,68.15760465064221,74.67041761873372,0.9127792079408761,0.7255227348157982,0.05409890474610023,0.5618984400929307,0.4718094850396906,,1,state dependence,all,beta_inc +0.5
70.85471201793354,94.19057010840105,26.093380658510995,3.6097495890276097,69.47635771485025,77.30236050267968,0.8987611408378902,0.7265184201792234,0.0517756388981082,0.5542648523066711,0.47262365153673924,,2,state dependence,all,beta_inc +0.5
71.78264166776917,98.30110754886171,32.01591623982426,3.070382456416662,70.97214467654834,75.7257553861118,0.9372259717275097,0.7275141055426485,0.057749751078659144,0.5595751742449386,0.47323427640952576,,3,state dependence,all,beta_inc +0.5
75.58892316349863,105.66422271096599,31.645000972051676,3.3390494379913847,74.91863506489297,79.06937115562346,0.947505133402907,0.7401261201460339,0.054762694988383674,0.5711915034848988,0.4807653165072257,,4,state dependence,all,beta_inc +0.5
70.81131005372465,95.73111496338811,25.125048151090333,3.8101863283089368,70.84353491769755,70.65707153044464,1.0026389911613103,0.7278460006637902,0.05376700962495851,0.5618984400929307,0.47323427640952576,,5,state dependence,all,beta_inc +0.5
74.4291676059228,99.48366655058955,28.77332755277929,3.4574960566554345,72.90119387148167,82.71392736533885,0.8813654023400999,0.7381347494191836,0.05277132426153336,0.5675406571523398,0.47954406676165273,,6,state dependence,all,beta_inc +0.5
71.86758620228414,94.29855522948903,19.684245532989518,4.790559794199416,72.0590670326376,70.89446641537239,1.01642724286042,0.7348157982077663,0.04912047792897444,0.5771656156654498,0.4779157337675555,,7,state dependence,all,beta_inc +0.5
69.20901189442576,90.77305567118523,22.984530696153808,3.949310815659814,68.62211478280872,72.04598075977823,0.9524766553128668,0.7255227348157982,0.0517756388981082,0.5632260205774975,0.4724201099124771,,8,state dependence,all,beta_inc +0.5
61.447231234742844,79.73874698016246,21.229981092096516,3.7559499763213426,60.3628816797995,67.18922877647252,0.8984011690417947,0.7145701958181214,0.05210753401924992,0.547295054762695,0.46529615306330147,,9,state dependence,all,beta_inc +0.5
65.61403269188372,88.60474127530833,26.051059670033986,3.4011952833238714,65.04388921232687,68.34818045978254,0.9516550224859318,0.7212080982409559,0.05609027547295055,0.5542648523066711,0.46936698554854467,,10,state dependence,all,beta_inc +0.5
73.17691663918455,97.07506094796348,23.293304525525357,4.1675092016929725,72.89240159089229,74.65082515236877,0.9764446868753643,0.7348157982077663,0.05210753401924992,0.5735147693328908,0.4777121921432933,,11,state dependence,all,beta_inc +0.5
64.45573541797808,84.83731806151958,22.49750790724634,3.7709651402853335,64.29024172183277,65.28579085686495,0.9847509064075695,0.7285097909060737,0.05210753401924992,0.5705277132426153,0.4736413596580501,,12,state dependence,all,beta_inc +0.5
64.9281634464352,86.09228127573272,23.972732165652673,3.591258630048137,64.635014572106,66.33555717642784,0.9743645387676623,0.7208762031198142,0.054430799867241954,0.5522734815798208,0.4691634439242825,,13,state dependence,all,beta_inc +0.5
62.81694340924903,84.061491617925,27.455023741460924,3.0617890703543775,64.1533993403559,56.72981653377788,1.1308585724432565,0.7168934616661136,0.054762694988383674,0.562562230335214,0.46672094443313655,,14,state dependence,all,beta_inc +0.5
72.505019114498,97.93014902737035,27.969489144353073,3.5013206184047183,73.04109104348494,69.68517991196572,1.0481581756086271,0.7314968469963492,0.05409890474610023,0.5774975107865914,0.47547323427640953,,15,state dependence,all,beta_inc +0.5
67.82316292975209,93.13413681765982,24.84466287903545,3.748657700493443,68.3232310902124,65.43235825743841,1.0441810888337555,0.7238632592100896,0.057749751078659144,0.5678725522734815,0.47119886016690415,,16,state dependence,all,beta_inc +0.5
75.72596601310057,100.80529392209434,27.14825405673957,3.7131409523209973,76.55556081033491,71.58116888105062,1.0694930245907335,0.7374709591769001,0.05243942914039164,0.5818121473614338,0.47913698351312844,,17,state dependence,all,beta_inc +0.5
68.30219756669942,95.8965971097018,33.73153859193388,2.842935754274585,68.02134318311455,69.66048162752168,0.976469607931055,0.7295054762694988,0.06007301692665118,0.5632260205774975,0.47445552615509873,,18,state dependence,all,beta_inc +0.5
73.53686090894092,98.08888024201154,26.200568920897776,3.7437690966998463,74.73704185490608,67.77682252807689,1.1026932079022425,0.736475273813475,0.05044805841354132,0.5864586790574179,0.4787299002646041,,19,state dependence,all,beta_inc +0.5
66.4285085301167,92.72039488264053,30.298120951598754,3.060268820986006,65.02110233458174,74.05775345659308,0.8779783250202435,0.7301692665117823,0.05675406571523399,0.55791569863923,0.474862609403623,,20,state dependence,all,beta_inc +0.5
76.15209828516602,102.11672169850928,27.371526318328307,3.730764609576437,77.53174413988559,69.3137391453407,1.1185624249373263,0.738798539661467,0.04945237305011616,0.5871224692997012,0.4805617748829636,,21,state dependence,all,beta_inc +0.5
73.08083548962446,97.58652160281304,27.273106528996394,3.5781227011693875,73.06919774431664,73.1396930549834,0.9990361552295036,0.7341520079654829,0.05243942914039164,0.5698639230003318,0.47730510889476896,,22,state dependence,all,beta_inc +0.5
69.93436236532274,96.41932653514502,26.922139025759087,3.5814140341111473,70.37472485317191,67.77158121358421,1.0384105489789859,0.7298373713906405,0.05642217059409227,0.5701958181214736,0.474862609403623,,23,state dependence,all,beta_inc +0.5
70.83872173887045,96.29750450862323,27.708224845732293,3.4754122663854186,70.74015369781246,71.31358279971873,0.9919590479205521,0.7334882177231995,0.05310321938267507,0.5645536010620644,0.4777121921432933,,24,state dependence,all,beta_inc +0.5
71.0817743864013,98.18358936515122,29.582922322841064,3.318928004936935,71.70448961499434,67.86435515065817,1.0565854409993451,0.7338201128443412,0.057749751078659144,0.5771656156654498,0.47730510889476896,,25,state dependence,all,beta_inc +0.5
70.52855151002518,94.04488038475306,25.824056937309127,3.6417546868432735,71.51711924243888,65.65502781684967,1.089286253018459,0.7311649518752075,0.054430799867241954,0.5814802522402921,0.47547323427640953,,26,state dependence,all,beta_inc +0.5
69.17671252778749,93.40919871414441,29.429771276206303,3.1739695778629744,70.15365704465137,64.84682499973152,1.0818364205948683,0.7278460006637902,0.05376700962495851,0.5665449717889147,0.4734378180337879,,27,state dependence,all,beta_inc +0.5
67.41077493224412,87.2877716463116,18.32547251160431,4.76319350516272,66.37116009042369,72.70699254615965,0.9128580039710278,0.7225356787255227,0.04812479256554929,0.5562562230335214,0.4701811520455933,,28,state dependence,all,beta_inc +0.5
76.16187512335742,106.19835558222708,31.267920644923446,3.396399677107057,77.15342134138332,71.54357878182677,1.0784115451739402,0.7414537006306007,0.05675406571523399,0.5765018254231663,0.4815794830042744,,29,state dependence,all,beta_inc +0.5
66.16722910849914,87.66845664933739,22.985981383092287,3.8139966785939947,66.31581615258493,65.43574089055616,1.0134494582020661,0.7208762031198142,0.05343511450381679,0.562562230335214,0.4691634439242825,,30,state dependence,all,beta_inc +0.5
72.20605202142511,98.9398394746968,26.577481899100643,3.72269426615788,73.00596339816597,68.13685628197379,1.071460695163894,0.7341520079654829,0.054430799867241954,0.5784931961500166,0.47710156727050684,,31,state dependence,all,beta_inc +0.5
62.87557398779401,84.02404587760945,23.19913739086054,3.621860781371608,62.36061363705428,65.3686954256131,0.9539828388959989,0.7182210421506804,0.054430799867241954,0.5482907401261201,0.46753511093018524,,32,state dependence,all,beta_inc +0.5
70.93222180213083,94.74075771651012,27.529899150619247,3.4413768535137934,71.59962893352287,67.69026744995539,1.0577536716996685,0.732824427480916,0.05277132426153336,0.5728509790906073,0.47689802564624467,,33,state dependence,all,beta_inc +0.5
66.59125456670114,88.76828783426404,23.723394746489895,3.741803767245333,66.51172580717795,66.97861090619564,0.9930293403714872,0.726850315300365,0.05310321938267507,0.5642217059409227,0.47323427640952576,,34,state dependence,all,beta_inc +0.5
66.60970342632523,87.60959998425915,22.9293600338458,3.820848024320761,66.6487311089916,66.43147090596909,1.0032704409530542,0.7192167275141056,0.05376700962495851,0.5479588450049784,0.4679421941787095,,35,state dependence,all,beta_inc +0.5
78.00732672966724,100.64363578809272,23.353690025161065,4.309538907113185,76.59187261944045,85.39485837765751,0.8969143350611815,0.7401261201460339,0.04812479256554929,0.5741785595751743,0.4807653165072257,,36,state dependence,all,beta_inc +0.5
70.94097309849599,100.07948100651318,33.29966868939776,3.0054197217396745,69.83547001801713,76.71145648133806,0.910365585810593,0.7334882177231995,0.05741785595751742,0.5668768669100565,0.47710156727050684,,37,state dependence,all,beta_inc +0.5
66.9778666792015,92.04371983860337,25.81847334645518,3.5650334008319966,67.02880576439435,66.740187234938,1.0043245088366377,0.7248589445735147,0.058745436442084305,0.55791569863923,0.4718094850396906,,38,state dependence,all,beta_inc +0.5
74.74349290059239,100.9259809858558,28.438466514072463,3.5489248668142386,73.34996317164779,81.97770769248355,0.8947549917692217,0.732824427480916,0.05343511450381679,0.5618984400929307,0.47628740077345816,,39,state dependence,all,beta_inc +0.5
62.811428941859305,83.4636107285667,21.592468011645995,3.865403930831355,62.146012243779374,65.93309016611492,0.942561801474886,0.7212080982409559,0.05210753401924992,0.5462993693992698,0.46957052717280684,,40,state dependence,all,beta_inc +0.5
68.53030287400951,94.54358242331053,27.13785020050775,3.4838272643107753,67.61721718463947,73.38548769986377,0.9213976673587602,0.7291735811483571,0.05675406571523399,0.5648854961832062,0.4740484429065744,,41,state dependence,all,beta_inc +0.5
71.62484018485753,99.57846148138302,29.213796046619706,3.408610826284766,72.0074094060651,69.77647775157557,1.0319725461412983,0.7288416860272154,0.05940922668436774,0.5652173913043478,0.47425198453083656,,42,state dependence,all,beta_inc +0.5
70.92066726204943,95.42275018638476,25.72644017881536,3.709131520845289,69.36644017494118,79.04941962313978,0.8775072670443219,0.7348157982077663,0.05509459010952539,0.5618984400929307,0.4777121921432933,,43,state dependence,all,beta_inc +0.5
68.33822290540046,97.38849042786322,30.438388907445553,3.1995284219540596,68.30815221514814,68.4882655369277,0.9973701579333698,0.728177895784932,0.061732492532359774,0.566213076667773,0.47425198453083656,,44,state dependence,all,beta_inc +0.5
73.26574258573567,96.57922853493608,25.210655012445304,3.830889300070129,74.4332094331795,67.72366727021281,1.099072339603171,0.7374709591769001,0.05111184865582476,0.5857948888151344,0.4793405251373906,,45,state dependence,all,beta_inc +0.5
59.153391191660916,80.39976516071691,25.29284325208245,3.17875552224036,58.09884429927163,64.26968021380439,0.9039852712195799,0.7112512446067043,0.058745436442084305,0.5350149352804514,0.4632607368206798,,46,state dependence,all,beta_inc +0.5
71.56921794827058,96.95330148676774,26.73222689078695,3.6268322082879645,70.52186826040453,76.9100717793159,0.9169393114436099,0.724527049452373,0.054430799867241954,0.5476269498838368,0.47140240179116627,,47,state dependence,all,beta_inc +0.5
73.67826174837631,100.0011869303155,29.002092578221717,3.448067985460073,74.15191767653162,71.29445424454359,1.0400797434003324,0.7338201128443412,0.054430799867241954,0.5765018254231663,0.47689802564624467,,48,state dependence,all,beta_inc +0.5
65.8911582578951,86.8344706628833,23.9005281713728,3.633161160299818,65.81365416661261,66.26655560168689,0.9931654598467955,0.7231994689678062,0.054430799867241954,0.5592432791237969,0.47058823529411764,,49,state dependence,all,beta_inc +0.5
74.40029673087747,102.2372249174109,26.519089834481562,3.8552312901959596,74.67104302321695,73.03773998591174,1.0223624531320419,0.7394623299037504,0.05542648523066711,0.5738466644540325,0.4805617748829636,,50,state dependence,all,beta_inc +0.5
70.79799110625588,96.09039282377961,25.714097230786848,3.7368760007927855,73.44535358279654,58.49320719160061,1.2556219278970053,0.7324925323597743,0.05343511450381679,0.5891138400265516,0.47628740077345816,,51,state dependence,all,beta_inc +0.5
67.2628055793378,90.32502784173371,25.422407786549353,3.552969042118955,68.03932175093101,63.634973489116625,1.0692126989346142,0.7215399933620976,0.054762694988383674,0.5632260205774975,0.46957052717280684,,52,state dependence,all,beta_inc +0.5
68.77148841976661,93.18215449955203,26.670317277993203,3.4938524925776013,68.5295421347623,69.97965435841647,0.9792780882250847,0.7271822104215068,0.054430799867241954,0.560238964487222,0.4730307347852636,,53,state dependence,all,beta_inc +0.5
71.34315513193175,91.12509679049343,21.349096130790123,4.268335119774503,70.22314166420897,77.18922927485349,0.9097531135355705,0.7314968469963492,0.04779289744440757,0.5658811815466313,0.476083859149196,,54,state dependence,all,beta_inc +0.5
71.89992877716749,100.24323602831062,31.154987739990336,3.2175662165207357,72.19324936782628,70.54903864944262,1.0233059266272035,0.7351476933289081,0.058413541320942584,0.5715233986060405,0.4777121921432933,,55,state dependence,all,beta_inc +0.5
69.04894159386897,91.9177191379794,25.668926996289724,3.5808944858219243,69.32766164153715,67.77653334555423,1.0228859196452937,0.7314968469963492,0.05144374377696648,0.5622303352140724,0.47547323427640953,,56,state dependence,all,beta_inc +0.5
66.56584448782975,91.48572760728595,29.715337731055463,3.0787376012783567,66.19050226360866,68.36654443836547,0.9681709498025227,0.7215399933620976,0.058081646199800864,0.547295054762695,0.46957052717280684,,57,state dependence,all,beta_inc +0.5
82.31549948029074,112.02918598769818,31.5234971738609,3.553831142840082,80.92183688043308,89.83841268392656,0.900748738350218,0.7500829737802854,0.05210753401924992,0.5808164619980086,0.48707510685935274,,58,state dependence,all,beta_inc +0.5
70.62318056412202,94.32964808381008,25.157066580596204,3.7496282717066505,70.73264392704866,70.08993154870632,1.0091698245973564,0.7314968469963492,0.05210753401924992,0.5718552937271822,0.47547323427640953,,59,state dependence,all,beta_inc +0.5
64.27462751676265,85.12268164213681,21.5286232189772,3.9539305777390488,64.28091179397659,64.24540620372407,1.0005526557049063,0.7155658811815466,0.05243942914039164,0.5492864254895453,0.4659067779360879,,60,state dependence,all,beta_inc +0.5
72.1679256256445,96.0354520166926,24.82616944003437,3.8683153375174766,71.77139201140692,74.1718846766507,0.9676360837302619,0.7324925323597743,0.050779953534683044,0.5715233986060405,0.47628740077345816,,61,state dependence,all,beta_inc +0.5
67.48139414440618,90.99730282268037,26.641060752742252,3.4156786648712445,67.31407141193381,68.31099356800888,0.9854061241975267,0.7241951543312314,0.054762694988383674,0.5555924327912379,0.4718094850396906,,62,state dependence,all,beta_inc +0.5
74.81591823486445,96.97919397487416,22.176674198003795,4.373026952057745,73.90198410276571,79.81368673099354,0.9259312171839297,0.7341520079654829,0.04945237305011616,0.5761699303020246,0.47710156727050684,,63,state dependence,all,beta_inc +0.5
70.76334435567763,95.91145861836117,24.71427566565045,3.880812042234574,72.76875623400417,61.496848546303255,1.183292444314669,0.7331563226020578,0.054762694988383674,0.5794888815134418,0.4766944840219825,,64,state dependence,all,beta_inc +0.5
64.87775095845328,82.8198207220977,18.725373739019183,4.4228661001046445,65.81485531845878,60.3220493698903,1.0910580128816083,0.7228675738466644,0.04812479256554929,0.5711915034848988,0.47038469366985547,,65,state dependence,all,beta_inc +0.5
73.97770180233037,99.55007124647435,30.03490813298164,3.3144789657990463,73.80464031042634,74.80214362954878,0.9866647762922078,0.7378028542980418,0.05409890474610023,0.5698639230003318,0.4793405251373906,,66,state dependence,all,beta_inc +0.5
69.1141858015786,92.7824661179526,24.88092589342618,3.729060024348481,67.50578886053195,76.9946406481789,0.8767595808258197,0.7225356787255227,0.054762694988383674,0.5516096913375373,0.4701811520455933,,67,state dependence,all,beta_inc +0.5
70.78673374598162,100.01014774667217,27.712137148755094,3.608893359968266,71.49309054380903,67.38211263103956,1.0610099290783555,0.7255227348157982,0.05907733156322602,0.5675406571523398,0.47221656828821496,,68,state dependence,all,beta_inc +0.5
74.42217050114809,102.401222405022,27.34612483720551,3.7446337649165184,74.70515213960238,72.95587839822522,1.0239771459104205,0.7291735811483571,0.05575838035180883,0.5652173913043478,0.47425198453083656,,69,state dependence,all,beta_inc +0.5
65.80876220755785,91.109661629542,29.376109443873897,3.1014883643328077,65.97638210752363,64.98738950552264,1.0152182232510962,0.7225356787255227,0.05642217059409227,0.55791569863923,0.4699776104213312,,70,state dependence,all,beta_inc +0.5
70.7280532101417,95.99709156673623,25.418185592537988,3.7767090501895653,71.71135032849249,66.12272993048995,1.084518899989118,0.7338201128443412,0.05343511450381679,0.572187188848324,0.47710156727050684,,71,state dependence,all,beta_inc +0.5
72.32156132412545,95.38851953983668,20.67740962897631,4.6131755017400184,73.55327889420487,66.30100658308409,1.1093840453543145,0.7291735811483571,0.0517756388981082,0.5765018254231663,0.4740484429065744,,72,state dependence,all,beta_inc +0.5
67.69549563876382,93.44765993957459,25.96712851519773,3.598690547739334,67.73142223930081,67.5125847348388,1.0032414327687427,0.730501161632924,0.05575838035180883,0.570859608363757,0.474862609403623,,73,state dependence,all,beta_inc +0.5
73.32519705424808,100.75848361007162,30.196120774163447,3.3368022456806137,73.64001244042869,71.73625725395466,1.0265382563761936,0.7318287421174908,0.05609027547295055,0.5698639230003318,0.47588031752493387,,74,state dependence,all,beta_inc +0.5
68.74473409929793,92.8739017987805,25.78420499795442,3.601968794700035,68.73104815691114,68.81287342700061,0.9988109017104732,0.7291735811483571,0.05575838035180883,0.566213076667773,0.47425198453083656,,75,state dependence,all,beta_inc +0.5
70.5548136168279,101.75251473805783,33.58955477606183,3.029290367688157,70.30089939372714,71.87423288148452,0.9781099091471112,0.7324925323597743,0.06272817789578493,0.568536342515765,0.47628740077345816,,76,state dependence,all,beta_inc +0.5
72.42088782265773,96.32530434595017,30.96091677746008,3.1111903125580618,72.01609223228567,74.35609105833741,0.9685298300012053,0.732824427480916,0.05376700962495851,0.5655492864254895,0.4766944840219825,,77,state dependence,all,beta_inc +0.5
65.57637839865232,88.40895395278635,24.17717420818462,3.6567116235965056,65.86840289239119,64.1623409480868,1.026589770870186,0.7271822104215068,0.05343511450381679,0.5655492864254895,0.47323427640952576,,78,state dependence,all,beta_inc +0.5
72.69525880499663,94.6878846536563,24.58408870926838,3.851592213705212,73.09571236069628,70.69548988464253,1.033951564378015,0.7324925323597743,0.04746100232326585,0.5741785595751743,0.47628740077345816,,79,state dependence,all,beta_inc +0.5
65.28435126214336,92.98175953874362,34.26106310876473,2.7139192745877416,64.4448254198892,69.29992217745233,0.9299408050541388,0.7288416860272154,0.062064387653501495,0.5569200132758049,0.47425198453083656,,80,state dependence,all,beta_inc +0.5
67.03808301914867,91.76878281443972,26.590695323309486,3.451161456992624,66.58287719808165,69.28226039395234,0.9610378879020188,0.7255227348157982,0.05642217059409227,0.5618984400929307,0.47221656828821496,,81,state dependence,all,beta_inc +0.5
74.79448503990923,104.04120503159804,33.5124042542338,3.1045580687769947,75.1435231270887,73.22003002184395,1.0262700398329652,0.7371390640557584,0.05609027547295055,0.5748423498174576,0.4797476083859149,,82,state dependence,all,beta_inc +0.5
67.27662664496978,90.09431922878608,26.11324724365496,3.4501384828988417,67.25606822355397,67.37756107752166,0.9981968350883477,0.7278460006637902,0.05277132426153336,0.5701958181214736,0.4734378180337879,,83,state dependence,all,beta_inc +0.5
68.99341840421835,95.38165523154426,24.277096344681432,3.928874107402891,69.9371769669487,64.66720623010347,1.0814937128734654,0.7255227348157982,0.05609027547295055,0.5658811815466313,0.4718094850396906,,84,state dependence,all,beta_inc +0.5
70.88212821222683,95.98908269688532,29.022586071659777,3.3073924721897043,70.44075312322758,73.05381010061137,0.9642310651041331,0.7271822104215068,0.054762694988383674,0.5612346498506472,0.4730307347852636,,85,state dependence,all,beta_inc +0.5
77.5545563854403,103.48528703217931,29.512837100336483,3.506449979049945,79.45068651082771,68.51521420216649,1.159606482093074,0.7314968469963492,0.05210753401924992,0.5778294059077331,0.47547323427640953,,86,state dependence,all,beta_inc +0.5
81.27493108313115,112.04421675332115,30.405895563544735,3.684950391254286,80.65659682456301,84.4380785258924,0.9552159195549456,0.7417855957517424,0.054430799867241954,0.5761699303020246,0.48219010787706085,,87,state dependence,all,beta_inc +0.5
66.70919558408548,90.856984291973,26.278244084799674,3.4574983015904066,67.14777951143152,64.54629146059301,1.0403042218533467,0.7241951543312314,0.0570859608363757,0.5665449717889147,0.47140240179116627,,88,state dependence,all,beta_inc +0.5
74.63392892970207,98.67177681071384,26.38813718529676,3.739247530731078,74.90830996739633,73.24900712911777,1.0226529055247626,0.738798539661467,0.05310321938267507,0.5811483571191504,0.4803582332587014,,89,state dependence,all,beta_inc +0.5
70.86647226412373,97.79053061205575,24.555732373803423,3.9823911225055038,70.04876615559216,75.03702144673453,0.9335227439073749,0.732824427480916,0.05609027547295055,0.5648854961832062,0.47649094239772033,,90,state dependence,all,beta_inc +0.5
74.79682885043212,99.43998099148979,25.361191749082543,3.9209506388865614,74.53457638895502,76.08756738384533,0.979589425075771,0.7318287421174908,0.05376700962495851,0.5682044473946233,0.47588031752493387,,91,state dependence,all,beta_inc +0.5
77.17632581937941,104.15953458661195,24.950900029915406,4.174580254088137,76.67189163477387,79.88288132094111,0.9598037823239423,0.7457683372054431,0.0501161632923996,0.5871224692997012,0.48422552411968245,,92,state dependence,all,beta_inc +0.5
64.36440052776636,87.88601559490408,22.90582549805571,3.836841226366804,63.603202500028225,68.06213931655334,0.9344872661761799,0.7258546299369399,0.0570859608363757,0.5555924327912379,0.4720130266639528,,93,state dependence,all,beta_inc +0.5
70.2673540020353,95.21878168912501,26.17906011740011,3.637211621124516,71.327342427262,65.43867278331612,1.089987608144877,0.7285097909060737,0.05542648523066711,0.5711915034848988,0.4738449012823122,,94,state dependence,all,beta_inc +0.5
76.25979755859873,102.2553041012023,29.257650370199244,3.4949937130069664,74.41744514401418,86.91901381309684,0.8561699204737302,0.7391304347826086,0.05343511450381679,0.5765018254231663,0.4805617748829636,,95,state dependence,all,beta_inc +0.5
72.93941443406753,102.5478135883694,31.317969488712308,3.2744081197642747,74.08135588714647,67.21347104629206,1.1021801840307321,0.7318287421174908,0.05907733156322602,0.5728509790906073,0.4756767759006717,,96,state dependence,all,beta_inc +0.5
65.88868609422336,89.36772420502068,22.626605467815253,3.9496743924818927,65.01597712729972,70.22994480723341,0.925758624839519,0.724527049452373,0.05675406571523399,0.5609027547295055,0.47140240179116627,,97,state dependence,all,beta_inc +0.5
77.5242363561678,108.18884013011535,34.86456927980943,3.103117071713519,79.28148806096948,68.50881063848979,1.1572451385753202,0.738798539661467,0.05741785595751742,0.5901095253899767,0.48015469163443925,,98,state dependence,all,beta_inc +0.5
68.65278767736433,93.2691333841836,25.355078597671675,3.678518803437998,68.43186165830274,69.71612296965515,0.9815787043707035,0.7321606372386326,0.05409890474610023,0.5695320278791902,0.47588031752493387,,99,state dependence,all,beta_inc +0.5
121.66499396892151,162.2474229917884,31.31534096091988,5.1810843507744595,119.67811781410096,135.27868282763524,0.8846783196920118,0.7885828078327248,0.04447394623299038,0.6299369399269831,0.5104823936495013,,0,state dependence,all,beta_inc +1.0
130.8721130336587,166.8914442218898,30.05862102638233,5.5521989540175465,132.2342027373728,122.43600548329513,1.0800270901962292,0.7809492200464653,0.04049120477928975,0.6402256886823764,0.5060044779157338,,1,state dependence,all,beta_inc +1.0
117.74090215533847,160.42143615270246,34.285298352539236,4.679015317386652,119.43703828181138,107.5465276287049,1.1105615487108746,0.7816130102887487,0.047129107202124126,0.6345834716229671,0.506208019539996,,2,state dependence,all,beta_inc +1.0
114.4572815340767,163.7346924658046,38.074871595831524,4.300334724798664,114.71447960176032,112.88926893929907,1.0161681502556514,0.7816130102887487,0.04945237305011616,0.6289412545635579,0.5064115611642581,,3,state dependence,all,beta_inc +1.0
113.40995529686369,159.75515589777646,35.94017847391784,4.445029565273651,111.36979729418312,127.12718756749183,0.8760501937090119,0.7865914371058745,0.04845668768669101,0.6286093594424162,0.5094646855281905,,4,state dependence,all,beta_inc +1.0
116.04378817754586,155.36007942610757,31.905285353556614,4.86941513622253,117.74587831913915,106.1784051535142,1.108943745659963,0.7782940590773315,0.04580152671755725,0.6302688350481248,0.5045796865458987,,5,state dependence,all,beta_inc +1.0
116.71091460591138,161.709116803579,35.704408864554935,4.52910780338149,116.01234569074906,121.14572540899582,0.9576264065371177,0.7852638566213077,0.04546963159641553,0.6279455692001328,0.5088540606554041,,6,state dependence,all,beta_inc +1.0
108.08980922335725,151.32957007329586,39.48280623271926,3.8327967161536147,109.8946406256765,98.41462503670589,1.116649487661909,0.7796216395618984,0.04978426817125788,0.6299369399269831,0.5049867697944229,,7,state dependence,all,beta_inc +1.0
120.26519814421702,167.01140889986186,32.43128668357367,5.149700365864687,120.38546831183734,119.507130001333,1.0073496728646614,0.7806173249253237,0.04845668768669101,0.6339196813806837,0.5060044779157338,,8,state dependence,all,beta_inc +1.0
113.28359922403985,162.07623870753545,39.240554806998944,4.130324851539243,114.81588691289433,104.92403539099809,1.0942763160512687,0.776634583471623,0.05111184865582476,0.6259541984732825,0.5035619784245878,,9,state dependence,all,beta_inc +1.0
94.9061752537348,137.61872179459903,31.996704463119094,4.301027999718684,95.36217406393514,92.39651383887619,1.0320971008736386,0.7670096249585131,0.054430799867241954,0.6150016594756057,0.4978628129452473,,10,state dependence,all,beta_inc +1.0
114.13987671404021,151.05387981783306,33.02024049703081,4.574584483459951,115.60262425601313,105.4389172540991,1.0963942656715673,0.7855957517424493,0.04447394623299038,0.6385662130766677,0.5086505190311419,,11,state dependence,all,beta_inc +1.0
113.19879827157811,160.40043224313186,30.08726293955109,5.331173944449368,112.58927729822474,117.18511654785115,0.9607813740770591,0.7855957517424493,0.04978426817125788,0.6325921008961168,0.5086505190311419,,12,state dependence,all,beta_inc +1.0
121.21987055650008,170.46473446268962,40.75218218443395,4.182959668054335,119.41713648368909,132.9358981701057,0.8983061620487349,0.7879190175904415,0.04845668768669101,0.6246266179887155,0.5102788520252391,,13,state dependence,all,beta_inc +1.0
127.5038521202952,179.3042571145184,42.805263735629644,4.188836639856318,128.33276422256094,122.42581925062102,1.0482491765878867,0.7915698639230003,0.04812479256554929,0.648854961832061,0.5123142682678608,,14,state dependence,all,beta_inc +1.0
108.61429068727112,144.6650909715305,30.68427898299027,4.714632240559575,109.35374100074355,104.29518559380331,1.0485022906679673,0.7746432127447727,0.04546963159641553,0.6256223033521408,0.5019336454304906,,15,state dependence,all,beta_inc +1.0
108.93700885449708,146.01009994669425,33.770692958095054,4.323574293482026,107.71226618927243,116.25066452347959,0.9265518320329031,0.7716561566544972,0.04546963159641553,0.6123464985064719,0.5003053124363932,,16,state dependence,all,beta_inc +1.0
103.67407273881079,140.18427846393527,33.735795148892436,4.155357176116171,103.7021632156219,103.5046705283011,1.001908055803789,0.7739794225024892,0.047129107202124126,0.6249585131098573,0.5015265621819662,,17,state dependence,all,beta_inc +1.0
106.27062875287257,141.00848753234052,28.864047020926794,4.8852639212411075,107.50802778848897,98.90769562790781,1.0869531142747044,0.7690009956853634,0.04414205111184866,0.6232990375041487,0.4988805210665581,,18,state dependence,all,beta_inc +1.0
114.18634940202784,151.99135443599215,29.262042567774895,5.194147130500524,115.66381354509991,105.92711294889638,1.0919188706757346,0.7809492200464653,0.04746100232326585,0.6349153667441089,0.5058009362914716,,19,state dependence,all,beta_inc +1.0
109.60687620999494,152.28300904309805,35.62641351743025,4.274441180238181,110.87802305284065,102.15403892647194,1.0854002858628822,0.7763026883504812,0.04812479256554929,0.6269498838367076,0.5033584368003257,,20,state dependence,all,beta_inc +1.0
111.40596863793098,149.95637749455832,34.732088068062225,4.317516908303887,110.93032753396027,114.18765044230386,0.9714739475264934,0.7779621639561899,0.04546963159641553,0.6196481911715898,0.5041726032973743,,21,state dependence,all,beta_inc +1.0
117.85516653852288,159.6253381734775,30.228176224015655,5.280680415203433,118.58156032341043,113.56170150146755,1.0442038007142576,0.7819449054098905,0.04447394623299038,0.6319283106538334,0.5064115611642581,,22,state dependence,all,beta_inc +1.0
109.08250370495223,151.5336438681328,31.157137152799443,4.863529120951911,108.44455674498195,113.15007462623734,0.9584134796481674,0.7799535346830402,0.04878858280783273,0.6282774643212745,0.5053938530429473,,23,state dependence,all,beta_inc +1.0
121.2791154237901,165.85138613750883,38.115079792152905,4.351332518308256,118.82976787075324,138.84484143088622,0.8558457530444441,0.7885828078327248,0.04646531695984069,0.6302688350481248,0.5108894768980257,,24,state dependence,all,beta_inc +1.0
118.16772277169316,151.4651588446575,29.19320222447588,5.188370829619629,117.55699080398209,121.96532251802846,0.9638558598211819,0.7829405907733157,0.039827414537006306,0.6325921008961168,0.5070221860370446,,25,state dependence,all,beta_inc +1.0
119.00297972726456,157.0536247695427,31.882659309935246,4.925988865696714,120.08059085677397,112.96210275054246,1.0630166040902362,0.7855957517424493,0.04414205111184866,0.6352472618652506,0.5086505190311419,,26,state dependence,all,beta_inc +1.0
107.67838156392055,145.09568022615287,31.827067431908155,4.558876828239837,108.00628591325419,105.94071086829987,1.0194974625715145,0.7809492200464653,0.04447394623299038,0.625290408230999,0.5060044779157338,,27,state dependence,all,beta_inc +1.0
113.92452494047498,160.0557168435555,34.07864743912529,4.69665696473028,115.02155570428482,106.8699046347893,1.0762763950931975,0.7829405907733157,0.04945237305011616,0.6342515765018254,0.5070221860370446,,28,state dependence,all,beta_inc +1.0
120.55886809919282,166.18025417525064,40.44298554358149,4.109000657139278,120.46644435083995,121.12976073526859,0.9945239189741459,0.7852638566213077,0.04878858280783273,0.6309326252904083,0.5088540606554041,,29,state dependence,all,beta_inc +1.0
110.2710687514379,144.05969942492322,30.67786053657141,4.695884814170405,111.6449190368734,102.6563334790995,1.0875599707601475,0.7786259541984732,0.04281447062728178,0.6306007301692665,0.5045796865458987,,30,state dependence,all,beta_inc +1.0
114.47880293214222,159.1274558705759,37.66252800236303,4.225086958065902,116.83605909479748,102.24730692355358,1.1426810408038557,0.7816130102887487,0.04878858280783273,0.6332558911384003,0.5064115611642581,,31,state dependence,all,beta_inc +1.0
116.22070105949608,156.08843912358094,34.89500227339724,4.473088664693323,117.48192641149313,108.78228069537504,1.079973003512216,0.7839362761367408,0.04580152671755725,0.6355791569863923,0.5080398941583554,,32,state dependence,all,beta_inc +1.0
117.06821016759146,149.55513748135914,28.72397106214465,5.2066316721248205,117.53018328252394,114.33479777971266,1.02794762018968,0.7786259541984732,0.04115499502157318,0.6289412545635579,0.5043761449216365,,33,state dependence,all,beta_inc +1.0
117.34263554225305,171.20842002332023,39.6977327797149,4.312800959524969,117.941865449118,113.58411648678783,1.038365830515018,0.7832724858944573,0.05277132426153336,0.6282774643212745,0.507632810909831,,34,state dependence,all,beta_inc +1.0
117.53135629985266,167.24985180495912,36.934222183755416,4.528316610347347,118.0549155259883,114.3960050089399,1.0319846004828794,0.7822768005310322,0.0517756388981082,0.6292731496846996,0.5066151027885203,,35,state dependence,all,beta_inc +1.0
128.08025944057337,178.32287561982716,41.80946686740533,4.265131535529044,130.40087285084783,114.42327987058991,1.1396358590518312,0.7909060736807169,0.04779289744440757,0.6458679057417855,0.5123142682678608,,36,state dependence,all,beta_inc +1.0
117.7845648614975,155.29964969398068,29.149877384052367,5.32762617310163,120.69885020519426,101.84910706607633,1.1850751929213168,0.784931961500166,0.04381015599070694,0.6435446398937935,0.5086505190311419,,37,state dependence,all,beta_inc +1.0
129.33884640735792,178.69441883647787,32.65425932464086,5.472315787656996,128.47245220234026,134.90439402903178,0.9523222214295902,0.7899103883172918,0.04381015599070694,0.6369067374709592,0.51129656014655,,38,state dependence,all,beta_inc +1.0
105.56201215628751,140.84469692354583,34.34716372575661,4.100620885267674,102.36575627974979,125.91036744318744,0.8130049840886907,0.7733156322602057,0.04646531695984069,0.6033853302356456,0.5013230205577041,,39,state dependence,all,beta_inc +1.0
121.74695661225732,173.23988134779339,42.29957171156548,4.09554693671819,122.36152602723135,118.04867165026664,1.0365345439018752,0.7875871224692997,0.05144374377696648,0.6385662130766677,0.5098717687767148,,40,state dependence,all,beta_inc +1.0
110.83774193623191,158.98056350384002,38.78583392085834,4.09893374545553,109.18109088029294,121.77708778835591,0.8965651327616379,0.781281115167607,0.050779953534683044,0.6239628277464321,0.5064115611642581,,41,state dependence,all,beta_inc +1.0
111.5670278307839,147.12523219068308,32.066959507389626,4.588063054645983,109.95324743922087,121.64037220325459,0.9039206757399167,0.7786259541984732,0.043146365748423496,0.6219714570195818,0.5045796865458987,,42,state dependence,all,beta_inc +1.0
125.18340953838127,177.9311396439242,38.84083971035078,4.5810322580772365,125.10121999748374,125.68806014564117,0.9953309793509627,0.7846000663790242,0.04978426817125788,0.625290408230999,0.5082434357826175,,43,state dependence,all,beta_inc +1.0
111.85650543722883,159.59287602631716,42.95898124532447,3.715006068578192,112.20486258763718,109.73928441625732,1.0224675984037543,0.7806173249253237,0.05144374377696648,0.6259541984732825,0.5058009362914716,,44,state dependence,all,beta_inc +1.0
105.55106601568428,141.43333880745814,30.871510116463153,4.581354727186948,105.24666519803141,107.3483739156741,0.9804216063925322,0.7706604712910721,0.04580152671755725,0.6183206106870229,0.49969468756360674,,45,state dependence,all,beta_inc +1.0
109.57059865836433,150.59441482662973,34.15934387956812,4.408586281913496,110.71163306597235,102.90033292300947,1.0759113204114443,0.7799535346830402,0.04845668768669101,0.6345834716229671,0.5058009362914716,,46,state dependence,all,beta_inc +1.0
122.9685690278064,165.8876795191474,33.529361882287354,4.9475346444568435,123.74251222800963,117.99452244614521,1.0487140391155692,0.7928974444075672,0.04447394623299038,0.6458679057417855,0.5131284347649094,,47,state dependence,all,beta_inc +1.0
107.008993294127,142.36491222615473,27.89219329637217,5.104113208790633,106.1900143239311,112.58470445158248,0.9432010755030986,0.7753070029870561,0.0448058413541321,0.6256223033521408,0.5023407286790149,,48,state dependence,all,beta_inc +1.0
105.356449644254,141.21658500736737,32.03936706258351,4.407595965660762,105.41011464664193,105.03332232418991,1.0035873598408038,0.7729837371390641,0.04613342183869897,0.6186525058081647,0.5011194789334419,,49,state dependence,all,beta_inc +1.0
125.99570014420333,175.3780561218038,45.005560720142576,3.8968086013271694,127.78045175335181,114.71949254824533,1.1138512637650806,0.7885828078327248,0.04812479256554929,0.6461998008629273,0.5104823936495013,,50,state dependence,all,beta_inc +1.0
113.647515813026,156.14973111671173,35.81000416208089,4.360505807537947,114.69340542634522,107.19906374030717,1.0699105143697274,0.7819449054098905,0.04945237305011616,0.6319283106538334,0.5070221860370446,,51,state dependence,all,beta_inc +1.0
107.75158424327762,147.82818686161391,34.01614404632899,4.345824343296415,110.32306430453654,93.15254542455338,1.1843268887793303,0.7763026883504812,0.04779289744440757,0.6369067374709592,0.5033584368003257,,52,state dependence,all,beta_inc +1.0
119.81499951725564,169.85886338030352,41.743628110032724,4.069096795625184,120.40201397648863,116.14429880007582,1.036658839223282,0.7899103883172918,0.04945237305011616,0.641885164288085,0.5117036433950743,,53,state dependence,all,beta_inc +1.0
119.02932376564466,160.15276164672764,34.33880766780107,4.663899899963627,118.68991197572205,121.09095723733374,0.9801715560237438,0.7829405907733157,0.04381015599070694,0.6319283106538334,0.5070221860370446,,54,state dependence,all,beta_inc +1.0
116.64191154893324,167.00383703185986,45.26370922030577,3.6895747146798166,118.58094757977766,106.58655447533232,1.11253195267909,0.778957849319615,0.05210753401924992,0.6282774643212745,0.5049867697944229,,55,state dependence,all,beta_inc +1.0
112.05953611411532,157.98459999454238,43.07444182269181,3.6677109048762038,112.45417814550865,109.76763518325201,1.02447481862729,0.782608695652174,0.04845668768669101,0.6302688350481248,0.5074292692855689,,56,state dependence,all,beta_inc +1.0
120.06579378582047,160.97082392641886,36.60528953997006,4.397474407370868,119.1143095766793,126.25655590905482,0.9434306893535078,0.7842681712578825,0.047129107202124126,0.6345834716229671,0.5080398941583554,,57,state dependence,all,beta_inc +1.0
121.49185084988369,163.23679271769402,29.773304309493962,5.482656242009452,121.85203591240013,119.12707254211423,1.0228744257047242,0.7885828078327248,0.04414205111184866,0.6369067374709592,0.5104823936495013,,58,state dependence,all,beta_inc +1.0
126.20031337565663,173.97907908157484,37.37131389946756,4.655417777110951,123.4888737582557,143.31526939480722,0.8616588747292975,0.7905741785595751,0.04779289744440757,0.6292731496846996,0.5117036433950743,,59,state dependence,all,beta_inc +1.0
118.70362367861566,157.48019102316516,31.907878008516537,4.93546424432023,119.86176849522056,111.80610984208558,1.0720502543600952,0.782608695652174,0.04281447062728178,0.6379024228343844,0.5068186444127825,,60,state dependence,all,beta_inc +1.0
116.43506160368098,155.10855668895599,35.61083681725999,4.3556560460768905,117.6187122822879,108.51141932614827,1.0839293505945786,0.7855957517424493,0.04546963159641553,0.6455360106206439,0.5090576022796662,,61,state dependence,all,beta_inc +1.0
107.69907458254877,154.29157429740553,35.39328683100485,4.3593457435618745,107.48101207892026,108.94722531926664,0.9865419863970865,0.7806173249253237,0.05111184865582476,0.6236309326252905,0.5055973946672094,,62,state dependence,all,beta_inc +1.0
107.27334028787077,143.07360638070514,28.35388403937187,5.045996738296412,107.69842009673135,104.75898230460676,1.0280590525743902,0.7753070029870561,0.04513773647527381,0.6279455692001328,0.502544270303277,,63,state dependence,all,beta_inc +1.0
130.77872086376007,182.60381791732152,42.07961291035244,4.339484260616791,130.3264932255472,134.00154421581075,0.972574562392021,0.7882509127115831,0.04878858280783273,0.6352472618652506,0.5106859352737635,,64,state dependence,all,beta_inc +1.0
132.99510012868814,177.65218289980618,32.03550215361082,5.545478327386931,132.37741183364383,137.0207290817348,0.9661123008233217,0.7902422834384335,0.04613342183869897,0.641885164288085,0.5119071850193364,,65,state dependence,all,beta_inc +1.0
96.98984060582622,130.663001533983,27.379631619760243,4.772270253617356,98.02819918795494,91.54704036710122,1.0707959404789542,0.7646863591105211,0.04779289744440757,0.6140059741121805,0.4960309383268878,,66,state dependence,all,beta_inc +1.0
115.2331230254703,163.0410772306855,35.9298330064444,4.53776328995023,114.95413545065509,116.97600126045216,0.9827155503008236,0.7806173249253237,0.0517756388981082,0.6232990375041487,0.5058009362914716,,67,state dependence,all,beta_inc +1.0
117.22374180117906,159.97082620081773,34.65463492787466,4.6161451861708755,116.30259963716628,122.61206950002448,0.9485412008084821,0.782608695652174,0.04812479256554929,0.6226352472618653,0.5072257276613067,,68,state dependence,all,beta_inc +1.0
98.71964699195432,133.1580774313635,33.74911681308935,3.9455277650323315,97.68389522854045,104.78999640840235,0.9321872180225391,0.7686691005642217,0.04845668768669101,0.6070361765682044,0.49847343781803377,,69,state dependence,all,beta_inc +1.0
102.06001290499955,138.26545751381065,31.521375547393383,4.3864030396111415,102.63263957294119,98.726982143148,1.0395601824851712,0.7736475273813475,0.04613342183869897,0.6203119814138732,0.5013230205577041,,70,state dependence,all,beta_inc +1.0
111.56781486646125,153.67459424328274,34.32546546394325,4.476985007084849,110.43057144725447,118.91277249851326,0.9286687134355995,0.7806173249253237,0.04945237305011616,0.6242947228675738,0.5060044779157338,,71,state dependence,all,beta_inc +1.0
123.66889897341531,169.62187441410566,37.39609173501858,4.5358182244287235,123.52670322245345,124.52036525677747,0.9920200841663533,0.7855957517424493,0.04580152671755725,0.6289412545635579,0.5090576022796662,,72,state dependence,all,beta_inc +1.0
125.2459738526886,166.9524036429758,34.52105753592937,4.836248236868539,126.11616300312198,120.19239217640607,1.0492857386349512,0.7885828078327248,0.04381015599070694,0.6365748423498174,0.5106859352737635,,73,state dependence,all,beta_inc +1.0
113.94075267407487,151.50375292227798,28.174222288379813,5.377388996634851,113.66430577700271,115.71752499020201,0.982256626959718,0.7846000663790242,0.04447394623299038,0.6342515765018254,0.5086505190311419,,74,state dependence,all,beta_inc +1.0
128.20513988492047,176.46048144523363,35.90613787523785,4.91449350688666,128.3905835024433,127.02388665114843,1.0107593688661747,0.7915698639230003,0.04613342183869897,0.6432127447726519,0.5129248931406473,,75,state dependence,all,beta_inc +1.0
124.98409607509309,170.4595682200213,40.015375539860024,4.259851767484314,125.67006363803037,120.47430635901222,1.0431275135424716,0.7879190175904415,0.0448058413541321,0.6405575838035181,0.510075310400977,,76,state dependence,all,beta_inc +1.0
119.17374058957205,161.77392267310293,35.66004279563846,4.536559969941744,120.03720107290964,114.2416249648609,1.0507308619763713,0.7869233322270163,0.04746100232326585,0.6325921008961168,0.5098717687767148,,77,state dependence,all,beta_inc +1.0
101.46315105070728,141.4823329156957,36.3926722320939,3.8876599116820425,99.00947687338898,117.42908877914687,0.843142682130487,0.7693328908065051,0.05144374377696648,0.6013939595087953,0.4988805210665581,,78,state dependence,all,beta_inc +1.0
121.06118883233984,170.27659376934042,45.32321872270451,3.756939568019712,121.37401889955612,119.16248077807317,1.0185590137687859,0.7869233322270163,0.04812479256554929,0.6315964155326916,0.5094646855281905,,79,state dependence,all,beta_inc +1.0
119.16327672776787,163.6675183366487,32.76542994001816,4.995128055278557,120.38775655588138,111.13311641284446,1.0832752688105785,0.7816130102887487,0.04679721208098241,0.6379024228343844,0.5066151027885203,,80,state dependence,all,beta_inc +1.0
104.31290311717953,142.25485352766748,26.26003672839976,5.417161255293348,103.59619774242333,108.94637357849759,0.9508916574242888,0.7746432127447727,0.047129107202124126,0.6133421838698971,0.5019336454304906,,81,state dependence,all,beta_inc +1.0
126.67833820271389,170.71559181841133,42.184505153605166,4.046879089769805,128.14319001107384,118.1885843240117,1.0842264567597475,0.7899103883172918,0.04447394623299038,0.6438765350149352,0.51129656014655,,82,state dependence,all,beta_inc +1.0
116.95726043904253,151.81350251332495,27.695774589225525,5.481468013260943,116.26087439106391,121.0363349996023,0.9605452312435429,0.7809492200464653,0.04381015599070694,0.6296050448058413,0.5058009362914716,,83,state dependence,all,beta_inc +1.0
119.71823754479199,158.3737203617217,30.575293691300303,5.179793919912021,119.9782475313023,118.07411734277818,1.0161265672052098,0.7846000663790242,0.04281447062728178,0.6345834716229671,0.5082434357826175,,84,state dependence,all,beta_inc +1.0
111.87119395023599,151.42622909563877,30.404364193214953,4.980410974337398,112.80557897901492,105.8714018375481,1.0654962248644522,0.7839362761367408,0.04414205111184866,0.6379024228343844,0.5078363525340932,,85,state dependence,all,beta_inc +1.0
115.7918677510053,152.73897253496628,33.528269798328424,4.555528020195697,114.70534221318394,122.6062132443104,0.9355589670208406,0.778957849319615,0.04546963159641553,0.6226352472618653,0.5045796865458987,,86,state dependence,all,beta_inc +1.0
112.25395493467022,149.528473830001,34.22269736950292,4.369277857193432,111.70941152414413,115.65951290600027,0.9658471553043242,0.7776302688350482,0.04580152671755725,0.6209757716561567,0.5039690616731122,,87,state dependence,all,beta_inc +1.0
130.2222772510875,175.25944944052338,35.040541322642866,5.001619347908658,128.09694520316145,144.92232693719345,0.8839006929462029,0.7889147029538666,0.04381015599070694,0.6315964155326916,0.5108894768980257,,88,state dependence,all,beta_inc +1.0
127.4198058765989,172.0725498833535,37.88537560850953,4.54192540312848,126.43904857824649,133.67718492881093,0.9458536147778764,0.7899103883172918,0.0448058413541321,0.6355791569863923,0.5117036433950743,,89,state dependence,all,beta_inc +1.0
126.83264204287538,167.87225196223625,38.24703016389196,4.389157831154173,126.69738289505207,127.68524203968035,0.9922633255899591,0.7879190175904415,0.04248257550614006,0.6335877862595419,0.5102788520252391,,90,state dependence,all,beta_inc +1.0
113.2980148627758,162.05727925513995,38.632215561701805,4.194874068154561,114.61800090011056,105.75774927550698,1.083778746099465,0.7832724858944573,0.05111184865582476,0.6325921008961168,0.507632810909831,,91,state dependence,all,beta_inc +1.0
111.3742290675794,151.39879836401053,42.509997685122656,3.561486864465203,110.88321054721871,114.42415801983975,0.9690541968243535,0.7796216395618984,0.047129107202124126,0.6219714570195818,0.5051903114186851,,92,state dependence,all,beta_inc +1.0
115.53108940452232,156.48162540970083,35.88112356038085,4.361112749057958,115.40919115669215,116.29096927716218,0.9924174841266612,0.7859276468635911,0.0448058413541321,0.6385662130766677,0.5090576022796662,,93,state dependence,all,beta_inc +1.0
115.9045515021366,162.39348135532717,40.15733345153058,4.0439308937515515,114.98982287441866,121.8061221186893,0.9440397647859706,0.7832724858944573,0.05044805841354132,0.6299369399269831,0.5072257276613067,,94,state dependence,all,beta_inc +1.0
117.06749767040604,159.2556956185232,41.86778877805862,3.803776131162276,117.57978043345925,113.99373315453461,1.0314582844134357,0.7809492200464653,0.04812479256554929,0.6322602057749751,0.5060044779157338,,95,state dependence,all,beta_inc +1.0
120.5421254273421,158.03607875496144,28.863302334909253,5.475329084704968,119.72738349583157,125.35140159128679,0.9551339831540732,0.781281115167607,0.040159309658148026,0.6242947228675738,0.506208019539996,,96,state dependence,all,beta_inc +1.0
107.63153512903726,142.39386095403492,29.09819361965432,4.893563594196969,109.02733914651314,99.49038632072782,1.0958580339113468,0.7756388981081979,0.043478260869565216,0.6352472618652506,0.5033584368003257,,97,state dependence,all,beta_inc +1.0
123.18943048710057,171.35513720004909,46.95196100095398,3.64958424625901,120.90754488953148,136.39062662627617,0.8864798694768822,0.7902422834384335,0.04878858280783273,0.6223033521407235,0.5119071850193364,,98,state dependence,all,beta_inc +1.0
109.69736250824157,144.20439942779728,34.60187141533308,4.16753179898519,110.08664150701249,107.28252657319241,1.0261376668073436,0.7782940590773315,0.04546963159641553,0.6292731496846996,0.5045796865458987,,99,state dependence,all,beta_inc +1.0
51.97975548044622,69.66367683691846,22.649450523871757,3.0757336370476307,51.240937317397275,55.085068518786144,0.930214642465628,0.6943245934284766,0.057749751078659144,0.5240623962827746,0.45308365560757174,,0,state dependence,all,beta_inc calibrated to share 0.689
48.93776110741215,66.38531210789532,23.413853857706574,2.835300523841139,49.09574877125871,48.28118639803064,1.0168712170101375,0.6866910056422171,0.061068702290076333,0.5217391304347826,0.44840219824954203,,1,state dependence,all,beta_inc calibrated to share 0.689
48.72639686231354,64.4632772268118,20.02032978961989,3.2198908761350484,48.38623353514112,50.10782048227791,0.9656423502246386,0.6770660471291072,0.05940922668436774,0.5048124792565549,0.442092407897415,,2,state dependence,all,beta_inc calibrated to share 0.689
53.720919983682656,70.8805140823881,24.424888220818595,2.9019790568365007,52.92132736531097,57.08728569010949,0.9270247608650926,0.692665117822768,0.05907733156322602,0.5194158645867906,0.4516588642377366,,3,state dependence,all,beta_inc calibrated to share 0.689
50.122413713031214,67.27920052815999,25.603296842950556,2.6277553606024844,49.72509704844013,51.829023670017335,0.9594064006497133,0.6840358446730833,0.061068702290076333,0.5127779621639562,0.4465703236311826,,4,state dependence,all,beta_inc calibrated to share 0.689
50.56826887091256,68.50612198006642,24.011337926752766,2.853073918206732,50.57691386281119,50.531806881899925,1.0008926453197424,0.6893461666113508,0.062396282774643215,0.5180882841022237,0.4502340728679015,,5,state dependence,all,beta_inc calibrated to share 0.689
48.153509895686405,63.506780922396004,20.990103222757742,3.025558295184615,48.27874140156204,47.64667205008763,1.0132657607400146,0.6856953202787919,0.05907733156322602,0.5190839694656488,0.4475880317524934,,6,state dependence,all,beta_inc calibrated to share 0.689
48.597006637376566,62.375995945436316,17.98893363350761,3.467464899044925,48.85514746696109,47.53459942521912,1.0277807756394253,0.6730833056754065,0.05310321938267507,0.5038167938931297,0.4396499084062691,,7,state dependence,all,beta_inc calibrated to share 0.689
57.44826838284325,77.85834733302498,22.782880513390328,3.417405770410146,57.244120370637546,58.47044838760609,0.9790265330472737,0.7039495519415865,0.058745436442084305,0.5439761035512778,0.45898636271117443,,8,state dependence,all,beta_inc calibrated to share 0.689
52.46458034742283,71.21617962430733,20.62405712009852,3.453063536897687,53.74473222402713,47.459043388219314,1.1324444908084284,0.6873547958845005,0.061732492532359774,0.5253899767673416,0.4486057398738042,,9,state dependence,all,beta_inc calibrated to share 0.689
51.06135797268487,69.50010132901765,24.079281328146905,2.8863029748224736,50.937767795314585,51.570128644861654,0.9877378461880164,0.6913375373382011,0.06272817789578493,0.5174244938599403,0.4512517809892123,,10,state dependence,all,beta_inc calibrated to share 0.689
51.09326696078654,70.59896371748015,21.908603141347786,3.2224310816165063,50.71579592311275,52.76164108614284,0.9612247625184767,0.6896780617324926,0.06471954862263525,0.5167607036176568,0.45043761449216363,,11,state dependence,all,beta_inc calibrated to share 0.689
51.85912659871881,68.25767558772748,20.406776768530904,3.3448533475892672,51.38783032444473,53.86710964405134,0.9539741535049968,0.6929970129439097,0.05575838035180883,0.5190839694656488,0.45206594748626094,,12,state dependence,all,beta_inc calibrated to share 0.689
47.88412980666897,67.60449126302925,24.665559355028645,2.7408456581077494,47.96260722702883,47.56704589579907,1.0083158691859124,0.6840358446730833,0.06637902422834384,0.5114503816793893,0.4469774068797069,,13,state dependence,all,beta_inc calibrated to share 0.689
51.75204162606048,69.7969246737884,21.74311914221364,3.210069549693985,52.08186132226296,50.32093547888346,1.0349939011789326,0.6873547958845005,0.06073680716893462,0.5237305011616329,0.44880928149806637,,14,state dependence,all,beta_inc calibrated to share 0.689
58.959162480196476,78.44077621293819,25.633409588030215,3.060099201534505,58.6719045756493,60.21120042787331,0.9744350579080727,0.6989711251244607,0.0604049120477929,0.5260537670096249,0.45572969672297986,,15,state dependence,all,beta_inc calibrated to share 0.689
49.3910142900095,66.10192338479398,19.876090419661846,3.325700476759985,49.12239557061117,50.50248159564816,0.972672906727896,0.6870229007633588,0.057749751078659144,0.51543312313309,0.44840219824954203,,16,state dependence,all,beta_inc calibrated to share 0.689
49.885204674410126,65.61496105384344,20.414172221077767,3.214186710254926,49.7840313110206,50.307006952211964,0.9896043181084466,0.6886823763690674,0.0570859608363757,0.5184201792233654,0.44982698961937717,,17,state dependence,all,beta_inc calibrated to share 0.689
52.12679401773506,71.24954072069745,21.834791761962013,3.2631197722169243,51.420194981015136,55.38218624071498,0.9284609090280526,0.6956521739130435,0.0604049120477929,0.5243942914039164,0.45410136372888255,,18,state dependence,all,beta_inc calibrated to share 0.689
52.81384544358103,71.44864608700918,23.463131440786874,3.0451453706135414,51.25073834020764,60.120158747435774,0.852471773328336,0.6913375373382011,0.05940922668436774,0.5127779621639562,0.4512517809892123,,19,state dependence,all,beta_inc calibrated to share 0.689
50.59278422798473,66.6532821494007,20.516753573186357,3.248724605071576,51.2569602194651,47.89440874042092,1.0702075997486178,0.6856953202787919,0.05907733156322602,0.5197477597079323,0.4473844901282312,,20,state dependence,all,beta_inc calibrated to share 0.689
52.110555661262424,71.25775432754351,26.186819896746844,2.7211305003245454,51.580322338087086,54.375655938323746,0.9485921861171238,0.6916694324593429,0.061732492532359774,0.5194158645867906,0.45145532261347443,,21,state dependence,all,beta_inc calibrated to share 0.689
52.12066622281314,70.36905545010823,21.570377322541884,3.2623006263580674,52.622209085835685,50.082401822427606,1.0507125691058754,0.6830401593096581,0.06272817789578493,0.51543312313309,0.4457561571341339,,22,state dependence,all,beta_inc calibrated to share 0.689
49.60328155169503,67.33256244379281,19.53756326681766,3.4463132133857015,49.584918685058625,49.680855362090966,0.9980689407150275,0.6896780617324926,0.062064387653501495,0.5184201792233654,0.44982698961937717,,23,state dependence,all,beta_inc calibrated to share 0.689
52.12233242530749,69.31619631732731,21.73929385567483,3.1885210613330472,51.57275714561767,54.35194246062768,0.948866863092828,0.6906737470959177,0.058081646199800864,0.5151012280119482,0.4512517809892123,,24,state dependence,all,beta_inc calibrated to share 0.689
56.687556525698334,74.68711387531951,22.761208025518215,3.2813334771856457,57.10789534585158,54.83667967956341,1.041417818867954,0.6976435446398938,0.05542648523066711,0.5370063060073017,0.4555261550987177,,25,state dependence,all,beta_inc calibrated to share 0.689
49.0834518717782,68.09600065425269,25.559330099584855,2.6642326066033606,49.225452750226864,48.50183573059429,1.0149193738491042,0.6936608031861932,0.06405575838035181,0.5220710255559243,0.4526765723590474,,26,state dependence,all,beta_inc calibrated to share 0.689
53.071573347023566,70.41653705731598,19.798829322019685,3.556601045042635,52.27826884271051,56.80591492709722,0.9202962210854743,0.6946564885496184,0.058081646199800864,0.528377032857617,0.45308365560757174,,27,state dependence,all,beta_inc calibrated to share 0.689
53.90758620285673,72.85559594667822,22.012016427776448,3.309810175079801,53.834319537614356,54.23015893482115,0.9927007516669359,0.697311649518752,0.05974112180550946,0.5336873547958845,0.45491553022593123,,28,state dependence,all,beta_inc calibrated to share 0.689
54.49001889889198,73.41171770052283,22.218965645741225,3.3040114859979486,54.70567874926744,53.570395793632265,1.0211923570624453,0.69498838367076,0.05974112180550946,0.5287089279787587,0.4534907388560961,,29,state dependence,all,beta_inc calibrated to share 0.689
48.85596009730927,65.70323544235788,22.418693393030406,2.930734378248106,49.967490237080185,44.55219346103442,1.1215494985848904,0.6833720544307998,0.05940922668436774,0.51543312313309,0.44616324038265825,,30,state dependence,all,beta_inc calibrated to share 0.689
51.31469402873513,67.12014637940858,18.80574562740376,3.5691297600878427,50.749571185925724,53.809104920414185,0.9431409658455826,0.6856953202787919,0.05509459010952539,0.520079654829074,0.4473844901282312,,31,state dependence,all,beta_inc calibrated to share 0.689
51.09244137783376,67.57092078588086,22.703750466067508,2.9762008213960405,51.22049217510908,50.54887638957356,1.0132864631917724,0.6890142714902091,0.0570859608363757,0.5257218718884833,0.44982698961937717,,32,state dependence,all,beta_inc calibrated to share 0.689
52.79727246984619,70.72502412023462,20.932271309808815,3.3787553712383347,53.73381927207249,48.7198359187091,1.102914619042014,0.7002987056090275,0.05940922668436774,0.5399933620975772,0.45674740484429066,,33,state dependence,all,beta_inc calibrated to share 0.689
54.34245615584814,72.37340764642576,21.13826781681017,3.423809759325262,53.78071681236086,56.893800687321445,0.9452825468266821,0.6969797543976104,0.05609027547295055,0.5287089279787587,0.4543049053531447,,34,state dependence,all,beta_inc calibrated to share 0.689
47.78604780404278,67.1099571478181,23.438494048251123,2.863236733966939,49.27209111703524,41.97275707889022,1.1739064704380866,0.6757384666445403,0.06604712910720212,0.5180882841022237,0.4418888662731529,,35,state dependence,all,beta_inc calibrated to share 0.689
52.28574648321824,70.89717159040407,23.477531402544862,3.019788170008331,51.99399632075807,53.58016939236983,0.9703962662007254,0.6893461666113508,0.062064387653501495,0.5214072353136409,0.4502340728679015,,36,state dependence,all,beta_inc calibrated to share 0.689
51.164265923381485,68.21660535615503,17.87147094381981,3.8170671888508,50.40847863839575,54.6627352115168,0.9221726363187049,0.6890142714902091,0.058081646199800864,0.5160969133753733,0.44941990637085283,,37,state dependence,all,beta_inc calibrated to share 0.689
52.37995674200555,70.46125815043919,23.213609690692635,3.035342589510766,51.90591367988136,54.36921748660749,0.9546930428540211,0.6896780617324926,0.05940922668436774,0.51543312313309,0.4502340728679015,,38,state dependence,all,beta_inc calibrated to share 0.689
55.92047436231793,78.91384627570977,24.344053736499678,3.2416066416002107,56.136700059872425,55.00566969132933,1.0205620688719907,0.7039495519415865,0.061400597411218054,0.5303684035844674,0.45898636271117443,,39,state dependence,all,beta_inc calibrated to share 0.689
49.91196823905776,67.91119510163804,25.153121082160823,2.699911270645544,49.49002031335154,51.709744692610535,0.957073383509159,0.6880185861267839,0.0604049120477929,0.5097909060736807,0.44901282312232854,,40,state dependence,all,beta_inc calibrated to share 0.689
51.71128559156797,69.24587685092689,22.668168563142988,3.054762746184812,51.77611279984657,51.4327754716074,1.0066754579174655,0.6900099568536342,0.05907733156322602,0.520079654829074,0.45003053124363934,,41,state dependence,all,beta_inc calibrated to share 0.689
50.140097741896554,66.18960280824332,22.301324469663168,2.967967346436399,50.45269831805238,48.91592401920202,1.031416646616899,0.6870229007633588,0.05741785595751742,0.5187520743445071,0.44840219824954203,,42,state dependence,all,beta_inc calibrated to share 0.689
47.62857132821756,64.45328730515283,20.458897917307404,3.1503792416221965,47.49311732901708,48.21071831345248,0.9851153227012764,0.6823763690673748,0.061732492532359774,0.5084633255891139,0.44555261550987174,,43,state dependence,all,beta_inc calibrated to share 0.689
54.021391907051665,71.92658743621304,20.370931421175584,3.5308443167917867,53.96018516779027,54.30193666636412,0.9937064583778366,0.6933289080650514,0.05675406571523399,0.5273813474941919,0.4524730307347853,,44,state dependence,all,beta_inc calibrated to share 0.689
47.99433059558804,63.408977507129045,19.024272053136347,3.3330567040895227,47.40561669380055,50.458637574652336,0.9394945835322067,0.6866910056422171,0.05741785595751742,0.511782276800531,0.44819865662527986,,45,state dependence,all,beta_inc calibrated to share 0.689
55.42964759526231,73.16583249717617,20.98577581764666,3.4864487800185113,55.57492457100219,54.786622351245086,1.0143885895119285,0.6920013275804846,0.054430799867241954,0.5253899767673416,0.4512517809892123,,46,state dependence,all,beta_inc calibrated to share 0.689
53.134525276571665,70.773212143663,24.23682290717318,2.920069697861134,52.405607517995634,56.56771191390466,0.926422613623763,0.6953202787919017,0.061400597411218054,0.5243942914039164,0.4534907388560961,,47,state dependence,all,beta_inc calibrated to share 0.689
50.25322438537567,65.90128209964057,20.033319209512204,3.2895837884093306,49.292596834866494,54.758945785663876,0.9001743208827717,0.6866910056422171,0.058413541320942584,0.5160969133753733,0.44819865662527986,,48,state dependence,all,beta_inc calibrated to share 0.689
52.49015559638655,70.72536513622988,20.35047193243259,3.4753673217531005,52.13276026724998,54.15133011035563,0.9627235408808613,0.698639230003319,0.05642217059409227,0.5330235645536011,0.45593323834724203,,49,state dependence,all,beta_inc calibrated to share 0.689
51.26529712533592,72.66350918282679,24.377647606880345,2.9807432757506205,52.09650216071624,47.94404331283547,1.0866105267923676,0.6873547958845005,0.06704281447062728,0.5214072353136409,0.44880928149806637,,50,state dependence,all,beta_inc calibrated to share 0.689
49.27651241411537,65.55884472089808,21.66709597755932,3.0257328803452745,49.15195307298816,49.79955485320542,0.986995831948173,0.6873547958845005,0.06007301692665118,0.5187520743445071,0.44880928149806637,,51,state dependence,all,beta_inc calibrated to share 0.689
48.09469861571702,64.80838200679015,19.53951141687457,3.3167862094453806,48.09217712043945,48.10517493892771,0.9997298041529884,0.6883504812479256,0.062064387653501495,0.5233986060404912,0.44921636474659066,,52,state dependence,all,beta_inc calibrated to share 0.689
52.23891140516233,71.7426453405095,23.427645243388564,3.06230714163455,52.095823311526296,52.884493437086704,0.9850869305101951,0.6966478592764687,0.062396282774643215,0.5316959840690342,0.4543049053531447,,53,state dependence,all,beta_inc calibrated to share 0.689
51.49043256730561,69.1835227817781,20.317157720772787,3.4051772266867366,53.202410601929564,44.47344866012189,1.1962735565779206,0.6906737470959177,0.058081646199800864,0.5326916694324594,0.45084469774068797,,54,state dependence,all,beta_inc calibrated to share 0.689
50.34108124388619,68.01000677782223,19.116661741792814,3.5576298674124076,51.13444578333176,47.222512698078056,1.082840426350564,0.6860272153999336,0.061732492532359774,0.5190839694656488,0.44819865662527986,,55,state dependence,all,beta_inc calibrated to share 0.689
45.957919341877535,61.982136119427814,19.54971779058754,3.170487512063724,44.65752119522739,51.37658016978793,0.8692194195807589,0.6813806837039496,0.062396282774643215,0.4981745768337205,0.4449419906370853,,56,state dependence,all,beta_inc calibrated to share 0.689
49.83802153182779,65.1741513642942,18.98025279158714,3.433787319902408,49.07474117361293,53.26020400897274,0.9214148178130394,0.6846996349153668,0.05542648523066711,0.5187520743445071,0.4473844901282312,,57,state dependence,all,beta_inc calibrated to share 0.689
51.132187863050774,66.20283133209934,18.104869145261375,3.6566313073534005,51.946368018086844,47.80788359225554,1.086564895052198,0.6900099568536342,0.05542648523066711,0.5290408230999004,0.45003053124363934,,58,state dependence,all,beta_inc calibrated to share 0.689
54.196872631553404,72.37409310041525,22.716564319762746,3.185961225547294,56.32291050107307,45.77172247263721,1.230517609092458,0.6999668104878858,0.058413541320942584,0.5409890474610023,0.4563403215957663,,59,state dependence,all,beta_inc calibrated to share 0.689
48.700731359714496,61.87387165500175,17.018728672223478,3.635634179654502,49.088854208594796,47.058112542920334,1.0431539123848683,0.679721208098241,0.05343511450381679,0.5114503816793893,0.4437207408915123,,60,state dependence,all,beta_inc calibrated to share 0.689
50.08125039121895,67.72697485780648,22.2678451002625,3.0414696416676654,49.94426506231455,50.64092274753373,0.9862431873784703,0.6913375373382011,0.061068702290076333,0.511782276800531,0.4516588642377366,,61,state dependence,all,beta_inc calibrated to share 0.689
48.372200551834105,64.25935953149614,20.805957875905275,3.0885076243431646,48.41625340776732,48.18779627799382,1.0047409748405083,0.6817125788250913,0.0604049120477929,0.5104546963159642,0.4449419906370853,,62,state dependence,all,beta_inc calibrated to share 0.689
57.163869260216934,76.53167249030206,21.518548059266813,3.5565444415448946,57.19402347431834,57.03542788123199,1.002780650535604,0.7022900763358778,0.058081646199800864,0.5310321938267507,0.4575615713413393,,63,state dependence,all,beta_inc calibrated to share 0.689
52.0298539369119,69.11528364674315,21.142859248136812,3.268965792922916,52.53627642008246,49.85442819734206,1.0537935810260357,0.6936608031861932,0.058413541320942584,0.5326916694324594,0.4522694891105231,,64,state dependence,all,beta_inc calibrated to share 0.689
52.011246735237684,68.61800559545702,20.3983641917016,3.3638974650414366,51.92981119108673,52.38287129894646,0.9913509875150954,0.6936608031861932,0.058413541320942584,0.5293727182210421,0.4524730307347853,,65,state dependence,all,beta_inc calibrated to share 0.689
49.39865159206309,64.49340818704181,18.068052249022035,3.5694720879796344,49.42392636349815,49.29026330631181,1.0027117537667773,0.6896780617324926,0.05509459010952539,0.5224029206770661,0.44982698961937717,,66,state dependence,all,beta_inc calibrated to share 0.689
45.77390201247595,62.136997528561196,21.445157799956455,2.897483810013623,45.9051254875306,45.24015623475061,1.0146986506706448,0.6747427812811152,0.06306007301692665,0.5024892134085629,0.440871158151842,,67,state dependence,all,beta_inc calibrated to share 0.689
48.76283893915818,65.8256585803492,22.65540972670198,2.90551613828313,48.59298481245856,49.49388194510215,0.9817978081888412,0.6837039495519416,0.061400597411218054,0.5081314304679722,0.4465703236311826,,68,state dependence,all,beta_inc calibrated to share 0.689
55.86577940139253,72.91833514389408,21.013637228069488,3.470048252593397,54.18029655671144,64.09326398776585,0.8453352690394016,0.6989711251244607,0.05509459010952539,0.5194158645867906,0.4563403215957663,,69,state dependence,all,beta_inc calibrated to share 0.689
47.59868491562445,65.31300333409494,25.349320933951045,2.576518854460493,47.78586316945695,46.83134877432447,1.0203819539713066,0.6837039495519416,0.06637902422834384,0.5127779621639562,0.4465703236311826,,70,state dependence,all,beta_inc calibrated to share 0.689
48.40503931874982,63.32186963593411,22.972011259942274,2.7564791310350953,48.206729717799966,49.25396540729396,0.9787380431030449,0.6870229007633588,0.05675406571523399,0.514105542648523,0.44840219824954203,,71,state dependence,all,beta_inc calibrated to share 0.689
48.4857152240742,65.01851024639663,18.386664641695212,3.5361775239515145,49.12596218909608,45.88118066175267,1.070721404300049,0.677397942250249,0.061068702290076333,0.5147693328908065,0.44229594952167717,,72,state dependence,all,beta_inc calibrated to share 0.689
50.464775059997635,66.61416447704013,18.7828625245482,3.546539532511564,50.24887416847982,51.35936010309682,0.9783781197353735,0.6903418519747759,0.05642217059409227,0.5167607036176568,0.45084469774068797,,73,state dependence,all,beta_inc calibrated to share 0.689
53.60400691196273,69.97478871196049,20.72752432903082,3.3759356689768443,53.464017420668156,54.20751716401828,0.9862841948451452,0.6883504812479256,0.05409890474610023,0.5174244938599403,0.449623447995115,,74,state dependence,all,beta_inc calibrated to share 0.689
51.51926008674268,69.15056095682223,21.106167756829908,3.2763200668887538,50.73838481847492,55.03136897748806,0.9219902350463188,0.6886823763690674,0.061400597411218054,0.5147693328908065,0.449623447995115,,75,state dependence,all,beta_inc calibrated to share 0.689
54.386322988064656,72.59715145513117,20.558964272223523,3.531167742395202,54.29935170144142,54.77767483103925,0.991267918343135,0.6920013275804846,0.057749751078659144,0.5257218718884833,0.45145532261347443,,76,state dependence,all,beta_inc calibrated to share 0.689
48.996183926733124,65.57599003111298,21.267674201002738,3.083364424870735,49.119000490791116,48.45484850364745,1.0137066156979868,0.6853634251576501,0.062396282774643215,0.5170925987387985,0.4473844901282312,,77,state dependence,all,beta_inc calibrated to share 0.689
55.599423917188695,74.51951398963514,26.824683305661477,2.7780202711249697,55.537671744777924,55.85506723931954,0.994317516561538,0.6966478592764687,0.058413541320942584,0.5243942914039164,0.4543049053531447,,78,state dependence,all,beta_inc calibrated to share 0.689
51.312210354559475,68.54951674441958,20.242874437873066,3.386352909257196,52.02881830465369,48.148927111643566,1.080581051868794,0.6920013275804846,0.058413541320942584,0.5303684035844674,0.4512517809892123,,79,state dependence,all,beta_inc calibrated to share 0.689
49.2684118114743,65.87994047432052,21.609023310593262,3.048723652494955,49.93498476377458,46.33014409453427,1.077807672298295,0.6853634251576501,0.06007301692665118,0.5247261865250581,0.4473844901282312,,80,state dependence,all,beta_inc calibrated to share 0.689
53.6973697394626,71.85797785333517,22.08714642937818,3.253384409937024,52.894425265394666,57.398478245397094,0.9215300977014382,0.6969797543976104,0.05609027547295055,0.5247261865250581,0.4545084469774069,,81,state dependence,all,beta_inc calibrated to share 0.689
55.01943360345538,76.3661504281037,27.73954445134121,2.7529706034668275,56.94239298145518,47.35110571655748,1.202556774963417,0.6993030202456024,0.06538333886491869,0.5423166279455692,0.4563403215957663,,82,state dependence,all,beta_inc calibrated to share 0.689
52.84784664059815,70.68947568434587,19.27664776526852,3.667104184562101,52.01973776071902,56.510191473854526,0.9205372766218091,0.6963159641553269,0.057749751078659144,0.5233986060404912,0.45410136372888255,,83,state dependence,all,beta_inc calibrated to share 0.689
54.79691573947531,73.5060279802626,21.88312561683013,3.3590278311855837,55.110884392185056,53.45311045369867,1.0310136103290446,0.700962495851311,0.05741785595751742,0.5316959840690342,0.457154488092815,,84,state dependence,all,beta_inc calibrated to share 0.689
52.0292770533466,69.60025529276123,22.689569432814224,3.067500046611885,51.481956063616266,54.419757050962644,0.9460159113794793,0.6916694324593429,0.05907733156322602,0.5214072353136409,0.4516588642377366,,85,state dependence,all,beta_inc calibrated to share 0.689
49.355723363508645,64.69510403787883,21.111896900168475,3.064390866619028,50.282642499094294,45.59213637907676,1.1028797176999607,0.6890142714902091,0.0570859608363757,0.5257218718884833,0.449623447995115,,86,state dependence,all,beta_inc calibrated to share 0.689
49.96787650987942,67.0580550672545,24.13484667577537,2.778474459278915,49.423160630413776,52.243307350982434,0.9460189857119444,0.6853634251576501,0.06007301692665118,0.5097909060736807,0.4475880317524934,,87,state dependence,all,beta_inc calibrated to share 0.689
58.00185312270133,78.19746801840341,29.09240737897418,2.6878995264901557,58.0319442457459,57.86808179817812,1.0028316550760965,0.7059409226684368,0.058745436442084305,0.5386657816130103,0.45980052920822306,,88,state dependence,all,beta_inc calibrated to share 0.689
52.21480929771084,72.14725912953605,23.87971194445977,3.02127845165547,52.31850200748392,51.78235558015509,1.0103538439169482,0.6939926983073349,0.062064387653501495,0.5233986060404912,0.4528801139833096,,89,state dependence,all,beta_inc calibrated to share 0.689
53.98517981461498,73.03468811357227,21.892636129157125,3.3360390079430853,55.543776294639315,47.197688526826575,1.1768325532100776,0.6979754397610355,0.058413541320942584,0.5419847328244275,0.45491553022593123,,90,state dependence,all,beta_inc calibrated to share 0.689
53.10605621769695,71.18144400335524,20.72136263032101,3.4351719659206843,51.90744233131146,58.36428176636069,0.8893700181063352,0.6886823763690674,0.05907733156322602,0.514105542648523,0.44982698961937717,,91,state dependence,all,beta_inc calibrated to share 0.689
57.92497188744718,79.44334698895865,25.344554556366003,3.134533172097286,57.719704574440954,58.84177408494572,0.980930732834722,0.706936608031862,0.06007301692665118,0.5386657816130103,0.4604111540810096,,92,state dependence,all,beta_inc calibrated to share 0.689
50.99521322584258,67.77415707512377,20.445778119662304,3.3148240521081807,51.39274323376423,49.212772557409195,1.0442968474050507,0.697311649518752,0.058413541320942584,0.5360106206438765,0.4545084469774069,,93,state dependence,all,beta_inc calibrated to share 0.689
51.42824811454114,69.30949305763309,23.360122320482073,2.9670004337632587,52.34437864935501,47.55465340009042,1.1007204323195734,0.692665117822768,0.061068702290076333,0.5350149352804514,0.4516588642377366,,94,state dependence,all,beta_inc calibrated to share 0.689
54.72940492132576,73.24013988136618,25.078994929350262,2.9203777937548976,55.938298578877344,49.504860247861586,1.1299556911948592,0.7016262860935945,0.058081646199800864,0.5506140059741121,0.4575615713413393,,95,state dependence,all,beta_inc calibrated to share 0.689
48.884943338577955,62.27391218300723,17.402965951071685,3.5783505155437236,48.30858629719336,51.22620747251036,0.9430443649984689,0.6803849983405243,0.05277132426153336,0.5054762694988384,0.44412782414003665,,96,state dependence,all,beta_inc calibrated to share 0.689
52.26266388603663,68.64178205387866,21.844396615995535,3.1423061602725064,53.102095596830395,48.890388559435394,1.0861459105049835,0.6936608031861932,0.05609027547295055,0.5230667109193495,0.4522694891105231,,97,state dependence,all,beta_inc calibrated to share 0.689
55.23844916142622,75.42460618199087,23.67324518502888,3.1860695731605864,55.14123880856395,55.65247026032825,0.9908138587672228,0.7006306007301693,0.058413541320942584,0.530700298705609,0.45674740484429066,,98,state dependence,all,beta_inc calibrated to share 0.689
49.27842323031161,64.49788495515209,19.764981336795675,3.2632403671982706,49.6037512471619,47.8856997690975,1.0358781742012493,0.6856953202787919,0.05509459010952539,0.5243942914039164,0.4479951150010177,,99,state dependence,all,beta_inc calibrated to share 0.689
40.85191507699481,54.545259203599436,18.616181991728386,2.9299917258992845,40.412498610125944,42.494684200097566,0.9510012692371804,0.6558247593760371,0.06306007301692665,0.48091603053435117,0.4292692855688988,,0,state dependence,all,"beta ~ N(beta_hat, V_cluster)"
36.72752442101647,47.48026752239872,17.38300120516407,2.731419446044419,35.46834481084737,41.27419046598637,0.8593347176627597,0.641885164288085,0.06339196813806837,0.45137736475273815,0.42072053734988807,,1,state dependence,all,"beta ~ N(beta_hat, V_cluster)"
50.55471881460316,66.28259516672487,19.36137595749772,3.4234444551993137,50.49151551091503,50.81399373188258,0.9936537517072739,0.6853634251576501,0.058081646199800864,0.5157650182542317,0.4473844901282312,,2,state dependence,all,"beta ~ N(beta_hat, V_cluster)"
36.90867350795637,51.31064697476458,19.9263880167278,2.575009928125977,36.5028879876459,38.49849817741053,0.948163947056626,0.650182542316628,0.06936608031861932,0.4752738134749419,0.4258090779564421,,3,state dependence,all,"beta ~ N(beta_hat, V_cluster)"
41.218943879438065,55.557046848996634,19.94415176816627,2.78563097066247,42.02511437145389,38.25685878517399,1.0984988236342144,0.6608031861931629,0.06471954862263525,0.4958513109857285,0.43252595155709345,,4,state dependence,all,"beta ~ N(beta_hat, V_cluster)"
42.14141852298638,56.98759145769933,21.5420320847525,2.6454139160824703,41.84494115301361,43.29675734448364,0.9664682465728579,0.6611350813143047,0.06538333886491869,0.4852306671091935,0.4323224099328313,,5,state dependence,all,"beta ~ N(beta_hat, V_cluster)"
40.48064667325466,53.14509551028241,17.596798455903553,3.020157083884356,40.22737160034115,41.45355532359897,0.9704203001724252,0.6551609691337538,0.05974112180550946,0.4815798207766346,0.42886220232037453,,6,state dependence,all,"beta ~ N(beta_hat, V_cluster)"
37.65282053860983,50.36833430670659,17.08106262633165,2.948782251348946,37.807823097153445,37.09289879541165,1.0192738859716792,0.6495187520743445,0.06405575838035181,0.47626949883836706,0.4254019947079178,,7,state dependence,all,"beta ~ N(beta_hat, V_cluster)"
43.6292236299041,58.42369926314889,19.1048123030251,3.058061934159801,43.759438968895104,43.10928102408301,1.0150816234779902,0.6730833056754065,0.06073680716893462,0.5044805841354132,0.44026053327905557,,8,state dependence,all,"beta ~ N(beta_hat, V_cluster)"
35.925364653340196,47.47077741951193,16.67259955461796,2.8472331062712724,35.90855014856691,35.99074855017004,0.9977161241453885,0.6511782276800531,0.06405575838035181,0.4795884500497843,0.4262161612049664,,9,state dependence,all,"beta ~ N(beta_hat, V_cluster)"
43.38194348266987,55.544098770342465,16.65064375498657,3.3358529308338603,43.75093725313351,41.94996752475209,1.042931373601631,0.6697643544639894,0.05343511450381679,0.5008297378028543,0.43822511703643396,,10,state dependence,all,"beta ~ N(beta_hat, V_cluster)"
49.15151966894169,67.42475783721456,22.675680965694166,2.9734391632701507,49.38506036294578,48.18881863821797,1.0248240516894325,0.678393627613674,0.06604712910720212,0.5121141719216727,0.4429065743944637,,11,state dependence,all,"beta ~ N(beta_hat, V_cluster)"
36.45426364342892,49.151574794433124,17.29636263936553,2.8417289703770985,36.41088139910215,36.61769489568612,0.994352088596152,0.6505144374377697,0.06671091934948556,0.4769332890806505,0.4262161612049664,,12,state dependence,all,"beta ~ N(beta_hat, V_cluster)"
33.24101655416492,43.742886129351994,16.899406426190904,2.588427369943523,33.2534805441766,33.196252129343456,1.0017239420465345,0.641885164288085,0.06272817789578493,0.4643212744772652,0.42072053734988807,,13,state dependence,all,"beta ~ N(beta_hat, V_cluster)"
49.72000943293914,68.46442304773815,26.45323229982403,2.588130715814021,48.952185363117714,52.812838904514486,0.9268993369514404,0.6840358446730833,0.06438765350149353,0.5001659475605709,0.4465703236311826,,14,state dependence,all,"beta ~ N(beta_hat, V_cluster)"
41.7240558236612,55.864235083226085,18.381239560075322,3.039198466493256,42.39582550525799,39.20245592819142,1.0814584061497572,0.6621307666777299,0.061068702290076333,0.49651510122801196,0.43293303480561773,,15,state dependence,all,"beta ~ N(beta_hat, V_cluster)"
41.8384718043364,54.439066802342886,17.704856363053647,3.0748098536368755,41.631258736640454,42.65567171126864,0.9759841321556879,0.6614669764354464,0.05741785595751742,0.4888815134417524,0.43252595155709345,,16,state dependence,all,"beta ~ N(beta_hat, V_cluster)"
48.80030642363929,63.15950416514823,22.601293937201216,2.794508329507149,47.983829258182986,52.076584244906755,0.9214089202264825,0.677397942250249,0.05907733156322602,0.49983405243942913,0.4429065743944637,,17,state dependence,all,"beta ~ N(beta_hat, V_cluster)"
45.150307660220754,59.041326979590025,19.77126382910227,2.986219165852426,46.19539101062592,41.205943478779325,1.1210856277181498,0.6584799203451709,0.05940922668436774,0.49717889147029537,0.4311011601872583,,18,state dependence,all,"beta ~ N(beta_hat, V_cluster)"
37.85328395784873,50.930519770678885,17.53792619531437,2.9040217870392255,37.72546695521545,38.343898672269205,0.9838714439984424,0.65250580816462,0.06405575838035181,0.47626949883836706,0.42764095257480156,,19,state dependence,all,"beta ~ N(beta_hat, V_cluster)"
42.24476196550534,56.3028937506152,19.396437795469726,2.9027440164175617,42.40953598233558,41.63720154038957,1.0185491438755032,0.6498506471954862,0.06272817789578493,0.47792897444407567,0.4254019947079178,,20,state dependence,all,"beta ~ N(beta_hat, V_cluster)"
37.65525792407541,49.38147224301384,19.981549875729957,2.471353451065059,37.61082933217892,37.82184869992181,0.9944207019223965,0.650182542316628,0.061732492532359774,0.48091603053435117,0.42662324445349076,,21,state dependence,all,"beta ~ N(beta_hat, V_cluster)"
43.371300280436024,57.94527387926945,20.784247649783623,2.7879418517163743,43.632001588803384,42.331689944265854,1.0307172155481987,0.6614669764354464,0.061400597411218054,0.4938599402588782,0.43272949318135556,,22,state dependence,all,"beta ~ N(beta_hat, V_cluster)"
45.936450975446476,60.65283035242591,19.052820278520475,3.183404318404447,46.58453307058764,43.26866868694337,1.0766343057059404,0.6707600398274145,0.06073680716893462,0.5137736475273813,0.43822511703643396,,23,state dependence,all,"beta ~ N(beta_hat, V_cluster)"
43.31707317911307,58.44386713760661,17.093497336659656,3.4190701871327804,42.49242320668132,46.64711016254542,0.9109336689585534,0.671423830069698,0.061400597411218054,0.4958513109857285,0.4388357419092204,,24,state dependence,all,"beta ~ N(beta_hat, V_cluster)"
45.48024536056566,59.196753600005685,19.40505797641416,3.050583702040791,45.03687492381869,47.287428566769925,0.9524069353914338,0.6734152007965483,0.058081646199800864,0.4991702621971457,0.44026053327905557,,25,state dependence,all,"beta ~ N(beta_hat, V_cluster)"
46.574949682735294,61.82915238805976,21.10851441879854,2.9291096076849814,47.49859117765887,42.93226542243615,1.1063611647391982,0.6727514105542649,0.061068702290076333,0.5124460670428145,0.4398534500305312,,26,state dependence,all,"beta ~ N(beta_hat, V_cluster)"
49.506109277597766,69.68879784502805,27.380738350087555,2.5451759902889983,49.42196510699766,49.857286795174026,0.9912686446423614,0.6777298373713906,0.06770660471291072,0.4981745768337205,0.44249949114593934,,27,state dependence,all,"beta ~ N(beta_hat, V_cluster)"
45.714776217970496,61.37542651477766,24.265498301245138,2.529328916011928,46.03204744991725,44.476058658331006,1.0349848623849403,0.6684367739794225,0.06538333886491869,0.498838367076004,0.437003867290861,,28,state dependence,all,"beta ~ N(beta_hat, V_cluster)"
41.432853929801944,54.71141144286001,20.99287685843048,2.6061893189683807,40.770989103903176,44.02311894195558,0.9261267734723583,0.6551609691337538,0.06306007301692665,0.482243611018918,0.42865866069611236,,29,state dependence,all,"beta ~ N(beta_hat, V_cluster)"
44.176285569893494,59.53792698191994,20.104699260189935,2.961393563335374,44.0516103574559,44.677812023454365,0.9859840570153763,0.6734152007965483,0.061068702290076333,0.5018254231662794,0.4400569916547934,,30,state dependence,all,"beta ~ N(beta_hat, V_cluster)"
34.115398982535076,45.537499542928295,15.004990158720165,3.034823686069806,34.26003937466636,33.6170710663334,1.019126244135435,0.6382343179555261,0.06438765350149353,0.458679057417856,0.4182780378587421,,31,state dependence,all,"beta ~ N(beta_hat, V_cluster)"
35.013832849147946,46.8044918205266,17.800171445045233,2.629440506515732,34.89366579179105,35.43214158310879,0.9848026179830337,0.644208430136077,0.06637902422834384,0.4679721208098241,0.42194178709546104,,32,state dependence,all,"beta ~ N(beta_hat, V_cluster)"
44.35643191064669,60.65279915966987,23.567067517127043,2.5736252130474564,44.232146280572984,44.83744368854903,0.9865001802471037,0.6684367739794225,0.06538333886491869,0.4961832061068702,0.4368003256665988,,33,state dependence,all,"beta ~ N(beta_hat, V_cluster)"
39.061667883227464,51.242714261958774,17.404964522033428,2.9441435630098067,38.37097597305775,41.966779792803045,0.9143178524180704,0.6528377032857617,0.061068702290076333,0.4785927646863591,0.4274374109505394,,34,state dependence,all,"beta ~ N(beta_hat, V_cluster)"
47.59262665400807,63.98950912640465,21.56790560510972,2.9668856261706145,46.92503007967517,50.23643144038767,0.9340836666584902,0.6787255227348158,0.06073680716893462,0.4955194158645868,0.44331365764298797,,35,state dependence,all,"beta ~ N(beta_hat, V_cluster)"
39.4347384642643,52.53740934307799,19.342454237500352,2.7161707970450113,39.628476392826556,38.72852799987349,1.0232373508478299,0.6594756057085961,0.06339196813806837,0.48622635247261864,0.43171178506004476,,36,state dependence,all,"beta ~ N(beta_hat, V_cluster)"
39.430539104486314,51.340141702899736,16.150456101439225,3.1788663664009236,40.165022953601316,36.745859080385216,1.0930489573188733,0.6598075008297378,0.061400597411218054,0.4938599402588782,0.43171178506004476,,37,state dependence,all,"beta ~ N(beta_hat, V_cluster)"
41.239145401598805,56.39366292582327,19.770141715043113,2.852466296835561,41.566413102816924,40.10034580899383,1.0365599663605465,0.6624626617988716,0.06538333886491869,0.48622635247261864,0.4331365764298799,,38,state dependence,all,"beta ~ N(beta_hat, V_cluster)"
38.80309173120809,52.806490919306135,19.70230141252442,2.680219422779612,38.983152015712164,38.15881452639518,1.0216028065742653,0.6644540325257219,0.06936608031861932,0.488217723199469,0.4351719926725015,,39,state dependence,all,"beta ~ N(beta_hat, V_cluster)"
37.20751099958542,48.397906114745425,13.995823254480502,3.458024957499498,37.15807780546281,37.38244366697789,0.9939980953756301,0.6481911715897777,0.061732492532359774,0.47427812811151676,0.4245878282108691,,40,state dependence,all,"beta ~ N(beta_hat, V_cluster)"
42.13415322808317,56.120964394402975,19.26750935389233,2.912725426188294,41.706013270238145,43.91299323782119,0.9497419828425125,0.6617988715565881,0.06306007301692665,0.490540989047461,0.4331365764298799,,41,state dependence,all,"beta ~ N(beta_hat, V_cluster)"
39.575242224494545,52.32287995268235,21.24472804813116,2.4628641907837956,39.67857847143214,39.20179156220052,1.0121623754994746,0.6531695984069035,0.061732492532359774,0.4782608695652174,0.42764095257480156,,42,state dependence,all,"beta ~ N(beta_hat, V_cluster)"
44.60442733169602,59.92620336300857,20.0812635588512,2.9841848939129605,42.275282154127524,55.44766681375586,0.7624357269373788,0.6790574178559575,0.061400597411218054,0.4951875207434451,0.44331365764298797,,43,state dependence,all,"beta ~ N(beta_hat, V_cluster)"
49.16320232371784,67.09625454336468,26.889306480523288,2.4952764993014775,47.25636722118214,57.19897007793953,0.8261751419088567,0.6886823763690674,0.061732492532359774,0.5048124792565549,0.44941990637085283,,44,state dependence,all,"beta ~ N(beta_hat, V_cluster)"
49.91483622465911,69.24260728204351,23.51279169587921,2.944890941817802,48.72392290936676,55.31428076130669,0.8808561232066132,0.6860272153999336,0.06405575838035181,0.5114503816793893,0.4479951150010177,,45,state dependence,all,"beta ~ N(beta_hat, V_cluster)"
47.87990327110013,62.57466103806155,18.53496963741127,3.3760325623495975,47.94465243183704,47.624436582205114,1.0067237719249276,0.679721208098241,0.05675406571523399,0.5087952207102555,0.4439242825157745,,46,state dependence,all,"beta ~ N(beta_hat, V_cluster)"
41.81048878896908,55.94024498874242,21.113513844944464,2.649499529048646,41.05349811349367,44.68192375055799,0.9187943281645519,0.6581480252240292,0.06073680716893462,0.4759376037172254,0.4304905353144718,,47,state dependence,all,"beta ~ N(beta_hat, V_cluster)"
44.744325085595946,61.21016856823986,22.662605552545912,2.70093253074175,45.74369650502493,40.91993419067215,1.1178829440896896,0.6710919349485562,0.06505144374377697,0.5024892134085629,0.4388357419092204,,48,state dependence,all,"beta ~ N(beta_hat, V_cluster)"
43.7569726101008,59.61935631931876,20.69146204604796,2.8813505873407323,43.77724663448565,43.67580681212159,1.0023225632167578,0.6664454032525722,0.06637902422834384,0.4951875207434451,0.4359861591695502,,49,state dependence,all,"beta ~ N(beta_hat, V_cluster)"
37.05206756253999,49.16616629414716,18.199034538336253,2.701581020167782,36.753912756899574,38.11591220760482,0.9642669066061732,0.650182542316628,0.06538333886491869,0.47129107202124126,0.42560553633217996,,50,state dependence,all,"beta ~ N(beta_hat, V_cluster)"
44.25409759635772,60.503626303184724,22.8659815928949,2.6460104525748807,44.003931940654304,45.2572202897331,0.9723074386571834,0.671423830069698,0.067374709591769,0.49784268171257884,0.43863220028495825,,51,state dependence,all,"beta ~ N(beta_hat, V_cluster)"
39.243958842669336,50.89085498681096,16.824687533886124,3.024772667207824,38.865747493544404,40.71481521376698,0.9545848922434172,0.6598075008297378,0.058081646199800864,0.4835711915034849,0.4321188683085691,,52,state dependence,all,"beta ~ N(beta_hat, V_cluster)"
43.82651149107491,57.118088720078205,18.885412895668672,3.024455384461206,43.889569144615,43.58166713769395,1.0070649432925145,0.6700962495851311,0.058413541320942584,0.4991702621971457,0.4380215754121718,,53,state dependence,all,"beta ~ N(beta_hat, V_cluster)"
40.67673572812815,54.184974536294014,20.320824783377684,2.6664751610189072,41.226260637469245,38.6233386036302,1.0673924660048522,0.6624626617988716,0.06372386325921009,0.49352804513773646,0.43354365967840425,,54,state dependence,all,"beta ~ N(beta_hat, V_cluster)"
45.51488274005955,59.37250961657302,17.639722946840077,3.365841390791731,45.82445486712913,44.35743509569486,1.0330726916078303,0.6651178227680054,0.05940922668436774,0.49352804513773646,0.4347649094239772,,55,state dependence,all,"beta ~ N(beta_hat, V_cluster)"
44.12222260963997,57.9993827036299,21.826344269238152,2.6573109077810018,43.94369656882426,44.81753157988376,0.9805023842176145,0.6710919349485562,0.0604049120477929,0.4945237305011616,0.43863220028495825,,56,state dependence,all,"beta ~ N(beta_hat, V_cluster)"
47.02970504764545,62.389638645920435,25.016761800039706,2.493913446696423,47.48149165069207,45.18326148774927,1.0508646363115228,0.6787255227348158,0.05940922668436774,0.5164288084965151,0.44311011601872585,,57,state dependence,all,"beta ~ N(beta_hat, V_cluster)"
47.656115823110774,63.54877618574339,21.003177919711817,3.0256743255077536,46.815241526372546,51.16944696438209,0.9149061462196296,0.6780617324925323,0.057749751078659144,0.49419183538001993,0.44311011601872585,,58,state dependence,all,"beta ~ N(beta_hat, V_cluster)"
49.379449631913914,66.94905353027285,18.615971679177072,3.596323344494493,48.933804469284595,51.305772002075706,0.9537680179006928,0.6840358446730833,0.061732492532359774,0.5114503816793893,0.4469774068797069,,59,state dependence,all,"beta ~ N(beta_hat, V_cluster)"
41.534203822209996,54.3085720241176,15.712190673617622,3.456460855920445,40.80883423463659,44.55700419757,0.9158792196550364,0.6707600398274145,0.058081646199800864,0.49651510122801196,0.43822511703643396,,60,state dependence,all,"beta ~ N(beta_hat, V_cluster)"
36.47431540468743,49.752138887732194,19.459288032785444,2.556729660607761,36.868327796041974,35.03974560519999,1.0521859436836383,0.648854961832061,0.07036176568204447,0.4769332890806505,0.4251984530836556,,61,state dependence,all,"beta ~ N(beta_hat, V_cluster)"
38.36907114564579,49.72983634900245,16.606247597752493,2.9946462050663953,38.77509250464986,36.791091577286565,1.0539261229364596,0.6521739130434783,0.05940922668436774,0.490540989047461,0.42703032770201504,,62,state dependence,all,"beta ~ N(beta_hat, V_cluster)"
45.33677661814074,60.82890889343739,19.972903722413175,3.045571627383176,45.31074220519572,45.441792558469174,0.9971160831055503,0.6837039495519416,0.06007301692665118,0.5107865914371059,0.4463667820069204,,63,state dependence,all,"beta ~ N(beta_hat, V_cluster)"
53.54605176255251,72.20719176267342,22.74544473601987,3.174578145237385,53.43559184446204,54.005760880393495,0.9894424404612275,0.6890142714902091,0.057749751078659144,0.5187520743445071,0.44982698961937717,,64,state dependence,all,"beta ~ N(beta_hat, V_cluster)"
42.759669713360125,57.254002852635324,20.97385261299077,2.7297799745752664,42.20553854655958,45.151048089611756,0.9347632077730246,0.6744108861599735,0.06306007301692665,0.5024892134085629,0.44046407490331774,,65,state dependence,all,"beta ~ N(beta_hat, V_cluster)"
35.95759889023354,48.51311813887725,19.418231573728608,2.4983283341059654,35.00460886774576,39.33395780022708,0.8899335542466988,0.6452041154995022,0.06770660471291072,0.4540325257218719,0.42295949521677184,,66,state dependence,all,"beta ~ N(beta_hat, V_cluster)"
46.37431333330615,64.63788584994792,23.914622988183808,2.7028603328551504,47.34659845827762,42.847048487052085,1.1050142338879012,0.6767341520079655,0.06604712910720212,0.5018254231662794,0.4418888662731529,,67,state dependence,all,"beta ~ N(beta_hat, V_cluster)"
41.42581526562289,54.232590174296604,19.49923546167199,2.781267515892972,41.325447551384755,41.80861289388235,0.988443401752554,0.6614669764354464,0.05940922668436774,0.490540989047461,0.43293303480561773,,68,state dependence,all,"beta ~ N(beta_hat, V_cluster)"
39.52601352776924,52.197453880629986,17.28944361421305,3.0190360687905704,38.93949926057673,41.85828520268049,0.930269815689515,0.6531695984069035,0.06372386325921009,0.4759376037172254,0.42804803582332585,,69,state dependence,all,"beta ~ N(beta_hat, V_cluster)"
35.763613587706864,48.25863619835129,18.551465876688336,2.6013381648181673,35.441239585239806,36.95460419424386,0.959048009253478,0.6471954862263525,0.067374709591769,0.47129107202124126,0.42397720333808264,,70,state dependence,all,"beta ~ N(beta_hat, V_cluster)"
34.7413110857995,47.7265005699908,18.825860604824438,2.535156377273934,34.885901756785685,34.23709537264497,1.0189503921719687,0.6385662130766677,0.07069366080318619,0.4629936939926983,0.4188886627315286,,71,state dependence,all,"beta ~ N(beta_hat, V_cluster)"
45.46109114466704,60.45599124449036,21.768390567240814,2.777237529699159,45.64308355668966,44.76825137727221,1.0195413524652783,0.677397942250249,0.0604049120477929,0.5021573182874212,0.44249949114593934,,72,state dependence,all,"beta ~ N(beta_hat, V_cluster)"
44.114154470082696,56.849584114834634,17.52154618164873,3.2445529364512535,43.689759194396814,45.86404835975275,0.9525927334564747,0.6704281447062728,0.05675406571523399,0.4955194158645868,0.43822511703643396,,73,state dependence,all,"beta ~ N(beta_hat, V_cluster)"
37.17928387977768,51.01689713897566,19.096516601946785,2.671528960091851,36.62073842255887,39.27943597190937,0.9323132452499607,0.6558247593760371,0.06936608031861932,0.47195486226352473,0.4292692855688988,,74,state dependence,all,"beta ~ N(beta_hat, V_cluster)"
37.10304124976488,48.91743172829046,16.80246515078971,2.911324694876177,37.882137002496556,34.35588801474038,1.1026388544008305,0.6518420179223365,0.061400597411218054,0.4845668768669101,0.42703032770201504,,75,state dependence,all,"beta ~ N(beta_hat, V_cluster)"
42.78345182253214,56.647222711523675,18.772384859518333,3.0175826425592014,42.87389900824536,42.445075622696635,1.0101030185305977,0.6710919349485562,0.058745436442084305,0.49717889147029537,0.4388357419092204,,76,state dependence,all,"beta ~ N(beta_hat, V_cluster)"
44.35755614275425,58.91724454738226,20.273675851498943,2.906095815033276,44.12124712276874,45.25043303673852,0.9750458539688891,0.6608031861931629,0.057749751078659144,0.48622635247261864,0.4321188683085691,,77,state dependence,all,"beta ~ N(beta_hat, V_cluster)"
37.1891769557487,48.593792913559525,16.704414849258495,2.9090389188769814,36.1582810448733,41.1435911233145,0.8788314305501587,0.65250580816462,0.061732492532359774,0.4709591769000996,0.4274374109505394,,78,state dependence,all,"beta ~ N(beta_hat, V_cluster)"
48.166549865385555,64.03687262715738,22.942474986632828,2.7911928710598026,48.27038046987723,47.73996930750112,1.011110421101439,0.6740789910388317,0.061068702290076333,0.5021573182874212,0.44026053327905557,,79,state dependence,all,"beta ~ N(beta_hat, V_cluster)"
42.947313444566404,56.32827313149641,18.470213255057725,3.0496817959625857,42.368508416437024,45.37633972131191,0.9337136639193884,0.671423830069698,0.05675406571523399,0.4961832061068702,0.4388357419092204,,80,state dependence,all,"beta ~ N(beta_hat, V_cluster)"
41.21064212816014,53.85307421727155,19.130274222458844,2.815070688011796,40.858968901507154,42.5594445623902,0.9600446932903405,0.6535014935280451,0.061732492532359774,0.48124792565549285,0.42784449419906373,,81,state dependence,all,"beta ~ N(beta_hat, V_cluster)"
40.34745810292769,53.730892993895765,21.081685974383582,2.5486999976749645,40.88279699645881,38.43020635662163,1.0638193460914005,0.6521739130434783,0.06471954862263525,0.4845668768669101,0.4268267860777529,,82,state dependence,all,"beta ~ N(beta_hat, V_cluster)"
40.48331403952716,54.335809917571005,18.262758825757267,2.9752246325969853,39.8159909956716,43.25027342114635,0.9205951279883555,0.6637902422834384,0.06471954862263525,0.48257550614005973,0.4341542845511907,,83,state dependence,all,"beta ~ N(beta_hat, V_cluster)"
37.22563101877687,50.35244437581553,19.04596857409743,2.6437324087731087,35.96682509275363,41.96849708006263,0.8569957848178431,0.6491868569532028,0.06671091934948556,0.46067042814470627,0.4258090779564421,,84,state dependence,all,"beta ~ N(beta_hat, V_cluster)"
49.49506602279919,65.85696491900781,21.852288849066067,3.013733040684314,50.756397587619354,44.46274467737178,1.1415489069762843,0.682044473946233,0.05940922668436774,0.5217391304347826,0.4453490738856096,,85,state dependence,all,"beta ~ N(beta_hat, V_cluster)"
39.17185285092392,52.671509980076735,19.26511160772437,2.7340360675075472,39.177180170614655,39.152404685271094,1.0006327960068537,0.6568204447394623,0.06471954862263525,0.47992034517092597,0.4302869936902097,,86,state dependence,all,"beta ~ N(beta_hat, V_cluster)"
37.25352482084797,50.28622991944845,19.163744916119093,2.6240293919353666,37.82423572376823,35.26514249323968,1.0725672165090254,0.6521739130434783,0.06704281447062728,0.47925655492864255,0.42703032770201504,,87,state dependence,all,"beta ~ N(beta_hat, V_cluster)"
39.61965634486319,52.536783688310926,18.44062802953425,2.8489693303378147,39.86902347683494,38.68246616624518,1.0306742932441357,0.6621307666777299,0.06538333886491869,0.49153667441088617,0.43293303480561773,,88,state dependence,all,"beta ~ N(beta_hat, V_cluster)"
46.662679113746975,62.597147343496914,20.417428341710295,3.0658683501104123,46.9027667600204,45.72093431028798,1.0258488254354523,0.6754065715233986,0.06007301692665118,0.5091271158313972,0.4416853246488907,,89,state dependence,all,"beta ~ N(beta_hat, V_cluster)"
39.668278378899714,54.27570499006629,20.779246719072,2.612015041924015,41.553111631403574,33.350114845843564,1.2459660730848232,0.6578161301028875,0.06637902422834384,0.4981745768337205,0.43069407693873396,,90,state dependence,all,"beta ~ N(beta_hat, V_cluster)"
47.89570556947194,65.28632581323986,24.132144786640826,2.7053677321454384,48.09018032217714,47.1332181959993,1.0203033478893464,0.676070361765682,0.06372386325921009,0.5028211085297046,0.44148178302462854,,91,state dependence,all,"beta ~ N(beta_hat, V_cluster)"
39.77967675459365,54.20333160333481,20.79824622617465,2.6061491442061957,41.360664242609126,33.97891165511302,1.2172451155122659,0.6578161301028875,0.06770660471291072,0.4938599402588782,0.4302869936902097,,92,state dependence,all,"beta ~ N(beta_hat, V_cluster)"
39.353097105293116,52.71291272464,18.779468604787738,2.8069437870676004,38.38688803688693,43.408630307712286,0.8843146573566696,0.6674410886159974,0.06505144374377697,0.4888815134417524,0.43659678404233665,,93,state dependence,all,"beta ~ N(beta_hat, V_cluster)"
50.58819203006988,69.35800707456173,21.857770345816345,3.1731510569117627,50.46391276941947,51.09272741493668,0.987692678051605,0.6817125788250913,0.062064387653501495,0.5121141719216727,0.4453490738856096,,94,state dependence,all,"beta ~ N(beta_hat, V_cluster)"
35.295633321534446,45.09235083709953,13.706098460320618,3.2899479722579428,35.075174134046044,36.16201065522552,0.9699453514479172,0.6541652837703286,0.05741785595751742,0.48091603053435117,0.4284551190718502,,95,state dependence,all,"beta ~ N(beta_hat, V_cluster)"
42.08535458585119,57.254753845363936,22.296394334991433,2.5678929509920656,42.69248650695955,39.894760958860545,1.070127642849747,0.6641221374045801,0.06505144374377697,0.49352804513773646,0.4347649094239772,,96,state dependence,all,"beta ~ N(beta_hat, V_cluster)"
41.23967940932657,54.91956938601259,20.985500014067828,2.617024581220211,40.48993482990616,44.22394155398194,0.9155659447605351,0.6598075008297378,0.06339196813806837,0.48290740126120146,0.4321188683085691,,97,state dependence,all,"beta ~ N(beta_hat, V_cluster)"
41.4646588597409,56.557193427661055,19.30830876173226,2.9291635080827754,41.37337453717328,41.8048920424965,0.9896778227561366,0.6515101228011948,0.06505144374377697,0.47992034517092597,0.4264197028292286,,98,state dependence,all,"beta ~ N(beta_hat, V_cluster)"
48.97149247250532,65.85116201970907,24.7253286566875,2.663307854631821,48.45342683580731,51.29211540705866,0.9446564340596353,0.6846996349153668,0.06073680716893462,0.511782276800531,0.4473844901282312,,99,state dependence,all,"beta ~ N(beta_hat, V_cluster)"
46.03607081898629,66.9145684724603,27.942742582278992,2.394702963584428,46.54268941595615,44.01532967151509,1.0574199889743563,0.6837039495519416,0.06969797543976104,0.5240623962827746,0.44616324038265825,,0,state dependence,all,all covariates recomputed
41.49055667146452,58.7434180139431,24.6186178282791,2.386137939330829,42.66409027250712,37.03569451485757,1.1519721941596537,0.6707600398274145,0.07036176568204447,0.5134417524062397,0.43822511703643396,,1,state dependence,all,all covariates recomputed
43.27540873087258,59.99595346016493,21.988305756672574,2.728539166413881,43.51503288028852,42.26639778461191,1.0295420277365395,0.6691005642217059,0.06704281447062728,0.5081314304679722,0.4374109505393853,,2,state dependence,all,all covariates recomputed
40.835637587183605,55.53061008613516,21.287240927147202,2.6086335132007674,39.753445960609284,45.586638918993835,0.8720416091927732,0.6717557251908397,0.06372386325921009,0.5097909060736807,0.4396499084062691,,3,state dependence,all,all covariates recomputed
42.622846483536605,61.58081237553274,26.50077919840039,2.323735914121718,42.79644134329453,41.94752755779141,1.0202375166053248,0.6780617324925323,0.07069366080318619,0.5134417524062397,0.4429065743944637,,4,state dependence,all,all covariates recomputed
41.82166274015508,61.4281735524894,28.973840583593315,2.1201253377252867,41.03474163970712,45.00997421886958,0.9116810740696688,0.6710919349485562,0.07268503153003651,0.49784268171257884,0.43842865866069614,,5,state dependence,all,all covariates recomputed
41.56800119797594,59.6444769100754,27.08965838563779,2.201743412965935,42.349892981788834,38.492055940161706,1.1002242397138875,0.6720876203119814,0.07368071689346167,0.514105542648523,0.43944636678200694,,6,state dependence,all,all covariates recomputed
41.15606692398804,57.38403989675358,23.538466582106306,2.437883525529922,40.9511701325558,41.98829634740901,0.9752996357301074,0.6691005642217059,0.06637902422834384,0.5087952207102555,0.4374109505393853,,7,state dependence,all,all covariates recomputed
40.1859526047268,57.46637494097147,27.402873341813677,2.0970930392647658,40.03622017692799,40.75744789829074,0.9823043944468123,0.6644540325257219,0.07135745104546963,0.49651510122801196,0.43456136779971505,,8,state dependence,all,all covariates recomputed
40.72103405786588,58.00073800262559,23.869620502760952,2.4298977855938997,41.29948074609493,38.60427299190566,1.0698163064683122,0.6564885496183206,0.07069366080318619,0.4958513109857285,0.42987991044168533,,9,state dependence,all,all covariates recomputed
42.69345262133252,60.418956068565,27.605077872253073,2.1886899340825416,41.79124507263443,46.65037525664366,0.8958394191412808,0.6700962495851311,0.06837039495519416,0.5014935280451377,0.43822511703643396,,10,state dependence,all,all covariates recomputed
39.586646963123584,54.84469778163779,19.99655517400156,2.742707296551953,39.89121297427632,38.32799059131374,1.0407853988389584,0.6661135081314304,0.06571523398606041,0.5111184865582475,0.43557907592102585,,11,state dependence,all,all covariates recomputed
41.949585919263654,60.12356261317083,23.262361062272877,2.5845855651634526,41.24035138641169,44.973799829453256,0.9169861462184803,0.6720876203119814,0.07036176568204447,0.5054762694988384,0.43944636678200694,,12,state dependence,all,all covariates recomputed
46.6756138641816,64.9495635740037,24.87122090320438,2.611434469854903,46.99453473605857,45.31737836202728,1.0370091217685404,0.6744108861599735,0.06505144374377697,0.5170925987387985,0.44046407490331774,,13,state dependence,all,all covariates recomputed
44.079388087059726,59.947951290099645,22.27274149786524,2.691538951136547,44.463910698699856,42.50051757309639,1.0461969227133914,0.671423830069698,0.062396282774643215,0.5124460670428145,0.4388357419092204,,14,state dependence,all,all covariates recomputed
45.12253887637913,65.31145332805887,28.246287849296383,2.3122136854413524,44.242456714436415,48.97161335027446,0.9034306547752007,0.6707600398274145,0.07301692665117823,0.5004978426817126,0.43822511703643396,,15,state dependence,all,all covariates recomputed
39.802529063626096,54.83008237131567,22.78858447179771,2.4060328292514748,39.583258218827105,40.692170676026265,0.9727487514483351,0.6581480252240292,0.06837039495519416,0.49352804513773646,0.43089761856299613,,16,state dependence,all,all covariates recomputed
40.79150173271829,57.172249618372646,23.195639486981907,2.464784368219701,41.983064981278424,36.54085160453511,1.1489350449639733,0.6681048788582807,0.0690341851974776,0.513109857285098,0.43659678404233665,,17,state dependence,all,all covariates recomputed
42.010948348023696,62.14359091430666,27.4271062500656,2.2657727850585045,42.67588329129617,39.45592841998794,1.0816088988461623,0.6667772983737139,0.0743445071357451,0.5051443743776967,0.4359861591695502,,18,state dependence,all,all covariates recomputed
42.04621958640524,63.59394112336053,36.48973335060083,1.742789965394839,42.539827249141204,40.19741010560803,1.0582728374136319,0.6707600398274145,0.07899103883172917,0.5068038499834052,0.4388357419092204,,19,state dependence,all,all covariates recomputed
45.88827799975537,64.95390132870698,27.587702291995747,2.354451292870179,45.81876963090945,46.184102114876545,0.9920896484452945,0.6790574178559575,0.06671091934948556,0.5151012280119482,0.4437207408915123,,20,state dependence,all,all covariates recomputed
39.84124862008578,57.22794630883075,25.476583143825,2.2462959803423104,40.71460233077932,36.60234890847833,1.1123494405395513,0.6621307666777299,0.07467640225688682,0.5081314304679722,0.4331365764298799,,21,state dependence,all,all covariates recomputed
44.30291127768596,61.44776532162235,24.18266241677602,2.5409842912496994,45.11424196687186,41.19378313091295,1.0951711286991967,0.6720876203119814,0.06471954862263525,0.51543312313309,0.43924282515774477,,22,state dependence,all,all covariates recomputed
44.63306217466926,61.4140350443441,21.00845775303625,2.923300499555624,45.310518740165335,41.82651669690014,1.0832964903224513,0.6724195154331232,0.06471954862263525,0.5187520743445071,0.4398534500305312,,23,state dependence,all,all covariates recomputed
46.436518596363456,64.31362375801464,25.13837420484742,2.5583843741817276,46.26456568099398,47.16281337593356,0.9809543233186777,0.6850315300365085,0.062396282774643215,0.5217391304347826,0.44718094850396906,,24,state dependence,all,all covariates recomputed
48.64244728057386,71.02352725018393,35.66722391382749,1.9912827368280124,48.12559011634142,50.7604724959741,0.9480918468628979,0.678393627613674,0.07202124128775307,0.5091271158313972,0.4429065743944637,,25,state dependence,all,all covariates recomputed
41.02943588147926,57.065048059635636,23.956750247457617,2.3820028789460546,40.55440306634887,42.990251235856896,0.9433395223455601,0.6637902422834384,0.06637902422834384,0.5038167938931297,0.4343578261754529,,26,state dependence,all,all covariates recomputed
41.68237099575139,55.50461770967455,20.25713459152126,2.74000340269775,41.72579542097211,41.50635612625239,1.0052868841112488,0.6614669764354464,0.061732492532359774,0.5004978426817126,0.43252595155709345,,27,state dependence,all,all covariates recomputed
43.693953152387905,62.92811194341053,27.107445889488037,2.321432723686201,43.74777649954449,43.467558039671964,1.0064466115077544,0.6757384666445403,0.07002987056090275,0.5170925987387985,0.44148178302462854,,28,state dependence,all,all covariates recomputed
45.45846767994529,63.35621826432846,21.073251555160915,3.006475678349329,44.54652131339024,49.695388215383865,0.8963914542798617,0.6764022568868238,0.06471954862263525,0.514105542648523,0.44229594952167717,,29,state dependence,all,all covariates recomputed
45.24227387507705,59.87451006163022,18.323931816726702,3.267558003407039,45.17701476251293,45.5417296887432,0.9919916320982332,0.6777298373713906,0.058413541320942584,0.520079654829074,0.4427030327702015,,30,state dependence,all,all covariates recomputed
41.51830681551033,60.23692345307157,27.190561742350592,2.2153614928539596,41.18711533014784,42.76864047239223,0.9630213837808269,0.6674410886159974,0.07202124128775307,0.4968469963491537,0.43659678404233665,,31,state dependence,all,all covariates recomputed
43.10791745563995,60.68956335126281,24.791974960986245,2.447951946013442,43.45997132293759,41.73887966073576,1.0412347354838294,0.6694324593428477,0.06803849983405244,0.5107865914371059,0.43761449216364745,,32,state dependence,all,all covariates recomputed
40.586098260388425,58.00788888933955,24.888083756166154,2.330749504769237,40.33878469202867,41.595915388228555,0.9697775446346916,0.6697643544639894,0.07002987056090275,0.5058081646199801,0.43761449216364745,,33,state dependence,all,all covariates recomputed
42.233990931704305,58.10553322171985,22.48307914499653,2.584411719008287,42.619094988807674,40.64263191947375,1.0486302922815123,0.6684367739794225,0.06538333886491869,0.5084633255891139,0.4374109505393853,,34,state dependence,all,all covariates recomputed
41.053073140607644,54.38338264492391,20.756286922247874,2.62009206408842,40.78028021469377,42.14761466526827,0.9675584380887573,0.6677729837371391,0.061400597411218054,0.5044805841354132,0.43659678404233665,,35,state dependence,all,all covariates recomputed
40.47289074711174,56.311297074888856,23.701566516515406,2.3758470578580018,40.283363352977915,41.18418932732044,0.9781268979903182,0.6637902422834384,0.067374709591769,0.4975107865914371,0.4343578261754529,,36,state dependence,all,all covariates recomputed
45.09205780437655,63.741356137779874,27.114703835702212,2.3508040701462862,45.0143442180856,45.41992337437629,0.9910704570558676,0.6747427812811152,0.06936608031861932,0.5127779621639562,0.4406676165275799,,37,state dependence,all,all covariates recomputed
39.98639023742478,55.34556985296266,22.449489793840286,2.465337536007096,39.250230392259375,42.90269563544997,0.9148662994459347,0.6581480252240292,0.07002987056090275,0.4888815134417524,0.4311011601872583,,38,state dependence,all,all covariates recomputed
43.14048737833733,58.520781413398225,20.94351722799451,2.7942193651778524,43.65210279017358,41.11863148671331,1.0616137067761826,0.6720876203119814,0.062064387653501495,0.5134417524062397,0.4390392835334826,,39,state dependence,all,all covariates recomputed
38.177284434139665,53.64468197659694,25.112598165186142,2.136166143532099,37.86944009281418,39.34899586690325,0.962399147894558,0.6538333886491868,0.07069366080318619,0.482243611018918,0.42804803582332585,,40,state dependence,all,all covariates recomputed
41.73636783745641,59.40788974725588,27.80376838714144,2.1366848162470875,42.460078894145795,38.82074699299681,1.0937470858509113,0.6750746764022569,0.07168934616661135,0.5184201792233654,0.44127824140036637,,41,state dependence,all,all covariates recomputed
45.997935358404916,64.98788762274596,24.052796978956298,2.7018848443947547,46.023282931913016,45.8882560078893,1.002942515923911,0.6807168934616661,0.067374709591769,0.5207434450713575,0.4443313657642988,,42,state dependence,all,all covariates recomputed
38.87203516307494,53.905578658666215,21.748247462457375,2.478617127735005,37.737337731146795,43.634690503590726,0.8648471501829803,0.6598075008297378,0.06969797543976104,0.4835711915034849,0.43171178506004476,,43,state dependence,all,all covariates recomputed
40.89348539661169,56.047118779628484,23.421978559963296,2.392928446934601,40.93480658526042,40.731878466784934,1.0049820466453803,0.6637902422834384,0.06770660471291072,0.5001659475605709,0.4341542845511907,,44,state dependence,all,all covariates recomputed
38.63810745242042,54.22201445097427,21.086644048114504,2.5713913663669308,38.99453420398749,37.24097706952946,1.0470867649681725,0.663126452041155,0.06770660471291072,0.5097909060736807,0.4341542845511907,,45,state dependence,all,all covariates recomputed
44.93989081719279,62.34089544207112,22.10588935841493,2.8201034770103086,45.31558367316401,43.396061726163424,1.044232630120058,0.6787255227348158,0.06438765350149353,0.5197477597079323,0.44351719926725014,,46,state dependence,all,all covariates recomputed
46.518068367165,66.09584649826652,22.20330859886946,2.9768467255205366,46.86966857240304,45.06282959957619,1.0400959946120172,0.6800531032193827,0.06803849983405244,0.5243942914039164,0.44412782414003665,,47,state dependence,all,all covariates recomputed
42.91552519242048,61.94644299897716,23.99835726596974,2.5812784730402667,42.153998917850686,46.328240203565834,0.9098985571786544,0.6724195154331232,0.07069366080318619,0.5034848987719881,0.43944636678200694,,48,state dependence,all,all covariates recomputed
41.55179862684984,57.547410467742345,21.063178937200114,2.7321331998042653,41.20195311470661,43.0236143379347,0.9576590379199754,0.6667772983737139,0.06571523398606041,0.5061400597411218,0.4359861591695502,,49,state dependence,all,all covariates recomputed
39.77399949347934,54.54173335838964,20.69472494565313,2.635537969295213,39.26145609820863,41.871079710416375,0.9376747953418899,0.6598075008297378,0.06505144374377697,0.4922004646531696,0.4315082434357826,,50,state dependence,all,all covariates recomputed
40.64609641247473,56.70590377211392,22.404722539426274,2.530979960690288,40.317449656825374,42.01512970086509,0.9595936022064748,0.6644540325257219,0.07102555592432791,0.4995021573182874,0.4343578261754529,,51,state dependence,all,all covariates recomputed
41.23968007978256,55.3976920912556,22.217733541472505,2.4933997875097416,40.298625921800515,45.15147083980988,0.8925207788861081,0.6687686691005642,0.06372386325921009,0.4968469963491537,0.437003867290861,,52,state dependence,all,all covariates recomputed
40.659671686404906,57.16659329715635,23.2092707124938,2.4630930461069145,40.54485665946995,41.12474433196734,0.9858993002408374,0.6651178227680054,0.06671091934948556,0.4981745768337205,0.4351719926725015,,53,state dependence,all,all covariates recomputed
41.9669995632237,60.88067638690328,23.467695186540947,2.5942333025451605,41.33427459907052,44.77511713070544,0.9231527966394689,0.6717557251908397,0.07102555592432791,0.5024892134085629,0.4390392835334826,,54,state dependence,all,all covariates recomputed
40.9400194271786,58.33314884473522,27.381430101136246,2.1303908754683554,40.80812899239731,41.49216032512164,0.9835142029876381,0.6730833056754065,0.07002987056090275,0.5144374377696648,0.4396499084062691,,55,state dependence,all,all covariates recomputed
46.62699721611259,65.11412175522527,24.195126439140417,2.6912081620656574,46.380223523882144,47.659289130310526,0.9731623020450191,0.6734152007965483,0.06637902422834384,0.511782276800531,0.44046407490331774,,56,state dependence,all,all covariates recomputed
40.94222317791012,56.85756242002691,21.013948400589218,2.7057058167342154,41.64474724645418,37.85223429893029,1.1001925782656128,0.6750746764022569,0.06538333886491869,0.5300365084633256,0.4410746997761042,,57,state dependence,all,all covariates recomputed
41.663967979765744,58.14960507809229,23.413013389544215,2.483644634315237,41.46076948614258,42.52058019787545,0.9750753468837705,0.6710919349485562,0.06837039495519416,0.5107865914371059,0.43863220028495825,,58,state dependence,all,all covariates recomputed
40.13026888730119,56.46318084035048,26.007228832893766,2.171057178107967,39.69129794788337,41.93024785702891,0.9466029889262814,0.6627945569200133,0.0690341851974776,0.4938599402588782,0.43395074292692853,,59,state dependence,all,all covariates recomputed
42.86512617547954,58.39455133629058,24.19679265619933,2.413317837863508,43.06922328674483,42.10755110095405,1.022838473400772,0.6727514105542649,0.06272817789578493,0.5111184865582475,0.4398534500305312,,60,state dependence,all,all covariates recomputed
40.6935815132656,55.01004833814739,21.819417323842426,2.5211511160766436,40.49960911573562,41.46164121924631,0.9767970568645961,0.6627945569200133,0.06438765350149353,0.4925323597743113,0.4333401180541421,,61,state dependence,all,all covariates recomputed
41.66024862109845,56.83568765136115,20.520864609055113,2.7696536541779837,41.47067353761231,42.45473488565443,0.9768209282028838,0.6684367739794225,0.06538333886491869,0.5127779621639562,0.437003867290861,,62,state dependence,all,all covariates recomputed
42.41411066152836,61.78975067399813,28.232431379194423,2.1886089031472293,42.329131820827776,42.75123302341263,0.9901265724346784,0.6704281447062728,0.07235313640889479,0.5084633255891139,0.43863220028495825,,63,state dependence,all,all covariates recomputed
41.32919403321524,56.84997155857476,20.186490289151802,2.816238521122509,40.9839058150473,42.77855873905118,0.9580478403923973,0.665449717889147,0.06770660471291072,0.5034848987719881,0.4351719926725015,,64,state dependence,all,all covariates recomputed
41.26327313154878,57.224811062004385,24.764705507240105,2.310740624203037,42.190930200937814,37.652554725805004,1.1205330025593843,0.6634583471622967,0.06770660471291072,0.5084633255891139,0.43395074292692853,,65,state dependence,all,all covariates recomputed
45.72329229563326,61.97398583704903,23.056109246967964,2.687963748488875,46.47983967061358,42.71506594433936,1.0881369053996073,0.676070361765682,0.061732492532359774,0.5220710255559243,0.44229594952167717,,66,state dependence,all,all covariates recomputed
41.16188114820814,55.15625369856895,18.692658996906236,2.9506906271439335,40.82765275496002,42.55279264670422,0.9594588325596579,0.6601393959508796,0.06405575838035181,0.4955194158645868,0.43191532668430693,,67,state dependence,all,all covariates recomputed
43.85450171695154,62.12122817583329,24.647183931974688,2.520418898454508,43.161544631759064,46.70338428344121,0.9241631049650098,0.6677729837371391,0.06770660471291072,0.49784268171257884,0.43659678404233665,,68,state dependence,all,all covariates recomputed
40.583393628485844,54.46886918553887,20.697829205822988,2.6316223138132266,40.42068367208478,41.2291920376969,0.9803899051702765,0.6594756057085961,0.062396282774643215,0.4938599402588782,0.4315082434357826,,69,state dependence,all,all covariates recomputed
38.571249938719134,51.86839073363744,19.92398770690779,2.6033137289908233,38.248051527590675,39.82900707329928,0.9603064283576266,0.6574842349817458,0.061732492532359774,0.4938599402588782,0.4302869936902097,,70,state dependence,all,all covariates recomputed
44.34813406873849,60.48731722995567,24.51416178833412,2.467443829090684,44.727886070269555,42.79845097096824,1.0450818909453083,0.6697643544639894,0.06571523398606041,0.5127779621639562,0.4378180337879096,,71,state dependence,all,all covariates recomputed
42.1483328117681,58.40928111487341,24.65971671521405,2.3686111965283545,41.486548636993454,44.912039410631735,0.9237288972268896,0.6647859276468636,0.06671091934948556,0.49850647195486225,0.4349684510482394,,72,state dependence,all,all covariates recomputed
41.01347006345209,56.959102184865614,23.331780986063162,2.44126679480187,41.41884306324333,39.44579946819846,1.0500191052442873,0.665449717889147,0.06671091934948556,0.5097909060736807,0.4353755342967637,,73,state dependence,all,all covariates recomputed
45.729208978670634,64.04485391631442,23.443922473384063,2.7318318420914713,45.191586601213984,48.205605809155024,0.937475752926465,0.677397942250249,0.06870229007633588,0.5194158645867906,0.44249949114593934,,74,state dependence,all,all covariates recomputed
40.36066412463036,56.67022947398407,24.48191938016143,2.3147788616568183,40.844080870355405,38.5378345632404,1.0598436921340368,0.6664454032525722,0.07036176568204447,0.5097909060736807,0.435782617545288,,75,state dependence,all,all covariates recomputed
41.83340091390425,62.501483189320204,28.82591070822959,2.168239672354098,41.646119310679964,42.57736271549542,0.9781282036880001,0.6734152007965483,0.0760039827414537,0.5048124792565549,0.4400569916547934,,76,state dependence,all,all covariates recomputed
45.25035806291532,62.97085120424359,23.672736946862383,2.660057911579583,45.56428593456718,44.000876533152635,1.0355313240234336,0.6710919349485562,0.06538333886491869,0.5097909060736807,0.43863220028495825,,77,state dependence,all,all covariates recomputed
43.63206361059185,59.754035129294174,20.50219984801602,2.914518225958885,44.29030501941226,40.963565682043075,1.0812121523597615,0.6700962495851311,0.06339196813806837,0.5127779621639562,0.4378180337879096,,78,state dependence,all,all covariates recomputed
44.88544882613909,63.68923066447211,24.478456705518884,2.6018482876868956,46.29554303555678,39.17928135886205,1.1816332875407654,0.676070361765682,0.06870229007633588,0.5224029206770661,0.44148178302462854,,79,state dependence,all,all covariates recomputed
42.04216813339,59.37199696392976,25.331042579796115,2.3438433999271906,43.10847376424077,37.76248156894734,1.1415688792997525,0.6717557251908397,0.06803849983405244,0.5197477597079323,0.4390392835334826,,80,state dependence,all,all covariates recomputed
42.487723434539966,59.906230818659715,25.82156962091412,2.3200073310082128,41.64838237326783,45.98426809478466,0.9057093675476247,0.6700962495851311,0.06837039495519416,0.5008297378028543,0.4378180337879096,,81,state dependence,all,all covariates recomputed
42.13344906135955,59.90644454799124,26.382250709088733,2.2707101531467653,43.38052715034573,37.506388794663046,1.1566170069809156,0.6704281447062728,0.07002987056090275,0.5121141719216727,0.43822511703643396,,82,state dependence,all,all covariates recomputed
43.43502185675562,60.67895142106544,25.26805983283532,2.401409202863071,43.44549659962324,43.38917929773173,1.0012979572972576,0.6747427812811152,0.06571523398606041,0.5160969133753733,0.440871158151842,,83,state dependence,all,all covariates recomputed
43.754220330258434,61.55460178892503,26.450664921660437,2.3271476150498582,44.045539230388044,42.536431194847864,1.0354780124507241,0.67374709591769,0.06770660471291072,0.5207434450713575,0.44026053327905557,,84,state dependence,all,all covariates recomputed
46.126293992203394,66.9552060835197,26.341580044688687,2.541806754565584,45.662380903752364,48.050507065431695,0.9502996678385234,0.67374709591769,0.0690341851974776,0.5084633255891139,0.4400569916547934,,85,state dependence,all,all covariates recomputed
43.143190210871744,59.30924240076298,24.856728163085563,2.3860438112222044,43.835367534792226,40.275299992894254,1.0883933215277373,0.6671091934948556,0.06604712910720212,0.5134417524062397,0.4359861591695502,,86,state dependence,all,all covariates recomputed
38.770278873926074,57.55997102188841,24.14547062862765,2.38388275412795,38.23048282156209,40.802818162318886,0.9369569197273651,0.6647859276468636,0.07534019249917026,0.49120477928974443,0.43456136779971505,,87,state dependence,all,all covariates recomputed
39.86397880452189,57.732555483846276,24.199455117769364,2.3856965044412908,40.57729108712598,36.91492603056545,1.099210954764696,0.6657816130102887,0.07235313640889479,0.514105542648523,0.43557907592102585,,88,state dependence,all,all covariates recomputed
46.26330047153887,63.788712813452435,23.029261948425912,2.769898269267483,46.089509910384685,47.05484009547597,0.9794849970134297,0.6837039495519416,0.061732492532359774,0.5263856621307667,0.4463667820069204,,89,state dependence,all,all covariates recomputed
43.48080754221603,60.27610823401419,27.11863402125989,2.222682314557592,43.592375837088895,43.0486310684492,1.0126309421494755,0.6740789910388317,0.06571523398606041,0.5121141719216727,0.44046407490331774,,90,state dependence,all,all covariates recomputed
40.929070940631995,55.756933451128205,24.264067167300155,2.297921987549964,40.555142434254115,42.44867197980366,0.9553924903363183,0.6611350813143047,0.06505144374377697,0.498838367076004,0.43252595155709345,,91,state dependence,all,all covariates recomputed
43.46659922828991,59.14315525596685,25.316638871213392,2.336137729689557,43.09266125795867,45.06235945861324,0.9562895013861046,0.6707600398274145,0.06471954862263525,0.5081314304679722,0.43842865866069614,,92,state dependence,all,all covariates recomputed
46.40336146372743,65.56036928124279,25.021808094921298,2.6201291702236995,46.765655819117534,44.91855503443643,1.0411211087103098,0.6780617324925323,0.067374709591769,0.5170925987387985,0.4429065743944637,,93,state dependence,all,all covariates recomputed
42.82398654238111,58.12037047493311,24.017663484163357,2.4199011079181876,43.022470905763335,41.94190693625175,1.0257633486039144,0.6634583471622967,0.06538333886491869,0.5097909060736807,0.4337472013026664,,94,state dependence,all,all covariates recomputed
40.88440385760609,58.15126482465841,25.675065523041877,2.2648925578192207,40.158240504092724,44.007382092936936,0.9125341839077042,0.665449717889147,0.07102555592432791,0.4991702621971457,0.4351719926725015,,95,state dependence,all,all covariates recomputed
43.86960488417308,61.92848369117404,24.939692249751207,2.483129425616381,44.35494921967562,41.91424748365445,1.0582308375445124,0.6727514105542649,0.06936608031861932,0.5134417524062397,0.4400569916547934,,96,state dependence,all,all covariates recomputed
40.951399172280695,58.5773579227742,20.782209745699717,2.818629906999909,40.524387629483805,42.624292086510586,0.950734561109782,0.6647859276468636,0.07069366080318619,0.5004978426817126,0.4349684510482394,,97,state dependence,all,all covariates recomputed
40.17528398372718,56.01742746583765,23.72536844187343,2.361077241142913,39.877195243008146,41.297868567459275,0.9655993547916285,0.6664454032525722,0.0690341851974776,0.5011616329239961,0.43557907592102585,,98,state dependence,all,all covariates recomputed
43.195273858986674,59.62231909583726,24.765423352627877,2.407482329168853,43.752074992343104,40.89949294323904,1.069746147050354,0.677397942250249,0.06604712910720212,0.5273813474941919,0.4427030327702015,,99,state dependence,all,all covariates recomputed
53.6965105278682,74.21580774946283,38.45051051698896,1.9301644308902304,60.86875349152508,27.868484890783822,2.184142902998452,0.692665117822768,0.06405575838035181,0.5569200132758049,0.45674740484429066,34.46823367406413,0,heterogeneity,all,sigma=2.922
51.96163715967882,72.95428118408671,39.17918122771731,1.862067529182443,59.53752112776404,24.975318203551787,2.3838543574310536,0.6896780617324926,0.06538333886491869,0.5605708596083637,0.45410136372888255,37.72812285417792,1,heterogeneity,all,sigma=2.922
57.32114911161808,83.15629809885574,33.41129659456001,2.4888677356027893,65.26680902486105,27.76930034092778,2.3503224144494403,0.7112512446067043,0.06438765350149353,0.5814802522402921,0.4679421941787095,31.425747492629167,2,heterogeneity,all,sigma=2.922
55.14130923503219,76.64269351751794,42.108072793125636,1.820142515048332,63.00113150820166,27.33069809334037,2.305141686942605,0.69498838367076,0.06538333886491869,0.5672087620311982,0.458375737838388,40.84796631549959,3,heterogeneity,all,sigma=2.922
45.27200567524031,62.279987398935724,30.16391619246591,2.0647182216509243,52.64777022885461,21.90305569477372,2.403672389940408,0.6754065715233986,0.06505144374377697,0.5383338864918685,0.44514553226134745,26.881202113132456,4,heterogeneity,all,sigma=2.922
50.45872438800642,71.7074550214197,40.75189642551487,1.759610258935667,58.01739421866241,25.016439673728307,2.3191707123532432,0.6850315300365085,0.06571523398606041,0.5443079986724195,0.4532871972318339,41.17301578310065,5,heterogeneity,all,sigma=2.922
54.79052191973203,78.04708858633226,47.55464346342533,1.6412085740135751,63.2409493342682,25.309048683801755,2.498748575040023,0.6953202787919017,0.06837039495519416,0.5622303352140724,0.4591899043354366,44.150366754688925,6,heterogeneity,all,sigma=2.922
49.37870376092117,67.8008207884403,36.5982676408081,1.8525691285136259,55.277003603951364,28.76637692369572,1.9215837903597115,0.6916694324593429,0.06438765350149353,0.5486226352472618,0.45674740484429066,36.45635505549071,7,heterogeneity,all,sigma=2.922
50.037117117142444,71.2835636558256,42.57474838406427,1.6743155593729133,58.22002045710134,22.44317270465722,2.594108294012282,0.6846996349153668,0.06571523398606041,0.5585794888815134,0.45145532261347443,39.54754590976985,8,heterogeneity,all,sigma=2.922
53.529123918367226,75.95631494831228,43.55177384226331,1.7440464129753337,62.39464836974171,24.993915761103686,2.496393480962363,0.6959840690341852,0.06671091934948556,0.5678725522734815,0.45878282108691226,41.14566819289229,9,heterogeneity,all,sigma=2.922
52.0445338118425,73.26792378829556,38.7449036739198,1.8910338351831828,58.58143400890562,28.402920648381798,2.0625144411774845,0.6883504812479256,0.062396282774643215,0.5506140059741121,0.4534907388560961,36.400175121071676,10,heterogeneity,all,sigma=2.922
54.72175850909866,75.60714884691987,41.16353151460349,1.8367507855854617,64.03748531475887,25.322772577203448,2.5288496794544497,0.697311649518752,0.062064387653501495,0.5645536010620644,0.45959698758396095,39.423761561378285,11,heterogeneity,all,sigma=2.922
51.013013168929014,71.45644935651258,42.978316884126635,1.6626162804179963,58.014389348914804,26.02713069725544,2.2289967351273345,0.6953202787919017,0.06571523398606041,0.5609027547295055,0.457154488092815,37.799537980127816,12,heterogeneity,all,sigma=2.922
52.20910723261939,75.3242977561662,38.776888508751455,1.9425049469651607,59.70289286257171,25.219355863333323,2.3673440823036387,0.697311649518752,0.067374709591769,0.5728509790906073,0.458375737838388,34.358476690302,13,heterogeneity,all,sigma=2.922
56.079451104427584,77.5332939983983,37.06980042510492,2.0915487299437987,64.01021679162773,28.176366119249245,2.2717697704778854,0.7022900763358778,0.0604049120477929,0.5678725522734815,0.4618359454508447,36.5577648232815,14,heterogeneity,all,sigma=2.922
52.14019393657004,72.15671234565325,37.298700427696865,1.9345637118249808,59.8381618851417,24.787360344202472,2.4140594663657793,0.6963159641553269,0.061400597411218054,0.5668768669100565,0.45796865458986363,34.20631369550795,15,heterogeneity,all,sigma=2.922
50.127171162157836,68.56461245868236,35.388775374174855,1.9374677912341027,56.941411527777454,26.239754440992755,2.170043612863289,0.6913375373382011,0.061068702290076333,0.5542648523066711,0.45511907185019335,34.378722167001506,16,heterogeneity,all,sigma=2.922
57.753614236791236,78.51224358921989,46.66092461557892,1.6826122550303386,65.98256274074315,27.881147333211352,2.3665655488340076,0.7006306007301693,0.06007301692665118,0.570859608363757,0.46203948707510684,42.9096434714447,17,heterogeneity,all,sigma=2.922
52.65821376953853,73.12686079381545,41.68955992765846,1.7540808998873667,60.01575826589122,27.000496878451692,2.222764956365971,0.69498838367076,0.06372386325921009,0.560238964487222,0.458375737838388,36.27447671126335,18,heterogeneity,all,sigma=2.922
47.425960414730476,66.26309763473809,32.67108104430565,2.0281880953029345,53.33279502318583,26.344333628014557,2.024450334415434,0.6817125788250913,0.06604712910720212,0.5376700962495852,0.44982698961937717,30.3325065683837,19,heterogeneity,all,sigma=2.922
55.954715758155565,81.56405437252015,47.22688628084223,1.7270682188846087,63.453108493536476,28.353479348796746,2.2379302276434467,0.7042814470627282,0.06803849983405244,0.5668768669100565,0.46265011194789335,43.384142722342446,20,heterogeneity,all,sigma=2.922
55.32129530601934,80.12063727603083,52.214986888964845,1.534437563805337,61.988241199145435,31.340603960262932,1.9778891714320805,0.7012943909724527,0.067374709591769,0.5628941254563558,0.4624465703236312,46.89199105897595,21,heterogeneity,all,sigma=2.922
49.94256134650586,69.88193900816573,35.96688959146874,1.9429519706019158,57.67702098986044,23.617316198978905,2.442149671195667,0.6886823763690674,0.06637902422834384,0.5552605376700962,0.4532871972318339,33.04237169681657,22,heterogeneity,all,sigma=2.922
49.69296244363065,72.94696662673304,47.00089434148586,1.5520335867810413,57.35841318713125,23.68919317952306,2.4212902800215192,0.6817125788250913,0.07036176568204447,0.5462993693992698,0.45084469774068797,41.206881241977584,23,heterogeneity,all,sigma=2.922
53.156110248334656,73.97177457273534,33.06252091901818,2.237330140491053,61.1073396574367,25.379202335102047,2.4077722715862886,0.6920013275804846,0.05940922668436774,0.5585794888815134,0.45491553022593123,28.23772823616396,24,heterogeneity,all,sigma=2.922
55.23703965948019,75.03646517101433,38.27788235472223,1.960308683632215,63.4784848588723,25.987566400620963,2.4426482988170646,0.698639230003319,0.06272817789578493,0.5725190839694656,0.4604111540810096,36.72437240915619,25,heterogeneity,all,sigma=2.922
56.32955551585631,80.86116015556641,37.72465386295298,2.143456649047616,63.180139705748175,30.814657382746905,2.05032750878881,0.705609027547295,0.06704281447062728,0.5655492864254895,0.46427844494199066,29.925939350792873,26,heterogeneity,all,sigma=2.922
63.7782566874488,91.36140098574515,54.75690742711904,1.668490885964412,72.28117996414502,30.128944052307524,2.3990611764772134,0.7165615665449718,0.06306007301692665,0.585131098572851,0.469774068797069,46.2931512247619,27,heterogeneity,all,sigma=2.922
48.40325029993549,66.18004814133174,32.55741082857073,2.032718402879122,55.147139167444,24.811722156545134,2.2226244038806726,0.6837039495519416,0.06306007301692665,0.5492864254895453,0.4518624058619988,38.72650937200545,28,heterogeneity,all,sigma=2.922
54.37609295541536,76.95875623822086,45.73322937747226,1.682775462957575,62.50729756742684,24.8156631757546,2.518864683354411,0.69498838367076,0.06538333886491869,0.5652173913043478,0.45695094646855283,39.130733929917675,29,heterogeneity,all,sigma=2.922
54.34512675038982,75.24926663647615,39.61591335612518,1.8994706990604207,61.29874949257918,29.008638523422665,2.1131205259110755,0.6939926983073349,0.06272817789578493,0.5615665449717889,0.45674740484429066,34.03892221560195,30,heterogeneity,all,sigma=2.922
48.07095916944529,65.32470024412201,35.14533482680914,1.8587018893412792,55.131704700292794,24.645397114960204,2.236998026168012,0.6850315300365085,0.062064387653501495,0.5509459010952539,0.4522694891105231,31.424295496546883,31,heterogeneity,all,sigma=2.922
60.404148573956164,87.80728914753175,45.16942911208387,1.9439539279906741,69.08535153754782,31.46908195173194,2.1953405454761166,0.706936608031862,0.06704281447062728,0.5682044473946233,0.46468552819051495,46.441397288525565,32,heterogeneity,all,sigma=2.922
46.696046697661586,64.32063324408375,32.85203304821207,1.9578889729500109,54.48110465892606,21.912741549703277,2.486275144319575,0.6807168934616661,0.06405575838035181,0.5506140059741121,0.44941990637085283,31.438512266074962,33,heterogeneity,all,sigma=2.922
56.69700186515775,81.23270783716934,44.629103405727626,1.8201734213361784,63.563040126038814,28.736024955222156,2.2119635622910883,0.7022900763358778,0.06538333886491869,0.5692001327580485,0.4624465703236312,40.191135049553374,34,heterogeneity,all,sigma=2.922
52.59930679548009,73.48101567548716,43.41259486858141,1.6926197546571187,60.447640928694845,23.599709163064237,2.5613722826424103,0.6983073348821772,0.06471954862263525,0.5725190839694656,0.462243028699369,44.74758878639664,35,heterogeneity,all,sigma=2.922
46.8577448101159,68.07486940794152,47.68806716123453,1.4275032195743793,54.25818437731206,22.590606999170515,2.4018028545804158,0.6850315300365085,0.07102555592432791,0.5489545303684036,0.4532871972318339,51.487142111416695,36,heterogeneity,all,sigma=2.922
52.166735239348405,75.2050969236708,39.95610329698018,1.8821929747427266,59.634420653589444,26.890874986452793,2.217645230347928,0.6963159641553269,0.06505144374377697,0.560238964487222,0.4591899043354366,39.01832489084332,37,heterogeneity,all,sigma=2.922
49.670359588909655,69.37947801730678,36.54827785469116,1.898296775928707,57.11766466107348,24.604275145330607,2.32145285011224,0.6856953202787919,0.06471954862263525,0.5545967474278128,0.4528801139833096,36.30668194033552,38,heterogeneity,all,sigma=2.922
49.4712061632441,67.60623208716504,30.787581032029717,2.195892948420703,57.24324487859881,23.038044221969653,2.4847267557551707,0.6880185861267839,0.05974112180550946,0.5618984400929307,0.45206594748626094,28.59612416993543,39,heterogeneity,all,sigma=2.922
49.71485106641626,69.94450199647534,39.54713064496127,1.76863658262365,58.24866657770549,23.172753943296534,2.5136704390095073,0.6916694324593429,0.067374709591769,0.560238964487222,0.4553226134744555,35.52617700676385,40,heterogeneity,all,sigma=2.922
50.18458415438059,71.1650307306931,45.674505220021224,1.5580908953010009,57.87125862622564,24.691410359925328,2.343781006537881,0.692665117822768,0.06803849983405244,0.560238964487222,0.4575615713413393,44.30538656840192,41,heterogeneity,all,sigma=2.922
45.31530114968508,64.10941800568119,38.842736812322904,1.6504866357754278,51.327512980670065,24.092981391492515,2.130392754082081,0.6800531032193827,0.06704281447062728,0.5363425157650182,0.44819865662527986,37.399690924970095,42,heterogeneity,all,sigma=2.922
55.117796900075426,74.23404564604968,40.765441493297786,1.8210043342288944,62.808518621318555,26.108473976913828,2.4056755931754723,0.6956521739130435,0.05907733156322602,0.5692001327580485,0.458375737838388,37.59040872414693,43,heterogeneity,all,sigma=2.922
50.62412848864354,71.27376684673702,38.4447139690575,1.8539289147554123,57.20216282387995,27.40320252498313,2.087426196691044,0.6886823763690674,0.06704281447062728,0.55791569863923,0.45410136372888255,33.345951299611244,44,heterogeneity,all,sigma=2.922
52.43610954755557,72.76593856821778,41.82929367792323,1.7395928109257641,59.586020854953254,26.031179189865053,2.2890250349531764,0.6893461666113508,0.06339196813806837,0.5552605376700962,0.4526765723590474,39.770488015697076,45,heterogeneity,all,sigma=2.922
49.69018437297503,64.37189953980506,31.966895930751328,2.0137050428434295,57.274275680197,24.327384092990258,2.3543129611169387,0.69498838367076,0.05609027547295055,0.568536342515765,0.45674740484429066,27.557647239203316,46,heterogeneity,all,sigma=2.922
49.59032011439574,67.74552374942665,35.565189559630845,1.9048267305264948,57.163513093311444,23.71140602247059,2.4108023387199937,0.6900099568536342,0.06007301692665118,0.5618984400929307,0.4553226134744555,34.038060627708084,47,heterogeneity,all,sigma=2.922
57.88943171571126,84.41598084010413,44.522558208296516,1.896027187951965,66.89434972055561,26.067142840324077,2.566232522310602,0.7036176568204447,0.06505144374377697,0.5738466644540325,0.46203948707510684,39.58368166976609,48,heterogeneity,all,sigma=2.922
49.746881163667474,69.37052178625264,36.08183447394171,1.9225885489927623,57.67406634836661,24.90779728278564,2.3155024787449388,0.6807168934616661,0.06306007301692665,0.5439761035512778,0.44982698961937717,29.709695371985458,49,heterogeneity,all,sigma=2.922
58.128970676081465,83.78580068648473,47.14192473908124,1.7773097121133299,66.94766723097389,27.042777437268,2.475620981841623,0.7139064055758381,0.06837039495519416,0.5847992034517092,0.47038469366985547,43.915033121072064,50,heterogeneity,all,sigma=2.922
51.632429774997064,72.0385573371795,40.33147383747404,1.7861622817821445,58.85106317281464,27.89039136903874,2.1100838060718465,0.69498838367076,0.06505144374377697,0.5539329571855294,0.4581721962141258,40.39369078911412,51,heterogeneity,all,sigma=2.922
50.984013266787265,70.31181452001361,35.75119467122136,1.9666983206189892,58.00943332710971,26.17049150819033,2.2165970138143964,0.6993030202456024,0.061068702290076333,0.5672087620311982,0.46000407083248523,32.026334350854626,52,heterogeneity,all,sigma=2.922
56.561585271086905,78.57404808889162,45.882847877635804,1.7124928317099983,65.5448101151867,25.151101089616823,2.6060413769417714,0.6999668104878858,0.06007301692665118,0.5715233986060405,0.4604111540810096,46.76557915647504,53,heterogeneity,all,sigma=2.922
50.0199788779944,69.86575396063533,42.74058990702507,1.6346464593169274,56.963103571152736,24.92083589176219,2.2857621557542704,0.6900099568536342,0.06339196813806837,0.5589113840026552,0.4545084469774069,50.3794385458274,54,heterogeneity,all,sigma=2.922
57.22941760574218,79.07913286121905,46.98739375730825,1.6829861487884583,63.6075957502411,31.539457579690083,2.0167625137345855,0.70461334218387,0.06073680716893462,0.563889810819781,0.4632607368206798,44.091614864208246,55,heterogeneity,all,sigma=2.922
47.379643692398275,64.66248950749461,38.21642145414063,1.6920079653478028,51.79731649303569,29.779196133315217,1.7393792720646306,0.6853634251576501,0.06505144374377697,0.5403252572187189,0.4524730307347853,35.49959869786193,56,heterogeneity,all,sigma=2.922
53.03796951365195,73.40631177102247,38.39843019549187,1.911700853323964,60.11496565245368,27.535365598399633,2.183191119712156,0.6989711251244607,0.062064387653501495,0.5668768669100565,0.4602076124567474,35.71990925637592,57,heterogeneity,all,sigma=2.922
48.000651073617696,67.43602896579017,34.41299126022976,1.9596096269528398,54.848871123639356,26.081087942323528,2.103013158229202,0.6890142714902091,0.06604712910720212,0.5512777962163956,0.45471198860166906,32.70619269450934,58,heterogeneity,all,sigma=2.922
51.81589040400775,74.41748790629643,49.794922714570404,1.4944794338343508,59.848924772338734,24.4442073671865,2.448388850304017,0.7042814470627282,0.06471954862263525,0.5705277132426153,0.46366782006920415,49.291325389081564,59,heterogeneity,all,sigma=2.922
47.557509086880906,64.35311488677176,32.3421921660111,1.9897573595645575,53.783496370346896,26.46811215688084,2.032011049808286,0.6830401593096581,0.061732492532359774,0.5433123133089943,0.4502340728679015,29.60685080607966,60,heterogeneity,all,sigma=2.922
56.060426198381364,76.25806815189317,41.66146828153311,1.8304220013699173,64.26723207533138,27.419547399359054,2.343847297670335,0.7029538665781613,0.061068702290076333,0.570859608363757,0.46366782006920415,41.76776524845681,61,heterogeneity,all,sigma=2.922
58.89366569348998,80.6708306447628,40.898933675430946,1.9724433718726477,66.12021330545983,31.028605284386128,2.130943775894823,0.711583139727846,0.05940922668436774,0.5788250912711583,0.4671280276816609,37.07983465671136,62,heterogeneity,all,sigma=2.922
51.16294663642172,72.78285514348195,45.43943239394043,1.6017553765303614,58.869295090958396,24.75736456830453,2.3778498284233964,0.6880185861267839,0.06538333886491869,0.5592432791237969,0.4534907388560961,41.9602083099413,63,heterogeneity,all,sigma=2.922
48.425681976556525,67.21830087379873,40.58827041503993,1.6561016319850643,54.770906227831034,25.767434299237085,2.125586334742403,0.6876866910056422,0.06405575838035181,0.5552605376700962,0.45410136372888255,41.81519419126493,64,heterogeneity,all,sigma=2.922
43.46832085308273,59.14512639460811,32.77276793923441,1.8047034203602201,49.22120895090885,23.800569191663886,2.068068564013524,0.682044473946233,0.062064387653501495,0.5409890474610023,0.45043761449216363,32.0073779528333,65,heterogeneity,all,sigma=2.922
50.8766455713795,70.56072605417553,37.68697856334749,1.8722839756328846,56.47035128330692,28.77607798753151,1.962406110651186,0.6886823763690674,0.06405575838035181,0.5486226352472618,0.45572969672297986,37.984216637756596,66,heterogeneity,all,sigma=2.922
49.52813400286764,67.98520968259594,36.30751851918081,1.8724829582247595,56.0632286877571,25.542605210806425,2.194890780523757,0.6890142714902091,0.06505144374377697,0.560238964487222,0.45491553022593123,38.23951204587485,67,heterogeneity,all,sigma=2.922
61.46074262019091,89.16827047442062,55.618765804004184,1.6032047670500646,69.95191306564038,30.587915941570078,2.286913341832917,0.7175572519083969,0.06637902422834384,0.5834716229671424,0.47140240179116627,49.06412321111763,68,heterogeneity,all,sigma=2.922
52.574709231979256,71.81730053875431,33.506618310700134,2.143376567363705,60.061183793683504,26.446031039528833,2.271084976944562,0.697311649518752,0.06073680716893462,0.566213076667773,0.4575615713413393,27.690643599152953,69,heterogeneity,all,sigma=2.922
47.85620428649714,65.11876358172998,33.995874161975756,1.9154901936472353,55.68258442400802,22.34906469226949,2.4914950666042213,0.6840358446730833,0.061400597411218054,0.5526053767009625,0.45084469774068797,30.60607654462276,70,heterogeneity,all,sigma=2.922
49.32530873227669,71.23712179300156,39.84753254966752,1.7877423578036815,55.8975063292022,25.62116244815105,2.1816928268700018,0.6956521739130435,0.06637902422834384,0.55791569863923,0.45898636271117443,38.60080520276426,71,heterogeneity,all,sigma=2.922
53.503633400907084,77.76802057940064,49.990413537314296,1.555658676865162,61.570129996944054,24.469065128653426,2.516243660034443,0.697311649518752,0.06870229007633588,0.570859608363757,0.4591899043354366,46.04199849717484,72,heterogeneity,all,sigma=2.922
57.55597233579666,82.40647342516596,43.41770004188071,1.8979926008442796,65.14185103953922,29.65853687563956,2.1963946270405663,0.7066047129107202,0.06306007301692665,0.5748423498174576,0.4654996946875636,40.58654959191961,73,heterogeneity,all,sigma=2.922
55.07836776456185,77.30962900960701,42.99617343221941,1.7980583581811174,61.46420329478509,30.5526670233783,2.011745922140083,0.7076003982741453,0.06405575838035181,0.570859608363757,0.46570323631182575,40.825473896757515,74,heterogeneity,all,sigma=2.922
51.917393098319984,75.25340678243175,50.07589813106003,1.5027869612138849,59.74704176597608,24.570707302576658,2.4316370314545472,0.6953202787919017,0.06969797543976104,0.566213076667773,0.4573580297170771,47.584960678515564,75,heterogeneity,all,sigma=2.922
51.116416574493655,68.04823056604108,36.05900936698995,1.887135330687579,59.37882590488842,23.57828508917837,2.5183691553607215,0.6903418519747759,0.058745436442084305,0.5655492864254895,0.45471198860166906,33.08832581116914,76,heterogeneity,all,sigma=2.922
50.97763606207969,72.78568091062776,37.09581363438976,1.9620995950645927,59.10539910738506,24.580449704996894,2.404569477643433,0.6976435446398938,0.06538333886491869,0.5648854961832062,0.45898636271117443,33.961306721700225,77,heterogeneity,all,sigma=2.922
50.53121781648516,70.68610355355786,45.075726321108434,1.5681633846564638,57.81410857100236,27.653924404389677,2.0906294428802723,0.682044473946233,0.0690341851974776,0.5429804181878526,0.44982698961937717,45.06630410936119,78,heterogeneity,all,sigma=2.922
53.60657754248916,75.46768111438905,36.00926471797454,2.095785118231483,60.956875692966484,25.632117574614487,2.378144354071507,0.6979754397610355,0.06671091934948556,0.5645536010620644,0.4591899043354366,30.525232276108053,79,heterogeneity,all,sigma=2.922
53.57246052118628,72.18348900351934,37.02122433771253,1.9497866506264612,60.88286005636082,26.67365308275851,2.282509256136149,0.6943245934284766,0.06007301692665118,0.5648854961832062,0.45878282108691226,36.73006170144024,80,heterogeneity,all,sigma=2.922
52.05318851984133,72.93720875211977,41.85134576318564,1.742768539985127,60.91376511847389,23.455738594453788,2.596966404327051,0.6906737470959177,0.06372386325921009,0.563889810819781,0.45471198860166906,41.99372102211727,81,heterogeneity,all,sigma=2.922
50.30473814441458,71.11448727836962,49.554479958973126,1.435076855558697,57.64352703919301,25.989810927318487,2.2179279103028247,0.6966478592764687,0.06637902422834384,0.5609027547295055,0.4585792794626501,49.102416441629,82,heterogeneity,all,sigma=2.922
50.97590092409902,72.3944118031809,50.696232689997984,1.4280037778322692,57.73027562956993,26.43105748166328,2.1841833483060857,0.6959840690341852,0.06704281447062728,0.5612346498506472,0.45898636271117443,50.846434179704296,83,heterogeneity,all,sigma=2.922
51.521871241458456,71.99683459716478,40.09731337147907,1.7955525830410275,59.8528812954395,23.993829452069726,2.4945114082352764,0.6810487885828078,0.06671091934948556,0.5479588450049784,0.44901282312232854,34.380442271488086,84,heterogeneity,all,sigma=2.922
52.42026857692557,74.05421732179755,44.55008093499364,1.6622689738735967,59.8444157244701,27.38740760399403,2.1851069874807254,0.6959840690341852,0.06671091934948556,0.5562562230335214,0.45878282108691226,44.10385232404005,85,heterogeneity,all,sigma=2.922
54.35562262553205,74.78289417251952,39.10521613015217,1.912350872160453,60.8796974721899,30.008897320379276,2.0287215762121997,0.69498838367076,0.06471954862263525,0.5622303352140724,0.4581721962141258,33.82802442091386,86,heterogeneity,all,sigma=2.922
52.16318733324335,72.94610692697803,38.83353758009183,1.878430641981331,58.584505151647754,29.398762634038032,1.9927541128488966,0.6999668104878858,0.06372386325921009,0.5592432791237969,0.46000407083248523,33.532144131767595,87,heterogeneity,all,sigma=2.922
46.80328460386244,65.24808955444074,44.625183524187506,1.4621360496831417,54.363977996506804,22.058191608205398,2.464570938638688,0.6823763690673748,0.07102555592432791,0.5506140059741121,0.45084469774068797,43.41204562663424,88,heterogeneity,all,sigma=2.922
46.99240571748327,64.18969344763336,30.344803181262442,2.115343871706828,54.991855504547644,21.691827017487324,2.535141713061551,0.6886823763690674,0.062064387653501495,0.5585794888815134,0.4532871972318339,29.49266645964657,89,heterogeneity,all,sigma=2.922
49.819675215585065,66.68876096509268,29.43130799606111,2.2659122378800785,56.04029484496917,27.38830284743615,2.0461397391848672,0.6883504812479256,0.05741785595751742,0.5526053767009625,0.45471198860166906,28.442224914783015,90,heterogeneity,all,sigma=2.922
44.16288514424076,61.37212879290435,36.092258027074635,1.7004236406285802,49.461475598891035,25.699342463279255,1.9246202765523877,0.67374709591769,0.06704281447062728,0.5323597743113176,0.4459596987583961,34.242282838475504,91,heterogeneity,all,sigma=2.922
46.77214034549391,67.61207915587858,45.91426586803833,1.47257236672806,53.28165719634494,25.54370046523042,2.0859020512267152,0.6866910056422171,0.06969797543976104,0.549618320610687,0.45410136372888255,42.84072768932363,92,heterogeneity,all,sigma=2.922
48.22540041531134,65.91007156964513,39.31694665844137,1.67637818221813,54.21684343670443,25.67415604689372,2.111728359743457,0.6807168934616661,0.06372386325921009,0.5555924327912379,0.44941990637085283,31.17269170711484,93,heterogeneity,all,sigma=2.922
53.544355138801066,76.99531016557599,41.42129636530585,1.8588339072377913,62.100874585728484,25.20634130764231,2.4637004564760105,0.698639230003319,0.06704281447062728,0.5665449717889147,0.45980052920822306,40.28744658891021,94,heterogeneity,all,sigma=2.922
54.94925429684288,80.08995006380034,45.38603673082471,1.7646385503717241,61.98328374805721,28.897407018456093,2.144942752423079,0.703285761699303,0.067374709591769,0.5628941254563558,0.46203948707510684,41.364695357903834,95,heterogeneity,all,sigma=2.922
54.02842305583029,75.85927551698502,44.65717247738612,1.6987030595230654,62.30669200697839,25.805565082106053,2.4144672596293093,0.692665117822768,0.06438765350149353,0.5575838035180883,0.4565438632200285,41.990245602459844,96,heterogeneity,all,sigma=2.922
57.04738916814968,79.0177680958406,40.99689517206543,1.9274085943386738,65.32479179118029,26.898127261392606,2.428599997180555,0.6976435446398938,0.06073680716893462,0.5701958181214736,0.4604111540810096,41.3945941510554,97,heterogeneity,all,sigma=2.922
55.47449637239545,73.76220567980795,34.42207312965509,2.1428751662334014,61.21776591516651,32.47710605297557,1.8849513812994954,0.7039495519415865,0.05974112180550946,0.5692001327580485,0.46163240382658255,29.681811500077373,98,heterogeneity,all,sigma=2.922
51.52743639959904,73.58107386259704,44.9290093049335,1.637718592083831,61.17706390104405,20.391428640730155,3.0001362326741563,0.6906737470959177,0.06704281447062728,0.5695320278791902,0.45572969672297986,40.46358102363303,99,heterogeneity,all,sigma=2.922
123.79003556577013,406.60132252733075,462.4696768165929,0.8791956379198057,140.57010277480572,45.346864345168974,3.0998858422673132,0.8760806916426513,0.069164265129683,0.7226224783861671,0.7188755020080321,,0,heterogeneity,renewals,sigma=4.444
160.02112067504703,381.3779661795968,280.4022202718836,1.3601103650670279,179.68031623226696,59.419281666035396,3.0239395562227718,0.8854466858789626,0.051152737752161385,0.7363112391930836,0.7263339070567987,,1,heterogeneity,renewals,sigma=4.444
149.5285330845761,404.03776624749895,369.48724766817793,1.0935093668248856,168.61136988974448,60.12257875559456,2.8044600444563392,0.8811239193083573,0.059077809798270896,0.7226224783861671,0.7223178427997705,,2,heterogeneity,renewals,sigma=4.444
124.65701877541353,315.0709873836408,367.43080290521584,0.8574974795047815,142.02019022837752,45.2971142609987,3.135303264796681,0.8796829971181557,0.06051873198847262,0.7442363112391931,0.7223178427997705,,3,heterogeneity,renewals,sigma=4.444
146.7869901172121,370.02295446935057,325.9490559316177,1.135217138186709,164.1479703899778,55.21524109290676,2.9728742850869323,0.8782420749279539,0.0569164265129683,0.7276657060518732,0.7194492254733219,,4,heterogeneity,renewals,sigma=4.444
133.73951891067307,304.1498126586301,186.97004738710356,1.6267301469358726,152.90459548318154,50.08048376951004,3.053177285325522,0.8768011527377522,0.05403458213256484,0.7262247838616714,0.7188755020080321,,5,heterogeneity,renewals,sigma=4.444
138.87622684861952,376.0481184002937,398.7942095769148,0.9429628348898227,160.27164380100788,46.03864003237228,3.481241923921127,0.8811239193083573,0.06051873198847262,0.7370317002881844,0.7240390131956397,,6,heterogeneity,renewals,sigma=4.444
139.70782329644751,369.4026745772035,327.77667278876345,1.1269950098470434,158.43549162904378,47.33940308266251,3.3467995224272036,0.8796829971181557,0.059077809798270896,0.739193083573487,0.7228915662650602,,7,heterogeneity,renewals,sigma=4.444
151.35085444271894,407.8214767887955,307.1847314015255,1.3276098552428581,172.8126240838845,58.30832285942672,2.9637728476689644,0.877521613832853,0.059077809798270896,0.7226224783861671,0.7183017785427424,,8,heterogeneity,renewals,sigma=4.444
154.55167346790708,420.8401359707288,283.728023784663,1.4832519197685168,178.6302811739758,49.778991817197856,3.5884672359367036,0.8825648414985591,0.0569164265129683,0.7399135446685879,0.7240390131956397,,9,heterogeneity,renewals,sigma=4.444
120.45873826640118,316.28788386233276,393.5024791585835,0.8037760893873991,141.54518741257377,46.03517834371216,3.0747179115014136,0.8760806916426513,0.06412103746397695,0.7298270893371758,0.7177280550774526,,10,heterogeneity,renewals,sigma=4.444
117.06152983168532,289.866073138517,266.3332455852162,1.0883585806255314,136.8556186828334,45.99374778035918,2.975526572358932,0.8739193083573487,0.06051873198847262,0.723342939481268,0.7171543316121629,,11,heterogeneity,renewals,sigma=4.444
136.7863220971202,374.5214987928787,323.98311350497846,1.1559908006968505,158.4959456275467,45.57843922310991,3.4774324950377746,0.8746397694524496,0.061239193083573486,0.7327089337175793,0.7177280550774526,,12,heterogeneity,renewals,sigma=4.444
146.57152224859874,404.98908383208965,483.62412075082403,0.8374046422733137,159.7927417945249,60.20562672676738,2.654116408748904,0.8739193083573487,0.06340057636887608,0.7219020172910663,0.7165806081468732,,13,heterogeneity,renewals,sigma=4.444
149.906183148321,415.45399174919066,374.2266997027013,1.110166623811828,168.1366133350593,53.37255357452656,3.150244874461223,0.8760806916426513,0.06051873198847262,0.7298270893371758,0.7171543316121629,,14,heterogeneity,renewals,sigma=4.444
127.90765411590452,379.978024672563,374.50311180336706,1.014619138524196,141.98832825615952,56.94661546998817,2.4933585092689095,0.8825648414985591,0.06484149855907781,0.7269452449567724,0.72346528973035,,15,heterogeneity,renewals,sigma=4.444
122.41127222238154,282.0119285523403,256.3936931197395,1.099917572545892,141.70666050748966,42.32054579083617,3.3484128774675193,0.8623919308357348,0.05979827089337176,0.7255043227665706,0.7074010327022375,,16,heterogeneity,renewals,sigma=4.444
153.6626709741544,374.0662230179238,258.37311248570137,1.44777534867768,170.63906201235827,49.41580821875843,3.4531270086074004,0.8789625360230547,0.05403458213256484,0.7413544668587896,0.7194492254733219,,17,heterogeneity,renewals,sigma=4.444
145.47374279718974,401.9374854534146,374.2562546439947,1.0739633084709599,159.5827024059662,68.1151219314238,2.3428380935239184,0.877521613832853,0.061239193083573486,0.718299711815562,0.7200229489386116,,18,heterogeneity,renewals,sigma=4.444
145.66288615712804,412.65724708056723,346.52032701199533,1.1908601456049142,163.38950547193207,51.80806485411356,3.1537465437479844,0.8760806916426513,0.06195965417867435,0.7298270893371758,0.7183017785427424,,19,heterogeneity,renewals,sigma=4.444
157.3822917861872,447.57078058655964,462.9045740643259,0.9668748283406776,172.72059669513777,68.22031490613195,2.531805913426132,0.8796829971181557,0.06195965417867435,0.7139769452449568,0.7205966724039014,,20,heterogeneity,renewals,sigma=4.444
141.3710346043187,372.55172849168446,298.6944705105347,1.2472669074017724,166.37267906996718,49.47473355759059,3.3627806984812287,0.8876080691642652,0.05547550432276657,0.739193083573487,0.7269076305220884,,21,heterogeneity,renewals,sigma=4.444
130.36184026104672,344.80383915695114,296.4221824257381,1.1632187454234604,149.69849142915788,48.782319377732,3.068703852926923,0.8731988472622478,0.06268011527377522,0.7255043227665706,0.7165806081468732,,22,heterogeneity,renewals,sigma=4.444
138.19860651517246,357.98206220384304,326.84757917593225,1.0952568873430513,160.86676699302123,54.89191409111318,2.93060953797319,0.8703170028818443,0.061239193083573486,0.7118155619596542,0.7154331612162937,,23,heterogeneity,renewals,sigma=4.444
146.46563582292777,363.4749136181263,354.92301389672673,1.0240950836845084,164.6811215264975,63.99540247024182,2.573327382433059,0.8876080691642652,0.05475504322766571,0.7312680115273775,0.7263339070567987,,24,heterogeneity,renewals,sigma=4.444
148.0195293014011,371.21059649051404,321.69032671861794,1.1539377023767685,164.5533655017693,53.77860954113279,3.05982930584901,0.8717579250720461,0.059077809798270896,0.729106628242075,0.7154331612162937,,25,heterogeneity,renewals,sigma=4.444
169.718448864881,449.60584247623984,336.97391149401227,1.3342452550194792,191.9453933117764,61.08118774299934,3.142463341076332,0.8955331412103746,0.051152737752161385,0.7485590778097982,0.7320711417096959,,26,heterogeneity,renewals,sigma=4.444
156.76257744592857,375.58876905313076,298.8980953909183,1.256577993787185,172.86428650642856,65.73415871899697,2.6297482142487865,0.8847262247838616,0.05259365994236311,0.7305475504322767,0.7246127366609294,,27,heterogeneity,renewals,sigma=4.444
155.422264785818,429.22730569466495,369.3839008655425,1.1620086979667956,173.11134127078537,72.48398790518256,2.388270103146574,0.8847262247838616,0.0569164265129683,0.7219020172910663,0.7251864601262191,,28,heterogeneity,renewals,sigma=4.444
141.42673320274255,387.64855325794576,367.3285485312934,1.0553183377875168,161.57721285650572,46.722351116313774,3.458242340036881,0.8782420749279539,0.061239193083573486,0.7334293948126801,0.7217441193344808,,29,heterogeneity,renewals,sigma=4.444
168.10576879602192,499.91322777246063,451.87673138023604,1.1063044256461256,186.4909107674189,56.42388715091657,3.3051765871538232,0.8825648414985591,0.05979827089337176,0.7363112391930836,0.7251864601262191,,30,heterogeneity,renewals,sigma=4.444
122.46279484200969,320.7510469198322,341.7390452759057,0.938584722330664,140.7114934204564,48.99787038122211,2.871787943550758,0.877521613832853,0.06268011527377522,0.728386167146974,0.7188755020080321,,31,heterogeneity,renewals,sigma=4.444
168.85632339099593,548.4455517774038,425.71658094125155,1.2882879745129983,190.9496869867654,64.2842320209298,2.970396954024364,0.8861671469740634,0.06195965417867435,0.7312680115273775,0.7292025243832473,,32,heterogeneity,renewals,sigma=4.444
137.2265595709086,338.8209518308885,306.4285142793125,1.1057096061303548,150.72224241766244,65.05345421378945,2.3168983759468635,0.8832853025936599,0.056195965417867436,0.7219020172910663,0.7246127366609294,,33,heterogeneity,renewals,sigma=4.444
155.87129918222877,440.04300724508397,376.0108502310354,1.1702933757754725,170.10646501299755,50.30523077102885,3.3814866248653233,0.8768011527377522,0.06195965417867435,0.7370317002881844,0.7177280550774526,,34,heterogeneity,renewals,sigma=4.444
147.74766512893362,411.8368421969278,391.4862892223639,1.0519827987207102,170.73811818767052,58.923053414457776,2.8976454595236065,0.8861671469740634,0.05979827089337176,0.7348703170028819,0.7263339070567987,,35,heterogeneity,renewals,sigma=4.444
147.16711777450035,431.54471829759535,426.12860618001775,1.012710041144925,164.5662153358246,62.33136908011911,2.640182908934593,0.8933717579250721,0.05763688760806916,0.7471181556195965,0.7314974182444062,,36,heterogeneity,renewals,sigma=4.444
143.08125607059057,330.59763356815563,244.12112253933077,1.3542360862890612,163.87730227234871,49.27511870096554,3.3257616945961317,0.8840057636887608,0.05043227665706052,0.7377521613832853,0.7246127366609294,,37,heterogeneity,renewals,sigma=4.444
123.66576455714747,307.3540912546312,281.56281066032926,1.0916004515433537,140.49759999462756,48.992483363849274,2.8677378721793545,0.8731988472622478,0.05979827089337176,0.7255043227665706,0.7165806081468732,,38,heterogeneity,renewals,sigma=4.444
144.80191700568326,350.9444835566013,283.59613526946265,1.2374797816731413,163.10084512656076,59.69839937292829,2.7320807063467574,0.8840057636887608,0.05259365994236311,0.7334293948126801,0.7240390131956397,,39,heterogeneity,renewals,sigma=4.444
128.3804791007957,323.17160082570035,324.31258530877074,0.996481837169581,140.6341978383816,59.82195632582222,2.3508792837267456,0.8710374639769453,0.06051873198847262,0.7017291066282421,0.714859437751004,,40,heterogeneity,renewals,sigma=4.444
135.49635085577083,341.4681329757997,261.76350882833333,1.304490967836687,157.29471601422836,41.04408920688521,3.8323353996570577,0.8868876080691642,0.053314121037463975,0.7492795389048992,0.7274813539873781,,41,heterogeneity,renewals,sigma=4.444
143.54411776870919,402.7552492889025,378.86357575740783,1.0630614159298144,157.10491935176157,49.05107641402564,3.2028842349082285,0.8717579250720461,0.06484149855907781,0.7269452449567724,0.714859437751004,,42,heterogeneity,renewals,sigma=4.444
139.05201052833354,346.68719690869597,264.250507711227,1.311964165789062,159.04661469963918,52.641306744777125,3.0213272529641215,0.8840057636887608,0.05475504322766571,0.7355907780979827,0.7240390131956397,,43,heterogeneity,renewals,sigma=4.444
124.61474459469468,340.38819430278176,403.85615480069714,0.8428451324971467,144.74315517433544,50.34705465183875,2.8749080989000655,0.8695965417867435,0.06628242074927954,0.7175792507204611,0.7131382673551349,,44,heterogeneity,renewals,sigma=4.444
137.63656082599834,421.4240072615646,388.839836506596,1.0837984375461898,157.7811088323289,43.629470339774635,3.616388363268494,0.8703170028818443,0.0670028818443804,0.728386167146974,0.7142857142857143,,45,heterogeneity,renewals,sigma=4.444
126.78084969754048,318.6016257774337,344.11895877088347,0.9258473491707867,141.98835578724643,53.47810329577957,2.6550746387157673,0.8739193083573487,0.061239193083573486,0.7161383285302594,0.7171543316121629,,46,heterogeneity,renewals,sigma=4.444
153.27459910235373,394.3963422470285,341.7660198888683,1.1539951876294603,170.57183322038972,75.74485067166498,2.2519264571498865,0.8789625360230547,0.0569164265129683,0.7096541786743515,0.7217441193344808,,47,heterogeneity,renewals,sigma=4.444
128.96970842988407,330.581368455396,293.186173011827,1.1275476092866785,143.61758114409972,51.43690750303846,2.7921115035077873,0.8854466858789626,0.05763688760806916,0.7377521613832853,0.7246127366609294,,48,heterogeneity,renewals,sigma=4.444
139.55649050922244,348.4438332163687,236.23078873844574,1.4750144766360878,160.52665824820258,56.044362445133466,2.864278425958643,0.8746397694524496,0.058357348703170026,0.7161383285302594,0.7160068846815835,,49,heterogeneity,renewals,sigma=4.444
151.08441565191063,452.705736229743,513.9113998135708,0.8809023041597616,170.10243217400395,55.30166351897641,3.0759008201558786,0.8753602305475504,0.06628242074927954,0.7319884726224783,0.7205966724039014,,50,heterogeneity,renewals,sigma=4.444
191.79488325658178,606.5975747420764,493.21240173824424,1.2298911637343772,206.30957849497094,94.73620222387812,2.177726926475536,0.8962536023054755,0.05763688760806916,0.7262247838616714,0.7349397590361446,,51,heterogeneity,renewals,sigma=4.444
130.47175615426622,345.31449553067915,296.7484619324552,1.163660607647154,150.1422730103439,47.32506823999222,3.1725738301939868,0.877521613832853,0.059077809798270896,0.7298270893371758,0.7188755020080321,,52,heterogeneity,renewals,sigma=4.444
136.14529440584624,387.93169995533304,347.66237091934715,1.1158288397145166,152.92115588871647,48.54643132311544,3.149997882870185,0.8789625360230547,0.06268011527377522,0.7348703170028819,0.7200229489386116,,53,heterogeneity,renewals,sigma=4.444
151.60231053609806,374.6721307800861,318.26613142547643,1.1772290350279306,171.8397682345852,58.02967333087037,2.96123962743679,0.8695965417867435,0.059077809798270896,0.7211815561959655,0.7142857142857143,,54,heterogeneity,renewals,sigma=4.444
144.1389906499354,385.9900963735872,308.02698333624323,1.253104816314872,158.6005739254648,48.90714504882307,3.242891683150527,0.8710374639769453,0.06051873198847262,0.7305475504322767,0.7165806081468732,,55,heterogeneity,renewals,sigma=4.444
130.1235891690397,291.59782198990746,249.5075116333506,1.168693559889324,145.9450384670768,47.82060441833044,3.0519279344602688,0.8674351585014409,0.0569164265129683,0.712536023054755,0.7108433734939759,,56,heterogeneity,renewals,sigma=4.444
139.13751332338467,379.74604866174667,371.9601857266587,1.020931979372678,155.58330798853902,65.10888661864142,2.3895863693665698,0.8818443804034583,0.06051873198847262,0.7168587896253602,0.7217441193344808,,57,heterogeneity,renewals,sigma=4.444
138.65488814076477,379.1162678933977,323.75316252754385,1.1710040604194676,158.42660450075883,54.63288499540198,2.8998396206623966,0.8890489913544669,0.05763688760806916,0.739193083573487,0.7269076305220884,,58,heterogeneity,renewals,sigma=4.444
147.10084494680217,341.76764997244413,254.61030022613525,1.3423166685279386,161.94645234516062,68.23388361658697,2.373402241841516,0.8760806916426513,0.05475504322766571,0.7096541786743515,0.7188755020080321,,59,heterogeneity,renewals,sigma=4.444
124.563299619413,336.9371278386944,315.17122271865213,1.0690605726382332,141.73844022061866,46.52647635631122,3.046403925694926,0.8789625360230547,0.05979827089337176,0.7255043227665706,0.7205966724039014,,60,heterogeneity,renewals,sigma=4.444
142.89849292660026,330.1653204432576,237.0557863350974,1.3927747790831917,159.2747979960312,56.77933553608288,2.8051543134881025,0.8674351585014409,0.05547550432276657,0.7096541786743515,0.7131382673551349,,61,heterogeneity,renewals,sigma=4.444
140.53852669905896,365.599235721176,332.27689200907184,1.1002848663673983,154.81977812566956,46.89081599220943,3.3017079112334433,0.8645533141210374,0.06412103746397695,0.718299711815562,0.7079747561675273,,62,heterogeneity,renewals,sigma=4.444
109.69465622942748,239.27816967747836,191.39042582014997,1.2502097147865097,126.82652983250438,43.43547365305045,2.919883661118944,0.8695965417867435,0.05475504322766571,0.7255043227665706,0.7137119908204246,,63,heterogeneity,renewals,sigma=4.444
156.2337523035348,473.2991229289278,552.0779069582761,0.8573049509200843,177.8324399783624,54.847968339979445,3.242279438247449,0.888328530259366,0.05979827089337176,0.7384726224783862,0.7274813539873781,,64,heterogeneity,renewals,sigma=4.444
150.91826239138047,354.46814920590407,234.46348785715608,1.5118266491960544,165.61621639630698,62.39262624601969,2.6544197024704084,0.8789625360230547,0.053314121037463975,0.7255043227665706,0.7188755020080321,,65,heterogeneity,renewals,sigma=4.444
160.86392194366533,424.9473283940372,348.43498551901973,1.219588577654011,182.4968500126994,48.79956653817711,3.739722767207934,0.8818443804034583,0.059077809798270896,0.7449567723342939,0.7223178427997705,,66,heterogeneity,renewals,sigma=4.444
147.56039455270547,334.08940158625904,222.29683115342007,1.5028977239701826,165.41697888529774,58.70880118043406,2.817584000342804,0.8796829971181557,0.051152737752161385,0.7276657060518732,0.7223178427997705,,67,heterogeneity,renewals,sigma=4.444
165.94825123996904,493.92353958393585,490.93273858411027,1.0060920789443606,185.57133800187336,53.70197568097423,3.4555774838581663,0.8825648414985591,0.06195965417867435,0.7406340057636888,0.7240390131956397,,68,heterogeneity,renewals,sigma=4.444
174.01890623984812,421.09779957752454,246.88652727889723,1.7056329651468922,191.75032178919872,59.67422173113251,3.2132856738902564,0.8840057636887608,0.05259365994236311,0.7399135446685879,0.7246127366609294,,69,heterogeneity,renewals,sigma=4.444
156.01300991794898,432.1599506562122,410.47924637865856,1.0528180278755277,174.95295974784844,64.87925513984698,2.696593223376841,0.8789625360230547,0.06051873198847262,0.7240634005763689,0.7205966724039014,,70,heterogeneity,renewals,sigma=4.444
130.65903832956403,308.39109202600764,204.05872377315194,1.5112859980876874,148.26689828489165,44.242804691907295,3.3512092941976617,0.8804034582132565,0.05403458213256484,0.7377521613832853,0.7205966724039014,,71,heterogeneity,renewals,sigma=4.444
123.77280567487229,320.2242873312257,330.15326861418725,0.9699261457424357,144.09688426544898,42.6322191882131,3.3799996108410113,0.8760806916426513,0.06195965417867435,0.7348703170028819,0.7200229489386116,,72,heterogeneity,renewals,sigma=4.444
146.89169807729948,381.9371095779952,387.86918582308334,0.9847059873227623,164.66547210665541,64.49011194539294,2.553344491727446,0.8861671469740634,0.05763688760806916,0.7348703170028819,0.7257601835915088,,73,heterogeneity,renewals,sigma=4.444
139.80613734776765,447.20998415414533,468.2743492658175,0.9550170425847628,158.0033820751173,50.873115108659725,3.1058326532125737,0.8811239193083573,0.06628242074927954,0.734149855907781,0.7240390131956397,,74,heterogeneity,renewals,sigma=4.444
162.57314001849198,421.6162494884996,306.4170856565087,1.3759554190170986,184.93005988334534,65.44802500460807,2.8256018400910454,0.8890489913544669,0.05403458213256484,0.734149855907781,0.7286288009179576,,75,heterogeneity,renewals,sigma=4.444
130.30544507217968,337.4981479158723,334.8160341487424,1.0080107088477679,152.06305903906244,52.44738413521021,2.8993449634597868,0.8789625360230547,0.05979827089337176,0.7247838616714697,0.7200229489386116,,76,heterogeneity,renewals,sigma=4.444
144.2902052713515,356.9647687285113,289.3514609625163,1.2336719073098228,162.50656497092936,55.3549196552536,2.935720365651479,0.8876080691642652,0.05475504322766571,0.7449567723342939,0.7269076305220884,,77,heterogeneity,renewals,sigma=4.444
133.5609862862875,355.05989327848823,329.50266025989356,1.0775630551766608,151.7579721654012,51.00285104411365,2.9754801752972972,0.8731988472622478,0.06340057636887608,0.7190201729106628,0.7160068846815835,,78,heterogeneity,renewals,sigma=4.444
133.26053990251552,383.2483432765371,331.6578127611994,1.155553490767558,152.92009334094422,52.36187557194218,2.9204472084053,0.8868876080691642,0.061239193083573486,0.7377521613832853,0.7269076305220884,,79,heterogeneity,renewals,sigma=4.444
163.45703545471594,430.34122703884117,407.1619253570311,1.0569289519433445,185.64548364620384,66.05610318008358,2.8104213647010496,0.8861671469740634,0.056195965417867436,0.734149855907781,0.7257601835915088,,80,heterogeneity,renewals,sigma=4.444
122.28933191354089,271.73367803190035,274.6359745092436,0.9894322057314979,135.69206851008937,52.95609938532649,2.562350136907705,0.8739193083573487,0.0569164265129683,0.7175792507204611,0.7154331612162937,,81,heterogeneity,renewals,sigma=4.444
145.22973197897176,410.795783046427,362.1426888378069,1.1343478570967656,158.4908951654717,49.12265394198027,3.2264318485859578,0.8804034582132565,0.06051873198847262,0.734149855907781,0.7211703958691911,,82,heterogeneity,renewals,sigma=4.444
131.0911873091856,319.8108953447274,247.52569285916394,1.2920311085713916,146.90371239195755,52.16539295383284,2.816114363826791,0.877521613832853,0.05547550432276657,0.7226224783861671,0.7188755020080321,,83,heterogeneity,renewals,sigma=4.444
158.856988549732,410.5793169950959,363.2714760808401,1.1302272378350129,177.83544602541738,64.31733923712136,2.764968951370706,0.8933717579250721,0.05475504322766571,0.7442363112391931,0.7314974182444062,,84,heterogeneity,renewals,sigma=4.444
141.29279955049492,353.66827926546387,331.55985598668553,1.0666800364386275,158.75896925679817,59.06496733397763,2.6878702625722224,0.8832853025936599,0.05547550432276657,0.7262247838616714,0.7246127366609294,,85,heterogeneity,renewals,sigma=4.444
153.68112452772877,421.5028353467413,410.01896764230247,1.0280081376978083,177.8599179836794,52.69816044220362,3.3750688162776794,0.8868876080691642,0.0569164265129683,0.7399135446685879,0.7269076305220884,,86,heterogeneity,renewals,sigma=4.444
145.954571336068,415.70715838653837,348.7192611751023,1.192096923426892,163.85130141525556,48.26700802916891,3.394685274799637,0.8804034582132565,0.06195965417867435,0.7377521613832853,0.7211703958691911,,87,heterogeneity,renewals,sigma=4.444
107.56460744504146,244.1516650656545,210.2474422806169,1.1612586693910203,125.9217790037814,38.40552105258173,3.278741585913637,0.8667146974063401,0.059077809798270896,0.7197406340057637,0.7108433734939759,,88,heterogeneity,renewals,sigma=4.444
159.09477454021567,442.89233490656846,431.9375739186893,1.025361907945386,179.81090909421698,62.14329853423977,2.8934883299627976,0.8847262247838616,0.059077809798270896,0.7319884726224783,0.7246127366609294,,89,heterogeneity,renewals,sigma=4.444
149.95021880447254,360.04084601099373,252.53975101732496,1.425679896177192,166.22574322226401,69.51352713775192,2.391271887166101,0.8832853025936599,0.05403458213256484,0.7219020172910663,0.7228915662650602,,90,heterogeneity,renewals,sigma=4.444
144.33414937855196,389.47104605537,364.9872503731447,1.0670812354601271,162.60453499655935,46.0642762509437,3.529948763565522,0.8760806916426513,0.05979827089337176,0.7355907780979827,0.7171543316121629,,91,heterogeneity,renewals,sigma=4.444
126.99822418908656,339.30994154766114,364.1432003884829,0.9318035904162741,144.09397664636535,50.19444134369943,2.8707158161140183,0.8782420749279539,0.061239193083573486,0.7226224783861671,0.7211703958691911,,92,heterogeneity,renewals,sigma=4.444
160.69465152555102,516.5649173585355,616.9047215139672,0.8373495928039191,176.4792028466422,72.02831136206385,2.4501366130817135,0.8768011527377522,0.0670028818443804,0.7103746397694525,0.7194492254733219,,93,heterogeneity,renewals,sigma=4.444
107.19436937802777,233.1726914502225,236.6985191928737,0.9851041411045829,125.7980571464656,41.55117677186308,3.027544991978456,0.8710374639769453,0.059077809798270896,0.7298270893371758,0.7131382673551349,,94,heterogeneity,renewals,sigma=4.444
134.842813556743,367.67676136510596,479.16265373463466,0.7673318412847951,158.28807502924096,46.54242329307851,3.400941846807116,0.8789625360230547,0.06340057636887608,0.7370317002881844,0.7205966724039014,,95,heterogeneity,renewals,sigma=4.444
161.38360011235437,412.58909206067335,291.9834468800305,1.413056447101253,177.0041465306127,51.68419128265151,3.424725087843766,0.8811239193083573,0.053314121037463975,0.739193083573487,0.7217441193344808,,96,heterogeneity,renewals,sigma=4.444
139.87184984102657,356.7990421124426,359.1985012203902,0.9933199634748048,156.6482294486868,44.07627634594748,3.554025939468672,0.877521613832853,0.058357348703170026,0.7471181556195965,0.7188755020080321,,97,heterogeneity,renewals,sigma=4.444
151.74331187040602,431.4433343477422,415.9950739070706,1.0371356811886734,168.39010765041857,61.95010299747693,2.718157024811995,0.8804034582132565,0.06195965417867435,0.7226224783861671,0.7211703958691911,,98,heterogeneity,renewals,sigma=4.444
123.10755200922608,314.88271569010146,305.6545772774315,1.0301913961010107,141.32961643495364,43.60276665738454,3.2412992860171665,0.8760806916426513,0.06051873198847262,0.7334293948126801,0.7171543316121629,,99,heterogeneity,renewals,sigma=4.444
20.075378858058787,25.700729141483702,22.0595662527962,1.1650604933460993,21.49459005983527,15.244556760877114,1.4099845864327087,0.5095384615384615,0.08307692307692308,0.38953846153846156,0.29652996845425866,,0,heterogeneity,new needs,sigma=2.469
23.23839293787014,28.788180907839084,17.03838949434485,1.6896069266050096,25.220886629272712,15.954511298312784,1.5807996971953544,0.5310769230769231,0.07507692307692308,0.4166153846153846,0.30725552050473187,,1,heterogeneity,new needs,sigma=2.469
23.416459438535373,30.271824661956995,27.436313874279755,1.1033488245057366,24.679658278606595,18.47210154162161,1.3360503797035779,0.5273846153846153,0.08492307692307692,0.40307692307692305,0.3056782334384858,,2,heterogeneity,new needs,sigma=2.469
25.792649957222224,31.8089436408235,18.173572205559577,1.750285705035615,27.81710232685343,18.0842545451184,1.538194580122313,0.5384615384615384,0.072,0.42153846153846153,0.3110410094637224,,3,heterogeneity,new needs,sigma=2.469
24.293230393176664,31.63622689161471,24.343140469618312,1.299595133631119,26.141715140387745,17.30951588875546,1.510251084339674,0.5249230769230769,0.08123076923076923,0.4135384615384615,0.30504731861198736,,4,heterogeneity,new needs,sigma=2.469
21.389266398195943,26.55556697184464,20.01552870294734,1.326748214646674,23.26963984495529,14.559020896717215,1.5982970290400609,0.5169230769230769,0.07876923076923077,0.408,0.3025236593059937,,5,heterogeneity,new needs,sigma=2.469
26.10507872921628,33.1720525044727,20.162487059833758,1.645236146018695,28.12516698179726,17.884195944330738,1.5726268639274719,0.5341538461538462,0.08246153846153846,0.4196923076923077,0.3078864353312303,,6,heterogeneity,new needs,sigma=2.469
23.332858024639172,28.622450612360556,17.075214671756747,1.6762571459615971,24.655509410428746,18.15972866339732,1.357702522291773,0.5236923076923077,0.07446153846153847,0.40615384615384614,0.30315457413249214,,7,heterogeneity,new needs,sigma=2.469
22.981045755760356,29.5438678865319,22.794401252185274,1.2961019488809586,24.09099213841394,18.878279459119543,1.2761222329917512,0.5243076923076923,0.08061538461538462,0.3963076923076923,0.3034700315457413,,8,heterogeneity,new needs,sigma=2.469
23.36692531734384,30.223382920411836,22.368815684072878,1.3511391638821357,25.042176339220493,17.247413072330115,1.4519381100343363,0.5218461538461538,0.08492307692307692,0.4024615384615385,0.3034700315457413,,9,heterogeneity,new needs,sigma=2.469
23.653453691571276,29.41581160020161,17.74067812976971,1.6580996163185255,25.387388293663147,16.94352604510396,1.4983533076929487,0.5249230769230769,0.072,0.4104615384615385,0.3041009463722397,,10,heterogeneity,new needs,sigma=2.469
18.78151732437514,24.095857242188664,26.335101404742232,0.9149711205535613,20.466574098173368,12.909446413898193,1.5853951782269484,0.5015384615384615,0.08615384615384615,0.3889230769230769,0.29305993690851734,,11,heterogeneity,new needs,sigma=2.469
21.57031618920018,26.835240373903144,20.23058043003724,1.3264691276014835,24.288418366128234,12.440801902904214,1.9523193565567731,0.5070769230769231,0.07753846153846154,0.40492307692307694,0.295583596214511,,12,heterogeneity,new needs,sigma=2.469
22.777337067172606,28.88987007503465,22.99500248930389,1.2563542921325082,24.460858395087662,16.533837077369267,1.4794423267039765,0.5341538461538462,0.07815384615384616,0.4147692307692308,0.3094637223974763,,13,heterogeneity,new needs,sigma=2.469
24.356490522914733,31.023371494093386,22.505021930723224,1.3785088319216943,26.69895778979837,15.74192295218162,1.6960417015697726,0.5323076923076923,0.08061538461538462,0.42153846153846153,0.30914826498422715,,14,heterogeneity,new needs,sigma=2.469
26.42422850353774,34.20862307452159,25.360988321364527,1.3488679006134658,27.76756430834554,20.585934104170757,1.3488610314126952,0.5464615384615384,0.08184615384615385,0.4276923076923077,0.316403785488959,,15,heterogeneity,new needs,sigma=2.469
25.70843365085941,33.15279432164637,20.73074668840116,1.5992088861997107,28.345706953101292,16.070325968633824,1.7638538887404427,0.5316923076923077,0.07753846153846154,0.42523076923076925,0.3078864353312303,,16,heterogeneity,new needs,sigma=2.469
26.680477162383937,34.13355997813417,23.93291449705353,1.426218272844976,29.62477640522355,16.450269337761625,1.8008687758819741,0.5378461538461539,0.07815384615384616,0.42153846153846153,0.3107255520504732,,17,heterogeneity,new needs,sigma=2.469
23.595062344842233,29.065049319676096,18.22159843540601,1.5950877977422884,24.714164307313723,19.084607288439088,1.2949789290285716,0.5224615384615384,0.07323076923076922,0.4012307692307692,0.30315457413249214,,18,heterogeneity,new needs,sigma=2.469
24.660444913565666,31.20730702435327,24.31665076894505,1.2833719298304158,26.43439159244855,18.110961720230453,1.4595796733930806,0.5347692307692308,0.07815384615384616,0.41784615384615387,0.31041009463722397,,19,heterogeneity,new needs,sigma=2.469
20.831574205828666,26.70758147919829,20.46595536590074,1.3049760444458414,23.204150349206977,12.819219097274265,1.8101063858204005,0.5101538461538462,0.08184615384615385,0.408,0.2974763406940063,,20,heterogeneity,new needs,sigma=2.469
21.231729792954145,26.98161474651553,21.05047364022435,1.2817580833410627,22.877900723772463,15.318704737027339,1.4934618243847695,0.5156923076923077,0.07876923076923077,0.3963076923076923,0.3,,21,heterogeneity,new needs,sigma=2.469
24.89650770115395,32.520414082109184,30.82267587234889,1.0550808183167295,27.67516094708928,14.857410058947446,1.8627177171045848,0.5353846153846153,0.08492307692307692,0.4270769230769231,0.30977917981072556,,22,heterogeneity,new needs,sigma=2.469
21.507970184050702,27.34620766392285,20.090243234362923,1.3611685704804768,24.483197839722735,12.111430207693017,2.021495184290567,0.512,0.07815384615384616,0.408,0.2974763406940063,,23,heterogeneity,new needs,sigma=2.469
20.39876736214728,26.625898550577233,22.089047410256534,1.2053891712059124,23.07167253181367,11.528962488304021,2.0011924364590117,0.5101538461538462,0.08369230769230769,0.40984615384615386,0.29716088328075707,,24,heterogeneity,new needs,sigma=2.469
23.466004511472338,30.353400485754822,24.036659229268093,1.2627961396896281,25.28269007937756,16.163763914355737,1.5641585841848946,0.5323076923076923,0.08553846153846154,0.42215384615384616,0.3088328075709779,,25,heterogeneity,new needs,sigma=2.469
28.936406703611333,37.49462675130043,27.848345513845754,1.3463861518329232,31.213997447624532,19.99503214133929,1.5610876355177383,0.5618461538461539,0.08369230769230769,0.4430769230769231,0.32302839116719245,,26,heterogeneity,new needs,sigma=2.469
26.8638869964411,35.34220677157371,30.08472671630756,1.174755785712898,30.136317846418482,14.859483283017967,2.0280865271310957,0.5372307692307692,0.08307692307692308,0.4338461538461538,0.3110410094637224,,27,heterogeneity,new needs,sigma=2.469
25.08461665236198,32.44255598186802,23.483004442771968,1.3815334430877642,27.965828810975285,14.766899416778788,1.893818602109479,0.5323076923076923,0.08246153846153846,0.4289230769230769,0.3094637223974763,,28,heterogeneity,new needs,sigma=2.469
22.54261767781191,28.66694491833351,28.006177743641512,1.0235936221193918,25.547021103840674,12.38291044526948,2.0630869630168527,0.5236923076923077,0.08369230769230769,0.41784615384615387,0.3041009463722397,,29,heterogeneity,new needs,sigma=2.469
21.673447174717392,26.66360212710501,16.62287323799146,1.6040308883644456,23.84300510458927,14.226560934234291,1.6759500215694652,0.5163076923076924,0.07323076923076922,0.40615384615384614,0.2996845425867508,,30,heterogeneity,new needs,sigma=2.469
22.88448577325608,29.02165967147487,19.580821578574028,1.48214718953526,25.059674449529176,15.366430984959846,1.6308064295513223,0.5175384615384615,0.07753846153846154,0.4006153846153846,0.30094637223974763,,31,heterogeneity,new needs,sigma=2.469
25.224962430974465,32.80896108732283,24.324986864825583,1.3487761070393525,27.610236075178715,16.421806927969584,1.6813153507579621,0.5304615384615384,0.08061538461538462,0.4196923076923077,0.3082018927444795,,32,heterogeneity,new needs,sigma=2.469
21.349194560701562,27.517058212768873,20.010186556862124,1.3751525071780206,22.627790232668517,16.661600976863284,1.3580801907385749,0.5113846153846154,0.08246153846153846,0.392,0.29779179810725553,,33,heterogeneity,new needs,sigma=2.469
26.23970182420658,32.99673732328874,21.353484149994763,1.5452624541975193,28.645274592931276,17.689094718230653,1.6193748209968608,0.5390769230769231,0.07384615384615385,0.4246153846153846,0.3132492113564669,,34,heterogeneity,new needs,sigma=2.469
22.495915861161166,28.97564962608403,23.607336417628893,1.2274002078627695,24.83117487504663,14.606768553131854,1.6999772937267872,0.5132307692307693,0.08553846153846154,0.39876923076923076,0.2987381703470032,,35,heterogeneity,new needs,sigma=2.469
23.897166973974407,30.97839615837896,24.814450553353762,1.2484014542966424,25.46663511268242,18.018271151329238,1.413378392343913,0.5347692307692308,0.08184615384615385,0.40923076923076923,0.30914826498422715,,36,heterogeneity,new needs,sigma=2.469
21.808097545563687,27.218092175672652,19.572110806246567,1.390656963120494,24.076492173651193,13.895914843482904,1.7326309526819614,0.5144615384615384,0.07692307692307693,0.4086153846153846,0.2996845425867508,,37,heterogeneity,new needs,sigma=2.469
22.39573043591762,28.14940806427848,21.08283151158704,1.3351815693640425,24.735139709423187,14.585879508151173,1.6958277830006891,0.5236923076923077,0.07384615384615385,0.40676923076923077,0.30504731861198736,,38,heterogeneity,new needs,sigma=2.469
26.37634942699418,32.936486831734776,20.752984815975932,1.5870722753278272,28.704482018913485,17.954573948784674,1.5987281068764354,0.536,0.07446153846153847,0.4196923076923077,0.3088328075709779,,39,heterogeneity,new needs,sigma=2.469
25.359246309213447,30.341858542698937,17.05453186073532,1.7791082622769059,27.750248395627345,15.957428669241871,1.7390175429150607,0.544,0.06523076923076923,0.43815384615384617,0.31514195583596216,,40,heterogeneity,new needs,sigma=2.469
22.952643719729263,30.405951381904217,23.977932036584516,1.2680806391273485,24.782432923246436,16.506694768186993,1.501356466044862,0.5310769230769231,0.09292307692307693,0.41107692307692306,0.30725552050473187,,41,heterogeneity,new needs,sigma=2.469
23.337331841002012,29.482244505895263,21.260350260570473,1.386724308139605,25.346891282447473,15.69760199030683,1.6146983022055865,0.52,0.08123076923076923,0.41107692307692306,0.30315457413249214,,42,heterogeneity,new needs,sigma=2.469
20.649074640445047,26.091057287473582,20.29961028625789,1.2852984328047072,22.23632911207956,15.102721374615676,1.4723392268531084,0.5089230769230769,0.08061538461538462,0.392,0.29652996845425866,,43,heterogeneity,new needs,sigma=2.469
25.92701333614899,32.61898830668592,20.85899288216725,1.5637853893978035,27.507619594548775,19.59520045260401,1.4037937331176054,0.5427692307692308,0.07692307692307693,0.4258461538461538,0.3132492113564669,,44,heterogeneity,new needs,sigma=2.469
22.440137194019346,29.388274653553328,26.45532310324702,1.1108643254463344,25.207343658017212,12.93174125597578,1.949261368523659,0.5292307692307693,0.08738461538461538,0.42338461538461536,0.30977917981072556,,45,heterogeneity,new needs,sigma=2.469
20.35109429987502,26.082722764830024,22.825234481887858,1.142714340373021,21.306263629118526,16.729675760399047,1.2735610620471651,0.5070769230769231,0.08492307692307692,0.3821538461538462,0.295583596214511,,46,heterogeneity,new needs,sigma=2.469
20.874955836342007,26.974374589694172,28.618785043092416,0.9425408712870867,23.053437339333396,12.826836691914513,1.7972815818155143,0.5175384615384615,0.08553846153846154,0.4104615384615385,0.3028391167192429,,47,heterogeneity,new needs,sigma=2.469
24.003962237518685,29.255640938074812,17.962048182025992,1.6287474925799346,25.370609668712312,18.776087294661274,1.3512192008143304,0.5224615384615384,0.07323076923076922,0.4006153846153846,0.3034700315457413,,48,heterogeneity,new needs,sigma=2.469
25.338433219437277,32.16244240420264,22.42222880992408,1.4343998840100833,27.998419527570384,15.254525466849136,1.8354172726261495,0.5378461538461539,0.07815384615384616,0.432,0.3110410094637224,,49,heterogeneity,new needs,sigma=2.469
22.609854957610022,28.080723052357193,17.356878007208074,1.6178441215462627,24.015404155243417,16.936366707572763,1.4179785174647526,0.5181538461538462,0.07261538461538461,0.40307692307692305,0.30157728706624604,,50,heterogeneity,new needs,sigma=2.469
22.20523144104566,28.139096090419255,19.562476586558486,1.4384219690135667,23.8331556199296,15.779602607735859,1.5103774291657721,0.5261538461538462,0.07815384615384616,0.41292307692307695,0.30630914826498423,,51,heterogeneity,new needs,sigma=2.469
22.893412994947425,28.87485916296251,19.042301427809807,1.5163534340861244,24.486290528739545,16.67446847812356,1.4684900187891972,0.5310769230769231,0.07815384615384616,0.4203076923076923,0.3078864353312303,,52,heterogeneity,new needs,sigma=2.469
25.36420238688587,31.823240883480597,21.57077706964483,1.4752941343157917,27.059412361365162,19.082754515815118,1.418003482617736,0.5366153846153846,0.07815384615384616,0.4153846153846154,0.3110410094637224,,53,heterogeneity,new needs,sigma=2.469
25.934150891128514,32.435700725485994,18.287826994321847,1.77362246129936,27.169681125604875,20.65370015514056,1.315487342293121,0.5452307692307692,0.07138461538461538,0.4246153846153846,0.31482649842271293,,54,heterogeneity,new needs,sigma=2.469
19.490715990625745,24.318943540111672,19.211747098569813,1.265837168027371,21.795356916086792,11.949490200210366,1.823957051799841,0.5021538461538462,0.07938461538461539,0.3956923076923077,0.29369085173501575,,55,heterogeneity,new needs,sigma=2.469
22.64660360623848,27.480069592394347,18.367891815604093,1.4960927398891353,24.450248841953325,16.16584790114534,1.5124631254399616,0.5138461538461538,0.07138461538461538,0.39876923076923076,0.29905362776025235,,56,heterogeneity,new needs,sigma=2.469
21.768451591695978,28.079935186581825,22.086391233608172,1.271368187295961,24.77112542739903,12.524290463920954,1.977846609255658,0.528,0.08123076923076923,0.4166153846153846,0.3053627760252366,,57,heterogeneity,new needs,sigma=2.469
20.28393124707041,25.337043263550157,17.090108909742344,1.4825559858841264,22.43659815513926,13.15990944918496,1.7049204055525504,0.5070769230769231,0.07630769230769231,0.39753846153846156,0.295583596214511,,58,heterogeneity,new needs,sigma=2.469
23.89086824391787,29.87217559951594,21.35098202353666,1.3991007798416852,25.733036044004592,16.809841853749997,1.530831537136917,0.5267692307692308,0.07692307692307693,0.4135384615384615,0.3056782334384858,,59,heterogeneity,new needs,sigma=2.469
23.005338823137997,29.163912199092834,20.75030843486536,1.4054688531805464,24.752248785686277,16.93390204983568,1.4616978835026664,0.5064615384615384,0.08246153846153846,0.39076923076923076,0.29589905362776026,,60,heterogeneity,new needs,sigma=2.469
20.995797637339514,25.28546811132711,14.03088061501489,1.8021298024778523,23.33051075122412,13.255551529487573,1.7600558301421367,0.5169230769230769,0.07138461538461538,0.4024615384615385,0.3,,61,heterogeneity,new needs,sigma=2.469
23.41039948907839,30.726150189289122,24.239426018467697,1.2676104692363293,25.264725436311213,16.782213261513593,1.5054465726669344,0.5267692307692308,0.08307692307692308,0.40615384615384614,0.3056782334384858,,62,heterogeneity,new needs,sigma=2.469
22.19099018345955,28.54733999812312,22.496971005093624,1.2689414940197774,24.26030140964588,15.144412508443773,1.601930837272132,0.5138461538461538,0.08369230769230769,0.39753846153846156,0.2987381703470032,,63,heterogeneity,new needs,sigma=2.469
22.798303332609994,29.85673277706798,27.116716476458212,1.1010452833767153,24.96169772254459,14.996683940377544,1.6644811494184344,0.5218461538461538,0.08923076923076922,0.41292307692307695,0.30378548895899055,,64,heterogeneity,new needs,sigma=2.469
25.259207622807796,32.51918116184973,22.8599838862023,1.4225373615192036,27.790643174066375,16.521180353521594,1.682122135307519,0.544,0.07876923076923077,0.4270769230769231,0.31482649842271293,,65,heterogeneity,new needs,sigma=2.469
21.807584009461724,27.11026657760898,19.884284637646186,1.3634016547058527,24.215008722458588,13.499677309890197,1.7937472256998377,0.5218461538461538,0.07815384615384616,0.4166153846153846,0.30315457413249214,,66,heterogeneity,new needs,sigma=2.469
20.997044105755197,26.63124632516137,23.94853184076854,1.1120199978115544,22.5356756420799,15.595828143819219,1.4449810189150496,0.5033846153846154,0.08123076923076923,0.3833846153846154,0.29369085173501575,,67,heterogeneity,new needs,sigma=2.469
20.957366217075,25.736776177414175,17.435197360184258,1.4761390792276172,22.519723537029993,15.24853920490073,1.4768446494725458,0.5169230769230769,0.07015384615384615,0.4024615384615385,0.30126182965299686,,68,heterogeneity,new needs,sigma=2.469
22.83984840801723,27.9180228297422,15.690503985348114,1.7792942059612755,24.648873174258185,16.249430561750213,1.5169068897884674,0.528,0.07138461538461538,0.4116923076923077,0.3056782334384858,,69,heterogeneity,new needs,sigma=2.469
22.710644083608287,28.90888245459406,21.948499917827483,1.3171233825922228,24.292980335224357,17.054012090485163,1.4244730334616091,0.5310769230769231,0.07815384615384616,0.4104615384615385,0.30725552050473187,,70,heterogeneity,new needs,sigma=2.469
22.198026384153778,26.921300395399943,13.983000049037623,1.9252878710568835,25.121463404866486,12.557442055670748,2.00052393580602,0.5144615384615384,0.06953846153846154,0.40923076923076923,0.2993690851735016,,71,heterogeneity,new needs,sigma=2.469
19.362514791734682,25.74635625855824,24.321822267692585,1.0585701998471515,21.683770816553,11.976298229013626,1.8105570186973279,0.5052307692307693,0.09230769230769231,0.39384615384615385,0.2943217665615142,,72,heterogeneity,new needs,sigma=2.469
27.178435799879225,34.07493294445722,23.764006768803565,1.433888370592009,30.01111190096123,16.792938042594855,1.7871269354319546,0.5513846153846154,0.07630769230769231,0.44246153846153846,0.31829652996845426,,73,heterogeneity,new needs,sigma=2.469
24.267161590721674,29.983298936575334,18.74418588786742,1.5996052917925163,26.214199149127303,16.591350920963954,1.5799918447872998,0.5243076923076923,0.07261538461538461,0.416,0.30378548895899055,,74,heterogeneity,new needs,sigma=2.469
21.372116716934705,27.325975410913262,22.092083519365485,1.2369125522705837,23.370166919934437,14.328717806553993,1.6310019665014872,0.5230769230769231,0.08369230769230769,0.4086153846153846,0.3034700315457413,,75,heterogeneity,new needs,sigma=2.469
23.99564260423579,29.881257477421528,18.474001606989056,1.6174761761478302,26.019055960487332,16.596447711529418,1.5677484973131994,0.5224615384615384,0.072,0.40923076923076923,0.3047318611987382,,76,heterogeneity,new needs,sigma=2.469
23.69348531594903,29.513630109627943,18.786358911390916,1.571013853660203,26.285823012984014,14.663200058158273,1.7926389129744689,0.5323076923076923,0.07630769230769231,0.42215384615384616,0.3082018927444795,,77,heterogeneity,new needs,sigma=2.469
23.228176427644737,29.218711007251308,23.287870826022925,1.2546750720809132,25.398250489111525,15.542735338854225,1.634091421837453,0.5230769230769231,0.08184615384615385,0.40676923076923077,0.3047318611987382,,78,heterogeneity,new needs,sigma=2.469
19.892574352600953,25.080568986436322,22.820328044227946,1.0990450679686907,22.178449662490323,12.025419095568658,1.844297440798802,0.5064615384615384,0.08061538461538462,0.39815384615384614,0.2946372239747634,,79,heterogeneity,new needs,sigma=2.469
25.467744636588293,33.14758567635138,26.497961805538218,1.2509485038741115,27.568471510660356,17.22510268363848,1.6004822738645663,0.5415384615384615,0.08492307692307692,0.4289230769230769,0.31293375394321765,,80,heterogeneity,new needs,sigma=2.469
22.969851673147065,29.7579864176499,26.262329427044904,1.1331053667693762,24.550504772067534,17.067073695339573,1.4384718323898387,0.5224615384615384,0.08184615384615385,0.40184615384615385,0.30189274447949527,,81,heterogeneity,new needs,sigma=2.469
26.101445818936856,33.182710943044285,23.66809765324979,1.4020016069389534,28.428889779932092,16.956496407543636,1.6765780557877863,0.5427692307692308,0.07630769230769231,0.42830769230769233,0.31293375394321765,,82,heterogeneity,new needs,sigma=2.469
26.628986763607845,33.26140978499708,18.141486940061725,1.8334445183512564,29.35669253484527,16.258440231630697,1.8056278533860832,0.5378461538461539,0.07015384615384615,0.432,0.3100946372239748,,83,heterogeneity,new needs,sigma=2.469
22.378870574188618,28.037032508064417,21.140162637139458,1.3262448822795905,24.362581408034206,15.00196312876998,1.6239595577536732,0.5181538461538462,0.07692307692307693,0.4055384615384615,0.3006309148264984,,84,heterogeneity,new needs,sigma=2.469
22.545868221794155,28.951592180365445,21.315714735452243,1.3582276052987907,24.866921024352695,13.965297940379264,1.7806223061272812,0.5310769230769231,0.08123076923076923,0.4203076923076923,0.3088328075709779,,85,heterogeneity,new needs,sigma=2.469
23.50624518228029,30.911655289037505,25.43335641974724,1.2153981872812014,26.224130140980822,14.482186819956649,1.8107852403093996,0.5286153846153846,0.088,0.41415384615384615,0.30725552050473187,,86,heterogeneity,new needs,sigma=2.469
24.178908385836667,30.524096940930633,20.5139607323666,1.4879670161779242,25.88902707521261,17.6124437933314,1.4699281586928312,0.5323076923076923,0.07938461538461539,0.41723076923076924,0.30725552050473187,,87,heterogeneity,new needs,sigma=2.469
23.62519171511578,29.84350290906459,23.78371177001648,1.2547874443503615,26.034448859471276,14.833019436666495,1.7551685259115481,0.5329230769230769,0.07692307692307693,0.4289230769230769,0.31041009463722397,,88,heterogeneity,new needs,sigma=2.469
23.24638932265928,29.991044782971798,23.918858710791294,1.2538660454330524,25.810452493612566,14.31777211501331,1.802686359740862,0.5236923076923077,0.08,0.41723076923076924,0.3053627760252366,,89,heterogeneity,new needs,sigma=2.469
25.821583271686126,31.882375925876286,16.590924722979675,1.921675642450285,28.67428786550998,15.271287513800608,1.8776601409407774,0.5372307692307692,0.07507692307692308,0.42953846153846154,0.3094637223974763,,90,heterogeneity,new needs,sigma=2.469
24.13855847784505,31.519599553436095,25.29347542039025,1.246155343604014,26.206404253303557,16.564829201330078,1.5820509789016906,0.528,0.08676923076923077,0.41415384615384615,0.30725552050473187,,91,heterogeneity,new needs,sigma=2.469
22.53645907279625,27.43044578481774,15.702756128329877,1.7468554921597195,23.788734135787042,17.686247151094925,1.3450413721214067,0.5329230769230769,0.07323076923076922,0.41292307692307695,0.3082018927444795,,92,heterogeneity,new needs,sigma=2.469
24.468969071044874,31.807659508322807,26.095239873767746,1.2189065769154885,26.49371760214813,16.912641929464822,1.5665037853128894,0.5273846153846153,0.08369230769230769,0.41107692307692306,0.305993690851735,,93,heterogeneity,new needs,sigma=2.469
21.46071555748632,27.659844637060054,23.311698135745566,1.1865220832903267,22.80722511408994,16.414137411828268,1.3894866688306582,0.5169230769230769,0.08492307692307692,0.39815384615384614,0.30157728706624604,,94,heterogeneity,new needs,sigma=2.469
24.68007577407888,31.145310985459144,21.59334425753208,1.4423569880610407,27.968961844086873,13.321272021070154,2.0995714072836726,0.5286153846153846,0.07507692307692308,0.42338461538461536,0.305993690851735,,95,heterogeneity,new needs,sigma=2.469
23.57678220144336,29.87531210365355,21.16369517448487,1.4116302402461114,25.66692873389687,15.890283133928609,1.615259370620865,0.5255384615384615,0.0756923076923077,0.41415384615384615,0.30662460567823346,,96,heterogeneity,new needs,sigma=2.469
24.315386697130464,31.430347860991848,24.79399239287765,1.2676598170619977,26.13512688351585,17.768962388740444,1.4708302213570301,0.5372307692307692,0.08553846153846154,0.4153846153846154,0.30977917981072556,,97,heterogeneity,new needs,sigma=2.469
24.475602615944084,30.822048935960613,22.433771049736578,1.3739129666442118,26.59712937026551,16.297927118321557,1.6319332622592202,0.5267692307692308,0.08184615384615385,0.4153846153846154,0.30630914826498423,,98,heterogeneity,new needs,sigma=2.469
24.001217156441445,29.708236415165263,19.7637210023793,1.5031701981417758,26.596095268854295,15.057191929010775,1.7663383314927035,0.5286153846153846,0.07446153846153847,0.41846153846153844,0.30662460567823346,,99,heterogeneity,new needs,sigma=2.469
