IKN,yil,kaynak_keyword,teklif_veren_sayisi,has_winner
2026/298845,2026,yazılım,1,True
2026/329373,2026,yazılım,2,True
2026/157616,2026,yazılım,4,True
2026/131018,2026,yazılım,1,True
2026/144025,2026,yazılım,1,True
2026/315887,2026,yazılım,2,True
2026/173089,2026,yazılım,2,True
2026/321140,2026,yazılım,1,True
2026/35239,2026,yazılım,3,True
2026/187468,2026,yazılım,1,True
2026/138360,2026,yazılım,1,True
2026/147257,2026,yazılım,1,True
2026/102023,2026,yazılım,1,True
2026/224531,2026,yazılım,1,True
2026/79455,2026,yazılım,1,True
2026/208249,2026,yazılım,1,True
2025/2422959,2026,yazılım,1,True
2026/16629,2026,yazılım,2,True
2026/105904,2026,yazılım,1,True
2026/220882,2026,yazılım,1,True
2026/206987,2026,yazılım,1,True
2026/54094,2026,yazılım,1,True
2026/145544,2026,yazılım,1,True
2026/37984,2026,yazılım,1,True
2026/44294,2026,yazılım,2,True
2026/145144,2026,yazılım,2,True
2026/149546,2026,yazılım,1,True
2026/98748,2026,yazılım,1,True
2026/15249,2026,yazılım,1,True
2026/92893,2026,yazılım,1,True
2025/2394778,2026,yazılım,1,True
2025/2379832,2026,yazılım,1,True
2025/2304887,2026,yazılım,1,True
2025/2328978,2026,yazılım,2,True
2026/24859,2026,yazılım,2,True
2025/2366856,2026,yazılım,7,True
2025/2391498,2026,yazılım,1,True
2025/2363607,2026,yazılım,1,True
2025/2198788,2026,yazılım,2,True
2025/2333238,2026,yazılım,1,True
2025/2276427,2026,yazılım,1,True
2025/2123764,2026,yazılım,1,True
2025/1798960,2026,yazılım,2,True
2025/2338243,2026,yazılım,1,True
2025/2281889,2026,yazılım,1,True
2025/2391245,2025,yazılım,2,True
2025/2124635,2025,yazılım,1,True
2025/2197580,2025,yazılım,2,True
2025/2270588,2025,yazılım,1,True
2025/1848131,2025,yazılım,1,True
2025/2016155,2025,yazılım,1,True
2025/2015961,2025,yazılım,1,True
2025/2060934,2025,yazılım,3,True
2025/2327574,2025,yazılım,1,True
2025/2294473,2025,yazılım,3,True
2025/2036789,2025,yazılım,4,True
2025/2030080,2025,yazılım,2,True
2025/2032345,2025,yazılım,1,True
2025/2037136,2025,yazılım,2,True
2025/2002051,2025,yazılım,1,True
2025/2225231,2025,yazılım,1,True
2025/2206121,2025,yazılım,1,True
2025/2129906,2025,yazılım,5,True
2025/2139930,2025,yazılım,1,True
2025/1905625,2025,yazılım,1,True
2025/2043510,2025,yazılım,1,True
2025/2192248,2025,yazılım,2,True
2025/2141847,2025,yazılım,3,True
2025/2084852,2025,yazılım,3,True
2025/1974303,2025,yazılım,3,True
2025/2107181,2025,yazılım,1,True
2025/1898657,2025,yazılım,2,True
2025/2138761,2025,yazılım,1,True
2025/1954752,2025,yazılım,1,True
2025/1834113,2025,yazılım,1,True
2025/2129150,2025,yazılım,1,True
2025/2016818,2025,yazılım,2,True
2025/2045355,2025,yazılım,1,True
2025/1797678,2025,yazılım,1,True
2025/1886540,2025,yazılım,3,True
2025/2040415,2025,yazılım,2,True
2025/1340589,2025,yazılım,1,True
2025/1730998,2025,yazılım,6,True
2025/1850221,2025,yazılım,2,True
2025/1863609,2025,yazılım,1,True
2025/1711522,2025,yazılım,3,True
2025/1695682,2025,yazılım,5,True
2025/1666460,2025,yazılım,3,True
2025/1898194,2025,yazılım,2,True
2025/1815853,2025,yazılım,1,True
2025/1669233,2025,yazılım,3,True
2025/1579595,2025,yazılım,1,True
2025/1706638,2025,yazılım,5,True
2025/1846300,2025,yazılım,3,True
2025/1700734,2025,yazılım,2,True
2025/1680883,2025,yazılım,6,True
2025/1717158,2025,yazılım,1,True
2025/1658877,2025,yazılım,1,True
2025/1547181,2025,yazılım,1,True
2025/1625391,2025,yazılım,1,True
2025/1372185,2025,yazılım,1,True
2025/1613135,2025,yazılım,2,True
2025/1607492,2025,yazılım,1,True
2025/1618939,2025,yazılım,1,True
2025/1638366,2025,yazılım,1,True
2025/1526594,2025,yazılım,2,True
2025/1481729,2025,yazılım,3,True
2025/1650869,2025,yazılım,2,True
2025/1729017,2025,yazılım,2,True
2025/1708978,2025,yazılım,1,True
2025/1230915,2025,yazılım,1,True
2025/1441609,2025,yazılım,2,True
2025/1432454,2025,yazılım,1,True
2025/1752260,2025,yazılım,2,True
2025/1446772,2025,yazılım,5,True
2025/1565503,2025,yazılım,1,True
2025/1559954,2025,yazılım,1,True
2025/1478491,2025,yazılım,3,True
2025/1366285,2025,yazılım,2,True
2025/1472022,2025,yazılım,2,True
2025/1429556,2025,yazılım,1,True
2025/1570282,2025,yazılım,3,True
2025/1559454,2025,yazılım,1,True
2025/1596202,2025,yazılım,1,True
2025/1344081,2025,yazılım,1,True
2025/1562888,2025,yazılım,3,True
2025/1550508,2025,yazılım,3,True
2025/1505376,2025,yazılım,3,True
2025/1204676,2025,yazılım,3,True
2025/956335,2025,yazılım,2,True
2025/1291251,2025,yazılım,1,True
2025/1350049,2025,yazılım,1,True
2025/1339923,2025,yazılım,1,True
2025/1343985,2025,yazılım,3,True
2025/1284442,2025,yazılım,1,True
2025/1126846,2025,yazılım,1,True
2025/1244959,2025,yazılım,1,True
2025/1376404,2025,yazılım,2,True
2025/1336837,2025,yazılım,3,True
2025/1309745,2025,yazılım,1,True
2025/1245643,2025,yazılım,9,True
2025/1394038,2025,yazılım,1,True
2025/1335478,2025,yazılım,2,True
2025/1281999,2025,yazılım,0,False
2025/1339533,2025,yazılım,1,True
2025/1177436,2025,yazılım,1,True
2025/1222243,2025,yazılım,1,True
2025/1208502,2025,yazılım,1,True
2025/1331244,2025,yazılım,1,True
2025/1270342,2025,yazılım,1,True
2025/1286834,2025,yazılım,1,True
2025/1342359,2025,yazılım,2,True
2025/1360584,2025,yazılım,3,True
2025/1093437,2025,yazılım,1,True
2025/1291948,2025,yazılım,1,True
2025/1135868,2025,yazılım,1,True
2025/1207774,2025,yazılım,1,True
2025/1333428,2025,yazılım,1,True
2025/1284286,2025,yazılım,1,True
2025/1303283,2025,yazılım,1,True
2025/1265536,2025,yazılım,1,True
2025/1284942,2025,yazılım,1,True
2025/1249531,2025,yazılım,1,True
2025/1256945,2025,yazılım,1,True
2025/1259641,2025,yazılım,1,True
2025/1151863,2025,yazılım,2,True
2025/935999,2025,yazılım,1,True
2025/1100959,2025,yazılım,1,True
2025/1063779,2025,yazılım,1,True
2025/1114233,2025,yazılım,1,True
2025/1250440,2025,yazılım,1,True
2025/1055840,2025,yazılım,1,True
2025/1066629,2025,yazılım,1,True
2025/1017481,2025,yazılım,2,True
2025/967770,2025,yazılım,1,True
2025/1112028,2025,yazılım,2,True
2025/869773,2025,yazılım,1,True
2025/1085107,2025,yazılım,2,True
2025/884881,2025,yazılım,1,True
2025/1010986,2025,yazılım,1,True
2025/753303,2025,yazılım,1,True
2025/1044317,2025,yazılım,1,True
2025/888758,2025,yazılım,2,True
2025/997668,2025,yazılım,1,True
2025/992386,2025,yazılım,1,True
2025/897895,2025,yazılım,2,True
2025/1010211,2025,yazılım,2,True
2025/981362,2025,yazılım,1,True
2025/836395,2025,yazılım,1,True
2025/890136,2025,yazılım,1,True
2025/742628,2025,yazılım,1,True
2025/941922,2025,yazılım,1,True
2025/723074,2025,yazılım,3,True
2025/798352,2025,yazılım,1,True
2025/850131,2025,yazılım,1,True
2025/827290,2025,yazılım,2,True
2025/889963,2025,yazılım,1,True
2025/945902,2025,yazılım,1,True
2025/870407,2025,yazılım,1,True
2025/927992,2025,yazılım,1,True
2025/781108,2025,yazılım,3,True
2025/869664,2025,yazılım,2,True
2025/816026,2025,yazılım,1,True
2025/898773,2025,yazılım,1,True
2025/751342,2025,yazılım,1,True
2025/845632,2025,yazılım,2,True
2025/856729,2025,yazılım,1,True
2025/726148,2025,yazılım,1,True
2025/764138,2025,yazılım,1,True
2025/892209,2025,yazılım,1,True
2025/820234,2025,yazılım,1,True
2025/675395,2025,yazılım,1,True
2025/672257,2025,yazılım,1,True
2025/686315,2025,yazılım,1,True
2025/716762,2025,yazılım,2,True
2025/654354,2025,yazılım,1,True
2025/743874,2025,yazılım,3,True
2025/779543,2025,yazılım,1,True
2025/601874,2025,yazılım,1,True
2025/603729,2025,yazılım,1,True
2025/551052,2025,yazılım,1,True
2025/717148,2025,yazılım,1,True
2025/564318,2025,yazılım,1,True
2025/711779,2025,yazılım,1,True
2025/610641,2025,yazılım,1,True
2025/531473,2025,yazılım,1,True
2025/512015,2025,yazılım,1,True
2025/599617,2025,yazılım,3,True
2025/381832,2025,yazılım,5,True
2025/406988,2025,yazılım,2,True
2025/516302,2025,yazılım,6,True
2025/625818,2025,yazılım,2,True
2025/551872,2025,yazılım,1,True
2025/462118,2025,yazılım,1,True
2025/535267,2025,yazılım,1,True
2025/572518,2025,yazılım,3,True
2025/404388,2025,yazılım,1,True
2025/391686,2025,yazılım,2,True
2025/505838,2025,yazılım,1,True
2025/419836,2025,yazılım,2,True
2025/475614,2025,yazılım,1,True
2025/493620,2025,yazılım,3,True
2025/502223,2025,yazılım,2,True
2025/259554,2025,yazılım,1,True
2025/447266,2025,yazılım,1,True
2025/368658,2025,yazılım,2,True
2025/413407,2025,yazılım,2,True
2025/290415,2025,yazılım,2,True
2025/252458,2025,yazılım,1,True
2025/260617,2025,yazılım,2,True
2025/246166,2025,yazılım,1,True
2025/194570,2025,yazılım,5,True
2025/124372,2025,yazılım,1,True
2025/320431,2025,yazılım,3,True
2025/291090,2025,yazılım,1,True
2025/285243,2025,yazılım,2,True
2025/102315,2025,yazılım,2,True
2025/191071,2025,yazılım,1,True
2025/258574,2025,yazılım,1,True
2025/100265,2025,yazılım,1,True
2025/62198,2025,yazılım,1,True
2025/135095,2025,yazılım,1,True
2025/78317,2025,yazılım,2,True
2025/46225,2025,yazılım,2,True
2025/19998,2025,yazılım,1,True
2024/1832226,2025,yazılım,1,True
2024/1153679,2025,yazılım,1,True
2025/133809,2025,yazılım,1,True
2024/1837847,2025,yazılım,1,True
2025/91252,2025,yazılım,3,True
2025/8179,2025,yazılım,1,True
2024/1801007,2025,yazılım,1,True
2024/1901960,2025,yazılım,2,True
2025/87344,2025,yazılım,2,True
2024/1868541,2025,yazılım,1,True
2024/1903630,2025,yazılım,1,True
2024/1838217,2025,yazılım,1,True
2025/55734,2025,yazılım,2,True
2025/29908,2025,yazılım,1,True
2024/1809263,2025,yazılım,1,True
2024/1772755,2025,yazılım,1,True
2024/1825593,2025,yazılım,1,True
2024/1705017,2025,yazılım,8,True
2024/1860500,2025,yazılım,2,True
2024/1848168,2025,yazılım,1,True
2024/1772180,2025,yazılım,1,True
2024/1783266,2025,yazılım,1,True
2024/1753718,2025,yazılım,1,True
2024/1890885,2025,yazılım,1,True
2024/1708740,2025,yazılım,1,True
2024/1863025,2024,yazılım,1,True
2024/1702432,2024,yazılım,1,True
2024/1676178,2024,yazılım,1,True
2024/1723633,2024,yazılım,1,True
2024/1615143,2024,yazılım,1,True
2024/1627627,2024,yazılım,1,True
2024/1672596,2024,yazılım,1,True
2024/1645027,2024,yazılım,1,True
2024/1725271,2024,yazılım,2,True
2024/1652225,2024,yazılım,1,True
2024/1583603,2024,yazılım,1,True
2024/1740473,2024,yazılım,1,True
2024/1480366,2024,yazılım,1,True
2024/1582083,2024,yazılım,1,True
2024/1724925,2024,yazılım,1,True
2024/1590458,2024,yazılım,1,True
2024/1578057,2024,yazılım,1,True
2024/1614541,2024,yazılım,1,True
2024/1482403,2024,yazılım,2,True
2024/1589979,2024,yazılım,2,True
2024/1550307,2024,yazılım,1,True
2024/1567956,2024,yazılım,2,True
2024/1451357,2024,yazılım,1,True
2024/1598222,2024,yazılım,1,True
2024/1673137,2024,yazılım,3,True
2024/1660332,2024,yazılım,1,True
2024/1668021,2024,yazılım,3,True
2024/1593903,2024,yazılım,2,True
2024/1636480,2024,yazılım,1,True
2024/1665616,2024,yazılım,2,True
2024/1427243,2024,yazılım,3,True
2024/1538546,2024,yazılım,2,True
2024/1466597,2024,yazılım,1,True
2024/1419446,2024,yazılım,1,True
2024/1440570,2024,yazılım,1,True
2024/1653170,2024,yazılım,1,True
2024/1562168,2024,yazılım,4,True
2024/1544100,2024,yazılım,1,True
2024/1455573,2024,yazılım,2,True
2024/1495013,2024,yazılım,1,True
2024/1618975,2024,yazılım,1,True
2024/1607676,2024,yazılım,2,True
2024/1459625,2024,yazılım,2,True
2024/1615901,2024,yazılım,2,True
2024/1590288,2024,yazılım,2,True
2024/1458214,2024,yazılım,1,True
2024/1408892,2024,yazılım,2,True
2024/1445781,2024,yazılım,1,True
2024/1452738,2024,yazılım,1,True
2024/1502199,2024,yazılım,4,True
2024/1545215,2024,yazılım,2,True
2024/1378998,2024,yazılım,1,True
2024/1510921,2024,yazılım,2,True
2024/1428278,2024,yazılım,1,True
2024/1367989,2024,yazılım,1,True
2024/1351725,2024,yazılım,1,True
2024/1494600,2024,yazılım,1,True
2024/1480826,2024,yazılım,2,True
2024/1329651,2024,yazılım,5,True
2024/1339427,2024,yazılım,4,True
2024/937183,2024,yazılım,1,True
2024/1470968,2024,yazılım,2,True
2024/1338551,2024,yazılım,1,True
2024/1482236,2024,yazılım,1,True
2024/1456200,2024,yazılım,1,True
2024/1298297,2024,yazılım,1,True
2024/1346626,2024,yazılım,1,True
2024/1211581,2024,yazılım,3,True
2024/1361137,2024,yazılım,1,True
2024/1431539,2024,yazılım,3,True
2024/1402142,2024,yazılım,2,True
2024/1420191,2024,yazılım,1,True
2024/1332859,2024,yazılım,1,True
2024/1289698,2024,yazılım,2,True
2024/1317801,2024,yazılım,2,True
2024/1413983,2024,yazılım,1,True
2024/1344826,2024,yazılım,1,True
2024/1159152,2024,yazılım,1,True
2024/1243226,2024,yazılım,1,True
2024/1237961,2024,yazılım,1,True
2024/1164570,2024,yazılım,1,True
2024/1233265,2024,yazılım,2,True
2024/1159875,2024,yazılım,1,True
2024/1284545,2024,yazılım,2,True
2024/1158834,2024,yazılım,1,True
2024/1302461,2024,yazılım,2,True
2024/1179781,2024,yazılım,1,True
2024/1273883,2024,yazılım,2,True
2024/1199258,2024,yazılım,3,True
2024/1121388,2024,yazılım,2,True
2024/1173478,2024,yazılım,1,True
2024/1090858,2024,yazılım,1,True
2024/1128834,2024,yazılım,2,True
2024/1063289,2024,yazılım,1,True
2024/1058635,2024,yazılım,2,True
2024/1070113,2024,yazılım,5,True
2024/1064305,2024,yazılım,2,True
2024/1026763,2024,yazılım,1,True
2024/1022611,2024,yazılım,1,True
2024/1079770,2024,yazılım,2,True
2024/969537,2024,yazılım,3,True
2024/1058610,2024,yazılım,2,True
2024/948896,2024,yazılım,2,True
2024/1020501,2024,yazılım,6,True
2024/1069362,2024,yazılım,1,True
2024/831403,2024,yazılım,2,True
2024/1061707,2024,yazılım,2,True
2024/1061356,2024,yazılım,2,True
2024/1027399,2024,yazılım,2,True
2024/904086,2024,yazılım,1,True
2024/850673,2024,yazılım,1,True
2024/812993,2024,yazılım,1,True
2024/966348,2024,yazılım,2,True
2024/796912,2024,yazılım,3,True
2024/789224,2024,yazılım,1,True
2024/928519,2024,yazılım,3,True
2024/904868,2024,yazılım,3,True
2024/741499,2024,yazılım,1,True
2024/889350,2024,yazılım,2,True
2024/752909,2024,yazılım,3,True
2024/763969,2024,yazılım,2,True
2024/719409,2024,yazılım,1,True
2024/767923,2024,yazılım,1,True
2024/711552,2024,yazılım,4,True
2024/658670,2024,yazılım,1,True
2024/689187,2024,yazılım,1,True
2024/814360,2024,yazılım,2,True
2024/778941,2024,yazılım,1,True
2024/807271,2024,yazılım,1,True
2024/736447,2024,yazılım,1,True
2024/756971,2024,yazılım,1,True
2024/783656,2024,yazılım,2,True
2024/796460,2024,yazılım,3,True
2024/712331,2024,yazılım,1,True
2024/670528,2024,yazılım,1,True
2024/680334,2024,yazılım,1,True
2024/626647,2024,yazılım,1,True
2024/772565,2024,yazılım,3,True
2024/740203,2024,yazılım,2,True
2024/612749,2024,yazılım,1,True
2024/605233,2024,yazılım,1,True
2024/635043,2024,yazılım,1,True
2024/616904,2024,yazılım,1,True
2024/577926,2024,yazılım,4,True
2024/692073,2024,yazılım,3,True
2024/686226,2024,yazılım,3,True
2024/689014,2024,yazılım,1,True
2024/568042,2024,yazılım,2,True
2024/650892,2024,yazılım,1,True
2024/509888,2024,yazılım,3,True
2024/643554,2024,yazılım,2,True
2024/616726,2024,yazılım,1,True
2024/520576,2024,yazılım,1,True
2024/344575,2024,yazılım,3,True
2024/589716,2024,yazılım,3,True
2024/569943,2024,yazılım,1,True
2024/455304,2024,yazılım,7,True
2024/567454,2024,yazılım,1,True
2024/429175,2024,yazılım,2,True
2024/524884,2024,yazılım,3,True
2024/410434,2024,yazılım,1,True
2024/345517,2024,yazılım,1,True
2024/317780,2024,yazılım,4,True
2024/436531,2024,yazılım,2,True
2024/286168,2024,yazılım,1,True
2024/448698,2024,yazılım,1,True
2024/284935,2024,yazılım,2,True
2024/273701,2024,yazılım,1,True
2024/233988,2024,yazılım,1,True
2024/188800,2024,yazılım,2,True
2024/144015,2024,yazılım,4,True
2024/215873,2024,yazılım,3,True
2024/238834,2024,yazılım,1,True
2024/374287,2024,yazılım,2,True
2024/346463,2024,yazılım,3,True
2024/248286,2024,yazılım,1,True
2024/312501,2024,yazılım,1,True
2024/129195,2024,yazılım,1,True
2024/176826,2024,yazılım,1,True
2024/306721,2024,yazılım,2,True
2024/306733,2024,yazılım,2,True
2024/292379,2024,yazılım,2,True
2024/294343,2024,yazılım,1,True
2024/291045,2024,yazılım,2,True
2024/123780,2024,yazılım,2,True
2024/283045,2024,yazılım,2,True
2024/132304,2024,yazılım,1,True
2024/262259,2024,yazılım,2,True
2024/229830,2024,yazılım,1,True
2024/247330,2024,yazılım,2,True
2024/260857,2024,yazılım,1,True
2024/268519,2024,yazılım,1,True
2024/66679,2024,yazılım,1,True
2024/193256,2024,yazılım,1,True
2024/110085,2024,yazılım,1,True
2024/176874,2024,yazılım,1,True
2024/87354,2024,yazılım,3,True
2024/58671,2024,yazılım,2,True
2024/49592,2024,yazılım,1,True
2024/61660,2024,yazılım,1,True
2024/189793,2024,yazılım,1,True
2024/120254,2024,yazılım,2,True
2024/156513,2024,yazılım,1,True
2024/69149,2024,yazılım,1,True
2024/41044,2024,yazılım,1,True
2024/538,2024,yazılım,3,True
2023/1559706,2024,yazılım,1,True
2023/1576366,2024,yazılım,1,True
2023/1583545,2024,yazılım,1,True
2024/60543,2024,yazılım,2,True
2023/1469024,2024,yazılım,1,True
2023/1567003,2024,yazılım,1,True
2023/1575022,2024,yazılım,1,True
2023/1471078,2024,yazılım,1,True
2023/1540531,2024,yazılım,4,True
2024/20134,2024,yazılım,1,True
2023/1581417,2024,yazılım,3,True
2024/8728,2024,yazılım,2,True
2023/1412020,2024,yazılım,1,True
2023/1555006,2023,yazılım,1,True
2023/1344738,2023,yazılım,2,True
2023/1362867,2023,yazılım,1,True
2023/1424807,2023,yazılım,2,True
2023/1471621,2023,yazılım,1,True
2023/1280139,2023,yazılım,3,True
2023/1308936,2023,yazılım,1,True
2023/1263612,2023,yazılım,2,True
2023/1404391,2023,yazılım,1,True
2023/1322190,2023,yazılım,2,True
2023/1254097,2023,yazılım,1,True
2023/1449705,2023,yazılım,2,True
2023/1447739,2023,yazılım,2,True
2023/1313641,2023,yazılım,1,True
2023/1375639,2023,yazılım,1,True
2023/1449593,2023,yazılım,3,True
2023/1314519,2023,yazılım,1,True
2023/1451057,2023,yazılım,1,True
2023/1272082,2023,yazılım,1,True
2023/1402789,2023,yazılım,3,True
2023/1288817,2023,yazılım,1,True
2023/1254818,2023,yazılım,1,True
2023/1290617,2023,yazılım,1,True
2023/1247263,2023,yazılım,2,True
2023/1285472,2023,yazılım,1,True
2023/1302020,2023,yazılım,4,True
2023/1172147,2023,yazılım,1,True
2023/1313626,2023,yazılım,1,True
2023/1180430,2023,yazılım,4,True
2023/1224846,2023,yazılım,2,True
2023/1339018,2023,yazılım,2,True
2023/1342013,2023,yazılım,1,True
2023/1333204,2023,yazılım,1,True
2023/1189642,2023,yazılım,1,True
2023/1318051,2023,yazılım,2,True
2023/1145891,2023,yazılım,6,True
2023/1113889,2023,yazılım,2,True
2023/1073951,2023,yazılım,1,True
2023/1182680,2023,yazılım,2,True
2023/1147974,2023,yazılım,9,True
2023/1291167,2023,yazılım,2,True
2023/1141510,2023,yazılım,1,True
2023/1202379,2023,yazılım,1,True
2023/1222872,2023,yazılım,1,True
2023/1168210,2023,yazılım,2,True
2023/1199851,2023,yazılım,3,True
2023/1115758,2023,yazılım,1,True
2023/1136952,2023,yazılım,3,True
2023/1167422,2023,yazılım,2,True
2023/1155254,2023,yazılım,2,True
2023/1077501,2023,yazılım,4,True
2023/1174371,2023,yazılım,3,True
2023/986428,2023,yazılım,2,True
2023/1195686,2023,yazılım,1,True
2023/1151937,2023,yazılım,1,True
2023/1114543,2023,yazılım,3,True
2023/968510,2023,yazılım,1,True
2023/992503,2023,yazılım,1,True
2023/1109272,2023,yazılım,1,True
2023/849018,2023,yazılım,1,True
2023/1060270,2023,yazılım,1,True
2023/1088940,2023,yazılım,3,True
2023/1091633,2023,yazılım,1,True
2023/1081737,2023,yazılım,1,True
2023/992238,2023,yazılım,2,True
2023/953559,2023,yazılım,2,True
2023/959811,2023,yazılım,1,True
2023/1024526,2023,yazılım,2,True
2023/1023573,2023,yazılım,1,True
2023/896520,2023,yazılım,1,True
2023/878849,2023,yazılım,1,True
2023/999121,2023,yazılım,3,True
2023/925218,2023,yazılım,6,True
2023/1006772,2023,yazılım,1,True
2023/972474,2023,yazılım,2,True
2023/812972,2023,yazılım,1,True
2023/977584,2023,yazılım,1,True
2023/848428,2023,yazılım,1,True
2023/839703,2023,yazılım,5,True
2023/801935,2023,yazılım,1,True
2023/965777,2023,yazılım,2,True
2023/920821,2023,yazılım,2,True
2023/902740,2023,yazılım,2,True
2023/916792,2023,yazılım,1,True
2023/693521,2023,yazılım,2,True
2023/750039,2023,yazılım,1,True
2023/844634,2023,yazılım,1,True
2023/878688,2023,yazılım,2,True
2023/849119,2023,yazılım,2,True
2023/789160,2023,yazılım,2,True
2023/812769,2023,yazılım,1,True
2023/744904,2023,yazılım,1,True
2023/825362,2023,yazılım,1,True
2023/788033,2023,yazılım,5,True
2023/706288,2023,yazılım,1,True
2023/754911,2023,yazılım,3,True
2023/680147,2023,yazılım,1,True
2023/776234,2023,yazılım,1,True
2023/653071,2023,yazılım,1,True
2023/743761,2023,yazılım,2,True
2023/737708,2023,yazılım,3,True
2023/698235,2023,yazılım,2,True
2023/609813,2023,yazılım,2,True
2023/666899,2023,yazılım,2,True
2023/624334,2023,yazılım,1,True
2023/690930,2023,yazılım,2,True
2023/670268,2023,yazılım,3,True
2023/555939,2023,yazılım,2,True
2023/667708,2023,yazılım,2,True
2023/621280,2023,yazılım,1,True
2023/534889,2023,yazılım,1,True
2023/570705,2023,yazılım,1,True
2023/467071,2023,yazılım,1,True
2023/617122,2023,yazılım,1,True
2023/507682,2023,yazılım,1,True
2023/484368,2023,yazılım,3,True
2023/577260,2023,yazılım,1,True
2023/505722,2023,yazılım,3,True
2023/570839,2023,yazılım,3,True
2023/523994,2023,yazılım,1,True
2023/439483,2023,yazılım,2,True
2023/458135,2023,yazılım,3,True
2023/507193,2023,yazılım,2,True
2023/464003,2023,yazılım,1,True
2023/518325,2023,yazılım,3,True
2023/369832,2023,yazılım,1,True
2023/515492,2023,yazılım,1,True
2023/513089,2023,yazılım,1,True
2023/511163,2023,yazılım,3,True
2023/447353,2023,yazılım,1,True
2023/340867,2023,yazılım,1,True
2023/483925,2023,yazılım,3,True
2023/391373,2023,yazılım,1,True
2023/409955,2023,yazılım,1,True
2023/475588,2023,yazılım,3,True
2023/491981,2023,yazılım,1,True
2023/480962,2023,yazılım,2,True
2023/478519,2023,yazılım,2,True
2023/355649,2023,yazılım,1,True
2023/368901,2023,yazılım,3,True
2023/372750,2023,yazılım,1,True
2023/367642,2023,yazılım,1,True
2023/337210,2023,yazılım,2,True
2023/333222,2023,yazılım,1,True
2023/439470,2023,yazılım,1,True
2023/420104,2023,yazılım,4,True
2023/419514,2023,yazılım,1,True
2023/450595,2023,yazılım,1,True
2023/427022,2023,yazılım,2,True
2023/270163,2023,yazılım,1,True
2023/366222,2023,yazılım,0,False
2023/391771,2023,yazılım,1,True
2023/392080,2023,yazılım,1,True
2023/354182,2023,yazılım,1,True
2023/265289,2023,yazılım,3,True
2023/414482,2023,yazılım,3,True
2023/284580,2023,yazılım,1,True
2023/406317,2023,yazılım,1,True
2023/338625,2023,yazılım,1,True
2023/395106,2023,yazılım,1,True
2023/285380,2023,yazılım,1,True
2023/253208,2023,yazılım,0,False
2023/345316,2023,yazılım,2,True
2023/212918,2023,yazılım,2,True
2023/246843,2023,yazılım,1,True
2023/311965,2023,yazılım,1,True
2023/201981,2023,yazılım,1,True
2023/318955,2023,yazılım,2,True
2023/149564,2023,yazılım,2,True
2023/274784,2023,yazılım,1,True
2023/279214,2023,yazılım,2,True
2023/248940,2023,yazılım,6,True
2023/256864,2023,yazılım,1,True
2023/266430,2023,yazılım,3,True
2023/176639,2023,yazılım,1,True
2023/125880,2023,yazılım,1,True
2023/242872,2023,yazılım,3,True
2023/231999,2023,yazılım,1,True
2023/136961,2023,yazılım,1,True
2023/122286,2023,yazılım,2,True
2023/147167,2023,yazılım,1,True
2023/158561,2023,yazılım,2,True
2023/185496,2023,yazılım,2,True
2023/160136,2023,yazılım,1,True
2023/48186,2023,yazılım,1,True
2023/153846,2023,yazılım,2,True
2023/67548,2023,yazılım,1,True
2023/129867,2023,yazılım,2,True
2023/121519,2023,yazılım,1,True
2023/50065,2023,yazılım,1,True
2023/91424,2023,yazılım,1,True
2023/58688,2023,yazılım,1,True
2023/28673,2023,yazılım,1,True
2023/5971,2023,yazılım,1,True
2023/26105,2023,yazılım,1,True
2023/100808,2023,yazılım,2,True
2022/1489801,2023,yazılım,1,True
2023/96870,2023,yazılım,3,True
2023/61103,2023,yazılım,1,True
2022/1501028,2023,yazılım,1,True
2023/58856,2023,yazılım,2,True
2022/1365766,2023,yazılım,3,True
2023/20267,2023,yazılım,1,True
2022/1377046,2023,yazılım,2,True
2023/25898,2023,yazılım,3,True
2022/1400007,2023,yazılım,1,True
2022/1311873,2023,yazılım,2,True
2022/1358567,2023,yazılım,3,True
2022/1425314,2023,yazılım,1,True
2022/1342140,2023,yazılım,1,True
2022/1403347,2023,yazılım,1,True
2022/1371040,2023,yazılım,1,True
2022/1496707,2022,yazılım,1,True
2022/1431883,2022,yazılım,1,True
2022/1258555,2022,yazılım,1,True
2022/1434244,2022,yazılım,1,True
2022/1440939,2022,yazılım,1,True
2022/1312053,2022,yazılım,3,True
2022/1307985,2022,yazılım,1,True
2022/1268859,2022,yazılım,1,True
2022/1358895,2022,yazılım,1,True
2022/1263991,2022,yazılım,1,True
2022/1357056,2022,yazılım,2,True
2022/1229424,2022,yazılım,1,True
2022/1341599,2022,yazılım,2,True
2022/1181347,2022,yazılım,1,True
2022/1347603,2022,yazılım,1,True
2022/1252781,2022,yazılım,1,True
2022/1293326,2022,yazılım,1,True
2022/1271744,2022,yazılım,1,True
2022/1212027,2022,yazılım,2,True
2022/1292933,2022,yazılım,2,True
2022/1158343,2022,yazılım,1,True
2022/1278713,2022,yazılım,1,True
2022/1137308,2022,yazılım,3,True
2022/1146384,2022,yazılım,1,True
2022/1289373,2022,yazılım,3,True
2022/1200821,2022,yazılım,1,True
2022/1101760,2022,yazılım,4,True
2022/1109258,2022,yazılım,2,True
2022/1166715,2022,yazılım,1,True
2022/1124681,2022,yazılım,1,True
2022/1144667,2022,yazılım,1,True
2022/1125905,2022,yazılım,4,True
2022/1269487,2022,yazılım,1,True
2022/1251609,2022,yazılım,1,True
2022/1230565,2022,yazılım,3,True
2022/1115637,2022,yazılım,3,True
2022/1191767,2022,yazılım,2,True
2022/1245284,2022,yazılım,1,True
2022/1263990,2022,yazılım,2,True
2022/1217124,2022,yazılım,1,True
2022/1248862,2022,yazılım,2,True
2022/1168288,2022,yazılım,3,True
2022/1258205,2022,yazılım,2,True
2022/1215385,2022,yazılım,1,True
2022/1093140,2022,yazılım,3,True
2022/1239985,2022,yazılım,3,True
2022/1190972,2022,yazılım,2,True
2022/1225811,2022,yazılım,3,True
2022/1202651,2022,yazılım,2,True
2022/1180501,2022,yazılım,2,True
2022/1197022,2022,yazılım,3,True
2022/1120168,2022,yazılım,2,True
2022/1093145,2022,yazılım,1,True
2022/1048311,2022,yazılım,1,True
2022/1080237,2022,yazılım,1,True
2022/1114906,2022,yazılım,1,True
2022/1172015,2022,yazılım,1,True
2022/1063079,2022,yazılım,2,True
2022/1136255,2022,yazılım,1,True
2022/1161122,2022,yazılım,2,True
2022/1166709,2022,yazılım,2,True
2022/1063358,2022,yazılım,1,True
2022/1057549,2022,yazılım,1,True
2022/1024735,2022,yazılım,1,True
2022/1099043,2022,yazılım,4,True
2022/1108077,2022,yazılım,2,True
2022/1100420,2022,yazılım,3,True
2022/1080536,2022,yazılım,1,True
2022/921606,2022,yazılım,2,True
2022/977492,2022,yazılım,1,True
2022/1103106,2022,yazılım,2,True
2022/935182,2022,yazılım,1,True
2022/991204,2022,yazılım,4,True
2022/968063,2022,yazılım,2,True
2022/1049171,2022,yazılım,1,True
2022/1054808,2022,yazılım,2,True
2022/877482,2022,yazılım,1,True
2022/871241,2022,yazılım,1,True
2022/966633,2022,yazılım,1,True
2022/808632,2022,yazılım,1,True
2022/919798,2022,yazılım,3,True
2022/992439,2022,yazılım,1,True
2022/874367,2022,yazılım,3,True
2022/958843,2022,yazılım,1,True
2022/932749,2022,yazılım,4,True
2022/965421,2022,yazılım,1,True
2022/950780,2022,yazılım,2,True
2022/971998,2022,yazılım,1,True
2022/810561,2022,yazılım,2,True
2022/941095,2022,yazılım,0,False
2022/859012,2022,yazılım,2,True
2022/895908,2022,yazılım,2,True
2022/835492,2022,yazılım,1,True
2022/955629,2022,yazılım,2,True
2022/843706,2022,yazılım,2,True
2022/948648,2022,yazılım,3,True
2022/894535,2022,yazılım,1,True
2022/885249,2022,yazılım,1,True
2022/939686,2022,yazılım,2,True
2022/897504,2022,yazılım,3,True
2022/939588,2022,yazılım,2,True
2022/842170,2022,yazılım,1,True
2022/901284,2022,yazılım,2,True
2022/833319,2022,yazılım,1,True
2022/865389,2022,yazılım,1,True
2022/861144,2022,yazılım,1,True
2022/783494,2022,yazılım,5,True
2022/828914,2022,yazılım,1,True
2022/910311,2022,yazılım,3,True
2022/911329,2022,yazılım,2,True
2022/810785,2022,yazılım,1,True
2022/770676,2022,yazılım,1,True
2022/887757,2022,yazılım,1,True
2022/885504,2022,yazılım,1,True
2022/859283,2022,yazılım,2,True
2022/827461,2022,yazılım,1,True
2022/802248,2022,yazılım,4,True
2022/739360,2022,yazılım,1,True
2022/739703,2022,yazılım,1,True
2022/797884,2022,yazılım,1,True
2022/747442,2022,yazılım,1,True
2022/859533,2022,yazılım,1,True
2022/822428,2022,yazılım,1,True
2022/796806,2022,yazılım,3,True
2022/873700,2022,yazılım,1,True
2022/833425,2022,yazılım,2,True
2022/831117,2022,yazılım,3,True
2022/865424,2022,yazılım,2,True
2022/825535,2022,yazılım,3,True
2022/839947,2022,yazılım,2,True
2022/758908,2022,yazılım,2,True
2022/778157,2022,yazılım,1,True
2022/820962,2022,yazılım,1,True
2022/800547,2022,yazılım,1,True
2022/715176,2022,yazılım,2,True
2022/803222,2022,yazılım,1,True
2022/774702,2022,yazılım,1,True
2022/776349,2022,yazılım,1,True
2022/701973,2022,yazılım,1,True
2022/701449,2022,yazılım,1,True
2022/674916,2022,yazılım,2,True
2022/648613,2022,yazılım,1,True
2022/687175,2022,yazılım,3,True
2022/682156,2022,yazılım,3,True
2022/735680,2022,yazılım,1,True
2022/696919,2022,yazılım,1,True
2022/648555,2022,yazılım,2,True
2022/655987,2022,yazılım,2,True
2022/682188,2022,yazılım,3,True
2022/630939,2022,yazılım,1,True
2022/525676,2022,yazılım,1,True
2022/654779,2022,yazılım,1,True
2022/617254,2022,yazılım,1,True
2022/556045,2022,yazılım,1,True
2022/541236,2022,yazılım,1,True
2022/506310,2022,yazılım,1,True
2022/535721,2022,yazılım,1,True
2022/561328,2022,yazılım,2,True
2022/604176,2022,yazılım,1,True
2022/540674,2022,yazılım,1,True
2022/640607,2022,yazılım,1,True
2022/597228,2022,yazılım,3,True
2022/593719,2022,yazılım,1,True
2022/554651,2022,yazılım,1,True
2022/609819,2022,yazılım,2,True
2022/595344,2022,yazılım,1,True
2022/615195,2022,yazılım,2,True
2022/516434,2022,yazılım,2,True
2022/585806,2022,yazılım,6,True
2022/603834,2022,yazılım,3,True
2022/529501,2022,yazılım,1,True
2022/460446,2022,yazılım,2,True
2022/517163,2022,yazılım,1,True
2022/451184,2022,yazılım,1,True
2022/562810,2022,yazılım,2,True
2022/475160,2022,yazılım,1,True
2022/562735,2022,yazılım,2,True
2022/437050,2022,yazılım,1,True
2022/551236,2022,yazılım,2,True
2022/433076,2022,yazılım,1,True
2022/425593,2022,yazılım,2,True
2022/499673,2022,yazılım,1,True
2022/495547,2022,yazılım,1,True
2022/502229,2022,yazılım,1,True
2022/426789,2022,yazılım,2,True
2022/398551,2022,yazılım,1,True
2022/414139,2022,yazılım,1,True
2022/377975,2022,yazılım,1,True
2022/456705,2022,yazılım,1,True
2022/402399,2022,yazılım,2,True
2022/416762,2022,yazılım,2,True
2022/365306,2022,yazılım,3,True
2022/426964,2022,yazılım,1,True
2022/368306,2022,yazılım,4,True
2022/365915,2022,yazılım,1,True
2022/252757,2022,yazılım,1,True
2022/377289,2022,yazılım,1,True
2022/367760,2022,yazılım,1,True
2022/319638,2022,yazılım,1,True
2022/419206,2022,yazılım,1,True
2022/432845,2022,yazılım,1,True
2022/397969,2022,yazılım,1,True
2022/387901,2022,yazılım,3,True
2022/391384,2022,yazılım,3,True
2022/404111,2022,yazılım,1,True
2022/389492,2022,yazılım,1,True
2022/286700,2022,yazılım,1,True
2022/205817,2022,yazılım,1,True
2022/346977,2022,yazılım,3,True
2022/307699,2022,yazılım,1,True
2022/324296,2022,yazılım,1,True
2022/311923,2022,yazılım,2,True
2022/338459,2022,yazılım,1,True
2022/272576,2022,yazılım,1,True
2022/316266,2022,yazılım,2,True
2022/276316,2022,yazılım,1,True
2022/140028,2022,yazılım,1,True
2022/305112,2022,yazılım,1,True
2022/186449,2022,yazılım,1,True
2022/233263,2022,yazılım,2,True
2022/187391,2022,yazılım,3,True
2022/211602,2022,yazılım,1,True
2022/181230,2022,yazılım,1,True
2022/187963,2022,yazılım,1,True
2022/232473,2022,yazılım,3,True
2022/234512,2022,yazılım,3,True
2022/257304,2022,yazılım,1,True
2022/211164,2022,yazılım,2,True
2022/124275,2022,yazılım,2,True
2022/236705,2022,yazılım,2,True
2022/141888,2022,yazılım,1,True
2022/144971,2022,yazılım,1,True
2022/120834,2022,yazılım,2,True
2022/168656,2022,yazılım,5,True
2022/113358,2022,yazılım,1,True
2022/186634,2022,yazılım,2,True
2022/182885,2022,yazılım,1,True
2022/196550,2022,yazılım,1,True
2022/103101,2022,yazılım,1,True
2022/131038,2022,yazılım,1,True
2022/98716,2022,yazılım,1,True
2022/166418,2022,yazılım,1,True
2022/145981,2022,yazılım,3,True
2022/146849,2022,yazılım,1,True
2022/157781,2022,yazılım,3,True
2022/71703,2022,yazılım,1,True
2022/71084,2022,yazılım,3,True
2022/48126,2022,yazılım,2,True
2022/102555,2022,yazılım,3,True
2022/50094,2022,yazılım,4,True
2022/84450,2022,yazılım,3,True
2022/44081,2022,yazılım,2,True
2022/68426,2022,yazılım,2,True
2022/40978,2022,yazılım,1,True
2022/87907,2022,yazılım,1,True
2022/77371,2022,yazılım,2,True
2022/23331,2022,yazılım,1,True
2022/64931,2022,yazılım,2,True
2022/56926,2022,yazılım,1,True
2021/842342,2022,yazılım,1,True
2022/53742,2022,yazılım,2,True
2021/863277,2022,yazılım,1,True
2021/914936,2022,yazılım,2,True
2021/854753,2022,yazılım,2,True
2022/25155,2022,yazılım,2,True
2021/799415,2022,yazılım,4,True
2021/805950,2022,yazılım,1,True
2021/916006,2021,yazılım,3,True
2021/784341,2021,yazılım,1,True
2021/782274,2021,yazılım,5,True
2021/793501,2021,yazılım,1,True
2021/897427,2021,yazılım,3,True
2021/889082,2021,yazılım,1,True
2021/770012,2021,yazılım,4,True
2021/868462,2021,yazılım,3,True
2021/786619,2021,yazılım,1,True
2021/864601,2021,yazılım,1,True
2021/868418,2021,yazılım,1,True
2021/857950,2021,yazılım,1,True
2021/850933,2021,yazılım,1,True
2021/740772,2021,yazılım,1,True
2021/760624,2021,yazılım,1,True
2021/770039,2021,yazılım,1,True
2021/858363,2021,yazılım,2,True
2021/768341,2021,yazılım,1,True
2021/731561,2021,yazılım,1,True
2021/827291,2021,yazılım,2,True
2021/742860,2021,yazılım,1,True
2021/798176,2021,yazılım,2,True
2021/814776,2021,yazılım,4,True
2021/816453,2021,yazılım,2,True
2021/797175,2021,yazılım,1,True
2021/735649,2021,yazılım,4,True
2021/720208,2021,yazılım,3,True
2021/747846,2021,yazılım,1,True
2021/785185,2021,yazılım,2,True
2021/706932,2021,yazılım,1,True
2021/771706,2021,yazılım,2,True
2021/772945,2021,yazılım,4,True
2021/715365,2021,yazılım,1,True
2021/686201,2021,yazılım,4,True
2021/759751,2021,yazılım,2,True
2021/729180,2021,yazılım,1,True
2021/689089,2021,yazılım,3,True
2021/735815,2021,yazılım,1,True
2021/691147,2021,yazılım,1,True
2021/664841,2021,yazılım,1,True
2021/666189,2021,yazılım,1,True
2021/748644,2021,yazılım,1,True
2021/745605,2021,yazılım,3,True
2021/740630,2021,yazılım,2,True
2021/720030,2021,yazılım,1,True
2021/663850,2021,yazılım,3,True
2021/720110,2021,yazılım,2,True
2021/670792,2021,yazılım,2,True
2021/660147,2021,yazılım,1,True
2021/674693,2021,yazılım,1,True
2021/665475,2021,yazılım,1,True
2021/662753,2021,yazılım,1,True
2021/609477,2021,yazılım,1,True
2021/672106,2021,yazılım,3,True
2021/669740,2021,yazılım,1,True
2021/724622,2021,yazılım,1,True
2021/597073,2021,yazılım,3,True
2021/690011,2021,yazılım,2,True
2021/617491,2021,yazılım,2,True
2021/711877,2021,yazılım,2,True
2021/665897,2021,yazılım,1,True
2021/699169,2021,yazılım,2,True
2021/647711,2021,yazılım,2,True
2021/668614,2021,yazılım,1,True
2021/622431,2021,yazılım,1,True
2021/604367,2021,yazılım,1,True
2021/630831,2021,yazılım,1,True
2021/672680,2021,yazılım,1,True
2021/617955,2021,yazılım,1,True
2021/669581,2021,yazılım,2,True
2021/589699,2021,yazılım,3,True
2021/613768,2021,yazılım,1,True
2021/612056,2021,yazılım,1,True
2021/644379,2021,yazılım,3,True
2021/526187,2021,yazılım,3,True
2021/660409,2021,yazılım,2,True
2021/552572,2021,yazılım,1,True
2021/587219,2021,yazılım,2,True
2021/535069,2021,yazılım,1,True
2021/551827,2021,yazılım,1,True
2021/502042,2021,yazılım,2,True
2021/524587,2021,yazılım,2,True
2021/539386,2021,yazılım,2,True
2021/526055,2021,yazılım,2,True
2021/599176,2021,yazılım,3,True
2021/592345,2021,yazılım,3,True
2021/597555,2021,yazılım,3,True
2021/554558,2021,yazılım,1,True
2021/565524,2021,yazılım,3,True
2021/532851,2021,yazılım,2,True
2021/605706,2021,yazılım,2,True
2021/598327,2021,yazılım,3,True
2021/524032,2021,yazılım,3,True
2021/596250,2021,yazılım,1,True
2021/580396,2021,yazılım,1,True
2021/584090,2021,yazılım,1,True
2021/584712,2021,yazılım,1,True
2021/520569,2021,yazılım,1,True
2021/560098,2021,yazılım,3,True
2021/524538,2021,yazılım,1,True
2021/483880,2021,yazılım,1,True
2021/450550,2021,yazılım,1,True
2021/572554,2021,yazılım,1,True
2021/549110,2021,yazılım,3,True
2021/539133,2021,yazılım,1,True
2021/458574,2021,yazılım,2,True
2021/555098,2021,yazılım,2,True
2021/556373,2021,yazılım,1,True
2021/465887,2021,yazılım,1,True
2021/484695,2021,yazılım,1,True
2021/466696,2021,yazılım,1,True
2021/530306,2021,yazılım,1,True
2021/533008,2021,yazılım,2,True
2021/539025,2021,yazılım,1,True
2021/477327,2021,yazılım,1,True
2021/460319,2021,yazılım,1,True
2021/466791,2021,yazılım,2,True
2021/496913,2021,yazılım,1,True
2021/514142,2021,yazılım,3,True
2021/459132,2021,yazılım,7,True
2021/503453,2021,yazılım,2,True
2021/403816,2021,yazılım,2,True
2021/392523,2021,yazılım,1,True
2021/489589,2021,yazılım,1,True
2021/480717,2021,yazılım,1,True
2021/427656,2021,yazılım,4,True
2021/480628,2021,yazılım,1,True
2021/437986,2021,yazılım,3,True
2021/463441,2021,yazılım,1,True
2021/336696,2021,yazılım,3,True
2021/460910,2021,yazılım,1,True
2021/420040,2021,yazılım,1,True
2021/393179,2021,yazılım,3,True
2021/398965,2021,yazılım,1,True
2021/456229,2021,yazılım,1,True
2021/457321,2021,yazılım,1,True
2021/453574,2021,yazılım,3,True
2021/376596,2021,yazılım,1,True
2021/410800,2021,yazılım,1,True
2021/434029,2021,yazılım,3,True
2021/404233,2021,yazılım,1,True
2021/448030,2021,yazılım,2,True
2021/413253,2021,yazılım,1,True
2021/397644,2021,yazılım,1,True
2021/429183,2021,yazılım,2,True
2021/408696,2021,yazılım,1,True
2021/440185,2021,yazılım,1,True
2021/374554,2021,yazılım,1,True
2021/412440,2021,yazılım,1,True
2021/326514,2021,yazılım,1,True
2021/353552,2021,yazılım,2,True
2021/347602,2021,yazılım,3,True
2021/365455,2021,yazılım,2,True
2021/381779,2021,yazılım,3,True
2021/326329,2021,yazılım,1,True
2021/366886,2021,yazılım,1,True
2021/408811,2021,yazılım,1,True
2021/336404,2021,yazılım,1,True
2021/338260,2021,yazılım,1,True
2021/305208,2021,yazılım,2,True
2021/341027,2021,yazılım,1,True
2021/375702,2021,yazılım,1,True
2021/336996,2021,yazılım,2,True
2021/336473,2021,yazılım,1,True
2021/324774,2021,yazılım,1,True
2021/377835,2021,yazılım,3,True
2021/288697,2021,yazılım,2,True
2021/306495,2021,yazılım,2,True
2021/361728,2021,yazılım,1,True
2021/308038,2021,yazılım,1,True
2021/361940,2021,yazılım,2,True
2021/311850,2021,yazılım,1,True
2021/297945,2021,yazılım,2,True
2021/268160,2021,yazılım,1,True
2021/339344,2021,yazılım,1,True
2021/320743,2021,yazılım,1,True
2021/334845,2021,yazılım,3,True
2021/294545,2021,yazılım,1,True
2021/337700,2021,yazılım,2,True
2021/336878,2021,yazılım,2,True
2021/307227,2021,yazılım,3,True
2021/287147,2021,yazılım,1,True
2021/290171,2021,yazılım,1,True
2021/322573,2021,yazılım,1,True
2021/308820,2021,yazılım,3,True
2021/256651,2021,yazılım,2,True
2021/272769,2021,yazılım,1,True
2021/279501,2021,yazılım,1,True
2021/281831,2021,yazılım,2,True
2021/258729,2021,yazılım,1,True
2021/303265,2021,yazılım,3,True
2021/291815,2021,yazılım,3,True
2021/237885,2021,yazılım,4,True
2021/248454,2021,yazılım,2,True
2021/275417,2021,yazılım,1,True
2021/251919,2021,yazılım,2,True
2021/274418,2021,yazılım,3,True
2021/201627,2021,yazılım,5,True
2021/223468,2021,yazılım,2,True
2021/242365,2021,yazılım,5,True
2021/272448,2021,yazılım,1,True
2021/217864,2021,yazılım,1,True
2021/258733,2021,yazılım,2,True
2021/256353,2021,yazılım,1,True
2021/253959,2021,yazılım,2,True
2021/208093,2021,yazılım,1,True
2021/241703,2021,yazılım,1,True
2021/229391,2021,yazılım,2,True
2021/206011,2021,yazılım,2,True
2021/256100,2021,yazılım,3,True
2021/203959,2021,yazılım,1,True
2021/210641,2021,yazılım,1,True
2021/241770,2021,yazılım,2,True
2021/171201,2021,yazılım,2,True
2021/151919,2021,yazılım,1,True
2021/217329,2021,yazılım,12,True
2021/193884,2021,yazılım,2,True
2021/217134,2021,yazılım,14,True
2021/196844,2021,yazılım,0,False
2021/210471,2021,yazılım,1,True
2021/170597,2021,yazılım,1,True
2021/171606,2021,yazılım,1,True
2021/149522,2021,yazılım,1,True
2021/192766,2021,yazılım,2,True
2021/177564,2021,yazılım,3,True
2021/137586,2021,yazılım,1,True
2021/178035,2021,yazılım,1,True
2021/178022,2021,yazılım,1,True
2021/173728,2021,yazılım,2,True
2021/166550,2021,yazılım,2,True
2021/177372,2021,yazılım,1,True
2021/154794,2021,yazılım,2,True
2021/126080,2021,yazılım,2,True
2021/151673,2021,yazılım,3,True
2021/102057,2021,yazılım,1,True
2021/96575,2021,yazılım,1,True
2021/145461,2021,yazılım,0,False
2021/115756,2021,yazılım,0,False
2021/165315,2021,yazılım,0,False
2021/146611,2021,yazılım,0,False
2021/94305,2021,yazılım,0,False
2021/40129,2021,yazılım,0,False
2021/144728,2021,yazılım,0,False
2021/82167,2021,yazılım,0,False
2021/138706,2021,yazılım,0,False
2021/142639,2021,yazılım,0,False
2021/105747,2021,yazılım,0,False
2021/77426,2021,yazılım,0,False
2021/129121,2021,yazılım,0,False
2021/89292,2021,yazılım,0,False
2021/72251,2021,yazılım,0,False
2021/112091,2021,yazılım,0,False
2021/86814,2021,yazılım,0,False
2021/115262,2021,yazılım,0,False
2021/35478,2021,yazılım,0,False
2021/101353,2021,yazılım,0,False
2021/63662,2021,yazılım,0,False
2021/73079,2021,yazılım,0,False
2021/40743,2021,yazılım,0,False
2021/32921,2021,yazılım,0,False
2021/98513,2021,yazılım,0,False
2021/99864,2021,yazılım,0,False
2021/86352,2021,yazılım,0,False
2021/85210,2021,yazılım,0,False
2021/45379,2021,yazılım,0,False
2021/31998,2021,yazılım,0,False
2021/77940,2021,yazılım,0,False
2021/65752,2021,yazılım,0,False
2021/66585,2021,yazılım,0,False
2021/21744,2021,yazılım,0,False
2021/27530,2021,yazılım,0,False
2021/440,2021,yazılım,0,False
2021/21064,2021,yazılım,0,False
2020/742000,2021,yazılım,0,False
2020/735015,2021,yazılım,0,False
2021/27185,2021,yazılım,0,False
2021/48150,2021,yazılım,0,False
2021/49936,2021,yazılım,0,False
2020/747629,2021,yazılım,0,False
2021/38496,2021,yazılım,0,False
2021/36847,2021,yazılım,0,False
2021/17928,2021,yazılım,0,False
2021/10476,2021,yazılım,0,False
2021/35015,2021,yazılım,0,False
2021/12911,2021,yazılım,0,False
2020/724981,2021,yazılım,0,False
2021/16843,2021,yazılım,0,False
2021/20920,2021,yazılım,0,False
2021/16940,2021,yazılım,0,False
2020/750693,2021,yazılım,0,False
2020/712704,2021,yazılım,0,False
2021/4977,2021,yazılım,0,False
2020/730120,2021,yazılım,0,False
2020/678343,2021,yazılım,0,False
2020/704802,2021,yazılım,0,False
2020/682036,2021,yazılım,0,False
2020/748877,2021,yazılım,0,False
2020/722633,2021,yazılım,0,False
2020/744802,2021,yazılım,0,False
2020/722052,2021,yazılım,0,False
2020/686964,2021,yazılım,0,False
2020/650726,2021,yazılım,0,False
2020/740414,2020,yazılım,0,False
2020/661102,2020,yazılım,0,False
2020/668988,2020,yazılım,0,False
2020/724751,2020,yazılım,0,False
2020/737591,2020,yazılım,0,False
2020/667158,2020,yazılım,0,False
2020/707481,2020,yazılım,0,False
2020/692889,2020,yazılım,0,False
2020/662402,2020,yazılım,0,False
2020/685992,2020,yazılım,0,False
2020/710871,2020,yazılım,0,False
2020/706645,2020,yazılım,0,False
2020/614496,2020,yazılım,0,False
2020/636843,2020,yazılım,0,False
2020/626381,2020,yazılım,0,False
2020/639686,2020,yazılım,0,False
2020/687953,2020,yazılım,0,False
2020/541871,2020,yazılım,0,False
2020/681312,2020,yazılım,0,False
2020/625181,2020,yazılım,0,False
2020/684025,2020,yazılım,0,False
2020/665377,2020,yazılım,0,False
2020/672143,2020,yazılım,0,False
2020/677244,2020,yazılım,0,False
2020/651892,2020,yazılım,0,False
2020/668487,2020,yazılım,0,False
2020/659698,2020,yazılım,0,False
2020/591834,2020,yazılım,0,False
2020/636227,2020,yazılım,0,False
2020/582107,2020,yazılım,0,False
2020/637115,2020,yazılım,0,False
2020/573532,2020,yazılım,0,False
2020/622278,2020,yazılım,0,False
2020/590454,2020,yazılım,0,False
2020/636382,2020,yazılım,0,False
2020/653577,2020,yazılım,0,False
2020/616764,2020,yazılım,0,False
2020/597860,2020,yazılım,0,False
2020/597039,2020,yazılım,0,False
2020/594468,2020,yazılım,0,False
2020/593170,2020,yazılım,0,False
2020/643426,2020,yazılım,0,False
2020/636036,2020,yazılım,0,False
2020/556553,2020,yazılım,0,False
2020/578973,2020,yazılım,0,False
2020/627385,2020,yazılım,0,False
2020/618866,2020,yazılım,0,False
2020/575571,2020,yazılım,0,False
2020/464885,2020,yazılım,0,False
2020/587419,2020,yazılım,0,False
2020/514249,2020,yazılım,0,False
2020/588153,2020,yazılım,0,False
2020/540316,2020,yazılım,0,False
2020/523570,2020,yazılım,0,False
2020/520972,2020,yazılım,0,False
2020/520899,2020,yazılım,0,False
2020/581714,2020,yazılım,0,False
2020/500968,2020,yazılım,0,False
2020/582987,2020,yazılım,0,False
2020/572326,2020,yazılım,0,False
2020/543716,2020,yazılım,0,False
2020/519043,2020,yazılım,0,False
2020/494956,2020,yazılım,0,False
2020/565595,2020,yazılım,0,False
2020/565719,2020,yazılım,0,False
2020/509098,2020,yazılım,0,False
2020/555820,2020,yazılım,0,False
2020/521507,2020,yazılım,0,False
2020/565198,2020,yazılım,0,False
2020/561066,2020,yazılım,0,False
2020/506658,2020,yazılım,0,False
2020/545379,2020,yazılım,0,False
2020/512243,2020,yazılım,0,False
2020/549101,2020,yazılım,0,False
2020/521756,2020,yazılım,0,False
2020/523195,2020,yazılım,0,False
2020/536652,2020,yazılım,0,False
2020/504141,2020,yazılım,0,False
2020/497522,2020,yazılım,0,False
2020/527033,2020,yazılım,0,False
2020/485609,2020,yazılım,0,False
2020/469899,2020,yazılım,0,False
2020/491581,2020,yazılım,0,False
2020/475024,2020,yazılım,0,False
2020/517754,2020,yazılım,0,False
2020/524720,2020,yazılım,0,False
2020/507816,2020,yazılım,0,False
2020/523793,2020,yazılım,0,False
2020/518151,2020,yazılım,0,False
2020/519905,2020,yazılım,0,False
2020/453521,2020,yazılım,0,False
2020/456170,2020,yazılım,0,False
2020/468942,2020,yazılım,0,False
2020/466389,2020,yazılım,0,False
2020/493672,2020,yazılım,0,False
2020/445171,2020,yazılım,0,False
2020/486797,2020,yazılım,0,False
2020/464101,2020,yazılım,0,False
2020/485382,2020,yazılım,0,False
2020/482984,2020,yazılım,0,False
2020/477414,2020,yazılım,0,False
2020/429842,2020,yazılım,0,False
2020/471617,2020,yazılım,0,False
2020/479440,2020,yazılım,0,False
2020/467887,2020,yazılım,0,False
2020/469075,2020,yazılım,0,False
2020/453096,2020,yazılım,0,False
2020/458095,2020,yazılım,0,False
2020/335022,2020,yazılım,0,False
2020/449770,2020,yazılım,0,False
2020/404355,2020,yazılım,0,False
2020/452726,2020,yazılım,0,False
2020/456205,2020,yazılım,0,False
2020/402177,2020,yazılım,0,False
2020/439299,2020,yazılım,0,False
2020/406341,2020,yazılım,0,False
2020/427784,2020,yazılım,0,False
2020/364156,2020,yazılım,0,False
2020/339126,2020,yazılım,0,False
2020/342366,2020,yazılım,0,False
2020/408583,2020,yazılım,0,False
2020/385671,2020,yazılım,0,False
2020/354726,2020,yazılım,0,False
2020/407810,2020,yazılım,0,False
2020/375313,2020,yazılım,0,False
2020/387498,2020,yazılım,0,False
2020/374171,2020,yazılım,0,False
2020/395337,2020,yazılım,0,False
2020/398631,2020,yazılım,0,False
2020/395940,2020,yazılım,0,False
2020/389480,2020,yazılım,0,False
2020/336442,2020,yazılım,0,False
2020/344566,2020,yazılım,0,False
2020/365866,2020,yazılım,0,False
2020/297214,2020,yazılım,0,False
2020/331753,2020,yazılım,0,False
2020/390138,2020,yazılım,0,False
2020/386976,2020,yazılım,0,False
2020/385430,2020,yazılım,0,False
2020/333388,2020,yazılım,0,False
2020/345095,2020,yazılım,0,False
2020/374564,2020,yazılım,0,False
2020/335716,2020,yazılım,0,False
2020/371403,2020,yazılım,0,False
2020/300328,2020,yazılım,0,False
2020/266309,2020,yazılım,0,False
2020/348615,2020,yazılım,0,False
2020/333938,2020,yazılım,0,False
2020/276523,2020,yazılım,0,False
2020/327691,2020,yazılım,0,False
2020/264231,2020,yazılım,0,False
2020/321110,2020,yazılım,0,False
2020/267282,2020,yazılım,0,False
2020/300711,2020,yazılım,0,False
2020/309068,2020,yazılım,0,False
2020/311460,2020,yazılım,0,False
2020/313846,2020,yazılım,0,False
2020/278985,2020,yazılım,0,False
2020/256199,2020,yazılım,0,False
2020/304150,2020,yazılım,0,False
2020/244494,2020,yazılım,0,False
2020/256054,2020,yazılım,0,False
2020/242731,2020,yazılım,0,False
2020/273125,2020,yazılım,0,False
2020/280269,2020,yazılım,0,False
2020/220074,2020,yazılım,0,False
2020/220203,2020,yazılım,0,False
2020/253213,2020,yazılım,0,False
2020/223830,2020,yazılım,0,False
2020/214717,2020,yazılım,0,False
2020/236915,2020,yazılım,0,False
2020/211364,2020,yazılım,0,False
2020/248014,2020,yazılım,0,False
2020/206486,2020,yazılım,0,False
2020/200463,2020,yazılım,0,False
2020/247031,2020,yazılım,0,False
2020/265653,2020,yazılım,0,False
2020/250763,2020,yazılım,0,False
2020/248675,2020,yazılım,0,False
2020/224498,2020,yazılım,0,False
2020/232594,2020,yazılım,0,False
2020/261436,2020,yazılım,0,False
2020/200602,2020,yazılım,0,False
2020/232626,2020,yazılım,0,False
2020/228032,2020,yazılım,0,False
2020/237787,2020,yazılım,0,False
2020/179410,2020,yazılım,0,False
2020/241518,2020,yazılım,0,False
2020/239429,2020,yazılım,0,False
2020/225893,2020,yazılım,0,False
2020/227578,2020,yazılım,0,False
2020/231715,2020,yazılım,0,False
2020/195146,2020,yazılım,0,False
2020/185712,2020,yazılım,0,False
2020/209015,2020,yazılım,0,False
2020/147323,2020,yazılım,0,False
2020/212703,2020,yazılım,0,False
2020/216342,2020,yazılım,0,False
2020/208884,2020,yazılım,0,False
2020/204165,2020,yazılım,0,False
2020/150431,2020,yazılım,0,False
2020/185973,2020,yazılım,0,False
2020/196379,2020,yazılım,0,False
2020/196068,2020,yazılım,0,False
2020/195886,2020,yazılım,0,False
2020/152640,2020,yazılım,0,False
2020/175540,2020,yazılım,0,False
2020/169575,2020,yazılım,0,False
2020/129415,2020,yazılım,0,False
2020/126755,2020,yazılım,0,False
2020/148496,2020,yazılım,0,False
2020/144262,2020,yazılım,0,False
2020/98949,2020,yazılım,0,False
2020/119227,2020,yazılım,0,False
2020/148153,2020,yazılım,0,False
2020/150685,2020,yazılım,0,False
2020/88743,2020,yazılım,0,False
2020/133893,2020,yazılım,0,False
2020/135894,2020,yazılım,0,False
2020/114844,2020,yazılım,0,False
2020/85511,2020,yazılım,0,False
2020/119475,2020,yazılım,0,False
2020/104930,2020,yazılım,0,False
2020/63017,2020,yazılım,0,False
2020/109386,2020,yazılım,0,False
2020/97052,2020,yazılım,0,False
2020/54156,2020,yazılım,0,False
2020/88638,2020,yazılım,0,False
2020/23512,2020,yazılım,0,False
2020/9039,2020,yazılım,0,False
2020/85106,2020,yazılım,0,False
2020/65282,2020,yazılım,0,False
2020/57262,2020,yazılım,0,False
2020/24337,2020,yazılım,0,False
2020/37178,2020,yazılım,0,False
2020/13063,2020,yazılım,0,False
2020/42652,2020,yazılım,0,False
2019/708103,2020,yazılım,0,False
2020/46209,2020,yazılım,0,False
2020/9441,2020,yazılım,0,False
2020/30606,2020,yazılım,0,False
2019/725058,2020,yazılım,0,False
2019/727305,2020,yazılım,0,False
2020/33395,2020,yazılım,0,False
2020/23857,2020,yazılım,0,False
2020/37922,2020,yazılım,0,False
2019/701433,2020,yazılım,0,False
2020/24247,2020,yazılım,0,False
2020/11654,2020,yazılım,0,False
2020/6612,2020,yazılım,0,False
2020/24005,2020,yazılım,0,False
2020/15897,2020,yazılım,0,False
2020/12427,2020,yazılım,0,False
2020/19249,2020,yazılım,0,False
2020/18261,2020,yazılım,0,False
2020/13864,2020,yazılım,0,False
2020/11178,2020,yazılım,0,False
2019/726595,2020,yazılım,0,False
2020/2503,2020,yazılım,0,False
2019/720275,2020,yazılım,0,False
2019/725358,2020,yazılım,0,False
2019/719249,2020,yazılım,0,False
2019/719361,2019,yazılım,0,False
2019/718408,2019,yazılım,0,False
2019/714772,2019,yazılım,0,False
2019/607791,2019,yazılım,0,False
2019/693085,2019,yazılım,0,False
2019/609000,2019,yazılım,0,False
2019/695128,2019,yazılım,0,False
2019/579550,2019,yazılım,0,False
2019/623086,2019,yazılım,0,False
2019/614308,2019,yazılım,0,False
2019/626054,2019,yazılım,0,False
2019/678554,2019,yazılım,0,False
2019/674032,2019,yazılım,0,False
2019/681885,2019,yazılım,0,False
2019/559494,2019,yazılım,0,False
2019/661426,2019,yazılım,0,False
2019/569900,2019,yazılım,0,False
2019/651055,2019,yazılım,0,False
2019/644207,2019,yazılım,0,False
2019/656789,2019,yazılım,0,False
2019/650378,2019,yazılım,0,False
2019/586527,2019,yazılım,0,False
2019/587087,2019,yazılım,0,False
2019/609587,2019,yazılım,0,False
2019/566369,2019,yazılım,0,False
2019/581244,2019,yazılım,0,False
2019/602630,2019,yazılım,0,False
2019/602315,2019,yazılım,0,False
2019/569438,2019,yazılım,0,False
2019/548116,2019,yazılım,0,False
2019/543007,2019,yazılım,0,False
2019/582240,2019,yazılım,0,False
2019/595570,2019,yazılım,0,False
2019/582749,2019,yazılım,0,False
2019/555435,2019,yazılım,0,False
2019/581400,2019,yazılım,0,False
2019/582744,2019,yazılım,0,False
2019/556117,2019,yazılım,0,False
2019/598075,2019,yazılım,0,False
2019/605485,2019,yazılım,0,False
2019/543207,2019,yazılım,0,False
2019/517211,2019,yazılım,0,False
2019/521740,2019,yazılım,0,False
2019/563991,2019,yazılım,0,False
2019/549442,2019,yazılım,0,False
2019/512812,2019,yazılım,0,False
2019/498043,2019,yazılım,0,False
2019/511578,2019,yazılım,0,False
2019/544216,2019,yazılım,0,False
2019/568062,2019,yazılım,0,False
2019/509989,2019,yazılım,0,False
2019/560572,2019,yazılım,0,False
2019/496260,2019,yazılım,0,False
2019/519996,2019,yazılım,0,False
2019/497876,2019,yazılım,0,False
2019/464814,2019,yazılım,0,False
2019/534339,2019,yazılım,0,False
2019/499834,2019,yazılım,0,False
2019/523114,2019,yazılım,0,False
2019/481392,2019,yazılım,0,False
2019/501163,2019,yazılım,0,False
2019/516826,2019,yazılım,0,False
2019/459026,2019,yazılım,0,False
2019/483332,2019,yazılım,0,False
2019/501986,2019,yazılım,0,False
2019/432498,2019,yazılım,0,False
2019/498709,2019,yazılım,0,False
2019/478982,2019,yazılım,0,False
2019/435108,2019,yazılım,0,False
2019/494099,2019,yazılım,0,False
2019/460152,2019,yazılım,0,False
2019/441779,2019,yazılım,0,False
2019/425237,2019,yazılım,0,False
2019/446461,2019,yazılım,0,False
2019/440720,2019,yazılım,0,False
2019/456131,2019,yazılım,0,False
2019/401878,2019,yazılım,0,False
2019/452764,2019,yazılım,0,False
2019/406368,2019,yazılım,0,False
2019/385303,2019,yazılım,0,False
2019/310968,2019,yazılım,0,False
2019/398358,2019,yazılım,0,False
2019/352318,2019,yazılım,0,False
2019/339207,2019,yazılım,0,False
2019/390811,2019,yazılım,0,False
2019/363998,2019,yazılım,0,False
2019/378614,2019,yazılım,0,False
2019/367241,2019,yazılım,0,False
2019/301378,2019,yazılım,0,False
2019/317120,2019,yazılım,0,False
2019/288537,2019,yazılım,0,False
2019/277880,2019,yazılım,0,False
2019/356343,2019,yazılım,0,False
2019/342441,2019,yazılım,0,False
2019/355929,2019,yazılım,0,False
2019/276635,2019,yazılım,0,False
2019/256355,2019,yazılım,0,False
2019/280315,2019,yazılım,0,False
2019/279007,2019,yazılım,0,False
2019/313816,2019,yazılım,0,False
2019/334348,2019,yazılım,0,False
2019/325128,2019,yazılım,0,False
2019/301506,2019,yazılım,0,False
2019/274998,2019,yazılım,0,False
2019/292684,2019,yazılım,0,False
2019/318537,2019,yazılım,0,False
2019/261793,2019,yazılım,0,False
2019/295791,2019,yazılım,0,False
2019/287834,2019,yazılım,0,False
2019/243730,2019,yazılım,0,False
2019/261387,2019,yazılım,0,False
2019/189044,2019,yazılım,0,False
2019/209912,2019,yazılım,0,False
2019/252258,2019,yazılım,0,False
2019/236814,2019,yazılım,0,False
2019/224775,2019,yazılım,0,False
2019/216555,2019,yazılım,0,False
2019/260882,2019,yazılım,0,False
2019/250720,2019,yazılım,0,False
2019/191924,2019,yazılım,0,False
2019/221901,2019,yazılım,0,False
2019/253541,2019,yazılım,0,False
2019/223161,2019,yazılım,0,False
2019/255169,2019,yazılım,0,False
2019/212553,2019,yazılım,0,False
2019/239182,2019,yazılım,0,False
2019/240553,2019,yazılım,0,False
2019/198546,2019,yazılım,0,False
2019/194079,2019,yazılım,0,False
2019/153205,2019,yazılım,0,False
2019/190287,2019,yazılım,0,False
2019/205676,2019,yazılım,0,False
2019/196080,2019,yazılım,0,False
2019/205651,2019,yazılım,0,False
2019/142039,2019,yazılım,0,False
2019/192143,2019,yazılım,0,False
2019/184982,2019,yazılım,0,False
2019/190321,2019,yazılım,0,False
2019/187696,2019,yazılım,0,False
2019/138658,2019,yazılım,0,False
2019/154808,2019,yazılım,0,False
2019/167094,2019,yazılım,0,False
2019/85419,2019,yazılım,0,False
2019/123307,2019,yazılım,0,False
2019/109591,2019,yazılım,0,False
2019/104361,2019,yazılım,0,False
2019/134056,2019,yazılım,0,False
2019/132843,2019,yazılım,0,False
2019/107789,2019,yazılım,0,False
2019/116777,2019,yazılım,0,False
2019/127741,2019,yazılım,0,False
2019/124823,2019,yazılım,0,False
2019/131403,2019,yazılım,0,False
2019/119788,2019,yazılım,0,False
2019/111753,2019,yazılım,0,False
2019/60958,2019,yazılım,0,False
2019/64511,2019,yazılım,0,False
2019/61298,2019,yazılım,0,False
2019/68757,2019,yazılım,0,False
2019/92283,2019,yazılım,0,False
2019/48533,2019,yazılım,0,False
2019/44732,2019,yazılım,0,False
2019/55423,2019,yazılım,0,False
2019/87449,2019,yazılım,0,False
2019/25088,2019,yazılım,0,False
2019/97355,2019,yazılım,0,False
2019/91770,2019,yazılım,0,False
2019/38186,2019,yazılım,0,False
2019/85883,2019,yazılım,0,False
2019/1894,2019,yazılım,0,False
2019/83006,2019,yazılım,0,False
2019/77671,2019,yazılım,0,False
2019/19688,2019,yazılım,0,False
2019/26421,2019,yazılım,0,False
2019/19557,2019,yazılım,0,False
2019/10682,2019,yazılım,0,False
2019/33834,2019,yazılım,0,False
2019/51648,2019,yazılım,0,False
2019/41067,2019,yazılım,0,False
2019/62530,2019,yazılım,0,False
2019/20967,2019,yazılım,0,False
2019/33722,2019,yazılım,0,False
2019/32537,2019,yazılım,0,False
2018/695891,2019,yazılım,0,False
2019/14171,2019,yazılım,0,False
2019/10549,2019,yazılım,0,False
2018/646925,2019,yazılım,0,False
2019/33311,2019,yazılım,0,False
2019/36766,2019,yazılım,0,False
2018/676586,2019,yazılım,0,False
2018/704521,2019,yazılım,0,False
2019/26167,2019,yazılım,0,False
2019/26973,2019,yazılım,0,False
2018/658616,2019,yazılım,0,False
2018/683623,2019,yazılım,0,False
2019/5343,2019,yazılım,0,False
2019/16822,2019,yazılım,0,False
2019/10006,2019,yazılım,0,False
2018/676688,2019,yazılım,0,False
2018/613400,2019,yazılım,0,False
2018/639138,2019,yazılım,0,False
2018/671752,2019,yazılım,0,False
2019/8607,2019,yazılım,0,False
2019/10367,2019,yazılım,0,False
2018/680560,2019,yazılım,0,False
2018/613397,2019,yazılım,0,False
2018/639860,2019,yazılım,0,False
2018/631347,2019,yazılım,0,False
2018/623851,2019,yazılım,0,False
2018/628912,2019,yazılım,0,False
2018/705986,2019,yazılım,0,False
2018/622930,2018,yazılım,0,False
2018/644499,2018,yazılım,0,False
2018/624880,2018,yazılım,0,False
2018/676712,2018,yazılım,0,False
2018/603564,2018,yazılım,0,False
2018/612519,2018,yazılım,0,False
2018/639160,2018,yazılım,0,False
2018/666234,2018,yazılım,0,False
2018/649232,2018,yazılım,0,False
2018/651967,2018,yazılım,0,False
2018/585420,2018,yazılım,0,False
2018/563808,2018,yazılım,0,False
2018/592291,2018,yazılım,0,False
2018/539515,2018,yazılım,0,False
2018/622797,2018,yazılım,0,False
2018/622143,2018,yazılım,0,False
2018/616010,2018,yazılım,0,False
2018/599467,2018,yazılım,0,False
2018/529468,2018,yazılım,0,False
2018/546570,2018,yazılım,0,False
2018/594427,2018,yazılım,0,False
2018/601024,2018,yazılım,0,False
2018/522652,2018,yazılım,0,False
2018/532787,2018,yazılım,0,False
2018/579736,2018,yazılım,0,False
2018/529300,2018,yazılım,0,False
2018/516000,2018,yazılım,0,False
2018/584775,2018,yazılım,0,False
2018/531941,2018,yazılım,0,False
2018/512596,2018,yazılım,0,False
2018/524481,2018,yazılım,0,False
2018/521694,2018,yazılım,0,False
2018/570981,2018,yazılım,0,False
2018/552656,2018,yazılım,0,False
2018/560059,2018,yazılım,0,False
2018/534511,2018,yazılım,0,False
2018/508306,2018,yazılım,0,False
2018/501564,2018,yazılım,0,False
2018/546521,2018,yazılım,0,False
2018/517425,2018,yazılım,0,False
2018/547337,2018,yazılım,0,False
2018/534460,2018,yazılım,0,False
2018/486374,2018,yazılım,0,False
2018/535961,2018,yazılım,0,False
2018/533810,2018,yazılım,0,False
2018/533282,2018,yazılım,0,False
2018/529883,2018,yazılım,0,False
2018/503295,2018,yazılım,0,False
2018/479634,2018,yazılım,0,False
2018/509952,2018,yazılım,0,False
2018/516340,2018,yazılım,0,False
2018/443128,2018,yazılım,0,False
2018/465290,2018,yazılım,0,False
2018/492161,2018,yazılım,0,False
2018/495804,2018,yazılım,0,False
2018/477988,2018,yazılım,0,False
2018/447450,2018,yazılım,0,False
2018/497022,2018,yazılım,0,False
2018/494298,2018,yazılım,0,False
2018/488040,2018,yazılım,0,False
2018/496788,2018,yazılım,0,False
2018/464931,2018,yazılım,0,False
2018/450812,2018,yazılım,0,False
2018/431498,2018,yazılım,0,False
2018/449543,2018,yazılım,0,False
2018/479359,2018,yazılım,0,False
2018/443796,2018,yazılım,0,False
2018/440324,2018,yazılım,0,False
2018/413926,2018,yazılım,0,False
2018/458670,2018,yazılım,0,False
2018/456685,2018,yazılım,0,False
2018/421629,2018,yazılım,0,False
2018/449991,2018,yazılım,0,False
2018/458924,2018,yazılım,0,False
2018/457357,2018,yazılım,0,False
2018/440840,2018,yazılım,0,False
2018/361815,2018,yazılım,0,False
2018/430811,2018,yazılım,0,False
2018/402061,2018,yazılım,0,False
2018/447879,2018,yazılım,0,False
2018/442632,2018,yazılım,0,False
2018/439069,2018,yazılım,0,False
2018/371714,2018,yazılım,0,False
2018/410858,2018,yazılım,0,False
2018/412305,2018,yazılım,0,False
2018/390337,2018,yazılım,0,False
2018/418476,2018,yazılım,0,False
2018/401054,2018,yazılım,0,False
2018/378156,2018,yazılım,0,False
2018/358089,2018,yazılım,0,False
2018/345750,2018,yazılım,0,False
2018/391722,2018,yazılım,0,False
2018/276833,2018,yazılım,0,False
2018/404797,2018,yazılım,0,False
2018/366172,2018,yazılım,0,False
2018/409788,2018,yazılım,0,False
2018/412262,2018,yazılım,0,False
2018/401756,2018,yazılım,0,False
2018/385414,2018,yazılım,0,False
2018/397098,2018,yazılım,0,False
2018/376198,2018,yazılım,0,False
2018/391668,2018,yazılım,0,False
2018/337260,2018,yazılım,0,False
2018/396354,2018,yazılım,0,False
2018/358586,2018,yazılım,0,False
2018/355227,2018,yazılım,0,False
2018/355374,2018,yazılım,0,False
2018/301760,2018,yazılım,0,False
2018/324172,2018,yazılım,0,False
2018/375393,2018,yazılım,0,False
2018/308059,2018,yazılım,0,False
2018/360207,2018,yazılım,0,False
2018/315645,2018,yazılım,0,False
2018/323460,2018,yazılım,0,False
2018/336893,2018,yazılım,0,False
2018/310014,2018,yazılım,0,False
2018/298756,2018,yazılım,0,False
2018/331005,2018,yazılım,0,False
2018/298952,2018,yazılım,0,False
2018/336638,2018,yazılım,0,False
2018/297866,2018,yazılım,0,False
2018/255629,2018,yazılım,0,False
2018/267150,2018,yazılım,0,False
2018/318096,2018,yazılım,0,False
2018/287341,2018,yazılım,0,False
2018/291494,2018,yazılım,0,False
2018/320898,2018,yazılım,0,False
2018/312251,2018,yazılım,0,False
2018/278906,2018,yazılım,0,False
2018/286129,2018,yazılım,0,False
2018/268160,2018,yazılım,0,False
2018/303183,2018,yazılım,0,False
2018/284379,2018,yazılım,0,False
2018/202712,2018,yazılım,0,False
2018/245453,2018,yazılım,0,False
2018/194553,2018,yazılım,0,False
2018/282713,2018,yazılım,0,False
2018/301314,2018,yazılım,0,False
2018/309047,2018,yazılım,0,False
2018/275638,2018,yazılım,0,False
2018/297715,2018,yazılım,0,False
2018/293270,2018,yazılım,0,False
2018/224174,2018,yazılım,0,False
2018/261536,2018,yazılım,0,False
2018/238234,2018,yazılım,0,False
2018/216922,2018,yazılım,0,False
2018/284597,2018,yazılım,0,False
2018/216103,2018,yazılım,0,False
2018/215085,2018,yazılım,0,False
2018/240628,2018,yazılım,0,False
2018/200157,2018,yazılım,0,False
2018/250574,2018,yazılım,0,False
2018/186974,2018,yazılım,0,False
2018/248317,2018,yazılım,0,False
2018/243619,2018,yazılım,0,False
2018/236520,2018,yazılım,0,False
2018/184781,2018,yazılım,0,False
2018/186710,2018,yazılım,0,False
2018/184389,2018,yazılım,0,False
2018/224330,2018,yazılım,0,False
2018/218076,2018,yazılım,0,False
2018/197824,2018,yazılım,0,False
2018/170109,2018,yazılım,0,False
2018/189276,2018,yazılım,0,False
2018/135084,2018,yazılım,0,False
2018/169421,2018,yazılım,0,False
2018/165693,2018,yazılım,0,False
2018/144198,2018,yazılım,0,False
2018/198629,2018,yazılım,0,False
2018/199216,2018,yazılım,0,False
2018/200590,2018,yazılım,0,False
2018/124247,2018,yazılım,0,False
2018/186824,2018,yazılım,0,False
2018/102205,2018,yazılım,0,False
2018/173607,2018,yazılım,0,False
2018/188166,2018,yazılım,0,False
2018/179811,2018,yazılım,0,False
2018/155114,2018,yazılım,0,False
2018/142460,2018,yazılım,0,False
2018/173245,2018,yazılım,0,False
2018/124776,2018,yazılım,0,False
2018/174880,2018,yazılım,0,False
2018/98684,2018,yazılım,0,False
2018/149097,2018,yazılım,0,False
2018/158555,2018,yazılım,0,False
2018/112323,2018,yazılım,0,False
2018/156685,2018,yazılım,0,False
2018/137700,2018,yazılım,0,False
2018/102643,2018,yazılım,0,False
2018/142027,2018,yazılım,0,False
2018/133885,2018,yazılım,0,False
2018/96475,2018,yazılım,0,False
2018/126865,2018,yazılım,0,False
2018/85213,2018,yazılım,0,False
2018/89967,2018,yazılım,0,False
2018/101496,2018,yazılım,0,False
2018/79097,2018,yazılım,0,False
2018/78304,2018,yazılım,0,False
2018/128193,2018,yazılım,0,False
2018/89054,2018,yazılım,0,False
2018/82917,2018,yazılım,0,False
2018/85085,2018,yazılım,0,False
2018/85041,2018,yazılım,0,False
2018/97278,2018,yazılım,0,False
2018/100115,2018,yazılım,0,False
2018/64622,2018,yazılım,0,False
2018/49029,2018,yazılım,0,False
2018/86870,2018,yazılım,0,False
2018/54017,2018,yazılım,0,False
2018/28652,2018,yazılım,0,False
2018/64424,2018,yazılım,0,False
2018/56127,2018,yazılım,0,False
2018/53846,2018,yazılım,0,False
2018/23828,2018,yazılım,0,False
2018/43337,2018,yazılım,0,False
2018/50892,2018,yazılım,0,False
2018/8148,2018,yazılım,0,False
2018/32334,2018,yazılım,0,False
2017/681791,2018,yazılım,0,False
2018/32188,2018,yazılım,0,False
2018/35798,2018,yazılım,0,False
2018/26078,2018,yazılım,0,False
2017/557261,2018,yazılım,0,False
2017/679549,2018,yazılım,0,False
2018/19681,2018,yazılım,0,False
2017/647056,2018,yazılım,0,False
2018/15295,2018,yazılım,0,False
2017/646649,2018,yazılım,0,False
2018/501,2018,yazılım,0,False
2017/644266,2018,yazılım,0,False
2017/623289,2018,yazılım,0,False
2017/678071,2018,yazılım,0,False
2017/645572,2018,yazılım,0,False
2017/623001,2018,yazılım,0,False
2017/609471,2017,yazılım,0,False
2017/604976,2017,yazılım,0,False
2017/605319,2017,yazılım,0,False
2017/586936,2017,yazılım,0,False
2017/633118,2017,yazılım,0,False
2017/618544,2017,yazılım,0,False
2017/669594,2017,yazılım,0,False
2017/638715,2017,yazılım,0,False
2017/623346,2017,yazılım,0,False
2017/601725,2017,yazılım,0,False
2017/597820,2017,yazılım,0,False
2017/604905,2017,yazılım,0,False
2017/601870,2017,yazılım,0,False
2017/586989,2017,yazılım,0,False
2017/580416,2017,yazılım,0,False
2017/643492,2017,yazılım,0,False
2017/601936,2017,yazılım,0,False
2017/598213,2017,yazılım,0,False
2017/598782,2017,yazılım,0,False
2017/606560,2017,yazılım,0,False
2017/574711,2017,yazılım,0,False
2017/599833,2017,yazılım,0,False
2017/628062,2017,yazılım,0,False
2017/629790,2017,yazılım,0,False
2017/629577,2017,yazılım,0,False
2017/611290,2017,yazılım,0,False
2017/626600,2017,yazılım,0,False
2017/608991,2017,yazılım,0,False
2017/626428,2017,yazılım,0,False
2017/611741,2017,yazılım,0,False
2017/592885,2017,yazılım,0,False
2017/562078,2017,yazılım,0,False
2017/620188,2017,yazılım,0,False
2017/551947,2017,yazılım,0,False
2017/550966,2017,yazılım,0,False
2017/585123,2017,yazılım,0,False
2017/552305,2017,yazılım,0,False
2017/549463,2017,yazılım,0,False
2017/567770,2017,yazılım,0,False
2017/598930,2017,yazılım,0,False
2017/568263,2017,yazılım,0,False
2017/517281,2017,yazılım,0,False
2017/552010,2017,yazılım,0,False
2017/540747,2017,yazılım,0,False
2017/530298,2017,yazılım,0,False
2017/594345,2017,yazılım,0,False
2017/565406,2017,yazılım,0,False
2017/532034,2017,yazılım,0,False
2017/596546,2017,yazılım,0,False
2017/515581,2017,yazılım,0,False
2017/505411,2017,yazılım,0,False
2017/566690,2017,yazılım,0,False
2017/526520,2017,yazılım,0,False
2017/510946,2017,yazılım,0,False
2017/498439,2017,yazılım,0,False
2017/545000,2017,yazılım,0,False
2017/498581,2017,yazılım,0,False
2017/558177,2017,yazılım,0,False
2017/537866,2017,yazılım,0,False
2017/568009,2017,yazılım,0,False
2017/548780,2017,yazılım,0,False
2017/507847,2017,yazılım,0,False
2017/495291,2017,yazılım,0,False
2017/489413,2017,yazılım,0,False
2017/551797,2017,yazılım,0,False
2017/550525,2017,yazılım,0,False
2017/518014,2017,yazılım,0,False
2017/502670,2017,yazılım,0,False
2017/500187,2017,yazılım,0,False
2017/495201,2017,yazılım,0,False
2017/498457,2017,yazılım,0,False
2017/506870,2017,yazılım,0,False
2017/506877,2017,yazılım,0,False
2017/453264,2017,yazılım,0,False
2017/487608,2017,yazılım,0,False
2017/469938,2017,yazılım,0,False
2017/471662,2017,yazılım,0,False
2017/503139,2017,yazılım,0,False
2017/498788,2017,yazılım,0,False
2017/479468,2017,yazılım,0,False
2017/522020,2017,yazılım,0,False
2017/481596,2017,yazılım,0,False
2017/489506,2017,yazılım,0,False
2017/486223,2017,yazılım,0,False
2017/518907,2017,yazılım,0,False
2017/507307,2017,yazılım,0,False
2017/461594,2017,yazılım,0,False
2017/453668,2017,yazılım,0,False
2017/437880,2017,yazılım,0,False
2017/458658,2017,yazılım,0,False
2017/482326,2017,yazılım,0,False
2017/489687,2017,yazılım,0,False
2017/427558,2017,yazılım,0,False
2017/429270,2017,yazılım,0,False
2017/492051,2017,yazılım,0,False
2017/423805,2017,yazılım,0,False
2017/441233,2017,yazılım,0,False
2017/425363,2017,yazılım,0,False
2017/450684,2017,yazılım,0,False
2017/413764,2017,yazılım,0,False
2017/435972,2017,yazılım,0,False
2017/415118,2017,yazılım,0,False
2017/420376,2017,yazılım,0,False
2017/420194,2017,yazılım,0,False
2017/399392,2017,yazılım,0,False
2017/426932,2017,yazılım,0,False
2017/378527,2017,yazılım,0,False
2017/373557,2017,yazılım,0,False
2017/424840,2017,yazılım,0,False
2017/432323,2017,yazılım,0,False
2017/396242,2017,yazılım,0,False
2017/402081,2017,yazılım,0,False
2017/380330,2017,yazılım,0,False
2017/377590,2017,yazılım,0,False
2017/412593,2017,yazılım,0,False
2017/388415,2017,yazılım,0,False
2017/347344,2017,yazılım,0,False
2017/397003,2017,yazılım,0,False
2017/348569,2017,yazılım,0,False
2017/371849,2017,yazılım,0,False
2017/404143,2017,yazılım,0,False
2017/409949,2017,yazılım,0,False
2017/372667,2017,yazılım,0,False
2017/400647,2017,yazılım,0,False
2017/350724,2017,yazılım,0,False
2017/392064,2017,yazılım,0,False
2017/351149,2017,yazılım,0,False
2017/297583,2017,yazılım,0,False
2017/329085,2017,yazılım,0,False
2017/364065,2017,yazılım,0,False
2017/368348,2017,yazılım,0,False
2017/313557,2017,yazılım,0,False
2017/349230,2017,yazılım,0,False
2017/354528,2017,yazılım,0,False
2017/323805,2017,yazılım,0,False
2017/360907,2017,yazılım,0,False
2017/360832,2017,yazılım,0,False
2017/351134,2017,yazılım,0,False
2017/275966,2017,yazılım,0,False
2017/281790,2017,yazılım,0,False
2017/355350,2017,yazılım,0,False
2017/340292,2017,yazılım,0,False
2017/338668,2017,yazılım,0,False
2017/327037,2017,yazılım,0,False
2017/329972,2017,yazılım,0,False
2017/236789,2017,yazılım,0,False
2017/297430,2017,yazılım,0,False
2017/298024,2017,yazılım,0,False
2017/295373,2017,yazılım,0,False
2017/338702,2017,yazılım,0,False
2017/325640,2017,yazılım,0,False
2017/285721,2017,yazılım,0,False
2017/258505,2017,yazılım,0,False
2017/319452,2017,yazılım,0,False
2017/246867,2017,yazılım,0,False
2017/303877,2017,yazılım,0,False
2017/259751,2017,yazılım,0,False
2017/245609,2017,yazılım,0,False
2017/309759,2017,yazılım,0,False
2017/299508,2017,yazılım,0,False
2017/249675,2017,yazılım,0,False
2017/299318,2017,yazılım,0,False
2017/242039,2017,yazılım,0,False
2017/272685,2017,yazılım,0,False
2017/246245,2017,yazılım,0,False
2017/226263,2017,yazılım,0,False
2017/275446,2017,yazılım,0,False
2017/286101,2017,yazılım,0,False
2017/218256,2017,yazılım,0,False
2017/241634,2017,yazılım,0,False
2017/235617,2017,yazılım,0,False
2017/227811,2017,yazılım,0,False
2017/256768,2017,yazılım,0,False
2017/250666,2017,yazılım,0,False
2017/213119,2017,yazılım,0,False
2017/243673,2017,yazılım,0,False
2017/225641,2017,yazılım,0,False
2017/237478,2017,yazılım,0,False
2017/255624,2017,yazılım,0,False
2017/215952,2017,yazılım,0,False
2017/228248,2017,yazılım,0,False
2017/203775,2017,yazılım,0,False
2017/219033,2017,yazılım,0,False
2017/209052,2017,yazılım,0,False
2017/220940,2017,yazılım,0,False
2017/112792,2017,yazılım,0,False
2017/249771,2017,yazılım,0,False
2017/235744,2017,yazılım,0,False
2017/246122,2017,yazılım,0,False
2017/190648,2017,yazılım,0,False
2017/238134,2017,yazılım,0,False
2017/232659,2017,yazılım,0,False
2017/203468,2017,yazılım,0,False
2017/233679,2017,yazılım,0,False
2017/177119,2017,yazılım,0,False
2017/236438,2017,yazılım,0,False
2017/189613,2017,yazılım,0,False
2017/227902,2017,yazılım,0,False
2017/237823,2017,yazılım,0,False
2017/190120,2017,yazılım,0,False
2017/188439,2017,yazılım,0,False
2017/215655,2017,yazılım,0,False
2017/226763,2017,yazılım,0,False
2017/186628,2017,yazılım,0,False
2017/190538,2017,yazılım,0,False
2017/209279,2017,yazılım,0,False
2017/198777,2017,yazılım,0,False
2017/159420,2017,yazılım,0,False
2017/207571,2017,yazılım,0,False
2017/158203,2017,yazılım,0,False
2017/201406,2017,yazılım,0,False
2017/205828,2017,yazılım,0,False
2017/178401,2017,yazılım,0,False
2017/168777,2017,yazılım,0,False
2017/201440,2017,yazılım,0,False
2017/176932,2017,yazılım,0,False
2017/106404,2017,yazılım,0,False
2017/175810,2017,yazılım,0,False
2017/110102,2017,yazılım,0,False
2017/114336,2017,yazılım,0,False
2017/177887,2017,yazılım,0,False
2017/177645,2017,yazılım,0,False
2017/117227,2017,yazılım,0,False
2017/168713,2017,yazılım,0,False
2017/83245,2017,yazılım,0,False
2017/164219,2017,yazılım,0,False
2017/122441,2017,yazılım,0,False
2017/98958,2017,yazılım,0,False
2017/104944,2017,yazılım,0,False
2017/163428,2017,yazılım,0,False
2017/154083,2017,yazılım,0,False
2017/112629,2017,yazılım,0,False
2017/124021,2017,yazılım,0,False
2017/120514,2017,yazılım,0,False
2017/99979,2017,yazılım,0,False
2017/136081,2017,yazılım,0,False
2017/145300,2017,yazılım,0,False
2017/137426,2017,yazılım,0,False
2017/95845,2017,yazılım,0,False
2017/133100,2017,yazılım,0,False
2017/133536,2017,yazılım,0,False
2017/118556,2017,yazılım,0,False
2017/125057,2017,yazılım,0,False
2017/127921,2017,yazılım,0,False
2017/137452,2017,yazılım,0,False
2017/119397,2017,yazılım,0,False
2017/110340,2017,yazılım,0,False
2017/87417,2017,yazılım,0,False
2017/56486,2017,yazılım,0,False
2017/94742,2017,yazılım,0,False
2016/590140,2017,yazılım,0,False
2017/110930,2017,yazılım,0,False
2017/95908,2017,yazılım,0,False
2017/74428,2017,yazılım,0,False
2017/62665,2017,yazılım,0,False
2017/100846,2017,yazılım,0,False
2017/4623,2017,yazılım,0,False
2017/52891,2017,yazılım,0,False
2017/89528,2017,yazılım,0,False
2017/85597,2017,yazılım,0,False
2017/87794,2017,yazılım,0,False
2017/83619,2017,yazılım,0,False
2017/79015,2017,yazılım,0,False
2017/27194,2017,yazılım,0,False
2017/76546,2017,yazılım,0,False
2017/37514,2017,yazılım,0,False
2016/574639,2017,yazılım,0,False
2017/63224,2017,yazılım,0,False
2017/23850,2017,yazılım,0,False
2017/42382,2017,yazılım,0,False
2017/44673,2017,yazılım,0,False
2017/11097,2017,yazılım,0,False
2017/24619,2017,yazılım,0,False
2017/25859,2017,yazılım,0,False
2017/8812,2017,yazılım,0,False
2017/30014,2017,yazılım,0,False
2017/26508,2017,yazılım,0,False
2016/546440,2017,yazılım,0,False
2017/20932,2017,yazılım,0,False
2017/18765,2017,yazılım,0,False
2016/535335,2017,yazılım,0,False
2016/572802,2017,yazılım,0,False
2016/507130,2017,yazılım,0,False
2017/6814,2017,yazılım,0,False
2016/587235,2017,yazılım,0,False
2016/555588,2017,yazılım,0,False
2016/523815,2017,yazılım,0,False
2016/529985,2017,yazılım,0,False
2016/529614,2017,yazılım,0,False
2016/514461,2017,yazılım,0,False
2016/490392,2017,yazılım,0,False
2016/544098,2017,yazılım,0,False
2016/518800,2017,yazılım,0,False
2016/557134,2016,yazılım,0,False
2016/584268,2016,yazılım,0,False
2016/547964,2016,yazılım,0,False
2016/536666,2016,yazılım,0,False
2016/511275,2016,yazılım,0,False
2016/540784,2016,yazılım,0,False
2016/570676,2016,yazılım,0,False
2016/565601,2016,yazılım,0,False
2016/459873,2016,yazılım,0,False
2016/543848,2016,yazılım,0,False
2016/549835,2016,yazılım,0,False
2016/488794,2016,yazılım,0,False
2016/535640,2016,yazılım,0,False
2016/545918,2016,yazılım,0,False
2016/497636,2016,yazılım,0,False
2016/546900,2016,yazılım,0,False
2016/437095,2016,yazılım,0,False
2016/482806,2016,yazılım,0,False
2016/534410,2016,yazılım,0,False
2016/464254,2016,yazılım,0,False
2016/534143,2016,yazılım,0,False
2016/456268,2016,yazılım,0,False
2016/487849,2016,yazılım,0,False
2016/485869,2016,yazılım,0,False
2016/542279,2016,yazılım,0,False
2016/477817,2016,yazılım,0,False
2016/464071,2016,yazılım,0,False
2016/515305,2016,yazılım,0,False
2016/472148,2016,yazılım,0,False
2016/472528,2016,yazılım,0,False
2016/499442,2016,yazılım,0,False
2016/449425,2016,yazılım,0,False
2016/518119,2016,yazılım,0,False
2016/526606,2016,yazılım,0,False
2016/436282,2016,yazılım,0,False
2016/458728,2016,yazılım,0,False
2016/504010,2016,yazılım,0,False
2016/518423,2016,yazılım,0,False
2016/505152,2016,yazılım,0,False
2016/503168,2016,yazılım,0,False
2016/447705,2016,yazılım,0,False
2016/405960,2016,yazılım,0,False
2016/439317,2016,yazılım,0,False
2016/405958,2016,yazılım,0,False
2016/405955,2016,yazılım,0,False
2016/405947,2016,yazılım,0,False
2016/405951,2016,yazılım,0,False
2016/442859,2016,yazılım,0,False
2016/405945,2016,yazılım,0,False
2016/489335,2016,yazılım,0,False
2016/430174,2016,yazılım,0,False
2016/442174,2016,yazılım,0,False
2016/441589,2016,yazılım,0,False
2016/440775,2016,yazılım,0,False
2016/414538,2016,yazılım,0,False
2016/482421,2016,yazılım,0,False
2016/485355,2016,yazılım,0,False
2016/404600,2016,yazılım,0,False
2016/436517,2016,yazılım,0,False
2016/417172,2016,yazılım,0,False
2016/415119,2016,yazılım,0,False
2016/481014,2016,yazılım,0,False
2016/463764,2016,yazılım,0,False
2016/416512,2016,yazılım,0,False
2016/480265,2016,yazılım,0,False
2016/450896,2016,yazılım,0,False
2016/429457,2016,yazılım,0,False
2016/399178,2016,yazılım,0,False
2016/420576,2016,yazılım,0,False
2016/413189,2016,yazılım,0,False
2016/410792,2016,yazılım,0,False
2016/401955,2016,yazılım,0,False
2016/415567,2016,yazılım,0,False
2016/439989,2016,yazılım,0,False
2016/374471,2016,yazılım,0,False
2016/295039,2016,yazılım,0,False
2016/399570,2016,yazılım,0,False
2016/403306,2016,yazılım,0,False
2016/372929,2016,yazılım,0,False
2016/404625,2016,yazılım,0,False
2016/351408,2016,yazılım,0,False
2016/393404,2016,yazılım,0,False
2016/388355,2016,yazılım,0,False
2016/377671,2016,yazılım,0,False
2016/347449,2016,yazılım,0,False
2016/369634,2016,yazılım,0,False
2016/376533,2016,yazılım,0,False
2016/346657,2016,yazılım,0,False
2016/372737,2016,yazılım,0,False
2016/326575,2016,yazılım,0,False
2016/140626,2016,yazılım,0,False
2016/315816,2016,yazılım,0,False
2016/298056,2016,yazılım,0,False
2016/309257,2016,yazılım,0,False
2016/322202,2016,yazılım,0,False
2016/326678,2016,yazılım,0,False
2016/308307,2016,yazılım,0,False
2016/264653,2016,yazılım,0,False
2016/348636,2016,yazılım,0,False
2016/312121,2016,yazılım,0,False
2016/331432,2016,yazılım,0,False
2016/296022,2016,yazılım,0,False
2016/294732,2016,yazılım,0,False
2016/331787,2016,yazılım,0,False
2016/323517,2016,yazılım,0,False
2016/235437,2016,yazılım,0,False
2016/331563,2016,yazılım,0,False
2016/325708,2016,yazılım,0,False
2016/313160,2016,yazılım,0,False
2016/312744,2016,yazılım,0,False
2016/287456,2016,yazılım,0,False
2016/287937,2016,yazılım,0,False
2016/319427,2016,yazılım,0,False
2016/295360,2016,yazılım,0,False
2016/305714,2016,yazılım,0,False
2016/316653,2016,yazılım,0,False
2016/317811,2016,yazılım,0,False
2016/290616,2016,yazılım,0,False
2016/267571,2016,yazılım,0,False
2016/262202,2016,yazılım,0,False
2016/301099,2016,yazılım,0,False
2016/303099,2016,yazılım,0,False
2016/221204,2016,yazılım,0,False
2016/254367,2016,yazılım,0,False
2016/279074,2016,yazılım,0,False
2016/288167,2016,yazılım,0,False
2016/237249,2016,yazılım,0,False
2016/229378,2016,yazılım,0,False
2016/278223,2016,yazılım,0,False
2016/235574,2016,yazılım,0,False
2016/262676,2016,yazılım,0,False
2016/216595,2016,yazılım,0,False
2016/269595,2016,yazılım,0,False
2016/274214,2016,yazılım,0,False
2016/226522,2016,yazılım,0,False
2016/253005,2016,yazılım,0,False
2016/223523,2016,yazılım,0,False
2016/201125,2016,yazılım,0,False
2016/266508,2016,yazılım,0,False
2016/224952,2016,yazılım,0,False
2016/256729,2016,yazılım,0,False
2016/229579,2016,yazılım,0,False
2016/209302,2016,yazılım,0,False
2016/230669,2016,yazılım,0,False
2016/211412,2016,yazılım,0,False
2016/212176,2016,yazılım,0,False
2016/233949,2016,yazılım,0,False
2016/167428,2016,yazılım,0,False
2016/253808,2016,yazılım,0,False
2016/189372,2016,yazılım,0,False
2016/246848,2016,yazılım,0,False
2016/252477,2016,yazılım,0,False
2016/252434,2016,yazılım,0,False
2016/205911,2016,yazılım,0,False
2016/197264,2016,yazılım,0,False
2016/246335,2016,yazılım,0,False
2016/247365,2016,yazılım,0,False
2016/195687,2016,yazılım,0,False
2016/247929,2016,yazılım,0,False
2016/216406,2016,yazılım,0,False
2016/238988,2016,yazılım,0,False
2016/193760,2016,yazılım,0,False
2016/183875,2016,yazılım,0,False
2016/185039,2016,yazılım,0,False
2016/152096,2016,yazılım,0,False
2016/161242,2016,yazılım,0,False
2016/185575,2016,yazılım,0,False
2016/209855,2016,yazılım,0,False
2016/181441,2016,yazılım,0,False
2016/170543,2016,yazılım,0,False
2016/181146,2016,yazılım,0,False
2016/198672,2016,yazılım,0,False
2016/134905,2016,yazılım,0,False
2016/107184,2016,yazılım,0,False
2016/175850,2016,yazılım,0,False
2016/174277,2016,yazılım,0,False
2016/208686,2016,yazılım,0,False
2016/155905,2016,yazılım,0,False
2016/199292,2016,yazılım,0,False
2016/184110,2016,yazılım,0,False
2016/110352,2016,yazılım,0,False
2016/174420,2016,yazılım,0,False
2016/151187,2016,yazılım,0,False
2016/97702,2016,yazılım,0,False
2016/201788,2016,yazılım,0,False
2016/194816,2016,yazılım,0,False
2016/188715,2016,yazılım,0,False
2016/159730,2016,yazılım,0,False
2016/150096,2016,yazılım,0,False
2016/145842,2016,yazılım,0,False
2016/169708,2016,yazılım,0,False
2016/159386,2016,yazılım,0,False
2016/186606,2016,yazılım,0,False
2016/150640,2016,yazılım,0,False
2016/116805,2016,yazılım,0,False
2016/125381,2016,yazılım,0,False
2016/162438,2016,yazılım,0,False
2016/168892,2016,yazılım,0,False
2016/116487,2016,yazılım,0,False
2016/165145,2016,yazılım,0,False
2016/108526,2016,yazılım,0,False
2016/160992,2016,yazılım,0,False
2016/111827,2016,yazılım,0,False
2016/116771,2016,yazılım,0,False
2016/131035,2016,yazılım,0,False
2016/94573,2016,yazılım,0,False
2016/112130,2016,yazılım,0,False
2016/114602,2016,yazılım,0,False
2016/99453,2016,yazılım,0,False
2016/131437,2016,yazılım,0,False
2016/101473,2016,yazılım,0,False
2016/137320,2016,yazılım,0,False
2016/118795,2016,yazılım,0,False
2016/136575,2016,yazılım,0,False
2016/87214,2016,yazılım,0,False
2016/125515,2016,yazılım,0,False
2016/58659,2016,yazılım,0,False
2015/161849,2016,yazılım,0,False
2016/76604,2016,yazılım,0,False
2016/85131,2016,yazılım,0,False
2016/90596,2016,yazılım,0,False
2016/112156,2016,yazılım,0,False
2016/96276,2016,yazılım,0,False
2016/74947,2016,yazılım,0,False
2016/30239,2016,yazılım,0,False
2016/65151,2016,yazılım,0,False
2016/63108,2016,yazılım,0,False
2016/69884,2016,yazılım,0,False
2016/69794,2016,yazılım,0,False
2016/91325,2016,yazılım,0,False
2016/75255,2016,yazılım,0,False
2016/73975,2016,yazılım,0,False
2016/60384,2016,yazılım,0,False
2016/82793,2016,yazılım,0,False
2016/83349,2016,yazılım,0,False
2016/40135,2016,yazılım,0,False
2016/59797,2016,yazılım,0,False
2016/72101,2016,yazılım,0,False
2016/74826,2016,yazılım,0,False
2016/75933,2016,yazılım,0,False
2016/69452,2016,yazılım,0,False
2016/52178,2016,yazılım,0,False
2016/54021,2016,yazılım,0,False
2016/63073,2016,yazılım,0,False
2016/67397,2016,yazılım,0,False
2016/33578,2016,yazılım,0,False
2016/2580,2016,yazılım,0,False
2016/50150,2016,yazılım,0,False
2016/54460,2016,yazılım,0,False
2016/41142,2016,yazılım,0,False
2016/19023,2016,yazılım,0,False
2016/49398,2016,yazılım,0,False
2016/10387,2016,yazılım,0,False
2016/3919,2016,yazılım,0,False
2016/41798,2016,yazılım,0,False
2016/40467,2016,yazılım,0,False
2015/183449,2016,yazılım,0,False
2015/180695,2016,yazılım,0,False
2016/9172,2016,yazılım,0,False
2016/25302,2016,yazılım,0,False
2016/30664,2016,yazılım,0,False
2016/8552,2016,yazılım,0,False
2016/26035,2016,yazılım,0,False
2015/180901,2016,yazılım,0,False
2016/5978,2016,yazılım,0,False
2016/25800,2016,yazılım,0,False
2016/23879,2016,yazılım,0,False
2015/183699,2016,yazılım,0,False
2016/2415,2016,yazılım,0,False
2016/4413,2016,yazılım,0,False
2016/12839,2016,yazılım,0,False
2015/177388,2016,yazılım,0,False
2016/19338,2016,yazılım,0,False
2016/13916,2016,yazılım,0,False
2016/8227,2016,yazılım,0,False
2016/3709,2016,yazılım,0,False
2015/176896,2016,yazılım,0,False
2016/4860,2016,yazılım,0,False
2015/179353,2016,yazılım,0,False
2016/2534,2016,yazılım,0,False
2015/178283,2016,yazılım,0,False
2016/4229,2016,yazılım,0,False
2015/170886,2016,yazılım,0,False
2016/705,2016,yazılım,0,False
2016/852,2016,yazılım,0,False
2015/177391,2016,yazılım,0,False
2015/183688,2016,yazılım,0,False
2015/159801,2016,yazılım,0,False
2015/172800,2016,yazılım,0,False
2015/171905,2015,yazılım,0,False
2015/164441,2015,yazılım,0,False
2015/163414,2015,yazılım,0,False
2015/174567,2015,yazılım,0,False
2015/181163,2015,yazılım,0,False
2015/181501,2015,yazılım,0,False
2015/180645,2015,yazılım,0,False
2015/171191,2015,yazılım,0,False
2015/165123,2015,yazılım,0,False
2015/172436,2015,yazılım,0,False
2015/179877,2015,yazılım,0,False
2015/181055,2015,yazılım,0,False
2015/162707,2015,yazılım,0,False
2015/177332,2015,yazılım,0,False
2015/178420,2015,yazılım,0,False
2015/176696,2015,yazılım,0,False
2015/178556,2015,yazılım,0,False
2015/179024,2015,yazılım,0,False
2015/176452,2015,yazılım,0,False
2015/159045,2015,yazılım,0,False
2015/127355,2015,yazılım,0,False
2015/160366,2015,yazılım,0,False
2015/163755,2015,yazılım,0,False
2015/175856,2015,yazılım,0,False
2015/167778,2015,yazılım,0,False
2015/161796,2015,yazılım,0,False
2015/161605,2015,yazılım,0,False
2015/172924,2015,yazılım,0,False
2015/160852,2015,yazılım,0,False
2015/163685,2015,yazılım,0,False
2015/141309,2015,yazılım,0,False
2015/168443,2015,yazılım,0,False
2015/172782,2015,yazılım,0,False
2015/171151,2015,yazılım,0,False
2015/148709,2015,yazılım,0,False
2015/161728,2015,yazılım,0,False
2015/155983,2015,yazılım,0,False
2015/162134,2015,yazılım,0,False
2015/169078,2015,yazılım,0,False
2015/167855,2015,yazılım,0,False
2015/154963,2015,yazılım,0,False
2015/147858,2015,yazılım,0,False
2015/147860,2015,yazılım,0,False
2015/150926,2015,yazılım,0,False
2015/165956,2015,yazılım,0,False
2015/147849,2015,yazılım,0,False
2015/147411,2015,yazılım,0,False
2015/147854,2015,yazılım,0,False
2015/150506,2015,yazılım,0,False
2015/147856,2015,yazılım,0,False
2015/147862,2015,yazılım,0,False
2015/167001,2015,yazılım,0,False
2015/138270,2015,yazılım,0,False
2015/165155,2015,yazılım,0,False
2015/141627,2015,yazılım,0,False
2015/162653,2015,yazılım,0,False
2015/145148,2015,yazılım,0,False
2015/160765,2015,yazılım,0,False
2015/154784,2015,yazılım,0,False
2015/156854,2015,yazılım,0,False
2015/143801,2015,yazılım,0,False
2015/160458,2015,yazılım,0,False
2015/154938,2015,yazılım,0,False
2015/135473,2015,yazılım,0,False
2015/139904,2015,yazılım,0,False
2015/116008,2015,yazılım,0,False
2015/153961,2015,yazılım,0,False
2015/152106,2015,yazılım,0,False
2015/139142,2015,yazılım,0,False
2015/141005,2015,yazılım,0,False
2015/156701,2015,yazılım,0,False
2015/140348,2015,yazılım,0,False
2015/145829,2015,yazılım,0,False
2015/153862,2015,yazılım,0,False
2015/142769,2015,yazılım,0,False
2015/143864,2015,yazılım,0,False
2015/143299,2015,yazılım,0,False
2015/135813,2015,yazılım,0,False
2015/154614,2015,yazılım,0,False
2015/139691,2015,yazılım,0,False
2015/130187,2015,yazılım,0,False
2015/139578,2015,yazılım,0,False
2015/140078,2015,yazılım,0,False
2015/147008,2015,yazılım,0,False
2015/153357,2015,yazılım,0,False
2015/134997,2015,yazılım,0,False
2015/144051,2015,yazılım,0,False
2015/152410,2015,yazılım,0,False
2015/132202,2015,yazılım,0,False
2015/122205,2015,yazılım,0,False
2015/133296,2015,yazılım,0,False
2015/132157,2015,yazılım,0,False
2015/127362,2015,yazılım,0,False
2015/131345,2015,yazılım,0,False
2015/131709,2015,yazılım,0,False
2015/136254,2015,yazılım,0,False
2015/139429,2015,yazılım,0,False
2015/129770,2015,yazılım,0,False
2015/126922,2015,yazılım,0,False
2015/146815,2015,yazılım,0,False
2015/131294,2015,yazılım,0,False
2015/135519,2015,yazılım,0,False
2015/131878,2015,yazılım,0,False
2015/128232,2015,yazılım,0,False
2015/125383,2015,yazılım,0,False
2015/126971,2015,yazılım,0,False
2015/129341,2015,yazılım,0,False
2015/103803,2015,yazılım,0,False
2015/127453,2015,yazılım,0,False
2015/135806,2015,yazılım,0,False
2015/124405,2015,yazılım,0,False
2015/132666,2015,yazılım,0,False
2015/120091,2015,yazılım,0,False
2015/122147,2015,yazılım,0,False
2015/134692,2015,yazılım,0,False
2015/124660,2015,yazılım,0,False
2015/119307,2015,yazılım,0,False
2015/117463,2015,yazılım,0,False
2015/121633,2015,yazılım,0,False
2015/121190,2015,yazılım,0,False
2015/129695,2015,yazılım,0,False
2015/109541,2015,yazılım,0,False
2015/111858,2015,yazılım,0,False
2015/118222,2015,yazılım,0,False
2015/115849,2015,yazılım,0,False
2015/119733,2015,yazılım,0,False
2015/92119,2015,yazılım,0,False
2015/110635,2015,yazılım,0,False
2015/107102,2015,yazılım,0,False
2015/108201,2015,yazılım,0,False
2015/121630,2015,yazılım,0,False
2015/91696,2015,yazılım,0,False
2015/99454,2015,yazılım,0,False
2015/100515,2015,yazılım,0,False
2015/111397,2015,yazılım,0,False
2015/98391,2015,yazılım,0,False
2015/92946,2015,yazılım,0,False
2015/101468,2015,yazılım,0,False
2015/113317,2015,yazılım,0,False
2015/96899,2015,yazılım,0,False
2015/109832,2015,yazılım,0,False
2015/99730,2015,yazılım,0,False
2015/106580,2015,yazılım,0,False
2015/111940,2015,yazılım,0,False
2015/100840,2015,yazılım,0,False
2015/81479,2015,yazılım,0,False
2015/99082,2015,yazılım,0,False
2015/106353,2015,yazılım,0,False
2015/90712,2015,yazılım,0,False
2015/91825,2015,yazılım,0,False
2015/96374,2015,yazılım,0,False
2015/101646,2015,yazılım,0,False
2015/93282,2015,yazılım,0,False
2015/100353,2015,yazılım,0,False
2015/93474,2015,yazılım,0,False
2015/95613,2015,yazılım,0,False
2015/91201,2015,yazılım,0,False
2015/104612,2015,yazılım,0,False
2015/102497,2015,yazılım,0,False
2015/88321,2015,yazılım,0,False
2015/87204,2015,yazılım,0,False
2015/101557,2015,yazılım,0,False
2015/101066,2015,yazılım,0,False
2015/85950,2015,yazılım,0,False
2015/93751,2015,yazılım,0,False
2015/81081,2015,yazılım,0,False
2015/85987,2015,yazılım,0,False
2015/81814,2015,yazılım,0,False
2015/96413,2015,yazılım,0,False
2015/91967,2015,yazılım,0,False
2015/95587,2015,yazılım,0,False
2015/88060,2015,yazılım,0,False
2015/91971,2015,yazılım,0,False
2015/92167,2015,yazılım,0,False
2015/71327,2015,yazılım,0,False
2015/79403,2015,yazılım,0,False
2015/91370,2015,yazılım,0,False
2015/76162,2015,yazılım,0,False
2015/75799,2015,yazılım,0,False
2015/65708,2015,yazılım,0,False
2015/73849,2015,yazılım,0,False
2015/85538,2015,yazılım,0,False
2015/87191,2015,yazılım,0,False
2015/83947,2015,yazılım,0,False
2015/66642,2015,yazılım,0,False
2015/76392,2015,yazılım,0,False
2015/76907,2015,yazılım,0,False
2015/82625,2015,yazılım,0,False
2015/69638,2015,yazılım,0,False
2015/76726,2015,yazılım,0,False
2015/71339,2015,yazılım,0,False
2015/73628,2015,yazılım,0,False
2015/58015,2015,yazılım,0,False
2015/71528,2015,yazılım,0,False
2015/59276,2015,yazılım,0,False
2015/66610,2015,yazılım,0,False
2015/77289,2015,yazılım,0,False
2015/72321,2015,yazılım,0,False
2015/77133,2015,yazılım,0,False
2015/46196,2015,yazılım,0,False
2015/63310,2015,yazılım,0,False
2015/62940,2015,yazılım,0,False
2015/69797,2015,yazılım,0,False
2015/67789,2015,yazılım,0,False
2015/65949,2015,yazılım,0,False
2015/66589,2015,yazılım,0,False
2015/55472,2015,yazılım,0,False
2015/62610,2015,yazılım,0,False
2015/68762,2015,yazılım,0,False
2015/57960,2015,yazılım,0,False
2015/66778,2015,yazılım,0,False
2015/66999,2015,yazılım,0,False
2015/60097,2015,yazılım,0,False
2015/51509,2015,yazılım,0,False
2015/54381,2015,yazılım,0,False
2015/54901,2015,yazılım,0,False
2015/46364,2015,yazılım,0,False
2015/54206,2015,yazılım,0,False
2015/49428,2015,yazılım,0,False
2015/64848,2015,yazılım,0,False
2015/59817,2015,yazılım,0,False
2015/54138,2015,yazılım,0,False
2015/49809,2015,yazılım,0,False
2015/46816,2015,yazılım,0,False
2015/60536,2015,yazılım,0,False
2015/59795,2015,yazılım,0,False
2015/50850,2015,yazılım,0,False
2015/45291,2015,yazılım,0,False
2015/47630,2015,yazılım,0,False
2015/55248,2015,yazılım,0,False
2015/53637,2015,yazılım,0,False
2015/41946,2015,yazılım,0,False
2015/46691,2015,yazılım,0,False
2015/49021,2015,yazılım,0,False
2015/49604,2015,yazılım,0,False
2015/51347,2015,yazılım,0,False
2015/49804,2015,yazılım,0,False
2015/51248,2015,yazılım,0,False
2015/47862,2015,yazılım,0,False
2015/39395,2015,yazılım,0,False
2015/40032,2015,yazılım,0,False
2015/47245,2015,yazılım,0,False
2015/40805,2015,yazılım,0,False
2015/29492,2015,yazılım,0,False
2015/45023,2015,yazılım,0,False
2015/31016,2015,yazılım,0,False
2015/32803,2015,yazılım,0,False
2015/35126,2015,yazılım,0,False
2015/29880,2015,yazılım,0,False
2015/31159,2015,yazılım,0,False
2015/26008,2015,yazılım,0,False
2015/27178,2015,yazılım,0,False
2015/40460,2015,yazılım,0,False
2015/24584,2015,yazılım,0,False
2015/27995,2015,yazılım,0,False
2015/35031,2015,yazılım,0,False
2015/38331,2015,yazılım,0,False
2015/20512,2015,yazılım,0,False
2015/29645,2015,yazılım,0,False
2015/30278,2015,yazılım,0,False
2015/24595,2015,yazılım,0,False
2015/24373,2015,yazılım,0,False
2015/29299,2015,yazılım,0,False
2015/30429,2015,yazılım,0,False
2015/18465,2015,yazılım,0,False
2015/17682,2015,yazılım,0,False
2015/26987,2015,yazılım,0,False
2015/27310,2015,yazılım,0,False
2015/21190,2015,yazılım,0,False
2015/28560,2015,yazılım,0,False
2015/16945,2015,yazılım,0,False
2015/28221,2015,yazılım,0,False
2015/15472,2015,yazılım,0,False
2015/13785,2015,yazılım,0,False
2015/12872,2015,yazılım,0,False
2015/21791,2015,yazılım,0,False
2015/14354,2015,yazılım,0,False
2015/8460,2015,yazılım,0,False
2015/14632,2015,yazılım,0,False
2015/1895,2015,yazılım,0,False
2015/16546,2015,yazılım,0,False
2015/2094,2015,yazılım,0,False
2014/176555,2015,yazılım,0,False
2015/15079,2015,yazılım,0,False
2015/15894,2015,yazılım,0,False
2015/11084,2015,yazılım,0,False
2015/3905,2015,yazılım,0,False
2015/2802,2015,yazılım,0,False
2015/12064,2015,yazılım,0,False
2014/176015,2015,yazılım,0,False
2015/11201,2015,yazılım,0,False
2015/878,2015,yazılım,0,False
2015/10359,2015,yazılım,0,False
2015/8372,2015,yazılım,0,False
2015/445,2015,yazılım,0,False
2015/7329,2015,yazılım,0,False
2015/4936,2015,yazılım,0,False
2014/171799,2015,yazılım,0,False
2014/178244,2015,yazılım,0,False
2014/178545,2015,yazılım,0,False
2014/171206,2015,yazılım,0,False
2015/1604,2015,yazılım,0,False
2014/173864,2015,yazılım,0,False
2014/179877,2015,yazılım,0,False
2014/178591,2015,yazılım,0,False
2014/164112,2015,yazılım,0,False
2014/178568,2015,yazılım,0,False
2014/165294,2014,yazılım,0,False
2014/166755,2014,yazılım,0,False
2014/177911,2014,yazılım,0,False
2014/177753,2014,yazılım,0,False
2014/165204,2014,yazılım,0,False
2014/159961,2014,yazılım,0,False
2014/176549,2014,yazılım,0,False
2014/162161,2014,yazılım,0,False
2014/165388,2014,yazılım,0,False
2014/174920,2014,yazılım,0,False
2014/171802,2014,yazılım,0,False
2014/172727,2014,yazılım,0,False
2014/172964,2014,yazılım,0,False
2014/171812,2014,yazılım,0,False
2014/160247,2014,yazılım,0,False
2014/136124,2014,yazılım,0,False
2014/154907,2014,yazılım,0,False
2014/153723,2014,yazılım,0,False
2014/172618,2014,yazılım,0,False
2014/148222,2014,yazılım,0,False
2014/169210,2014,yazılım,0,False
2014/153989,2014,yazılım,0,False
2014/170247,2014,yazılım,0,False
2014/169235,2014,yazılım,0,False
2014/167803,2014,yazılım,0,False
2014/167816,2014,yazılım,0,False
2014/165809,2014,yazılım,0,False
2014/167061,2014,yazılım,0,False
2014/148169,2014,yazılım,0,False
2014/167909,2014,yazılım,0,False
2014/167902,2014,yazılım,0,False
2014/151451,2014,yazılım,0,False
2014/165887,2014,yazılım,0,False
2014/153893,2014,yazılım,0,False
2014/150508,2014,yazılım,0,False
2014/164753,2014,yazılım,0,False
2014/154307,2014,yazılım,0,False
2014/164032,2014,yazılım,0,False
2014/147425,2014,yazılım,0,False
2014/158958,2014,yazılım,0,False
2014/142879,2014,yazılım,0,False
2014/146616,2014,yazılım,0,False
2014/160641,2014,yazılım,0,False
2014/160597,2014,yazılım,0,False
2014/146119,2014,yazılım,0,False
2014/156872,2014,yazılım,0,False
2014/146051,2014,yazılım,0,False
2014/151071,2014,yazılım,0,False
2014/157964,2014,yazılım,0,False
2014/148087,2014,yazılım,0,False
2014/157909,2014,yazılım,0,False
2014/138226,2014,yazılım,0,False
2014/157516,2014,yazılım,0,False
2014/135989,2014,yazılım,0,False
2014/157720,2014,yazılım,0,False
2014/143435,2014,yazılım,0,False
2014/157196,2014,yazılım,0,False
2014/132327,2014,yazılım,0,False
2014/155438,2014,yazılım,0,False
2014/154579,2014,yazılım,0,False
2014/145347,2014,yazılım,0,False
2014/147741,2014,yazılım,0,False
2014/147583,2014,yazılım,0,False
2014/152021,2014,yazılım,0,False
2014/131040,2014,yazılım,0,False
2014/134824,2014,yazılım,0,False
2014/136465,2014,yazılım,0,False
2014/132306,2014,yazılım,0,False
2014/134731,2014,yazılım,0,False
2014/122932,2014,yazılım,0,False
2014/129347,2014,yazılım,0,False
2014/129325,2014,yazılım,0,False
2014/130036,2014,yazılım,0,False
2014/124856,2014,yazılım,0,False
2014/127005,2014,yazılım,0,False
2014/141836,2014,yazılım,0,False
2014/129595,2014,yazılım,0,False
2014/143782,2014,yazılım,0,False
2014/141009,2014,yazılım,0,False
2014/123310,2014,yazılım,0,False
2014/126092,2014,yazılım,0,False
2014/125928,2014,yazılım,0,False
2014/121832,2014,yazılım,0,False
2014/127075,2014,yazılım,0,False
2014/138289,2014,yazılım,0,False
2014/133936,2014,yazılım,0,False
2014/132817,2014,yazılım,0,False
2014/110004,2014,yazılım,0,False
2014/100146,2014,yazılım,0,False
2014/129073,2014,yazılım,0,False
2014/124256,2014,yazılım,0,False
2014/118042,2014,yazılım,0,False
2014/118163,2014,yazılım,0,False
2014/108338,2014,yazılım,0,False
2014/111944,2014,yazılım,0,False
2014/116040,2014,yazılım,0,False
2014/125273,2014,yazılım,0,False
2014/127239,2014,yazılım,0,False
2014/110728,2014,yazılım,0,False
2014/106489,2014,yazılım,0,False
2014/106515,2014,yazılım,0,False
2014/125110,2014,yazılım,0,False
2014/121939,2014,yazılım,0,False
2014/124043,2014,yazılım,0,False
2014/109276,2014,yazılım,0,False
2014/97408,2014,yazılım,0,False
2014/104125,2014,yazılım,0,False
2014/109154,2014,yazılım,0,False
2014/121745,2014,yazılım,0,False
2014/119011,2014,yazılım,0,False
2014/97851,2014,yazılım,0,False
2014/103871,2014,yazılım,0,False
2014/120050,2014,yazılım,0,False
2014/100539,2014,yazılım,0,False
2014/100575,2014,yazılım,0,False
2014/116949,2014,yazılım,0,False
2014/101839,2014,yazılım,0,False
2014/99132,2014,yazılım,0,False
2014/106109,2014,yazılım,0,False
2014/94465,2014,yazılım,0,False
2014/99906,2014,yazılım,0,False
2014/98192,2014,yazılım,0,False
2014/97946,2014,yazılım,0,False
2014/110826,2014,yazılım,0,False
2014/104506,2014,yazılım,0,False
2014/111204,2014,yazılım,0,False
2014/73644,2014,yazılım,0,False
2014/99277,2014,yazılım,0,False
2014/85325,2014,yazılım,0,False
2014/112133,2014,yazılım,0,False
2014/92270,2014,yazılım,0,False
2014/103228,2014,yazılım,0,False
2014/89650,2014,yazılım,0,False
2014/85540,2014,yazılım,0,False
2014/104014,2014,yazılım,0,False
2014/93015,2014,yazılım,0,False
2014/84297,2014,yazılım,0,False
2014/90022,2014,yazılım,0,False
2014/89980,2014,yazılım,0,False
2014/88182,2014,yazılım,0,False
2014/86633,2014,yazılım,0,False
2014/99128,2014,yazılım,0,False
2014/100697,2014,yazılım,0,False
2014/79728,2014,yazılım,0,False
2014/90696,2014,yazılım,0,False
2014/86099,2014,yazılım,0,False
2014/80414,2014,yazılım,0,False
2014/84233,2014,yazılım,0,False
2014/75314,2014,yazılım,0,False
2014/67566,2014,yazılım,0,False
2014/94331,2014,yazılım,0,False
2014/77756,2014,yazılım,0,False
2014/75719,2014,yazılım,0,False
2014/94298,2014,yazılım,0,False
2014/78983,2014,yazılım,0,False
2014/89282,2014,yazılım,0,False
2014/80444,2014,yazılım,0,False
2014/89988,2014,yazılım,0,False
2014/74293,2014,yazılım,0,False
2014/87886,2014,yazılım,0,False
2014/65707,2014,yazılım,0,False
2014/68958,2014,yazılım,0,False
2014/68788,2014,yazılım,0,False
2014/43384,2014,yazılım,0,False
2014/79906,2014,yazılım,0,False
2014/63772,2014,yazılım,0,False
2014/66845,2014,yazılım,0,False
2014/64935,2014,yazılım,0,False
2014/80339,2014,yazılım,0,False
2014/61868,2014,yazılım,0,False
2014/76877,2014,yazılım,0,False
2014/62013,2014,yazılım,0,False
2014/58231,2014,yazılım,0,False
2014/76326,2014,yazılım,0,False
2014/64407,2014,yazılım,0,False
2014/73325,2014,yazılım,0,False
2014/60683,2014,yazılım,0,False
2014/73527,2014,yazılım,0,False
2014/55268,2014,yazılım,0,False
2014/72012,2014,yazılım,0,False
2014/66628,2014,yazılım,0,False
2014/66618,2014,yazılım,0,False
2014/59559,2014,yazılım,0,False
2014/70245,2014,yazılım,0,False
2014/58575,2014,yazılım,0,False
2014/52951,2014,yazılım,0,False
2014/68896,2014,yazılım,0,False
2014/65299,2014,yazılım,0,False
2014/62532,2014,yazılım,0,False
2014/52886,2014,yazılım,0,False
2014/62663,2014,yazılım,0,False
2014/60427,2014,yazılım,0,False
2014/52130,2014,yazılım,0,False
2014/56893,2014,yazılım,0,False
2014/52498,2014,yazılım,0,False
2014/50424,2014,yazılım,0,False
2014/49196,2014,yazılım,0,False
2014/48474,2014,yazılım,0,False
2014/60113,2014,yazılım,0,False
2014/45086,2014,yazılım,0,False
2014/56068,2014,yazılım,0,False
2014/48358,2014,yazılım,0,False
2014/44948,2014,yazılım,0,False
2014/54470,2014,yazılım,0,False
2014/51924,2014,yazılım,0,False
2014/47751,2014,yazılım,0,False
2014/42349,2014,yazılım,0,False
2014/52800,2014,yazılım,0,False
2014/47206,2014,yazılım,0,False
2014/47202,2014,yazılım,0,False
2014/51556,2014,yazılım,0,False
2014/53882,2014,yazılım,0,False
2014/40618,2014,yazılım,0,False
2014/50128,2014,yazılım,0,False
2014/41658,2014,yazılım,0,False
2014/53095,2014,yazılım,0,False
2014/39779,2014,yazılım,0,False
2014/45646,2014,yazılım,0,False
2014/46856,2014,yazılım,0,False
2014/39770,2014,yazılım,0,False
2014/50055,2014,yazılım,0,False
2014/37153,2014,yazılım,0,False
2014/47039,2014,yazılım,0,False
2014/28997,2014,yazılım,0,False
2014/29761,2014,yazılım,0,False
2014/46833,2014,yazılım,0,False
2014/35264,2014,yazılım,0,False
2014/28765,2014,yazılım,0,False
2014/37617,2014,yazılım,0,False
2014/46028,2014,yazılım,0,False
2014/43186,2014,yazılım,0,False
2014/41442,2014,yazılım,0,False
2014/39111,2014,yazılım,0,False
2014/37157,2014,yazılım,0,False
2014/35223,2014,yazılım,0,False
2014/34178,2014,yazılım,0,False
2014/40823,2014,yazılım,0,False
2014/39443,2014,yazılım,0,False
2014/35524,2014,yazılım,0,False
2014/28802,2014,yazılım,0,False
2014/38315,2014,yazılım,0,False
2014/35468,2014,yazılım,0,False
2014/31357,2014,yazılım,0,False
2014/25922,2014,yazılım,0,False
2014/36583,2014,yazılım,0,False
2014/37199,2014,yazılım,0,False
2014/22842,2014,yazılım,0,False
2014/34886,2014,yazılım,0,False
2014/30252,2014,yazılım,0,False
2014/33999,2014,yazılım,0,False
2014/30905,2014,yazılım,0,False
2014/31564,2014,yazılım,0,False
2014/23837,2014,yazılım,0,False
2014/19034,2014,yazılım,0,False
2014/31694,2014,yazılım,0,False
2014/29532,2014,yazılım,0,False
2014/20296,2014,yazılım,0,False
2014/17277,2014,yazılım,0,False
2014/28039,2014,yazılım,0,False
2014/24961,2014,yazılım,0,False
2014/28875,2014,yazılım,0,False
2014/24905,2014,yazılım,0,False
2014/18711,2014,yazılım,0,False
2014/20591,2014,yazılım,0,False
2014/24606,2014,yazılım,0,False
2014/22042,2014,yazılım,0,False
2013/191927,2014,yazılım,0,False
2014/22460,2014,yazılım,0,False
2014/10600,2014,yazılım,0,False
2014/19729,2014,yazılım,0,False
2014/19838,2014,yazılım,0,False
2014/20340,2014,yazılım,0,False
2014/22401,2014,yazılım,0,False
2014/9949,2014,yazılım,0,False
2014/20376,2014,yazılım,0,False
2014/17601,2014,yazılım,0,False
2014/16670,2014,yazılım,0,False
2014/11423,2014,yazılım,0,False
2014/20795,2014,yazılım,0,False
2014/18335,2014,yazılım,0,False
2014/18452,2014,yazılım,0,False
2014/2486,2014,yazılım,0,False
2013/194968,2014,yazılım,0,False
2014/13741,2014,yazılım,0,False
2014/4719,2014,yazılım,0,False
2014/3830,2014,yazılım,0,False
2014/1465,2014,yazılım,0,False
2014/6113,2014,yazılım,0,False
2013/188442,2014,yazılım,0,False
2014/3700,2014,yazılım,0,False
2014/14762,2014,yazılım,0,False
2014/12367,2014,yazılım,0,False
2014/14036,2014,yazılım,0,False
2013/183456,2014,yazılım,0,False
2014/3822,2014,yazılım,0,False
2014/12699,2014,yazılım,0,False
2014/197,2014,yazılım,0,False
2014/9366,2014,yazılım,0,False
2013/193756,2014,yazılım,0,False
2014/9537,2014,yazılım,0,False
2014/4264,2014,yazılım,0,False
2014/195,2014,yazılım,0,False
2014/6278,2014,yazılım,0,False
2013/194438,2014,yazılım,0,False
2014/5991,2014,yazılım,0,False
2014/8666,2014,yazılım,0,False
2013/194543,2014,yazılım,0,False
2014/2652,2014,yazılım,0,False
2013/189428,2014,yazılım,0,False
2013/185563,2014,yazılım,0,False
2013/186788,2014,yazılım,0,False
2014/1248,2014,yazılım,0,False
2014/2512,2014,yazılım,0,False
2014/1927,2014,yazılım,0,False
2014/2506,2014,yazılım,0,False
2013/189955,2014,yazılım,0,False
2013/186359,2014,yazılım,0,False
2014/1419,2014,yazılım,0,False
2013/190790,2014,yazılım,0,False
2013/195145,2014,yazılım,0,False
2013/195803,2014,yazılım,0,False
2013/189611,2014,yazılım,0,False
2013/194122,2013,yazılım,0,False
2013/191864,2013,yazılım,0,False
2013/193467,2013,yazılım,0,False
2013/193120,2013,yazılım,0,False
2013/188087,2013,yazılım,0,False
2013/192628,2013,yazılım,0,False
2013/172130,2013,yazılım,0,False
2013/188106,2013,yazılım,0,False
2013/191781,2013,yazılım,0,False
2013/186192,2013,yazılım,0,False
2013/174955,2013,yazılım,0,False
2013/190187,2013,yazılım,0,False
2013/171275,2013,yazılım,0,False
2013/170775,2013,yazılım,0,False
2013/171636,2013,yazılım,0,False
2013/185479,2013,yazılım,0,False
2013/188570,2013,yazılım,0,False
2013/168014,2013,yazılım,0,False
2013/171245,2013,yazılım,0,False
2013/175881,2013,yazılım,0,False
2013/181035,2013,yazılım,0,False
2013/187439,2013,yazılım,0,False
2013/185194,2013,yazılım,0,False
2013/165368,2013,yazılım,0,False
2013/184520,2013,yazılım,0,False
2013/169458,2013,yazılım,0,False
2013/162768,2013,yazılım,0,False
2013/156130,2013,yazılım,0,False
2013/158722,2013,yazılım,0,False
2013/177980,2013,yazılım,0,False
2013/173637,2013,yazılım,0,False
2013/174804,2013,yazılım,0,False
2013/165463,2013,yazılım,0,False
2013/160735,2013,yazılım,0,False
2013/164804,2013,yazılım,0,False
2013/151696,2013,yazılım,0,False
2013/172094,2013,yazılım,0,False
2013/175930,2013,yazılım,0,False
2013/143380,2013,yazılım,0,False
2013/173553,2013,yazılım,0,False
2013/154345,2013,yazılım,0,False
2013/169791,2013,yazılım,0,False
2013/151484,2013,yazılım,0,False
2013/168053,2013,yazılım,0,False
2013/154268,2013,yazılım,0,False
2013/155385,2013,yazılım,0,False
2013/158671,2013,yazılım,0,False
2013/136604,2013,yazılım,0,False
2013/155284,2013,yazılım,0,False
2013/153375,2013,yazılım,0,False
2013/168561,2013,yazılım,0,False
2013/148731,2013,yazılım,0,False
2013/150549,2013,yazılım,0,False
2013/156000,2013,yazılım,0,False
2013/152673,2013,yazılım,0,False
2013/169091,2013,yazılım,0,False
2013/161096,2013,yazılım,0,False
2013/148017,2013,yazılım,0,False
2013/146868,2013,yazılım,0,False
2013/152713,2013,yazılım,0,False
2013/164563,2013,yazılım,0,False
2013/142797,2013,yazılım,0,False
2013/146331,2013,yazılım,0,False
2013/159692,2013,yazılım,0,False
2013/153749,2013,yazılım,0,False
2013/134366,2013,yazılım,0,False
2013/130326,2013,yazılım,0,False
2013/143683,2013,yazılım,0,False
2013/140625,2013,yazılım,0,False
2013/136140,2013,yazılım,0,False
2013/139282,2013,yazılım,0,False
2013/129564,2013,yazılım,0,False
2013/133548,2013,yazılım,0,False
2013/132602,2013,yazılım,0,False
2013/129232,2013,yazılım,0,False
2013/146857,2013,yazılım,0,False
2013/147808,2013,yazılım,0,False
2013/149635,2013,yazılım,0,False
2013/129850,2013,yazılım,0,False
2013/140604,2013,yazılım,0,False
2013/143211,2013,yazılım,0,False
2013/105510,2013,yazılım,0,False
2013/145318,2013,yazılım,0,False
2013/143835,2013,yazılım,0,False
2013/140143,2013,yazılım,0,False
2013/122638,2013,yazılım,0,False
2013/136048,2013,yazılım,0,False
2013/129624,2013,yazılım,0,False
2013/138933,2013,yazılım,0,False
2013/134748,2013,yazılım,0,False
2013/137851,2013,yazılım,0,False
2013/127635,2013,yazılım,0,False
2013/135414,2013,yazılım,0,False
2013/114344,2013,yazılım,0,False
2013/129884,2013,yazılım,0,False
2013/108676,2013,yazılım,0,False
2013/118647,2013,yazılım,0,False
2013/132793,2013,yazılım,0,False
2013/133932,2013,yazılım,0,False
2013/134614,2013,yazılım,0,False
2013/118636,2013,yazılım,0,False
2013/119476,2013,yazılım,0,False
2013/125547,2013,yazılım,0,False
2013/115503,2013,yazılım,0,False
2013/125452,2013,yazılım,0,False
2013/127500,2013,yazılım,0,False
2013/123465,2013,yazılım,0,False
2013/128279,2013,yazılım,0,False
2013/112942,2013,yazılım,0,False
2013/126943,2013,yazılım,0,False
2013/113339,2013,yazılım,0,False
2013/122854,2013,yazılım,0,False
2013/111551,2013,yazılım,0,False
2013/120496,2013,yazılım,0,False
2013/125620,2013,yazılım,0,False
2013/101809,2013,yazılım,0,False
2013/122661,2013,yazılım,0,False
2013/98483,2013,yazılım,0,False
2013/108496,2013,yazılım,0,False
2013/105808,2013,yazılım,0,False
2013/122250,2013,yazılım,0,False
2013/84642,2013,yazılım,0,False
2013/113932,2013,yazılım,0,False
2013/112112,2013,yazılım,0,False
2013/98744,2013,yazılım,0,False
2013/118867,2013,yazılım,0,False
2013/108038,2013,yazılım,0,False
2013/111636,2013,yazılım,0,False
2013/105024,2013,yazılım,0,False
2013/113455,2013,yazılım,0,False
2013/114146,2013,yazılım,0,False
2013/98780,2013,yazılım,0,False
2013/100958,2013,yazılım,0,False
2013/106196,2013,yazılım,0,False
2013/78329,2013,yazılım,0,False
2013/105147,2013,yazılım,0,False
2013/85759,2013,yazılım,0,False
2013/92449,2013,yazılım,0,False
2013/101318,2013,yazılım,0,False
2013/88727,2013,yazılım,0,False
2013/97225,2013,yazılım,0,False
2013/71582,2013,yazılım,0,False
2013/103878,2013,yazılım,0,False
2013/90534,2013,yazılım,0,False
2013/93527,2013,yazılım,0,False
2013/95397,2013,yazılım,0,False
2013/92584,2013,yazılım,0,False
2013/71669,2013,yazılım,0,False
2013/81764,2013,yazılım,0,False
2013/98872,2013,yazılım,0,False
2013/82788,2013,yazılım,0,False
2013/79773,2013,yazılım,0,False
2013/102110,2013,yazılım,0,False
2013/84377,2013,yazılım,0,False
2013/100080,2013,yazılım,0,False
2013/99560,2013,yazılım,0,False
2013/97873,2013,yazılım,0,False
2013/90800,2013,yazılım,0,False
2013/79003,2013,yazılım,0,False
2013/97172,2013,yazılım,0,False
2013/78524,2013,yazılım,0,False
2013/93869,2013,yazılım,0,False
2013/81195,2013,yazılım,0,False
2013/79407,2013,yazılım,0,False
2013/73709,2013,yazılım,0,False
2013/76945,2013,yazılım,0,False
2013/86841,2013,yazılım,0,False
2013/77586,2013,yazılım,0,False
2013/76116,2013,yazılım,0,False
2013/73147,2013,yazılım,0,False
2013/86893,2013,yazılım,0,False
2013/87288,2013,yazılım,0,False
2013/64642,2013,yazılım,0,False
2013/74746,2013,yazılım,0,False
2013/81355,2013,yazılım,0,False
2013/83544,2013,yazılım,0,False
2013/67465,2013,yazılım,0,False
2013/81605,2013,yazılım,0,False
2013/82018,2013,yazılım,0,False
2013/79073,2013,yazılım,0,False
2013/76666,2013,yazılım,0,False
2013/59318,2013,yazılım,0,False
2013/65957,2013,yazılım,0,False
2013/63983,2013,yazılım,0,False
2013/76287,2013,yazılım,0,False
2013/57581,2013,yazılım,0,False
2013/72332,2013,yazılım,0,False
2013/68573,2013,yazılım,0,False
2013/64141,2013,yazılım,0,False
2013/55106,2013,yazılım,0,False
2013/62716,2013,yazılım,0,False
2013/57231,2013,yazılım,0,False
